date,0,1,2,3,4,5,6,7,8,9
2011-05-05,1.0064689016321129,1.008870622377579,0.9987700410754455,1.0008987772971836,0.9985338136612855,0.999253706407831,1.0001776774032665,0.9981871313389591,0.9983320317996881,1.000878784923517
2011-05-06,1.0165643158220556,1.0104112663737768,1.00034076495491,1.0013876093967897,0.9994953370053647,1.0035748552950028,1.0004802758378768,1.0019952332000504,1.0041274844252592,1.0100454074172935
2011-05-09,1.0227093505463685,1.0188160213095578,1.0082768405216103,1.0084300994564404,1.0082781611511824,1.0127096473654538,1.0070447253713273,1.0100516937865927,1.0140223929682686,1.0182440042568728
2011-05-10,1.0218314884428954,1.0257156766424236,1.011684167729616,1.012440281011031,1.0099333279037572,1.0185985332554572,1.0132198993812311,1.015818772472995,1.0248577108715453,1.0258868342203926
2011-05-11,1.0170032468737922,1.034257056812077,1.0013160847298601,1.0118765041839706,1.012935508417053,1.0174150675196607,1.0145264356962183,1.0164271243588425,1.0278452175827706,1.0300350840375703
2011-05-12,0.9832055558900711,1.0213494471333735,0.9896621983306729,0.9982794839171415,0.9955524233575851,1.0049664509478442,0.9976946090245952,1.001662076911462,1.0139773133486858,1.0149465372491628
2011-05-13,0.9845223490452808,1.0359039221939774,0.9971675508668394,1.0076863391893462,0.9990796437428213,1.0066653710914506,1.0051381372640371,1.0081177588892072,1.0227937676833636,1.023409320946306
2011-05-16,0.9919841769248037,1.025492134513707,0.9933760354345275,1.0044286996313667,0.9958662633984966,1.004600884323435,1.0014127108177266,1.006821483229561,1.0189531464101642,1.0175071399440645
2011-05-17,1.0196368331842118,0.9944807747347044,0.9890510449218187,1.0029377944126416,0.98712007178356,0.9988225338640098,0.9962799930194547,0.999134519995795,1.0084122108455582,1.009901927161731
2011-05-18,1.018320040029002,1.00024276504875,0.9926461618092501,1.0090171743494112,0.9880108984531261,1.0024419493770822,1.0015447877415058,1.0033265909247702,1.016147125954822,1.0171586435253812
2011-05-19,1.0051521084769028,0.9960993464104216,0.9781065673364302,1.0021682445901103,0.9821061122814118,0.9926558161162302,0.9949119281635929,0.9966329401522005,1.0127362239875946,1.0075724390534186
2011-05-20,0.9959345563904335,0.9887710562663016,0.9774096656900746,0.9945368686589883,0.9727971882660598,0.9885770384822964,0.9930086182684061,0.9935350120848376,1.008430436840024,1.0089260227246204
2011-05-23,0.9458964164924566,0.9533813248516643,0.9398402671777697,0.9548202943411297,0.9363385241248934,0.9481467501319738,0.9563627293222234,0.9541689233038755,0.97090212093153,0.9721062877743407
2011-05-24,0.9458964164924566,0.9484818228134779,0.9436839829313998,0.9518654399250593,0.9339344122924234,0.9469378254936752,0.9543417842436097,0.9550137237254266,0.967514669089982,0.9701119528423119
2011-05-25,0.9068315528878957,0.8995939314367793,0.9305645027545741,0.9367791449802599,0.919729971048276,0.9352291617660422,0.943464420392276,0.9441391948832069,0.9551684379073261,0.9620439199492835
2011-05-26,0.8962972076462165,0.8899686993004973,0.921241522291617,0.9305710399863539,0.9068400933168301,0.9255329925003228,0.9362159904336416,0.9390258663898121,0.9400532476194929,0.952714593967637
2011-05-27,0.8791788966284876,0.8672467130331276,0.8959556583475485,0.9020758672482951,0.8775530942638963,0.8972770209801675,0.9063610218850668,0.90521134996555,0.9082946584796352,0.9238819824399398
2011-05-30,0.8585491371968654,0.8475857638100093,0.8883286494660761,0.8901826696033445,0.8603800217922565,0.8821670622672354,0.8904962375054644,0.8845992172144758,0.8914827793198549,0.9064921732694918
2011-05-31,0.8752285171628578,0.8459672543373179,0.9035232676867987,0.9053840837330688,0.877500470910933,0.8991532285450649,0.9074854998005772,0.9036975207581185,0.9120976190530125,0.9233453561334983
2011-06-01,0.9625757964584488,0.8228101173258991,0.9127975529785494,0.910939374469347,0.8854797340554534,0.9054257902150566,0.9173001713166014,0.9139496295255856,0.9227707746967776,0.9321936268894482
2011-06-02,0.959942210148029,0.8109197560337351,0.8974052850370932,0.8927503750495488,0.8725538503305252,0.8909520649750062,0.9032152421819144,0.9007330798713986,0.9138068613358914,0.9171735778805123
2011-06-03,0.9713544174931817,0.8201386665820514,0.9068105624081149,0.9064173954092656,0.8850734271624109,0.9025461847569349,0.9173965713983692,0.9169726416877275,0.9257836128220945,0.9179779899750772
2011-06-07,0.9832055558900707,0.8233657980268085,0.9113580077590009,0.9136040412248643,0.8939457311080717,0.9092469248686107,0.9263331264691532,0.9260098691779584,0.9345660310941799,0.9292920496520509
2011-06-08,0.9608200722515023,0.8326309945695013,0.907890586576691,0.9187646310841089,0.89681272223112,0.9086483245595538,0.9319350041092584,0.9313983871828309,0.9406165762077445,0.9331614233622005
2011-06-09,0.9388735196646704,0.8191701010420784,0.8896813747696836,0.901243959380409,0.8772739730820562,0.887897402578877,0.910076604062006,0.9099704120176492,0.9153951197197754,0.9098668012188702
2011-06-10,0.9151712428708919,0.823534555746859,0.8866222651509912,0.9003200323989444,0.8769121460943752,0.886695389388118,0.9102524455794485,0.9109672196279135,0.9191076103987976,0.9089836757376741
2011-06-13,0.8949804144910064,0.8221348596532574,0.8851062481682471,0.8947549291349592,0.8722577864780017,0.8847110465340867,0.9068190584644779,0.9059912103342305,0.9180828001570672,0.9073982384861913
2011-06-14,0.912098725508735,0.8405081420355227,0.8975293321154724,0.9076553955520723,0.8847224286988816,0.8960876544900357,0.9162076519020429,0.9186137486461229,0.9327485169935444,0.9189170714559585
2011-06-15,0.9116597944569986,0.8302932917439175,0.8865755512540342,0.8989563892332906,0.8743223624510982,0.8888753691982434,0.905219960001653,0.9119697653739974,0.9250553848908395,0.9150366639946003
2011-06-16,0.8822514139906437,0.8150410823446265,0.8691354437864456,0.8784356236493545,0.8554627373015973,0.8647481551031874,0.8800006502237117,0.8897078348500398,0.9046588844720131,0.8894496542414928
2011-06-17,0.9353620712507772,0.7892869338621968,0.8598867413508663,0.8680932823531392,0.8434869422752918,0.8519755189421881,0.8665447915731755,0.8764095863789617,0.8900673838320077,0.8759417213805732
2011-06-20,0.8765453103180675,0.7664932218812106,0.8519794913092855,0.8561776052873822,0.8336978420074302,0.8395361129229376,0.8554345749525062,0.865129543521494,0.878738752279612,0.8662084588430836
2011-06-21,0.8730338619041744,0.7788706928401842,0.8625002767234372,0.8631724623204201,0.8456585010020042,0.8489874028705404,0.8682910429244236,0.8791053125783957,0.8911310751550984,0.8756331455213205
2011-06-22,0.8668888271798615,0.7784420350270651,0.8606995956243125,0.862563307752013,0.8436260948590493,0.8470015816672403,0.8656099845279961,0.8783373739375255,0.8917509820147425,0.8743131029590493
2011-06-23,0.9002475871118462,0.790509099400034,0.8784204285953514,0.8785813785284975,0.8594114327559693,0.8608169801695157,0.8800805486745028,0.8925347584870413,0.9073703693218853,0.8865675166965904
2011-06-24,0.9142933807674187,0.807087846847482,0.8946761855913111,0.8943590371404369,0.8768767569062962,0.8820579285558791,0.899364116826646,0.9110737370377112,0.9304968365298977,0.903546176758211
2011-06-27,0.9151712428708919,0.8108649494659622,0.9053287208644781,0.9071521079546562,0.8888989565713826,0.8922972659731695,0.9109763721102054,0.9235343130760632,0.9395122903897996,0.9151865549323365
2011-06-28,0.9397513817681438,0.812188726598009,0.9078647193553072,0.9090657089141779,0.8899329343916811,0.8937898180946318,0.9132497982374884,0.9233059165673588,0.9419589647790926,0.9180504882080344
2011-06-29,0.9147323118191554,0.8014735941706004,0.8997661961518862,0.8988009768711199,0.8807316092526138,0.881286253846085,0.9012085182780085,0.9122315060461411,0.928774735950179,0.9071666127888357
2011-06-30,0.9230720018021515,0.8140064519659904,0.9095465607312222,0.9100771532580252,0.8919727503312803,0.8925944452521641,0.9136613729248695,0.9241946422775528,0.9431763873125066,0.9158903232913718
2011-07-01,0.9336063470438308,0.8042217254002659,0.917077316884809,0.9125075004830786,0.8913550754354242,0.8943629527154594,0.9183854057701706,0.9283680789337844,0.947017180835185,0.9206034006302657
2011-07-04,0.9507246580615597,0.8234068022799123,0.9398818199987162,0.932520829534594,0.9087771309430823,0.9152330830032543,0.9387335225892632,0.945193502034588,0.9709302576523713,0.9386044450798227
2011-07-05,0.9643315206653955,0.8312544613865551,0.9457593543325875,0.9382329820172504,0.9155085138684665,0.9219410552200947,0.9452067050995123,0.9514772850367309,0.9779989911626278,0.9482940008901741
2011-07-06,0.9665261759240787,0.8092173861708495,0.9474056884957384,0.9361257980367502,0.9188611128809976,0.9227772326475664,0.9481841229405393,0.9519123439096472,0.9806252621325718,0.9496033214290301
2011-07-07,0.963892589613659,0.8050582767863639,0.9482173351732561,0.9342152525834734,0.9186010080710391,0.9206316655520094,0.9472097036357794,0.9490596332086118,0.9777587660835816,0.9512661700761318
2011-07-08,0.9445796233372468,0.801695638857275,0.9433877460025795,0.9333695879139942,0.9177853135635594,0.9175002166899122,0.9473718059060977,0.9480043945858772,0.9784630710488201,0.954639046819639
2011-07-11,0.9524803822685063,0.8070424843373083,0.9533776021658702,0.9372787725728214,0.9234597381661156,0.9236551361914044,0.9561113734645185,0.9576965363124191,0.9860226859265843,0.9647333944915116
2011-07-12,0.9283391744229913,0.7885956586615921,0.9411673697894362,0.9204212258866253,0.9055715139279779,0.9083335475740143,0.941917319475959,0.9411140683028544,0.9702192318297841,0.9520824721007379
2011-07-13,0.943262830182037,0.8016792271271377,0.9591708959245201,0.9354073453633512,0.9216577747308471,0.9255621370594843,0.9599749607931684,0.9584785525996994,0.9887059561972558,0.967050913070029
2011-07-14,0.956430761734136,0.8127775696950368,0.9671307852952231,0.9437154490456748,0.9311220553186225,0.9335259100286946,0.9693683836313736,0.9660161791228,0.9974547653262349,0.9754156736679203
2011-07-15,0.9836444869418078,0.8145543447857237,0.9711159178671038,0.9497548913627142,0.9348922475957688,0.9369350470269202,0.9777080421393163,0.9719547631488914,1.0005004148137,0.975420529660573
2011-07-18,0.9836444869418078,0.8114408822607775,0.9746949186179064,0.9502101315402388,0.934886745320923,0.9378723933970232,0.9786962987016781,0.9716034491670978,0.9978941527736086,0.975712052632588
2011-07-19,1.012613936356426,0.8043714969027397,0.9626773464846325,0.9378470483518903,0.9246067339229801,0.929412650134189,0.9681267049701858,0.9628688923682088,0.9865805016440208,0.9675134871046914
2011-07-20,0.989350590614384,0.8027143603330739,0.9638457855950997,0.940505752476531,0.926595422837796,0.930544487908599,0.9703951579739035,0.9614850235085156,0.9853197787297749,0.9693010612330754
2011-07-21,0.9656483138206058,0.7875780877546935,0.9502638175067813,0.9280484285896804,0.9152215435345482,0.9187250008156509,0.9613408569238285,0.9484963773904705,0.9729484065341889,0.9572698776089965
2011-07-22,0.9595032790962926,0.7868662612585706,0.9534861173968725,0.9319479801949361,0.919520905992999,0.9230289440115317,0.9659725553422184,0.9528639438694455,0.9759935854559265,0.95750396059826
2011-07-25,0.9028811734222663,0.7582667147478299,0.9128703172364739,0.8924943415265645,0.8841344297606727,0.8855073381922303,0.9289197002256248,0.9153296813485524,0.9369550741824443,0.9256184819948327
2011-07-26,0.89585827659448,0.7680591013147814,0.9203300032604698,0.895558015649737,0.8873158668105907,0.8878826993139622,0.9329575210063578,0.9192743028961822,0.9456042525784589,0.9306959878741806
2011-07-27,0.9366788644059874,0.7772980083835177,0.9371151717288172,0.9064410226946809,0.9013941434305693,0.9002391952397251,0.9473872867428178,0.933317088514604,0.9587942836085509,0.9410693204963311
2011-07-28,0.9169269670778386,0.7733623241602753,0.9363180065711623,0.9017847102325597,0.898022361437173,0.8981815465806213,0.941503062588944,0.929103080950772,0.9535885379387069,0.9318633649353686
2011-07-29,0.9169269670778386,0.7688653993789096,0.9342783413906323,0.8956361401545236,0.888016118802631,0.8897570796286638,0.9327190827992616,0.9179854976691977,0.9431162781744072,0.9226344904649301
2011-08-01,0.9182437602330483,0.7711944823104151,0.9395039008694941,0.8999332366573105,0.8920375870523293,0.8937988029697029,0.9357415370991129,0.9218530470562044,0.9462724376677653,0.9269480798924495
2011-08-02,0.8923468281805867,0.7623528587795351,0.940193793875401,0.8958932042663638,0.8858880033323218,0.8886260260494057,0.9287753569919055,0.9141616161621837,0.9402203097245622,0.9219077264407441
2011-08-03,0.8949804144910066,0.7679491645398933,0.9465781744440551,0.8984890390680488,0.889578920924288,0.8924807626810424,0.931727312963127,0.9166188320042112,0.9426425769311224,0.9215911658959065
2011-08-04,0.8954193455427433,0.7697657455894082,0.9472863060588288,0.9004012149421106,0.893263722310583,0.8965008716174648,0.9356330946905163,0.9227762978040938,0.9502637820936563,0.9290127108158167
2011-08-05,0.8677666892833349,0.757924868150363,0.9283338911563819,0.8795070974618561,0.874867052368066,0.8778916290378412,0.9136078146918966,0.9032339720636012,0.9309784268900697,0.9093641075611575
2011-08-08,0.7970987899537361,0.7271726241191925,0.8798027334302366,0.8352985189076066,0.8312554418381283,0.8361623066858427,0.8655515593211411,0.8573149290161912,0.8865765287627253,0.8615843871207828
2011-08-09,0.7830529962981635,0.7324477889382863,0.8764539260107285,0.8314502805458226,0.8295584896001706,0.8304541397087387,0.8626168888662927,0.8526445795782589,0.8833699169115665,0.8546521095504629
2011-08-10,0.792270548384633,0.744373161881175,0.8862811984352864,0.8449421638250385,0.8408101718459757,0.8412808421760033,0.8752102270856025,0.8646823556058583,0.8970103286800263,0.866185399609329
2011-08-11,0.8278239635753007,0.7580170221749668,0.904452851378814,0.85895480538798,0.8559461319121209,0.8555704826667525,0.8906544419278191,0.8792721178726339,0.910558082136496,0.8856041473754668
2011-08-12,0.8229957220061975,0.7749289286115,0.9141342650565378,0.8716297744678246,0.8644390529224789,0.8651656381040577,0.8998833611096883,0.8888894461435828,0.9202143513835305,0.8964362935278488
2011-08-15,0.8229957220061975,0.7816275512170399,0.9280130831352048,0.8859841172004098,0.8785258200485464,0.8769034142907455,0.9127234830596782,0.9014158124570625,0.9325203277335009,0.9064696643404566
2011-08-16,0.8374804467135066,0.7740316621788381,0.9192061660141488,0.8794214860145557,0.872262027505186,0.8701452632091625,0.9045708618575178,0.8952623919363352,0.9271318178873723,0.9015956142420634
2011-08-17,0.8260682393683539,0.7769779304825178,0.9186058104739908,0.878326054049216,0.8716151554178468,0.8681620661818051,0.9011433717996581,0.8936417696622735,0.9235588959669356,0.9009901668633014
2011-08-18,0.7909537552294228,0.7579821675401972,0.9016943598672434,0.8621597827905901,0.8559556084192926,0.8540122871049078,0.8850177608896542,0.8779070420845722,0.9096923418035263,0.8875397129837541
2011-08-19,0.7795415478842702,0.7535919340531925,0.8970974237286116,0.8547285066613861,0.8498000744482462,0.8458780323686221,0.8769952239753406,0.8706031306993581,0.8997805071149042,0.8810317743337758
2011-08-22,0.78085834103948,0.758795863579252,0.8928481174851555,0.8540233144069158,0.8465796494498401,0.8410290155588559,0.8718743201327233,0.8664547097985739,0.8956315757086891,0.8764766903854119
2011-08-23,0.7913926862811596,0.774949914399183,0.9113020756847854,0.8711210230975525,0.8607870406362907,0.8545669867591397,0.887167751654745,0.8788622594776729,0.9120151275110004,0.8899668797336326
2011-08-24,0.8023659625745755,0.7683747416113058,0.9110206900337663,0.8697108115449406,0.860886811296345,0.853431896094702,0.8854242952901006,0.8805291532394836,0.910465897463015,0.8892133330512423
2011-08-25,0.816411756230148,0.7817767301866103,0.9254746030741154,0.8849445655313143,0.8747316957791398,0.8689446094396582,0.9042604041803756,0.8979187972812993,0.929170731123575,0.9059835758436686
2011-08-26,0.8260682393683539,0.7797052308537255,0.9311861656263916,0.8898562585849665,0.8802370544547896,0.8716168728205447,0.9064166161028511,0.8999994193637331,0.9308602813773856,0.906913348447926
2011-08-29,0.8471369298517126,0.7765746160921303,0.9283936088375325,0.8829658282573077,0.8750369367858016,0.8648328031099471,0.8986714133252516,0.8929269212492008,0.9235415308295313,0.8989635446864969
2011-08-30,0.8405529640756632,0.7755790258704816,0.9141404741465771,0.8763450524688783,0.8674820351046321,0.8560450122515536,0.8934644491263766,0.8855834869308502,0.9147033247868337,0.8907443962829031
2011-08-31,0.8243125151614075,0.7658603623727561,0.9074827782298884,0.8719886146538108,0.8652437727228672,0.8517560320952499,0.8899704439836438,0.8840068986088611,0.9091535291478124,0.8920265883144872
2011-09-01,0.8067552730919418,0.7694310724976446,0.9033116896277863,0.8655992502839368,0.8600902993012673,0.8447395250501858,0.8844693705100852,0.8794768535016614,0.902503416946586,0.8872519738356798
2011-09-02,0.8133392388679914,0.7500165766531973,0.8932464640439256,0.8568392118082958,0.8485389519118761,0.8362762113612956,0.8741666043783699,0.8686252906325906,0.8928767658932949,0.8777651872216139
2011-09-05,0.8133392388679914,0.7350570821988063,0.8741353115108085,0.8370839956489883,0.8290487114633209,0.8162083316985149,0.8517123084151791,0.849199657221994,0.8744482744549007,0.8619853002726244
2011-09-06,0.7720797200047473,0.7288321277427307,0.8656506432178531,0.8296848743189129,0.8246129281859514,0.8100768419531228,0.8472148899498876,0.8443379111222149,0.869566799249618,0.8582816592051917
2011-09-07,0.7878812378672665,0.7459186778787792,0.8873696337538973,0.850116264055861,0.8433847845510927,0.828903340109371,0.8678287472979435,0.863678757291775,0.8896752287226484,0.8769535741846601
2011-09-08,0.8313354119891935,0.7337240437979858,0.8796276375127255,0.843018519444817,0.8352148897388237,0.821962772490726,0.8606453351174318,0.8537648318467389,0.8817876574502638,0.8683413967541532
2011-09-09,0.799293445212419,0.7302181112640084,0.8764875721404833,0.8380557242837967,0.8294406069316607,0.8180456701494798,0.8574649095355351,0.850643528120108,0.8776484251883786,0.864177378214201
2011-09-13,0.7769079615738502,0.7185026560821447,0.8611540358448387,0.8247010640543321,0.817214959830487,0.8056163807846646,0.8452129992599065,0.8386640753838798,0.8619548011726232,0.8528254163411001
2011-09-14,0.7852476515568464,0.7299927352794987,0.8721547815215631,0.8347133154542169,0.8264287622595973,0.8157247819995957,0.8542213114278527,0.8472462085277084,0.8736520767459559,0.8612795573013626
2011-09-15,0.785686582608583,0.7288673815619233,0.8745729104526905,0.8368488241700401,0.8274064077583567,0.8164570098051379,0.8544062171425689,0.8493479117845286,0.8733679673838639,0.8602473473773649
2011-09-16,0.7777858236773237,0.7279991845679583,0.876037170007967,0.8358716817514692,0.8269892449319762,0.8168367785153711,0.8545320822171826,0.8498844900673057,0.8754591585805309,0.8643386231210152
2011-09-19,0.7668125473839076,0.7112958901180902,0.8578309952410156,0.8195072676370617,0.811101848857876,0.8010434608638525,0.8386412887005811,0.8353137286922869,0.857907111026524,0.8492687880538154
2011-09-20,0.7619843058148046,0.7149623847154309,0.8620966062701488,0.8228270122524675,0.8144776266037275,0.8042069412910846,0.8437179823260715,0.8390973001789852,0.864053132011697,0.8524142534304132
2011-09-21,0.7865644447120564,0.7331642552574071,0.8859120218479568,0.8457800292063299,0.8347495787824478,0.8272212610773665,0.8667808193712235,0.862750594075998,0.8885821953182083,0.8733280654848922
2011-09-22,0.7641789610734877,0.7121337362842365,0.8583982520013215,0.8244559847098987,0.8125152390566417,0.8053900281960031,0.8428405092128841,0.8405495131393476,0.8653331811201008,0.8548301958691658
2011-09-23,0.7510110295213887,0.7046853924716893,0.8479065465741614,0.8186028030471273,0.8053378855442122,0.7988706042777047,0.8331490675980481,0.8345009649242136,0.8569263205437753,0.8523609977358807
2011-09-26,0.739598822176236,0.6871535607308692,0.8340035877384648,0.8079020703589981,0.7889823127534831,0.7860656033314171,0.8204446603695024,0.8217814730760724,0.8374175216596691,0.8384881083894716
2011-09-27,0.7426713395383924,0.688101898941211,0.8361642530547134,0.8095072803214524,0.7921184858619102,0.7875560966146646,0.8222220757899403,0.8256612773779164,0.8414800597632377,0.8423116701024776
2011-09-28,0.7145797522272477,0.6742798609752477,0.8247232522597975,0.7956781174889833,0.7771842014830146,0.7740725267646419,0.8076888154116035,0.8132260874702358,0.8270007175192398,0.8275880575007792
2011-09-29,0.6812209922952631,0.6620352173435472,0.8001638222377015,0.7666735007130268,0.7529624548602636,0.7511934171575414,0.7795763459736743,0.7921874327829928,0.7995373541370228,0.7998918652839593
2011-09-30,0.6649805433810074,0.6651785949337549,0.801946042137136,0.7661511333643648,0.750130821611546,0.749427486644541,0.7752339409538364,0.7906453881756651,0.7967733142896865,0.796419992292409
2011-10-10,0.6689309228466371,0.6648839175386376,0.7979482671371803,0.7619828562745254,0.7458431550661404,0.7458872919385865,0.7718195100415387,0.7881785326689517,0.7933365006178779,0.7932663317835965
2011-10-11,0.6684919917949005,0.6625419438865777,0.7966200582509969,0.7588165918799775,0.7416887841091916,0.7431338595390469,0.7719570154965985,0.7863869799782298,0.7924396885732785,0.7947537464339955
2011-10-12,0.6935110617438889,0.6820064399771446,0.8250528190881556,0.784941391933272,0.7667416814922807,0.7668447709745677,0.7972668026235585,0.8126083283926111,0.819307458865,0.8177211196573705
2011-10-13,0.7066789932959882,0.6896537770638971,0.8342230400702977,0.7952129956629794,0.7774457783875887,0.7751941939763325,0.8080439980433989,0.8217066526469397,0.829121527994566,0.8257967933491328
2011-10-14,0.6987782343647286,0.6859719874310062,0.8312328157118349,0.7919597025804753,0.7745555487570428,0.7717422748892663,0.8040122659338476,0.8168950685290727,0.826817108763395,0.8239296052641213
2011-10-17,0.7084347175029346,0.6875451830222493,0.8364395876225659,0.7928393115668626,0.7777479382090671,0.774980434592476,0.8076070562195062,0.819580026274577,0.8296682816163325,0.8285604104475713
2011-10-18,0.7101904417098811,0.6652987587789966,0.8116806767013796,0.7701893405416894,0.7576373613956934,0.7529500050233353,0.7830687117555548,0.7944859223147156,0.8027541809192182,0.801226313845512
2011-10-19,0.6939499927956255,0.6575554299330099,0.8078400456233585,0.7664882034563905,0.7528196471016759,0.7485686661286515,0.7796675348326243,0.7925249726226135,0.7992822428223879,0.7995169475819315
2011-10-20,0.7058011311925146,0.6420477295857681,0.7822313233116394,0.7447930280442956,0.729654876272572,0.7282359248193738,0.7577723952515972,0.7708480681009369,0.7773179369530597,0.7791510938342201
2011-10-21,0.6706866470535837,0.6271942180869784,0.7710485110942661,0.7319512303841079,0.7182482318081123,0.7157331298787717,0.7430534257398241,0.7592476393531489,0.7616012852658869,0.7704274752939125
2011-10-24,0.6627858881223243,0.6307259855019768,0.7860817831514932,0.742672594155185,0.7297028898858962,0.7269687689499488,0.7559179741163644,0.7730131404542488,0.7765004525179043,0.7810512770917933
2011-10-25,0.6759538196744234,0.6483658649820297,0.8063036202246029,0.7628465506871394,0.7487126909200396,0.7466954141831035,0.7755917026488204,0.7922328295234597,0.7959998380801319,0.7978091572276361
2011-10-26,0.6834156475539461,0.6595776607665504,0.8118484653982674,0.7689462907226646,0.755895701719848,0.7535350638256814,0.7819123032467509,0.7994083256992949,0.8018232253095311,0.8036429455850529
2011-10-27,0.7518888916248617,0.6613296617872243,0.8142042625189341,0.7689140113268543,0.7556366617990244,0.7558651148845198,0.7829359694267227,0.7995212044011061,0.8016075408473173,0.8036303165716132
2011-10-28,0.7659346852804343,0.6770147859287983,0.8291268380603812,0.7863772352351741,0.7703471551501739,0.7716160268331155,0.7997940376359771,0.8144413886724332,0.8186168117529437,0.8185567987542678
2011-10-31,0.7523278226765984,0.6836491304488226,0.8371871946964337,0.791257585239801,0.7753304985965801,0.7767979721950302,0.8040105394260055,0.8184988358074243,0.8222678151225211,0.8200617438352235
2011-11-01,0.754083546883545,0.678302077510454,0.8390211906433143,0.7910348832715631,0.7781104782553675,0.7774517918391288,0.8043197268825352,0.8193348170040565,0.8215718541663133,0.8179089315988515
2011-11-02,0.7760300994703769,0.690537468216062,0.8532973057516567,0.8057721021680442,0.7933983450101403,0.7914943526180429,0.8163891433743414,0.8316800113827281,0.8326247631276432,0.8274388445320746
2011-11-03,0.7817362031429533,0.6933458220260356,0.8601890940892523,0.808548118975969,0.7980611742759972,0.7960608074253117,0.8212214031354838,0.8361208966335913,0.840377778891583,0.8346730931580058
2011-11-04,0.811144583609308,0.6985459542659499,0.8661671975416119,0.8147573154448375,0.8048745694488,0.8020817636617015,0.828286928206253,0.8430231629238014,0.8457513731773195,0.8394657628078663
2011-11-07,0.7878812378672662,0.6932454377899319,0.8615264416886801,0.8143186051324208,0.802699793137502,0.79968441914731,0.8249057294862702,0.8402490983457304,0.8439556034011936,0.8380273751514553
2011-11-08,0.7725186510564838,0.6827049159421941,0.8522584181001824,0.8008697928782456,0.7934035361646072,0.7924481492796217,0.8159433754017431,0.8317430047611151,0.8360196009416779,0.833634122308717
2011-11-09,0.7896369620742129,0.6948817448580188,0.8676501304992336,0.8138466092234535,0.8049751861456567,0.8054984725889882,0.8276598695783486,0.8444841966152654,0.8474547731723006,0.8419920326727584
2011-11-10,0.7953430657467891,0.6838066754536195,0.8538615083551826,0.8030390147721365,0.7949162620249379,0.794221224682568,0.8174767659705318,0.8310594916476288,0.8359804358703476,0.8310560573546248
2011-11-11,0.789636962074213,0.6824173992747855,0.8544812438435749,0.802848087853294,0.7946797039487364,0.7949309478972358,0.8187738455051603,0.8320955623602851,0.8368126823232459,0.8310788007047794
2011-11-14,0.8107056525575718,0.7032642008584746,0.8777762240871891,0.8218813302875423,0.8137295259885958,0.8153696030106301,0.836433891789369,0.850296765023539,0.8566725037464347,0.8486523474854861
2011-11-15,0.8041216867815221,0.7069792302079125,0.8873409406593553,0.8271946490793886,0.8198151432388407,0.820610409396863,0.8414329985569743,0.8585149152478845,0.8633729786695684,0.8548714913372492
2011-11-16,0.7694461336943276,0.690673919249506,0.8648758107087154,0.8058687829321575,0.7997672941860695,0.8017038778625911,0.8219755730101611,0.838066195223038,0.8429957444011749,0.8366550931507012
2011-11-17,0.765495754228698,0.6845544760918215,0.8632795931981823,0.8068271500864306,0.8003906901121776,0.8018799914659759,0.822222011447084,0.8376276160559176,0.8441649782536532,0.8392205856344108
2011-11-18,0.765495754228698,0.6624012775799786,0.8405313837427675,0.783462852738279,0.7779764547019028,0.7807874809117199,0.8002657833045087,0.8157156065113672,0.8223478463728033,0.819618799607531
2011-11-21,0.7374041669175531,0.6649055417179949,0.8415133405848284,0.7842951780438686,0.7798970735008085,0.7818786269803335,0.8008290929666484,0.8179067258417422,0.8210959125857641,0.8197636215174401
2011-11-22,0.7211637180032974,0.6671555126992647,0.8378554619547603,0.7827781286121178,0.7796999749219736,0.781485418065794,0.7998722699328068,0.8156450402100974,0.8191678886374373,0.8200629805438364
2011-11-23,0.7527667537283355,0.6584451295719266,0.8363789795336503,0.7794914470389315,0.7750814455872003,0.7779658854125737,0.7969084884905042,0.8124173314568048,0.8146937871747109,0.8148316232687556
2011-11-24,0.7466217190040225,0.656606570354451,0.8344959543016663,0.7771825715613099,0.7745562329715722,0.7758394705629034,0.7970283127731917,0.8106628497949072,0.8126239674397653,0.8146827997068707
2011-11-25,0.7233583732619806,0.6500786489693514,0.8279901966223863,0.7727675630597817,0.7687100650583244,0.7699315427652059,0.7914305444698888,0.8049861065605907,0.8086232632672706,0.8112695176601482
2011-11-28,0.7150186832789844,0.6497614289374288,0.8293485238902978,0.7730313274988017,0.7697088711018587,0.7709571512099155,0.791281786466665,0.8050650378989833,0.809551542528738,0.8077721710109299
2011-11-29,0.7865644447120566,0.6603020792954717,0.8452977617466431,0.7850985848086759,0.7819038979723664,0.7825920525605281,0.802693246501721,0.8163453875835682,0.8224181272352088,0.8160629768943524
2011-11-30,0.8624995166624949,0.6279259632324322,0.8092095756863997,0.7536294997867605,0.7483611354374106,0.7505089873259375,0.7705436788572492,0.7817865312258455,0.7885337944027451,0.7850040456986146
2011-12-01,0.8624995166624949,0.6406336446005612,0.8256883295901034,0.7685371087114318,0.764045627101079,0.763433066984581,0.7858361031772517,0.7965900355822828,0.8017863317299031,0.7988034035315185
2011-12-02,0.8765453103180673,0.6295338008265248,0.8108573905064874,0.7500619984965073,0.7491169389993113,0.7483119804529712,0.770455565280671,0.7817008363268264,0.7862737700583996,0.7840385253438785
2011-12-05,0.8427476193343463,0.6124288301627361,0.7885136628043086,0.726397499698617,0.7270574683190244,0.7246082205181044,0.747864142011242,0.7582127668027118,0.7618015344518848,0.7576579263904513
2011-12-06,0.8717170687489643,0.6139584983166714,0.7899292353750071,0.7258644827496654,0.7270126027264436,0.7231029284218785,0.7474849433478787,0.7564282844018917,0.76076384060937,0.7576972685903225
2011-12-07,0.9129765876122083,0.6186426886413238,0.79340021958509,0.7280418320277358,0.7290630911193522,0.7248252080688807,0.7498557563733868,0.75700173786484,0.7633932999568852,0.7589568866667207
2011-12-08,0.9041979665774756,0.6207371730879808,0.7934311610961893,0.7293211157115657,0.729618431894168,0.7246025925810122,0.749109149256831,0.755134090709316,0.762577513928662,0.7577872919625575
2011-12-09,0.8690834824385446,0.6186491043727788,0.7881986077052716,0.7228120148140873,0.722605528002919,0.7176314127047293,0.7421751586843164,0.7462350650484016,0.7526968747461484,0.751074620786068
2011-12-12,0.8756674482145942,0.6099721853761578,0.7770143997362041,0.7144863412231875,0.7129823655680508,0.7082880107952328,0.7334782580420904,0.7358311727865413,0.7432642994098881,0.7423198303488426
2011-12-13,0.7883201689190031,0.5852053932892051,0.7507959061430065,0.6875059979970585,0.6883511997636865,0.6847077711733153,0.7080281164510567,0.7102157304747972,0.7198046694277297,0.7162927784050417
2011-12-14,0.7466217190040225,0.5787553647818608,0.7339097411940445,0.6739230200640403,0.6760811303641575,0.6731001991561831,0.6945131852851257,0.6957972496558862,0.7051515892303387,0.7035370195963685
2011-12-15,0.6720034402087939,0.5682567316428716,0.715922841353465,0.6548907410956576,0.6572558485891704,0.6560716794081426,0.6760766959371327,0.6773581431000846,0.6840363353580459,0.6794592830884082
2011-12-16,0.6891217512265229,0.5909990612748325,0.7357416624640656,0.6724990780258799,0.6743062127105204,0.6725872364440315,0.6924489545833235,0.6935389676325843,0.7025052893879464,0.6929844878383653
2011-12-19,0.6698087849501109,0.5936290770141964,0.7362532447890368,0.6742597678287505,0.6763424140268725,0.6732258896496951,0.6914322773114031,0.6928945541845338,0.7058458179548934,0.6939682484039575
2011-12-20,0.7369652358658165,0.5884581453753447,0.7320984317489297,0.6710468251439314,0.6743264489343855,0.6705022323463997,0.6898035477532062,0.6923086200349999,0.7065806089394859,0.6926257864374847
2011-12-21,0.730381270089767,0.5730695149689644,0.7144000643328223,0.6545356695994634,0.6583235577470893,0.6554133617282558,0.6737084114991854,0.6766529314868879,0.692694207247333,0.6759646469591517
2011-12-22,0.7413545463831831,0.5698733560109221,0.7027878479035443,0.6439531664090865,0.6475290506323914,0.6452971714114557,0.6632847690465146,0.6650381678417014,0.6858287755874878,0.66287113355118
2011-12-23,0.7251140974689275,0.5780910917513155,0.7086646813352484,0.6493508298422892,0.6524077791958941,0.6498196987255039,0.6690807936815789,0.6714208946542648,0.6931422750701223,0.6665920713660413
2011-12-26,0.7251140974689275,0.5784427740855959,0.7034918575435667,0.6441730328577241,0.6472667316989733,0.6453496944828229,0.665147237283687,0.6674710913855773,0.6881565710522313,0.664949798768327
2011-12-27,0.6544461981393287,0.5609503176413353,0.6822759310773145,0.6270210834715926,0.6303497448242819,0.6280595692844353,0.6479037477320619,0.64884079059632,0.6702555969415761,0.6501528765586069
2011-12-28,0.6619080260188516,0.5603971268924168,0.6776167454677071,0.6217292001368842,0.625246551449507,0.6251561585946444,0.6443224099199518,0.6444016498159503,0.667962060780045,0.6470076052898205
2011-12-29,0.664980543381008,0.5612994532915743,0.6776886022397008,0.6219449786948241,0.6253090572154318,0.625506669083044,0.6446252790480475,0.6445918339565941,0.6691139975744596,0.6464532757963009
2011-12-30,0.6698087849501111,0.5717049885069077,0.6898254260829358,0.632720427099106,0.6351879809646352,0.6346613015459464,0.6561210348527466,0.6546077340437069,0.679003873598877,0.657582176647469
2012-01-04,0.6592744397084317,0.5589294319431544,0.6712637256054206,0.6183830198114052,0.620950404913389,0.6195680672777458,0.6400693857085434,0.6400092991025209,0.661982149617812,0.6442508741944935
2012-01-05,0.6052859203448251,0.538089406470323,0.6447638269024273,0.5919786310070044,0.596998898075888,0.5956244665361463,0.6140381395301425,0.6159559859317477,0.6383522693321845,0.6246546487351531
2012-01-06,0.6127477482243479,0.5402720545169739,0.6482616027436066,0.5938148705968751,0.5983266670074633,0.5981436590101923,0.6163090159013368,0.6180743781228417,0.6391464875711133,0.6282148767192218
2012-01-09,0.6338164387077064,0.5651304902037633,0.6715294559475358,0.6166274259324903,0.6221127820868615,0.6213419329131421,0.6402956581931565,0.6429607380877709,0.6632442908770921,0.6519622625952342
2012-01-10,0.6649805433810078,0.5874323559828218,0.6971155826728834,0.6415217837532983,0.6462157101684604,0.6454360280127232,0.6659660216020288,0.6690383196545601,0.6894902063628849,0.6747598814996291
2012-01-11,0.6737591644157405,0.5877749556545828,0.6977230816281357,0.6417923262512197,0.6475638768807579,0.6459964111315478,0.667320455273695,0.6696585582682953,0.6922008867981951,0.6774029960398903
2012-01-12,0.6935110617438892,0.5878467076658385,0.696606771623732,0.639343427611018,0.6460338864726446,0.6440827343014828,0.666561273705306,0.6701150651837328,0.6923529212366463,0.678742830497775
2012-01-13,0.6553240602428017,0.5723795410259032,0.6696657227033448,0.6135109939438965,0.6233793354218629,0.6212981742599823,0.64380824247343,0.6480987315846755,0.6698760904522727,0.6601808354521307
2012-01-16,0.602652334034405,0.5583133997781152,0.6459110331655166,0.5943549791693143,0.6040607997739996,0.6021682479647377,0.623854468395259,0.6282498400667592,0.647854400197829,0.6431262477265667
2012-01-17,0.6395225423802826,0.5902964071416492,0.680188161618354,0.6252643526155212,0.6342891068523183,0.6332357931538632,0.6563398477501561,0.6634250496622046,0.6828235252076794,0.6748007655033119
2012-01-18,0.621965300310817,0.5821622929445146,0.6629325102001984,0.6124190832290114,0.6191449424024936,0.6191704249909474,0.6430288781236181,0.6512267497012211,0.6698547773174969,0.66289249875847
2012-01-19,0.6342553697594429,0.5886019785693885,0.6690193415297858,0.6163349344118123,0.6239112681924376,0.6245248615202816,0.648874166932442,0.6558451243577238,0.677899811664012,0.6673692593953029
2012-01-20,0.6421561286907022,0.5980918667495094,0.6804513770137475,0.6249363844056431,0.6326824998351482,0.6326825618651913,0.6573689285827017,0.6634526776733973,0.6858192796275742,0.6753882981602715
2012-01-30,0.644789715001122,0.5899252967694683,0.676593092727941,0.6237784133819941,0.6291125072838802,0.6298019089500617,0.6531456053998919,0.6596225334286993,0.6806247005284138,0.6706777407398468
2012-01-31,0.6386446802768091,0.5895882189311754,0.6769785896991845,0.6250663368153869,0.6301650681025752,0.6312235987920758,0.6541523013636351,0.6628467286450506,0.6836267486892399,0.6744914088325287
2012-02-01,0.6667362675879539,0.5844361555655281,0.6732725466359577,0.6214282118739298,0.6256772029622848,0.6260694830503923,0.6497332302592429,0.6579789229847187,0.6770393767185829,0.6719928777366169
2012-02-02,0.6684919917949005,0.5991787022379219,0.6870456352675014,0.6326012808197906,0.6377880133860421,0.6378578608586404,0.6622814747652598,0.6703463776401986,0.6892510453421169,0.6839139467156559
2012-02-03,0.6698087849501104,0.6084177816662366,0.700392979448058,0.6443176297245018,0.6483927107903159,0.6489329537859436,0.6731217849341729,0.6804202745967443,0.6990269905439712,0.6937550925855457
2012-02-06,0.6781484749331066,0.6039391375970059,0.7066882900719136,0.6488444911728504,0.6537211101466663,0.6550916750425174,0.6789372807546032,0.6864947424418053,0.7065730618953009,0.7015696605051622
2012-02-07,0.6698087849501104,0.5984211689832111,0.6955183712836246,0.6381736346761857,0.6426719007919456,0.6443680597469605,0.6681181404591812,0.6740093425371908,0.6935434410942193,0.6922378762359956
2012-02-08,0.6812209922952631,0.6177908561984127,0.7133872894487313,0.6547118349228117,0.659326667465011,0.6605812716971884,0.6860986858230209,0.6910481715226421,0.7110238531500026,0.7068994280192551
2012-02-09,0.7198469248480872,0.6299101059374473,0.7182828748139912,0.6610252088731696,0.6641381436718283,0.6654966689615291,0.6896676524076192,0.6957911639240696,0.7150789557565133,0.7082802585899102
2012-02-10,0.7036064759338319,0.6374876765972448,0.7245971350839883,0.6652345169159243,0.669628656425787,0.6697228867132612,0.6926465121891975,0.6994958616040641,0.7197102859126294,0.7086061939728662
2012-02-13,0.7079957864511982,0.6437799361559754,0.7321228319055487,0.6720641570027871,0.6773636745110341,0.6764027097260759,0.6988603947139811,0.7068129500227686,0.7273392406584089,0.7146909738818288
2012-02-14,0.696144648054309,0.6409291448020866,0.7315955902651795,0.6740408594072285,0.6786096703661476,0.6759559881588523,0.6998683853740942,0.7096343669756812,0.7283993326414362,0.7196901940326648
2012-02-15,0.7009728896234121,0.6490743526962213,0.7427852314901374,0.6838127493499602,0.6889518481606173,0.6883150624165889,0.7117853692127895,0.721574178562933,0.7401253840066748,0.7334552742630029
2012-02-16,0.6970225101577822,0.6460527998126757,0.7443706321493713,0.6839018601448196,0.6892092099407405,0.6878651974178435,0.711878699849757,0.7213848918520915,0.741459783917434,0.7315556675446644
2012-02-17,0.7150186832789844,0.6441801870006582,0.7423994746827098,0.6830710314771683,0.6874523343963961,0.6856609704788663,0.7087076502679428,0.7172528109675664,0.7380851582335223,0.7287007495652764
2012-02-20,0.7066789932959884,0.6470199575958605,0.7457921567487701,0.6863291350104597,0.6888054033418487,0.6860236523845392,0.7108800741397671,0.7162876154844781,0.7376040016457389,0.7332203496372575
2012-02-21,0.7088736485546714,0.6557324780059175,0.7530870323549841,0.6949561218824144,0.6967783993529866,0.6941853185579261,0.7180942336539657,0.7242027703493303,0.7453458357654781,0.7372473379854533
2012-02-22,0.7325759253484501,0.6712905403036133,0.7714122345268628,0.7089354740754035,0.7091088877578129,0.7083066278983748,0.7306804393006918,0.7363630288534034,0.7569715962970949,0.7464001297328847
2012-02-23,0.7246751664171904,0.6763006958828073,0.7736700682101748,0.7090370409544263,0.7112798364818067,0.7097064785542315,0.7322566120393348,0.7382001312459814,0.7594729681257344,0.7452615343404783
2012-02-24,0.7343316495553966,0.686878223042705,0.7842703725043185,0.7195734249958526,0.7200562923407007,0.7187105749564585,0.7419867651870655,0.7476149525356781,0.7691148839452402,0.7538408962554565
2012-02-27,0.7382820290210264,0.6863430642410546,0.7866196539055225,0.7198069546273119,0.7223622051224964,0.720821770496186,0.7423328751638373,0.7493769081571704,0.7706951683369118,0.7545858042478216
2012-02-28,0.7224805111585073,0.6838469599079948,0.7792162109675005,0.7141653935605935,0.7188574707627873,0.7160444117126584,0.7376500554491745,0.7467450386685364,0.7694382242743182,0.7513406131023694
2012-02-29,0.7277476837793472,0.668384721810836,0.7701789660845187,0.7036851150578195,0.7112699174051889,0.7067738778675905,0.7283797152087843,0.7396394065046821,0.7590056327653929,0.7432945313782557
2012-03-01,0.724236235365454,0.671099446347876,0.7747147034160917,0.7083180804942958,0.7160028917472097,0.7101927381044753,0.732266175520958,0.743127450073643,0.7623570959622918,0.748569077208979
2012-03-02,0.7391598911244996,0.6898243839833378,0.7918567374781599,0.7230123589924234,0.7296073445111917,0.7236183816272698,0.7453983318508152,0.7563338709707811,0.7765127749281115,0.7592572507270666
2012-03-05,0.7540835468835453,0.6922477018924785,0.7925584223035219,0.7256877707888151,0.7314891848847279,0.7237167735398663,0.7470821450188581,0.7584883163644136,0.7782631709124926,0.7613696686156467
2012-03-06,0.7352095116588698,0.6905442691476038,0.7889027052846501,0.7199577388131685,0.7253137827533132,0.7176519106314453,0.7390423458262689,0.7518249521104452,0.7702626744951381,0.7579809474325814
2012-03-07,0.7268698216758737,0.690569856610657,0.7863673265114641,0.7204812504152286,0.722620046494814,0.7139581128462923,0.7347910726467799,0.7453533774616055,0.7650848342124353,0.750893738152606
2012-03-08,0.7321369942967133,0.7034613323546057,0.7970438364927166,0.7305860531262965,0.7317411317971457,0.7238105169114499,0.7450345329670647,0.7562286609675353,0.7748094250123907,0.7615156374212577
2012-03-09,0.7404766842797094,0.7124567041183775,0.8086954462040601,0.7394708519813084,0.7410182854241376,0.7333873608855265,0.7551705174201847,0.7676043405022763,0.786539441698677,0.7745790640036448
2012-03-12,0.7637400300217513,0.7078229964360947,0.8167539782167118,0.7414839244742445,0.7465471717735551,0.7368609148624513,0.7597615224640999,0.7726533430027216,0.7886400073633971,0.7789002793045472
2012-03-13,0.759350719504385,0.7115710534684889,0.8230747566120125,0.7491754351091332,0.7522035930131951,0.7440837070952729,0.7680551823848242,0.7790402719611865,0.7947075963743006,0.7862036233579348
2012-03-14,0.718091200641141,0.6792348612241819,0.7816483791986603,0.7142901672160505,0.7182202751107185,0.7121986653883775,0.7329360624644976,0.7460667450865311,0.7622353565303328,0.7554125264713163
2012-03-15,0.7031675448820952,0.6677946936425146,0.771586546638302,0.7049231671134341,0.7096752192168009,0.7040098926177464,0.725009034614792,0.7385409877767098,0.7504561127226287,0.7488359806984175
2012-03-16,0.7207247869515608,0.6874025582823474,0.7905317052595943,0.7223403569256356,0.7269039944898502,0.7216026882613361,0.7432485372680272,0.7566000296111102,0.7674856488196202,0.765119597115708
2012-03-19,0.7259919595724003,0.7005129976002723,0.7992375984365288,0.7325209561343607,0.7368520461075782,0.7310384105519113,0.7535739684949089,0.7661179242133519,0.7769937565772314,0.7787858473559193
2012-03-20,0.704484338037305,0.6855363649039939,0.7866553107815323,0.7161502108997047,0.7217265146152165,0.7164149650068701,0.7373661311066849,0.7504899959260136,0.7614562933542683,0.763195907202105
2012-03-21,0.704484338037305,0.6867980204181565,0.7894742370444948,0.7168501180152499,0.723995808708879,0.7182524528007983,0.7405396772483341,0.7547896739204473,0.7660816584488975,0.7637447194539657
2012-03-22,0.704484338037305,0.6913083004948045,0.7889789086338858,0.7161919729564755,0.7224260786935105,0.7161886527668314,0.7372891460081907,0.7526916420635358,0.7641973353119568,0.7610731532570201
2012-03-23,0.6825377854504731,0.6753429352071759,0.7719193607119151,0.7034202969718858,0.7094952563109741,0.7043925736161376,0.7231240064849246,0.7396452205331681,0.7505432253509189,0.745072781343045
2012-03-26,0.7036064759338319,0.6730915235146405,0.7721616072959046,0.7023647506454428,0.7086791573602454,0.7032378317727233,0.7213150177505332,0.7401789721334547,0.7491743176535908,0.7455762454103962
2012-03-27,0.694827854899099,0.6697254999874467,0.7685890296759056,0.7001453124774977,0.7057619131235413,0.7016075485251158,0.7185491679254479,0.7392682617679421,0.7465965380647773,0.7381735637920442
2012-03-28,0.6491790255184886,0.6397666341730733,0.7344711788699404,0.6647437253019696,0.6756987675731899,0.6703292393655538,0.687574079492859,0.7078171976084332,0.7136091439099375,0.709557171288342
2012-03-29,0.6316217834490231,0.6308750667298973,0.7222202459543813,0.6528070940064405,0.6640476578285147,0.6589598162225598,0.6757542941465985,0.6966732100362426,0.6988831702331871,0.6962171622963216
2012-03-30,0.6324996455524966,0.6308472160676692,0.7205776604955662,0.650711103594821,0.6628441934938138,0.6559725674320646,0.6732093430813192,0.695031188028851,0.6958908386655103,0.6936248097719481
2012-04-05,0.6439118528976491,0.6474940375599738,0.7417329168990021,0.6700910973092059,0.6834900766531605,0.6756723652292801,0.6930046845425135,0.7150424643355806,0.7171582000467442,0.7097022353803458
2012-04-06,0.6469843702598055,0.6454634353890074,0.7469158023215452,0.6766525934786509,0.6892092688904551,0.6822779507943176,0.6979153641384805,0.7184403204931591,0.7225849115244766,0.7128784596601855
2012-04-09,0.6483011634150155,0.6400410041512271,0.725824272246379,0.6665018679957624,0.6804885785463952,0.6753965022603453,0.6885912172199397,0.7125059200992435,0.7165686651486884,0.7029411203917613
2012-04-10,0.6491790255184888,0.6481707333369613,0.7341046443616956,0.6744585007911871,0.6881931047046614,0.6835637325857431,0.6950545158512644,0.7217393002520301,0.7223166719397968,0.7110221219668974
2012-04-11,0.6522515428806451,0.6483075002490489,0.7417334029431466,0.679833504020868,0.6909542324043195,0.6839721662370772,0.6991143288724587,0.7266558526155447,0.723849753287594,0.7169936554153438
2012-04-12,0.68034313019179,0.6590058643261956,0.7541862691503585,0.6894338760200899,0.7051447033724778,0.6986655944182443,0.7137259069927744,0.7405926187795894,0.7374582448645597,0.72959830097367
2012-04-13,0.6698087849501108,0.6582219691765847,0.7581087118294115,0.6937600302916084,0.7118915370024969,0.7010776685506088,0.7204755198611562,0.7461499379823325,0.7432219877899069,0.7371306939495093
2012-04-16,0.6658584054844809,0.6668983381738004,0.7612813887828439,0.694091993728114,0.7129048969196333,0.7017185047289459,0.7216008734925593,0.7501115247728231,0.7413030453337447,0.7399328219353543
2012-04-17,0.6689309228466375,0.6565194742600592,0.7428928221281286,0.6841668404490148,0.6997058859469459,0.6917641698741473,0.710999969863577,0.7405543062614948,0.730386225254419,0.7306848068384456
2012-04-18,0.6763927507261602,0.6716579502784071,0.7598840135900381,0.6982308671709445,0.7150267482301358,0.7049475334958745,0.7265239406712048,0.7554611538137901,0.7455398217963912,0.7448198749259091
2012-04-19,0.691316406485206,0.6707820936955607,0.761932134564472,0.6978633917000636,0.713370174585721,0.7033416527778801,0.7251321931738297,0.75511402248984,0.7446246981463903,0.7441411300447264
2012-04-20,0.6864881649161029,0.6818856693014332,0.7696634455625389,0.7060195693649914,0.7167666249652958,0.7079243531953785,0.7307954198141846,0.760759877408015,0.7502603291614671,0.7482170282431571
2012-04-23,0.6469843702598054,0.6682733995597924,0.7545929653768793,0.6948768344698567,0.7057398713067398,0.6985383748603936,0.7211186358911315,0.74858021821858,0.7410757986393602,0.7397046523094427
2012-04-24,0.6404004044837557,0.6566106746550201,0.744532308385621,0.6837660335785215,0.7004084621995649,0.6905788658649699,0.7123923307457752,0.7462097698744437,0.7326782456052772,0.7312593742926686
2012-04-25,0.6452286460528588,0.65963890900084,0.7572967315864173,0.689989248880762,0.7107027227996743,0.6984380905344734,0.7239796385725846,0.7583181073993385,0.7406534488297604,0.740883087198171
2012-04-26,0.6478622323632786,0.6610790374642519,0.7543684034233437,0.6870712851670765,0.7051451469068493,0.696478120641088,0.7218214671267649,0.7515216678462999,0.7399135014664749,0.7363938142715817
2012-04-27,0.6491790255184886,0.6551554072831858,0.7493050935051702,0.6827990513204698,0.6972033167352405,0.6928610414420494,0.7137600665561868,0.7451611890816039,0.735031552871174,0.7309615036536673
2012-05-02,0.6575187155014848,0.665020063741641,0.754779598962473,0.6889558750736159,0.7040947822143285,0.7009372231675098,0.7198197196150098,0.7537594756536193,0.7380740892644617,0.7377743941211053
2012-05-03,0.6667362675879541,0.6697432820908026,0.7555901247876298,0.6865003843532868,0.706423063872929,0.7030996472964186,0.7232901005704033,0.7541503310365628,0.7407520680599079,0.7410302120133134
2012-05-04,0.6689356673088356,0.6700791141201746,0.7563650764000044,0.687549801349679,0.7077348255027822,0.7046367742233934,0.7268498453475162,0.7530926831867605,0.7448755207117346,0.7455600558947295
2012-05-07,0.6790293467881184,0.677412817499448,0.7647470394007814,0.6922651873969797,0.7146524802253631,0.7094633480020939,0.7325349935128947,0.7562399535451373,0.7470691025580242,0.7520842742230343
2012-05-08,0.6845349901404545,0.6823936634871419,0.76781586805265,0.6949941947975531,0.7161731330579489,0.7079762980828538,0.7297424849536874,0.757269725908847,0.7490120491376616,0.7599864561876332
2012-05-09,0.6689356673088356,0.6708940044278022,0.7547258120912125,0.6844192332975514,0.7032354998188792,0.6952080588510852,0.716447470194071,0.7449112788384615,0.7382301690246232,0.7495372522383302
2012-05-10,0.6689356673088356,0.6712581737119373,0.7575482539097741,0.6829717724712718,0.7056313737148397,0.6964055462147133,0.7186953237384582,0.7481429096069347,0.7390724400874433,0.7522338560428398
2012-05-11,0.6716884889850037,0.658700691081263,0.7499249533375517,0.6760577277412237,0.7002566076145655,0.692277833373708,0.7134085906829035,0.7434843931734423,0.7272304225975537,0.7540589060772476
2012-05-14,0.6652652384072782,0.6583617824824606,0.7473332368579146,0.6737175931224422,0.6970832404603959,0.6912333332276546,0.7102107329231989,0.7423757191652187,0.7232789018982472,0.757456165399326
2012-05-15,0.6597595950549422,0.6510472445654246,0.7404600429074776,0.6666424338644095,0.6942047732989184,0.6889372990559564,0.7084632085294613,0.7400789305656826,0.7255693166651758,0.7577584100126156
2012-05-16,0.6441602722233232,0.6477164829502664,0.7294149689107025,0.6584316264260452,0.6858676008925636,0.6791808267264169,0.6986349564341153,0.7304934375410682,0.714995629205873,0.7472402127656778
2012-05-17,0.6542539517026061,0.658093416198515,0.73759186345241,0.6688005748095608,0.6924387196561067,0.6863767760170255,0.7083426079614381,0.7381556636327241,0.7249535803387953,0.7599095916140969
2012-05-18,0.6469130938994913,0.6443598045387947,0.7246456694868957,0.6598207211322056,0.6818215375782012,0.6751387441394354,0.6985989987488656,0.7263663140143575,0.7135032315305274,0.7520607616907309
2012-05-21,0.6395722360963765,0.6373595478991663,0.7196529509896153,0.6556752641027217,0.6783824834977431,0.6720697871629262,0.6969902338596132,0.7229964761827695,0.7084443828129552,0.7517430432023601
2012-05-22,0.6432426649979339,0.6426861184458478,0.727686218535046,0.6624028423328168,0.6867351027965309,0.6791663505358814,0.7051235639149981,0.7277800223455981,0.7187822847938815,0.7663397529286873
2012-05-23,0.6331489855186511,0.6426320441734062,0.7246744406631835,0.659310534553,0.6837056571783696,0.6763530763897964,0.7022069145079041,0.725073316319767,0.7183072950266283,0.7624079778766604
2012-05-24,0.6276433421663149,0.6399068928025157,0.7203667582672073,0.6517834836307071,0.6800713241468649,0.6711847785376882,0.6950839554435473,0.7201817879168723,0.7110232841332753,0.7582738037877376
2012-05-25,0.617549662687032,0.6274876295776873,0.7098556212894712,0.6435129307544452,0.6714154624648809,0.6632209094703351,0.6846930907565532,0.7118391772336711,0.70184942684306,0.7456816333202151
2012-05-28,0.617549662687032,0.6341574414794409,0.7189333128708774,0.6515044232053636,0.679744605930181,0.670304885250816,0.6913750997282231,0.7172967254275779,0.7121708276301703,0.7583064591439669
2012-05-29,0.6340665927440404,0.6457328648583215,0.7275614662723253,0.6597675506934492,0.6859361489242195,0.6796388978804033,0.7018209911989759,0.7275764429075827,0.7213120774214407,0.7729989941563601
2012-05-30,0.6395722360963766,0.6433074465048325,0.72832562742079,0.6608178398643209,0.6878704328061932,0.681681149079898,0.7021258765425733,0.7267271056039325,0.7199361327456191,0.7724015699391518
2012-05-31,0.6414074505471552,0.6409646210326675,0.7319735418812119,0.6605634998764492,0.6887509157113292,0.6807205935109689,0.7018291689326959,0.7274557165172771,0.7202831830065065,0.7715400459312036
2012-06-01,0.6331489855186511,0.639017166425966,0.729931972685964,0.6561714201380265,0.6872880655152807,0.6770184656346676,0.7008936830752799,0.7284683555130148,0.7158253094953855,0.7673290495747607
2012-06-04,0.6056207687569706,0.6121764435941917,0.7042593409751933,0.6332030213112707,0.6636278599574751,0.6552659087810894,0.6762720679147884,0.7034946365425124,0.6914318393331034,0.7522802774314661
2012-06-05,0.603785554306192,0.6065584108842725,0.7015608386032798,0.6331771848251742,0.6630506361182428,0.6553821672812882,0.6750042189219523,0.699174862079969,0.6895899548236357,0.7474151837834797
2012-06-06,0.6001151254046345,0.6055083741286192,0.6982397572647632,0.631790827314901,0.6604011403773606,0.6511926690745111,0.6733721003269562,0.6968215352235909,0.6877075290880709,0.7455973204278592
2012-06-07,0.5918566603761303,0.6020861044240036,0.6920413297396528,0.6283761715869614,0.6572924941190212,0.6476635191318686,0.6702089608869496,0.6951711796198626,0.6849651922169817,0.7401302488243077
2012-06-08,0.5936918748269091,0.5990266074307624,0.6879781873580072,0.626587491676353,0.6533098890903878,0.6424548048991873,0.6682173686653278,0.6896824642608833,0.6820307595800342,0.737255262010584
2012-06-11,0.603785554306192,0.6150984212929921,0.7018170049157112,0.6367341494864812,0.6625886788433993,0.6519721689842848,0.6785060159157493,0.6995127509193158,0.6926940031725094,0.7493118377581146
2012-06-12,0.5982799109538559,0.6096013416591353,0.6995479474847179,0.6335131845827922,0.6555414776089091,0.6485425005719085,0.672334830259276,0.6926861177633545,0.685671801688295,0.7442503894221069
2012-06-13,0.609291197658528,0.620789803737562,0.7079045567599962,0.6439858715374992,0.6673481386903516,0.659989740796432,0.6840155709677221,0.7032613570249725,0.6965578587695325,0.7592583082196178
2012-06-14,0.603785554306192,0.6147637779725891,0.7024554296221722,0.6390096521468567,0.6631933102125214,0.6561633460238125,0.681073926966879,0.6981915530684975,0.6948711903566428,0.7516141911615741
2012-06-15,0.5955270892776878,0.6130789794872038,0.7032131017048435,0.6380659325074112,0.663884814529199,0.6579549114533899,0.6826366099183672,0.6991930300520343,0.6933909865470103,0.7522306503214087
2012-06-18,0.60653837598236,0.6210066984831335,0.7089845376003181,0.6439589745861521,0.6701934084707407,0.6633353195331144,0.6892276054530374,0.7055983949750729,0.6938830313125854,0.7590422814683969
2012-06-19,0.6065383759823599,0.6168092210782409,0.7049883651680721,0.6391855374726223,0.6654295731124683,0.6598268345911769,0.6854351862802522,0.7008129002925737,0.6886538998685499,0.7512673170248423
2012-06-20,0.6047031615315813,0.6146326326964054,0.7045287907751812,0.6372676271939649,0.6622517277127001,0.6575360059938881,0.6836611293413924,0.6984746033557483,0.6890054823617124,0.7499044586795672
2012-06-21,0.588186231474573,0.6036427278127889,0.6929116631935096,0.6282536073356323,0.6520543772888769,0.647309441822338,0.6746420712392422,0.6892514724902555,0.6806766615949782,0.7373561005706435
2012-06-25,0.5624932291636713,0.5873925865640188,0.6754587361668731,0.6120159421741693,0.6353915499474095,0.6297964599113246,0.6596889058761336,0.6703778632155379,0.6625274284303249,0.7191652638151557
2012-06-26,0.56432844361445,0.5892194845157869,0.6743079702463496,0.6102870043494724,0.6354510758522999,0.6283798025191053,0.6590070716607247,0.66990309228366,0.6620304672290819,0.7173958380570743
2012-06-27,0.56432844361445,0.5877041520603753,0.6724244693103961,0.6079370295871873,0.6343197650686309,0.6252477542198457,0.6575964544206961,0.6676077003143315,0.6617713597858846,0.717057306671801
2012-06-28,0.540470655754327,0.5772082145415938,0.6626231592970626,0.5990918077162826,0.6243127410880831,0.6173559944555903,0.6496342972149659,0.6602488855087042,0.6500118772457802,0.7087114335300386
2012-06-29,0.5514819424589992,0.5859197952814584,0.6716554001882267,0.6056485410424783,0.6317903285039974,0.6237535813706638,0.6555117097382674,0.6677479907270624,0.6573310697875447,0.7197048494650341
2012-07-02,0.5551523713605566,0.5955703189555595,0.6763667981874991,0.6101297283123548,0.6375467703726779,0.6305119467772446,0.6632250126651259,0.6748179918160531,0.6625267380940724,0.7256594937159464
2012-07-03,0.5523995496843885,0.5994642055851616,0.6801574673877013,0.613010852745912,0.638824525201741,0.6313965736128304,0.6653054700775195,0.6755859324169562,0.6643064751724698,0.7241528766059349
2012-07-04,0.5569875858113352,0.5969098477667839,0.6762696320561924,0.6101750753438004,0.6362989247300549,0.6287688701648665,0.6632787221380886,0.6741582453928477,0.6610130764683654,0.7239587415047405
2012-07-05,0.5468939063320524,0.5840410410669107,0.6574609703718953,0.5966578242648041,0.6213009232441085,0.6137769162060829,0.6484645854677275,0.6624264938748707,0.6442886553433373,0.7078847761626829
2012-07-06,0.5615756219382819,0.59341097760024,0.669566694594271,0.6069618036028515,0.6298698716898992,0.6264594932016219,0.6615419967273345,0.6718361231799858,0.6549894790521439,0.7172252586426712
2012-07-09,0.5707516941921754,0.576156381211877,0.6506256671836428,0.5910778407304741,0.614157673127249,0.6108473720181845,0.6463426121627034,0.6590152517220882,0.637878535711714,0.7009189461933553
2012-07-10,0.5496467280082205,0.5708719264721728,0.6445913875856556,0.5848400217715768,0.6076871799103786,0.6061034219439749,0.6392678863043321,0.6529670135055271,0.6345027012404758,0.6954805915762183
2012-07-11,0.5514819424589992,0.5752674291583694,0.6505411411260683,0.5895939626520404,0.6126413729911746,0.6109093505183023,0.6431256813343611,0.6596576193571247,0.6409359593030433,0.7015344658776641
2012-07-12,0.5542347641351673,0.583040825364628,0.6577783777772551,0.5972827184740529,0.6195660073281363,0.6176822450648766,0.6534845500819918,0.6671845228857078,0.6465690929394858,0.707608240283269
2012-07-13,0.5478115135574418,0.5762655421165329,0.6510592937507217,0.5916846405852052,0.6144471130471241,0.6145898874686577,0.6503966944082303,0.6653868571479886,0.645789674169196,0.7051083716129093
2012-07-16,0.5092720100910891,0.5492260206569983,0.6222407316037835,0.5662552874518944,0.5899842756393614,0.5904174083502439,0.6286996294740986,0.6425830810213119,0.6253893325924444,0.679038121917583
2012-07-17,0.5120248317672571,0.5534467103138592,0.6274597949693647,0.56982717884682,0.594228448084585,0.5936042294426896,0.6326540496525686,0.6469881391019003,0.6292926949144141,0.6834867672041219
2012-07-18,0.5212009040211505,0.5601288483941187,0.6306277604835245,0.5729888023725604,0.5991925510637077,0.5984391429855004,0.6383653100822001,0.6508566889738201,0.633972890956536,0.6897038802548915
2012-07-19,0.527624154598876,0.5695767699428361,0.6383703993207118,0.579736705483428,0.6074474136295849,0.6056821677110956,0.6451726880037402,0.6575885289644663,0.6410831998194809,0.698442593171802
2012-07-20,0.5248713329227079,0.5661703736300778,0.6364780615129919,0.5762186010863551,0.6025940434696594,0.6035154089165183,0.6417784885310842,0.6557678333394644,0.6370110002778637,0.6971698535863359
2012-07-23,0.5156952606688144,0.5623241031657398,0.6306715653795277,0.5698272444034901,0.5982403736687346,0.5963983824117872,0.636090672212984,0.6504439297495901,0.6309981917223166,0.6876339177796943
2012-07-24,0.5184480823449825,0.5689751894952867,0.6361082083238625,0.574767617482525,0.6026893660778713,0.6007831796976436,0.6399580326026147,0.6553134092289424,0.6342584590581809,0.6910163219146773
2012-07-25,0.5147776534434251,0.5636252838315253,0.6306085497885487,0.5713796900193769,0.5984873014663493,0.5952346499678868,0.6350805909998004,0.6504433619107987,0.6281522913459748,0.6844910621971796
2012-07-26,0.5120248317672571,0.5575590987013452,0.6257650345819794,0.5652881243097783,0.592719526394258,0.5905336844820578,0.6307603627395538,0.6444977311789591,0.6204551686599514,0.6771548823753313
2012-07-27,0.5129424389926465,0.5539783623754228,0.6224598807393009,0.5630594637103733,0.5891191288915211,0.5879673047685074,0.6275944418531539,0.6391280787443785,0.6152799439445547,0.6764509656531483
2012-07-30,0.4771557572024619,0.5386627619854497,0.6075784875463126,0.5509297206876572,0.5748189395922981,0.5763068446782575,0.6134867516306524,0.6244789916262306,0.6019830572816272,0.6577415994111228
2012-07-31,0.4588036126946749,0.527075344119482,0.5943568077441254,0.5404508031419937,0.5654913096605818,0.5658143783154082,0.6036162837963863,0.6150121743607512,0.589892571281043,0.6476115041328055
2012-08-01,0.48082618610401934,0.5368294080379047,0.6037254793738648,0.5472663997966868,0.5733865988630198,0.5742969942223862,0.6114836596794209,0.6245618561713422,0.5991725483221298,0.6566530337547176
2012-08-02,0.48449661500557667,0.5343375965785775,0.5976216596675996,0.542034988979454,0.5697772091635918,0.5718728222552448,0.6085356546373417,0.6228747932933055,0.5950419825892522,0.6554849724435884
2012-08-03,0.48449661500557667,0.5462001336577081,0.6116177464626594,0.5530027451675842,0.5804118658955855,0.5830288138483541,0.619539919880128,0.6344384984086722,0.6078919943744121,0.6695932844492508
2012-08-06,0.49275508003408086,0.5604733262063464,0.625732811914556,0.5661053861243295,0.5932671738357675,0.5964651973571351,0.6331746052610825,0.6481788693957115,0.6219505153635895,0.6855532398180655
2012-08-07,0.5019311522879742,0.567271721266642,0.6321021493738155,0.5729622336491248,0.5987071896302719,0.6022028319842043,0.6381772753889835,0.6548304495268283,0.6292976790690807,0.6930035359970488
2012-08-08,0.4955079017102488,0.5652848575802782,0.6322647880213886,0.5711299622248635,0.5977617589679212,0.5995832384080717,0.6369391976718682,0.6526266689566524,0.62767953911442,0.690389982348487
2012-08-09,0.501013545062585,0.5740882281571856,0.6399699288601586,0.5789410497932143,0.6051459604788914,0.6083262122168265,0.6454785505851989,0.6619388426597562,0.6364270865725501,0.7000418337802441
2012-08-10,0.519365689570372,0.5733157624276356,0.6379012004054615,0.5793155910730822,0.6055726830180994,0.6076937419697697,0.6450235139160585,0.6613672801981464,0.6316903869047052,0.6983034130591914
2012-08-13,0.49459029448485947,0.5625060153092885,0.6237368232962941,0.5667818096193974,0.5929195853352582,0.5959179141799837,0.6334748647543496,0.6502837751349314,0.621217117110364,0.6875283925772158
2012-08-14,0.4955079017102489,0.5689074944919388,0.6297081398816138,0.5737925282376456,0.5988708198673368,0.6012761613156179,0.6366167381056276,0.6551678359009164,0.6279209342663643,0.6919588535127874
2012-08-15,0.485414222230966,0.560194922503802,0.6255251420559891,0.568572557952757,0.5926583802511198,0.5956898748366688,0.6311508869268742,0.6493444058381328,0.6245876789210905,0.6828978897387941
2012-08-16,0.4808261861040192,0.5543560810525598,0.6215699657372029,0.5663837641061886,0.587422516715451,0.5918445051699803,0.6269748532699094,0.6435811305855444,0.6194089499558199,0.6811733089459993
2012-08-17,0.4808261861040192,0.5539931478479523,0.6234582011290212,0.5676645413228089,0.5884574257572379,0.592057193520074,0.6267560710914002,0.6437592066972099,0.6190814977221425,0.6820897221250538
2012-08-20,0.4890846511325233,0.5563992986463897,0.6262421978729067,0.5694201519453975,0.5898897988879026,0.5945875042828621,0.6292431620622249,0.6445946710268303,0.6206416601358118,0.6840572408818584
2012-08-21,0.49183747280869133,0.5638665139631165,0.6357518129887436,0.5786854834241023,0.5992883375608768,0.6031166264785285,0.6394219997081476,0.6539024899925422,0.6300422970656182,0.692533315093659
2012-08-22,0.48908465113252325,0.5609915633740582,0.6340405111711243,0.575683002875349,0.5950998933849733,0.6001599487502023,0.6355592575697246,0.6485391873713224,0.6264539814133091,0.6930664186741042
2012-08-23,0.4982607233864167,0.566568650522769,0.6428388560636815,0.5810634614837854,0.5990651986762191,0.6043517257779731,0.6396277544917196,0.6518128384982393,0.6285269557205642,0.7030027727999619
2012-08-24,0.5028487595133635,0.5554411144409589,0.628751935193688,0.5692049986404932,0.5879363312640293,0.5922535974606122,0.6257569596039231,0.639533762383451,0.6164007551010658,0.6858855270920333
2012-08-27,0.4734853283009043,0.5407010157671478,0.6136643579724173,0.5575016790264475,0.5760124953134956,0.5807381350519386,0.6123508125815373,0.6256038160618091,0.6035506549183811,0.6677968025756862
2012-08-28,0.47807336442785103,0.5465846165051874,0.6175224871329121,0.5612411233654196,0.5792865294141842,0.5843802656680759,0.6162485117653658,0.6280089627388976,0.6081104611513466,0.6704074477913062
2012-08-29,0.4771557572024617,0.544829035262087,0.6177502583983491,0.5598426281395684,0.578764412629997,0.5808359271999116,0.6126512641578464,0.6236810095351011,0.6051325432110556,0.6693835926107474
2012-08-30,0.4698148993993469,0.5314033252837504,0.6070302235833943,0.551097711805917,0.570341618893531,0.5698263425695601,0.6027010122128641,0.6135105063221157,0.5963122802189904,0.658585736598869
2012-08-31,0.46706207772317887,0.5347859839569841,0.6089995799872345,0.5538915404865364,0.5729517827454708,0.5723218644324022,0.6044155295266344,0.6163440747020529,0.6020073950427685,0.6640823933983648
2012-09-03,0.48266140055479795,0.5442177061446581,0.6203930732827592,0.5623060881438807,0.5824005908985431,0.5813025466680629,0.6132508156982827,0.6265332171182099,0.6120153794503065,0.6735153333821431
2012-09-04,0.4716501138501257,0.5404934518638072,0.6168614181702046,0.5577815747811355,0.578128512640631,0.575319900454368,0.6086672857643981,0.620996828128576,0.6066181965485196,0.66659398708209
2012-09-05,0.48908465113252336,0.5458176052953075,0.6218312381464799,0.5621626023985611,0.5824093690602332,0.5783434595786948,0.6117186280647557,0.6247038959513932,0.6097997266950861,0.6707082650553001
2012-09-06,0.4982607233864168,0.551311277871114,0.6292969253233999,0.5689158852624239,0.5882314983619731,0.5840252401980213,0.6174780965203753,0.6302300363855454,0.6166376780344404,0.6739726689745447
2012-09-07,0.5138600462180357,0.570078458815811,0.6507175536939598,0.5875108713485859,0.6077640413500908,0.6041115328679687,0.6378765627423646,0.6512158329371114,0.6367958659110181,0.6945222041426
2012-09-10,0.5156952606688144,0.5817298783245557,0.6555906029597406,0.5921550039968796,0.6144471787717539,0.6091289126416026,0.6412626778011371,0.6576429938611447,0.6430707847454332,0.700111987025946
2012-09-11,0.5074367956403102,0.5820669550503216,0.6550872542339659,0.5914431454897561,0.613211173411701,0.607480946799944,0.638857671035188,0.6559577671254779,0.6401587845025065,0.6984730717171025
2012-09-12,0.5101896173164783,0.5877885379970459,0.6598810174395981,0.5948452628810715,0.6174595071900714,0.6128677215684021,0.6426461858935434,0.6598521894066884,0.6454500481181241,0.7059569346348058
2012-09-13,0.499178330611806,0.5783107444546622,0.6504956629412477,0.5870192732388171,0.6092506649967184,0.6032792546887195,0.6336561869731858,0.6509774431984217,0.6364479687620812,0.6950301900386465
2012-09-14,0.5019311522879741,0.5783351987268006,0.6517578315972093,0.5875286741343604,0.6088673961400971,0.6037189186447631,0.6336286020457419,0.6521205876356376,0.6390949720753796,0.6996413456456808
2012-09-17,0.48449661500557656,0.5597817128232392,0.631983481752879,0.570160230104938,0.5911937838650058,0.586701547254542,0.6171354939983456,0.6332552022047373,0.6225168526714483,0.6866842271161296
2012-09-18,0.47990857887862975,0.5559385506736161,0.6300942888285274,0.5687594391533405,0.5880038425990989,0.5849289378679005,0.6135917300898035,0.6306793706583113,0.6222487191539339,0.6854889894758178
2012-09-19,0.4918374728086914,0.5633086194114866,0.6360051082242915,0.5739482393073242,0.5936838914241903,0.5913101518266062,0.6178914111888,0.637632800198362,0.6277759261956705,0.6890780610661489
2012-09-20,0.472567721075515,0.5419694906585141,0.6156597801436571,0.5561002368306088,0.5746258131061238,0.5734450378432508,0.5982123125258886,0.6177825776383697,0.607489679552426,0.671869258042107
2012-09-21,0.46981489939934695,0.5353482680905228,0.60957275031184,0.5516271998060506,0.5703421303468608,0.5689537148784214,0.595190850862708,0.6165851075630521,0.6050993322023273,0.6708717897588514
2012-09-24,0.47348532830090434,0.5400515173405412,0.6133981991764619,0.5545372669782558,0.5738529695894965,0.5729746868523169,0.598096491493536,0.6202100174378977,0.6093471807192865,0.6755175931962849
2012-09-25,0.4688972921739576,0.5363279364964423,0.607729516419284,0.5481800839200284,0.5693304647043866,0.5690456878916325,0.5939735730747426,0.6163333269540527,0.6069554219219138,0.6715428196913956
2012-09-26,0.45696839824389607,0.5211396819171036,0.591642503417769,0.5341400018348897,0.5563481619883849,0.5556806896135963,0.5793622649747433,0.6027571315563139,0.5920012156373745,0.6554988922203513
2012-09-27,0.46614447049778956,0.5310057644584373,0.6051613930443466,0.5459082822847343,0.5671713853300567,0.5685122821771328,0.5905075347457591,0.6161657512815492,0.6043922863939527,0.6683236285795807
2012-09-28,0.4771557572024617,0.5387862505368366,0.616109338253792,0.55627700767342,0.5766984890282035,0.5771771860498661,0.6008344326227082,0.625478821767867,0.6153058908591982,0.6811122101987782
2012-10-08,0.47348532830090434,0.5414181029982122,0.6158398581527441,0.5566756530499052,0.5759739105290411,0.5765598950880484,0.5993903791349532,0.6242787175702761,0.6138892129483164,0.6809157979555726
2012-10-09,0.4872494366817445,0.5581685779970461,0.6325329760773831,0.57122291952371,0.5918384183122137,0.5918284102859219,0.6139920982761654,0.6402079256841975,0.628760919833674,0.6961968582940657
2012-10-10,0.49459029448485936,0.5664022730641952,0.6403842768136427,0.578246218198416,0.5973994501417867,0.5991199155494835,0.6193613337944761,0.6465424985979379,0.6330653790210035,0.7027531922560052
2012-10-11,0.4817437933294085,0.5564906268226137,0.6289748620403537,0.569358578559649,0.5871879457126771,0.5901530687975187,0.6110754357326771,0.6387975907807166,0.6216753371655038,0.6950128419334489
2012-10-12,0.4799085788786297,0.5590144038528393,0.6296798153755971,0.568542911981088,0.5865842692680009,0.5895004027267386,0.610135598221926,0.639240171917755,0.6206791789621023,0.6970051672466945
2012-10-15,0.47807336442785103,0.553961567053317,0.6234326915716816,0.5634467872164656,0.5820676376809638,0.5867595538802558,0.6060830663287585,0.6360304998018883,0.6191793947272145,0.6908080912716283
2012-10-16,0.4789909716532404,0.5524635512623319,0.6259198970648071,0.5644584839012441,0.582237127152619,0.5889284633496926,0.6076374439194034,0.6389205315665307,0.6226306144628572,0.6870108099862481
2012-10-17,0.49734311616102744,0.5570383788408706,0.6287642739262438,0.5652925184124674,0.5835642962577872,0.5898776905201384,0.6083536045984905,0.6419755081604385,0.6241714851778233,0.6858254362398124
2012-10-18,0.5028487595133635,0.567182471247269,0.6386282572201908,0.5754379378081447,0.5925313069081076,0.598805927447703,0.6178389878417261,0.6512409550113542,0.6354289503944085,0.693772224144916
2012-10-19,0.5028487595133636,0.563926213328576,0.6373026353355314,0.5745350961451297,0.5915397434564965,0.5976607218690572,0.6175517155749837,0.6493127878762343,0.6338178996588258,0.6912299595086623
2012-10-22,0.5000959378371955,0.5658752020758891,0.6421729156936355,0.5786472080400944,0.5935064920070594,0.6010874084677261,0.6202031017029541,0.6513012360067975,0.6351912865864554,0.6980641137962693
2012-10-23,0.4927550800340808,0.562506734962701,0.6365591485959314,0.57430184286587,0.5878397228984993,0.5954519742398802,0.6144850311961146,0.6455778765886437,0.6235959242414161,0.691393202788692
2012-10-24,0.4927550800340808,0.5621653039895388,0.6370179039260054,0.5746787408213946,0.586863214022072,0.5957667301701983,0.6138256775812659,0.6459010521575596,0.6231291089264273,0.691784580695268
2012-10-25,0.5184480823449825,0.557267063963238,0.6292531748778392,0.5671319379892579,0.5815983633662722,0.5896201091664978,0.6077568521517167,0.639005554098369,0.6166777839631334,0.6827006709038019
2012-10-26,0.4771557572024618,0.5439225636663391,0.6137603825331363,0.5528774896666542,0.5690086266288931,0.5756409504415556,0.5977601668835894,0.6259257309972552,0.6051536348889923,0.6675150398236017
2012-10-29,0.4835790077801872,0.5428027855215682,0.6134838990370742,0.5526234188324982,0.5674276565463691,0.5741683587686167,0.596261255637502,0.6246374612518688,0.6044439381837273,0.6663314944123061
2012-10-30,0.4762381499770724,0.544013052403189,0.6152809415748876,0.552661611959254,0.5667724677184348,0.5746840003306369,0.5967250947981831,0.6247890338398541,0.605601827347989,0.6654926711631559
2012-10-31,0.47807336442785103,0.5470176241847265,0.6173789205931528,0.5550344187992393,0.5687415826916622,0.5773722709989378,0.5993636152235798,0.6262100519120546,0.6063278407411358,0.6681741368881063
2012-11-01,0.48633182945635517,0.555959911461085,0.6290403664060665,0.5647399806196097,0.578079756041722,0.5870073913017619,0.609465384875106,0.6356156583094301,0.6169365105520564,0.677356025490646
2012-11-02,0.48541422223096575,0.5544755660752309,0.6326564036852922,0.5670423127251466,0.58054456687802,0.5902345795896232,0.6126281382904308,0.6384663023164127,0.6205616144392816,0.6779417071622438
2012-11-05,0.48174379332940837,0.5532243507081199,0.6299087573503765,0.5658410027692534,0.5787231694874782,0.5906042545038681,0.6115278291885043,0.6367539556278009,0.6178655396601375,0.6797050955634464
2012-11-06,0.49367268725947,0.551169089693668,0.625823787290541,0.5612663841534407,0.5757367509953811,0.5857801033324431,0.6066364586568941,0.6328436724798916,0.6116642574497235,0.6765766921171631
2012-11-07,0.5010135450625847,0.5502870060557816,0.6255474220662763,0.5601497253535683,0.5756134838253371,0.5854238341689684,0.6053408720005994,0.6329413299489711,0.6094908014229403,0.6784103564604071
2012-11-08,0.49000225835791245,0.5326790876064615,0.6087560726915324,0.5459289382668585,0.560232029203753,0.5721788990645166,0.5923013782550126,0.6185172408758088,0.5949861433989199,0.6634107092358534
2012-11-09,0.4826614005547977,0.5327293373834274,0.6081850522246938,0.5450579127633285,0.5588301826736529,0.5711739888259952,0.5905843058722114,0.6179708512365005,0.594102209222287,0.663762633538203
2012-11-12,0.49642550893563797,0.5375846651687071,0.6153915028642197,0.5490665730040549,0.5636607178638644,0.5750692124186101,0.5942921298957758,0.6214464956488072,0.5962175512863238,0.6643041929858003
2012-11-13,0.49367268725946983,0.5252638395694285,0.602970521516209,0.5369609819294057,0.5522832703297951,0.5641728161934212,0.5822169735065769,0.6110300082433838,0.5846835650972391,0.6517653168191557
2012-11-14,0.5000959378371953,0.5284220133029939,0.6030754874011381,0.5377887819003924,0.5533250227613886,0.5650632484641035,0.5838613652691376,0.6115951740862008,0.5831121628135416,0.6537552640405859
2012-11-15,0.48908465113252303,0.518839473254933,0.5924403879485872,0.5289660663275418,0.5426317215020621,0.5556492925977781,0.5738153384026348,0.6001997672059224,0.5712070362963915,0.6436649202311369
2012-11-16,0.46797968494856795,0.5180439242300058,0.5885849099830512,0.5259119061634122,0.538615214480419,0.5523823232833694,0.5700954390768883,0.593955398374574,0.5664484602038008,0.6393679511782587
2012-11-19,0.4688972921739574,0.5211992612234623,0.5920345265602464,0.5290841212721983,0.54096213287002,0.5547637005696122,0.5722001008892054,0.5960040916517035,0.5686255634423032,0.6423616379323029
2012-11-20,0.46430925604701073,0.5191545638688815,0.5903231231667754,0.5284878805335327,0.5398462724947571,0.5531257166294521,0.5704006717724875,0.5946455511118734,0.5667210895963158,0.6394437083623593
2012-11-21,0.47073250662473626,0.5238217249927487,0.5971808022675303,0.5339277936957858,0.545783842452946,0.5582307613571343,0.5772808668219958,0.6001584171968406,0.5724719254550942,0.6478085090034048
2012-11-22,0.46339164882162137,0.5178571276235243,0.5913223288988446,0.5285465984497338,0.5405529355417588,0.5515367566603967,0.5704685700944268,0.5950766217910849,0.5648193814902993,0.6429975619950382
2012-11-23,0.4679796849485681,0.5195380890508813,0.5928107531979651,0.5295069156760364,0.5421010039719428,0.5530192771413611,0.5726814282714511,0.5963149575076385,0.5650858917881713,0.6471592472497765
2012-11-26,0.459721219920064,0.5123278152349279,0.5838524756447031,0.5242121977398264,0.5358112563260515,0.5472529307577921,0.56692830369498,0.5903437940532913,0.5561745385753276,0.6414352165048726
2012-11-27,0.4395338609614983,0.4889267214928997,0.5607845742567372,0.504535543375987,0.5153410984628716,0.5265671041548798,0.5469916153235528,0.568450599177076,0.5348152563543844,0.6210418729242051
2012-11-28,0.42760496703143674,0.47609234805424167,0.5482235014733021,0.49252313702902406,0.5028736235366331,0.5148906251707126,0.5348217777013486,0.5559605639488056,0.520119127505462,0.6082446268260031
2012-11-29,0.4193465020029326,0.4709964182508378,0.542452291070064,0.48647314424289106,0.4980155452295751,0.5101162326641655,0.5296868091124062,0.5506538134006023,0.5136977024751874,0.6051511429016205
2012-11-30,0.4248521453552687,0.4784364315740566,0.5504735116656925,0.4933224322319067,0.5046468845644432,0.5172002487617835,0.536766544753538,0.5570733872974221,0.5197818444160043,0.6136276330094854
2012-12-03,0.41659368032676464,0.46550852710349977,0.5367265127795037,0.48163594735089776,0.49157862393922186,0.5043769176232558,0.5244929448563812,0.5445641920224944,0.5077458074866616,0.6065900541511992
2012-12-04,0.41842889477754336,0.4712990651114716,0.5442057319397833,0.48682561498104393,0.4969998080604615,0.5104943640338004,0.5312389757897228,0.5496686363423811,0.5152487961666511,0.610768112099826
2012-12-05,0.433110610383773,0.4899137604364145,0.5642856489319621,0.5047335468820929,0.5152430015857072,0.5275530096069285,0.5492130780117775,0.5686752698978985,0.5343945670153882,0.6335728247798676
2012-12-06,0.4312753959329942,0.49111253162767926,0.5634259660769003,0.5057192808768874,0.5146273240038878,0.5262831969102604,0.5475722247819299,0.5669012821407388,0.5329701957231454,0.6329508303961029
2012-12-07,0.4422866826376665,0.5038616612961713,0.5764259716221098,0.516909255909414,0.5265418320005941,0.5377703183729123,0.5596222884034749,0.5791841188530558,0.5448591068658715,0.6470593457097917
2012-12-10,0.4532979693423387,0.5154028243928903,0.5870209556245222,0.5257685739810757,0.5363479652593608,0.5465887104014006,0.5683766108665058,0.5893492019009774,0.5548065707152157,0.6526090531430851
2012-12-11,0.4477923259900025,0.5101416736616406,0.582373482596309,0.5215513778613365,0.5326795511191792,0.5436275139406198,0.5652492320037691,0.5854558522610065,0.5524791326260874,0.6478265259894288
2012-12-12,0.4477923259900025,0.5104481547333656,0.5824457214846787,0.5216531067774042,0.5327255676355803,0.5434548035879805,0.5641417611643293,0.5855284514337553,0.5522373500526809,0.6487688320860203
2012-12-13,0.43769864651071966,0.5055368686375331,0.575550386456389,0.5147267973050852,0.5257907010327819,0.5365185024168371,0.5583147061555345,0.5774597943227763,0.5446475577537784,0.644215136912614
2012-12-14,0.45972121992006404,0.5258656335370087,0.5983947383213559,0.5341969498768423,0.5467880411031419,0.557166708947709,0.5791630749128014,0.5991617162250474,0.5667588182744668,0.6658919448258999
2012-12-17,0.45972121992006415,0.5294228072576189,0.6000870473613547,0.5367504876865016,0.550627890946178,0.5604003823860512,0.5822369980209254,0.6033386642133844,0.5710583450196842,0.6707335088558354
2012-12-18,0.45880361269467473,0.5292819154107063,0.5982910554560071,0.5348782438771076,0.5492915753926831,0.557850687652563,0.5805848894857886,0.6028213632147549,0.5698637149746572,0.664892987679677
2012-12-19,0.46063882714545346,0.5329659902830683,0.600011165102201,0.5378781259500934,0.5504942118264147,0.5607343891583012,0.5822838667517337,0.6046788255906416,0.5732126814246631,0.6654313239289481
2012-12-20,0.45421557656772804,0.5329534403768038,0.6022101513709261,0.5388467063531017,0.5511943419093243,0.5619269573732071,0.5834035965797424,0.6062923470691872,0.5732092642421083,0.6655730180521506
2012-12-21,0.45421557656772804,0.5334961948364095,0.604464775281091,0.5392331258943559,0.5509621733272785,0.562041036798043,0.5828251502744181,0.6070588679171459,0.5717024843389159,0.6645310605371748
2012-12-24,0.4532979693423386,0.5386655181097191,0.6091696172142028,0.5442467605457622,0.5550080892019009,0.5656558470513036,0.5869242897257491,0.611536545822953,0.5738506846595057,0.6662571348500573
2012-12-25,0.46706207772317887,0.5518163980988948,0.6226839951896914,0.5570019199637398,0.567762170705162,0.5784322427266311,0.6000739711168885,0.6240005830069527,0.5870673932065141,0.6810155302468262
2012-12-26,0.47165011385012556,0.5596202238971267,0.6321301675454973,0.5654939827647237,0.5764940937710078,0.5862385518306354,0.6080828631214955,0.6313401522729916,0.5961237638935136,0.6875208342637391
2012-12-27,0.47073250662473626,0.5481258504665012,0.626489585867739,0.5605479654777238,0.5729881758896964,0.5812398398888052,0.6041238946482719,0.6298642673533288,0.5929110524643936,0.6804551383659593
2012-12-28,0.4734853283009043,0.5535028439646377,0.6328116252186367,0.5672073919901717,0.5794593263630907,0.5878454620653206,0.6103217078611723,0.635931990791175,0.5971492919080488,0.6892467094014145
2012-12-31,0.47440293552629365,0.5549084509847156,0.636945109407908,0.5730670495352181,0.5853678242077502,0.5935767237460124,0.6155982238033118,0.6427372971534386,0.6021096598790522,0.6952397749115949
2013-01-04,0.47440293552629365,0.5544294624971825,0.6346997285577739,0.5711518416970313,0.580655748346762,0.5905567657572705,0.6129370066266216,0.6402629345254544,0.6009086499415344,0.6886465766090573
2013-01-07,0.4771557572024617,0.5649732707031025,0.6429811834852478,0.5783773219981959,0.5877527790296331,0.5970601006921485,0.6193878498528972,0.6495244824184351,0.6076925945588761,0.6912994987961347
2013-01-08,0.47990857887862975,0.5760311187555298,0.6515369676585026,0.5857794909532598,0.5957666728045845,0.6041919956518995,0.6255857900352144,0.6567929876923277,0.6150328106121319,0.6996588826396062
2013-01-09,0.49275508003408064,0.5799832424006127,0.6522900529087979,0.5854196979931852,0.5955754433788758,0.6064793667124487,0.6271773577156,0.6584433746422219,0.6183730998588902,0.6975976480691457
2013-01-10,0.5037663667387529,0.5864764875599108,0.6582941188567978,0.5892117125571462,0.5992395675134229,0.6095629952950344,0.6298309639163364,0.6599182784291681,0.6214993955332516,0.7009122199363567
2013-01-11,0.4835790077801872,0.5758534327628475,0.6475744650785347,0.578088815909983,0.5864658626516608,0.5976216239578518,0.6161136027975043,0.6464022371820288,0.605857690929425,0.6883783311318761
2013-01-14,0.499178330611806,0.5962732392732258,0.6696902601843217,0.5989656580864512,0.6071404366868731,0.6177675780078784,0.6370597515858759,0.6659296680564389,0.6248655235423591,0.7081890922580816
2013-01-15,0.5111072245418676,0.6093811664638973,0.6827432854246136,0.6093166144869173,0.6174958727566168,0.6292959547305916,0.6473535389031798,0.6770807932892993,0.6349254380456812,0.7160838903598735
2013-01-16,0.514777653443425,0.6086684506582298,0.6816820546635247,0.6099696735953675,0.616541516749039,0.6294070872498649,0.6475281349350044,0.6778155810662636,0.6339569588506607,0.7143021355856115
2013-01-17,0.5037663667387527,0.6008328612531867,0.6751614029223059,0.602451206756191,0.6102371644545912,0.6231546687130125,0.6408521063495666,0.6714209010375455,0.6291470507721372,0.7124434132791101
2013-01-18,0.5138600462180356,0.6088142366049417,0.686844432124303,0.6126408104174317,0.6193935922035687,0.6323228554871533,0.6509948679781291,0.68252307633215,0.6378332251905382,0.7222521021331496
2013-01-21,0.5230361184719291,0.6152366595230592,0.6944522382729107,0.6177160110017149,0.624847298432591,0.636926963666909,0.6569685431934862,0.688034945622103,0.6430144513183146,0.7265967152043076
2013-01-22,0.5184480823449824,0.6046258147213542,0.6809839403913291,0.6083167755458746,0.6151936370316903,0.6275379435581994,0.647722429909383,0.6793524289313662,0.6345677602132975,0.7197430717459984
2013-01-23,0.5120248317672569,0.6047435651858865,0.6814401650567518,0.6087762390498429,0.6168887506375434,0.6306413460389709,0.6493133949653938,0.6811652896125733,0.6372897996406681,0.7187892990575614
2013-01-24,0.5166128678942036,0.5884389873922384,0.6676137763949342,0.596100636786627,0.6028382722674237,0.6185741046212129,0.6353149623767822,0.667966259519328,0.6279067985231416,0.7067667108834312
2013-01-25,0.5166128678942036,0.5884379784459439,0.6684752578150527,0.5975959074608556,0.602536377733828,0.6170477870927048,0.6344450842216197,0.6691707515652069,0.6244916064347807,0.7066312649071032
2013-01-28,0.5166128678942036,0.6032557311925655,0.685206127808393,0.6132935089161127,0.6176660414078226,0.6310467903144954,0.6490860012948961,0.6839872839993618,0.6370401773025065,0.7216350153170241
2013-01-29,0.5166128678942036,0.6114757016421298,0.6937925130958568,0.617417720456519,0.6228786073075121,0.6357849025682406,0.6545715592832886,0.688062304158321,0.6417684797472973,0.7240789108086959
2013-01-30,0.5679988725160071,0.6109771029450448,0.6943935529234623,0.6173428750797694,0.6240112648860942,0.6371887570485099,0.6550769398820602,0.6878212557287658,0.6452698411595684,0.7263927707956196
2013-01-31,0.6248905204901467,0.6055610616316732,0.6898142287145521,0.6122011377436387,0.6202592355780739,0.6348756410228382,0.6529575005256539,0.6878164632414709,0.6429358603995583,0.7288629962887874
2013-02-01,0.6258081277155361,0.605226435251649,0.694474586657508,0.61615242986402,0.6246735171256846,0.6379799522235331,0.6556920905626688,0.6911642305445677,0.6474996365704615,0.7326189805343287
2013-02-04,0.6542539517026058,0.5992307964679499,0.6918859009751618,0.6109833240862194,0.6208103254633012,0.6348734244273905,0.6517904867003604,0.684300870813943,0.6423350170568332,0.7312927883900558
2013-02-05,0.6303961638424828,0.6032809217811862,0.6984505579544693,0.6156274476367917,0.6262663334914691,0.6412084603349623,0.657699598594907,0.6918476054902326,0.6495246937159647,0.7395489478455751
2013-02-06,0.6138792337854745,0.6063109031926318,0.7031485527517675,0.6194265523776612,0.6298147661259101,0.6447834931892833,0.6602816627446076,0.6969971479306798,0.6538214133509276,0.7402489448700379
2013-02-07,0.6092911976585278,0.6091011444075962,0.7077216803160332,0.622058964499307,0.6325909754532699,0.6473568877486574,0.6616690846670295,0.6982887768034578,0.6565274198200671,0.7415042765528282
2013-02-08,0.6102088048839172,0.6202416850883372,0.7182871389130041,0.6307172271601238,0.6412105802818957,0.6561952336407763,0.6737688726336062,0.706039149596867,0.6663666977246063,0.750652385087988
2013-02-18,0.6313137710678722,0.6314397256500908,0.7229795551639286,0.6357797456498813,0.6472039671368206,0.6602131019357803,0.6779046041552635,0.7078836868639942,0.6684146396565223,0.7491398004365258
2013-02-19,0.6138792337854746,0.6197724083311603,0.7102970254017424,0.6254318967896794,0.6369037224546146,0.650636759914267,0.6663686584647968,0.6998132385571891,0.6574832919020835,0.73583330682042
2013-02-20,0.630396163842483,0.6326551147016319,0.7239191149805769,0.6359686472435664,0.6489783324097818,0.6645359956886876,0.6789268862176439,0.7110980288176771,0.6674638772824952,0.7482526275498638
2013-02-21,0.6423250577725444,0.6233058455332865,0.710038452416358,0.6230005625430723,0.6357408936233482,0.6528780595621226,0.6640655596423922,0.6974015428835831,0.655789479639886,0.7327747440448557
2013-02-22,0.6303961638424829,0.620321306214211,0.7106128728744283,0.6220498367769762,0.6342670519693568,0.6513192447558255,0.6632562478063215,0.6960833443730945,0.6592266697641286,0.7382315246708555
2013-02-25,0.6414074505471551,0.6265072748185722,0.7195783884189358,0.6284854435578036,0.6401588779342845,0.6586534749003528,0.6711085382245001,0.7017150553534813,0.6664639838865511,0.7470155099528621
2013-02-26,0.6331489855186508,0.618546535451156,0.7102471032589838,0.6213692705803168,0.6321778875661181,0.650683422415029,0.6614733558432553,0.6932479539763243,0.6546474208978443,0.7353401909072114
2013-02-27,0.6184672699124213,0.6168951789844929,0.7125886247051078,0.6236608085253675,0.6338081315941254,0.6500346788366278,0.6634966175975142,0.6930199899144054,0.6569037716273987,0.734389387730319
2013-02-28,0.6285609493917043,0.6268886434096616,0.7260214578379098,0.6348375655943784,0.6462351644839011,0.6618398003254072,0.6775034639611299,0.7043007463962072,0.6706055001390102,0.7476067484886416
2013-03-01,0.6551715589279953,0.6379248636953708,0.7369665110432152,0.6432557265587633,0.6553750482242102,0.6710009623921229,0.685126302174841,0.7120719515205208,0.6766200461316437,0.7550196188245685
2013-03-04,0.6395722360963764,0.6171842017087132,0.7088836575957038,0.6218060464362103,0.636171941197848,0.651701240594404,0.6665340462962149,0.6934208056864537,0.6516516328160403,0.7278750798403424
2013-03-05,0.6487483083502699,0.6308618454424184,0.7235496038251361,0.6343005912920817,0.6504522216659477,0.6674625328635362,0.680663121238309,0.7064960971208689,0.6668624735996785,0.7448584858384075
2013-03-06,0.6872878118166226,0.6424606840905761,0.737279516396525,0.6463446167710531,0.6600354872247514,0.6799621116433731,0.6902019374811892,0.7172020371379504,0.6782366286539177,0.7566902946087621
2013-03-07,0.6680180600834463,0.6376949887928193,0.7254323408297223,0.6409746249801034,0.652455770228801,0.6735134053755892,0.6849329051624872,0.7124369697497845,0.6715789619638479,0.7522403848040713
2013-03-08,0.6469130938994913,0.6333056897610914,0.7208951048076491,0.6352736899293243,0.6473782087462154,0.6676997036287642,0.6802832661831532,0.7069673727493201,0.6657821774378613,0.7437677801460956
2013-03-11,0.669853274534225,0.6322934832444619,0.7220842842473166,0.6344009157790229,0.6478458351709369,0.6670108883634585,0.6781364920539286,0.7059748828274542,0.6659880934087262,0.7461211291226655
2013-03-12,0.6524187372518274,0.6144685425667963,0.7027382697617298,0.6185011671248729,0.6310345502232332,0.6489648548532586,0.6635967135342483,0.6893614238562383,0.6511568767635559,0.730976849437903
2013-03-13,0.6377370216455978,0.6083777239275733,0.6975490839643101,0.610886887003185,0.62584454874819,0.6434532331606639,0.6575284374383489,0.6853543069244674,0.6441904840816512,0.7280683957773071
2013-03-14,0.6570067733787742,0.6130779565865191,0.7009159706764819,0.6141914538821064,0.625537948273058,0.6467549380802361,0.6601774082382262,0.6878632888358993,0.646118829751023,0.7288082720550517
2013-03-15,0.6579243806041636,0.6143630451867955,0.7032326767531155,0.6134205027640329,0.6284321650556507,0.6486995620839444,0.6606208542084451,0.688724235699166,0.6440286384664078,0.7285926133879346
2013-03-18,0.664347631181889,0.6079352644930867,0.6944437267916094,0.6066535991098467,0.6199937276069495,0.6408348939537725,0.6539783177330059,0.6809645045528152,0.6347274472389767,0.7233436249612938
2013-03-19,0.6560891661533849,0.6095944323924566,0.6961581762548054,0.609056667690756,0.6215781986581199,0.6418643471004138,0.6546179478573814,0.6836803815023552,0.635191887726464,0.728214032114591
2013-03-20,0.6790293467881187,0.6226751317802951,0.7121805452588863,0.6243044710931661,0.6376153963238691,0.6578032245570606,0.6702208129128611,0.6981947628459225,0.6513437324836754,0.7432357398273817
2013-03-21,0.698299098521295,0.6326180248532253,0.7208162963929425,0.6307934530070647,0.6449316259711503,0.6662056841448286,0.6762383999416154,0.7045347616506925,0.6593785908457656,0.7489935467347789
2013-03-22,0.7249097080575861,0.6354821255786718,0.7236654797116179,0.6316859054491102,0.6456322220339584,0.6673223915637341,0.6787407581036277,0.7059292167746442,0.6637077334087675,0.7483461696589745
2013-03-25,0.7102279924513566,0.6309647725558932,0.7219105763913145,0.6322535600312483,0.6454095526417558,0.6686140515511579,0.6787129856652927,0.7062351206097787,0.6675583806769281,0.7528157418281359
2013-03-26,0.7203216719306393,0.6283519774834521,0.7176584532200375,0.6276270196677364,0.6420378647556708,0.6652609660306014,0.6744928327792257,0.702372602374495,0.6669661089306432,0.7440111797758074
2013-03-27,0.7340857803114795,0.6300885414131673,0.7184898005922621,0.630289298250032,0.646034692176147,0.6677887290507504,0.6755322963126489,0.7053295913524993,0.6652751928292264,0.7458426521410122
2013-03-28,0.7001343129720736,0.612852515972759,0.6976337574592822,0.6123504409244365,0.6296183549576314,0.6495178411028167,0.6583202008149629,0.6862511655681678,0.6466062328140341,0.7278608960979916
2013-03-29,0.7083927780005778,0.6127813168055054,0.6975368372062665,0.6115361504107951,0.6289899079729652,0.650778082979451,0.6585464180753471,0.6834354107792386,0.6442944971597645,0.7254971828611833
2013-04-01,0.7386738164384264,0.6175544770950153,0.7008713310748979,0.6155714031637842,0.6337827381822329,0.6534388930160034,0.6624738865703158,0.6865430317573851,0.6501548636971245,0.727013494802334
2013-04-02,0.7496851031430986,0.6090181325566998,0.6882050098490304,0.6069344649674313,0.6242742639791936,0.6433319245678136,0.6533856287997359,0.6781498976923948,0.6384833523685699,0.7165121335196347
2013-04-03,0.7276625297337542,0.602534329825695,0.6816985806363447,0.5987829501962013,0.617393323965167,0.6375274343875845,0.6466386793954313,0.6735041790762135,0.6332725592791167,0.7094737605808409
2013-04-08,0.7478498886923198,0.6110096547304015,0.6860277252831176,0.5993484047015764,0.6191695292995689,0.6406937722324838,0.647166578755539,0.6721458063478711,0.6383757986877899,0.7091180151600648
2013-04-09,0.7478498886923198,0.6190239083775586,0.692047130323167,0.605865278348935,0.6237587159011871,0.6454339797894648,0.6523065665576802,0.6773498295865553,0.6440406739179312,0.7133648604390733
2013-04-10,0.7377562092130371,0.6173926942848866,0.6889564564414251,0.6030081826679138,0.6207430325299024,0.6426083785926133,0.6501700962782052,0.674498743483504,0.6429676424024108,0.7120985841198462
2013-04-11,0.7203216719306393,0.6154976317376487,0.6870261031144489,0.6002499355630021,0.6196348027192403,0.6393173445302291,0.6480175713705855,0.6713688480016633,0.6399855562900756,0.7122447509850282
2013-04-12,0.7395914236638158,0.608971192515761,0.6820825789375037,0.5950659204590316,0.61554526489208,0.6351727131847462,0.6414535578003636,0.6654028406275707,0.6353076403328693,0.7036246374990198
2013-04-15,0.7395914236638158,0.5999262798546001,0.672656025594817,0.5867691147197702,0.6066394988434061,0.626261460948504,0.6332038653716128,0.6552108318830514,0.6247584856779242,0.6929176543122892
2013-04-16,0.7625316042985495,0.5768958783486072,0.6795984600194046,0.5911833241595412,0.6115879632798943,0.6294869582246307,0.639529302217251,0.6595087439085964,0.632171229705421,0.7026245527366266
2013-04-17,0.8047415366664595,0.5850939206469516,0.684706198872667,0.595955790230212,0.6158614170791862,0.6340171657172519,0.6448080281792757,0.6644988135819018,0.6401028802729817,0.705108378218544
2013-04-18,0.8010711077649022,0.5867988979953668,0.6878089157877726,0.5987740824800212,0.617484779988886,0.6331700259471579,0.6467062801743885,0.6644669259218036,0.6418995892074736,0.705530644491854
2013-04-19,0.8157528233711318,0.595167568167321,0.7022680710973558,0.609151159853251,0.6293967556883462,0.644073659382125,0.6594038254419525,0.6759595824250416,0.6552689565804787,0.7185415378104363
2013-04-22,0.8423634329074228,0.6014785619839087,0.7072516100414142,0.6109853715725436,0.6318485106542189,0.6480710153443706,0.6566077710342878,0.6788703571853731,0.6565495198963125,0.7183158274572804
2013-04-23,0.8166704305965211,0.5842130635283873,0.691159432068495,0.5927283842699818,0.6151859030964865,0.6308668602881714,0.6391774440045114,0.661046996646183,0.6368735787469425,0.7007906306979496
2013-04-24,0.8230936811742465,0.6003666760727524,0.7073970686996064,0.6042775682481477,0.6247778913355527,0.6432835978923797,0.6510066939548368,0.6736976618374729,0.6504403702694279,0.7131015516063449
2013-04-25,0.7983182860887342,0.5892774366515572,0.6956056728828877,0.5956180901860582,0.6149790085160458,0.6342394246500798,0.6417512892951307,0.6653431399757429,0.6362468174253286,0.7075514398791848
2013-04-26,0.7432618525653731,0.5724160929194444,0.6803470644536226,0.5852433634934625,0.604161446141578,0.6232226520152264,0.6310034698058584,0.6539598572981614,0.6270106620471717,0.6977048465315963
2013-05-02,0.7478498886923199,0.57967210016992,0.6863390840212031,0.586730106335494,0.6042163323580817,0.6254303358258313,0.633263439014466,0.6538282678195789,0.6303965266975748,0.693010351628078
2013-05-03,0.7928126427363982,0.5841507377075089,0.7036964976324994,0.5979592469952235,0.6142281524612184,0.6370563146122532,0.6441297209482812,0.6641518287345385,0.6398772129433019,0.7054650045851756
2013-05-06,0.7875929938894233,0.5926043731712615,0.711997632057606,0.6076573627374767,0.6226013115771557,0.6451900846842745,0.65252960505916,0.6708349015601676,0.6484266142461085,0.7124906795495649
2013-05-07,0.7942559152064121,0.592610523517512,0.7153067506477181,0.6064194371281337,0.6241037702071869,0.6466117387012513,0.6531138944274272,0.6719197207653677,0.6491599597450144,0.7150360785222534
2013-05-08,0.7940179537308054,0.5978156840834672,0.7229150877259357,0.6139168716076924,0.6302802893230737,0.6521149021295883,0.6582786020203792,0.6765985593679499,0.6558010754312871,0.7202779881078296
2013-05-09,0.7742671512554455,0.6012460112606521,0.7239039960191925,0.6159824282816206,0.631970622707787,0.6537139227501872,0.6572291452586732,0.6770325808352701,0.6549216127688777,0.7194481478937877
2013-05-10,0.8052913786376749,0.6058336927650102,0.7294440181700738,0.6197002288143636,0.6356167894539352,0.656861479654506,0.6610970302557548,0.6834935968124625,0.6605781697572661,0.7274452844475363
2013-05-13,0.7972601788359472,0.6017585036238036,0.7328884579346182,0.6239298329367211,0.638268338863925,0.6598606172089432,0.6626268993375183,0.6843010864541806,0.6625275458048127,0.7295400643002276
2013-05-14,0.8341739527394436,0.5953565064768123,0.721733910998298,0.6162548299746308,0.6313917799234449,0.650844591722299,0.6554528959369637,0.6758014204985817,0.6535721012213371,0.7236032061085899
2013-05-15,0.8368510193400195,0.6047719033658888,0.7305084721387769,0.624804833379928,0.6407416888286941,0.6573212008178607,0.663978054249745,0.6803608542427616,0.6607456435263067,0.7308437423131153
2013-05-16,0.826499695151126,0.6047307115935481,0.7329541871143685,0.6244257064856381,0.6449965238774383,0.6610091575625358,0.6679132442418733,0.6839958861541213,0.6660235529884532,0.7346900850671572
2013-05-17,0.8343821690305993,0.6077973274342945,0.7439912828740839,0.63207334269826,0.6523266916780601,0.671613219783663,0.6758496313001132,0.691204459281932,0.6742435269718264,0.7410214271701313
2013-05-20,0.8479757183246346,0.620795824379092,0.757185393532154,0.6429949237227555,0.6623608346331676,0.6779368856486635,0.6827520142993114,0.6990588582211246,0.6833028950919315,0.7358572294578838
2013-05-21,0.8718313562542108,0.6246989537670875,0.7702058765037998,0.651006632577567,0.6713917756435371,0.6853291786074001,0.6904721712555251,0.7066860791637403,0.689308473663616,0.7404169554622971
2013-05-22,0.8933966149810719,0.614272620456381,0.7608236862353593,0.6404324254763863,0.6627084388335752,0.6767284660468897,0.6842309382896423,0.6989048998842758,0.6835423119531904,0.7391600614189142
2013-05-23,0.8504148234496036,0.611078972980898,0.7590555392712599,0.6361824849445388,0.6558529560799132,0.6724234435895162,0.6793926192471141,0.6935904897747308,0.6767463577571469,0.7342996505863781
2013-05-24,0.8594573595226599,0.6235493713982336,0.7723114485395514,0.6453974824086475,0.6667933141695218,0.6823923807956644,0.6877134679316278,0.7024836048478377,0.6845547146401105,0.7422280308665442
2013-05-27,0.8751033265438032,0.6308511209351712,0.7753148778937758,0.6502352304679834,0.6718628316054461,0.6875193317565865,0.693085043143627,0.7091940482448357,0.692310994645117,0.7506204226975033
2013-05-28,0.8657038482573367,0.6276226853125593,0.7710954809961987,0.6442131498904662,0.667357451403622,0.684074538879296,0.691961566982525,0.7099136047638727,0.6953738281290094,0.756050110431352
2013-05-29,0.8731698895544983,0.6291269831040835,0.7759037102854548,0.6459014719571768,0.6728194082281876,0.6891631182365306,0.6958085107378951,0.7116939045964937,0.7034919471283791,0.7620711879246612
2013-05-30,0.8582675521446259,0.6284908070977245,0.7777457656123612,0.646849600923189,0.6719808847479507,0.6920455206144384,0.697055674047929,0.712966107962984,0.7044516342031001,0.7640769496894763
2013-05-31,0.863413469054622,0.6274828699747873,0.7734852483116738,0.6407570962863954,0.6675028599940698,0.6875074766474241,0.692415905155763,0.7053996748079986,0.7002686162363118,0.7574473909923851
2013-06-03,0.859427614338209,0.625983284758874,0.7689148921006106,0.63457307128331,0.661919139313995,0.6831841435756363,0.6871274041399897,0.7004901268822964,0.6954839941209664,0.7565935129560944
2013-06-04,0.8782265709111418,0.6143333173277327,0.7529140284554774,0.620537775238489,0.6476509517209691,0.6682501655666045,0.6732156572123802,0.6878055727965081,0.6848632677556866,0.7331153427979674
2013-06-05,0.8505932945563088,0.6150117665816645,0.755279937637226,0.6244578168112308,0.651101899288146,0.6720976338158098,0.6767961083603724,0.6910861544116704,0.680724558804759,0.7339169260806766
2013-06-06,0.8194500864362758,0.6040339068012156,0.7419882908993441,0.6127787311906584,0.6375858120330387,0.6603254022875182,0.6658053914423469,0.678745932027878,0.6697390901152871,0.7183498279551435
2013-06-07,0.7978550825249638,0.5934447646302746,0.7295053481849012,0.6001751018089354,0.62488894608854,0.6497275381972136,0.653616685315011,0.6672529296475783,0.6572474414168294,0.7065272469251405
2013-06-13,0.7882473879473414,0.5763072355102604,0.709919298129321,0.5824169599936941,0.6054336844495238,0.6321214227455995,0.633800194375036,0.6460088141464085,0.6403228383465086,0.6822995646436163
2013-06-14,0.7880391716561855,0.5913507670899442,0.7269169505734266,0.5935851077843837,0.6163784822159243,0.6433480223044085,0.6425781809635582,0.6574595156814048,0.6470466908374214,0.6921630104039432
2013-06-17,0.8096341755674975,0.5929678446100655,0.7311875949981039,0.595621062288195,0.6183653366200423,0.6430867889183062,0.6433721723957149,0.6600097485726072,0.648145751069786,0.6913782279281155
2013-06-18,0.807105834889176,0.5856025774508127,0.7329822349483374,0.5977328367592649,0.6178663590127753,0.6426320367440629,0.6463910811710512,0.6611884606598734,0.645913768294488,0.6957094626496751
2013-06-19,0.7963975684868723,0.5811282752161206,0.7235555030453534,0.5966898251728129,0.6151539100825132,0.6395777616008057,0.6440299989375363,0.6580421485598261,0.6434106186418026,0.6910024016183531
2013-06-20,0.7607925826992132,0.5597049139683437,0.7002493047824708,0.5783122931417946,0.5950748776888399,0.6185189733885982,0.6247889122283833,0.6394157245315157,0.6249308323964635,0.6764284274619886
2013-06-21,0.7753379778956755,0.5569771868893343,0.6990114758848328,0.5729688595488227,0.5907999845991063,0.6125131296617898,0.620703787133019,0.6355237603534447,0.6198557408832861,0.6737667419162392
2013-06-24,0.7168292000808671,0.52518284913913,0.658700322552161,0.5381699900069207,0.5545859088105182,0.5752392842423787,0.5832972470615951,0.6008793286555806,0.5837998259170594,0.6350946413614651
2013-06-25,0.7152824504894233,0.5249125274392408,0.6544415526036771,0.535680505239478,0.5524189620991992,0.5713067129635762,0.5806843607015125,0.5994202368128275,0.5794609237006267,0.6304351557610433
2013-06-26,0.7176620652454906,0.5404353493205701,0.6682657912418385,0.5449446405653697,0.5637213085226851,0.5822784446197489,0.5909429196095527,0.6077115118042791,0.5905325042499735,0.637008641672144
2013-06-27,0.685596756407482,0.5302223550498951,0.6544521765159167,0.5349456474076449,0.5539112976633995,0.5716781928720781,0.5785722024577241,0.5983667561842799,0.5786548996702358,0.6241099747763316
2013-06-28,0.6698020634640842,0.5301324054436874,0.6510862736074605,0.5320532992688692,0.5519077680824214,0.5701162699162301,0.5770049953366858,0.5973515103635798,0.5774057279800429,0.6252467660321195
2013-07-01,0.677833263265812,0.5452044517691229,0.6667116702746447,0.5427464898937494,0.5623524058832753,0.5814530763408439,0.5878806805584641,0.6094142527559219,0.5879389744236485,0.6354960130795384
2013-07-02,0.6841987327382923,0.5537987520120632,0.6780799654086747,0.5510284516020468,0.5706748719825554,0.5918159882583551,0.5970927708535747,0.6191483200011372,0.5997581397713279,0.6482765930073466
2013-07-03,0.7140926431113898,0.5538426780757124,0.6812655879522037,0.55224301375702,0.568933320365843,0.5915682617434379,0.5970422324032979,0.6181713757985247,0.5981914569681843,0.6456210583735602
2013-07-04,0.7225997658643308,0.5550916684471058,0.6832180625260753,0.5554533488390742,0.5728285248041609,0.5935256232729488,0.6027480624549084,0.620735680058963,0.6036854341933072,0.6524803675398838
2013-07-05,0.7098093365504683,0.5476061307071837,0.6784815877207543,0.5489989355631946,0.5684116197021929,0.5896884093948174,0.5988048910488278,0.6166378466361698,0.6037535669132963,0.649359527331782
2013-07-08,0.6718247360067418,0.5270663094466032,0.6528326954655782,0.5261652812295164,0.5440518631365566,0.566830968321959,0.5753904381567752,0.5936427541862822,0.5826772251981929,0.627614334353468
2013-07-09,0.6731930144914805,0.5330119379180308,0.6576581517184705,0.5286331540880366,0.5474637975320246,0.5694156997051579,0.5799936977043177,0.5966916069232588,0.5868244959119212,0.628205821621733
2013-07-10,0.6900585340751086,0.5489715286467344,0.6753209447126975,0.5439043926521356,0.5629541421725444,0.5870136959336473,0.5963088306826876,0.6134525557567584,0.6034784441629014,0.647845037604347
2013-07-11,0.7071322699498925,0.5641060463365132,0.6901908858062633,0.5558670670215149,0.5764279558926206,0.6005568828451893,0.6113717477417476,0.6305437367023957,0.6176035246209765,0.6619257106887444
2013-07-12,0.6944013310049316,0.5634123124551949,0.6906526128014923,0.5540609737633536,0.5724686989945963,0.5970664074557278,0.6068922737087526,0.6288370322054568,0.6126756356197218,0.6549183188112497
2013-07-15,0.7087087647257871,0.5744178409541374,0.7043152392863854,0.566711263568987,0.5838394247521705,0.6098509849809128,0.6202328967645321,0.6400802411807299,0.6212799146043078,0.6618052315811969
2013-07-16,0.7234028858445037,0.5852031988171387,0.7116919642565046,0.5744361233597183,0.5916246506715127,0.6165832027075804,0.6265542098890502,0.6466290598509289,0.6285586642375584,0.6684611407936228
2013-07-17,0.7052583233294895,0.5772135115549893,0.7027779135949918,0.5678765427335627,0.5839937487950341,0.6075467266617391,0.6182586237241422,0.6383746963644213,0.6197605608072014,0.6557164157863116
2013-07-18,0.7011237426908222,0.5776445073317346,0.7058551635845557,0.568755406314985,0.5835583865426627,0.6075232631792029,0.6178768140087371,0.634185083898597,0.6184250648928892,0.6550828268227548
2013-07-19,0.6813729402154625,0.5702499944140993,0.6895616266791279,0.5575853008870764,0.5691390534131614,0.595258145350377,0.6046502236593793,0.619024162190375,0.6035617532143821,0.641714971543698
2013-07-22,0.6902072599973629,0.5859251594672683,0.7024471873796518,0.5703768843013604,0.5812622410294941,0.606499775926265,0.6136377548389043,0.629602671307964,0.6150787199874813,0.646551839371464
2013-07-23,0.7027299826511677,0.6010921061817167,0.718855160354837,0.5834806428679454,0.5956344567173051,0.6214037705684644,0.628566499698426,0.6442848812574984,0.630562371127468,0.6621357185696126
2013-07-24,0.6983871857213446,0.6054112773451077,0.7243863989352205,0.587783486740057,0.5997529067899428,0.6259156923604541,0.6322345438560455,0.6469850967827115,0.6341115575332801,0.6663929158318238
2013-07-25,0.7016889011953882,0.5958597769136184,0.7096425550668566,0.5727797264482065,0.5876939197131497,0.614138173424911,0.6201391683576494,0.6366925957863799,0.6230775054915325,0.6619448267337721
2013-07-26,0.6902667503662645,0.5926014619594727,0.7090397250939376,0.5740936793106184,0.5878097829336961,0.6147091713189753,0.6198362613814947,0.6366654808402016,0.6217422995707792,0.6614012021241689
2013-07-29,0.713081306840061,0.5820453731352899,0.6970162583143176,0.5645397348307173,0.5774368700933282,0.6043761248044216,0.609601973250381,0.6263644211110254,0.6131710576141639,0.6550995869755124
2013-07-30,0.6912185962686914,0.5817499523981708,0.6936055801575957,0.5640900787257448,0.5753547859346918,0.6040700284222372,0.6092500417954743,0.6273872475268374,0.6122924509491245,0.6580449270203913
2013-07-31,0.6945500569271859,0.5882627661354267,0.6975959782617926,0.5661302881878081,0.5779443707584306,0.6064998060544731,0.6115222430771966,0.630902002756365,0.6172194458920889,0.6596913958222316
2013-08-01,0.7046039292715707,0.6066423247223279,0.7172315538077781,0.5840425088168677,0.5955053593147621,0.6233381677464087,0.6279497997752699,0.6461820265820866,0.6322289583546918,0.6767975782067757
2013-08-02,0.7135869749757253,0.6111592993865131,0.7218204666837507,0.5888105184698994,0.5982586193549609,0.6254271567620401,0.6295798475711948,0.6485176751508046,0.6323057067835735,0.6823795085212941
2013-08-05,0.7203093866616159,0.6204542201776044,0.7293211204626409,0.5979885515656486,0.6085580293569338,0.6359890348245103,0.6397120632052967,0.6580251145493372,0.642878370591788,0.6887682389382017
2013-08-06,0.7247116739603408,0.6235020507412651,0.7368429126416979,0.6049131583045697,0.6144586617466451,0.6422970926802642,0.6466949159688984,0.6646929628008754,0.6493034486973682,0.6988619384389115
2013-08-07,0.7431536883198635,0.6183571733520157,0.7264932519301289,0.5971486347855732,0.6073890130019974,0.6358267298633927,0.6399949517754703,0.6583559909306214,0.6416906033598292,0.6923721480920637
2013-08-08,0.7352712144403901,0.6160425070705622,0.7301911199133215,0.6001759858953553,0.6095812412683924,0.6384571130423449,0.642927684378394,0.6616287963729323,0.6445036251891015,0.6937098609165195
2013-08-09,0.731880263412994,0.6171153822826736,0.7303535979112611,0.6019007598022859,0.6113308815928704,0.6385714697557636,0.6455151379437661,0.6647741693093372,0.6489419612631521,0.6946492045968982
2013-08-12,0.746276932687202,0.6250166614446214,0.7358803968857527,0.6096967008061543,0.6196470452322019,0.6478717996100403,0.654929564838886,0.6730741214515329,0.6599368148754977,0.7065094417147119
2013-08-13,0.761833664154993,0.6355242487800072,0.7427237507649013,0.6128341660965162,0.6234812268275184,0.6530648430225903,0.6593592730139751,0.6756666148327759,0.6617703093259202,0.7094108952104009
2013-08-14,0.7494001770545405,0.6370139489477735,0.7413702218567194,0.6138814308484967,0.62191096082293,0.6518617460841695,0.6582185443274623,0.6744243112597658,0.6592451852207495,0.7091125935661441
2013-08-15,0.7326833833931666,0.6369314166315655,0.7364074997045644,0.6093095906016698,0.6155262072287526,0.6466771950571053,0.6515566586820514,0.6685864381696563,0.6532802858504891,0.6992315622927219
2013-08-16,0.7250091258048492,0.619064316201199,0.719999160244289,0.5949939879401263,0.6010949007903702,0.6332534752296848,0.6384964912544664,0.6563945393039451,0.6404132564273095,0.6857361842203159
2013-08-19,0.7320289893352482,0.636511175013939,0.7348235580967324,0.609057910224608,0.6141267626221989,0.6466810777547874,0.6513411537802956,0.6676673995970542,0.6515136775084862,0.7042600433306633
2013-08-20,0.7270317983475066,0.6238060934599479,0.7367159679220353,0.6116367200847664,0.6158998006185564,0.6482345065770208,0.6504158060483293,0.665924053909954,0.6500236763324125,0.7085274500410506
2013-08-21,0.733040325606577,0.626798476030254,0.7451184692442733,0.6176550855720376,0.621086886535678,0.6531885412958588,0.6545004049029436,0.6700840388498718,0.6519255228574768,0.7151648363035994
2013-08-22,0.7307202012194112,0.6281361186003519,0.7479909092394628,0.6190308499072633,0.6221244606017159,0.6535059426072908,0.657337949694056,0.6702697986142082,0.6508066744595559,0.7142385975551031
2013-08-23,0.7467826008228665,0.6278792925000685,0.7447291461624823,0.6172182805513083,0.6206925805370683,0.6518310258696325,0.6553070888791055,0.6692247454798674,0.648243916046981,0.7083225307157046
2013-08-26,0.7559738628181771,0.6361711094163162,0.758717081243837,0.6281904507416904,0.6341144430119054,0.6648429857557343,0.6691719324583512,0.6827061536459322,0.6623315734313658,0.7196900482447606
2013-08-27,0.7512741236749438,0.6429975386827137,0.7640849434595655,0.6346749709645452,0.6402651330075848,0.6700526300818826,0.6775152064948051,0.6893802543905294,0.6697220867911493,0.7270884214724639
2013-08-28,0.7418746453884774,0.6362701885764592,0.7584313057302634,0.6284335513866238,0.6357775161929544,0.6639017202190931,0.6732898223985102,0.6857974245701879,0.6649311407745208,0.7188260968999366
2013-08-29,0.7295006486569267,0.6327223295782294,0.7573612770086362,0.630372551238864,0.6352022839341098,0.6640433220384762,0.6752935638835338,0.6863763202247866,0.6621011192518018,0.7206165639988877
2013-08-30,0.7233433954756021,0.6192432650774978,0.7448599372340187,0.6172186988390516,0.6241936371566086,0.6531998643842567,0.6683811196756859,0.6782070279638107,0.6580306501806433,0.7166118332709662
2013-09-02,0.7419341357573792,0.6246905014530894,0.7509917863416815,0.626082696586663,0.6295735861012702,0.658149740936489,0.671067930963167,0.6831405904999432,0.6594734331305202,0.7224493982857807
2013-09-03,0.7477939370941952,0.6363620573146747,0.7607650675171924,0.6363684786980741,0.6401412020884527,0.6684928034737124,0.6795766978472227,0.6945553346629117,0.6674422385060426,0.7321461122436264
2013-09-04,0.7626665293196166,0.6368447486644065,0.7647813567771863,0.6342863217016635,0.6419497186032265,0.6701319354526544,0.6820682482783792,0.6956057259834759,0.6701683507240307,0.7295166018703216
2013-09-05,0.8206696389987608,0.6361836195079238,0.7679128210582536,0.6388954349637173,0.6440758353565977,0.6712635939274587,0.6827947717884373,0.695161613468558,0.6685170523210622,0.7278771712221529
2013-09-06,0.8276895025291596,0.636259520935835,0.7747549442862384,0.64370496064291,0.649147049089649,0.6762052149972861,0.6893284767465613,0.7005832351601414,0.6726571666736957,0.7391548787931027
2013-09-09,0.8229897633859264,0.6416361369713829,0.7776726473421806,0.6422190200029123,0.6534621868793739,0.6816435882577985,0.695499327891906,0.7060417653424448,0.677540679603648,0.7456952927172248
2013-09-10,0.8257263203554039,0.6473032602535931,0.7816261897932801,0.6472278957484606,0.657529401018841,0.6865768234101816,0.7018460393571233,0.7112891736229855,0.6868361774585102,0.757229153704044
2013-09-11,0.8064216956468068,0.636011103778635,0.770718200007167,0.6365597011354578,0.651061833593242,0.6808521092765085,0.6962614790785124,0.707025928416051,0.6831857393454313,0.7496153634066448
2013-09-12,0.8195095768051777,0.6366856542184925,0.769368388756959,0.6358574664431326,0.6496911993206623,0.681187944253156,0.6997398896635122,0.7085363494936852,0.6824752972755771,0.7539337061083371
2013-09-13,0.8089500363251284,0.6422224967384853,0.770479873049946,0.637856524506996,0.6511340478179964,0.6845447327973093,0.6988823412701841,0.7109414091575499,0.6850744276456688,0.7539712475241916
2013-09-16,0.8226030759880654,0.6488938436783658,0.7719194772657978,0.6398422863436475,0.6531020348497282,0.687369395434141,0.704221140747426,0.715328067189712,0.6871687452209905,0.7567524189988933
2013-09-17,0.8048154556864613,0.6451605260371034,0.7633547915700329,0.630102932145637,0.6423085884851405,0.675636230880411,0.6916703483897821,0.7020991865375207,0.6721675328970715,0.7430978707124912
2013-09-18,0.7965760395935778,0.6516948214651507,0.77091554466673,0.635790415952495,0.6470610582842887,0.6811859645128061,0.6987911243295788,0.7091981747127271,0.6787993834851563,0.751485648330279
2013-09-23,0.8414615229299003,0.6660793559669385,0.7876821742747412,0.6495997050817865,0.6606979551720004,0.6951265187175284,0.7132173350061239,0.7235204186220019,0.6887988052538346,0.7614255679543532
2013-09-24,0.8165053131756428,0.6647401891355207,0.7906935725176131,0.6515482243490814,0.6619914488966997,0.6972069731600372,0.7156741174031793,0.7275263547827003,0.6855157774001759,0.7626594961957955
2013-09-25,0.8097829014897521,0.6575562038798921,0.7893504538159984,0.6477385917416614,0.6598823838551596,0.6933900175127621,0.712432805734932,0.7238188721431853,0.6801111379836019,0.7570412808456741
2013-09-26,0.7862544605891353,0.6468259942436785,0.7762159774543977,0.637956145230141,0.6480815452122907,0.6800169858108952,0.6974379812055536,0.7094122337007899,0.6664965925240451,0.7432036353959323
2013-09-27,0.7934230500417886,0.6476768387558992,0.7748417590312036,0.6389642653348838,0.6495244546616986,0.6811749502558102,0.6980833731059971,0.70994478216097,0.6653038155734162,0.7416204220773595
2013-09-30,0.794672347788724,0.6554651298044104,0.7835880546175197,0.6501209880682806,0.6586807603341367,0.6913056101974862,0.7080569835805289,0.7199710681367658,0.6704478811606104,0.7502756906001006
2013-10-08,0.8097234111208507,0.6658269052442596,0.799185167600831,0.6610937066744943,0.6703608764306638,0.7032881491651728,0.7171052940339303,0.7300091873667442,0.6805656971204916,0.7585654517142105
2013-10-09,0.8050236719776173,0.671714784130874,0.807565148585872,0.6712000650641611,0.6765242708023692,0.712657765663308,0.724745777665536,0.7408647472954734,0.6861387038662852,0.772611878662757
2013-10-10,0.8019599179791804,0.6693515471296279,0.8032564568297884,0.6648972752792666,0.6703105942542134,0.7093537955963086,0.7202070817408062,0.7376567749852102,0.6823100634291658,0.7660511534649297
2013-10-11,0.8270945988401429,0.6743040434474641,0.8139616683810339,0.6720699887853568,0.6795242662237255,0.7198319829436935,0.7320840893407673,0.7501928747135025,0.6932664744394312,0.777340112029021
2013-10-14,0.82593453664656,0.6814144668022292,0.8220015621393245,0.6810137139164505,0.6871317588255482,0.7273942434406966,0.7399010592286298,0.7583214411917457,0.7025918597650225,0.7890168413547145
2013-10-15,0.8088013104028745,0.6751659535810336,0.8203449273485282,0.6810953101710845,0.685628100817755,0.7269035390505528,0.740180997757931,0.7601313034189336,0.70082247368731,0.7929293674819937
2013-10-16,0.8122517517991723,0.6519653210339914,0.8031091200010616,0.6581093971326072,0.665257044712317,0.7055681616163608,0.7194681536657884,0.7395801089197067,0.6795957607850663,0.7709103599228988
2013-10-17,0.8060944986178477,0.6572743699204927,0.8062836711079627,0.6588435973133578,0.6657559308660893,0.706280551614329,0.7171678831514812,0.7402462658979021,0.6827575090966729,0.7716447922017104
2013-10-18,0.8087418200339729,0.660447349319841,0.8097232265491183,0.662452229495407,0.6703919494166979,0.7108107933831596,0.7214506456251107,0.7437731498975031,0.6827262756104704,0.7730391566541116
2013-10-21,0.8238523737350011,0.6796578074523554,0.8343425112037235,0.6801232571929045,0.6874883710245956,0.7270151937732401,0.7387013576800926,0.7613221526862456,0.6984278027770325,0.7887053972857873
2013-10-22,0.8459827909664285,0.6751092960024397,0.8275938935411157,0.6736820351739325,0.6822953217876525,0.7207478457840988,0.7310236180835677,0.7530808075640136,0.69473180583238,0.78300572066433
2013-10-23,0.8106157666543762,0.6630066932138583,0.8078221511794837,0.6575504682611081,0.6667466654492676,0.7014352489502359,0.7100717151464453,0.7331475707674161,0.6812749767003015,0.7613269885793236
2013-10-24,0.8143636598951821,0.6559589467364159,0.8035966565604051,0.6534936604607384,0.6631173473399893,0.696788168815945,0.7063204903973067,0.7314555994209846,0.6750696087501907,0.762945577234746
2013-10-25,0.808890545956227,0.6498931843100259,0.7898523047173444,0.6424660017430086,0.6496281850937022,0.6843336656935772,0.6923880080061806,0.7180077577533891,0.6640999368669336,0.7453636483341322
2013-10-28,0.7527911280819369,0.6509348635847908,0.7900669786727771,0.6416233376517544,0.6489275392383416,0.68275708548166,0.6924734618842768,0.7177154737806275,0.6612690135151587,0.742361847879253
2013-10-29,0.7088872358324925,0.6290185562990414,0.7679738652359113,0.6220705919259887,0.6301940543839275,0.6628597860201214,0.6743775096125828,0.7001285957723665,0.6458895729255899,0.7228858617228763
2013-10-30,0.7145388208781527,0.6333974249518262,0.7805890362607336,0.6321572963274096,0.6404591263426065,0.6742286068865222,0.6861204675104053,0.7115211306848144,0.6582885405212846,0.738577806415239
2013-10-31,0.7026110019133646,0.6261743367582381,0.7717451562979992,0.6252321103716653,0.6344482499488463,0.6685346398307067,0.6784348213680471,0.7040150470457859,0.6517223100980629,0.7297905216967124
2013-11-01,0.6993985219926736,0.6252414944167441,0.7689668537015085,0.6219679468046722,0.6307097732702521,0.6665288112091327,0.6762738732412031,0.7012378260551599,0.6504237280469807,0.7262044587828768
2013-11-04,0.7069240536587369,0.6302932103568285,0.7755025259513915,0.626626687625598,0.6347179530165622,0.670645439347758,0.679911090431026,0.7050909802909926,0.6564617967416132,0.7334429154906996
2013-11-05,0.7246819287758902,0.6407137792717864,0.7867091619750455,0.635309896734498,0.6442134330662848,0.6798921845592623,0.6890245474697793,0.7132666763476694,0.6659327865472865,0.7431868739261014
2013-11-06,0.7161450608384982,0.637742490737877,0.7830936346824083,0.6330631481811946,0.6400651265048626,0.6747632691885492,0.683024171523923,0.7058912843068487,0.6602173138923215,0.7441467149077546
2013-11-07,0.7011832330597241,0.630001114363284,0.773604556201248,0.6269429266910257,0.6321524785005903,0.6670162302428009,0.6728368172551845,0.6972205975402647,0.6530314285750042,0.7339336971907786
2013-11-08,0.6829494349913572,0.6195228500698688,0.7640145675215597,0.6179450453812447,0.6229611208522041,0.658027527561525,0.663589573956072,0.6883742497229589,0.6473337905382578,0.7209127177541612
2013-11-11,0.6883630585614107,0.6205493614047201,0.7707492997420339,0.622952693971918,0.6288820408036218,0.6629430116014433,0.6680622494999396,0.6914889481155003,0.6496679029064211,0.7298722661030419
2013-11-12,0.697197378343311,0.6284296096635642,0.7783408449774797,0.6303959936175326,0.6358040516065475,0.6682525490541047,0.6730813373026322,0.6975600154920042,0.65595327869278,0.7407259408472197
2013-11-13,0.6766434558877784,0.6157096945717843,0.766447704360659,0.6198463407134198,0.6255973581774579,0.6566176567856893,0.6596945866803263,0.6846050700660794,0.6429254423790794,0.7270523684590416
2013-11-14,0.6930627977046439,0.6255148024802174,0.7783478646906233,0.6317505440893239,0.6374260292183094,0.665754364244264,0.6689747722485901,0.6927899202498665,0.6499849389043272,0.7290850460232774
2013-11-15,0.7053773040672927,0.6383173726108471,0.7921766199285679,0.6436218859576155,0.6505170690729972,0.6784610905885888,0.6837793728865346,0.7057626066889257,0.6638790929309832,0.7444596413283073
2013-11-18,0.7124566579665935,0.652001154265558,0.811695882840856,0.6582502347121986,0.6651853242884245,0.6926444883088755,0.7005149373793217,0.7209338848425165,0.6771470909658263,0.7619786200027379
2013-11-19,0.7141223882958406,0.6554387444260921,0.8148449255716108,0.662436676737776,0.6666837931404067,0.6950027401467807,0.7035482783848741,0.7228672592293202,0.6804015028402647,0.7628059693117298
2013-11-20,0.7165020030519079,0.6602523046461962,0.8244712957175007,0.6690489610369192,0.6723542220538176,0.7014802540737902,0.711822012137583,0.728562042696832,0.6879463391790479,0.7660631360422109
2013-11-21,0.7184651852256637,0.6576879514864851,0.8237996394265481,0.667163143334178,0.668497276765361,0.6987751834706085,0.7095844075437405,0.7246985890880142,0.689240119310047,0.7621535714021335
2013-11-22,0.7105827113461902,0.6566333490197547,0.8212899599306738,0.6651766843050716,0.6662827923068451,0.6963816904725418,0.7050960852958681,0.7210518206758735,0.6858815938444577,0.7539460015836745
2013-11-25,0.7069537988431873,0.6543179475153634,0.82187176381708,0.6652170105969272,0.6669004097009109,0.698094337608151,0.7071224103548921,0.7206165185513976,0.6844317363277771,0.7536368772004064
2013-11-26,0.7049906166694317,0.6591041849789753,0.8278416357710153,0.6695301314705657,0.6709412656134062,0.7006535521836439,0.7098098261343628,0.7217807252079673,0.6851048454716908,0.761954549336859
2013-11-27,0.7108504180062479,0.6686357234788447,0.8370966011565217,0.6777157757364252,0.6794325710173985,0.7080444632123424,0.7175202921968998,0.7290534204267651,0.6937811599934193,0.7689179997879856
2013-11-28,0.7175728296921383,0.6718524997284657,0.8387594483809829,0.6835020944860104,0.685882632434603,0.7149164681918869,0.7232691504966836,0.7355279633029097,0.6975906208086586,0.771197837859404
2013-11-29,0.7154014312272268,0.6817512206447145,0.8487134734617382,0.6923175635583618,0.6936779323372527,0.7223286704519317,0.7286118790407322,0.7417012560250965,0.7019219226743174,0.7772828884835293
2013-12-02,0.6782794410325745,0.6371059245034023,0.7962008456226483,0.6505466353091052,0.655101513687448,0.682702393188798,0.6903489794767185,0.7069323544949714,0.6684332427362872,0.7353119907322894
2013-12-03,0.678190205479222,0.6435883358965514,0.8091496978753184,0.659851867844008,0.6669672226140289,0.695611698408937,0.7042564116301231,0.7227761130163258,0.6838710881470308,0.7547110194199416
2013-12-04,0.700737055292961,0.6490721762082715,0.8165081422235557,0.6685393537287739,0.6761103571307642,0.7046157381730836,0.7153900055625003,0.7336405238934677,0.697962271266308,0.774519977723687
2013-12-05,0.6960373161497279,0.6441454461031105,0.8148689276393425,0.6638143990935303,0.6753915654989503,0.7028290928329204,0.7139642879290984,0.7334762670139724,0.6979220146748848,0.7803756207694125
2013-12-06,0.6980004983234834,0.6430157907035559,0.8114787832265932,0.6630421763119171,0.6736735581355698,0.7003097176598395,0.7123360772987946,0.7313924534597583,0.695412866248205,0.7808386450462518
2013-12-09,0.6941633695293247,0.6543817710267288,0.8189533053537984,0.6703676657932373,0.681690809915748,0.708235258799057,0.7183504545368933,0.7393626302256131,0.7021200378840387,0.7948880440838407
2013-12-10,0.6943715858204805,0.6582006883703204,0.8186243004284499,0.6690871482115367,0.6808438769595803,0.7094373324306068,0.7214663600824632,0.7412051499206113,0.7042503821135941,0.7959380218939781
2013-12-11,0.6831576512825127,0.6525508522845285,0.8118771909227702,0.6632197130540142,0.6726365234986555,0.7023375195329791,0.7138949034044417,0.7338383496636293,0.699312477259791,0.7917519008100515
2013-12-12,0.6838120453404313,0.6552592145625813,0.8188125493180807,0.6688747972084743,0.6771479436131576,0.7078623270941865,0.7183475992039087,0.7382197254255799,0.7007931585278431,0.7910711244977487
2013-12-13,0.6935684658403078,0.6611984614582131,0.8208364058261897,0.672472919919972,0.6804760256632146,0.7105557704098648,0.7204694390029289,0.7422881595647409,0.7016391731783419,0.7886276706528129
2013-12-16,0.676494729965524,0.6587186444132022,0.8099405901059201,0.6634797093751621,0.6703415690596924,0.6993581326296333,0.7090468902468303,0.7329690997263146,0.6887863169769278,0.7767052679380717
2013-12-17,0.674977725558531,0.6595488827330102,0.8059037372192508,0.6591417449117448,0.6646346239058727,0.695252442337926,0.7051453774176837,0.7287758240417365,0.6845859447590702,0.7688655064125931
2013-12-18,0.6743828218695141,0.6539034280397005,0.8041082407176807,0.6587715411889612,0.6633785361396614,0.6946928243816217,0.7055063206877654,0.728353377456689,0.6828909693581386,0.7688248118029256
2013-12-19,0.6625144932736277,0.6516131027467854,0.7981968022954621,0.653637656925177,0.6566739374358643,0.6878126114171448,0.7014962799290151,0.7214329340437946,0.6779931000135411,0.7675353925736782
2013-12-20,0.646928016621386,0.6469335452816857,0.7879009369434877,0.6459371618394804,0.6491838203803034,0.6791073319048833,0.6924204629463314,0.7114956054439436,0.6698546394462896,0.7591632745842176
2013-12-23,0.6249165801277621,0.6439811968975263,0.7841073730160626,0.6439482478957619,0.6469309775889521,0.6769065242025643,0.6895463280709695,0.7114881645360244,0.6673952067173498,0.755256131076269
2013-12-24,0.6287537089219208,0.649872193877805,0.7902549077602601,0.6519214419371271,0.6541569692970965,0.6838051008895868,0.6957198042410511,0.7180446690171673,0.6733709858222399,0.76176450226002
2013-12-25,0.6307763814645782,0.6595392564955253,0.8052154960228329,0.664763474948628,0.6669407945141299,0.6944434541121426,0.7065384387277389,0.7270177446242333,0.6808502214434086,0.7649730130874267
2013-12-26,0.6149221981522789,0.6467468704867277,0.7924156072234881,0.6541170407234734,0.6551834459981803,0.68318415582366,0.6932128969676477,0.7135391727046309,0.6649355140049626,0.7495636535409194
2013-12-27,0.6261361326902466,0.6670534028446388,0.8065279387195655,0.6689272036235455,0.6684827758156793,0.6958361013398129,0.704411079133455,0.7244922358595474,0.6757074988905021,0.7570523295392493
2013-12-30,0.6288131992908225,0.6742644318361384,0.8123767362721175,0.6756908666912429,0.6725175694538941,0.6992038302097182,0.7083457799220867,0.7287249336290778,0.679080095738355,0.75980588300104
2013-12-31,0.6283075311551581,0.6701070528058726,0.8118818144552314,0.6728357702164537,0.6719739938200369,0.6976510795330707,0.7105729671507804,0.7328964200816,0.6853841210135776,0.7664146730084438
2014-01-02,0.6356843368989672,0.6750594833424438,0.8217549603469544,0.6822494474170366,0.6795475219595982,0.7040076857547847,0.7159939251999834,0.737384465709992,0.6876230991436327,0.7701333535435414
2014-01-03,0.635743827267869,0.6784432132151241,0.8190485367804103,0.6827879349192161,0.6778924222324049,0.7004065839790518,0.7110922442178681,0.7312688913039204,0.6797645098836256,0.7686334104628465
2014-01-06,0.6109958338047675,0.6514646355146525,0.7957480792970696,0.6640982291139522,0.6587158143698565,0.6803361579839471,0.6913288952152211,0.7114436795542672,0.6583741805000856,0.7445800311429982
2014-01-07,0.6112040500959235,0.6573378801833301,0.8014499698654017,0.670150273830746,0.6647677985279498,0.6854046998689808,0.6972009802727399,0.7147584238573484,0.6607682842845629,0.7492539986877755
2014-01-08,0.6122748767361538,0.6655780820719018,0.8090557078930104,0.6751817109725875,0.6695395336315303,0.689153410330484,0.6993473164956753,0.7153203703980344,0.6598170164652689,0.7469381112899531
2014-01-09,0.5868724892151339,0.653825575573113,0.7971541103801671,0.6624900805373334,0.6579502610110938,0.6778709636990792,0.6905084764094679,0.7067083474183451,0.6522997919519202,0.7375571030966667
2014-01-10,0.5878540803020117,0.6407154234708996,0.7855424566610971,0.6509092096218752,0.6471405141342125,0.6670433425149436,0.6801604213111146,0.6944705470566337,0.6413927266561579,0.7310804776177665
2014-01-13,0.5770268331619047,0.6381876327034115,0.7838252232873408,0.6504295042669291,0.6467470114273332,0.6672164551420149,0.6782477227160731,0.6933255823163229,0.6417419545623797,0.731321804711581
2014-01-14,0.5751231413570507,0.6557518408997688,0.8008382793773796,0.6650386350784465,0.6606278790408411,0.6804506558350409,0.691968261682448,0.7068935742431691,0.6538891102321774,0.7474611432189189
2014-01-15,0.5830056152365243,0.6666410565349972,0.8101996230451414,0.6720432503304555,0.6661567030022096,0.6856423726237562,0.6969671122736959,0.712078375108019,0.6571922908825902,0.7594695194684361
2014-01-16,0.586842744030683,0.6680306410048527,0.8103317227442637,0.6733520205531281,0.6662178890534962,0.6872075486975465,0.6968389696076014,0.71389122473843,0.6609790860317605,0.7542294691007432
2014-01-17,0.5849390522258291,0.6677409970481019,0.8021850353579716,0.669177488654542,0.6604239400855202,0.6803478250595563,0.6889937798040371,0.7061755143563553,0.6519218257134347,0.7440069186156881
2014-01-20,0.575866770968322,0.6666498446183423,0.7971289287869184,0.6652384504988047,0.6561051172465852,0.675629311532024,0.6839388932014577,0.7013058388698297,0.6465722702338956,0.7392329071028646
2014-01-21,0.5790495057045623,0.6819641351359028,0.8098551861741844,0.6770824687321659,0.6671838575054344,0.6872395782495805,0.6958941786305531,0.7116364201632988,0.655080232397358,0.745479982260154
2014-01-22,0.5969858519284206,0.7019594725977063,0.8300589589752853,0.6914573349536414,0.683092998653253,0.7031025338086158,0.712460691796486,0.7275923739202931,0.6725819154223216,0.7605172414539735
2014-01-23,0.5987110726265696,0.7117414180088015,0.8382629139025013,0.699836158636648,0.6900491509213232,0.7080951633564404,0.7185764319685584,0.7305973577203111,0.6762227247898366,0.7612933858082177
2014-01-24,0.6026969273429825,0.7258459478740134,0.8486839370933692,0.7086907775463136,0.698267469299099,0.7172672607434192,0.7298543139827357,0.7394766757765113,0.6844936952169949,0.7677725340393949
2014-01-27,0.5981161689375527,0.7264415285924777,0.8509510855021731,0.7074305504818386,0.6968250608116203,0.7168739413438863,0.7274118798997351,0.7360694910252001,0.6848308969897587,0.7662635071224381
2014-01-28,0.6063258398459855,0.7230815411680787,0.84835936572165,0.7051602843957636,0.6957330982352524,0.7146971638717162,0.7256267438074663,0.7342710790424843,0.6839079086584383,0.7705052161038201
2014-01-29,0.6037974991676637,0.7336015968497013,0.8597889593647947,0.7138237620793644,0.7041125833817471,0.7222961431578682,0.7353289360234357,0.742023917114958,0.6915417763327805,0.7726216778987242
2014-01-30,0.6121261508138999,0.7303744516557052,0.856107178980197,0.7096954966531442,0.7007250616277327,0.7184810485058252,0.7332707899640956,0.7384809487100669,0.6896493489006643,0.7624456821427243
2014-02-07,0.6138513715120487,0.7467361056629479,0.8715831525955519,0.7256183728376832,0.7159395588230995,0.7347831915716545,0.7458718696450669,0.7528987582033223,0.699547765359692,0.7758855702125463
2014-02-10,0.6405922923333565,0.7606554324635254,0.8935378892233429,0.7460135996226582,0.7351692347893607,0.7562729003643328,0.7674142269702792,0.7734373095386908,0.7161109632110769,0.7996878363071094
2014-02-11,0.6306871459112258,0.7603412903431717,0.8931463872663704,0.7460667139336684,0.7349180731868136,0.7581384867766158,0.7710644017258805,0.7768172149824878,0.7223497843732262,0.8064585342779216
2014-02-12,0.6515682653957177,0.7669447102255053,0.9033666891428334,0.7571838871886711,0.7428532821268159,0.7682737942929757,0.7813089699274561,0.783357491891472,0.7301279692386594,0.8220863520119125
2014-02-13,0.6389860523730109,0.7496182633162412,0.8868670092032537,0.7422830612863738,0.7288980015447417,0.7532848660537182,0.7678529617998526,0.7710990077133762,0.7198241856597779,0.8122239955988327
2014-02-14,0.6544832934719003,0.7617530191842479,0.9071496907585658,0.7603594890620103,0.7414750870470198,0.7677884758780212,0.7826261508723629,0.7850842507601626,0.7331425527612243,0.8333850615011675
2014-02-17,0.6651023243208513,0.7789048646647808,0.9328850010281277,0.7805401535358866,0.7581068319909569,0.7825721137564314,0.7977763475322834,0.8006563546585488,0.7451731465566658,0.8553310340193089
2014-02-18,0.6704267123375522,0.7735611214008046,0.9370015728958068,0.7831402835241584,0.7582064548519669,0.7828999304557213,0.797491139505217,0.8005453377238263,0.7433410802199861,0.8568797585593039
2014-02-19,0.6751561966652362,0.7740327422284001,0.9374285971162136,0.7824564817713372,0.756764487270549,0.7829677333219028,0.7978679891350706,0.8012406525920206,0.743329850723234,0.8624517988158868
2014-02-20,0.6645371658162852,0.7721550191948994,0.9247383768993794,0.7727711521223586,0.7443706876659151,0.7719147474102682,0.7858134752324654,0.7911850681460952,0.7303877717565045,0.8429067676984668
2014-02-21,0.6665598383589426,0.7723117037962194,0.9233628257646408,0.7758045101013323,0.7425304515720302,0.7682827161656656,0.7816295721216071,0.7882625795880775,0.727602274263027,0.8357370653397714
2014-02-24,0.6680768427659356,0.7784086105404912,0.9322972153627509,0.7844890947857575,0.7463669547220949,0.770751349119192,0.7815946199547982,0.7855600861088301,0.7282841931350148,0.8262987466184792
2014-02-25,0.6539181349673342,0.7491275534878443,0.8941990172933683,0.7509354357302204,0.7134990449120661,0.7410999280150967,0.751767626698283,0.7572048942840557,0.7059199288409521,0.8023413482694858
2014-02-26,0.6508841261533482,0.7496266386358845,0.8974351346575982,0.756071008558672,0.7187860906255059,0.746208157712761,0.7574637035300459,0.7627007380813154,0.713004770932324,0.8112603364374356
2014-02-27,0.644310440389712,0.7316698499214405,0.8795714224442277,0.7429147206179104,0.7083599314377492,0.731553256640701,0.7505232302204097,0.756738027010693,0.7023991730946973,0.8032718218851028
2014-02-28,0.6493671217463552,0.7347304842192657,0.8869046152606059,0.7467038022962551,0.7159695242944999,0.740290905099012,0.7587711692886586,0.7627354112625014,0.7086551227784728,0.81034427597844
2014-03-03,0.6544238031029985,0.7487516647113331,0.9077886610490813,0.7612203052039376,0.7312195935594775,0.7565146105391211,0.7739180075751473,0.777029553484064,0.7238799708197233,0.8241017371347649
2014-03-04,0.6620088251379636,0.7536185801280518,0.9097935838741172,0.7625625436552727,0.7290752587443728,0.7555520945188237,0.774236234365923,0.7759071674999702,0.7243750534264801,0.8230158133396688
2014-03-05,0.6650428339519495,0.7628176278908391,0.9025254542688171,0.7634667713584842,0.7275294423194039,0.7545320610945434,0.7714240309050969,0.7717332781540003,0.7202994210808772,0.8186770559510655
2014-03-06,0.660997488866635,0.7677203974754113,0.9044376375010534,0.7606185333814359,0.7285590947499945,0.7556680056076915,0.7730979814680128,0.7730017888767541,0.7208402264517026,0.8193140503811581
2014-03-07,0.6524011305603413,0.7562295770646236,0.9061794002162994,0.7596342116765609,0.7265856086459274,0.7555612913451699,0.771512475104625,0.7708138430566489,0.71664239317339,0.8275151420333486
2014-03-10,0.641276431575726,0.7296000851594034,0.8775463862242179,0.7287797528792356,0.6991740664931736,0.7265617861275817,0.7423756305917247,0.7439745575414775,0.6905015498936605,0.8150208206375128
2014-03-11,0.6438047722540475,0.7216224091159331,0.8709004933577057,0.7268063088756871,0.6972610661777654,0.7241601526554267,0.7412142559001532,0.7452810832390191,0.696312906659005,0.8122199876658237
2014-03-12,0.6443104403897119,0.7238164650934101,0.8643844311536838,0.7219751114979336,0.6969433738045355,0.7224225423551887,0.7401939245054028,0.7441222142662276,0.696489764109378,0.8028393447963337
2014-03-13,0.6443104403897119,0.728564913587662,0.8785676074918234,0.7337366922878921,0.705687066114787,0.7310811868254774,0.7499209654297087,0.7547182917481615,0.7045388184262363,0.8070908502384853
2014-03-14,0.639759427168733,0.7295883435406881,0.8760337343406752,0.7338150148683118,0.7025688963661096,0.7294225625126733,0.7481158246121402,0.7532204467057548,0.6991334505100434,0.7981751668623517
2014-03-17,0.6473444492036979,0.747707907166709,0.8971398807888608,0.7519826750492798,0.7195274543676333,0.7452932033878672,0.7652764378126317,0.7669744741493993,0.7093351551689342,0.8181323383347839
2014-03-18,0.6468387810680336,0.7510106286364832,0.9090132560006418,0.756786194305117,0.7241796856460742,0.7490819516417067,0.7700718544100461,0.7688439626025804,0.7116350626263741,0.8235765805760767
2014-03-19,0.6539181349673342,0.7481765841224469,0.9122633603912016,0.7592782324932287,0.7253204496317729,0.7498840012680638,0.7672617456454378,0.7668650386383338,0.7125863270211499,0.8292326906228766
2014-03-20,0.6695938471729287,0.7238754616688761,0.8886693883697487,0.7373061788556597,0.7066307137409357,0.728460394930941,0.7468522123514778,0.7464687975348562,0.6947926592156723,0.8119883765563899
2014-03-21,0.6726278559869148,0.7415308582258955,0.9030863062364274,0.7472953165011219,0.7185879229950429,0.7397108468863187,0.7611593577540583,0.761370229125016,0.7105661289998373,0.8209973498540214
2014-03-24,0.6695938471729287,0.741609402817497,0.9087073813601265,0.7477584367548624,0.7227351353677846,0.7421241217521531,0.765243111238625,0.7651770948803587,0.7161762535940172,0.8316039274525615
2014-03-25,0.6625144932736281,0.7474544395506759,0.9086351218209956,0.7452575593855276,0.7229906021929904,0.742919118811172,0.7667978387146629,0.7664286678591724,0.7167648149646473,0.832543222010605
2014-03-26,0.6650428339519499,0.7526946150656976,0.9129295630902845,0.7522484991009378,0.7257331132398105,0.7475068173418097,0.7704017006594596,0.767666303711193,0.717034796678494,0.83407071455759
2014-03-27,0.6589748163239778,0.726390233603592,0.8942502214321766,0.7376802497913038,0.7122591101156484,0.7326314520211369,0.7578617589426752,0.754093201958004,0.7069822177929024,0.8248576460123549
2014-03-28,0.6584691481883135,0.6997161061323931,0.8735030555995169,0.7159092406526605,0.6951533706308672,0.7165395898585376,0.7404868934365385,0.7372940139402355,0.6917755950520809,0.8066067770562135
2014-03-31,0.6726278559869148,0.6928503653913866,0.8618234630754212,0.7101225090653536,0.6896191296630386,0.7097654122586605,0.7351702346201034,0.7328339077304266,0.6889369520010639,0.7976157988235432
2014-04-01,0.6812242142932085,0.7071140920648736,0.8767818159747839,0.7231068562676797,0.7007557236241351,0.7220485922389329,0.7457970095693822,0.7444661167203992,0.6986856366120103,0.8073849054654536
2014-04-02,0.6776845373435582,0.6989920183296249,0.8713101055139171,0.7197358132920807,0.6975045043706706,0.7205718776786847,0.7435507898258015,0.7410264278832279,0.6910441219623162,0.8067029650648528
2014-04-03,0.6802128780218799,0.7060343788738268,0.8697594281709107,0.7212644370953041,0.69729568183015,0.7199142635777136,0.7424952377697448,0.7390999200364246,0.69216254657173,0.7961559179530205
2014-04-04,0.6807185461575442,0.7112052003069369,0.8818099515565834,0.7301760012319419,0.7045341915761184,0.7268271357786109,0.7498168320477119,0.748957457887092,0.7004839884264318,0.7993846393831127
2014-04-08,0.6686717464549526,0.7142973843510099,0.8889553461120208,0.7367627230458003,0.7098690461819736,0.7341476072098333,0.7560689951893061,0.7561980683822176,0.706805837737026,0.8022531798926812
2014-04-09,0.6648643628452447,0.7226915933619446,0.900858360468061,0.7486123676554988,0.7172610475938587,0.7417444610261672,0.7644166104613446,0.7612687871236928,0.7135811900845062,0.8070287863928822
2014-04-10,0.6550781971609174,0.7101224770588364,0.9031955161247079,0.7523745710823034,0.7194061338741912,0.7457862705282464,0.7697854915403021,0.7599557739101426,0.7147286155707259,0.8092269970703797
2014-04-11,0.643358594487285,0.7040106473321757,0.8861855405903191,0.7495506448924553,0.7160203625343617,0.7431945720040977,0.7677109421675005,0.7589183454061226,0.7137622629663659,0.8098637111222019
2014-04-14,0.6440724789141054,0.7076433182979732,0.886698445040791,0.7564017112958352,0.721652924392614,0.748448366047089,0.7730986642519896,0.7632784443931147,0.717637878254545,0.8195567476682277
2014-04-15,0.6319959340270631,0.7066445081224508,0.8821804135897667,0.7536098345510169,0.7173245333590309,0.7428516009743121,0.7684715042095338,0.7588538052100786,0.7118037108330063,0.8216120695018003
2014-04-16,0.6203953120912343,0.7036855094546386,0.8801061854340637,0.752338134067708,0.7169332253779536,0.7432602784155109,0.7706005585988055,0.7595385508184461,0.7105337327889383,0.819518018193359
2014-04-17,0.6139703522498523,0.7077147451185074,0.8811138900513165,0.7528525903886961,0.7176228618639073,0.7436400132609462,0.7676965132121323,0.7585467315386196,0.7125397008637464,0.8185048628016254
2014-04-18,0.6218528261293257,0.7098348903121392,0.8822459738090517,0.7555205043326313,0.7211180874452494,0.7468903826793182,0.7705337237255863,0.7585160056671229,0.7153033741663714,0.8198010975653136
2014-04-21,0.6351191783944016,0.7014721112731239,0.8695086710585062,0.744862820817681,0.7097991522201006,0.7354738154547441,0.75517263302222,0.7440604350262595,0.7051766650632904,0.7997605769767175
2014-04-22,0.6137621359586963,0.7036920584721615,0.8601482327016889,0.7369697229873865,0.7021308576301578,0.7283938904143343,0.7493466676465159,0.7399886775031568,0.7025378469150778,0.7983974426338335
2014-04-23,0.607753608699626,0.6937919469051796,0.8569561273338734,0.7345839297246894,0.6993234892408928,0.7245450470928144,0.7463050645815322,0.7338524716171675,0.7012838569197047,0.8045713727544979
2014-04-24,0.6029051436341385,0.6837578689080839,0.8490087807650458,0.7262619716852592,0.691945189790401,0.7185773555135019,0.739604090247734,0.7264526624527916,0.6871653175866632,0.8031927809590574
2014-04-25,0.5841061870612057,0.6677345981115702,0.832326547781007,0.711364395862596,0.6748170811490222,0.7010959008040101,0.7267538018734492,0.7109530238847801,0.6738804812474499,0.789075078408094
2014-04-28,0.5725055651253769,0.6422693479049664,0.8031998780102897,0.687996021726153,0.6533508918293452,0.6778966566812419,0.7018633949545228,0.6879808252382125,0.6477157255892902,0.763200029993327
2014-04-29,0.5548071803771252,0.6475940633897947,0.8141906006262777,0.6943505281197511,0.6627353311228764,0.6858871037326394,0.7118509061112978,0.6971925965263247,0.6526366598409936,0.7748290144605502
2014-04-30,0.5426711451211812,0.6543950547835824,0.8180930901130644,0.6999202256749647,0.6689947327848587,0.6930437652738035,0.7170649556554579,0.7046627130512442,0.6564293337145218,0.7805029619077898
2014-05-05,0.5457051539351672,0.6632978837022596,0.829848657995585,0.708273127638361,0.6762514729681883,0.700502987294627,0.7246415475296024,0.7109878656954522,0.6618100856764818,0.7925570229339403
2014-05-06,0.5426711451211811,0.6689054527244244,0.8373240517374293,0.7158263268235477,0.6816513604611849,0.7054962348830038,0.7273512476837666,0.713108246502331,0.6662700157569005,0.7944596485004516
2014-05-07,0.5184837119364547,0.6562834736368665,0.817215671406596,0.7011564813231876,0.6679242231812502,0.6913093020942825,0.7118614416043254,0.6985374658419058,0.6494644292378258,0.77704165823399
2014-05-08,0.5249953932802435,0.657420847946418,0.8146301464660286,0.7020499054573527,0.6676928716696096,0.691421877251807,0.7123246475553277,0.6998581306095691,0.6499331630664216,0.7772260749514457
2014-05-09,0.5191247995753311,0.653834452499261,0.8076928737570945,0.696416495735405,0.6620315219919399,0.6856748839507216,0.7067383409317857,0.6927639862632181,0.6440979905081126,0.7723489308223155
2014-05-12,0.5236829366721275,0.6715853232069945,0.8233500273626877,0.7121691799011393,0.6787429526233768,0.7018931890485243,0.7227336146252605,0.7101090910886367,0.6598859682991275,0.7892578987975686
2014-05-13,0.5341116674738362,0.6705276072189432,0.8226615365363078,0.707968530542199,0.6754566862486798,0.7000549573043621,0.721341966253627,0.7071699024236591,0.6573469885917923,0.7873781166831704
2014-05-14,0.5319481461070875,0.6674892691701717,0.823652938696347,0.7066209297968334,0.6758606672511872,0.699464132529996,0.7185300062737394,0.7044275973439058,0.6567207905287664,0.7872556633731507
2014-05-15,0.5100396035892164,0.6579955242638124,0.8069614240198354,0.6920288356393779,0.6633802192156681,0.6865126007907327,0.7024057747208935,0.6890500835939181,0.6435723340284897,0.7747808478215226
2014-05-16,0.5072776275092346,0.6606620327808352,0.8074972663435037,0.6917476007130853,0.6605574368574986,0.6850310461136798,0.6991122539342761,0.6858474425514197,0.636793882918821,0.7741893504950018
2014-05-19,0.5128230953512984,0.6591910308708624,0.8088979876116492,0.6890579233921734,0.6566754189374776,0.6818826558940834,0.6949705651560255,0.6827668381038929,0.6305379896113817,0.7699075744535822
2014-05-20,0.5133797140160034,0.6544758571515451,0.8052800008017931,0.6921844836555785,0.6589550078566478,0.6820303438002262,0.6963377126314914,0.6850568913300729,0.6307038375239166,0.773880633082949
2014-05-21,0.5181689454760988,0.66006581684559,0.8115845007331408,0.6974821799458156,0.6647797652045073,0.6865765004967537,0.7020856267926697,0.6910739862325068,0.6352289904538864,0.7780368741741276
2014-05-22,0.518799275273925,0.6557611677559005,0.8076207345692414,0.6957019429656062,0.664921016651487,0.6850300438306207,0.7004382776554935,0.6894822202472669,0.6310891355837286,0.7747609267925559
2014-05-23,0.5218660568503274,0.6546049965985369,0.8150914131902018,0.6974545927993495,0.6710698470643579,0.6882183177235066,0.7072073286429752,0.6930534506365659,0.6360275333167582,0.7807573883847997
2014-05-26,0.5320326150812589,0.6612703878855373,0.8251614654037009,0.7033480752709308,0.6774786106970617,0.6950819668666456,0.7155513830414553,0.7009485083392804,0.6422627041066091,0.7905743905660634
2014-05-27,0.5580797388949712,0.6592991062108917,0.8137308074925858,0.6999817388331803,0.67429091935822,0.6919015213216133,0.7108268409937177,0.6986256908599883,0.6386254222850348,0.7879588530780686
2014-05-28,0.5730777630730838,0.664797466470462,0.8216418750392106,0.706766112314965,0.6789689914914216,0.6988124256271423,0.7178952233628116,0.7044732792052991,0.6436788488015383,0.7944757010171081
2014-05-29,0.5834861735083645,0.6538535000825734,0.810024269054897,0.6974721779730454,0.6717996673789214,0.6913669159804281,0.7092017674798888,0.6974780951131032,0.6365055877682527,0.7818560917980202
2014-05-30,0.5692025496636919,0.6588756700802699,0.8075048371397179,0.7006090666094901,0.673170633768765,0.6905930399519115,0.7114861063305319,0.6969583805785444,0.6377486520513461,0.7775584326265397
2014-06-03,0.560096634872592,0.6590221503947584,0.8056554754759984,0.6995906445048531,0.6722440405178892,0.6890604083102164,0.7093246857906234,0.6956215338177952,0.6371624775995686,0.775676866400611
2014-06-04,0.5558010687851304,0.6584621619755704,0.7997468911204944,0.6943768362089762,0.6668876055979663,0.6833789899938394,0.7029631895626487,0.6884986956559485,0.6326598927111388,0.7687519789589699
2014-06-05,0.5611469189099308,0.6701390208197927,0.8096565652911956,0.7027312626792762,0.6737152531032946,0.6908107187517087,0.7111955169528208,0.697129713524991,0.6394317781916242,0.7769189857303349
2014-06-06,0.5597922278147291,0.6730074907843208,0.8081635902613492,0.701310706428974,0.6709687630004428,0.6881898482600983,0.7082357253564744,0.6952512107670522,0.6374605263711527,0.7748752620512294
2014-06-09,0.5483546505856524,0.6736633907033994,0.8044874438765003,0.698177731727007,0.6669434531999814,0.6824113717896065,0.7044187331030806,0.6923367488340487,0.6354951640560499,0.7687867854887112
2014-06-10,0.5537530946000312,0.6809839177279806,0.8150140420475023,0.7048216695406319,0.673929764517086,0.6895021147178717,0.7125848627381571,0.7006188793676074,0.6414596197435369,0.7771580199825052
2014-06-11,0.5606954880243826,0.6832430321479893,0.8176341392034598,0.7070046163632432,0.6781157396756226,0.6935231122546323,0.7165344939925743,0.7024632893371036,0.6437139524162485,0.7806731141351606
2014-06-12,0.5544252604463856,0.6850348214760561,0.8137174657254865,0.7049958507905101,0.6775239012641845,0.6894064601362178,0.7135277209863518,0.7011973554859294,0.6426699312334642,0.7787127906735246
2014-06-13,0.5700950520322955,0.6932449808539392,0.821283347139228,0.712810799933242,0.6835067299327947,0.6958577069770044,0.7196501742501086,0.7094401305168271,0.6476888946334053,0.785912488454016
2014-06-16,0.5792009668233955,0.6971412996960491,0.8303519199753848,0.7151822945774801,0.6840554278385169,0.6997408434361733,0.7239514403069175,0.7121925184801342,0.6509327709127946,0.7885730475158794
2014-06-17,0.5814800353717937,0.6909706882574379,0.82130502888101,0.7107477893471976,0.6774114103478571,0.6932068075928995,0.7169070569088385,0.7003157686347906,0.6428630471982872,0.783198881562066
2014-06-18,0.5689606974593427,0.6835936875456571,0.8139700631466928,0.7040137968385595,0.6733133371718575,0.6877991648041069,0.7125629465884458,0.6956741336946565,0.6389453198947536,0.7747923097533949
2014-06-19,0.5452034000350788,0.6645186051936542,0.7940439225870111,0.6826880413034898,0.6531218785422572,0.6698547901432823,0.6919142359601342,0.678710738714172,0.6241162083434988,0.757265553285988
2014-06-20,0.5505492501598792,0.6743240104906667,0.8015906383445986,0.6881075647961616,0.6596266996404567,0.676579263508312,0.698682393997195,0.6856075462372451,0.6293053040110239,0.7643360341877556
2014-06-23,0.5619760695479057,0.6835631881249016,0.8097345213338845,0.6961844121889635,0.6641926991444901,0.6837685089722267,0.7061014095692537,0.6904299569291835,0.6345709156128071,0.7700719552633699
2014-06-24,0.5644232791675319,0.6894256139301854,0.814718374931299,0.7026726559815095,0.6691231696601194,0.6886626652591393,0.710810672270397,0.6946659415913574,0.6382461072632956,0.77623345139352
2014-06-25,0.5614405681267436,0.6914376113655236,0.8106105315077926,0.7009327062432182,0.665400741819634,0.6857233133758506,0.7064404473110539,0.6926108302521812,0.6367518979363987,0.7728083228810766
2014-06-26,0.5734136467769824,0.7006372493325286,0.8231784391558156,0.7104804728094777,0.6743192808897617,0.6960255153931271,0.7170445977019161,0.7026119131929053,0.6456703345232637,0.7796070633923593
2014-06-27,0.5728466687097846,0.7021729951354927,0.8306756007027641,0.7131070223221004,0.6779036304376153,0.7006883228054417,0.7229623310748955,0.7064603248349676,0.6518951001605907,0.7858953379128127
2014-06-30,0.5748316896028126,0.7087117812276009,0.8379944842873159,0.7200050622303674,0.6829662041392224,0.7073665009980719,0.7306720428331952,0.7126765211021812,0.6610744154411329,0.790195732868742
2014-07-01,0.5797257104035075,0.7118773488353255,0.8405135972687023,0.7247906993911575,0.6867321521801851,0.711396794043587,0.7344810298580569,0.7165700266182587,0.6665090742820342,0.7936437045921932
2014-07-02,0.5795890459783151,0.7115065266476082,0.8447261080942485,0.7300647753110091,0.690704254305546,0.7155862178341775,0.7380482165621792,0.7205525087161077,0.6709247340049516,0.8018728471138046
2014-07-03,0.6022016294271336,0.7160774933622083,0.8476175364785818,0.7326506592402308,0.6941568729588132,0.7212773127865388,0.7422014717277139,0.725804017308626,0.6732082797967729,0.8100508445965033
2014-07-04,0.5963409966861565,0.7131983376361312,0.8461285378105972,0.7311532326601862,0.6917654214661741,0.7195513361148005,0.7426157329357789,0.7239042683640339,0.6678664028118484,0.8093302032091455
2014-07-07,0.6029471079680518,0.712879713984236,0.8491691651387057,0.7316296024907815,0.6916338120821531,0.7203178293519388,0.7423950926809129,0.7245447793399373,0.6691444250484019,0.8135386364536067
2014-07-08,0.6169578014008971,0.7215088301679766,0.8556232586883036,0.7375257362634586,0.69717074496194,0.7249801244991432,0.7475158338039863,0.7281713868562262,0.6744014697519441,0.8196421105872842
2014-07-09,0.5937364038363525,0.7125780526040162,0.8431797413375341,0.7242832090511925,0.6868702919217541,0.7145280643856818,0.7365543041624071,0.7159025468993263,0.6646140079138884,0.8047585899313244
2014-07-10,0.5956058775477308,0.7162197824158825,0.8422012146729602,0.7253702084264949,0.687610040519817,0.7165682569582542,0.7384168632172267,0.7174673518995023,0.6688357481739957,0.8141482824086386
2014-07-11,0.6081566921062173,0.7286993224815155,0.8461675682114533,0.7316083640349726,0.6934020416243041,0.7256424784994275,0.7437744559961883,0.7228456262209986,0.674702091618364,0.8141028806679184
2014-07-14,0.6285212852141159,0.7409102906471616,0.8601638695704342,0.7383975221346875,0.6991820101525958,0.7348325413147829,0.7533027649229014,0.735517956132024,0.6843069767966254,0.8266246908644086
2014-07-15,0.6116960218117105,0.7336148474397075,0.8608772698215438,0.7342609233711841,0.6978575818302536,0.7322383453657442,0.7509954398801726,0.7341944055614611,0.6853548888073845,0.8263883646009618
2014-07-16,0.597076115824582,0.7283517509932651,0.8507468697469419,0.7286866993088755,0.6905900069173775,0.7230971421300649,0.7429698994885607,0.7287322847072131,0.6786598465814672,0.8253190388125945
2014-07-17,0.598031969923814,0.7167048248018757,0.8446307530878576,0.726973698023494,0.6883730672666418,0.7191623300907894,0.7405661753689885,0.7232674076833178,0.6763626682086991,0.8192419154434246
2014-07-18,0.5929064563212625,0.7166808237237691,0.8455027830819436,0.7284844417029059,0.6877606879848399,0.7204002077423604,0.7429278698667546,0.7224434826773575,0.6770368882002287,0.8233765328626496
2014-07-21,0.5858485157152616,0.7134451053668137,0.8448491694219245,0.727061807421012,0.6854723860323056,0.7200774104900896,0.7415962645262718,0.7194940318964156,0.6740771107017329,0.8182415975839639
2014-07-22,0.5876761533781116,0.7226833186328262,0.8588395946920078,0.7356529116610133,0.6951108594468554,0.7278809172771777,0.7523494988708697,0.7293144769448717,0.6823187667411351,0.8284156514344525
2014-07-23,0.5762808106361207,0.7095892637820037,0.8471320172306704,0.7297307781050075,0.6897924147017572,0.7201195430834471,0.7456806879014547,0.7241941938892108,0.6782427152741501,0.8256955245725215
2014-07-24,0.5741380080743576,0.7095004737409597,0.8396935009325512,0.7281343540470541,0.6885880899994847,0.7166668867012526,0.7425498686822706,0.7221377531359549,0.6777399263591184,0.8251400374435129
2014-07-25,0.5800090002178274,0.7178215254043324,0.8469181936807048,0.7349213153166217,0.6961961661682305,0.7231489457995831,0.7488250289330258,0.729432792309645,0.6857059714208095,0.8300576533122829
2014-07-28,0.5913939835573255,0.730756909492295,0.8593971882446355,0.7448765501292544,0.7087058440999935,0.7354383914101402,0.7609120008051917,0.7416599026035577,0.6974551196563797,0.8417602172801563
2014-07-29,0.6072215568119707,0.7414340962894183,0.8710894580921066,0.7524874377140152,0.7154563295729526,0.7434778015427583,0.7684817827278629,0.7504731292324203,0.7028327532302222,0.8465293337961745
2014-07-30,0.6108134804070423,0.7428643756700924,0.8750929043034837,0.7557940811770164,0.720493450263244,0.7463599328795227,0.771744492998001,0.7530331246153652,0.7049690711287337,0.8499011726832826
2014-07-31,0.616043783350193,0.7482074720024504,0.8831040256786058,0.7616728296573309,0.7256994276516046,0.7526174526372603,0.777336577965386,0.761227301510983,0.7093250459005843,0.858231991685194
2014-08-01,0.6058457484732261,0.7410252802084611,0.8728372578514775,0.7559953393743236,0.7172261666235699,0.7444643449865951,0.7681509726456435,0.7559264984216906,0.7003426258055577,0.8520354565132497
2014-08-04,0.6161067366422641,0.7571519507209593,0.8874803943797334,0.7660567162175649,0.7294959435425802,0.7549901360719772,0.7794780920347498,0.7677505143724198,0.7139330787126908,0.871374887422939
2014-08-05,0.6223769642202611,0.7633357007253002,0.8965038448853074,0.7709806101601916,0.7352435620422768,0.7600014818844277,0.7830590311151406,0.7721332716642032,0.7180968920256308,0.8794357539459542
2014-08-06,0.6229965361770371,0.7654099968672214,0.9018587626896878,0.7727590691242997,0.7394335782051505,0.7631755901478519,0.7892957857945871,0.7762074610105256,0.7211811246658715,0.88280215694256
2014-08-07,0.6159804316195645,0.7570010011267901,0.8920231885704057,0.767600591245775,0.7315489619714048,0.7569406290437215,0.7817292621499182,0.7691161332117532,0.7128442112299594,0.8714853086995754
2014-08-08,0.6276383453708904,0.7619304745367679,0.900861666784987,0.7723854876233086,0.737291833905829,0.7633262534985171,0.7879912238467811,0.7734058214568281,0.717066386035263,0.8757481580676197
2014-08-11,0.6338559790593087,0.7707638214963136,0.9170236327878188,0.7829840085335349,0.7460198693810485,0.7743712738565275,0.7998421901432892,0.7850773532763472,0.7284330938770419,0.888717297093545
2014-08-12,0.6458816515991258,0.7717512906603307,0.9221233925850907,0.7877408827795563,0.749188192539219,0.7793640685974026,0.8039116893030981,0.7885645130090216,0.7335431922810909,0.8929175103048385
2014-08-13,0.635021810278297,0.7727959194462425,0.9201695641660282,0.7896786603219315,0.7516839578050871,0.780609741406387,0.805294187789053,0.7886553052101649,0.7362803081582996,0.8957178576694707
2014-08-14,0.6415231322195929,0.7706766567686967,0.9140416664489734,0.7882856215656363,0.7471194283472279,0.776240473799775,0.8020757486792685,0.7828628073728424,0.731908802863133,0.8914268346405435
2014-08-15,0.664240505009011,0.7678145098738275,0.9240371188423847,0.7945934928358398,0.7562265340298869,0.7836345637429324,0.8113699873533009,0.7911952642924914,0.7407732489460243,0.8998120339717108
2014-08-18,0.6696389490233897,0.7779488445937512,0.9399803192902149,0.8060105156740246,0.7685276253444427,0.7952784688669257,0.8229905269984535,0.8029443513872745,0.748601629233921,0.9118450407919915
2014-08-19,0.6673491226339413,0.7795483801775037,0.9456475003687195,0.8088758173558488,0.7721029366339479,0.7993380290829903,0.8268498301461853,0.8061804028672618,0.7512736818043156,0.9128422909379551
2014-08-20,0.6674224353285052,0.7808534292142798,0.9436558387570739,0.8100349950179508,0.7714387978599074,0.800141610107269,0.8263836376283724,0.8065695570924994,0.7517047539067988,0.9132154999616323
2014-08-21,0.6751525417808606,0.7842560732165932,0.9402108143724042,0.8124771500992399,0.7725238888772323,0.801011903526796,0.8271003468358745,0.8062031842458239,0.7525760144581182,0.9049558936901853
2014-08-22,0.6850565290024574,0.7881543076830738,0.9508066469484312,0.8185295502433912,0.7770807167456905,0.8074381403185736,0.8331796345026394,0.8106623409225504,0.7571958456795027,0.9144629605647179
2014-08-25,0.6761709507336063,0.7874277707806054,0.9454202980076881,0.8162028374733299,0.7712256334901415,0.80116389053891,0.8271388694736558,0.8074568302914074,0.7516068754782855,0.9114655499535909
2014-08-26,0.6866104393763652,0.7706493904793623,0.9281116428296787,0.7987071188999567,0.7581649701681357,0.7853818229439774,0.8111694957206054,0.7937328813878819,0.7380371559738893,0.8936327514360146
2014-08-27,0.6977113360244284,0.7754458384701816,0.93614189474568,0.8032034395198682,0.7617611632946267,0.7899591495008997,0.8144118777158167,0.7959874467620205,0.7393687745550963,0.9004768486107234
2014-08-28,0.7099151105994087,0.7753265549314116,0.9286320688494291,0.7977301456135625,0.7565729633584645,0.7833816329158731,0.8079955729264663,0.7883236042883639,0.7351603743081159,0.8924504394505273
2014-08-29,0.7044329944879734,0.7825566382947765,0.9393377785982033,0.8058969407651945,0.7651150719198282,0.791228687801989,0.8170720892665219,0.7970245298623068,0.7419568478210576,0.9050755751887233
2014-09-01,0.6965558642079328,0.7937911801751258,0.9577286632847952,0.8205662491579578,0.7790876917269335,0.8039919067074897,0.8316913212410133,0.8101868236311266,0.7546561474779402,0.923169362015042
2014-09-02,0.708476348968593,0.8069327416671571,0.9717591839617004,0.8320249504725787,0.7911046039670417,0.8169256630361873,0.8436565637258893,0.8213276552753191,0.7658028910070037,0.9351997148680546
2014-09-03,0.7082452546052939,0.8183068983443126,0.9795282570989998,0.8388195609200236,0.79844672306121,0.8228435997943392,0.8488450186350676,0.8266600262737792,0.7729328812326837,0.9434243295236966
2014-09-04,0.7099254700019015,0.8238744192232282,0.98634571480836,0.8449463433342098,0.8052534280612006,0.8309254746318067,0.8577100459095669,0.8339241524507488,0.7793151405765089,0.9495795068564101
2014-09-05,0.7354570143223225,0.8284175117545418,0.9947134011150677,0.8472827284452572,0.8091615675804179,0.8362984433587235,0.8611900784641447,0.8398429634636846,0.7850467342649612,0.9534908609010915
2014-09-09,0.7400785031497473,0.8285535906613041,1.0057428471482097,0.8537909760201065,0.8160631911807632,0.8420887780185933,0.8683163010511127,0.8453074891047402,0.7927692745635253,0.9612728000825559
2014-09-10,0.760022743579576,0.8390149504838171,1.0166578328816238,0.85946609062647,0.8204356414419718,0.8477197019095207,0.8731556019171565,0.849647359582927,0.7984569671744133,0.9692566560085323
2014-09-11,0.7506020623281202,0.8373165597431973,1.0176149954815317,0.8568821458881742,0.8208639686062789,0.8471296699037373,0.8716635462281798,0.8486666903312465,0.7956116761084522,0.9705730633238222
2014-09-12,0.7479130005041448,0.8463175835919563,1.034272906604959,0.8672396295360142,0.8307901378610203,0.8576451588350074,0.8830528048265976,0.858933108616525,0.8103428709829238,0.9831813879093638
2014-09-15,0.7616400056841123,0.8353075437128146,1.0511368932431964,0.8784540349174291,0.8421898750918044,0.8660436659101463,0.8911971071460891,0.869746454428495,0.8200863419358271,0.9986921121403562
2014-09-16,0.7234942950745764,0.8072112975935479,1.0190723159181925,0.8462461620727791,0.814182051615144,0.8352628513081217,0.8612079899888654,0.8429544356790539,0.7994512530382326,0.968706892360803
2014-09-17,0.7061964835430801,0.812815818579573,1.0281315713944381,0.85288998278945,0.8210914064903407,0.8426125242583345,0.8668500918128186,0.8504915452532079,0.8052783904983268,0.9816294863772795
2014-09-18,0.7123089294523418,0.8164983147584286,1.0371812721467428,0.8601293885724065,0.8272853553758516,0.8489280689585066,0.8725607208296924,0.8583232240971467,0.8105339439155895,0.9896975038814417
2014-09-19,0.7258151996715029,0.8271721313054798,1.0503623068679975,0.8686426766860327,0.8380190262397592,0.8570767671580254,0.8826280014874168,0.8637849391450344,0.818559200302878,1.0041184603589068
2014-09-22,0.7141046920305989,0.815553768771758,1.0393196828988724,0.8569022219445545,0.8293069670992257,0.8463321647938785,0.873539023462631,0.8525137318257212,0.8069409016626157,0.9914323123297786
2014-09-23,0.7267706553321777,0.8291545820203813,1.053255615668107,0.8681386388300014,0.8408749131525239,0.8595197310483188,0.8858525141816097,0.8636202004989302,0.8185831757832437,1.004667805067
2014-09-24,0.7321902165900994,0.8440236881498389,1.0660381342736303,0.8791009641783293,0.8534681902805561,0.8726943248139295,0.8978959736561745,0.8752328657673049,0.8302280701159972,1.019359751226985
2014-09-25,0.7211100387470215,0.8486965350986316,1.0652435792274557,0.879722524450744,0.8529576880178567,0.8739185963643707,0.8990730923061365,0.8771844748126938,0.8333940247544472,1.0257569692061268
2014-09-26,0.7279998382817944,0.8630263731699586,1.0704368259606805,0.8854950730773399,0.8566655875856612,0.8776192269968461,0.9035343606571505,0.8820025575692554,0.8291848661114659,1.0250617983401518
2014-09-29,0.7316654730099873,0.8826890687714077,1.0834640305777925,0.8972347816158852,0.8664508150617005,0.8855263397506973,0.9132419904828388,0.8912630310712528,0.8369825045536211,1.0386847169414044
2014-09-30,0.747104170232598,0.8881916926550183,1.0945473724551378,0.9026040839480489,0.8735950276824996,0.8911245845714157,0.9177741656372432,0.8954228139460235,0.8402578776342646,1.0461988188593982
2014-10-08,0.7564726560330327,0.9123636009272812,1.1082468892191788,0.9140207064268225,0.8857330060786041,0.9038890217391139,0.9299015720260756,0.9054752313767686,0.8501589696257039,1.0665420835197166
2014-10-09,0.8068639772660772,0.9223512862054397,1.1127845021790828,0.918382543312966,0.889581864752096,0.9035840024073603,0.9295045571683939,0.9070288867241179,0.8558295713000289,1.0734528106474277
2014-10-10,0.813166079928667,0.9187235906156884,1.1088435620514352,0.91475906038041,0.8845307243810379,0.8977735258745482,0.9249456505136865,0.9030322894469598,0.8532908874995065,1.065376590452776
2014-10-13,0.8377417701498557,0.9248037365050855,1.1109353573439051,0.9168845645128352,0.8869017152250477,0.8983906637554396,0.9256782228451059,0.903552685489928,0.8542055161512658,1.0574040932463658
2014-10-14,0.8406089340089943,0.9181319623913582,1.106564891708943,0.9147182875098285,0.8840456399815317,0.8982572768895014,0.9226743726194433,0.9020279013077893,0.8515004676978722,1.0550741981101892
2014-10-15,0.8315978475945585,0.9193394913117116,1.1076744460829933,0.9192897210736513,0.8859611362477982,0.9013867947218024,0.9269926327868053,0.9075412315766793,0.8536564635658385,1.059149176780195
2014-10-16,0.8517325416548299,0.8985962124070107,1.0921015387029427,0.9097385681363904,0.8715533354871153,0.887125009843891,0.9134564895932451,0.8956902397703862,0.8411691949545655,1.0425971417546476
2014-10-17,0.8688418917486703,0.8862366053088084,1.077906641568903,0.8970880926219977,0.8587093240239937,0.8752562177637906,0.9035986243063259,0.8846314348042,0.829058010214964,1.0355163609485472
2014-10-20,0.8769293975870243,0.8973495592055685,1.0926518554990217,0.908896992619977,0.8718495132375984,0.888673054253737,0.916697513548619,0.8983701096863206,0.8422279177277474,1.0542281458867448
2014-10-21,0.8882295135137936,0.886991289624195,1.0835791720889525,0.9005575306995756,0.8636035289251269,0.8819214353995476,0.9087427969536592,0.8919318197779003,0.8345660852015123,1.0478561113950189
2014-10-22,0.9123860463725847,0.8718189260658727,1.0727900125324752,0.8878813179523044,0.8541162139260485,0.8714030017328568,0.8996787430468364,0.8805377920965618,0.8238375533263723,1.0338656296690754
2014-10-23,0.8976083587167211,0.852090202997328,1.05025949760497,0.8738535207106292,0.839006992762776,0.8571952297148789,0.8847012808343607,0.8660697643885261,0.8077034548827375,1.0112009268096445
2014-10-24,0.9057165833600609,0.8536876517694437,1.054352541039839,0.8738823972402044,0.8413516975673829,0.8570228241509719,0.8878350701116517,0.8698920635700839,0.8081988894896196,1.015373209508871
2014-10-27,0.919496580868164,0.8620013945186464,1.066636392425156,0.8822162020964236,0.8486478256898402,0.8656613169143197,0.8950429648824638,0.8753237995721002,0.8145051125751379,1.029245689638902
2014-10-28,0.9758230428524215,0.8853202335257089,1.096808813526761,0.9015108453528602,0.8714525162914767,0.8904759587454661,0.9181562029114564,0.8969004981697464,0.8365269150398761,1.0625604069775823
2014-10-29,0.9883634980084153,0.8994220998463122,1.1128876657254405,0.910668993964734,0.8842108310742783,0.9028575611119374,0.9321095119664955,0.9085971519995506,0.8514301171181303,1.0788210892152816
2014-10-30,1.0045903066975874,0.9022495233464901,1.1183101594700002,0.9111218401900221,0.8858979130561176,0.9025668623427406,0.9331184734207191,0.9106959032332989,0.8531718432976709,1.080354649353137
2014-10-31,0.9628311568108799,0.8978034064004283,1.1118404640347435,0.9109325027375982,0.8847912730423847,0.9017380038714764,0.9309332306492334,0.9109968079932794,0.8523363858237213,1.0793130209853992
2014-11-03,1.0051146518391418,0.9115401463201014,1.124567208470682,0.9236101546744869,0.8949252905714182,0.909405395529295,0.9422935800735576,0.9216485653553789,0.8647038442633778,1.0882614663238497
2014-11-04,1.0440381145127464,0.9062741592760732,1.1247289071785704,0.9238465134744123,0.8909125434020185,0.9050918748141716,0.9383364669521513,0.9190385750860891,0.8645055002591177,1.08108402545033
2014-11-05,1.0196716045341991,0.9020955025143892,1.1273407149493866,0.923214145793832,0.8888021212186283,0.9053289716186872,0.936882745829083,0.9188178726682812,0.8629788006156682,1.0797760893523707
2014-11-06,1.0019637997271256,0.9112073478695026,1.1340012029746642,0.9320506271974234,0.8952986875618426,0.9134123582175853,0.9431532603938368,0.9250083726729325,0.8690651955391671,1.0892639399676756
2014-11-07,0.9627789613598586,0.8957465935755173,1.1217837968318976,0.9245163402119237,0.8869863840776671,0.9040551230331662,0.9348463435292493,0.9168472345298279,0.8604879200811064,1.0852521210560129
2014-11-10,0.9425402748361025,0.9006206072540259,1.1230219375498585,0.9315915519731753,0.8926376017654194,0.9122720140718131,0.9436681021088311,0.9257650383932108,0.8721141246477735,1.096059851874723
2014-11-11,0.9389383902770954,0.8700135821331968,1.0786235952121197,0.9016892376699343,0.8628955255054978,0.8826218570553721,0.9123718415859463,0.896750139816217,0.8402230509695127,1.0630532603981138
2014-11-12,0.9991719407553378,0.8828556311441144,1.0925791731090837,0.9164773520265233,0.8754679764119866,0.8970428475666548,0.9280462700987278,0.9133179731760838,0.8555619495285944,1.0779428531917228
2014-11-13,1.0017980492872423,0.8707131535830038,1.0752767963610843,0.9068678361926412,0.8653533041859043,0.8826057007607341,0.9165022577737897,0.9032945691066855,0.8436775567739009,1.064247231736585
2014-11-14,1.0305760709734582,0.8689324477749215,1.0727901257505517,0.9038356117353792,0.862799907073434,0.8815510245806256,0.9139655526889437,0.9002678369616218,0.8404828478143317,1.060880379513077
2014-11-17,1.0977727336810374,0.8827221883372794,1.0864378074553651,0.912622883309589,0.8730946543668431,0.8931461720859833,0.9271536156943492,0.9112346077796216,0.8477584821416586,1.0715259507736068
2014-11-18,1.1067842185340306,0.8831820549703805,1.093441272770116,0.9174933227888423,0.876567981524568,0.8980080875098345,0.930790498460134,0.9136482716625338,0.8502239855936919,1.0738460715546083
2014-11-19,1.088183512919796,0.8889650078683777,1.1022576699155577,0.9251223805289016,0.8828198136869331,0.905428371300125,0.9354459372484818,0.9170073965883395,0.8526434189303426,1.0803679611170267
2014-11-20,1.0778488136176367,0.8922716734304271,1.101171785704039,0.9235666847824167,0.8811573363090279,0.9047425576047862,0.935522207071791,0.917737507417804,0.8508685535018466,1.0763988996675347
2014-11-21,1.092636462237436,0.9030165821378922,1.1141774048359339,0.932759320638255,0.8904204227488617,0.9133713454965559,0.9450063217074799,0.9284387980966877,0.8605334082161322,1.0897422405019448
2014-11-24,1.0938234106999674,0.907744842910794,1.1232707925055698,0.94453478347901,0.9013731819400743,0.9231685213703029,0.9553997879932098,0.9395660713402326,0.8719940920585989,1.104844463246873
2014-11-25,1.0848959963825882,0.9234044004867097,1.140381127610956,0.9589377718988059,0.9129048448290972,0.9368837640130445,0.9689003152731639,0.9562026305251281,0.8875283562316054,1.1122672760144416
2014-11-26,1.1502761777069248,0.9238717126032099,1.1450187570833887,0.9616026614790202,0.9172325182895109,0.9433517798653704,0.9763307617723649,0.9599932054921326,0.8904326505210959,1.1183599746076243
2014-11-27,1.195175820303156,0.9370088358995862,1.1590563018106108,0.9684583324400382,0.9240412222817956,0.9475349994346425,0.9843177515679672,0.9676620865509485,0.8930788064608407,1.119043019340791
2014-11-28,1.191762397181805,0.9358338851999157,1.157426145667235,0.9716768862230802,0.9241772250262827,0.9470544870077211,0.9841827459812065,0.9687132007269276,0.8930740506143008,1.1168324523734399
2014-12-01,1.1794215597430748,0.9202520697645545,1.1369766228508762,0.9716906670931714,0.9155553601691181,0.9363340347726459,0.9757243836754919,0.9614546421406235,0.8866946234095652,1.1056445611202996
2014-12-02,1.16235444413632,0.9298372343160138,1.146341423641659,0.9818754164488027,0.9266100619045976,0.9456702133889899,0.9860236980787936,0.9710122470702754,0.8976873842170132,1.1176359644228893
2014-12-03,1.1728572845097078,0.9467247466925325,1.1564071197252601,0.9896864880136478,0.9408641918702954,0.9542072686951165,0.9939550988300191,0.9790697083711203,0.9053374314707666,1.1232568131184308
2014-12-04,1.1631421571643243,0.9629596386781238,1.1686477783272193,1.005232238339528,0.957818693608965,0.967939162022101,1.0078232666198648,0.9956466826889919,0.9195797189966334,1.1428465830282262
2014-12-05,1.1410861923802107,0.9329022720243992,1.138463193601734,0.9776518776163143,0.9351527760005665,0.9455818750970804,0.9794332978909223,0.9696675245894799,0.8960081179889193,1.1074448206856757
2014-12-08,1.1555275978936184,0.9286906398489176,1.1390339064624657,0.9822588644732195,0.9400805469767644,0.9491553043328411,0.9837525178021067,0.9761423610870248,0.9069284276318267,1.1233566823534837
2014-12-09,1.084108283354584,0.885770487379815,1.0835548287070378,0.9370657916038695,0.8973912877205743,0.9069332408382265,0.9431956175977461,0.937103195763478,0.8752934969383606,1.0870301133134996
2014-12-10,1.1206056536521052,0.9095982266993364,1.1183373840253077,0.9653819050888073,0.9267557094941258,0.9377219090156904,0.9772724377884864,0.9695875468825278,0.9037843048372459,1.1345054299735826
2014-12-11,1.1347844881561786,0.9244315187597665,1.1327312341635039,0.9822182324818018,0.9387750822427733,0.9529213625827448,0.9951807961216702,0.9851484249404754,0.9199744718130836,1.1530612745870128
2014-12-12,1.1746952815750509,0.9293428744307197,1.1484336877536148,0.993151808686087,0.9501185097457956,0.9636151009557006,1.0036277025465048,0.995018866429142,0.926776042449309,1.1592716291537948
2014-12-15,1.2513660163007794,0.9432751885957719,1.167000560541101,1.0071954010313453,0.9658897259052441,0.976065382253025,1.0191242637080595,1.0103786447654655,0.9400372930560815,1.1790482897742816
2014-12-16,1.3120199194570916,0.952760041620377,1.163051628212675,1.0082186937397684,0.9658708998746776,0.9749172682725485,1.0159958520416,1.0092833675451973,0.9437481392495596,1.1758570806298052
2014-12-17,1.356656991043988,0.9368031744239725,1.147027462347822,0.9978795141877945,0.9553448078603299,0.9618358527181545,1.0016447649270308,0.999643907469281,0.9330306578511531,1.158547976616652
2014-12-18,1.350092715810621,0.933988939019129,1.1409334948935839,0.9961433681004679,0.9570764358772827,0.9639129052042429,1.000493438149037,0.996382775911105,0.9394605308793568,1.153906613488979
2014-12-19,1.3282993220358421,0.9215535351395772,1.129638894443675,0.9892038158149165,0.9476949224362257,0.9562107284992023,0.9933812532412428,0.9877612707146376,0.9414550152820137,1.154047199317979
2014-12-22,1.2363994687687023,0.8789422190589861,1.0719984307489996,0.9426724214078124,0.9067756171542215,0.9153385612365307,0.9522923185635374,0.9480820139368349,0.9106177431560839,1.1247084117465111
2014-12-23,1.2051535186578746,0.8675131614177092,1.0517017660781733,0.9269665097111506,0.8882581970133877,0.901156767017393,0.9341698974066346,0.9296699540022604,0.8864326378825943,1.100924077368125
2014-12-24,1.2358743267500327,0.8831510799028187,1.0751628199033727,0.9410585998643441,0.905151987687864,0.9168338992270804,0.9479573140866351,0.944584391734502,0.8968697001951039,1.1155879989314732
2014-12-25,1.2182820691246088,0.8901344706362222,1.0917104159550186,0.9549631975526467,0.919303543998938,0.931620955537226,0.9630781914796165,0.9601532360268709,0.915957087052277,1.1374266863363958
2014-12-26,1.2093546548072296,0.8917917572761869,1.0987024296033197,0.9610774207514446,0.9252622296636969,0.9363858248652251,0.9704383877026996,0.9680789145170955,0.9246532130315491,1.1487357006201593
2014-12-29,1.1292704969601506,0.8760350178758182,1.0775161508086397,0.9466146889730582,0.9109850262916203,0.9239630905889556,0.9551557069954736,0.9552122589047997,0.9135965329321682,1.1426653151560666
2014-12-30,1.1389856243055339,0.8600378431932393,1.0564689765620883,0.9283907497579693,0.8916339840119145,0.9085036172499792,0.9350554694029758,0.9406942149585004,0.8974786693458142,1.1275307595277824
2014-12-31,1.1599913050523085,0.869473290316635,1.0676765625193543,0.9366218439300916,0.9000618343464811,0.9162165399532125,0.9444557649447123,0.9490733069518199,0.9087346414902426,1.1365018136644274
2015-01-05,1.10065025694267,0.8809923684030948,1.07481613119863,0.9480636726927627,0.9131781378455918,0.9262346192250467,0.9595734156368754,0.9619549255242095,0.9273670770987749,1.1632786732430405
2015-01-06,1.10065025694267,0.890532723147568,1.090138635100701,0.9626448757425276,0.9257392900879274,0.9402420370995233,0.9751257807918337,0.9724709965569525,0.9345907854838142,1.1741465796842263
2015-01-07,1.10065025694267,0.892729577313929,1.0892991159374115,0.9642761121221252,0.9270487468315952,0.9398288322917436,0.9753090513050932,0.9708700517934312,0.935820415242476,1.1705422340325535
2015-01-08,1.10065025694267,0.8822584886557949,1.0839005288311645,0.9619815787831016,0.9233222713984327,0.9351232555609761,0.9704982086371802,0.9641207982525601,0.92267886224156,1.1641934409314092
2015-01-09,1.10065025694267,0.8756830882712332,1.0771833293259179,0.9531373332339973,0.9166639384490959,0.9276551249017859,0.9634470504255217,0.9560403534230237,0.913370757325433,1.1555362590436848
2015-01-12,1.10065025694267,0.8617225552252139,1.0608965683704323,0.940517492399392,0.9046250487984114,0.9143005781479743,0.9485604782029752,0.9409638312331964,0.8928589638551122,1.129834743925457
2015-01-13,1.10065025694267,0.8724468469573248,1.078399540250203,0.9526558697645178,0.9175925852705856,0.9278273054767955,0.9631919209017274,0.9536173349287591,0.9035680598361182,1.1445395431105956
2015-01-14,1.10065025694267,0.8679004197722436,1.074235824763448,0.9445441400024184,0.9135927855172243,0.925422783580942,0.9567965389130173,0.9503893500562816,0.899652189882408,1.143300277409604
2015-01-15,1.10065025694267,0.8740335954574764,1.08372678777072,0.9524045942396543,0.9199452951463181,0.9326312923442833,0.9667678341632485,0.9610130886197661,0.9113419492961284,1.1607035465228621
2015-01-16,1.10065025694267,0.8773265123262778,1.0954782780525014,0.965454501642764,0.932057417099201,0.942589858018707,0.9782046198442343,0.9718668580239849,0.9209909932414972,1.1704037176852269
2015-01-19,1.10065025694267,0.8518378594086162,1.0642039227475486,0.9337253759797727,0.9025400050524731,0.9110754746046409,0.9441526244886974,0.935276131124789,0.8749735581012688,1.1308790806470865
2015-01-20,1.10065025694267,0.8756737348227462,1.1037360699206522,0.968664915836218,0.936177026048777,0.9428817899072784,0.9782463618950411,0.9669314407185701,0.901351329900015,1.169363298429013
2015-01-21,1.10065025694267,0.9040847474348369,1.1283285429005336,0.9930002823308899,0.9597064131575722,0.964993234915388,1.002122763360435,0.9884420319443975,0.9272102027858496,1.1968004791993208
2015-01-22,1.10065025694267,0.9249151565723439,1.1484635914099237,1.0073962102555987,0.9763873615827046,0.9796946637174191,1.016780735808453,1.0003758282117114,0.943039308011456,1.204545790919113
2015-01-23,1.10065025694267,0.9114975852617875,1.1419227952375843,0.9978948446988222,0.9687823225378961,0.9706783797643357,1.007025715609922,0.9930280125638759,0.9388761314245114,1.1902720800966615
2015-01-26,1.10065025694267,0.924190929948995,1.1586808337680454,1.019288406126877,0.9905071025672724,0.9894602994913021,1.0284028703876402,1.0158686845117024,0.9586756167886319,1.2087376384830695
2015-01-27,1.10065025694267,0.9358144689683279,1.1599310777816665,1.0228263646513935,0.9956783880150161,0.9964777126763187,1.0351466913934169,1.0231228921866622,0.9673793248418551,1.212455043333469
2015-01-28,1.10065025694267,0.9401381466736405,1.1577521122342709,1.0196069011085327,0.9898528210845489,0.993315519513759,1.0274772297092147,1.0168496986690088,0.9569773611077341,1.2008661014350566
2015-01-29,1.10065025694267,0.9374574667482318,1.152538478138436,1.0165938231100198,0.9826859048150604,0.9878869223526364,1.0212870503528364,1.0123419054857987,0.9533978502717859,1.1997304078327988
2015-01-30,1.10065025694267,0.9287360018000593,1.1406279547224476,1.0046719711536969,0.9723067528621577,0.9771171452282031,1.0085009089098105,1.001650864175432,0.9449401129536419,1.1863367610074775
2015-02-02,1.10065025694267,0.9221944160062654,1.134087236222637,0.9989472377901022,0.96964898344825,0.9718602093729892,1.002980833771756,0.9937806863402289,0.9344523088336907,1.1788564398582715
2015-02-03,1.10065025694267,0.9358002841114672,1.1519692095451635,1.0147617883931221,0.9876799162494074,0.9864474906184252,1.0185932491480516,1.0073109640031626,0.9492604241842114,1.195846909557608
2015-02-04,1.10065025694267,0.9401194583975151,1.149407037956519,1.016499282197843,0.9850255524569943,0.985172447649086,1.0153360306205812,1.0039770658014684,0.9484699674462166,1.1963545118615655
2015-02-05,1.10065025694267,0.9391504607836465,1.1481734408011468,1.0145364950546512,0.9805940389667587,0.9793597295010025,1.0095559357689492,0.9969511979135045,0.9430321294266922,1.1855823292386427
2015-02-06,1.10065025694267,0.9280768076369977,1.129568615108013,0.9946534963429849,0.9592940011500283,0.9587359822208935,0.9894729482781913,0.9778512805922819,0.923990117206659,1.1640149853135064
2015-02-09,1.10065025694267,0.9256111917680722,1.1233519695456438,0.9901055311706063,0.9513565307064074,0.952016946505144,0.9832421705414596,0.9739855565109239,0.91627623962264,1.160676960179049
2015-02-10,1.10065025694267,0.9350776777492849,1.1325054935071937,1.002286101167103,0.9620471818597995,0.9634847815899159,0.9955784035205117,0.9852756179638924,0.9297317003595962,1.1681014733618709
2015-02-11,1.10065025694267,0.9440453715448054,1.146005889540178,1.0098432405239788,0.9746571429548359,0.9754867702202054,1.0074437181021914,0.9961824003692195,0.941602932178793,1.1768055068783296
2015-02-12,1.10065025694267,0.9585954124472741,1.15554755020681,1.019263615442834,0.9818082513908156,0.984480994646349,1.015906177628565,1.0053676998059178,0.9501199340489084,1.1912840942879546
2015-02-13,1.10065025694267,0.9681181411650908,1.1758996368578511,1.0354075632843283,0.997152121759861,0.9987326211618851,1.0342209432661178,1.0196740799811714,0.9668971080243839,1.2101942770091079
2015-02-16,1.10065025694267,0.9857360745158393,1.1946677313981025,1.054696912762236,1.0172534630741634,1.0173715477151826,1.0540088520226039,1.0367919234319138,0.9847111734584592,1.2265716178638073
2015-02-17,1.10065025694267,0.9882363692208711,1.2021970111240379,1.0642437564055907,1.0249591552557007,1.0251106603492952,1.0616873455972549,1.044312137248719,0.9909800500372744,1.231579550838806
2015-02-25,1.10065025694267,0.98949613934427,1.2040075947813067,1.0610009397636615,1.023502383941793,1.0262421143527451,1.060064315801173,1.0437083988144205,0.9900015737001375,1.2348769241237252
2015-02-26,1.10065025694267,0.9961704024106932,1.2142265175810707,1.0713881393614388,1.0334807602348575,1.0371389128776733,1.069973114633098,1.0532511053785747,1.0022967583056803,1.244599730993575
2015-02-27,1.10065025694267,1.0124866182612382,1.2271648160914386,1.0820338271247718,1.0445387457278832,1.0496760315905824,1.0808139714247273,1.0621485609469627,1.0163775006954756,1.2535209748261908
2015-03-02,1.10065025694267,1.0340655607532132,1.252032083800197,1.1028685425016584,1.0679385151211869,1.0710567215786446,1.1032906519737955,1.0800936651964694,1.0396132590602194,1.2717368014906665
2015-03-03,1.10065025694267,1.0249246229538933,1.2461415255030095,1.096565864723257,1.0646358005570877,1.0674198107257615,1.098137612436356,1.0736768145839337,1.0340597015433302,1.2619199043923148
2015-03-04,1.10065025694267,1.0416676437508587,1.2640711178197908,1.1125092985859417,1.082435958317117,1.0838674014098477,1.1165725238074016,1.0909308652474892,1.053716359823962,1.27921228487234
2015-03-05,1.10065025694267,1.0478256876140997,1.2672604615483394,1.1174688502431944,1.0890091686242083,1.0880910472041714,1.1198580364249715,1.094033399717036,1.0545353995683528,1.2772026835581956
2015-03-06,1.10065025694267,1.0318670562312264,1.2535859030696308,1.1087054690725093,1.079124092731807,1.0744784692479759,1.1057944934078723,1.0843592684905767,1.046116753155078,1.2712941677299574
2015-03-09,1.10065025694267,1.0468021836584978,1.2712060402978345,1.1236684521557812,1.0924496635777394,1.0879689483436248,1.1207345670246878,1.097864508734092,1.0610402734330635,1.2758010630280048
2015-03-10,1.10065025694267,1.0573868617318194,1.2789599355774364,1.1377116361144646,1.1009103102862408,1.1003242956743173,1.132725027286985,1.110160213976791,1.0753986405416427,1.2884517391591985
2015-03-11,1.10065025694267,1.057391577790103,1.271499876333635,1.1327994003434765,1.103320119148147,1.1012349782990858,1.1309703468632162,1.1077446126605652,1.0740792486731723,1.2866192881854523
2015-03-12,1.10065025694267,1.0615990309909615,1.2674751660623953,1.1267505557786472,1.098935158238581,1.0956114184699253,1.1274416838722425,1.1050842377071288,1.0708034030884883,1.2846061332268623
2015-03-13,1.10065025694267,1.0722587644912407,1.2850852473639085,1.1422872108829991,1.1142281736271045,1.1113688962961141,1.1423656992033129,1.1192389332490926,1.0840241535019233,1.2963053007868621
2015-03-16,1.10065025694267,1.0966332317497482,1.3196745245048334,1.174763137011364,1.1461798602960733,1.1456695157560086,1.1770811649401798,1.151269663578787,1.1176009980383068,1.3333853279380241
2015-03-17,1.10065025694267,1.1151233994898904,1.3398439674596525,1.1926711248504045,1.1597478981888165,1.164365355507234,1.1871660081994582,1.167543488413402,1.1407292397414548,1.3533187199458974
2015-03-18,1.10065025694267,1.1289933609865863,1.3534338336986014,1.2141068887956734,1.1814784156372136,1.1857600485463116,1.2103613455147244,1.1897972996528994,1.1671833233186586,1.3887621263064698
2015-03-19,1.10065025694267,1.1392756354970088,1.3647931063342227,1.2252247704811488,1.1928916475509685,1.1937238933421042,1.2231527526920876,1.198437461499183,1.1760562780263069,1.358088593896943
2015-03-20,1.10065025694267,1.1556503271677718,1.3772165825515708,1.2354986439401447,1.2072447641629682,1.2042982355674174,1.2375343246287056,1.207241290192256,1.1831408418074503,1.3703591163481719
2015-03-23,1.10065025694267,1.1873407402707579,1.4091369351084866,1.2655388692550338,1.2300333735351918,1.2354930340203143,1.271634189187449,1.236699745815181,1.212779135261686,1.4016371388557005
2015-03-24,1.10065025694267,1.1968708413152669,1.4133416093432962,1.2779866140215381,1.2390088795248306,1.2429066336174517,1.2853749467125193,1.2408384626194826,1.2223554737492996,1.4135306125683313
2015-03-25,1.10065025694267,1.2111645416738193,1.4308169862296864,1.2925829628385084,1.252211647847117,1.2557177364178442,1.2995742370484737,1.2493770853672093,1.2257010658313177,1.4406226992159215
2015-03-26,1.10065025694267,1.1991013675692248,1.4291983379612596,1.277248201221872,1.2416636182586112,1.2412377165354571,1.2853518265177726,1.2354036381190763,1.2202351790587693,1.4277872299794856
2015-03-27,1.10065025694267,1.213237003455718,1.4502205661275809,1.295686191415519,1.2548423794389496,1.2554762637848749,1.3018840396718703,1.2469459711663193,1.230893311084825,1.4386365571619222
2015-03-30,0.7871404717970552,1.218032120999911,1.469561583467262,1.3062009385731377,1.2614091574273165,1.2693262467593789,1.3115362874211791,1.2618267469334286,1.2457161764659812,1.4613913680617976
2015-03-31,0.8249506971412499,1.222876992741202,1.4777291876669765,1.3106333229747806,1.2640484724638035,1.2717327918929757,1.3138763448457957,1.261927335577185,1.2414761200531084,1.4567867445176583
2015-04-01,0.866699487625465,1.2549005182617685,1.517441862122844,1.3422312091655146,1.2941159034957412,1.3054159013946958,1.3448193020356995,1.2903331647232328,1.2658778148892604,1.4802278480482753
2015-04-02,0.9123868432497002,1.287949170869939,1.5594469683878516,1.3696790584701477,1.323488784294647,1.3341686390876755,1.37578101889523,1.3168197836141742,1.2890168686621473,1.5055383413162715
2015-04-03,0.96280047704196,1.3278317147013179,1.5905706679811487,1.397871647638279,1.3511306990691243,1.3621631435728607,1.4021967518883007,1.3456116101843023,1.3161199880131136,1.529579699727959
2015-04-07,1.0182029600115785,1.3652605269035394,1.6201450892796025,1.4284198536105541,1.3795320483132065,1.3904068103319065,1.427856076869865,1.3710031982925543,1.3433077096768626,1.5599517165090346
2015-04-08,1.0791194341772257,1.363386313907006,1.6031765648788134,1.4193624007826415,1.3628425540560591,1.3739472063385336,1.4109075489909757,1.353822773291758,1.3349811515750285,1.546035943844957
2015-04-09,1.0835831413359154,1.332328967971539,1.576353732420357,1.4167190231343185,1.3464767485988482,1.354251275151144,1.3973940349732061,1.3391636633247757,1.3228557190020662,1.5190763117136301
2015-04-10,1.061264605542467,1.3638620979275367,1.5947267056307974,1.448605449696775,1.3817087178687113,1.389815434842559,1.4334725652218847,1.3676053278501292,1.3522361530195794,1.5383363266387002
2015-04-13,1.0733428719718627,1.375810085065112,1.6277398482364587,1.4783975617541298,1.4148598344758065,1.4213629730540718,1.4637355777079213,1.4021896486369394,1.3885764812280408,1.5733878457466854
2015-04-14,1.0536500462717613,1.3391699233087175,1.6184650455475071,1.4788276088290626,1.4139051589019616,1.4244498651711008,1.4666470577648263,1.4061720709448409,1.3970149146822068,1.5902694763978653
2015-04-15,0.989582719994098,1.2916428962544104,1.553795037261623,1.4256290238829936,1.3615927046997767,1.3717001713600394,1.4132462898312301,1.3614051153400528,1.3449525751442024,1.5539984430284346
2015-04-16,0.969364752275327,1.3048686978351738,1.5632715647826576,1.4398850657109747,1.3739947169957611,1.3910835348870558,1.4297191486091945,1.3742809747752134,1.368233169318507,1.560236615263405
2015-04-17,0.960174766948613,1.3104833184635591,1.5623897342315158,1.4577156662307151,1.3788721544083187,1.3990620306520127,1.4404900104965723,1.3829048276838443,1.388963867352009,1.5715321453296938
2015-04-20,0.9336550950058099,1.2843734361155505,1.5285384176601426,1.4366684841155097,1.3562040191333908,1.3698298623291023,1.410491382882127,1.360449985954229,1.356082278555457,1.5402544246689303
2015-04-21,0.9620127640139561,1.3228899410914798,1.5803291726101951,1.4820179525543349,1.398619139007722,1.4179587777543512,1.4521148195160387,1.4031350575758037,1.3945051700333024,1.5766009827391407
2015-04-22,0.9701524653033313,1.3489073738165382,1.6315980067786975,1.518050326708891,1.4408232463814594,1.4589521750135632,1.4921417900407434,1.4438406460250064,1.431179134272262,1.6167018402183146
2015-04-23,1.026342661300954,1.3702669066024074,1.656631301306723,1.524988319298128,1.453694554331781,1.4711101230636625,1.5068590972254163,1.4609556680641473,1.4399331811590181,1.6450511188870316
2015-04-24,1.014001823862224,1.3859571081597368,1.664971394876164,1.5236943799444218,1.4558705737011814,1.4722488864832484,1.5042683791268598,1.4582558302287183,1.4381262834641746,1.6420994434829888
2015-04-27,0.9843312998074043,1.3885193809284953,1.6755066965997831,1.5375644767907073,1.4653945031046836,1.4803687706771875,1.522116824433162,1.4747878293386527,1.44779119438111,1.6551626677787161
2015-04-28,0.9365433761084916,1.358480882211548,1.6375138787526098,1.4788285499591656,1.4206341708855807,1.4278332414971835,1.4727765125008445,1.430006922559797,1.409767124253811,1.6141174071057596
2015-04-29,0.951247352631234,1.375410577454851,1.6731966930309243,1.5063647194766139,1.4512005023195012,1.4477206439762436,1.5009364977303636,1.456141179716715,1.445160596015876,1.6456994642240657
2015-04-30,0.9370685181271611,1.3868332573205904,1.6744807457626416,1.505705805944896,1.4525001401678916,1.4514459975781349,1.5059795767157518,1.4612254329231937,1.4474407149003992,1.6422228655745053
2015-05-04,0.9263031067444387,1.3976287305628523,1.6890663036824454,1.510312950616447,1.4648131199754206,1.4650173072854986,1.5194044843481418,1.4772315025112266,1.4755951361533006,1.6621177251579375
2015-05-05,0.9528227786872422,1.3559637079283748,1.6489096427534853,1.4723465278497476,1.4166652694465127,1.4181975121826051,1.4733893991453562,1.4255306956280023,1.4161600458213752,1.6006478599499587
2015-05-06,0.9528227786872422,1.335313855976704,1.6166467200526813,1.4499847903300809,1.401348888569292,1.3944881761541892,1.4482469698485847,1.3980449936037933,1.3803466960587014,1.5467490545955036
2015-05-07,0.9528227786872422,1.3197260802429056,1.5866509389405894,1.4175538389587776,1.3666118084755428,1.3665154097636047,1.416094385877667,1.3699166725413896,1.347617405275745,1.4870729412705748
2015-05-08,0.9528227786872422,1.378497278315496,1.6530979802964367,1.4706331297667323,1.4196322722987547,1.4189782758924783,1.4635135235081387,1.4239444105949943,1.3981798216376962,1.5376033388375647
2015-05-11,0.9528227786872422,1.4288301433382342,1.719506448991203,1.5377043192944133,1.481065489017677,1.477925949906173,1.5208587677081227,1.4857659894443471,1.450927633212675,1.60696957041319
2015-05-12,0.9528227786872422,1.452761216565627,1.7545049321089385,1.5655398863074168,1.5044973345872272,1.5067419965590565,1.5504690308954008,1.5086113704954571,1.4703941402262963,1.6398399203123843
2015-05-13,0.9528227786872422,1.4616871810815435,1.7760095575788168,1.5818039002820736,1.5143205614933914,1.5197827862562998,1.5636526295709083,1.5283483846810724,1.4808028354579,1.638175985633468
2015-05-14,0.9528227786872422,1.4472972353880658,1.8038718974057921,1.5981405076551527,1.5232917018082126,1.5303701967075596,1.5726561249445892,1.5336150751045425,1.4932461881570513,1.659440768305046
2015-05-15,0.9528227786872422,1.4264569544238195,1.8034293866381983,1.600203180692077,1.5064933419983393,1.5232833922148745,1.5555720099350216,1.5160773858489598,1.4859566363596544,1.634634636994483
2015-05-18,0.9528227786872422,1.4660633679055513,1.8452763268424217,1.641387231896621,1.5397574040545428,1.5622831611024288,1.5849587763066342,1.5439352576600807,1.5138500815686156,1.6627370530997265
2015-05-19,0.9528227786872422,1.5045434987836526,1.8976432272556998,1.6749489805549536,1.5785817871004488,1.5994458635406508,1.6298872633553818,1.580093494257048,1.556634557425583,1.716520577009015
2015-05-20,0.9528227786872422,1.5366127466684414,1.9424889650918313,1.7028474282857669,1.609565618894838,1.6133192265617446,1.6630969874836241,1.6095026287987229,1.5916285282021752,1.725555923729141
2015-05-21,0.9528227786872422,1.5828629264435135,2.00591020120857,1.7568270389364755,1.6703229756451536,1.6642181923441892,1.7157038701157552,1.6624609456180284,1.652815890274353,1.7788408618357177
2015-05-22,0.9528227786872422,1.6083339162418828,2.0301347067907027,1.7798530546856557,1.6915481183175982,1.6747103341827514,1.7317948127715745,1.6862178267889503,1.6898958856633048,1.8298865083931894
2015-05-25,0.9528227786872422,1.664580560203065,2.07795576259682,1.8162995986160015,1.731145381019492,1.7108574722249779,1.7717588368581956,1.7286430429727289,1.7307717142388306,1.8941845141209683
2015-05-26,0.9528227786872422,1.7380402296055912,2.157711293482868,1.8881170147864135,1.7987519010495736,1.7608539325527435,1.8264008262001148,1.7927293409699452,1.7709861012508419,1.9593567791384572
2015-05-27,0.9528227786872422,1.7930194592341342,2.2125479917183895,1.9070181052344088,1.82102409330137,1.7870849370183366,1.8482623934931663,1.8272751026974774,1.7908561089974055,1.9932913216658026
2015-05-28,0.9528227786872422,1.7178445075833289,2.097141141347504,1.800549907219626,1.7135425432717226,1.6872290882890157,1.7339364042179755,1.7097404063844375,1.695584892348401,1.8689560224251136
2015-05-29,0.9528227786872422,1.776952738509303,2.1280941864036182,1.8244989880207325,1.730313371722859,1.715334343239445,1.7464341680129747,1.7233912252233188,1.7145983436110983,1.900683444433779
2015-06-01,0.9528227786872422,1.8928743918979178,2.2328426420145018,1.9180773605412431,1.8159295065560328,1.8076671709608652,1.8353211995723273,1.8040523031442137,1.8044348340955232,2.0329581802347296
2015-06-02,0.9528227786872422,1.9766068118193174,2.3246472728637135,1.9968585639471688,1.883757408591022,1.8803229818168765,1.9098791188776123,1.88558324574441,1.8753531312004967,2.1381292281221103
2015-06-03,0.9528227786872422,1.9839132948201494,2.3286576782921276,2.007230393992408,1.8912979552150535,1.885397437528803,1.9192027353224448,1.889644947005722,1.8857359984368036,2.1379198543221607
2015-06-04,0.9528227786872422,1.9751524309278587,2.312204756428384,1.998718489966684,1.8755423263872497,1.8743014041421155,1.9074542072565819,1.8776457524010703,1.8755233610513453,2.1323502229035274
2015-06-05,0.9528227786872422,1.987474104485464,2.3517741202600537,2.03331444927155,1.9041348645216498,1.8915856469062118,1.9389522141806275,1.9194555314486497,1.9126813555547892,2.1853426001793292
2015-06-08,0.9528227786872422,1.9703545594098173,2.309611243617555,2.000018704734829,1.8707065076218112,1.8596138429765705,1.91773956979505,1.8995239599178022,1.8962818331367293,2.212076598991345
2015-06-09,0.9528227786872422,1.9853462378014954,2.299608783852796,2.011459635015246,1.8657034944427826,1.8570965318308006,1.9238009886219005,1.8969496873632508,1.8869896114894018,2.2182469823775413
2015-06-10,0.9528227786872422,1.9952579286936294,2.3573013114218315,2.057365852954868,1.8976810092683172,1.888260192530397,1.958678468739193,1.9328889891697094,1.9198593441187404,2.2432426446354454
2015-06-11,0.9528227786872422,2.038172652062389,2.415790747902556,2.095629570196651,1.930000422914547,1.9261738756073619,1.99379944156848,1.9730397790140224,1.961032355444671,2.270702353720904
2015-06-12,0.9528227786872422,2.0724860029531333,2.4401988783453623,2.1362862817280233,1.9709993435093096,1.9593707450292035,2.0271962233067544,2.004204801891218,1.9993401503215047,2.3004497925533913
2015-06-15,0.9528227786872422,2.0320987724806066,2.4063510051931076,2.0926666092987998,1.942974464849079,1.9167642674916303,1.997773583986749,1.982139637007046,1.9879260627567616,2.2717815773284493
2015-06-16,0.9528227786872422,1.9220604100868641,2.3008388268185467,2.0164530350689276,1.8597414037665123,1.8387622411102043,1.9199890806768096,1.9020632684488554,1.9080576673019678,2.1834234559016554
2015-06-17,0.9528227786872422,1.9596398118598397,2.3322105268988524,2.054837537426719,1.8990183716887399,1.880710232497248,1.949940879787617,1.9339344888632766,1.9410263675653177,2.245246264201026
2015-06-18,0.9528227786872422,1.8824223974419423,2.225629817237104,1.9940119805514565,1.8433635885808117,1.8211813849082223,1.8917091461849032,1.8809571790371789,1.891350461191531,2.2015465038470214
2015-06-19,0.9528227786872422,1.7505307972584956,2.0879044338354054,1.8562850150549761,1.7199706367684695,1.6980410894081157,1.763632544632464,1.7526941568679892,1.7625479327777105,2.053137794378983
2015-06-23,0.9528227786872422,1.7738077329902386,2.0892722954212197,1.8494582329112985,1.7187375193237238,1.7052273093035482,1.7690917491406706,1.752367695880518,1.7607703111339719,2.0550350855450543
2015-06-24,0.9528227786872422,1.805790718480561,2.124106483159365,1.879845801413855,1.7579151941636164,1.7472111407038187,1.8090819170682448,1.7953404498150598,1.816208043020299,2.099068113993637
2015-06-25,0.9528227786872422,1.7322950342165109,2.0629968159557044,1.8069635119659644,1.6856651911328584,1.6811987461225937,1.7407612999683801,1.725833286777197,1.7505184203091908,2.0153234245614517
2015-06-26,0.9528227786872422,1.5828525392486203,1.910183603291759,1.6601498121641232,1.5505280678431494,1.5382317365686617,1.597275659382998,1.5805126528079172,1.6101513448550482,1.861021339717496
2015-06-29,0.9528227786872422,1.459829836735092,1.7839414313707633,1.552530706900018,1.446577005392769,1.4381524000337442,1.4912968394952189,1.4711110173350643,1.5095999636963122,1.7540782596134097
2015-06-30,0.9528227786872422,1.521919251538174,1.8366899494515048,1.6095667969035137,1.5028298588413747,1.5031870739828181,1.5571002109753094,1.5353984782624723,1.57382748966286,1.8150242450380867
2015-07-01,0.9528227786872422,1.4413585747556947,1.7261637963344787,1.5102355682407873,1.4193757041251596,1.4224409133864162,1.4706305458219617,1.439637648403601,1.484646340377624,1.7117675809417712
2015-07-02,0.9528227786872422,1.3334861146406594,1.625346750990965,1.4025514262788967,1.3215297965021189,1.3275982865826876,1.3703240009557938,1.3375312582403327,1.3846341134076947,1.601901251932957
2015-07-03,0.9528227786872422,1.2382801180932623,1.5233975155900463,1.3100502723742093,1.2407361980441054,1.2413416955908478,1.282762715011748,1.2479771383439289,1.2883859620962268,1.5007914594858411
2015-07-06,0.9528227786872422,1.166612318365731,1.4546360878112878,1.2440070355695085,1.1844511647448213,1.1908076812359831,1.231886440208647,1.1870563913955137,1.236694629449734,1.451338489800247
2015-07-07,0.9528227786872422,1.0915306971567906,1.3769098978579273,1.1729308584710059,1.1118905689068854,1.1191929286221807,1.154632038908014,1.1017789685592867,1.1597341662250966,1.3763536594286139
2015-07-08,0.9528227786872422,1.0651419403251958,1.3407447470597174,1.1410751108813728,1.0753538249335386,1.0838624100717078,1.115460847491317,1.0556832885133647,1.1071910485398981,1.32627880624381
2015-07-09,0.9528227786872422,1.096780484563525,1.378713020019924,1.1797758932083229,1.115941452783792,1.1267544069332227,1.161104748638188,1.106400474294872,1.157945935790702,1.3765705170400253
2015-07-10,0.9528227786872422,1.1315103249003085,1.4268578827767422,1.2262207800354064,1.1618797226352688,1.174831111232655,1.2128082545111047,1.1629496730272673,1.2164993883308555,1.434443548052505
2015-07-13,0.9528227786872422,1.1866163100452978,1.487834523780198,1.2881086640342676,1.2221383784017839,1.235648255485424,1.273867879533571,1.23112151041967,1.293994494524112,1.4997097200698097
2015-07-14,0.9528227786872422,1.2260013656605868,1.5280173322836588,1.3207364287387429,1.245369331663441,1.257778332328969,1.301895585364737,1.2652958770862393,1.33019566702225,1.5300004426163802
2015-07-15,0.9528227786872422,1.1738356533571757,1.4541301110478073,1.257214050621184,1.1843793571379901,1.1964315206248184,1.2419502792363217,1.1962958927686482,1.254719539596085,1.4719333460012933
2015-07-16,0.9528227786872422,1.1796877222956421,1.46005754642333,1.2695894067553999,1.1967714654256159,1.2121406414168772,1.2604627903657974,1.2187937493002525,1.2721909630633705,1.499214074382154
2015-07-17,0.9528227786872422,1.2412027394756744,1.5268988410118807,1.3356894720440546,1.2573982184504355,1.2785658333860743,1.3276786582766178,1.2902661621720943,1.3425972938610273,1.5630551354403097
2015-07-20,0.9528227786872422,1.2678322629891148,1.5449281099946397,1.370405274224758,1.2883240475675857,1.3084040265393306,1.3517321744588162,1.3192190340216492,1.3788070830189532,1.5871897617683755
2015-07-21,0.9528227786872422,1.2864855133359476,1.5750417180922383,1.3949216559314142,1.3133727410092764,1.3370012982060908,1.3763268711321905,1.342392649322709,1.4050682288450016,1.6211692834615548
2015-07-22,0.9528227786872422,1.3136828724764733,1.59877650981094,1.4181443216417329,1.3353431197413843,1.3563439932123504,1.390499498461976,1.3635598721330093,1.428376553415497,1.6218441802826573
2015-07-23,0.9528227786872422,1.3577986734035665,1.6439891177239325,1.4678956293109762,1.3773131793107734,1.3970151115296523,1.4307746049604109,1.410183910124112,1.4769360473442326,1.6599468222248952
2015-07-24,0.9528227786872422,1.3247274058370315,1.6257284893259818,1.458689890264693,1.3631489512206105,1.3799257049971014,1.4095339772085675,1.3882383741833944,1.4630290712491243,1.6357696668834956
2015-07-27,0.9528227786872422,1.244232492791766,1.5221657135519007,1.3603704277872022,1.2726767424696281,1.278190065996033,1.3059866109581997,1.2792181863686263,1.3506154339855452,1.5518795286179752
2015-07-28,0.9528227786872422,1.1987843130203955,1.4587824931480557,1.3115236003645643,1.2349986153477819,1.2355213204866395,1.259215654295821,1.234394941126251,1.3092566860927992,1.508272912434289
2015-07-29,0.9528227786872422,1.2586508647858154,1.5250575552520094,1.3731000550569747,1.293204542765676,1.2958255974858632,1.3211875383304152,1.3009609001210127,1.3760221302310298,1.5780985684033875
2015-07-30,0.9528227786872422,1.219345287121633,1.4821215853003928,1.3396540628898912,1.2584089592504102,1.2585406837865998,1.290505624238841,1.2663036201424949,1.335257625365491,1.5629131478117195
2015-07-31,0.9528227786872422,1.194652019659529,1.4550302290019452,1.3128320801071174,1.2402607569156017,1.237770718510407,1.272312336826444,1.2406323630441471,1.3091014002560069,1.5466852094515813
2015-08-03,0.9528227786872422,1.1385176592222717,1.3851375958654866,1.2576169930327452,1.1928038346751297,1.1936129827732942,1.224391562388256,1.183462497907001,1.259953501362114,1.4934419529428806
2015-08-04,0.9528227786872422,1.1949585183584728,1.4636478571376925,1.3300779278162855,1.2576703685996207,1.2631168741015857,1.2958147351143063,1.2581390021877927,1.3362456436013574,1.568962976807377
2015-08-05,0.9528227786872422,1.1863354906001407,1.4567996876136775,1.3210959661706017,1.2499894269784229,1.2559482560747346,1.2874653715695272,1.2519498800485513,1.3334050356493354,1.554474339699292
2015-08-06,0.9528227786872422,1.1816325841286515,1.458880733073165,1.315071912989508,1.2500638053558317,1.252149895434163,1.283343105618208,1.2526882467775553,1.330757126135349,1.5538721974858503
2015-08-07,0.9528227786872422,1.2168067054459246,1.5072290432642403,1.3594516367969907,1.2931641691567544,1.295271561529505,1.3268623099140007,1.2949254951577929,1.371626871877321,1.591262160378369
2015-08-10,0.9528227786872422,1.2657125408577807,1.5762164240890255,1.42943286383992,1.3561697163396047,1.359983765510108,1.3915931782347002,1.3628234886063613,1.4398844157731563,1.6492153842158241
2015-08-11,0.9528227786872422,1.2774324883094883,1.5887939998241196,1.4439697159308764,1.364316159918654,1.3690846328158808,1.4026966152177929,1.371918809159684,1.4530239078960225,1.6663923384253376
2015-08-12,0.9528227786872422,1.2508247028938655,1.5744021123394905,1.4316348291429826,1.3500135215509939,1.3529512263233536,1.4083310616579532,1.3573746769029769,1.4415126772325164,1.6533774557750012
2015-08-13,0.9528227786872422,1.2935269599480739,1.623611039885338,1.4714410691811675,1.3850597566839473,1.3904095706723791,1.4512613607696687,1.3953730419293497,1.4815489929473882,1.6987373119830658
2015-08-14,0.9528227786872422,1.320066643960359,1.6428667035475417,1.4840945584793688,1.3946268137584066,1.4046346051452538,1.4638970796876685,1.411356576029498,1.4967932206776047,1.710378593325615
2015-08-17,0.9528227786872422,1.3540629414229777,1.679518607365423,1.511449299672103,1.4234596626070495,1.4316912439471567,1.4973221905091134,1.4422810136207436,1.529773123773153,1.74036736020669
2015-08-18,0.9528227786872422,1.2684710588145978,1.5658194277305149,1.4089979540014796,1.3250873206101776,1.328717468335878,1.3859648066116157,1.3341032214047923,1.419902552556734,1.6229567384550603
2015-08-19,0.9528227786872422,1.2937577920572971,1.6005232711617428,1.4366341947934362,1.3554953777224232,1.3618814451303638,1.420264688638813,1.3659738404828983,1.4512617709800395,1.6512756816038396
2015-08-20,0.9528227786872422,1.257277080633175,1.549729582471681,1.3803066098742742,1.31115947971261,1.317911782415835,1.3710902325535745,1.319466481108531,1.4037214849301545,1.6041572099403487
2015-08-21,0.9528227786872422,1.1777850903046987,1.4710311001108287,1.3003435087915447,1.2339307505612764,1.2486527383543011,1.2928626079721477,1.2428962592461825,1.3293392722944173,1.5361014080072735
2015-08-24,0.9528227786872422,1.0849649970106152,1.3685439627618141,1.1998439834475192,1.1363040634000565,1.1525010427172921,1.188834720132075,1.1425792555899974,1.2277143533017978,1.4297467282607823
2015-08-25,0.9528227786872422,1.0053927011017514,1.2727738976157799,1.1087937220320538,1.0529940770410222,1.0683954736768275,1.0980631365804268,1.0559395466904271,1.1397424380358452,1.341404790277346
2015-08-26,0.9528227786872422,0.9549869333945106,1.229821650944773,1.0594168455068849,1.009980608419267,1.0330526919582297,1.0530456389172165,1.0172475038850457,1.1043457265487355,1.299206305505029
2015-08-27,0.9528227786872422,0.9801353684281013,1.264247110194378,1.0910165249527064,1.0408160068267938,1.0688686065389394,1.0898062648068283,1.0588878712763152,1.1460284871253066,1.3475049215372934
2015-08-28,0.9528227786872422,1.044171253021686,1.3359014280976325,1.1575604653168738,1.1029017458154462,1.1318999036182036,1.1583842608934385,1.1224493422065285,1.2125209410574982,1.4160640021466642
2015-08-31,0.9528227786872422,0.9957162575888046,1.295189633889353,1.118069815258495,1.0657582599727662,1.0924458436523639,1.1131866955544836,1.0844730799242723,1.177278385869784,1.3789914697523302
2015-09-01,0.9528227786872422,0.9333320897845138,1.2176414436388174,1.0535067444421495,1.0039154191745452,1.0299313079209083,1.0460259817979138,1.0225511471989637,1.110630690667229,1.310312092289173
2015-09-02,0.9528227786872422,0.8972521146213107,1.1747236119861266,1.0145673713352783,0.9724483478712144,1.001103925770432,1.0170494632414697,0.9930683985282089,1.0878264154901487,1.2838993310232572
2015-09-07,0.9528227786872422,0.9157466372525686,1.1877092848409196,1.025027754500078,0.98121897648445,1.010941511530491,1.0289021185516802,1.0035110037556347,1.0989338485148443,1.2979350786836636
2015-09-08,0.9528227786872422,0.9575608914251841,1.2377906478347964,1.0690734917206715,1.0258994786176021,1.0546553778460983,1.0753233324385516,1.0490505446241747,1.145435048209801,1.3437043818422139
2015-09-09,0.9528227786872422,0.994028330815103,1.2821482757228675,1.1058266255326619,1.0609444518292186,1.0923180264926609,1.1141859699290682,1.0878196143026109,1.1820889102572958,1.3790476912828655
2015-09-10,0.9528227786872422,0.9789004815151473,1.2661367119701374,1.089824026297294,1.0448828726311719,1.0754075837781158,1.0978364821488362,1.0721433523043815,1.1610722734292673,1.3520091196496684
2015-09-11,0.9528227786872422,0.9921276471627756,1.2771523520409294,1.1013446435496934,1.0543790271154732,1.0886044393439187,1.1094664639273317,1.0846976071360346,1.1663198997402988,1.360114643443083
2015-09-14,0.9528227786872422,0.9312833208531971,1.2032840198116599,1.0254952731378375,0.9831127062262368,1.0195743243759436,1.0331372693777114,1.0111252813015215,1.08941155594078,1.2874714604384514
2015-09-15,0.9528227786872422,0.8904824522787499,1.1512854280679305,0.9660097337630198,0.9317152587880396,0.9678910630897707,0.9791928538953295,0.9582397713094932,1.0363678402416974,1.2351078155710717
2015-09-16,0.9528227786872422,0.9461155378602922,1.2182477909584775,1.0273013547428815,0.9953161264260767,1.0308447600081136,1.0490101101861355,1.0249421362728421,1.1041599335229473,1.3081483204363775
2015-09-17,0.9528227786872422,0.9401830105602097,1.2038732963023848,1.0080147427107249,0.9803129403586144,1.0132947395806784,1.0275567085928468,1.0073378660996986,1.083286826656552,1.2724421344604513
2015-09-18,0.9528227786872422,0.9535625674642104,1.223012534116428,1.0215652548475778,0.9937786336196578,1.027543807549717,1.040821967725381,1.0203587523973006,1.097383217226353,1.2466436563492058
2015-09-21,0.9528227786872422,0.9801470602277353,1.2618950083698883,1.0579991151746084,1.029883230988537,1.0632412797610549,1.0771793753894194,1.0557694157988935,1.1315215176739424,1.271039807091158
2015-09-22,0.9528227786872422,0.9809274686090398,1.2676498493879487,1.0663188749569845,1.0332335539338733,1.070551602042296,1.0839915968967322,1.06406735487788,1.1307091587410516,1.272761458977271
2015-09-23,0.9528227786872422,0.9742243450198406,1.2551014076635774,1.0540742509271412,1.0271623563629,1.0553225965491453,1.0707631352856433,1.0500857279753255,1.1176944573523364,1.2340262522692664
2015-09-24,0.9528227786872422,0.9867633397027576,1.2766481773840748,1.067599668558613,1.0424805253599352,1.068373737016472,1.08194753564155,1.0649390764293538,1.133783370745092,1.2499922013165452
2015-09-25,0.9528227786872422,0.9576758002048555,1.2470609076873782,1.0265503254911246,1.0093081637191987,1.032803513144495,1.0444478515652311,1.0256203146380964,1.0983159076492826,1.2085287650722485
2015-09-28,0.9528227786872422,0.9745525512516107,1.2684019540227083,1.0434091994702388,1.0325480631444757,1.0523435462924688,1.0608911268452186,1.044783491198157,1.1188411876939104,1.2120109314670093
2015-09-29,0.9528227786872422,0.9650594223998966,1.2530119449288777,1.024386001317408,1.0152681859035915,1.0321115600569928,1.0385988371436543,1.0270423966650146,1.1022094687177282,1.1913249851339998
2015-09-30,0.9528227786872422,0.9601970246727262,1.2549947552205456,1.0300084974509451,1.0133664433201062,1.0323144008404557,1.0414804627223597,1.031065889645706,1.1080940479139656,1.1883154935445368
2015-10-08,0.9528227786872422,0.9939471267409662,1.2943470166059463,1.0700177212977646,1.0538228515095938,1.0694833635333525,1.0866530577706215,1.0711125879484598,1.1485843219913803,1.2301145187990294
2015-10-09,0.9528227786872422,0.9691803463946067,1.3017346046350573,1.0902634954357204,1.0691375056799344,1.082060114795472,1.106496191781595,1.0857728966375986,1.1643319577075109,1.2439037171181617
2015-10-12,0.9528227786872422,1.0114419714647962,1.3449340318878076,1.1285300675192813,1.1110990766973619,1.1218816590562646,1.1538251737287681,1.129184778828519,1.2101647845206078,1.3002360460815563
2015-10-13,0.9528227786872422,1.0468702648545036,1.3536714260147433,1.1456785981884785,1.121425675454259,1.1350243729046026,1.1678423061596632,1.1415644231921924,1.2269039231585432,1.328404040497522
2015-10-14,0.9528227786872422,1.037738265896132,1.3345704040866213,1.1358538671908776,1.107689420790686,1.119398531664533,1.1548547060225758,1.1265754839472817,1.2037578098707273,1.3137595627213028
2015-10-15,0.9528227786872422,1.0662838787333577,1.3663682289617747,1.1716562713327003,1.143797765744505,1.1541746921060785,1.1911691253197576,1.1616556780013305,1.2416895961206218,1.3495627334034794
2015-10-16,0.9528227786872422,1.088006676427264,1.3867054944544444,1.1897909928823533,1.1574963643219256,1.1702028805082965,1.2119611611126715,1.1793695652838843,1.264767219227752,1.3790001170339192
2015-10-19,0.9528227786872422,1.1137933845934993,1.387388163901404,1.192675546199205,1.1608581610653248,1.1641843721149692,1.2134765549498592,1.1794440735989877,1.264509480296512,1.3911594932145552
2015-10-20,0.9528227786872422,1.1281808034721217,1.4040879100932835,1.2082665071892964,1.183462242051666,1.1825653612226057,1.2383482954031402,1.2014361828638802,1.2811656766554198,1.4016355731078325
2015-10-21,0.9528227786872422,1.0407062029219705,1.31978890440973,1.1320194844584723,1.1117026599167585,1.1095536989831898,1.1662781260335398,1.1261397374091742,1.206175060338924,1.3160642202684074
2015-10-22,0.9528227786872422,1.0796637021174689,1.3633789659856164,1.1750758697063048,1.1531285564491038,1.151966004041277,1.2135644981742146,1.1653814931968087,1.2471558328480659,1.3574677376331128
2015-10-23,0.9528227786872422,1.1211367372839611,1.4092694329904434,1.2113292899805879,1.1913606277114035,1.1832490634347161,1.253186911059569,1.1952597283915987,1.2802509465043508,1.393813399190885
2015-10-26,0.9528227786872422,1.1322876195731069,1.4172000101165168,1.222756581085323,1.1993240579330446,1.1912914907402992,1.2675816829861777,1.2014754122847504,1.2897365431779033,1.406708664177407
2015-10-27,0.9528227786872422,1.1266918521163327,1.4221691682016382,1.2322449347482896,1.2067270707171076,1.1996890035107721,1.2755256874669807,1.212654095211443,1.2978272525291308,1.4100862772804883
2015-10-28,0.9528227786872422,1.099071682410037,1.3968579733603053,1.2065509649843107,1.182114418173757,1.171050635817646,1.2480322348102306,1.1878432207103913,1.2812941191029912,1.3799996275137723
2015-10-29,0.9528227786872422,1.1177185568837875,1.403373050034988,1.2181441055503486,1.196393646967737,1.1823474231286324,1.2642694156804801,1.200035201410968,1.2971924162283088,1.3938743142775645
2015-10-30,0.9528227786872422,1.1195846093129274,1.3981555289591439,1.2148468186486854,1.1965651152005659,1.1774461292894876,1.2626789959279372,1.199636127223598,1.2935152716451772,1.3862562575609232
2015-11-02,0.9528227786872422,1.0990374707096724,1.3623774954118228,1.1828770965783395,1.1677202493525003,1.1544256591117876,1.229234906146102,1.17293929619376,1.2708678738892134,1.346914101392762
2015-11-03,0.9528227786872422,1.1011234367679488,1.3617768074938394,1.1812849184943934,1.1715959857792801,1.1549818513414265,1.221362569310766,1.1742243482720782,1.2721143135427526,1.3431757740879362
2015-11-04,0.9528227786872422,1.1591061340695694,1.4253188971163062,1.2405858853157163,1.2291782133958393,1.2115773830630747,1.2819326704550043,1.2318281259927335,1.3279210801322883,1.4061695034229804
2015-11-05,0.9528227786872422,1.1621300209022811,1.4299274071181913,1.2470301012529217,1.2260984723697472,1.2151764407660128,1.2846510807289522,1.2352229866144724,1.3308306142782702,1.413448336765361
2015-11-06,0.9528227786872422,1.1858113495973512,1.4577458622799335,1.2802320309495354,1.2558259703259862,1.2443040755219452,1.3121234024067698,1.2649763262273916,1.3568386632227671,1.4436800829364391
2015-11-09,0.9528227786872422,1.2065500069108523,1.47205422402058,1.3010816058545234,1.275795974528727,1.2624532714540546,1.3331765332735288,1.282617121870369,1.3704065917752255,1.4596415219931174
2015-11-10,0.9528227786872422,1.226532087001066,1.4906244103152655,1.3140737722245956,1.2754073098026908,1.2731064948701563,1.3447476487862324,1.2939071002929017,1.3842383148721369,1.4779232662301016
2015-11-11,0.9528227786872422,1.2551403539177755,1.5140952651845612,1.3387613816548098,1.2987610004800376,1.2937214528746854,1.3700745058359607,1.3110556050144928,1.4009151038547552,1.5083782276196183
2015-11-12,0.9528227786872422,1.2584644179443918,1.5205436872732185,1.339458466314998,1.305179723040177,1.300240166663052,1.3696719480638797,1.312796141720393,1.4043132995605612,1.4976492538152328
2015-11-13,0.9528227786872422,1.2422563819646637,1.501030749775177,1.3107837531524176,1.2791888342206816,1.2792933483185394,1.3396125890012975,1.281416551475744,1.3848482775233655,1.46827373943202
2015-11-16,0.9528227786872422,1.2736837484913246,1.5360366886342782,1.3424875442373327,1.3097907456634317,1.3079838302716054,1.3709602573724455,1.3121912059817233,1.4118355422751092,1.4882135295414916
2015-11-17,0.9528227786872422,1.257985431767174,1.5269598217718472,1.3316391273539514,1.3010151976139108,1.3032155384097586,1.360730680956861,1.3014569510171692,1.4030579846630027,1.492631791357472
2015-11-18,0.9528227786872422,1.2375294715770406,1.4937392699904712,1.3138954151602724,1.2774225666063315,1.2855386628729615,1.3346919498668404,1.278728662668419,1.380815947852677,1.4786307028214054
2015-11-19,0.9528227786872422,1.274787104054066,1.5338611657433252,1.3491920600433922,1.3138342624408683,1.3200331628053465,1.3717159057186523,1.3151662211595403,1.4146081959317836,1.5134252988866677
2015-11-20,0.9528227786872422,1.287838797489883,1.5618994655950036,1.3740431314196002,1.3312418869690579,1.3429430527226949,1.3882398159756388,1.3396924852143666,1.4392079351060694,1.523737384649601
2015-11-23,0.9528227786872422,1.276917576431227,1.5515405895418626,1.3648709817576765,1.323684068828459,1.332204329518176,1.3790918674763792,1.3298935137723322,1.4378401183154428,1.5130754066681924
2015-11-24,0.9528227786872422,1.301177352786316,1.5706964254463318,1.382481494431013,1.3371529513360154,1.3439877263814926,1.3981647013804521,1.3440266773256029,1.4521418911818882,1.5216234686192023
2015-11-25,0.9528227786872422,1.327050961352827,1.6031158567938124,1.4127781407385245,1.3655148332439624,1.3730171897843155,1.4278791946649698,1.3674641659811677,1.4851326185699274,1.5370375265270226
2015-11-26,0.9528227786872422,1.343702141495626,1.5927346299438097,1.4093314798510201,1.3576375323341732,1.3621997597693856,1.425249155170214,1.3637279420192452,1.4870703520172965,1.5267867303229843
2015-11-27,0.9528227786872422,1.2770698407078094,1.5039085533109204,1.3261241016595047,1.2763035802575513,1.2779089204048926,1.3407057668372804,1.2788098121389468,1.411477986113742,1.434803007154947
2015-11-30,0.9528227786872422,1.2861653441906034,1.520608699303813,1.3309548538836797,1.2833271224350327,1.2855489179934516,1.351060609235534,1.2874199858202215,1.421874761953766,1.4267439109081217
2015-12-01,0.9528227786872422,1.2945346503252595,1.5188472456456608,1.3362481631643088,1.2833427904105497,1.2825284890397821,1.3499346772581202,1.291415763101469,1.4285821678843238,1.4340286067263197
2015-12-02,0.9528227786872422,1.2727138204093829,1.4992886866992134,1.32459926281677,1.2741943640396338,1.2749807939810673,1.3377518308891363,1.279708522032464,1.4272197286106831,1.4464260389502321
2015-12-03,0.9528227786872422,1.310990052101758,1.5387818781381934,1.3594736397070877,1.3083717788260638,1.3056038184459184,1.3726795089200774,1.3111154025478018,1.463503883919074,1.4757684505034845
2015-12-04,0.9528227786872422,1.3111036474157107,1.5228038973068414,1.3601062553925178,1.310019811819852,1.3025242048720567,1.3699697273968257,1.3105876663707803,1.4658913842119734,1.4759698709208147
2015-12-07,0.9528227786872422,1.3259450628458316,1.5456757430219128,1.3783791155098044,1.3284993106109197,1.3224998437035518,1.3899080981450402,1.3294740686329494,1.4935650499568396,1.498148982871488
2015-12-08,0.9528227786872422,1.3088880239930152,1.517437464738844,1.3428502655532244,1.3094027466786433,1.2991532092780704,1.3604351044038216,1.3047913709308583,1.4713707019909885,1.4650059143784466
2015-12-09,0.9528227786872422,1.3223672875544066,1.5148220430309491,1.3420432831027953,1.309062966136924,1.295338011267113,1.3558877953813164,1.3002950669552382,1.4685963925680847,1.454179179621926
2015-12-10,0.9528227786872422,1.3241478053476101,1.5027409743095084,1.3318833597413275,1.3033665906105247,1.291115625309521,1.3527843958710857,1.2957438267751604,1.4589418310529192,1.4637242597849216
2015-12-11,0.9528227786872422,1.2836684566018557,1.4857219338446643,1.3168774877457323,1.2899620704531396,1.2777055846326526,1.34434917467035,1.2898147670229994,1.4477886631646935,1.4589619802639944
2015-12-14,0.9528227786872422,1.2919495150269191,1.5097625008113706,1.3374842273349647,1.3111367309167474,1.2999688214738527,1.3721288117428843,1.3106226928378328,1.4685180861276317,1.4944393234305888
2015-12-15,0.9528227786872422,1.2950637222184291,1.5380462037755205,1.3551508462051414,1.3271478449366971,1.3171668334424944,1.3882176974235207,1.3266295900788823,1.486642433536343,1.494935824503541
2015-12-16,0.9528227786872422,1.3071812339392375,1.5501752861429932,1.3632515718297868,1.335857292937623,1.3247585480597615,1.4001319847461067,1.33763274435199,1.4945790737415938,1.507473369960857
2015-12-17,0.9528227786872422,1.3476371961395885,1.5955946273287995,1.402545633237858,1.372935505370808,1.359129190547369,1.4403163076644796,1.3704024543070403,1.5316606181050259,1.537945496899926
2015-12-18,0.9528227786872422,1.3472257578206481,1.587624053192857,1.4023380796130673,1.3762103050994825,1.3589820961821735,1.4670470409466418,1.3633507886263094,1.524284552825162,1.540680250734033
2015-12-21,0.9528227786872422,1.352242241571085,1.593513915125553,1.41198064840392,1.390980921324672,1.372854713611828,1.4793944260783003,1.3754033212842818,1.5348907325443866,1.562326690993274
2015-12-22,0.9528227786872422,1.365182694399911,1.6096680802785872,1.42504149656107,1.4036215401637901,1.3890920213305402,1.4895707595773917,1.3910795205651683,1.5452925316931911,1.5764744988442483
2015-12-23,0.9528227786872422,1.3431344489471444,1.596651572393469,1.404187604564008,1.384001082834439,1.3721741224611013,1.4705640259703658,1.3775566761898586,1.5316793471074635,1.5470820589159757
2015-12-24,0.9528227786872422,1.338845125936694,1.5954995871688096,1.3988977072095168,1.3856371486817372,1.368317073323645,1.4683773774313706,1.3793013994263756,1.527198166373365,1.5514276235207998
2015-12-25,0.9528227786872422,1.3508661656924734,1.616966403108076,1.4113263670503704,1.3974590492427164,1.378568470652227,1.4826721067212862,1.3947521762495578,1.5426754265954985,1.5712513122258778
2015-12-28,0.9528227786872422,1.323631305021134,1.5806439884120687,1.3797034060473268,1.3653333158707992,1.3466986622007124,1.4496828190238789,1.3640687262877256,1.5114922849426147,1.5346132354806243
2015-12-29,0.9528227786872422,1.34328598374018,1.6023047494913654,1.3936319105098542,1.3817130662477797,1.363069729249761,1.4682404886378255,1.3777967815246377,1.525805693276437,1.5614993390215397
2015-12-30,0.9528227786872422,1.3623068742064055,1.6165312644403813,1.411987373941705,1.4011476322153213,1.3781027803637036,1.484336049339718,1.391530732975633,1.5404417904244452,1.583921389379639
2015-12-31,0.9528227786872422,1.3443807299993273,1.59518564859282,1.3882853321852442,1.3797863173291236,1.3535270496268947,1.4587027292229233,1.3696718180250624,1.516659733990592,1.5650509744293837
2016-01-04,0.9528227786872422,1.2282494515359992,1.4639622319689896,1.2721081709919542,1.2656086863169045,1.2392843638427447,1.336499627377163,1.2571436925391326,1.3936984988337895,1.4526638654289037
2016-01-05,0.9528227786872422,1.1948733384302515,1.4188925666772034,1.2379340979494973,1.2398727679257033,1.2166047910887496,1.3140240165190364,1.2341766368374043,1.3794749064074951,1.4375332920169386
2016-01-06,0.9528227786872422,1.2235831876295684,1.4554060561997917,1.276237890205662,1.2742834804555303,1.2484259070895007,1.3538843048278875,1.2657974008051882,1.4197403908192332,1.4732870474540225
2016-01-07,0.9528227786872422,1.1121726415884878,1.3339787861010746,1.1681410409265287,1.1702293988987542,1.1402454041943497,1.2389333645194138,1.1598350793180467,1.2989815509258609,1.350309573798828
2016-01-08,0.9528227786872422,1.099970347072873,1.3341403324523053,1.1769057758123147,1.1815280943791242,1.148172053000902,1.2545805343880236,1.1712335306217019,1.309387617149162,1.3540387902153692
2016-01-11,0.9528227786872422,1.0052211830157434,1.2378559366122275,1.0881029833685432,1.1001597561197753,1.0646407967551057,1.1655763549525016,1.0904075048044548,1.2222117772575134,1.2600123643389702
2016-01-12,0.9528227786872422,0.9935031059262853,1.2346683218784515,1.0801479382364243,1.0934091940267325,1.068244490479749,1.1586795473751657,1.0885308539049923,1.2136811344378438,1.2504231998530213
2016-01-13,0.9528227786872422,0.9484620490586243,1.1853321377808925,1.0351043015522714,1.0502594474845421,1.0290595862168028,1.1101459042367914,1.0483902936083451,1.1646590464672824,1.2138650399317794
2016-01-14,0.9528227786872422,0.9909777264625741,1.229293366793024,1.0717174331891683,1.0897062192380078,1.0682723734381891,1.1501873093149824,1.0834086207370475,1.200991652870237,1.2508389539735
2016-01-15,0.9528227786872422,0.9529785786128604,1.189008608713989,1.028382194446787,1.0518871394046285,1.0337718481837481,1.1057947290478272,1.0421526041732634,1.1488706533978776,1.204469155432918
2016-01-18,0.9528227786872422,0.9748041132332456,1.21070129177934,1.0523031758683372,1.0751446287250876,1.0561387339676553,1.1283291329495464,1.0635157595659048,1.1709579811083366,1.2237044744460928
2016-01-19,0.9528227786872422,1.0226331779577413,1.2598022723537143,1.0964174357652454,1.1182392056578532,1.0960486126838567,1.1750923783437766,1.1037732517432275,1.2139606859282575,1.2711139730439671
2016-01-20,0.9528227786872422,1.0199390815988938,1.2597351019604597,1.0894135833223106,1.1109661965108275,1.0879596946087176,1.1678094850213414,1.0932517506524035,1.2075330132460598,1.2641203093248354
2016-01-21,0.9528227786872422,0.9765329041734266,1.2096486137301028,1.0420584322586728,1.06625444620474,1.0423970022191653,1.113326604457605,1.0502646126340194,1.1514691208502816,1.2275540845363588
2016-01-22,0.9528227786872422,0.9904927593401182,1.2275412014923506,1.0605591761292692,1.0876546897068013,1.0591891609416564,1.134447888151318,1.0650703660848064,1.171473520847565,1.2397689050476974
2016-01-25,0.9528227786872422,1.0016144153680464,1.2405981048870338,1.076240029418101,1.1018765216182074,1.0737626048360003,1.1528232488420558,1.081379736390524,1.1858202713133532,1.2551521156667058
2016-01-26,0.9528227786872422,0.9309254937269157,1.1500870959538347,0.9977579448327666,1.0222620238714442,0.9949985448986862,1.0654688770031082,1.001546861937947,1.1018604784363153,1.1720289155098296
2016-01-27,0.9528227786872422,0.9170368678750171,1.1304625769068521,0.9829572339534065,1.0131480059680193,0.9854479254580857,1.0573301400488144,0.9903676629628337,1.090514520003166,1.1590084722003222
2016-01-28,0.9528227786872422,0.877420207936521,1.0824789520461156,0.936634669371732,0.9675381242438611,0.9441228526159233,1.0088488882359528,0.9471208584884455,1.0398883930597655,1.1142662671718917
2016-01-29,0.9528227786872422,0.9147352799826195,1.1206046104149852,0.9711218812070387,1.0022018630512983,0.9771344415767471,1.046716736334589,0.9817033964171845,1.0775076381122708,1.1487092693908796
2016-02-01,0.9528227786872422,0.8971046764748029,1.1105681049895118,0.9585782286609605,0.9875916004950712,0.9664613090037245,1.0299969848474035,0.9687618235538036,1.0645184675921555,1.1355743476810924
2016-02-02,0.9528227786872422,0.927436259894186,1.150651186252566,0.9948798570110119,1.0238593596835526,1.0020817735430005,1.0703788834294359,1.0032846396156803,1.104512282481437,1.1593960068871483
2016-02-03,0.9528227786872422,0.9416839433349127,1.16126466514282,1.003773955100555,1.0292804396779607,1.0086111884280684,1.0789009357724104,1.0070263156559514,1.112699206133126,1.1601868267622766
2016-02-04,0.9528227786872422,0.9586641042539223,1.190771025891553,1.0277154963252848,1.0513972000412382,1.0304099022680193,1.101837057743923,1.0283818325275134,1.1362686395119646,1.182134417250187
2016-02-05,0.9528227786872422,0.9473521625147496,1.178949795423779,1.0180192573654978,1.0386972948869684,1.0194779191160908,1.0913525774310435,1.0205403595079592,1.1253617561350313,1.178488005713053
2016-02-15,0.9528227786872422,0.9458580751488362,1.1835505567804974,1.0184689045199147,1.0392803841852412,1.0216575168580666,1.0911167116446903,1.0250584410101462,1.1252834639785303,1.1803090810295824
2016-02-16,0.9528227786872422,0.9884741047964111,1.2315086344650352,1.0623751243057438,1.0838593773732332,1.0640639989668883,1.1404227629448003,1.0679441352708339,1.1685511443111052,1.220878616422807
2016-02-17,0.9528227786872422,1.0042696389520003,1.2503528576435459,1.0825016660071212,1.0991516785012867,1.0803266629990165,1.159895792316978,1.081371558168195,1.1895962589482345,1.2332989294556298
2016-02-18,0.9528227786872422,1.0030742671158777,1.2517166814377856,1.0789985801106328,1.0966102333339571,1.078850745702501,1.1593794497531809,1.0760323509140013,1.1850737995277911,1.2397283663942498
2016-02-19,0.9528227786872422,1.0121845345613338,1.255779855048574,1.0838648717472765,1.1009078544276536,1.08553337006977,1.162556531203058,1.082759551666925,1.1908638143439316,1.237937748021817
2016-02-22,0.9528227786872422,1.035403376351253,1.2832216731834742,1.10593615900643,1.1241075280742883,1.1088075895983316,1.1874920809375777,1.1061428214706082,1.21619408065869,1.2651975104381041
2016-02-23,0.9528227786872422,1.0271089323294853,1.2743099486103322,1.100842901714734,1.1177612806065935,1.1025292839873777,1.1835062919243056,1.1038750847128196,1.2080648982972126,1.259500382503567
2016-02-24,0.9528227786872422,1.0382635335686625,1.2741294945092256,1.1070019145940218,1.125684700719383,1.1069694933298393,1.186260991504855,1.1083038269562784,1.2175481770834486,1.27056107747582
2016-02-25,0.9528227786872422,0.9752187045672748,1.1755643430923106,1.0201028521378377,1.0379774751851718,1.0219825570909609,1.08666591878369,1.0248906767511858,1.122193728381001,1.1851850019612888
2016-02-26,0.9528227786872422,0.9648772568891599,1.1692926319509858,1.0135000450036022,1.0338640533033239,1.0228817924553115,1.0837573393827145,1.0290659971977243,1.120666992295514,1.195091224961131
2016-02-29,0.9528227786872422,0.9085590643446265,1.0923874130426112,0.9519469923367441,0.9706468728001327,0.9654340320435891,1.0176777711836804,0.9710300490215923,1.057672558826116,1.135687097835427
2016-03-01,0.9528227786872422,0.931984651434133,1.1137935684245757,0.9735714490902394,0.9868045235289349,0.9871890813891543,1.0415420429758597,0.9877384124993066,1.0764553724569348,1.1579115057130953
2016-03-02,0.9528227786872422,0.9766661204304214,1.1707153080926291,1.0237168182435228,1.0350071103967442,1.035706852000728,1.0953807275050835,1.037580909234686,1.1282560094232075,1.2138212199708898
2016-03-03,0.9528227786872422,0.9888235461190535,1.1741844997951263,1.0276521240633696,1.0373807523073029,1.03813393815725,1.0957197038981403,1.038479589192849,1.1271104251373314,1.2182112247455497
2016-03-04,0.9528227786872422,0.9551560355910167,1.1385441748665832,0.9900706350317076,1.0020908586564665,1.0047632981510162,1.0560770288335806,1.0076083707049892,1.0933212211151062,1.196826736331926
2016-03-07,0.9528227786872422,0.974881938185918,1.16768032553149,1.0117081582195129,1.0247374547214814,1.029536149229479,1.0852043226587056,1.030394757701954,1.119141950301025,1.2246361915783166
2016-03-08,0.9528227786872422,0.9813675740114879,1.1780701065007884,1.0220752257860253,1.034070658306965,1.033075320999581,1.0952570079757067,1.0372539355710402,1.1263865654378726,1.23634671509614
2016-03-09,0.9528227786872422,0.9582645360687122,1.151636320061311,0.9999903161859056,1.010596631907775,1.0067530856023985,1.0698812347624351,1.0116515583801822,1.100133941217484,1.2057595023079404
2016-03-10,0.9528227786872422,0.9401293722992118,1.131471517247262,0.980908729281476,0.9931245139422186,0.988032486985278,1.0533373062558486,0.9951470101299561,1.0784565697667439,1.185350231367695
2016-03-11,0.9528227786872422,0.9381238148236092,1.1278741046836647,0.9780229894234146,0.988642032685014,0.9831835902751402,1.0490203902528767,0.9929268035501458,1.0713945630783563,1.1813762950931284
2016-03-14,0.9528227786872422,0.973938250594504,1.1667904347814069,1.0142705491114299,1.0257618052591466,1.0196239996575045,1.0887890275581418,1.0266372233824885,1.1079130696042618,1.2130377267177561
2016-03-15,0.9528227786872422,0.9663760510811137,1.163841456564687,1.009232391203148,1.0182105209629102,1.0134229651401463,1.0792654120459388,1.018540492779669,1.1021717729665101,1.2089843398252893
2016-03-16,0.9528227786872422,0.9607950476983822,1.1559255798907067,0.9983821078933817,1.0073004811080553,1.0027583619814397,1.06924213505695,1.007843919350127,1.0909940767207091,1.2051335225088848
2016-03-17,0.9528227786872422,0.9952220709013649,1.1955867881391322,1.0321594435646875,1.0418784460050903,1.0383073532389018,1.1019847880723292,1.0419990737606502,1.1270355098207818,1.2392681099945329
2016-03-18,0.9528227786872422,1.0277060442070804,1.244550637950894,1.0710877933234322,1.0798165307883474,1.077233740182976,1.1433970824378707,1.0793209470741862,1.1642589374833026,1.2778403513726435
2016-03-21,0.9528227786872422,1.0556701610969572,1.2754561317033455,1.096008137367633,1.1087053430367784,1.1042784052733714,1.1743789578373298,1.1060916238131273,1.1939911639827452,1.3012473776015785
2016-03-22,0.9528227786872422,1.0529128379950525,1.2723046445542203,1.0940156137227104,1.1086024996327732,1.100803994798073,1.1736273850206072,1.1038564592570985,1.190323348764704,1.2950874115337476
2016-03-23,0.9528227786872422,1.059784566145389,1.2821570168645686,1.1047606211187746,1.1163750624037574,1.1099846524791213,1.1848261520277437,1.1124790587662503,1.1998648898902071,1.302628586454145
2016-03-24,0.9528227786872422,1.044774551037367,1.2676752147188692,1.0776082146969752,1.1062880824213726,1.092680876172401,1.167975280028077,1.0947529088456227,1.183923593994885,1.281557505897347
2016-03-25,0.9528227786872422,1.0619415082657357,1.277514758037277,1.0852537992195683,1.115166012561302,1.0993476474704014,1.1762631367401541,1.1072480256062138,1.1929538455162565,1.306340323480715
2016-03-28,0.9528227786872422,1.0571043823465005,1.2739694523562957,1.0824279923355378,1.1094773659935118,1.0941057318425942,1.1694827750457242,1.1007433075758006,1.1889174563987408,1.2999614323514754
2016-03-29,0.9528227786872422,1.042485651845849,1.2440833366880046,1.060123369262012,1.0869616811848157,1.0738769759457159,1.140358998562295,1.0778665410031973,1.156176904489884,1.2693852662759917
2016-03-30,0.9528227786872422,1.0831715404557085,1.2943358791673865,1.0981656381950788,1.1296058328097704,1.1127646249774166,1.1826064563044718,1.1155565180947873,1.1974643823379263,1.3077324946804945
2016-03-31,0.9528227786872422,1.0855472104811301,1.297968294296475,1.104970021974263,1.1330737051339366,1.116550608594298,1.186791739698001,1.1237038520629683,1.20976286046622,1.3052506673597581
2016-04-01,0.9528227786872422,1.080933597211724,1.2949382731020505,1.1040556785856803,1.1278240002346203,1.1111551206523043,1.1833848586503235,1.1175056562739096,1.208289781027655,1.3073102438842141
2016-04-05,0.9528227786872422,1.1139274168712665,1.331433946422292,1.134816713848806,1.1589871649159966,1.1420760854789174,1.2174406514763938,1.1476721876237892,1.2397589323123615,1.331668055952006
2016-04-06,0.9528227786872422,1.1160549804325357,1.3477515349148361,1.143249523696687,1.1683255413350684,1.1443227215397191,1.225506696408466,1.1511438555453064,1.2493593135634191,1.3352546452321836
2016-04-07,0.9528227786872422,1.1040208727897236,1.332880226538597,1.1265064901932769,1.1485476899874503,1.1259080577099074,1.207439319140195,1.1330288615086763,1.2317807459633123,1.3100874235569393
2016-04-08,0.9528227786872422,1.0930815009265296,1.3225055851704333,1.1203650813093955,1.1365563518909576,1.1185172744040517,1.1931189608307626,1.1218614662629323,1.219036140869219,1.2965036071645415
2016-04-11,0.9528227786872422,1.122973548708279,1.3436317172087069,1.1449432409968527,1.1645972762395211,1.1413607349240826,1.2152992949288404,1.1458037458940693,1.2443799472937367,1.3234408106454958
2016-04-12,0.9528227786872422,1.1207363554987284,1.3280434450238532,1.1372186954603565,1.1551864224005475,1.13287471293169,1.207826808313461,1.138388314661178,1.2341349607086576,1.3182038759225225
2016-04-13,0.9528227786872422,1.1319282519926297,1.3442747989233998,1.1539516684749318,1.1704649433115286,1.1496518024436855,1.2246574708202698,1.1547463067294335,1.2499297096088684,1.3395903008431613
2016-04-14,0.9528227786872422,1.1446979625086147,1.3610436283533789,1.1647577752348164,1.184574886442652,1.1610408696353762,1.2394384012626438,1.1678791039859535,1.2621107017559121,1.3469259340396973
2016-04-15,0.9528227786872422,1.1454796598255197,1.3718580895109322,1.1664510576669902,1.184827792784732,1.1615806988453081,1.2399525300467655,1.1680592595997554,1.2649177504519025,1.3632119328305732
2016-04-18,0.9528227786872422,1.1266300692643325,1.3655396268977253,1.1522510022287233,1.1691191448484273,1.1432774321935897,1.223655839333096,1.15542157083243,1.240784943541841,1.3616166029488985
2016-04-19,0.9528227786872422,1.138136918055633,1.3738510010337586,1.1562551707376396,1.1726392874698466,1.1452628514904497,1.2291282088577145,1.1601482479205367,1.2440075668712436,1.373206207659482
2016-04-20,0.9528227786872422,1.0917710983496252,1.3153073581815884,1.106482939326045,1.1167811166311667,1.0919987770376627,1.1711008773393699,1.1096134215552997,1.1918326295929313,1.3258155183836178
2016-04-21,0.9528227786872422,1.078300668897864,1.2962869325277844,1.0948565159323664,1.1035479880421883,1.0805566913347682,1.1575861809928638,1.0980373747519072,1.1781802323026769,1.310320216191981
2016-04-22,0.9528227786872422,1.0957128613570113,1.3116560650456888,1.1033740878716118,1.1151819399049685,1.0882793716154153,1.1675805718277776,1.1075296296211687,1.1901337615697702,1.3128666845123609
2016-04-25,0.9528227786872422,1.0850310004435813,1.308395928931386,1.0967618262266048,1.1120427838184959,1.083226941200709,1.1641390502755924,1.1023837171225856,1.1887941999829346,1.316590927341679
2016-04-26,0.9528227786872422,1.1088203749149934,1.3231090314467713,1.112206535765192,1.1251863711882093,1.0972886700981268,1.1796623847824086,1.1135334522815648,1.2017124731722262,1.3336895991171516
2016-04-27,0.9528227786872422,1.1035989192056979,1.3161753294288614,1.1075566079801547,1.122819067687059,1.0957985208276504,1.1721540756157414,1.108336650395093,1.2026248391384293,1.3295178846196958
2016-04-28,0.9528227786872422,1.1041790345663185,1.3181129924529558,1.099304600614126,1.1161869168698724,1.0907225309365214,1.1687218549674183,1.1050724063940467,1.1961258324963888,1.3274006225477553
2016-04-29,0.9528227786872422,1.1017697876500787,1.3200271140477937,1.0966126359090396,1.1106029730781395,1.0909897658612753,1.1698616813372325,1.1059134938135875,1.1981532823743468,1.3224861637440668
2016-05-03,0.9528227786872422,1.137363075683101,1.3543535443905945,1.1213214748120646,1.1407303740795152,1.1217249076159623,1.205278156598862,1.1385624310740647,1.2289266002902224,1.3520498537412855
2016-05-04,0.9528227786872422,1.1350302810918835,1.3604169560290826,1.121360095681713,1.1413664402995947,1.1214420118617663,1.19738982022678,1.138898490971817,1.2314189101613795,1.3575579628966155
2016-05-05,0.9930901185228949,1.1462047773453812,1.3642765436663453,1.1225252763842801,1.142234597241079,1.1212996434586806,1.1994720553108942,1.138891605119772,1.2364398040953106,1.3631229951217436
2016-05-06,1.0022618646519148,1.0965543195120846,1.3024219268064081,1.0779053312138427,1.0913593204450294,1.0757864963090449,1.1511509917661062,1.095734985095552,1.1808010937806273,1.3122307047400985
2016-05-09,0.9473009886087506,1.0480942955916182,1.245349786815301,1.0295738339297549,1.039540380693456,1.031505330881642,1.1049150480531502,1.052713606246858,1.1304391492614918,1.2485988503043473
2016-05-10,0.9169043251849859,1.0411610497301227,1.2385463373609542,1.0279675293341766,1.0355299120497437,1.0286318970724686,1.1004250917152916,1.0543413771756134,1.1290532591818392,1.2449322085208652
2016-05-11,0.8987169765561277,1.0263932116141419,1.2283010488141388,1.015399735343987,1.0272007044636777,1.0160232786819974,1.0919070890992468,1.0541390319789767,1.1204273248951488,1.240212088681613
2016-05-12,0.9242991927752834,1.0301853179368523,1.2224711297749407,1.00950068953502,1.0245006164043722,1.0116764366033169,1.086389272881149,1.049240530214229,1.1155090679024138,1.239511251320764
2016-05-13,0.9426592145063097,1.0245202376678766,1.2201515962040859,1.01032539420289,1.019183977470872,1.0067400885175148,1.0796149132332908,1.0441088737141477,1.1092419508176898,1.2318881745417354
2016-05-16,0.9922649782585472,1.050363269673076,1.2429011002793933,1.0274666008247495,1.038604361750052,1.0219472215845533,1.099023347098578,1.0598690007673188,1.1204827324871178,1.2587557602713861
2016-05-17,0.9796618798053642,1.0521589722235194,1.2450115176563694,1.027899924330379,1.0310747754328493,1.018427128752975,1.0968991884638446,1.051847317653713,1.1168609280490265,1.2486066810387668
2016-05-18,0.9447236764062659,1.0163950891933524,1.2048026908420009,0.9941618670364503,1.0001540835851839,0.9855674680660059,1.0626858649550355,1.0227221302441003,1.0817773763942413,1.1997981419718653
2016-05-19,0.985356548642126,1.0236884286400865,1.2146989203432073,1.0006349319359524,1.005260039264158,0.9882323011174923,1.0607914927570132,1.0263230341311291,1.0879137152955576,1.2011651438852273
2016-05-20,0.971044044634009,1.033634684085351,1.2222807445450266,1.0118663372089145,1.0168468785085838,0.9997399843998556,1.0724035306100232,1.0367569594282213,1.0955963770208936,1.2105012293771726
2016-05-23,0.9832784879588363,1.0571298399331308,1.2394873510860815,1.0240913469910704,1.0321212748925028,1.0127004842638279,1.0875102528547425,1.0525497162538675,1.1056338725675294,1.233035917836602
2016-05-24,0.9961686981098182,1.0494174456041947,1.2302577257096248,1.0129991325330647,1.0217788051043664,1.0005726887040354,1.0736177173487222,1.0365286640064133,1.0963189763949945,1.2268334960585618
2016-05-25,0.9833069477652231,1.0455251119601352,1.2266778158206724,1.0114779831807794,1.0170445485865451,0.9959838962484646,1.0683309785707031,1.0333579835422984,1.090807498732464,1.224998978154689
2016-05-26,0.9947773237611524,1.0358418055941305,1.2367614604472967,1.0130857618659794,1.0224880746054623,0.9994795066591736,1.0689518735229178,1.034976213543713,1.0939611854489983,1.2324713860539056
2016-05-27,0.9756024522837095,1.0350665391736604,1.230815190201101,1.004466648950428,1.0198870077469777,0.9996113322220583,1.0668522323770184,1.033488538156682,1.0967371745749435,1.235981715254458
2016-05-30,0.9657109061977364,1.0323991555018481,1.218847688576337,0.9979992122188208,1.012345711549561,0.9953814326136001,1.060508098088462,1.0263815844070234,1.0924200618489026,1.2333802553592934
2016-05-31,1.026645307205376,1.0673854165886185,1.2713212122348048,1.0375099562639016,1.0506569321666102,1.0317750278762765,1.0995144203715168,1.0592063638524298,1.1190902667366907,1.2790744664411333
2016-06-01,1.0744629879689016,1.0739501620961445,1.2832092200152707,1.0397585359276287,1.0545019206075001,1.040021932140997,1.104208923398574,1.0654468944800606,1.1141511027394246,1.2888505392995058
2016-06-02,1.0858290254359972,1.0927661671514768,1.2975721655482382,1.0492842072389736,1.0660702772388695,1.0484666619991794,1.1121406444408182,1.07408891380459,1.1225504085037972,1.3031894160866442
2016-06-03,1.0848201512775917,1.0957280230382616,1.289570110921861,1.0496225337129266,1.0666752009366314,1.0502318599708593,1.1138318265069593,1.0769947545802165,1.1276721397389988,1.3096027245023738
2016-06-06,1.0967399216332614,1.106442957459355,1.2927835939173913,1.052758981490092,1.0689870360714884,1.0531537401230762,1.1183927583804363,1.0804741497541932,1.1305736116186336,1.3096986161600137
2016-06-07,1.1079955358983078,1.109564415601518,1.2950038106929103,1.048501548679205,1.0717514452271444,1.0496536622254045,1.1198064489809585,1.081029072465143,1.1338908658384261,1.3110379521260673
2016-06-08,1.1061933969147046,1.1061847522375146,1.289559313033823,1.0451107982412915,1.0683521690640514,1.0490091527964291,1.1130139715543006,1.0768658666736723,1.1330462297534118,1.3018345146736723
2016-06-13,1.0860907986318822,1.0475282457533253,1.2264622306262536,0.9964352085353682,1.0177855345569153,0.9997937371040476,1.0567753164291116,1.0285331337749057,1.079463789952746,1.236105452519
2016-06-14,1.0948644840809632,1.0556153290082726,1.2304349130720906,1.0002689266465143,1.0195636787057785,1.0038122322549197,1.056091575677452,1.0329630604644497,1.0856452038206565,1.2472331066130913
2016-06-15,1.176079631987254,1.0978566694691496,1.2710723562334345,1.0326984967429373,1.0529350620742681,1.0344581543352398,1.0891430647821407,1.065666726475789,1.113650763848269,1.2897306875419308
2016-06-16,1.2142774788130846,1.089818628324895,1.2729394420917113,1.031420178717807,1.0525724219117218,1.0356330350437162,1.0866200860350228,1.064543277015444,1.1108567465527701,1.2883054709955053
2016-06-17,1.227645520810835,1.0966138828670142,1.2815074505671538,1.0375110968421004,1.0573157460266878,1.0423529169566013,1.0938293143492042,1.0646424632699374,1.1170330265984778,1.2720333959343941
2016-06-20,1.2199506343015882,1.0881217164056014,1.276221720772078,1.0413357920988533,1.0600638665417048,1.0406827165339527,1.0974782481102772,1.0644716241330492,1.1215140961673111,1.2766221716377417
2016-06-21,1.1644180224865484,1.0491576383831018,1.2665714012473357,1.0300324612709018,1.046927917171444,1.0274450290451895,1.086712913488414,1.0535936971172337,1.1046205507506803,1.2675099330739419
2016-06-22,1.189608199653525,1.0660380348805922,1.2866183891310903,1.048403483359306,1.0628286359796977,1.0435864308554523,1.1026671940662076,1.0681149099825225,1.1201750869597413,1.2843361595102873
2016-06-23,1.1449787166455294,1.061395261295588,1.2795546096335204,1.0462621629193138,1.0553815494084533,1.0394327161724728,1.098327403244211,1.0619768977284851,1.1122626511543592,1.273054465587634
2016-06-24,1.1478125568045567,1.0625040175446494,1.25785263076353,1.041337021357608,1.0438612514316101,1.0305691180378345,1.085098998489094,1.0468813974151678,1.1016990857081497,1.2631159381849373
2016-06-27,1.171162255794962,1.089596960748701,1.2904177503165495,1.0660946383782115,1.0701770808969469,1.0520851975341339,1.1094214639459334,1.0675790424692575,1.1266830738798537,1.2944680712180914
2016-06-28,1.1650524337998514,1.1016359671893938,1.302146164745675,1.0754303269731331,1.0835786920985186,1.0606907705705126,1.1176260226274257,1.0764968037184544,1.1414217890226843,1.3077283502025943
2016-06-29,1.2110505441343562,1.1040025458179734,1.3068362040390764,1.075074984688213,1.0869929139474332,1.0603051933497138,1.1187256765397906,1.0785810518773362,1.1412694372950163,1.3104209765056516
2016-06-30,1.1778111054686875,1.0776739560966282,1.3071021495888318,1.0751200829831886,1.0877525678821158,1.05961487078441,1.1207710783011702,1.0797722907392926,1.1394891888618381,1.3147675686667577
2016-07-01,1.1821210848449133,1.074541747742188,1.3060877191327218,1.0730499633533592,1.0855543074396021,1.0546762800071101,1.1177778574877884,1.0778148559303204,1.1338534100705753,1.3090009022049858
2016-07-04,1.2078453652596004,1.091952320197686,1.3325640178875693,1.0932888316260352,1.106218581136662,1.0755476301244022,1.1374584121121263,1.0963471883922522,1.1536171555209618,1.32649275614557
2016-07-05,1.2173960105692447,1.0995039900474939,1.3339946565486174,1.1013823663535867,1.110364134431843,1.081456565579726,1.1443020779315125,1.1016649724699403,1.1634746364663435,1.335076534230125
2016-07-06,1.2493479742987303,1.0999042974171889,1.3381019740950821,1.104925653129849,1.1154167812718965,1.0884189382672174,1.1496106608759278,1.1070670822965585,1.1698699760713664,1.3501078626899967
2016-07-07,1.2997648330550484,1.1029836443771603,1.341056170179347,1.106398345835903,1.1187394581570727,1.088158688759518,1.1495713015724696,1.1086692203001673,1.168991830733581,1.3573887990774358
2016-07-08,1.2673783522993793,1.1058238035322754,1.3363894629094897,1.1000840983993925,1.1143018041726647,1.0852842311353585,1.1478901721087502,1.1030650573196998,1.1659561166815238,1.352950271781201
2016-07-11,1.2637201942865481,1.0984750366474445,1.332323720558611,1.0934295503744549,1.1103909237765175,1.082675939512023,1.1434524163440618,1.099845526459083,1.155962135845182,1.3460065995275652
2016-07-12,1.260758303057027,1.102069932711045,1.3433079326509194,1.1048614037441609,1.1215232411581346,1.094600158813176,1.155552167987149,1.1122673933194198,1.1663058470651593,1.3607469752236936
2016-07-13,1.2790232121696217,1.1106413133393438,1.3523401077023567,1.1111867754589253,1.1298922010841026,1.101035930713523,1.1620547220564925,1.1197072567304855,1.1710954772977016,1.370077209788214
2016-07-14,1.257703373615772,1.1131994030339916,1.3506274930578124,1.1137185151045097,1.1292136763478555,1.1018045810216928,1.1625675417534809,1.1201470168501704,1.172332860013887,1.3735342682139298
2016-07-15,1.2453482277913657,1.0994336730978118,1.3396984280049904,1.109769241394712,1.1225974436063328,1.0964097592480202,1.158358298041296,1.118826731336097,1.1669280027517335,1.3724290549618783
2016-07-18,1.2008461564493877,1.093457730214241,1.3340720247299651,1.1017344491074856,1.1178121868065274,1.088967288350488,1.15459204246992,1.113578167163513,1.1629595108035515,1.3795236249741591
2016-07-19,1.2003888171477954,1.1029323725613343,1.344151226376599,1.1063119750428227,1.123319425875613,1.0946501671844426,1.1593948788136819,1.1177780057516984,1.1653033429902622,1.3821226774022894
2016-07-20,1.231376285735135,1.1094571516023177,1.3417718372659866,1.1087935209716058,1.1246634329054435,1.0939114430827082,1.1606946517229113,1.1186409035308804,1.1578485575098747,1.3873257974995867
2016-07-21,1.2323855871611473,1.1038480348159612,1.345305440400851,1.1095207490535826,1.125801969139556,1.094752287930463,1.163285876808903,1.1229738103500768,1.1605459564880172,1.387352138614909
2016-07-22,1.191167176084849,1.0966591740902931,1.332906800935112,1.0975772802427262,1.1142301435383486,1.0868526864271446,1.1530504511716395,1.1127568131412806,1.1522072190930002,1.3791486857549113
2016-07-25,1.154689292931857,1.098511575435904,1.3351798251420828,1.098830825815739,1.1134594855609208,1.0914311145611,1.1543333279059624,1.1161538319981499,1.1573487126486646,1.3791449525513362
2016-07-26,1.1640158902529378,1.112807583132292,1.3503198455172385,1.1124420542370577,1.12702425705905,1.104890379834862,1.1691410708450711,1.1276790800868945,1.172690191578872,1.3939240041058354
2016-07-27,1.093968129449368,1.0596012525781398,1.2868404711976547,1.06229531631097,1.0728866143776052,1.057023778686203,1.1204412646258264,1.0842910661963252,1.1241700455885724,1.329603502225379
2016-07-28,1.1003543891770269,1.0565404442942952,1.2824355806506156,1.0636539134349219,1.0716629713436947,1.0568056303315507,1.1211735204604152,1.0865491523633568,1.1252391038475202,1.3333653885963204
2016-07-29,1.0957992107694214,1.0470969911677963,1.2724488855082703,1.051654004230161,1.0648939324466078,1.0493324122122176,1.1114325655591342,1.0799170563230667,1.1194486087705924,1.3217420526132944
2016-08-01,1.08894635178311,1.0311740536971776,1.2559161938949313,1.0376003983138429,1.0500050943411225,1.0343889663336923,1.0928840423122494,1.063589467360326,1.101050993831771,1.2947536405574662
2016-08-02,1.0899848159036967,1.0399805190421252,1.2682034773470958,1.0480619441502794,1.0600939599633996,1.044365722560038,1.1035755893499068,1.0725097152451628,1.1125879223163557,1.3059063649933236
2016-08-03,1.0899302520419267,1.0426804908290845,1.2714855872173092,1.0534164934676842,1.0657336473820045,1.0503190301998946,1.1082910512646262,1.0787030756103073,1.1195222416553048,1.3185426319559619
2016-08-04,1.1264701402526773,1.063434464242016,1.280343559678458,1.060063860629411,1.0716718880620402,1.0560465235746437,1.1145908634078099,1.0827798469903427,1.1246799727403725,1.3220849278635323
2016-08-05,1.1464005131035881,1.0531065928775332,1.275708684045318,1.0554526429564082,1.0648186033604987,1.0504025380935798,1.1098355749393392,1.0766421269240372,1.1199096624815532,1.3195236709275853
2016-08-08,1.1534878439000438,1.0656491572385414,1.2934226065247334,1.068503639279541,1.0774844020960552,1.0626275988111593,1.1213524503829027,1.0869176613381002,1.1342444382775012,1.3383292410577114
2016-08-09,1.164654081949174,1.0751602312684283,1.3019307019605322,1.0768873394478173,1.088004559611853,1.0726355510391636,1.1331875882081661,1.0966697286068732,1.1458025872084106,1.3541128729657457
2016-08-10,1.1872258615630862,1.0670531679145203,1.300740093733825,1.0760765213561654,1.0858666205391279,1.0682185936224027,1.127663611691769,1.0942778983407104,1.1389409744153633,1.349649106729936
2016-08-11,1.1461338982754405,1.0479612961038904,1.2786180581834978,1.05813144121113,1.068267039447295,1.0525016652395456,1.113744327861834,1.0796298691106618,1.1241097170729675,1.3272151188503927
2016-08-12,1.1552091445219954,1.0538554106365803,1.2920586014866942,1.0708431987964895,1.0794632171593257,1.0633079484628334,1.124886672536807,1.0890206941556848,1.135474371363247,1.3440611070124167
2016-08-15,1.1700874652630187,1.0759891580201413,1.3151565291230094,1.094701051396625,1.1036161906824455,1.0860685920248934,1.1488889816952257,1.111263462654872,1.1581683429408582,1.367880634167448
2016-08-16,1.191359621287377,1.0866737035460428,1.3269979117403492,1.104208493092646,1.1117872896240528,1.0950584128019514,1.155256989870676,1.1159775642999843,1.1618453630698349,1.3728926005102198
2016-08-17,1.1833261350922895,1.0957753839503275,1.3276320915769175,1.1058196928308013,1.114235653023484,1.0990588972320572,1.1586496375975148,1.1202757203276281,1.1655255670279212,1.3806478874477153
2016-08-18,1.1749848957476192,1.0895368276519566,1.330889916585095,1.105655647238048,1.1157433729155153,1.1001839709535866,1.1573411931343573,1.120182761125808,1.1656879220380032,1.377791569623329
2016-08-19,1.193649093009829,1.0882482164547922,1.332153115202707,1.1066995843296126,1.119312091848106,1.102159046070979,1.161078720351825,1.1238602102395012,1.1682690708564007,1.3800896693264464
2016-08-22,1.1709610800376735,1.0686361309501824,1.3190876871841037,1.0947948566418315,1.103768110396406,1.089361948723459,1.1491566532107895,1.1124205159284384,1.1589279813774531,1.3647650474571047
2016-08-23,1.1683615071606728,1.0716006634931199,1.3224794893346634,1.097426508176217,1.105971077541747,1.090008423137918,1.152915017324457,1.114423937334492,1.1623131556942976,1.3674873852371543
2016-08-24,1.1640642277370623,1.073725614775241,1.327966233536452,1.0996446876231416,1.1093784029230622,1.0929941918862374,1.15655320740197,1.1174594990345759,1.1621640820269872,1.37406346931637
2016-08-25,1.1468317644385329,1.0627137539610774,1.3210031198209848,1.0927112981911422,1.1034296818758267,1.0856856339340233,1.1518620502589627,1.1088383624784859,1.1562842303551903,1.3723081962076547
2016-08-26,1.15562534708093,1.0736637367193318,1.3273289871940415,1.0982185700846268,1.1073829809215379,1.0896868752820825,1.1557594720599325,1.1132775776272605,1.1622221834681086,1.378233176408179
2016-08-29,1.168273076790277,1.0777994082254674,1.3314220347486065,1.100785955714568,1.1102938115370162,1.0931032889739072,1.1586339019964438,1.116330116297903,1.1659601982134358,1.3799861250996712
2016-08-30,1.1580979784504943,1.077561785113568,1.331959200828094,1.0998492590997995,1.1104415668933372,1.0890446684208777,1.1587224618157594,1.11776646010156,1.1579201529637169,1.383284355232667
2016-08-31,1.1869409644504407,1.0795499508417719,1.3314060861902695,1.1021576396463526,1.1112797044751872,1.089487778768347,1.1592681537656566,1.119425496741192,1.1634381414077717,1.3823116637193487
2016-09-01,1.176699039833847,1.0751506446184473,1.3237204362966641,1.0918826633683367,1.102772793021439,1.0830012550165784,1.1520130369258348,1.1135204530079796,1.1559190238796533,1.3660157462914972
2016-09-02,1.1763440955502737,1.0736382898633607,1.3197717172526304,1.0879243069118703,1.0985601506878748,1.080204812498602,1.1477057776132291,1.1090166116933524,1.1519936951290854,1.3577272860121026
2016-09-05,1.2034037720846142,1.0767893135519668,1.3260800994098654,1.0957519273327534,1.1046532860329932,1.08556328919516,1.154649901556961,1.115229286219481,1.1552250657245429,1.3629707350695033
2016-09-06,1.2309464647083235,1.0965286895644717,1.3432798693120425,1.1120950012531658,1.1218243104231125,1.1001611486822935,1.170929997551954,1.1305605562754175,1.1727484095695102,1.3812121000520565
2016-09-07,1.2357826535659986,1.097773547194913,1.3430855389432292,1.1125200058801685,1.1216205570374835,1.1019591458375084,1.171466721471032,1.1290954425525876,1.173969266265441,1.3880584282246002
2016-09-08,1.2459797524042688,1.1013168928466985,1.349827315641809,1.1192024174789115,1.1250108579457037,1.1075087587714687,1.177593346270091,1.131610485114991,1.177727582679006,1.3959922005719558
2016-09-09,1.232298689476467,1.0898026094247089,1.3396897326731003,1.1119157417249046,1.117234288997191,1.1005935632101633,1.169770247495421,1.1242311066694912,1.170151198813252,1.3904267484428265
2016-09-12,1.1638070112438856,1.0508696326439408,1.2976779194814179,1.0787332350998216,1.0838222686667265,1.0680580669610014,1.1373159587946906,1.095386578947873,1.1356866431426635,1.3471929951758759
2016-09-13,1.1481098568063892,1.0638575994647517,1.306940299736276,1.0885666084642023,1.0922614242523636,1.0779842026867479,1.1487452115005354,1.099391042480561,1.1429336409031658,1.3599301021175318
2016-09-14,1.148705652466593,1.067896467113249,1.3033950673044026,1.0864817944670107,1.0878150468330487,1.0715911656788506,1.1448867259506827,1.0933380063007976,1.136410091935748,1.3507863423772366
2016-09-19,1.1783812673693737,1.0836334829491328,1.318913863544785,1.098326205666231,1.1017298683666725,1.0840672705585712,1.157825236966429,1.104889448600425,1.1465797823655686,1.3694719960668982
2016-09-20,1.1688641078508946,1.083363376479762,1.3183580614309833,1.0993638725425365,1.1007429017014616,1.0852656096800284,1.1592809887451605,1.1079526821158787,1.147386543393005,1.3706250065971035
2016-09-21,1.180434953649883,1.08241268048147,1.3196076436809536,1.1016388767367598,1.103158159144442,1.0876074623357581,1.1628505942234397,1.10978612793338,1.1466093402008561,1.3699111123821923
2016-09-22,1.180812559511595,1.0897677029211064,1.325530505517073,1.1095429802126815,1.107772954745692,1.0939395542797057,1.1658069974077148,1.11768154009111,1.1539986182216218,1.3765709635855965
2016-09-23,1.172774768251762,1.0878156535140378,1.319433875193517,1.1060396255802005,1.1048624010836385,1.0897691363451112,1.1584778236270368,1.1133114579263204,1.1495186457239766,1.3695498904112748
2016-09-26,1.1526509043196236,1.0679186296406187,1.2958750956913963,1.0778571442268763,1.0772398025162981,1.0662747267954307,1.1343238276551837,1.0884089631147684,1.123796166922135,1.3392359119619022
2016-09-27,1.1648963229659228,1.06965466346092,1.3071520466920181,1.0885876178982603,1.0788361044298271,1.0744133962593652,1.1385727858014476,1.0939574208516192,1.1318836842304711,1.3480127985694232
2016-09-28,1.1663670623662483,1.0688132623213955,1.3061171051268463,1.0852942358033983,1.0734355590726516,1.0723190136585365,1.1353814461067149,1.0945880551122225,1.1330427161205838,1.34856932784126
2016-09-29,1.1449447107082344,1.069428478810752,1.31117941409999,1.0903770004696534,1.0771975236918685,1.0759327110048014,1.1373684018385912,1.0994659843696386,1.13826118320838,1.3572949196817863
2016-09-30,1.148584648103894,1.0837776755682567,1.319638291870065,1.0948118133708562,1.0832683190220695,1.0815127305786003,1.1444328199394298,1.1037540654193994,1.1427857741159628,1.362425568585955
2016-10-10,1.1696997179747894,1.1028338117694538,1.343545482499521,1.1143484363690792,1.1043130924370932,1.1031626904018355,1.1669125468998072,1.1262937013291454,1.16467349194503,1.3838862240817478
2016-10-11,1.1630768665995432,1.1118073244973954,1.349652536592433,1.1210852189392895,1.1125979372860728,1.1128815782428758,1.1731564508734005,1.135475415510081,1.1733510677953798,1.3924600275865093
2016-10-12,1.1880337842560695,1.1113242797179448,1.3536311738680058,1.1218945839932377,1.1134864258673378,1.1131781369129954,1.1750546458829507,1.1343815364406165,1.1679287783095558,1.3943595408243357
2016-10-13,1.178931996696407,1.1149732577906486,1.3600257874602857,1.1256207546590993,1.1153825275431393,1.1143139689862103,1.1775619251322929,1.135886613506477,1.168338097127574,1.4022093869674528
2016-10-14,1.1810288742886024,1.1059418553755729,1.3562674817232274,1.1238371804988931,1.1138429813835486,1.1127118981251667,1.1773935565221487,1.1366006615143123,1.1670552672367447,1.3957689165913811
2016-10-17,1.172278195990185,1.0947583821749094,1.3484442276020918,1.1138299414847526,1.1037224878698977,1.102499294397802,1.1683141774455366,1.1270022165657931,1.1596381986114999,1.3804546815351333
2016-10-18,1.1956116598834152,1.1129686443827347,1.3491198567201081,1.1310247029322156,1.1204863665842086,1.1187208093554688,1.1864511956743935,1.1446309088199058,1.1794478631415137,1.401982150181957
2016-10-19,1.2069461133989097,1.1148588720807453,1.3489898044329427,1.131749928349267,1.119487091659649,1.1198778777917704,1.1861393799879187,1.1475866487123592,1.1794980069054255,1.4050331262369038
2016-10-20,1.203068051543223,1.117197589839553,1.3514264392944768,1.1356793836635073,1.1225940807875776,1.1199363888552967,1.1874710182137451,1.1468684045773747,1.1815017647450596,1.4097390581944214
2016-10-21,1.2090067812032819,1.108927029537269,1.3441014011297332,1.1314398450731358,1.118422098572934,1.1135001060092267,1.1846601020373455,1.1443030754712675,1.1756433772966837,1.3987423575256028
2016-10-24,1.219359597221556,1.113926419672825,1.3577831871771844,1.1427433952190997,1.1283028830770174,1.1233289704931269,1.1945353280764304,1.1534607015116822,1.1746059829513444,1.4099748653379613
2016-10-25,1.2326398001191847,1.1228218382871407,1.367738921455339,1.1483798503116753,1.1322254108928989,1.1282828627560162,1.1998482515894366,1.1576928781774067,1.1813362355659311,1.4194850426760268
2016-10-26,1.2352550057558098,1.114643977983784,1.36482343555684,1.1464840585069125,1.124475826701019,1.1242630090042307,1.193392401531303,1.1531973091756968,1.1791036815746572,1.4151198931698319
2016-10-27,1.2125076732933389,1.1183163216511922,1.361002458630827,1.1447019424985168,1.125200619700173,1.1234692927048506,1.1935647450221463,1.1527911738045582,1.1807165130382158,1.4136955461117435
2016-10-28,1.1833333300413893,1.107533589305699,1.3438708705440143,1.1320425538628156,1.1141463471998605,1.112726457633793,1.180505954769019,1.1393472248699528,1.171113064610663,1.3977801817590045
2016-10-31,1.2022692474777645,1.111047661813709,1.3397386114528695,1.1357300964371906,1.1153862559207748,1.1120376891241233,1.1813997815178232,1.1384124450057858,1.1714379301746622,1.391769686356425
2016-11-01,1.2258647375301706,1.1282586032134498,1.349100986901374,1.1521141097782688,1.1267123033022959,1.125386789344811,1.1944797996616197,1.1485213439632254,1.174115199507273,1.4125721025817257
2016-11-02,1.2375259975774136,1.128970769718352,1.3431982809821221,1.1487619365305388,1.1190135489172124,1.1180280522169488,1.1907709032321472,1.1427656408334956,1.1668351377914217,1.4075690588670924
2016-11-03,1.253019441539896,1.1449248972012371,1.3518617038263194,1.1588756863776988,1.126404259988121,1.124862415820782,1.1994571612852623,1.1531571523210464,1.1763519957409332,1.4238444721166537
2016-11-04,1.2501611370142298,1.1408907447956476,1.3519709705315814,1.158084854640557,1.1235104098610158,1.1235835616002583,1.1966085797661572,1.149264535129336,1.1716217781295168,1.4229819285293168
2016-11-07,1.2667332095142896,1.1431242572595206,1.3566738575274544,1.160273255917536,1.126345898817419,1.1264922842164202,1.1988559352350128,1.1501153932302461,1.172481048617853,1.433364667570922
2016-11-08,1.267524453996644,1.1547845308998972,1.3639651198328349,1.1664078799450048,1.1329366774435832,1.1330825639941076,1.2051571325699204,1.1596238329693405,1.181596012511326,1.446615861205322
2016-11-09,1.255150947593098,1.1507035513622437,1.357741870618724,1.1599690473372541,1.1252735973916421,1.125845294919073,1.1972722235950601,1.154104465034234,1.1718186478630144,1.441079742862065
2016-11-10,1.2597502723454386,1.1659874465489817,1.3755195868570125,1.1777727039286905,1.142430230333594,1.1417643632831918,1.215862985379567,1.171396075779404,1.190669041681457,1.4642840482801422
2016-11-11,1.276842360332701,1.1640775704480306,1.391627609637724,1.1833739803809311,1.1501831653936803,1.1499039346723312,1.2204658100431751,1.1764129185325027,1.199323765634051,1.468732693769371
2016-11-14,1.2542332279020707,1.1661762800379303,1.399471856138645,1.1870259498739295,1.15534080274479,1.156042630630177,1.223177381325905,1.1774740290488297,1.200671535194247,1.461494897668025
2016-11-15,1.2501142025871834,1.1709824089312357,1.4019915725681573,1.192486957476718,1.160051533842977,1.160317864526305,1.229197182399363,1.1836920338608103,1.204009458166053,1.4656868969786927
2016-11-16,1.24444913202362,1.1712201253873296,1.3978297736984953,1.1923406052755212,1.1603003350200825,1.1626277946296364,1.2295860630869142,1.185423450309063,1.207741058549642,1.4669455762698713
2016-11-17,1.2357789712731357,1.1640893774428545,1.3963289682592706,1.1888961040229709,1.1582784146027991,1.1581937097742205,1.2282077918961258,1.1844883357535818,1.2053484126232399,1.462344772396687
2016-11-18,1.2321671619823957,1.1561501213324372,1.390176887962598,1.1865554075714473,1.156069692512974,1.15466371144257,1.2260315254814458,1.1796954817787948,1.2026634151689821,1.4502472161795381
2016-11-21,1.2407593110411606,1.1645002367426003,1.3947930069794656,1.192840092357176,1.1599350297535782,1.159768253106475,1.2301441090951797,1.1859188948453323,1.2034681828481495,1.4552068843546397
2016-11-22,1.2620420552065783,1.187079518327763,1.408252401333767,1.2067078425884399,1.1701179831385053,1.1702572073237296,1.2393601713275435,1.196061353549665,1.2131652340319863,1.4764476765365981
2016-11-23,1.2512789139706881,1.175851933521098,1.4033680545423888,1.2007774459316747,1.1625269357382655,1.161968494447087,1.2324521816689857,1.1863620202797693,1.2065436082514558,1.4670808716558252
2016-11-24,1.2561560223123691,1.1636224724039124,1.3939515049200386,1.1927565924738366,1.1586056061513907,1.1563434934342274,1.2277339036286092,1.1841428349012997,1.1996141113657337,1.459481662265848
2016-11-25,1.2643182960111785,1.1562194546116709,1.3945138932325405,1.1953617619054229,1.1601750436739013,1.1577603146801914,1.2315967692518204,1.1864064749984349,1.2008925981770389,1.4571367966590838
2016-11-28,1.266644694703113,1.1484709015704062,1.3969785817578932,1.1921740358821322,1.159653314566118,1.1580118361250702,1.2323365727199418,1.1892734915781262,1.2037415133586211,1.4613409077855946
2016-11-29,1.2372681473084421,1.1338118240154724,1.3770615879563686,1.1786098325427932,1.1479312058185236,1.1450841675736592,1.2207895227826502,1.1767461627631761,1.188945375959376,1.4456165074155518
2016-11-30,1.214323033532049,1.1248702095708516,1.367152692000265,1.1725008645725903,1.1435501263004186,1.140353752027879,1.2178937868894755,1.1697672481320895,1.182464549529358,1.4345603261628965
2016-12-01,1.2209569891023377,1.127467704485217,1.3751213528559951,1.180244175461908,1.151312628722934,1.1475448455785466,1.2245949800352194,1.1753278490362289,1.1859672889263428,1.443363711044551
2016-12-02,1.198347929564715,1.1022547403378338,1.3522327570314603,1.1588538782827318,1.1315093205340536,1.1272999739726197,1.204905060568636,1.1569454270398765,1.1681937705138574,1.418472597379638
2016-12-05,1.1623648375652569,1.096929285227783,1.3519459351704113,1.1510498394230129,1.125131555188537,1.1208344189221544,1.1959193586316694,1.1509506671852427,1.1583234392585013,1.4075103022421571
2016-12-06,1.1922169481418485,1.1015680798268002,1.3552894550892736,1.1554717522396762,1.126915454733132,1.1241865301382037,1.1981816992033225,1.1545869117896406,1.1629876147918716,1.409540482677074
2016-12-07,1.220416739677771,1.1152383927917942,1.3738922677324872,1.1707416953525125,1.1402776865575737,1.1394892392607996,1.2124818365043128,1.1674710720495123,1.1743668989097045,1.4228187202729676
2016-12-08,1.2201649107567094,1.1114404139796663,1.3669755279861535,1.162285001299243,1.1346532726107348,1.1348540154800326,1.207042186068683,1.1606764126588658,1.1696317753711774,1.4175404048970552
2016-12-09,1.2150610312904775,1.1083260232105216,1.3642348373636408,1.1578272339943534,1.1331589133536382,1.1335711811915035,1.2046068657356548,1.1587152942152206,1.1668712362841653,1.4135506504477346
2016-12-12,1.1752637059165696,1.0408131204643745,1.2967883735655228,1.0977948642781847,1.079145575674896,1.079807625902441,1.1519257051302847,1.1051802307266563,1.1081823172641125,1.3294165980484949
2016-12-13,1.174910736867186,1.045789643041424,1.3043970964414597,1.103320723321901,1.0847856562517812,1.0830197631356715,1.1583667111489004,1.1121567939828092,1.1201046314721528,1.3375206301967248
2016-12-14,1.1497842612721052,1.03851080883434,1.2945544851455737,1.098794061716059,1.0820050071669076,1.0795206821548662,1.1543399466567648,1.1058687084223628,1.120298479504122,1.3345259483135326
2016-12-15,1.1643254596396622,1.0589006464847195,1.3051270035444644,1.1109702821583725,1.0923451019476211,1.0891523420100873,1.1637035743700106,1.1165104048667616,1.130288498771999,1.3501552377775394
2016-12-16,1.1573048947357774,1.0762278795072238,1.3199937151549388,1.1260119270729418,1.1044857593591326,1.0993243945024205,1.1723054076534625,1.1279902929063426,1.1395588804302543,1.361098827341894
2016-12-19,1.1594600826474624,1.0768873643758705,1.3188367759929964,1.1262245366691452,1.105560671814529,1.0999784879284098,1.173956420853488,1.1304297472531284,1.1448485137512094,1.3632906793953194
2016-12-20,1.1777769881405284,1.0794523232728759,1.3191593152221863,1.1210504344054708,1.1032682345889155,1.0971284895620135,1.1711381209877612,1.1291730904763786,1.1449278676065546,1.3612239860010962
2016-12-21,1.1830595635352912,1.0904365553918696,1.3298834972390015,1.1303544296515984,1.1113222963548395,1.104869922450382,1.180267231924694,1.1404346565217265,1.1596297486346747,1.3684758602440172
2016-12-22,1.1661438351619318,1.0893554583365643,1.3290258840735099,1.1282728494660392,1.110310052022549,1.106988141959295,1.1813095916954488,1.1409388625720884,1.1598363475969617,1.3655400375155604
2016-12-23,1.1632731880837972,1.0812486054801218,1.3151967897749548,1.1131096450373654,1.0955614457915712,1.0928284192349955,1.1664881351749665,1.127385785354382,1.1476490741787448,1.3494796235058484
2016-12-26,1.154722253703279,1.0968048206151488,1.3195014066274648,1.1198819629716321,1.099799267570508,1.0988805428957735,1.1696378051944614,1.1318609640596877,1.1556068901975634,1.3604803554010907
2016-12-27,1.1506704642019352,1.1059654385414124,1.3241734566923666,1.125093968916147,1.101897916061098,1.1025773494594076,1.1733448180323747,1.1359814342640702,1.1564074827862778,1.371571084013196
2016-12-28,1.1313250841354456,1.1175560609372892,1.3209366394173272,1.1242012714937526,1.0995771341980027,1.0992678108337164,1.1679804128299238,1.1302862301525887,1.1512314358812235,1.3661978183644974
2016-12-29,1.1105835658652103,1.1159739995876878,1.3225584216598463,1.123949399272767,1.0974775601842177,1.094729670579134,1.1665559754811272,1.1261631907083227,1.146301985889453,1.3689186953746657
2016-12-30,1.1248903313692968,1.1164828119977124,1.324727563282609,1.1241846533376103,1.0971689257173998,1.0939652692003898,1.1675260553588647,1.1283306632031591,1.1474129626711909,1.3742707905529536
2017-01-03,1.1517816359641548,1.1213233036827768,1.3389699711563483,1.1342799718061152,1.107349846833801,1.1063023015420768,1.177984247064891,1.1389456014386503,1.1624820368116227,1.3906743197699194
2017-01-04,1.1632049133350033,1.1493823705476611,1.3541898128977081,1.1481613771244266,1.1194172608527704,1.1203830739576843,1.19305530271982,1.1523402939295972,1.1757767392564176,1.4010902014714999
2017-01-05,1.1579809764973936,1.1544266580282578,1.3575959319670023,1.1506083797323832,1.1209688191681306,1.1227077395960086,1.1949487621621218,1.1547075129709912,1.1769183248596966,1.4120100771766755
2017-01-06,1.1474725730122366,1.1490092201552038,1.3528614288114231,1.144253180138917,1.1138640695992064,1.1139260971372278,1.1866330072540938,1.15046324171497,1.1732953240157653,1.4084952141369433
2017-01-09,1.1675419056666507,1.1510184392410794,1.3623560010467697,1.1492643816904966,1.119938729351564,1.1212134184976177,1.1961872682726589,1.1577920923451392,1.182524505443629,1.4185833231659428
2017-01-10,1.1703886345556076,1.147443340329813,1.356347795490589,1.145181511121908,1.117592412368579,1.1186731666475305,1.192103339913671,1.1538950982774916,1.1734184065777151,1.414056292169756
2017-01-11,1.1702676263542113,1.126305157127208,1.3443343043861422,1.1345461845596074,1.1057156351689412,1.1065699012030799,1.1810793920378682,1.140631799275578,1.1562326235275309,1.3872283448660048
2017-01-12,1.1750228862263532,1.1041002438957706,1.3308575151121145,1.123057654708639,1.09399030258664,1.0950980178718384,1.1708842280540963,1.1318025119859951,1.1469018312703476,1.3741890243680823
2017-01-13,1.1593524921611615,1.0727600269289461,1.310715513871244,1.1042080582258595,1.075538794214892,1.0763390995635476,1.1536774213467234,1.1134864437548055,1.1313994449173475,1.354163767519172
2017-01-16,1.0961370390777458,1.0265768986545107,1.2650898708122624,1.058407785852055,1.0376033135845921,1.0365073680104453,1.1161263612614636,1.0771554583523955,1.0952830023935662,1.304767250295853
2017-01-17,1.120853554722839,1.0454234924976908,1.2777839943291307,1.0694435903605657,1.0481432203311012,1.0478879228657971,1.1260021453280125,1.0880603508395725,1.1035531242068763,1.3152432255787858
2017-01-18,1.114492672084714,1.0363212038615242,1.2754191262386394,1.0685325866842144,1.0455589811776198,1.0456186626254576,1.1228206644543894,1.0876458294433597,1.100286194768267,1.315952962060667
2017-01-19,1.090845309482827,1.0245205848147472,1.2679838319708727,1.0624240296130627,1.0411250564475196,1.0417475047810112,1.118918259618272,1.0832727386026686,1.0918114811107873,1.3065472605887885
2017-01-20,1.0929043011123494,1.0421708518062767,1.287347485943495,1.07828624474572,1.0575095738301503,1.0568162235371121,1.1354411874760066,1.097577528706106,1.1064374029311774,1.325031386161474
2017-01-23,1.1183691202090653,1.0560634181353954,1.3006631441257839,1.0891584132492016,1.0687085490332373,1.0672392557231831,1.145612186913536,1.1086629169436724,1.1143981402543046,1.3409020869748336
2017-01-24,1.1022578640941998,1.048528811729086,1.298493618536138,1.0881439021707284,1.0685215613859393,1.0644629675250188,1.1438289292256556,1.104922478263858,1.112235433046277,1.3415576947756191
2017-01-25,1.1123956867925056,1.050785800887881,1.2930978414067664,1.0912653986924445,1.0714565081682337,1.0669971682883705,1.146120846357342,1.1066040721225117,1.1118950976923168,1.3417865841512027
2017-01-26,1.1501474522603272,1.0555246557985418,1.305196464696603,1.0966206323986187,1.0773630259307103,1.0730233732126453,1.1508308851923295,1.112362535564184,1.1181448886364886,1.3526582029770429
2017-02-03,1.1465553016303691,1.0553903569801326,1.3019127142896458,1.0935761164700732,1.0729340273198384,1.0713727782232363,1.1475659775694995,1.1099970383418345,1.115002748772837,1.3409449530273394
2017-02-06,1.14717083324804,1.0674942594640675,1.3158702270259548,1.1039835276604562,1.0838494174832491,1.0832376410017635,1.1604147258125548,1.1220105876707713,1.1269292578379602,1.3565690628785023
2017-02-07,1.1735989858453408,1.0749812948533755,1.3229297582496642,1.1064394504982678,1.084928992286509,1.0873157032525813,1.1621502971097335,1.1232049306770704,1.1296036368076023,1.3600950273720738
2017-02-08,1.1813393624334785,1.0864870007347467,1.3359477530833785,1.114769775449524,1.092125105169634,1.0934614385863808,1.1704199172223164,1.1295691386400035,1.1402867036233795,1.370124125045476
2017-02-09,1.1901403313737398,1.0928864318633995,1.3469920464988816,1.1260686286051198,1.0991798474879606,1.1013056481810224,1.1781502595522455,1.137507469659177,1.153662047658215,1.3832222798822174
2017-02-10,1.184748090325631,1.0877861770781456,1.34608412429502,1.1284542892139853,1.100294500509854,1.100049142272185,1.176973014146766,1.1369562222284346,1.152887374981067,1.3820909414543978
2017-02-13,1.2040637311589992,1.0982603291573572,1.3544877895195455,1.1322793353064886,1.1071132958685133,1.1048926988552732,1.183651716136848,1.145321687700156,1.1593346187027194,1.393906125675526
2017-02-14,1.197811481944809,1.0934044871145592,1.3537953030383487,1.1334384723825681,1.1089891385018928,1.1044906625773279,1.1823913608308707,1.144981921466241,1.1563722324304584,1.3893391081002273
2017-02-15,1.1692378366494154,1.0842095119848303,1.3390960014318156,1.1213734241630815,1.0977858321205656,1.094129989236204,1.170957061063787,1.1345394837512237,1.1464170519065813,1.3761622926297545
2017-02-16,1.213638788899344,1.0997525716981074,1.3563108406144384,1.1306421909790534,1.1068946837730151,1.102907376492524,1.1782881494174482,1.141838819778037,1.1527135087682738,1.390272510175579
2017-02-17,1.1955572020108785,1.0873353943673145,1.3452518419688058,1.1182074070399979,1.0959426918442186,1.0919442653461762,1.1682455001357988,1.1319129764249627,1.1467984296781193,1.373793754959509
2017-02-20,1.2138369791902985,1.097259494515676,1.354681896637105,1.128213680312092,1.1052372892851012,1.101491858055031,1.1796640081254655,1.146737923339485,1.1578055494604065,1.3916289118181604
2017-02-21,1.2724501275622775,1.1089342312939128,1.3670168019373192,1.1372189357746403,1.1147559316587718,1.1112655830815064,1.1881544350242603,1.154645176687301,1.1652950457217954,1.4079491195685132
2017-02-22,1.2931022586496441,1.1126590133219905,1.3718511307612418,1.1417002022696299,1.120433180794486,1.116742299481011,1.1940127344907705,1.1603959358313338,1.1689118855738565,1.415233133949881
2017-02-23,1.359623383670107,1.1104935969139866,1.3680402304665422,1.13754776094586,1.1191136153117853,1.1129171856830447,1.192062399655578,1.1563904216141907,1.1661188437808407,1.4081486332297548
2017-02-24,1.3285973100586879,1.120727586177712,1.3694692935801462,1.1400680605737261,1.121708046297935,1.1154293375504722,1.1933387451931312,1.161027584512455,1.168190272623432,1.4132107063282002
2017-02-27,1.340436030459696,1.1141786967815628,1.3593128489864037,1.1344506855117258,1.1124069852586158,1.1067461159465364,1.185010462478707,1.1536220627738976,1.158406439164134,1.3943380441130926
2017-02-28,1.3700099527151868,1.1179307820329776,1.368712719891708,1.1386259728146475,1.1171306795921903,1.1104712839957245,1.1902312820572212,1.157658314347116,1.1628394444274726,1.398323224301342
2017-03-01,1.3664893408197605,1.1227667719176093,1.375809626590903,1.1451406990865654,1.1216173867438848,1.115666375292093,1.1923164343088386,1.1601683294256526,1.1651780903720768,1.401461829924081
2017-03-02,1.3803964343361788,1.1156075546878157,1.365880025433919,1.13744314159694,1.1124095724770302,1.1083871976447903,1.1842939230798517,1.152861353846895,1.156768634341042,1.3876723967351976
2017-03-03,1.354587565817843,1.1162096823114285,1.3645237636945047,1.1380435726153344,1.115084203535751,1.1068609738202468,1.187049272344622,1.153929996557644,1.1592465688665965,1.3868595815679092
2017-03-06,1.3555339300268259,1.1313852753167453,1.3820155134506809,1.150782141624258,1.1274920915871878,1.1182512363990456,1.1999589644166015,1.1661469596352079,1.1707718450692004,1.4020939775274806
2017-03-07,1.3140963356105702,1.1386668988804598,1.3775572856843719,1.1520706945378676,1.1289047234260914,1.1202271616093524,1.2033202137426071,1.1675988892122675,1.172004840086248,1.4079306039251516
2017-03-08,1.3153053391037048,1.1355987172649522,1.3743945454549313,1.1483542030925786,1.123971617878586,1.11530566787277,1.198493792518633,1.1657402918599549,1.1689311909345446,1.4016418214921242
2017-03-09,1.3123306408446178,1.1334123579105833,1.365611991070643,1.1410371716293768,1.1162113739095103,1.1065874727228227,1.1902029191781764,1.1587502917823633,1.1602409423507507,1.383928245755244
2017-03-10,1.3165962338228798,1.132955961429656,1.3633371033134674,1.1414357979613765,1.1159376474484555,1.1062233480392343,1.1895814976142542,1.160447846450648,1.1599141719096933,1.3891882249964305
2017-03-13,1.3295244241245445,1.1406378028691928,1.3724562141336292,1.1490222648727886,1.124761321945525,1.113428891610684,1.198403657166369,1.1690364870638092,1.167144554385085,1.3915239927774667
2017-03-14,1.3172203530500357,1.1432395736761305,1.369575648085461,1.147954239311883,1.1223040896196121,1.1120729878292794,1.1955675667461372,1.1662954277416162,1.1656174842090699,1.3869737698408442
2017-03-15,1.3473975182286562,1.1516887082815397,1.3673446156400306,1.1477818036971945,1.1211584671488215,1.1106709026761816,1.193507160839301,1.1654093958707876,1.163388828308454,1.37922993616202
2017-03-16,1.3535390997416494,1.1713757813301195,1.3795336889097107,1.1601336318303475,1.1329492250991635,1.1213023860450095,1.2046472537929922,1.1772227922845944,1.1756279659572952,1.3912175185693432
2017-03-17,1.3402986615295902,1.1610838476424208,1.3688924749667961,1.1524832558963074,1.1238346256245022,1.113757202002195,1.1971107105533962,1.1678435660317923,1.168195951399252,1.3797647786111389
2017-03-20,1.2995410586911549,1.15996993466007,1.3743819972613749,1.1549165760125646,1.128703578556671,1.1185386314515904,1.2032979530683574,1.1691174041749375,1.1706695933889224,1.384119274535289
2017-03-21,1.294564197226456,1.16162747104151,1.3713974586578856,1.1532813261465191,1.1286956472153136,1.1209472627089154,1.2066342837845312,1.1760613858907147,1.1740346113161535,1.3880463075458447
2017-03-22,1.2888993806875009,1.153889092825177,1.3600986505523152,1.1412853951409205,1.12187446135344,1.1163252061781979,1.201697269047665,1.1719081473110486,1.166898076778574,1.3805536585128004
2017-03-23,1.2953401701721898,1.1580226426287505,1.3592619704708084,1.141689864770721,1.1220596080459022,1.1173792089021772,1.2026547638973057,1.1708778500110273,1.165025838976241,1.3748156004242376
2017-03-24,1.2574883739384564,1.1589380722144056,1.3640510913695605,1.1471494916084066,1.1261446837001583,1.1211058345352856,1.2067766661672419,1.1745368722335199,1.1699372849140877,1.3830714521551617
2017-03-27,1.2595422082068202,1.155613702740486,1.3618718009427007,1.14217437684152,1.123208232410116,1.118180762951866,1.2045039811290585,1.1720487364191983,1.1712443384683375,1.3770107385488577
2017-03-28,1.260838723982784,1.157610833510529,1.3607285178459119,1.1386087378987697,1.1200844474011393,1.1158889843176947,1.200911625201506,1.1701001436757104,1.1668349014655641,1.3776441926177343
2017-03-29,1.2466548313524073,1.1484367725699354,1.3571898038939825,1.13352932665603,1.1136705283552444,1.1102768769083768,1.1965140143136415,1.1628787597694656,1.1647887818334859,1.3667372724000288
2017-03-30,1.216041985045475,1.1106368315042727,1.3301689409731934,1.110800875424632,1.0910268204969324,1.087297800951433,1.1722423727484577,1.1435827669394927,1.1451652960351615,1.3336005120349863
2017-03-31,1.2378749086009706,1.1143339967719423,1.330422508353885,1.108924719791538,1.0925867505663345,1.0878493295332676,1.1760289226066036,1.1445096428166202,1.1464083171333947,1.3318196418349497
2017-04-05,1.2886034723533792,1.1384165646059108,1.357140681679243,1.1325661981376907,1.1148777446490645,1.1106485206524346,1.1993663852662935,1.1659360189859742,1.168490243404014,1.3626642248027359
2017-04-06,1.2904211409428363,1.1463892342218251,1.3582962120714117,1.137092358382174,1.1171068000428217,1.1146286207090477,1.2046390084647756,1.1687279893335343,1.1723526395818105,1.3723237667685493
2017-04-07,1.2807175086329479,1.144835551351841,1.36230460723051,1.1320654640569447,1.1128644409053763,1.116889904020208,1.2084828015860085,1.1685010880297877,1.1711933595632085,1.3768455728854867
2017-04-10,1.2255617148279128,1.133259849949637,1.357285861596136,1.1248941331377895,1.1026186796679855,1.1097615757580628,1.2000690944416037,1.1607868941150943,1.165499155557056,1.3811614894372632
2017-04-11,1.2263775425233983,1.1431755115234892,1.3684737502085795,1.1349605678551042,1.1138029315531257,1.1209901637184565,1.2078720432841457,1.16858665997677,1.1777936319723703,1.4031857538290575
2017-04-12,1.2672874601940287,1.1248108147761846,1.3499675306865841,1.122391790886735,1.1047732055132806,1.1135602099581212,1.1965913546274958,1.1601986384089154,1.167145494554373,1.400475776963964
2017-04-13,1.2628991904641136,1.127309573251573,1.3497118823297964,1.1255234560413707,1.1108053458773346,1.1176809242509655,1.2001526874957187,1.164309088709394,1.171731322427872,1.4114066206743436
2017-04-14,1.2588118408282698,1.1155166614956957,1.3303468050011609,1.109843324622159,1.0906894889473782,1.1003631896375912,1.1811103946333268,1.1456248604664994,1.1529866751215936,1.385955405539968
2017-04-17,1.2532715234242484,1.10552453907085,1.3082017316708674,1.0912967081123441,1.0725669594224148,1.0845169564337145,1.1642661818304765,1.1307274765058242,1.1392992700082802,1.3565284172103216
2017-04-18,1.245077558374795,1.0956674294677662,1.2938262342372588,1.08165815660446,1.0633579125345693,1.0743596628342358,1.1526077253354734,1.1224589288349238,1.1273712431332445,1.3451764917360742
2017-04-19,1.1935552974606005,1.0684621912258745,1.2675442875389022,1.063756638696039,1.0461595165534725,1.0612816295008378,1.13750881614831,1.1058814426448293,1.1125951742851068,1.3299050789599458
2017-04-20,1.1915921732155534,1.0521720821743967,1.265790591758999,1.056076698751149,1.041312103535831,1.0587856080335611,1.1337690846952924,1.105318490937721,1.102716150156768,1.3210659308840123
2017-04-21,1.1507666049945924,1.042760743269196,1.2592174384268997,1.0523974628143598,1.0365420394358753,1.0530058149718733,1.1266958655866666,1.0990386731890989,1.0976491190930984,1.3047147565216068
2017-04-24,1.0581943111900456,1.0071411068898906,1.216350556157748,1.0195265241151206,1.0054460115077266,1.0197481424446961,1.0945749883702813,1.0638164816848756,1.0619857278020266,1.2571762249912475
2017-04-25,1.0806853424272862,1.014400408679273,1.2237908493104535,1.0235174920689931,1.0084078069581128,1.0231430609950287,1.0967171649957448,1.0704522491420239,1.0676592096433193,1.2732692404664834
2017-04-26,1.1062183053980337,1.0182455745540726,1.2292791742802631,1.0272158725563094,1.0101434933962419,1.0252493988890943,1.097319423735399,1.0725831949580225,1.0697059860426872,1.2823955571333832
2017-04-27,1.139722646267856,1.0286350091692489,1.2353863337393198,1.0312165962520798,1.012975121878681,1.0306222520256905,1.10317787293575,1.076021689587464,1.0739046645682924,1.3012653392074525
2017-04-28,1.152777143213443,1.0414790755671317,1.2405828779065826,1.038713845334348,1.0163088529887327,1.036699774022394,1.1092215164610477,1.0757831433181932,1.0818564644082318,1.3075378665423592
2017-05-02,1.1767781992115893,1.04701464917559,1.2412725561269808,1.0399300425579383,1.0167543056437804,1.0389633402882967,1.113120237297714,1.077640851501267,1.0834833110922337,1.3148878308954677
2017-05-03,1.1875971385639685,1.0556889210809548,1.2413953458667153,1.0388456612650818,1.014692292492712,1.0361994396051735,1.1101150354493388,1.074944913423649,1.0815559109101935,1.3035286892976317
2017-05-04,1.174203613073005,1.051483105918053,1.23633592043929,1.0306523172046826,1.0092741661238105,1.0281906046616438,1.101990958500175,1.0641048160845863,1.0716129600497637,1.2891414626391722
2017-05-05,1.153580937102458,1.0292874333037216,1.2196599336067986,1.0155791230661286,0.9977974150090293,1.0157836461217402,1.0879574576769786,1.0505417223195381,1.054865139629639,1.2691762829173705
2017-05-08,1.1510031026061396,1.0096324573174564,1.1985376117201236,0.997433870077985,0.9778581268361297,0.9964941948991315,1.0678217241301462,1.0296243268004794,1.031735464843739,1.2497789398887376
2017-05-09,1.169047944080368,1.0130501670260743,1.2036776685455144,1.0041142678937476,0.981674963873115,1.0025404333013146,1.0750885342543948,1.0356666318161734,1.0378605643969452,1.2594220053276213
2017-05-10,1.1587366060950948,0.9918666309357886,1.180087321424246,0.9847511514271392,0.9649681223882632,0.9829670772478688,1.0529968256077957,1.012397461988955,1.0121681199881156,1.2366822874036694
2017-05-11,1.1638922750877316,0.9644254519021491,1.1645206576399698,0.9762684668094467,0.9569295963083397,0.9731700208566856,1.0471053407018502,1.0021472346264486,1.002687582794381,1.229058804344177
2017-05-12,1.167759026832209,0.953015864782973,1.1552098135160924,0.973779239285782,0.950422021722546,0.9703902619423009,1.0432413154606077,0.9985375385871917,1.0011487334426379,1.230088636701874
2017-05-15,1.1535809371024581,0.9617510190365708,1.1598784861289195,0.9799184351140802,0.9537949882033205,0.9706432843979641,1.0452688577257068,1.0023512562467465,1.0042335222392076,1.2351976612824263
2017-05-16,1.1716257785766866,0.9851485931160362,1.1801614745981581,1.0018357027087061,0.9719138112407351,0.9910631145815316,1.0664982493182786,1.0196048502948478,1.0254201254898523,1.2631931405373509
2017-05-17,1.1626033578395722,0.9983394648113357,1.188323763110589,1.0043095537022086,0.9756024105628112,0.9932276733003005,1.0700803316810046,1.022530458581651,1.0301875999900174,1.264387074144406
2017-05-18,1.1522920198542987,0.9970010160243334,1.1833034300207355,1.0003246965051849,0.9674616958946721,0.9854419845892239,1.0634558621341235,1.0152901423341574,1.0210139694748417,1.2493331302777897
2017-05-19,1.156158771598776,1.0049585699431103,1.1784331173903846,0.9966483331589813,0.9671682779257663,0.9826753041263099,1.0605236981320094,1.0130046046299137,1.0191807416739331,1.2476220785210912
2017-05-22,1.1432695991171846,0.9869754417697666,1.155400504271809,0.9755576942495691,0.949259505108024,0.9641605430594741,1.040417603828409,0.9946441385433461,1.0007870678843325,1.230770173776702
2017-05-23,1.1445585163653436,0.9405649426391904,1.104437100062262,0.9447362831933453,0.920718163907997,0.9353112673202612,1.0112870461112302,0.9657521493896729,0.9715468470109302,1.2057937043496434
2017-05-24,1.1303804266355928,0.9586025295584342,1.1085239678963175,0.9500055142479845,0.9245629703932386,0.9396614253558593,1.015032139926692,0.968307691578536,0.973884323110697,1.2104900308259778
2017-05-25,1.1200690886503195,0.9690179321511436,1.1170901934825965,0.9564663217914485,0.9291811175003004,0.94477970888807,1.0208770659522128,0.9776413752523382,0.9825100438044432,1.220184607140009
2017-05-26,1.0994464126797727,0.9681311022866271,1.1199843534816127,0.9552260532635926,0.9231296280917868,0.940681793665578,1.019856143873347,0.9749980370294523,0.9812595961534389,1.2146069080066282
2017-05-31,1.1071799161687277,0.9581027145571157,1.116242760340398,0.9517277385115704,0.9201626857635132,0.9390905922105349,1.017351815270445,0.9720175999033784,0.9826225985855175,1.213838373810137
2017-06-01,1.1278025921392745,0.9271198494628095,1.0807847695700898,0.9239830288379178,0.8952379967654813,0.9151892276771442,0.9935671375927089,0.9510857816400491,0.954096387139448,1.1889812177806633
2017-06-02,1.140691764620866,0.9435701821979744,1.0936949999565142,0.9362887115829507,0.9030176906759804,0.9257554742168764,1.0025103281755232,0.9599104881246964,0.9655822502488179,1.1976630517561202
2017-06-05,1.1471363508616617,0.9614795624221858,1.1039228782615016,0.938447668195446,0.9110069872759713,0.9300018503157917,1.0094691551212025,0.9658469517007289,0.9733801236686825,1.2054977665325557
2017-06-06,1.1471363508616617,0.9593464705687,1.1021900308302748,0.9406171880248592,0.9157861415083343,0.9310815392234767,1.011321905543346,0.9693550549521295,0.9793350437030642,1.2109081777975148
2017-06-07,1.1664701095840493,0.984494282305776,1.127743169397771,0.9562197215228992,0.9347494939311286,0.951096038260246,1.0299439612273746,0.9884499977502027,0.9976314977625563,1.2354250596181247
2017-06-08,1.14971418535798,0.9850906263862925,1.127072008435833,0.9532691727688113,0.931099243141514,0.9493669350637681,1.029415807065811,0.9869962205635885,0.9978656194510106,1.236565843141092
2017-06-09,1.14971418535798,0.9786405000840489,1.1256834969900715,0.9542133367179896,0.9258921219345699,0.9492289281237452,1.0259138763426874,0.9862367887726398,0.9928153806907679,1.2411642454407255
2017-06-12,1.1445585163653433,0.9537956332480407,1.103850418602451,0.9414430295410056,0.9117934805495541,0.9352866394236259,1.009778053247243,0.9699211411781391,0.9831151044319462,1.2273661623831085
2017-06-13,1.1394028473727065,0.9719671262162891,1.1198621292210527,0.9521738657281315,0.9229420299031152,0.9474245662373763,1.0234588867761725,0.9834538296502459,0.9968510038313482,1.2429035027908053
2017-06-14,1.1368250128763882,0.9731563605406401,1.121565654269423,0.9525894414873892,0.9225032646610803,0.94796675338257,1.0223967817539767,0.9816789421039416,0.9977544923669407,1.2411335948065239
2017-06-15,1.1316693438837517,0.99848023992115,1.1396477817749087,0.9636778258010517,0.9326663088715132,0.9573043373306926,1.033024654851628,0.9896462475376989,1.0081637074769738,1.2418910010657813
2017-06-16,1.1278025921392743,1.0042607588120755,1.1385955769665022,0.9591351384377458,0.9292962625037818,0.9535126760543363,1.02781864586885,0.9853516344486769,1.0067934016276556,1.237645906061032
2017-06-19,1.1278025921392743,1.004651699041861,1.145806362088882,0.9662550148244001,0.934484242905467,0.9577972212549353,1.0341035366970162,0.9926722782733487,1.0161928207046331,1.248911145879828
2017-06-20,1.1355360956282292,1.0100089386963937,1.1475014296215673,0.9634538631690048,0.9363662516490674,0.9569350113742577,1.0340944757691284,0.9910124340273138,1.017432143996115,1.2499467945909446
2017-06-21,1.1368250128763884,1.0047803277017613,1.1504568264573982,0.9652386101289031,0.9373868368747653,0.9580489718154392,1.034095804650318,0.993197281991337,1.016472265385904,1.254588153669292
2017-06-22,1.1767814475693223,0.9908137265805207,1.125594553001007,0.9489711720458079,0.9235113182497211,0.9420045320989437,1.0177233189605595,0.9755571537112353,0.9984149276151529,1.234382809714976
2017-06-23,1.16518119233589,0.9801296480485402,1.1228620932020936,0.9457142849226549,0.9225825874509284,0.9425481895688128,1.0197634379119505,0.9763081911459771,1.001876253765699,1.2431260512821192
2017-06-26,1.166470109584049,0.9913646147921541,1.1280843644753584,0.9548574196192764,0.9323411215148021,0.9543478790716743,1.032605267523383,0.9909095894454306,1.0166163262476415,1.2675321879896115
2017-06-27,1.1626033578395716,0.9928467942163404,1.1275717080085,0.9572646522913161,0.9340108436537117,0.9555008384036785,1.0340158788160239,0.9941614593991656,1.020538600234689,1.2718975896196212
2017-06-28,1.1471363508616617,0.9848958604412745,1.1223215701318714,0.9512663598928858,0.9267975216385301,0.9497997149065509,1.026213886490462,0.9873534332897165,1.0143195328574932,1.2716241186423611
2017-06-29,1.1394028473727065,0.989207378624724,1.1248041686912933,0.9554402600550678,0.9311813552570175,0.95383791919587,1.0305382511727241,0.9923248976781726,1.0201387885128133,1.2791007844876647
2017-06-30,1.143269599117184,0.989791889531344,1.1259751296137568,0.9555929785117998,0.9318744089120459,0.9538633835100765,1.0294926088827048,0.9953770756900274,1.0202606446726874,1.2789752195062338
2017-07-03,1.166470109584049,0.9994543968634404,1.1358071215209429,0.9633612134416818,0.9391719041892772,0.9594030445668732,1.0369718373222985,1.0021400276824748,1.0312512416642634,1.2933265777216736
2017-07-04,1.172914695824845,0.995219161892452,1.1365045413188324,0.9615942106685906,0.9373319064037458,0.9571293007971636,1.0336447574067904,0.9974659001604822,1.0291571749787665,1.2868400672002447
2017-07-05,1.1922484545472325,1.0101523588777463,1.146603747928302,0.9677110270058956,0.9423093616277478,0.9621322101193086,1.0418545863869049,1.0018490852853115,1.0391993842044822,1.302858114684514
2017-07-06,1.1909595372990731,1.0122926320127004,1.1460236270839301,0.9680882110034595,0.9437031306805201,0.9633730347057103,1.0393909297738806,1.002111192520368,1.041326160148195,1.3106935483314315
2017-07-07,1.206426544276983,1.0169146863484637,1.1489718148244707,0.9698033472057361,0.9440731689579284,0.9649425625530605,1.0423735122285898,1.0060789567815094,1.0460462696237094,1.3242276416971996
2017-07-10,1.2566943169551907,1.0129106497566116,1.142203771078494,0.9653062981141021,0.9407199817058913,0.9608370764425856,1.0371995739655282,1.0031525267103654,1.0459651268399135,1.3296170416374682
2017-07-11,1.2502497307143947,0.9955947620611217,1.1299691648831351,0.9529825749159873,0.9295898698582551,0.9493163484047145,1.026631432555842,0.9920316262028753,1.0314880348143665,1.3186295743161356
2017-07-12,1.2837615791665333,0.992613889328409,1.126916020371524,0.9505601706708398,0.926973605581493,0.9452660768942449,1.0251171652560283,0.9904078032186222,1.032079189714289,1.3198697049092147
2017-07-13,1.267005654940464,0.9960382896543385,1.1243360414930816,0.9500927320810505,0.9278858543502008,0.945047095488791,1.0260947373935558,0.9943518700118167,1.0380889091401297,1.3241599416496754
2017-07-14,1.2038487097806645,0.9812168679333333,1.1156822970625746,0.9436062345210054,0.922301048396613,0.9408953175771052,1.022220486420183,0.9906487364161958,1.033873939186406,1.3280640280469056
2017-07-17,1.131669343883751,0.9149604262872784,1.0529785575484503,0.8939196286755675,0.875706322188802,0.8930074852829969,0.9722011678104469,0.9433789670277845,0.9860560519304609,1.27536548803237
2017-07-18,1.153580937102457,0.9061561131242528,1.0612120197032382,0.9014643112878207,0.8817442798227623,0.8996428986609957,0.9827136438022965,0.9535312802747242,1.0031055980426902,1.3021625716494971
2017-07-19,1.184514951058277,0.9192368970278153,1.071180605387724,0.9128636344477521,0.8914707007615209,0.9113279122616483,0.9984730018314416,0.9707277835485858,1.0247991040876263,1.3432411478454764
2017-07-20,1.1600255233432526,0.9200508838352847,1.0765891408487915,0.9158899773972667,0.8965244506530445,0.9162239218822067,1.0047020833649845,0.9768491850932243,1.029376222058578,1.3525130857105492
2017-07-21,1.1651811923358892,0.9238588884538261,1.078207048964386,0.9141804438663358,0.8947641715662799,0.9173058268250152,1.0038104886847785,0.9800495765599397,1.0298767684906185,1.3589521114457526
2017-07-24,1.1548698543506155,0.9283086704413377,1.0805670402585552,0.9198347095621895,0.8995232679260344,0.921777953883375,1.010211530268779,0.988233484240624,1.0372240690166756,1.366926512262711
2017-07-25,1.1445585163653422,0.9282117624839832,1.078843275583038,0.9188452333424921,0.8975631739350407,0.919664429533597,1.007930743000511,0.9847835180732902,1.0340189930908776,1.3648086615329562
2017-07-26,1.1729146958248442,0.9283605457600548,1.078541752100657,0.9205681970421458,0.8968663322398921,0.9206847645722629,1.0087116855737372,0.9873869942500765,1.0345816610959317,1.3673692199514917
2017-07-27,1.202559792532505,0.9473249137733779,1.0973859885192434,0.9354683724063794,0.9086504325078831,0.9333987198832505,1.0192505177535514,0.9938693187524299,1.0377428834278521,1.3664719671566645
2017-07-28,1.201270875284346,0.9428394628509703,1.0962010726796285,0.9345735337752231,0.9076421454589064,0.9334395193034268,1.0217970915448396,0.9957127384777885,1.0424992136181057,1.3792937488370756
2017-07-31,1.2193157167585742,0.956736038859413,1.099618700049249,0.9386820258445807,0.9110936310919571,0.9404033224650122,1.0317900940297668,1.0073026396626183,1.0595321915749116,1.4134429216276712
2017-08-01,1.209004378773301,0.9536595135970221,1.103237591105636,0.9374631199692917,0.9143530164763414,0.9404306455423086,1.0305164143553958,1.005685213097888,1.0566691784706046,1.4088602418959364
2017-08-02,1.1974041235398682,0.9390640071764422,1.0909906486597478,0.9291562821342307,0.906452957599543,0.932467685146825,1.0214972580740789,0.9954844376086689,1.049882455948978,1.4169552906843876
2017-08-03,1.2051376270288237,0.9452146965088487,1.09579736498966,0.9323895120483195,0.9093448353409355,0.936597092586254,1.027234971371169,0.9996021440956638,1.0540658387814084,1.4260732068539559
2017-08-04,1.239938392729121,0.9376076406896696,1.0939283487057643,0.9295807548644083,0.9060303874302664,0.9318184994697196,1.0221923051541262,0.996675709280188,1.0507127615810754,1.4136738998244647
2017-08-07,1.2450940617217578,0.9453719822051957,1.1010724929182283,0.934878833322518,0.9118914610908848,0.9385993288663842,1.0324858821613974,1.0068454059948715,1.06426230014451,1.4428963042382144
2017-08-08,1.238649475480962,0.9592006172837922,1.1071598529740734,0.9385929305528471,0.9143215532513089,0.9421789504711696,1.0333849202803793,1.0066717138089685,1.0676945784048246,1.441426952885685
2017-08-09,1.2309159719920069,0.9532652132198246,1.1070775602118699,0.940236874773079,0.917310037287395,0.9433168186984436,1.038266066893805,1.0116087120172836,1.0773363756351853,1.4577437227352388
2017-08-10,1.2270492202475296,0.9506395997675391,1.0991048954483669,0.9337405671701237,0.9106497763038611,0.9357084792314775,1.0281375107637545,1.0018380571095777,1.0691344295430543,1.4445683191246197
2017-08-11,1.2425162272254395,0.9393307773892255,1.0865745127010045,0.9215216288337055,0.897726276645833,0.9215562742280967,1.0087454973998777,0.978590853793298,1.0409547126426688,1.3896014206991867
2017-08-14,1.2605610686996678,0.9580185907393759,1.1094204996783716,0.9394471028697757,0.9135820957145365,0.9395056817568561,1.0279092682298923,0.9943582523775625,1.0582467886643667,1.4132126004352987
2017-08-15,1.2489608134662353,0.9608151693052577,1.1138248460100488,0.9419942737613833,0.9155263174336763,0.9435106202427839,1.0304592507470827,0.9982171437694276,1.0586650640549857,1.4234366084162902
2017-08-16,1.2463829789699168,0.968127415954478,1.1212643017794417,0.9484920676669079,0.9209733943753013,0.9477390460358975,1.0332915568806695,1.0002855458640334,1.0595457987822852,1.4122343466961158
2017-08-17,1.278605910173896,0.9785291358193721,1.134509629438732,0.9557975881436387,0.9285756645017217,0.956821449800706,1.0428268180753166,1.0094322107514533,1.0707034168810334,1.4220442944281548
2017-08-18,1.2450940617217576,0.976719007624835,1.1293294084888361,0.9514231671190991,0.9251012257425459,0.954337793839548,1.03856389785588,1.007744094458416,1.0696203616808035,1.4184452091872566
2017-08-21,1.2386494754809618,0.9886290712399318,1.1341842061087042,0.957754125671458,0.9318627399358764,0.9608208866812311,1.0467317946567696,1.0170979304034051,1.080808445685833,1.444034523904728
2017-08-22,1.2425162272254393,0.9878962753865731,1.1255990167506589,0.9494151434738992,0.9266835232812225,0.9545485888616485,1.0406264779699461,1.0115247582936076,1.073164073511911,1.4393895581993665
2017-08-23,1.233493806488325,0.9836765834625095,1.121992410494115,0.9461391787581824,0.9225217393052225,0.948794899850349,1.0332806918553306,1.0035740593941849,1.06266419867682,1.4216491332251948
2017-08-24,1.19482628904355,0.9787409001082321,1.1160841054502133,0.9407897836124588,0.9148782418539819,0.942278968590528,1.0274291122739836,0.997087139673521,1.0556561347871856,1.4122691591147647
2017-08-25,1.2102932960214594,0.9891249054065344,1.123272413397354,0.9498361007733804,0.9233068638760846,0.9503407650298046,1.0385907061882913,1.0078347137435344,1.0674773079734516,1.433837165368253
2017-08-28,1.212871130517778,1.0044518828260571,1.13866919421617,0.9594496940493447,0.9324936864489735,0.959996078991729,1.049879292950105,1.017563368124417,1.0785163395316364,1.4487730732086688
2017-08-29,1.2257603029993696,1.0014591461964548,1.128046389268047,0.9552937243932181,0.9302753959195608,0.9586532388569197,1.0480165276926394,1.0175645826563504,1.0771239278610993,1.4472584896075782
2017-08-30,1.2180267995104146,0.9991197698524238,1.1310129048033686,0.9594023457094526,0.9329527692391099,0.9618065957974217,1.0527225743989919,1.022835996195269,1.08866353514097,1.4694163512341498
2017-08-31,1.2180267995104146,1.004697917275929,1.1360043917463394,0.9633158009709502,0.9360095326218385,0.9639023723111649,1.0560774440530687,1.0264476498417117,1.0918500165057121,1.473595427665213
2017-09-01,1.2489608134662349,1.010763356829108,1.1434273251650087,0.9719432313384953,0.9426399076665716,0.9701120842634824,1.0632588265608685,1.0339737431532063,1.1027354702552457,1.4956142333175948
2017-09-04,1.2682945721886223,1.0169253672919112,1.1547168083588017,0.9801245840476811,0.9480314704010138,0.9758175049723166,1.069075055104558,1.0393640244145035,1.1076660702355006,1.4905306461200902
2017-09-05,1.2528275652107121,1.02135867604811,1.1531825921754362,0.9809575994569697,0.9490644799241336,0.9761654368798324,1.068374626751573,1.0373638076995049,1.105789110819762,1.4876044622619555
2017-09-06,1.2579832342033486,1.0339427923318372,1.1597279680469472,0.9876083386647717,0.9541741793963701,0.9803938031055695,1.0727382304990776,1.04294768452971,1.1097372494375,1.4908006346227622
2017-09-07,1.3211401793631476,1.0281992220901233,1.1547661710040265,0.982709592640919,0.951892693577761,0.9753831213407251,1.0666756599434297,1.0368362474746715,1.1012870596155575,1.4826161326733411
2017-09-08,1.3958973797563794,1.0339160309786846,1.1561111451670463,0.9849886894092181,0.951333451095241,0.9767757255419137,1.070630135640818,1.0402342995908174,1.1074803548140781,1.4920448001157727
2017-09-11,1.3881638762674244,1.0417567077685845,1.1721125886572346,0.992989181292621,0.9587767985647131,0.9848099574318044,1.0810574674947475,1.052061288043738,1.1163635135309533,1.5057041727726228
2017-09-12,1.384297124522947,1.0377781626158464,1.167773118434466,0.991715964626033,0.9567480618446984,0.9819947184667891,1.0783600880245876,1.0503295531183117,1.1183139270786016,1.5081000166577965
2017-09-13,1.499010759609113,1.0368290057041252,1.1711876864547763,0.9947513106859509,0.960587842239414,0.985600285105366,1.084197740381273,1.0555862529077233,1.1246227041064143,1.5196829593787717
2017-09-14,1.4822548353830436,1.039521183141419,1.1663183662518983,0.9927326090550381,0.9609013093197762,0.9837909745731825,1.0817019421689462,1.055703070255528,1.1211875684063015,1.518921037825635
2017-09-15,1.4242535592158811,1.0373745734551645,1.1601860479220898,0.9906339595153416,0.958244778453354,0.9795325739751061,1.0760591071180554,1.0491205372521248,1.1061855054053409,1.4909034688548868
2017-09-18,1.4577654076680193,1.0406344839288282,1.1693919155709738,0.9962172815559492,0.9639286253187822,0.9870277812837969,1.0823796188862578,1.0562553431172585,1.113812408815416,1.4989566825427756
2017-09-19,1.442298400690109,1.0339714812429295,1.1645733464707377,0.9919967376763658,0.9599863117572947,0.9826546902909806,1.0783737754194045,1.0511951605733512,1.108921986287479,1.4893944121936529
2017-09-20,1.4371427316974725,1.042577329381236,1.1703605327117361,0.9986199232418161,0.9659749513840834,0.9894353705536386,1.0867499333678756,1.0611326582527851,1.1198230125433908,1.5026759910939522
2017-09-21,1.3971862970045383,1.0485956233320302,1.1605039423677626,0.9875897551941585,0.9569753469987217,0.9799680849754936,1.0719443749407758,1.047168032568938,1.104286769119736,1.4790172310849163
2017-09-22,1.39460846250822,1.0446085979006219,1.1636102745016497,0.9823602078316881,0.9551211482732963,0.9749922119588114,1.0666857606914653,1.0389023176867715,1.0965395075133122,1.4690413697107585
2017-09-25,1.3881638762674242,1.0256048476346569,1.1480322593322045,0.969026501553757,0.9429090563614557,0.960394488979377,1.0515181657345427,1.024059101258058,1.0797547626334851,1.448555402999671
2017-09-26,1.3920306280119017,1.0263975302633561,1.1494593206834922,0.9722353013352041,0.9432358510836385,0.9603671305518997,1.0522276330037967,1.0282742000751228,1.0847378541021262,1.4573947750960683
2017-09-27,1.3984752142526975,1.0341431746785594,1.1600734814946267,0.9794367220429736,0.9502540663203013,0.965656832216143,1.059100495960664,1.0342332707707977,1.0927617856167728,1.4742503439629622
2017-09-28,1.3572298623116041,1.0190471800710081,1.1578138600163828,0.9757119484200175,0.9482738443666201,0.9606526108073007,1.0546399409450598,1.0282382255269853,1.0850287770024862,1.4625414268045074
2017-09-29,1.3662522830487185,1.0223227411553417,1.1662095979063636,0.9853855670546207,0.9576793796152662,0.9679957946624229,1.0606419737251689,1.0358166186459599,1.092126310911289,1.4754771913289868
2017-10-09,1.3868749590192648,1.038494025249127,1.180237487278445,0.9974896357716491,0.9693674189342467,0.9797703430115962,1.0732727544132952,1.0465391758546112,1.1042655392889948,1.4856810354533212
2017-10-10,1.3752747037858324,1.0459079430767457,1.1907004809173154,1.0054542332957672,0.9770006673415131,0.9879374341823566,1.0801358660913336,1.0523302572082127,1.1075538695221632,1.48676082619472
2017-10-11,1.303095337888919,1.045219335965811,1.183077686956122,1.0007608384994018,0.9747558301052982,0.9853517870791639,1.077773386274653,1.0521549007903457,1.1027556018995337,1.4734721662474768
2017-10-12,1.2322048892401651,1.0398962397159506,1.1836676613903787,0.9969838662254695,0.971605448728857,0.9839573750082607,1.0738489931506843,1.0504036892123991,1.099429390094562,1.473517118393601
2017-10-13,1.2051376270288223,1.040965200389648,1.1909404503954661,1.0010249917835612,0.9750636930242061,0.9880659488901902,1.0794092001296802,1.05344576957069,1.1051928896191663,1.4764436399099459
2017-10-16,1.1703368613285248,1.0126283432759298,1.1665007805389063,0.9808235286872992,0.9566235868089332,0.969136543298173,1.05988920572056,1.0362966068595694,1.0891025717869574,1.460751529574871
2017-10-17,1.1806481993137983,1.0169373297378361,1.1625944925937928,0.9793967604372465,0.9544681729222095,0.9697594343778295,1.0589964694466454,1.0356167372789054,1.0875613692288173,1.4546717927365884
2017-10-18,1.1664701095840473,1.0044041294784138,1.1537484261406334,0.9708790170976752,0.9461064044375885,0.962807851797578,1.0497784767862859,1.0258836161593559,1.078829925284148,1.4350536972754153
2017-10-19,1.139402847372705,0.9957932156068985,1.1445583888823452,0.9595431400001845,0.9375304744194293,0.9530167420488844,1.0393175763943399,1.015069104252818,1.0658288777640108,1.4196049976808733
2017-10-20,1.148425268109819,1.0101388357776586,1.1573470119638072,0.9693526511627102,0.9483112805021119,0.9642390492646797,1.0521568179882572,1.0272685681337665,1.07937780096405,1.442023292740455
2017-10-23,1.1381139301245458,1.0187104890642582,1.1605048855879698,0.9751079335356079,0.9537060997344248,0.9696969215634648,1.0579592880385695,1.0331121077843748,1.0848121822691972,1.4447842061578418
2017-10-24,1.1445585163653416,1.0038844584678688,1.1531043454074674,0.9716332981815982,0.948765641293157,0.9645050083486936,1.0545124678435798,1.029992110537826,1.0805827240163468,1.4466021118073211
2017-10-25,1.14713635086166,1.0117901253906167,1.15958958920633,0.9779364952372962,0.9553043046546691,0.9710875082234948,1.0593897557582361,1.036072323366742,1.0871958793145737,1.4509435696715292
2017-10-26,1.183226033810117,1.0244805318339094,1.1664194237264147,0.9806386794104792,0.9581755508275867,0.9747990621265761,1.0622485209987789,1.0408486524955542,1.0942651789793247,1.4649030220928632
2017-10-27,1.1793592820656391,1.0212579829788833,1.1566190619981715,0.9739640105855288,0.9526728593577755,0.9690421845456835,1.054263273788651,1.0341008725729197,1.084482718911646,1.4551912519859
2017-10-30,1.1638922750877294,0.9856866747988684,1.126755791678016,0.9508107747388252,0.9324331887790566,0.9469454240019171,1.0295903710303125,1.0087174746074559,1.0588031326197982,1.4286416610598456
2017-10-31,1.1574476888469334,0.9994028027493601,1.1301492663351933,0.9561854114150946,0.9393897480746828,0.955975097450853,1.0377200115559384,1.014321353768867,1.0677018373003138,1.4412556669797072
2017-11-01,1.1535809371024557,0.9912818380474204,1.1312933059957975,0.957202659984654,0.9379258902679299,0.9566712238018115,1.035384416224412,1.0130450419812025,1.0669235584336025,1.4388356769158088
2017-11-02,1.123935840394795,0.9752829127011455,1.1165125158175946,0.9475167240626545,0.9272803998645173,0.9469906442277621,1.0237819314797196,1.0016838872127982,1.0536738339509464,1.4245440005134957
2017-11-03,1.1432695991171826,0.968551751993245,1.108418831746946,0.9413320200812989,0.9208435254087998,0.9394644076710643,1.0165398237714074,0.9928421452628714,1.0444497151684635,1.4087300143463786
2017-11-06,1.1690479440803658,0.9838981006313251,1.1202379941806868,0.9510783000613392,0.9292192548404429,0.9487318678392641,1.0265699724143935,1.0043507796118025,1.0569079102922294,1.4250131790620413
2017-11-07,1.187092785554594,0.9844791386197711,1.1252471339262444,0.9555153357261502,0.9349355044137273,0.9527298432239404,1.0327225298537812,1.009890403760083,1.0633796569848586,1.4351814444807172
2017-11-08,1.1986930407880265,0.9904470344937104,1.13173605011164,0.9601325381607331,0.9380703659180799,0.9540685758678569,1.036402814908845,1.011533833973957,1.0668699238097399,1.4352291227371643
2017-11-09,1.1793592820656391,0.9933434374574607,1.1405448650046148,0.9643078743292077,0.9434706604392189,0.9605882549357283,1.0424751223903774,1.0185047443887902,1.0740479850602176,1.4410742976155153
2017-11-10,1.1664701095840477,0.9951956746577981,1.1379435126354387,0.965497955269563,0.9466218423735796,0.9624225557614912,1.044592238159271,1.0193465722856188,1.0746102964836282,1.4396484196167973
2017-11-13,1.1729146958248435,0.9998667064734366,1.1325052166483536,0.965929278356822,0.9469226035872967,0.9632072221113072,1.0445660743212213,1.020161104716308,1.0784910135820478,1.455191179536725
2017-11-14,1.161314440591411,0.9934305799608357,1.1232410217693611,0.9591348419645804,0.9405742408811463,0.9570683896879002,1.0362266757523093,1.0120047742485154,1.0721136317644007,1.4478630603958398
2017-11-15,1.130380426635591,0.9815093302065423,1.1125345951805476,0.9517454534793138,0.933024835866222,0.9480906200295601,1.0268440029830912,1.0042349006443938,1.0630053331891522,1.434833017930994
2017-11-16,1.138113930124546,0.9756289470713537,1.1093660286251885,0.9509920157505564,0.9304157560046282,0.9457672368147415,1.0261280348675064,1.005218749733835,1.0642104158929055,1.4399889276490014
2017-11-17,1.0826904884537016,0.9348201694919417,1.067351454542605,0.9212943745565866,0.897626669920138,0.9150656762636614,0.9921825835324,0.9724901083215858,1.0298029249771077,1.3915043162813243
2017-11-20,1.0955796609352932,0.9387371187798925,1.071001081382919,0.9235363275061331,0.9008787474870822,0.9186996099955993,0.9961672152738235,0.9755846180138751,1.033776706301911,1.39500597007531
2017-11-21,1.0891350746944974,0.9383046412627367,1.0695943855078929,0.9244590534885799,0.9020237155768853,0.9186759450957649,0.9971447014770294,0.9760942110421139,1.0358987878080494,1.3955713030134445
2017-11-22,1.1149134196576806,0.9325226683804465,1.0677133717486325,0.9244386802024988,0.900903746436043,0.9196116232165932,0.9966594838817966,0.974561231246875,1.0342681041378716,1.393594778750391
2017-11-23,1.108468833416885,0.9112348840455056,1.045946969211194,0.9035017513235343,0.8789320476364343,0.8990116875369447,0.9751327178236813,0.9514089720832025,1.0114375402434617,1.360391123127043
2017-11-24,1.1187801714021581,0.9161018754473654,1.0464810878353819,0.9044932989210014,0.8801824274007632,0.9003424656745497,0.9759586382578999,0.9539233556700184,1.016393698947099,1.3679187678432472
2017-11-27,1.0981574954316113,0.906668074146917,1.0342380744847193,0.89544076854003,0.8705454285482671,0.8901562786290689,0.9646335381212463,0.9436134139887544,1.007770622421593,1.358011251352157
2017-11-28,1.0994464126797705,0.9207032997209784,1.04902118471849,0.9086181313654128,0.8830464864374767,0.9029928622944944,0.9770480664817712,0.9581877454255148,1.0252162333063173,1.3858633150709363
2017-11-29,1.102024247176089,0.9201179790088096,1.0453231050147742,0.9071054662108262,0.8835372098303175,0.9046760801711211,0.9791804974440328,0.9623107484875957,1.0361459733172378,1.4031616186854186
2017-11-30,1.0955796609352932,0.9117781982995962,1.039839404088684,0.9018542625299315,0.8788022901245814,0.8994921484593629,0.973815959994865,0.9571526344429593,1.030594650059562,1.393949354370247
2017-12-01,1.0968685781834524,0.9191284259112847,1.0504089222570325,0.9103128342473188,0.8863745432966409,0.9074653019329671,0.9808405232281535,0.96354743197475,1.038085125462141,1.3986631651545114
2017-12-04,1.0955796609352932,0.9044415812179215,1.0383907739241536,0.9033661485070413,0.8763120143361274,0.8998060700566249,0.9724968130368368,0.9555848844583223,1.029267540153013,1.3955423833876037
2017-12-05,1.0930018264389751,0.8793887067942691,1.0074565335483754,0.8802384093178849,0.8533300477448248,0.8769743149365088,0.9499883254283105,0.9311604179978419,1.0046738821397954,1.3618824666111249
2017-12-06,1.0904239919426568,0.8848659841479339,1.0156530726674589,0.8893073962991915,0.8616072521768011,0.8842808052199813,0.9582789533864531,0.9377566504555729,1.0091573254050767,1.3643174690811697
2017-12-07,1.0672234814757917,0.8862379624167775,1.0175306067664285,0.888055233016738,0.8615535632887278,0.8823238519252521,0.9546771129440552,0.9343178844640154,1.0037247695285956,1.352988207932232
2017-12-08,1.0723791504684284,0.892057866653002,1.0309333087573682,0.8958895233844949,0.8699119681836627,0.8897166110683735,0.9644477002526528,0.9432769488602939,1.0177970476347091,1.3687277799782478
2017-12-11,1.0723791504684284,0.9015026714055153,1.0427351498933741,0.9046322188203919,0.8795846672287195,0.8999847756763435,0.9750773804410033,0.9537940884739795,1.028375329726586,1.3842464778919616
2017-12-12,1.0633567297313142,0.892865245294385,1.0306747148101874,0.8962319303144258,0.8719984277746614,0.8910859136020545,0.9661846957341815,0.9467884912952211,1.018419648599932,1.3728749009147019
2017-12-13,1.0659345642276326,0.8965876143602689,1.037150043146707,0.9027931876557013,0.8787755721582873,0.8968257563609091,0.9718507205146276,0.9541626072592961,1.0274533276299243,1.3816882532504753
2017-12-14,1.1033131644242484,0.8984191519039253,1.038560984246867,0.9046341613417093,0.8804569546196913,0.8970809959271646,0.9732115964634251,0.9557711838282399,1.0281050014267146,1.3799495904202863
2017-12-15,1.0942907436871343,0.8950482159175427,1.038996646526186,0.9017927516474169,0.8769469776580692,0.8943190459491603,0.9702916953363573,0.9521404934760553,1.0191079368633094,1.367362826112103
2017-12-18,1.0865572401981793,0.8891512144323203,1.0295324822488447,0.8963088229858807,0.8700755059098368,0.8875349531983235,0.9650027400606487,0.9499982352993374,1.0169411061759372,1.3687721993123747
2017-12-19,1.0930018264389754,0.896628951274101,1.0342154332181297,0.9023042296160979,0.8759919320499538,0.8934134191340504,0.9710992897971475,0.9545493250935436,1.0229702285686355,1.3781147467296875
2017-12-20,1.0994464126797712,0.8942715838170482,1.0223937297529628,0.893469024719707,0.8681188011672806,0.8852034501783809,0.9622473095870826,0.9476248224533282,1.013488294849381,1.3622735395316183
2017-12-21,1.0556232262423593,0.8939852404218629,1.0244702945932553,0.8946700341646474,0.8703207813420758,0.887378990692425,0.9647897035773384,0.9494625688659935,1.0191694040897932,1.3674490815430538
2017-12-22,1.0723791504684286,0.9017975182199329,1.020479610002063,0.8931147117775835,0.8685107281463423,0.8850429986170285,0.9642165575625392,0.9494774381898606,1.0195124063999685,1.368506619569406
2017-12-25,1.0646456469794734,0.8910017578294497,1.0053333446687,0.8824187432746675,0.8575099411183549,0.8738067644095654,0.9529241355099767,0.9392567021729653,1.0075101923680594,1.357289590809603
2017-12-26,1.0659345642276328,0.8951894547433468,1.0149089827418967,0.886896972487102,0.8621891746009662,0.8784798614328382,0.9570108142809978,0.9436417846758212,1.0129029632050808,1.3636723234551782
2017-12-27,1.059489977986837,0.8875888590918027,1.0137262930046882,0.8810790873318232,0.856615387383027,0.8719275694955402,0.9532851347453215,0.9406667318855214,1.00683149652868,1.3590622444757565
2017-12-28,1.0569121434905184,0.8857390085728873,1.0148092674868554,0.8823901958183189,0.8582688506416021,0.8737463745038232,0.9563590141656677,0.9443246857386252,1.0144960346413294,1.3725895202385412
2017-12-29,1.0569121434905187,0.8900027819674191,1.0215461702140103,0.8908680988299374,0.8654897995350659,0.882095139789168,0.9636454740910471,0.9503451908633134,1.0208271186909643,1.3773396359194603
2018-01-02,1.0569121434905184,0.8953565557151796,1.0266935765051193,0.9001356110229899,0.872105414004077,0.8908046434244998,0.9740314186920979,0.9619477345460437,1.0387800601051096,1.4043088189208919
2018-01-03,1.062067812483155,0.9101367016330653,1.0367470857622727,0.907168999230174,0.8808074986268811,0.8984292699962032,0.9830209175444536,0.9702138730639577,1.0480150678328497,1.412911022944584
2018-01-04,1.062067812483155,0.9182337701944618,1.0386686513387884,0.9079350012163316,0.8817838610243943,0.9010798640185143,0.9857916579589794,0.9733152620589585,1.056020620248911,1.4288783843743775
2018-01-05,1.0543343089942,0.9113807290201007,1.036831531410595,0.9090948051713603,0.8818410323911753,0.9016646764482094,0.9869635570356354,0.9754655367643463,1.0553224870007052,1.4294504784250792
2018-01-08,1.0607788952349957,0.9068698127578042,1.0354166340930042,0.909581172961662,0.8809161080357708,0.902151827863597,0.9888291509175127,0.9802883331257027,1.0615982507061306,1.4438770717846905
2018-01-09,1.0427340537607672,0.9057266281145762,1.0351417897579709,0.9100130692488773,0.881125434970419,0.8999615435192686,0.9893819614041601,0.9796206931702472,1.060430402052698,1.4453523543328568
2018-01-10,1.0337116330236529,0.8989852069434543,1.0248420538883107,0.9030549381671524,0.8745086581715016,0.8932477628827696,0.9841027117585397,0.9739798171830939,1.0549875127620132,1.4358766868996717
2018-01-11,1.0362894675199714,0.9049486363964485,1.0324968945154596,0.9069921756935376,0.8801457107270424,0.8984343019813519,0.9875209081064681,0.9762295485194171,1.0527275819806938,1.4269852274568473
2018-01-12,1.0246892122865388,0.9011729921264248,1.02541497360694,0.9016003600838945,0.8756127371157859,0.8935574178992051,0.9845742668590294,0.9732364530262304,1.050044209310975,1.4274405559728256
2018-01-15,1.0234002950383794,0.8765274945606454,0.9977526596326378,0.879103469752503,0.8530504539455583,0.870225058455341,0.9627733463352757,0.9511567373805457,1.0252636423758295,1.3880913977171088
2018-01-16,1.0234002950383794,0.8818722066603681,1.0020132768885592,0.8832625533934175,0.8571799098575963,0.8743923834257439,0.9672703242055039,0.9592052536722174,1.0323123732295134,1.4003341112086851
2018-01-17,1.0234002950383796,0.8837812476887329,1.0037364579620836,0.8835595934934614,0.855390735840693,0.8736305082031934,0.9636901260783393,0.954294450283182,1.0272596851630076,1.3964952693187396
2018-01-18,1.0298448812791756,0.8823935213091699,1.002627187118211,0.8842704131198397,0.8561702619258731,0.8757599023125267,0.9662956063310975,0.9567778331033269,1.0335463203156987,1.4093180346124252
2018-01-19,1.0350005502718123,0.8797473324214737,1.0014591575630694,0.8831914739743525,0.8550680308274131,0.8744484648227241,0.9641446530261032,0.953955244889972,1.029895663858718,1.4057180706550398
2018-01-22,1.033711633023653,0.8880642573727517,1.0099465351502666,0.8917050968936692,0.8626734972844302,0.8823180533128431,0.9755869197996656,0.963178408535207,1.040631864919113,1.421555654642964
2018-01-23,1.0298448812791756,0.888254991394808,1.0116147876978945,0.8919449472192152,0.8632436351141064,0.884384168627686,0.9771657827035175,0.9655326950429869,1.0441040171406062,1.4227333578137344
2018-01-24,1.0311337985273348,0.8931886314410842,1.0206213587615178,0.8990107788034556,0.8694409808559457,0.8908411353809571,0.9824117121417346,0.966075834370946,1.0461195983391813,1.4231314805551862
2018-01-25,1.0234002950383798,0.8899670739081661,1.0207733119463316,0.8973826599000089,0.8685882683538927,0.8917490964449158,0.9789520648029079,0.9662491018626825,1.0462670203486306,1.429991779799338
2018-01-26,1.0298448812791758,0.8874576550275827,1.0203448113441536,0.8965541416539644,0.867689909939751,0.8904806418249495,0.977676947992981,0.9651939270609117,1.0474972084050351,1.4255441914849913
2018-01-29,1.0118000398049474,0.8765650639324085,1.0070601352755932,0.8851205836991147,0.8566256160456724,0.8781173933499636,0.9642736532288604,0.9550184715591379,1.0401440599474137,1.4122563116386169
2018-01-30,1.015666791549425,0.8738932414750176,1.0071485350697678,0.8829477963492396,0.8548279142517686,0.8777202226298196,0.9642374345612015,0.9530978857712892,1.0340829304973616,1.4137669366743122
2018-01-31,1.0118000398049476,0.846558807416473,0.9786667407306792,0.857873867537604,0.8369534416230621,0.8578212497761434,0.945494661498926,0.9363303281267257,1.013928868285005,1.386535451207238
2018-02-01,0.9409095911561933,0.7985116556972703,0.9392077882072984,0.8251325104423306,0.8033707008519935,0.8262770092887136,0.9103512621016744,0.8997347872013571,0.976275602555226,1.3455428871090336
2018-02-02,0.9409095911561933,0.7886442666465546,0.9273484210862589,0.8196834349043218,0.7985200110830707,0.8245456257824217,0.9076103224769159,0.9001129721996578,0.9823649923688217,1.356415058010745
2018-02-05,0.9409095911561933,0.7876824901456949,0.9173402240131182,0.8144327632689692,0.7944042497866856,0.8226480409649809,0.9024246075143173,0.8987264489711653,0.9849763135091413,1.3575757453614878
2018-02-06,0.9409095911561933,0.7501531217540722,0.8740530478110742,0.7758815180108516,0.7586513250108602,0.780967075056758,0.8581296942869677,0.8539888462361097,0.9320345417804609,1.2902446178875802
2018-02-07,0.9409095911561933,0.7546723352950877,0.876282773051686,0.7783879945850685,0.759287007453602,0.7819769088365454,0.8593365269526527,0.8536124189085986,0.9293664401900443,1.285740114732862
2018-02-08,0.9409095911561933,0.7588013715926689,0.8879681771142619,0.7881786337295494,0.7692978810961077,0.7899085608549912,0.8695572987802183,0.8611567602874541,0.9346594192390717,1.2920459164265532
2018-02-09,0.9409095911561933,0.7323828339405123,0.864295900116505,0.7645547371777804,0.7483096845619944,0.7652084007824284,0.8408732452106457,0.8299044852135871,0.8942792349960278,1.2438597302684111
2018-02-12,0.9409095911561933,0.7509391769891457,0.885172212116258,0.7825852612715505,0.7661856764345378,0.7852534842560476,0.8619071493131522,0.8507189662457295,0.9135538318452916,1.2754440743950306
2018-02-13,0.9409095911561933,0.753973276176204,0.8847250243931105,0.782670923950782,0.7685519682771667,0.7880253485960413,0.8658415441167875,0.8547104529459358,0.9177693490752727,1.281467130640352
2018-02-14,0.9409095911561933,0.7567580082715705,0.8856697845520062,0.7853927662104556,0.7706652498204376,0.7895764975022906,0.867988438682149,0.8600384244364866,0.9242884925598103,1.3002863005763556
2018-02-22,0.9409095911561933,0.7673721041370851,0.9006283117511343,0.7979606971985523,0.7827165476446291,0.8046363285734907,0.8834324297279721,0.8768229802070272,0.9454261234102076,1.3263956958922185
2018-02-23,0.9409095911561933,0.7724134158284514,0.9024123116542521,0.8006255617730617,0.7837161740447494,0.8072754421306059,0.8857484041022022,0.8793247862247564,0.9515641714036346,1.3339195794226741
2018-02-26,0.9409095911561933,0.7895029757530533,0.9265964296042104,0.8197676482345814,0.799402342335631,0.8232503041652486,0.9038358297860526,0.8949853057158146,0.9720595260851366,1.3583486955191828
2018-02-27,0.9409095911561933,0.7946623724906443,0.9334846725561807,0.8230505388780315,0.8027861211057713,0.8235392537980544,0.9020631070953367,0.8910307996605027,0.9670678932966226,1.3421524675103338
2018-02-28,0.9409095911561933,0.7946438981845559,0.9410928085444883,0.8273664155219389,0.8050322408181482,0.8253546061592792,0.9042175879677148,0.8939450784716273,0.9689789502721888,1.3429215541119282
2018-03-01,0.9409095911561933,0.8151299307110158,0.9577081219828135,0.8404917651335262,0.8169880682903865,0.837304582358384,0.9157064860529434,0.9023829798130801,0.9789778011779268,1.3490272134047427
2018-03-02,0.9409095911561933,0.814800984802073,0.9527551539994995,0.837792645297722,0.8154438651990018,0.8332966380511906,0.91121049508065,0.8987310183062677,0.970921871117192,1.3355585263882241
2018-03-05,0.9409095911561933,0.8214907563224518,0.9606507127147612,0.8443604459303119,0.8217868662132534,0.8363766368908571,0.9145405756371086,0.9013761410663929,0.9677828464625302,1.324556562619258
2018-03-06,0.9409095911561933,0.8260983085279454,0.9668383527185315,0.8531741497472821,0.829179864653231,0.8454552642960291,0.9248551704063911,0.9131294664588625,0.9827533358993544,1.3472855241344381
2018-03-07,0.9409095911561933,0.819302676745388,0.9601086152800673,0.8463658693676002,0.8250025576409322,0.839474400501561,0.918906718002413,0.9068299831838874,0.9745393629689388,1.3305854752068371
2018-03-08,0.9409095911561933,0.8246165786114104,0.9648606297049103,0.8517608744808663,0.8303854611147217,0.8450723043503781,0.9254819470197934,0.9137437988445968,0.9806051545831392,1.3390353033189397
2018-03-09,0.9409095911561933,0.837558441011901,0.984253606498645,0.8662146342941573,0.8431671707061653,0.8585940894663877,0.9377626094686142,0.9247284729505825,0.9879389193830909,1.3495414154955823
2018-03-12,0.9409095911561933,0.8524022191842571,0.9992049375781372,0.8795027785199416,0.8530250596308494,0.8708677596937748,0.951248420644501,0.9377093535484966,1.0036288617475704,1.367148104953385
2018-03-13,0.9409095911561933,0.852437435610313,0.9933636482762377,0.8748087807021842,0.8498149010333833,0.8660316768935074,0.9470945690911776,0.932723748618183,0.9992829121117192,1.3571845630583177
2018-03-14,0.9409095911561933,0.8408937357802424,0.9813862486134844,0.8651298211403562,0.839688001092652,0.8561542669708451,0.9372330411644137,0.9256231022923607,0.9964696030560976,1.3563217016217894
2018-03-15,0.9409095911561933,0.8267227533183495,0.9781867883175025,0.8611694999437658,0.8385141224612284,0.8541576852776303,0.9357020497398221,0.9221069569552376,0.9954612272611583,1.3514469711579935
2018-03-16,0.9409095911561933,0.8283637283783912,0.974223198893263,0.8599967736587022,0.8354367385731242,0.851604775572051,0.9337820724186349,0.9207419452060047,0.9894890422141519,1.3439173224199816
2018-03-19,0.9409095911561933,0.8326132343820021,0.9785026053915733,0.864624063751498,0.8375729496085205,0.853774938063847,0.935222145294041,0.9190060075519936,0.9841232006693921,1.333968559013712
2018-03-20,0.9409095911561933,0.8312480448558318,0.9837849208939717,0.8660588751369722,0.83877888872442,0.8560397483523432,0.9370672128759518,0.9206542542602759,0.9868927446767429,1.336236898027228
2018-03-21,0.9409095911561933,0.8249037103890192,0.975229158778142,0.8592366861724948,0.8331130309105234,0.8508120716438099,0.9315872185576015,0.9152727374997077,0.983384198832841,1.3266972654609057
2018-03-22,0.9409095911561933,0.8327667544767752,0.979340558322343,0.857679679200367,0.832836065168229,0.850281785325468,0.9297712914563346,0.9143187325046505,0.9818947991673691,1.322298598208039
2018-03-23,0.9409095911561933,0.783442715515435,0.9341389874811465,0.8148116271497033,0.7912930190533181,0.8070611100562842,0.8815974303321147,0.8673446790947175,0.9308396113289504,1.2548098090201947
2018-03-26,0.9409095911561933,0.793371349141513,0.9549797162929162,0.8294488685662166,0.8032513826471492,0.8190292746264707,0.8930208336174035,0.8759556085166833,0.9407582229773357,1.2666522115089085
2018-03-27,0.9409095911561933,0.8162314672543434,0.982676452170203,0.8494285799610993,0.8244921812589585,0.8389619277013716,0.9134093506006146,0.8954386903743172,0.9592295963545813,1.286905529259337
2018-03-28,0.9409095911561933,0.8103515317509412,0.9836299248260131,0.8430331933859447,0.8197763852884601,0.8322328346074808,0.9045161819665041,0.8862561841716207,0.9488646827518823,1.267997969252529
2018-03-29,0.9409095911561933,0.8223349241728863,0.9878574198641622,0.848606986439709,0.825167848043316,0.8400201983360914,0.914107462593739,0.8939740709895907,0.9606248660085677,1.2914366523410388
2018-03-30,0.9409095911561933,0.8370130701237916,1.006763289535929,0.8638256963387736,0.8395857589288969,0.8530541829887441,0.9253654017882544,0.9040867900484852,0.9708534859663576,1.300550994055239
2018-04-02,0.9409095911561933,0.8384719127228002,1.0121020101700267,0.8706913907366578,0.8421671339885213,0.8563502394080629,0.92806369391697,0.9061388381925742,0.9747875613771801,1.3002834039387925
2018-04-03,0.9409095911561933,0.8362499440724597,1.0038933947116226,0.8636944215663587,0.8345060604293653,0.8486841214027941,0.9191389826090811,0.8972657336847147,0.9649383754588958,1.2837935639057432
2018-04-04,0.9409095911561933,0.8326464607150027,0.9986287534415219,0.856682476217738,0.8281684174257722,0.8435397628359578,0.9145167605809904,0.8927344987011012,0.9621324334661779,1.2763327361994306
2018-04-09,0.9409095911561933,0.8381315462512562,1.001797499241021,0.858288542595564,0.8298547991057235,0.8440060454105087,0.917316070088508,0.8914140597547039,0.9624281917557204,1.2804994254846536
2018-04-10,0.9409095911561933,0.8319964469140574,0.9969968081552116,0.8593409172084849,0.8310314972680547,0.8464623362342278,0.9206725913446765,0.8956627838540927,0.9678531240126812,1.2958670877359948
2018-04-11,0.9409095911561933,0.834576567766034,1.004299187175102,0.8610903150265287,0.8353268957707093,0.8517585517608979,0.9254478522967229,0.8976994929466277,0.9728535409105779,1.301460380416615
2018-04-12,0.9409095911561933,0.8256888794474733,0.9980708045023752,0.8570788074362873,0.830692470059006,0.8462143682553691,0.9192547936161757,0.8921021615596827,0.9663521523744236,1.2917030845957551
2018-04-13,0.9409095911561933,0.8248396604423149,0.99568126753091,0.8542018821164016,0.829768323533631,0.8440200291955465,0.9168989223587007,0.8894021948422766,0.962940154201761,1.286034388028324
2018-04-16,0.9409095911561933,0.8189966855788304,0.9977629115220551,0.8507988146415351,0.8276300940422813,0.8410698144524625,0.9126122853719708,0.8831377785509745,0.9573834615653555,1.269243068010501
2018-04-17,0.9409095911561933,0.7994716074247533,0.9789583021147983,0.8322427212600007,0.8091627234185336,0.8221815272672169,0.891451335554567,0.8638672160311243,0.9398836930052441,1.2485501551007943
2018-04-18,0.9409095911561933,0.8092290542847611,0.9908455225646333,0.8425612835762947,0.8200497406508428,0.8323650451427724,0.9013112853477317,0.8690710409858604,0.948842469027468,1.2543232028786873
2018-04-19,0.9409095911561933,0.8162071600259775,0.9916550185458801,0.8446964308608267,0.8199093613810471,0.8339978377436059,0.9049996545401231,0.874649922589683,0.956283582528145,1.2727375295355938
2018-04-20,0.9409095911561933,0.7940123077174392,0.9683396955375996,0.8277237701956747,0.8042369182144324,0.8171770177249357,0.8863608396979179,0.857139496217824,0.935596500610867,1.242597459428025
2018-04-23,0.9409095911561933,0.7904481484213935,0.9539871697383078,0.8198443975841125,0.7956910531288055,0.807775542811231,0.8813262794032117,0.852054322838791,0.9293287489899139,1.2385708970011775
2018-04-24,0.9409095911561933,0.8063966904711207,0.9713227515541175,0.8370503520412755,0.8126488882202201,0.8246891970257034,0.9015020536967236,0.8680170300021489,0.9494597974305004,1.2690876295304772
2018-04-25,0.9409095911561933,0.8061433365676041,0.9763753330226456,0.8424119597290757,0.8167438497227326,0.8268369858509194,0.9047164348778048,0.8692606762637168,0.9489635496659795,1.268961598142377
2018-04-26,0.9409095911561933,0.7921533507674144,0.9607874300079801,0.8260224491927863,0.801462227028202,0.8119841466482698,0.8879941153802905,0.8527895885912402,0.9353927683110179,1.2460271366107076
2018-04-27,0.9409095911561933,0.7885877147613021,0.9653851338968698,0.8251807754418427,0.8042894227187205,0.8134649128717919,0.8921684331980181,0.854784506665422,0.9346108908349627,1.2382917874956993
2018-05-02,0.846818632040574,0.777269148685683,0.9579830057241837,0.8204637075372563,0.799182548525108,0.8083642180558751,0.8917122681366636,0.8519520188878708,0.9356946366407195,1.2406364196674164
2018-05-03,0.8004176111068441,0.7873496127188725,0.9641784267927729,0.8267175626459389,0.8047535650550329,0.8169848851861063,0.8989427201675169,0.8593977506717729,0.9437678702284471,1.2531720439536993
2018-05-04,0.7941982997518449,0.78095216796631,0.9576339065025801,0.8201173440275387,0.7993907391473426,0.8125830487030783,0.8952190531981549,0.8546979895631955,0.9357824380338121,1.2447108201800634
2018-05-07,0.8043463891375628,0.7973160500817724,0.978451160977585,0.8348948452061091,0.8135993998563102,0.8274440631532167,0.9104993427816463,0.8686438047851924,0.9513669815846014,1.2653820156401232
2018-05-08,0.8290547806853978,0.8106132926373051,0.990577685135379,0.8422725025889627,0.8201067137667162,0.8321492373568024,0.9159776604379453,0.8743660945706414,0.9583608171671816,1.2707374968593423
2018-05-09,0.828172338130118,0.8134836532089814,0.9931602565828039,0.8459461876853627,0.8211363355151066,0.8314683690767173,0.9161524072354651,0.874284597501189,0.9578410926431328,1.2712273939651915
2018-05-10,0.8736181297270292,0.8219054428112026,0.9940380188301617,0.8514702919988019,0.8250942836183376,0.8366909877712106,0.9215124524412314,0.8769241415793383,0.9622259518714106,1.2803663453531462
2018-05-11,0.8347906572947168,0.8083006425827762,0.9770393781894885,0.8385176371576089,0.8137761615805673,0.8279366255670825,0.9100875460659014,0.8682888236744836,0.9563096824570464,1.2702908446842154
2018-05-14,0.848909738179194,0.8024491842600967,0.9686159775851456,0.8322866579823972,0.8067303231571848,0.8227278370457011,0.9055948459181233,0.8610448050016124,0.9523320370573284,1.2598296501318647
2018-05-15,0.8414089764593154,0.8139277544543007,0.9781841184736373,0.8416409638664071,0.8163934408673668,0.8319024196658218,0.9114896442815371,0.8688424126042692,0.9592691775846469,1.2723510619677938
2018-05-16,0.8546456147885129,0.8076196135949455,0.9681662983261584,0.8362028025437755,0.8112762277939528,0.8283503379030823,0.9093751429714564,0.8665962540596032,0.9515531084526065,1.2689344680119112
2018-05-17,0.8506746232897536,0.8033557335088518,0.9654889093008886,0.8338437838939864,0.8069146151247011,0.8238107731441584,0.907320299710589,0.8639592976912148,0.948315961014594,1.269456613415181
2018-05-18,0.8431738615698751,0.8102558048299351,0.9728758743733701,0.8365741628005151,0.8101389918916923,0.8265959970179231,0.9126569330085399,0.8677956537973002,0.9551332763143673,1.2818925063771451
2018-05-21,0.848468516901554,0.8190885980622069,0.9865906247485203,0.8453335165474463,0.8208755057662606,0.8355669890538722,0.9227392916630361,0.8782523518777358,0.9676973821120421,1.3003607470954162
2018-05-22,0.8581753850096321,0.8310695027004104,0.9910260451297747,0.847574793780582,0.826007939137716,0.838198722834617,0.9253955795397804,0.8814846058918061,0.969882457327083,1.2995258672325363
2018-05-23,0.884648661668027,0.8157962003539255,0.9800387947846142,0.8377772913141345,0.8158865924384562,0.8293302821866934,0.9142701545669815,0.8712133069048141,0.9565511896607767,1.270557864230262
2018-05-24,0.8727356871717493,0.8124302333721175,0.9817324209866111,0.8328863489339152,0.8129391903412402,0.8270794111494252,0.9126307246012734,0.8677912420608175,0.953378014999707,1.2680077405253962
2018-05-25,0.8484685169015541,0.815221221822294,0.9715261936716015,0.823442852932176,0.8048247105096765,0.8185684887514743,0.902522315749418,0.8581694448959394,0.9427263568905472,1.2543539562961472
2018-05-28,0.9331830022084175,0.8014652990471596,0.9560828951699805,0.8153199353470898,0.7948628159184397,0.8120976579101594,0.8930743019257876,0.854110868133125,0.933948631695645,1.2472614351757931
2018-05-29,1.0267219130680794,0.7936086124580004,0.950526920545073,0.8069293345325792,0.7856953945562041,0.8029898347965567,0.885398788463066,0.8462308552995622,0.9275034981179126,1.2369728849253172
2018-05-30,0.9702455895301704,0.7471019972020512,0.9126025602369611,0.7758918127055532,0.7571628800548644,0.7709014466235885,0.8556361406338161,0.8172077175593003,0.8956298722520109,1.1830534043552139
2018-05-31,1.0673142706109513,0.7593554262741735,0.9261894926165981,0.7867677592698221,0.7683415325207609,0.7825192837151397,0.8714097154231779,0.8311849078358892,0.9103372195936295,1.201500938363321
2018-06-01,1.0412822152301966,0.7515472412037566,0.913486450291504,0.7776670355892529,0.7588550302743181,0.7733983361247084,0.861000520642807,0.8222823730946386,0.9038254179429912,1.1987422970046449
2018-06-04,0.961862385255012,0.7497800572846877,0.9103646461277086,0.7737265342999572,0.757644520816338,0.7686425878915777,0.8588636462343873,0.8224249332197595,0.9021893296994689,1.2032002027749258
2018-06-05,0.9680394831419709,0.7625114093621468,0.9235514275097239,0.7862752118312258,0.768242022956553,0.7818003813014055,0.8699327573559391,0.8329769932316966,0.9120779358630544,1.215885030886241
2018-06-06,1.0412822152301966,0.763022707945097,0.9247746208467771,0.7879887055364161,0.7692052519900747,0.7801776193262586,0.870916711151144,0.8333244245788279,0.9142391443630815,1.2192330091008612
2018-06-07,0.9936303172450859,0.7517276643720734,0.9192389049636734,0.7810784741875881,0.7618006349483532,0.771188835386695,0.8630549290080969,0.8259876822456413,0.9093332330666621,1.2141887685573818
2018-06-08,0.9773051299724093,0.7366043282216362,0.9121269952247041,0.7697609118685336,0.7534533130771606,0.7615260705445235,0.851426908978998,0.814124731191492,0.8969379862053356,1.1984253894226808
2018-06-11,1.0752562536084702,0.735396009522399,0.9091129480224741,0.7645934358420671,0.7447622643379722,0.7545926076340345,0.8434405324023767,0.8080524399773673,0.8921239527469246,1.1933676258016637
2018-06-12,1.0756974748861101,0.7460112059526389,0.9172189913698912,0.7666611366663222,0.7493059278617181,0.7605604885356346,0.8500375714451737,0.8154815433304364,0.8958894808116346,1.2092544048720173
2018-06-13,1.0531951897264744,0.7318854385517667,0.9035190812108379,0.7535177190541206,0.7355586943250034,0.746561622051544,0.8354409533163841,0.8027306437401693,0.8807159274860873,1.1926294774269843
2018-06-14,1.008631840684843,0.7256177483655218,0.8975056044443135,0.7512648349051688,0.731189140973287,0.7425078944217064,0.8299793187883129,0.797565477810172,0.8785788086593272,1.1945646001642705
2018-06-15,0.9075921681053026,0.7049544917680867,0.8662961708933943,0.7322681915299188,0.7134399015104348,0.7250853370485605,0.8123231093198133,0.7765239899522552,0.8619867372885653,1.176612492738532
2018-06-19,0.8167005849114803,0.6467646109502944,0.8016783862801953,0.6814156920349627,0.6648710145513027,0.6735441570057663,0.7587557564611024,0.7227981142301017,0.8007075384332085,1.0996037428808398
2018-06-20,0.8105234870245214,0.6519040228697688,0.8077386748051191,0.6870571601503762,0.673076952631471,0.6797202825655594,0.7652213322524776,0.7297078325946252,0.8086749991494194,1.1150720543732262
2018-06-21,0.7297799932164174,0.6283643835874491,0.7801928503103537,0.6658465468623218,0.6547688363951458,0.6613531130345289,0.7479767771571443,0.7134645031405307,0.7936288296900492,1.0987855991209734
2018-06-22,0.7218380102188988,0.6359824416836682,0.788482089515367,0.6749892961335928,0.6653330103321434,0.6692998869861555,0.755638785133932,0.7222837403366358,0.8044161567669997,1.1165684462193697
2018-06-25,0.7222792314965388,0.635311362843468,0.7850277554634302,0.6736629493286507,0.6626387980213266,0.6675366350899945,0.7532891021383044,0.7183396845595226,0.7993332482999457,1.1090187380042436
2018-06-26,0.7386044187692158,0.6405833047507902,0.7980343031754827,0.6798812552015556,0.6693386044799682,0.6745888917189201,0.7586264772342174,0.7227780975616964,0.8014855779081129,1.1061812058546407
2018-06-27,0.7646364741499708,0.6363479627228512,0.7941478883081493,0.6749776862170771,0.6641389511698712,0.6706336255380044,0.7535956564424515,0.7185908290135931,0.7938159687305111,1.0973066135686396
2018-06-28,0.7284563293834978,0.6228846102871707,0.7835339565419217,0.6674068759334593,0.6569692457004086,0.6630618551161747,0.7446765459030096,0.7121556936959286,0.7859810327112599,1.08429066689357
2018-06-29,0.7496349507102136,0.6456606468041028,0.8079264692816426,0.6861833298140176,0.6766329235649993,0.6821233372023389,0.7638512524750789,0.731909912527687,0.8044986583936277,1.1108230237643613
2018-07-02,0.7394868613244955,0.640638421654742,0.7993619896265484,0.6786175329381247,0.667888404942199,0.6727356792037753,0.7538437507153284,0.7225412001164431,0.7892324454877369,1.087989844214466
2018-07-03,0.7606654826512111,0.6571508074758394,0.8150765017279249,0.6883603446020569,0.6756527633485421,0.6821481259155685,0.7625786638430986,0.7297803447520052,0.7957750098961385,1.0956647425943682
2018-07-04,0.7293387719387772,0.6374321340254749,0.7994300701521485,0.6743345506339911,0.6618228414319145,0.6698652221675903,0.7506435534868897,0.7185513176391584,0.7876225309721969,1.0831627395486034
2018-07-05,0.6909525207841049,0.6175554323111345,0.776969249287003,0.6573612157151909,0.6440940948686185,0.6508719668688542,0.7306895197396998,0.6989036226212364,0.7650919992793821,1.053677736621825
2018-07-06,0.6878639718406254,0.6199816514103008,0.7795763120381166,0.6599111965713312,0.6475764507574345,0.652727186917455,0.7320096014637926,0.701276874231416,0.7664825810681716,1.0563668162698272
2018-07-09,0.7037479378356623,0.6363273429573779,0.7951429833180609,0.6711187144827838,0.6588304836154159,0.6675013311335849,0.7472048284233521,0.7166938779721292,0.7846240350634994,1.0802390004701394
2018-07-10,0.735957091103376,0.6470924808497224,0.7999208918933279,0.6756811211167356,0.6626066838326855,0.6729947344750816,0.7519892189221655,0.7223150543146515,0.7922304236722495,1.0909784367198663
2018-07-11,0.7178670187201395,0.6305860820918927,0.7797870970498273,0.6594061365200005,0.6473569415713196,0.6568611480621415,0.7350926091351242,0.7067741971869366,0.7741067919188928,1.066694692978326
2018-07-12,0.735515869825736,0.6476895806562702,0.8004555932164564,0.6763210652425956,0.6641571407349557,0.6726687081677871,0.7521965080287925,0.7247801905194245,0.792779296890859,1.0899101979322834
2018-07-13,0.7280151081058575,0.6491990687625162,0.799927680045344,0.6783720510656699,0.6641675847762131,0.6744794303464563,0.7543605851795497,0.7296271086979612,0.7967843290132716,1.0977482991115264
2018-07-16,0.7222792314965384,0.6502094093070614,0.8015129594305077,0.6783552959670349,0.6635523165077442,0.674568633608894,0.7539189395328819,0.7309038531954883,0.7968607993445681,1.0969464787877883
2018-07-17,0.729779993216417,0.653026737752162,0.8075098685458916,0.6795932260350831,0.6659768925763268,0.6769985441160355,0.7537893118897242,0.731971802593156,0.796507761483983,1.095141798728881
2018-07-18,0.7372807549362955,0.6501116605673799,0.8037197855042811,0.6746902591041414,0.6637868469373723,0.6731865553587592,0.7511572073680703,0.7287810800878625,0.7926721994189763,1.0922606255055498
2018-07-19,0.7019830527251024,0.6425868190043643,0.7935793855249694,0.6656196582730894,0.6567197398391137,0.6646707031856339,0.7433393199849406,0.7229835527208817,0.7879231633568865,1.0862179589876726
2018-07-20,0.7125723633884604,0.6502138071030236,0.8032240566142614,0.6728081466903976,0.6645260191928928,0.6724473875067728,0.7508594244488622,0.7294769608551774,0.7958804942139002,1.0975713255308623
2018-07-23,0.7183082399977793,0.6562987921503756,0.8109892991720408,0.6785334528784533,0.6702485056845074,0.6765516684020478,0.7562138378510138,0.7349030903329214,0.8063219292995891,1.114501376161378
2018-07-24,0.7337509847151763,0.6659869690960517,0.8216792519079051,0.6873232931581337,0.6810766157402351,0.6880606589777866,0.7693888243090979,0.7476895414786605,0.8235691478032551,1.138063401771626
2018-07-25,0.7363983123810157,0.6642193924075707,0.8192938218934025,0.688811596554799,0.6817414411156951,0.6888597750243767,0.771252783500731,0.74996984765518,0.8262571062641095,1.1433566066866423
2018-07-26,0.7399280826021349,0.664560628995394,0.8201092890810128,0.6876610964583391,0.6794698147639608,0.6881412164055783,0.7716437914544386,0.7480327344669926,0.8258983050727601,1.1429512000420852
2018-07-27,0.7302212144940569,0.6581876061897936,0.80972433753455,0.6817533346837135,0.6732984544967625,0.6860966213707569,0.7697531843724349,0.7458764732696792,0.8245518031663296,1.145289452678872
2018-07-30,0.7178670187201392,0.6510592834275692,0.7935423944164338,0.6717544862340925,0.6629593905761413,0.6743451137389542,0.7608428514966467,0.7358071913456549,0.8179625757912058,1.1416593446086658
2018-07-31,0.7222792314965385,0.6550783672705903,0.7958103799704094,0.6731511608991095,0.6637796946680632,0.6746283577222544,0.7603918538108492,0.7370848452754394,0.8185299397664774,1.1429372400451263
2018-08-01,0.7213967889412585,0.6430408397581476,0.7820819037039647,0.6632275395876861,0.6530047748025793,0.6640508637394027,0.750102003680217,0.7260951799470152,0.8074275152321714,1.1249008771014424
2018-08-02,0.6772746611772673,0.6196394783241496,0.7595979374901571,0.6453976711564692,0.6356660894228322,0.6469043474282039,0.7328898525587324,0.7094988247171662,0.7910138293344435,1.104162974344767
2018-08-03,0.6530074909070721,0.6126088943913479,0.748668479901679,0.6383492769489293,0.6279901038945018,0.6396704133915946,0.724625746833914,0.7012687900072726,0.7845168962252023,1.0946966199600128
2018-08-06,0.6221220014722781,0.5963347818005442,0.735161603557762,0.6274801341952955,0.6160037699198955,0.6266391139684138,0.7107386427850956,0.6877649737542532,0.7721049701011758,1.079948521826495
2018-08-07,0.6309464270250764,0.6062666016208798,0.7537345723928313,0.6425172729453259,0.6317141733765048,0.6426279103978878,0.7289067437430472,0.7074735427675154,0.7941825025912573,1.1142756688879363
2018-08-08,0.6066792567548811,0.5987192111710228,0.7436860887017168,0.6333634945889031,0.6224341979363869,0.6334721685273692,0.7203192740610624,0.6985875451747274,0.7849319444424395,1.1077589154285594
2018-08-09,0.623004444027558,0.613479483804029,0.7620619582882264,0.6470004257548889,0.6372810893301379,0.6475009265842394,0.7331274011587846,0.7127818391693709,0.7987190112854812,1.1237172692127142
2018-08-10,0.6322700908579961,0.6177210490816003,0.765094066440904,0.649958760581309,0.6408515349240163,0.6517483624945949,0.736219481326594,0.7158689815347385,0.800888495546226,1.126474156134715
2018-08-13,0.6331525334132759,0.619489685746008,0.7664772881374052,0.6521166701052651,0.6434674480965827,0.6534088689746007,0.7356546892054273,0.7174370517397123,0.8031787174621591,1.1283185996893408
2018-08-14,0.6424181802437141,0.6171141145703675,0.7659295055554267,0.6511442573803419,0.6421781285934572,0.6528975254741088,0.7349412216285652,0.7172894728187866,0.8029822760207599,1.1284397287082144
2018-08-15,0.6282990993592369,0.6046116875812441,0.7497836280986544,0.6399089722441738,0.6290179322278836,0.641083214051992,0.7217683646949067,0.7041136008766178,0.787458663815498,1.1069760176942878
2018-08-16,0.6146212397523996,0.5977889863919583,0.7446083236144545,0.6328412131341945,0.6225077728329863,0.6349403376331053,0.7134186045839087,0.6970124782577404,0.7778004585744179,1.093224369205537
2018-08-17,0.6274166568039571,0.5908657441560808,0.7299981270127391,0.6229947942918147,0.6115121968707979,0.6227768424095665,0.7009111235902195,0.6859884017664161,0.7653541165302824,1.0795506276206914
2018-08-20,0.6005021588679224,0.5946701396432692,0.7358414133793995,0.6261549834005609,0.615392834876054,0.6255115226317403,0.7037834257710617,0.6881858487040144,0.7701816838915172,1.0870265006178692
2018-08-21,0.597413609924443,0.6041920396284923,0.7445664602916338,0.6316775567392067,0.6217864147447119,0.6322098086382653,0.7129685848273879,0.6968104233430453,0.7789755893719187,1.0983605209921457
2018-08-22,0.5894716269269246,0.5984822854420653,0.7360136550334141,0.6261164293943602,0.6138690514804813,0.6245522490068298,0.7068264479839471,0.6897414049180064,0.7711306828619966,1.0898012374181414
2018-08-23,0.5969723886468031,0.6037055568006506,0.7393147814987941,0.6300024991809826,0.6179398052185827,0.628880770548568,0.7093883656440422,0.6933062516968843,0.7726753793033425,1.0890856494355163
2018-08-24,0.5960899460915233,0.6010010019763362,0.7351762052285523,0.6274783177505144,0.6156858455289349,0.627423049650851,0.7077678689761818,0.6912709554246012,0.7712531677236202,1.085631020427402
2018-08-27,0.6053555929219615,0.6128128572460733,0.7504244097337054,0.6402534573257349,0.6282421532573517,0.6404526224450975,0.721521757657929,0.7050700461041266,0.7858576898418371,1.104650601713332
2018-08-28,0.6049143716443216,0.6131227500852549,0.7517720894173967,0.6413159693081875,0.6294219635539073,0.6422823785891175,0.7217542346124788,0.7065329684002141,0.7878713063431552,1.1030214442927364
2018-08-29,0.602708265256122,0.6114792945250389,0.7493736109489202,0.6392829944891132,0.6263132632498082,0.6385144321696581,0.7194609115022004,0.7029885049089759,0.7834678196733196,1.0947408304534791
2018-08-30,0.5868242992610851,0.6032598255959934,0.7346212367267569,0.630117809898541,0.6167444279418999,0.6288580389314903,0.7094368290652195,0.6925364564113083,0.7710858531035928,1.0794901308512737
2018-08-31,0.5652044566567294,0.5948153684545308,0.7246630963044856,0.6229849358335295,0.6105175506372219,0.6224576878546878,0.7025747292314344,0.6860790980833217,0.7634859229073321,1.0700519350479814
2018-09-03,0.582412086484686,0.5927776242907914,0.7220099103947326,0.6224192654185755,0.6102599280775809,0.6231087166801466,0.7029925241553874,0.6856359030765371,0.7630973092040492,1.0644499149359927
2018-09-04,0.5837357503176057,0.6003090549476744,0.7321379912797594,0.630997045819418,0.617637764485646,0.6303517071111356,0.7103793573114607,0.6920726995306102,0.7697827325732033,1.0752660581744318
2018-09-05,0.5806472013741263,0.5928785660704042,0.7220105029900394,0.6235066516705373,0.6094600615327339,0.6212562375146047,0.7005842427273903,0.6815939145546659,0.7568161391450127,1.0587864460294782
2018-09-06,0.5837357503176056,0.5967450633042228,0.7214461457735909,0.6220689425824084,0.607624157580007,0.6186165103607209,0.6982093318081035,0.677818245734385,0.7521114465264102,1.0547105897515252
2018-09-07,0.5757937673200872,0.5939871672391199,0.7232660939885602,0.6235530333584207,0.6082559209947095,0.6189466332762489,0.6998995811614555,0.6800544301723709,0.7556686092763858,1.0607639889745368
2018-09-10,0.5607922438803302,0.5793885921714614,0.7072594327818639,0.6122136217665917,0.5964887341635527,0.6075570776067084,0.6880495803272606,0.6674733354339498,0.7411096862480245,1.0435897943255665
2018-09-11,0.5634395715461696,0.583814011669428,0.7110117378671795,0.6147956426561774,0.5993088685491985,0.6091948986071162,0.6888825493509786,0.6676715941935597,0.7402348425720835,1.0329635426447612
2018-09-12,0.5647632353790895,0.5848849874023262,0.7142030610181883,0.616431066460191,0.599465449557858,0.608846579673865,0.6888736231209299,0.6662399611226959,0.7394278236449094,1.0297327276481214
2018-09-13,0.566969341767289,0.5903548661387392,0.7211491979153162,0.6217140293665071,0.6038967998505604,0.6142259140011772,0.694539562981443,0.6729785910871457,0.746356502458188,1.0373441102325172
2018-09-14,0.5665281204896491,0.58194968164276,0.7135396380176082,0.6159767671463087,0.5985207165396842,0.6091011811616732,0.6891340408022076,0.6675844518088921,0.7424488779067917,1.0342910283327424
2018-09-17,0.5727052183766079,0.5705118736722073,0.7009648206811401,0.6078702193072583,0.5900875338893838,0.6002262242778243,0.678984698312376,0.6581393265906726,0.7303393752086068,1.016702676260678
2018-09-18,0.5669693417672891,0.5773954134378981,0.7125593951018737,0.6173546655258414,0.5994739168151857,0.6103289355585976,0.6909817892878387,0.6694555238635791,0.7442816028774919,1.0371919162724297
2018-09-19,0.5660868992120093,0.583245728620057,0.7214837621049088,0.6233957857108091,0.6065154706621951,0.6173887267492946,0.6979186118541258,0.6776006025966786,0.7540850689575458,1.0451700476618575
2018-09-20,0.5682930056002089,0.5809311642565772,0.7189709222270736,0.6221028743554297,0.6048312774917771,0.6164825254407793,0.6972341887752526,0.6764528168649778,0.7528251798098076,1.0444205876901422
2018-09-21,0.6252105504157578,0.58792428990086,0.7268637381635701,0.6281683936540193,0.6118349644259939,0.6241774071030377,0.7055912235061885,0.6848002842925457,0.7623749799354615,1.0609708204433463
2018-09-25,0.6437418440766342,0.5876867872832857,0.726408999726405,0.6245478563195336,0.6091994826525488,0.6211978974381295,0.7027026936410184,0.6832732622034122,0.759200980920927,1.0579318360858534
2018-09-26,0.6305052057474368,0.5872066635008246,0.727963010698691,0.6263270354570349,0.6110251048557223,0.6227603363891819,0.7046175884220985,0.6873507155450879,0.7628186230556341,1.060093259227819
2018-09-27,0.6402120738555149,0.571870509543074,0.7132008750966488,0.6134396734963043,0.6005050764000083,0.6111811778440741,0.694624133267761,0.6796618827309504,0.7533185503148343,1.0493566961151413
2018-09-28,0.6265342142486776,0.580923134862448,0.7199631660697609,0.6178161867410026,0.6051281187974733,0.6165745945033879,0.7003782576735678,0.6867354963938636,0.7606810313935087,1.060418672474253
2018-10-08,0.5903540694822047,0.5633349073033456,0.6962208732138119,0.5968172501607941,0.5840250751631848,0.5965427651818613,0.6788131000232251,0.6674954872195912,0.737602897787735,1.0305739546850887
2018-10-09,0.5991784950350029,0.565374098729286,0.696435391859039,0.5972875776345984,0.5840516555416886,0.5976629506084745,0.680234138552494,0.6688154741259679,0.742195042388013,1.0395082285768358
2018-10-10,0.5956487248138835,0.5670027308369433,0.6993778292781803,0.598733056233516,0.5850739382346074,0.5983950931590416,0.6817355499026285,0.670547751384978,0.7431826244761075,1.0462789184191545
2018-10-11,0.5360838523324951,0.5198296297648245,0.6414104506270649,0.5529099357635159,0.540227371682929,0.5541965969299596,0.6341669232848189,0.6263742039300038,0.6906911918169732,0.9763572738140829
2018-10-12,0.5374075161654148,0.5109744998561653,0.6340910761157983,0.5461514448503926,0.5345943935300913,0.5502504788106765,0.6295900977860425,0.6241254363452627,0.6915071586225294,0.9765373142154851
2018-10-15,0.5343189672219354,0.5055765289176143,0.624946307463356,0.5394489793048126,0.5283222434472159,0.5434067492716799,0.6195836277022402,0.6152158251733411,0.6807228494686137,0.955785147264386
2018-10-16,0.5250533203914972,0.4969733155206023,0.6127174856300107,0.5282914389325498,0.5175304583319659,0.5326205869690518,0.6055887432915842,0.6025247275998414,0.6678728144886058,0.9354995059230465
2018-10-17,0.515787673561059,0.5063265448624502,0.6201496067394571,0.5340297184864509,0.5228093127078716,0.5369829261360974,0.6096954554258703,0.6052500562109272,0.671198299166942,0.9440810772805092
2018-10-18,0.47740142240638656,0.4909403695102885,0.6010260636629873,0.5187101146359007,0.5073349206778015,0.5207019918015534,0.5908530123807346,0.5868928025933455,0.6489618709377644,0.9091903851219798
2018-10-19,0.49019683945794407,0.5018432318434114,0.6165477469345244,0.5300766234229876,0.5188944386143401,0.5319307903176934,0.6027861284277486,0.5978347357557391,0.6620251289472255,0.925527589379268
2018-10-22,0.5241708778362174,0.5272940037146552,0.6477937435973341,0.5540077133242304,0.5441687639864208,0.5579216196360549,0.6313645200506943,0.6257202315247061,0.6936088378790047,0.9713906232848238
2018-10-23,0.5179937799492587,0.5238974597169193,0.63904233189514,0.5488725123220629,0.5369285792977201,0.5496791381784378,0.6225447019794711,0.6151899686631076,0.6819222702700284,0.9573575303225554
2018-10-24,0.5294655331678964,0.523406782784419,0.6397035354819137,0.5497740563727176,0.5375453730876106,0.5498675559109546,0.6238094507323316,0.6159542669110294,0.6836706462008425,0.9575770055078912
2018-10-25,0.5144640097281393,0.51939729619495,0.637099802575282,0.54691687763594,0.5356203417556438,0.5467205522852286,0.6208787202501982,0.6115256134699923,0.6795520382218486,0.9506682830801413
2018-10-26,0.5219647714480179,0.5240364173646455,0.6406407189164092,0.5496755486353203,0.5376226682861365,0.5497881545459566,0.6235343569950635,0.6136062308338207,0.6827458737459918,0.9583427462761642
2018-10-29,0.5082869118411806,0.5237851757994141,0.6331584998844597,0.5436821650886565,0.5304699209108832,0.5419582212947113,0.6147940657499967,0.6030643155667486,0.6713015165904943,0.9403588466227646
2018-10-30,0.521964771448018,0.5316456080532567,0.641354623822751,0.5486335910861306,0.5364985188950468,0.5478670396088088,0.6206895024786029,0.609231252848871,0.6787427086520302,0.9528733538979616
2018-10-31,0.5246120991138575,0.537998453610363,0.6491657227833257,0.5556770142797148,0.5447053110807086,0.5562829889688913,0.6297324226659171,0.6188594301104223,0.6906387303477625,0.9683992955257607
2018-11-01,0.537407516165415,0.5420132521011597,0.6531770400310514,0.5585522413069587,0.5470780851411001,0.5596304081886416,0.632814613993615,0.6204186633569894,0.6931770824275738,0.9702736460337469
2018-11-02,0.5471143842734931,0.5528114380736464,0.6713789972499487,0.5727646714340863,0.5623922884237625,0.5745812401588736,0.650146282053536,0.6371931885095211,0.7116882039968935,0.9934883940207154
2018-11-05,0.5638807928238099,0.556964810397175,0.6795612887595324,0.5773221838111745,0.5656709575024995,0.5795868983355775,0.6554374721439911,0.6412349706292442,0.7142195489609723,0.998743359551695
2018-11-06,0.5554975885486515,0.552904731951824,0.677555381861101,0.5758335144823702,0.5653525143884808,0.5788548682559324,0.6561653928548707,0.6427270314499786,0.7139142151654873,0.9985038463464324
2018-11-07,0.5647632353790897,0.5515593674505597,0.6768046886740927,0.5739946622378895,0.5638249795534339,0.5776604412605038,0.6541324759243285,0.6405207249318546,0.7114179279272402,0.992370752997135
2018-11-08,0.5669693417672892,0.5517926448014758,0.678138961781172,0.5738245360910114,0.563514006485044,0.5779720738990957,0.6527183489991057,0.6382029227331849,0.7095417174343785,0.9917998555180576
2018-11-09,0.5700578907107687,0.5509155816649156,0.6756217280448739,0.5739623239435703,0.5633094063475158,0.5789010026844676,0.6508000995363338,0.635307994136516,0.7060015502415599,0.9878983127124068
2018-11-12,0.5815296439294064,0.5674459135787718,0.6999780651553518,0.590899166546609,0.5812917932372905,0.5961198288445243,0.6676700308780663,0.6510268547639554,0.7237125451323668,1.0094870532493818
2018-11-13,0.5956487248138836,0.5777135929702278,0.7155720767136587,0.6048945874772536,0.5931992443571614,0.6080029479750109,0.6805025651524041,0.6618791885257674,0.7354004044700935,1.0277450412918991
2018-11-14,0.6057968141996016,0.5800546823495781,0.714910403991438,0.6043146290197358,0.593311660281727,0.6068593146372715,0.6796128751904852,0.6616095965520453,0.7355549962757217,1.0245677034469247
2018-11-15,0.6181510099735192,0.593058753716274,0.7268926919291531,0.615763693044647,0.604583605543947,0.6178361931463516,0.6904543540145774,0.6709920103174417,0.7467380718032396,1.039288994162342
2018-11-16,0.6485952781306734,0.6013417956305354,0.7336326376459725,0.6225201243385593,0.6113603389155421,0.624958048410169,0.6981291404672112,0.677127885724836,0.7536830600120421,1.0462870947576606
2018-11-19,0.6485952781306733,0.6057633137425764,0.7334044145537951,0.6250134879980296,0.6153479270958395,0.6283428438673908,0.7006173200532563,0.6821822959169714,0.7601343600407341,1.051347856554306
2018-11-20,0.6927174058946647,0.5900297526643237,0.7117867726964596,0.6081240436320378,0.5991104442586571,0.6108114480146665,0.6813224514276965,0.6637009746332305,0.7421154032317254,1.0255545573862133
2018-11-21,0.6794807675654674,0.5954778307032346,0.7196586690248263,0.61532606446749,0.6036702611892631,0.6156193851071506,0.6861181971982268,0.6688087297749321,0.7458470772271449,1.0310547468105156
2018-11-22,0.6530074909070726,0.5969517633079404,0.7205887820525613,0.6179681216705998,0.6046492314657333,0.6166041154071707,0.6870678639525026,0.6695133488877352,0.7442068750047645,1.0294325115681822
2018-11-23,0.6088853631430812,0.5713638006824223,0.6878704528123972,0.5916814243015166,0.5786820937351232,0.5896177027962346,0.6581419748012591,0.6426222497611779,0.7143158506629792,0.9843903613533869
2018-11-26,0.6300639844697971,0.5686065801045526,0.6848586245610367,0.5907554460026938,0.5775561624706378,0.5888529544683566,0.6574870828769654,0.6407079078381385,0.7128961373936346,0.983189542528363
2018-11-27,0.6256517716933979,0.5755573812264396,0.6919968617565991,0.5973148408093807,0.5827920249128258,0.5938814544112385,0.6620425209230844,0.6447242257616468,0.7159451964667768,0.9912433593469716
2018-11-28,0.6212395589169987,0.5844044574191721,0.7031931435591036,0.6033805452817596,0.5893750508336518,0.6007590458920532,0.6697094663747278,0.6499196721631139,0.7239382796552752,0.9951672066289277
2018-11-29,0.5996197163126429,0.5672004199871369,0.6834463013851562,0.5867241649507059,0.5748444390411017,0.5871491451732295,0.6549661419263164,0.6375405436370547,0.7085708563247958,0.9763248646015102
2018-11-30,0.604473150366682,0.5717511035547492,0.6904347804299873,0.5896808995148973,0.5785384350848702,0.5905080161311619,0.6591524026772779,0.6412726376173276,0.7140599947094385,0.9832760342947611
2018-12-03,0.6119739120865606,0.5920514719686252,0.7126072643268445,0.6082339385304621,0.5968289459208319,0.609583731945508,0.6786775103227026,0.6600547461873485,0.7342840175522615,1.010179313353733
2018-12-04,0.6071204780325216,0.6005153831466334,0.7197783887585962,0.6131657260290779,0.6017150573038966,0.614182093371793,0.683957378770775,0.6667812990708658,0.739480802075812,1.022766259371944
2018-12-05,0.5899128482045648,0.59612046843281,0.7130878371908178,0.6078650790075825,0.5970536713951907,0.6089361438321321,0.679882833460513,0.662526347690851,0.7331829700758511,1.0137993737366169
2018-12-06,0.5713815545436886,0.5899235606760527,0.7015985606549857,0.5974815354117429,0.5850896878649557,0.5975955653527166,0.6687342788098466,0.6522536585343035,0.7222894804737131,0.9978019706723162
2018-12-07,0.5744701034871679,0.5955711330188946,0.7033840944219514,0.5997755824029617,0.5853736456708138,0.5980382993037293,0.6690699458566378,0.6514539826043946,0.7243091940159303,0.9990908568371855
2018-12-10,0.5599098013250506,0.5856277051260983,0.6958603783281829,0.5921556734541256,0.5795734422127627,0.5909369520805843,0.6615349086416966,0.6437407828167921,0.7153514206085827,0.9893044427112399
2018-12-11,0.5665281204896494,0.588708661287864,0.7052125264869331,0.5978978953898049,0.5851557479531837,0.596665304609786,0.666336939019042,0.6481064306082386,0.7200872664481061,0.9930627719523826
2018-12-12,0.5647632353790897,0.5878351006630725,0.703905694852385,0.5975436872602863,0.5854109228125888,0.5968660188809569,0.6668228162389025,0.648233752215394,0.7220429196871042,0.9924282861311998
2018-12-13,0.5709403332660483,0.5961561665648567,0.7108087831523119,0.6018076717933012,0.5903364268694649,0.601765272946711,0.6735461015955547,0.65462701444002,0.7299160458691234,1.0015453923912099
2018-12-14,0.5471143842734931,0.5845578266031842,0.6894978819186119,0.58590499798562,0.5745505264509781,0.5862075416328488,0.657171057070102,0.6409128325792297,0.7143211891236125,0.977813746576209
2018-12-17,0.5427021714970941,0.5863590557333009,0.6908406877637939,0.5859424821391085,0.573685477805823,0.5865478135872466,0.6564767065940241,0.6409036375946032,0.7159238420577757,0.9763681045374273
2018-12-18,0.543584614052374,0.5802037089589241,0.6873128749021343,0.5822795260134698,0.5701605162835492,0.5827297013739683,0.6530511270525112,0.6369101646979978,0.7110756067747284,0.9713574870844038
2018-12-19,0.5382899587206951,0.5745674611899497,0.6776077008922197,0.5749827019971208,0.5621748703662582,0.5756343556962499,0.645559165968143,0.6297349431132494,0.7044844307672389,0.9598188904138938
2018-12-20,0.5431433927747342,0.5790215767393531,0.6817113078644957,0.5786046468754762,0.5661916866425952,0.5784476985622335,0.6474671384548337,0.6313577556453724,0.7050100896508762,0.9635891440626696
2018-12-21,0.5572624736592114,0.5732716003197196,0.676550423495765,0.5740226519274866,0.562508663539335,0.5744757746262363,0.6426436964778175,0.6255360308196796,0.7001678342837788,0.9533340408585715
2018-12-24,0.5863830779834458,0.5798053963418287,0.6843433712093128,0.5793476523720438,0.5678911797076953,0.5795728711138245,0.6479348844524213,0.6304587584011254,0.7053481833619287,0.9566076963001375
2018-12-25,0.600943380145563,0.5750469581160721,0.6763925993335794,0.572796517292377,0.5623738693120127,0.5741640824963733,0.6405773906226021,0.6233803377070698,0.6973296562946103,0.9457153810952043
2018-12-26,0.5921189545927649,0.5749631024536522,0.6757740478069342,0.573277925345099,0.5616615036054331,0.5742615267301576,0.6399666639565239,0.6223872166991483,0.6969726967722155,0.9483655187969057
2018-12-27,0.5660868992120098,0.563996335850995,0.6626895674166329,0.5646479973792845,0.5536935698690025,0.5636271188657594,0.6322318120190499,0.6140143101932442,0.6877795101608299,0.9339901610996334
2018-12-28,0.5572624736592116,0.5605181897692854,0.6622582130463063,0.5665508600975095,0.5541548216254628,0.5639757680944311,0.6349527358063893,0.615385015516805,0.6894275631797568,0.9340399692417908
2019-01-02,0.5603510226026909,0.5579698676570769,0.6632851006843403,0.5669978124108849,0.5527925091994883,0.562934823253079,0.6331599772134239,0.6135254330449499,0.684771390800398,0.9277008550561624
2019-01-03,0.5471143842734935,0.5538268630536192,0.6591555513735513,0.5640293758356284,0.5491819162679481,0.5600455412517052,0.630670031591834,0.6099136345580957,0.6829914985960012,0.9239249923735176
2019-01-04,0.5554975885486518,0.5657631110706356,0.6783475854678201,0.5780678112971649,0.562586707888584,0.5743259903071507,0.645489148544745,0.6227682035943872,0.6983554227784069,0.9449130660032219
2019-01-07,0.570057890710769,0.5851126699040875,0.6963650205921635,0.5921945369128575,0.574376588382567,0.5865241361746992,0.657341673092994,0.6336286668494857,0.7107881941211709,0.964148807738744
2019-01-08,0.5669693417672895,0.5865539757257608,0.6957175290026553,0.5917987305630498,0.5733971007930956,0.5863928857545574,0.6579964272446007,0.6335299681912517,0.7090826077405687,0.963731649057069
2019-01-09,0.5832945290399664,0.5872123111875603,0.6984300045137852,0.5926048037244912,0.5752951929091796,0.5885116423541122,0.6596195746660921,0.6357707994788935,0.7098578774778298,0.9693956677288581
2019-01-10,0.56476323537909,0.591526969165306,0.6999544317176386,0.5912879912060187,0.5750517238199412,0.5879567447313768,0.6582730562017041,0.6350962427847975,0.7078344982885145,0.9660329755077302
2019-01-11,0.5634395715461702,0.5987462100595098,0.7069241342181133,0.5955132976928587,0.5791228244765205,0.5923506752903791,0.6626748753505475,0.6402888410681336,0.7130190673624159,0.9708059211186623
2019-01-14,0.5506441544946127,0.5932459129768008,0.7048724582658767,0.5929219989059101,0.5755211627308207,0.589231496183544,0.6600202964645284,0.6403847439603063,0.710439929361072,0.9717665953094445
2019-01-15,0.554173924715732,0.5978435524968841,0.7156442600501624,0.5991823158875955,0.581617694107772,0.5962210235880341,0.6676863049612027,0.6470759577535997,0.7184534940270448,0.9803517261061269
2019-01-16,0.56432201410145,0.5958480242783794,0.7134383900531168,0.5972678760849846,0.580096400872044,0.5942486948050253,0.6666544690602327,0.6463025888108597,0.7174881273864666,0.9802029607418217
2019-01-17,0.5506441544946127,0.5853761152818587,0.7060284152037216,0.5904253343996068,0.5730839041123474,0.5887674429239624,0.6605256950591786,0.6417691138320001,0.7133417412589856,0.9785039407626415
2019-01-18,0.5537327034380921,0.5853969954269199,0.7049614748241834,0.5917227598253626,0.5757636810526092,0.5911916618445548,0.6641429125686197,0.6469977158782413,0.7196215296789655,0.9911227022384561
2019-01-21,0.5550563672710118,0.5902975166977209,0.7126426591665577,0.5956548264817094,0.5792670472695896,0.5944246280793067,0.6674663377854446,0.6500120705783228,0.7243765822358731,0.99457964908027
2019-01-22,0.5444670566076538,0.5827334969561416,0.7072280248422238,0.5900962245302059,0.572935663722437,0.5882357211464957,0.6611904669590694,0.6444234056953455,0.7162656919394802,0.9834809292487035
2019-01-23,0.5457907204405736,0.5824578007634632,0.7132694861411875,0.592069293796476,0.5739280648284678,0.5896231226415501,0.6618393040205119,0.6463690867182053,0.7176425613223437,0.9876905585476407
2019-01-24,0.549320490661693,0.5836589022472024,0.716983800191548,0.5959443662141126,0.5772037055255387,0.5918454509851254,0.6646185320211933,0.6481474781355763,0.7197516660208647,0.987498807783853
2019-01-25,0.5471143842734935,0.5763275356127987,0.7126051817558913,0.5907629469515393,0.5733933951044832,0.5877491904291038,0.6609385043884677,0.6453153017074271,0.7170592706016828,0.9805372647327263
2019-01-28,0.5656456779343699,0.5681072373855623,0.7054958969224495,0.5862280265358892,0.570174913062519,0.5840804492328451,0.65613753406521,0.6418436475314335,0.7142917190764406,0.9734008968180609
2019-01-29,0.56520445665673,0.5579052570640528,0.689071285109152,0.5747615996179716,0.5579829097701762,0.573278755062072,0.6463787566810653,0.6324521645811269,0.7059493720611206,0.9618943642791944
2019-01-30,0.5638807928238103,0.5520396058598692,0.6736102402390676,0.565869960479366,0.5498603390272966,0.5657209906172614,0.6379832353779584,0.6237998913446768,0.6969670328322418,0.9494575823012883
2019-01-31,0.5704991119884091,0.5450278082930117,0.6632053014097965,0.5556851386891647,0.5404204380461809,0.5578237782743746,0.6287373894757122,0.6138311232587393,0.6884734144482358,0.939170987783537
2019-02-01,0.5947662822586044,0.559723214019365,0.6806770646358219,0.5716577112219585,0.5554413025436403,0.5733357992310919,0.6438631277131737,0.6280780376507488,0.7050231807277001,0.9604761850897499
2019-02-11,0.6049143716443225,0.5729043214700817,0.7009972147377448,0.5869370519721321,0.5717881093873307,0.5880315626479173,0.6596232286989085,0.6444567900852991,0.7219856859142876,0.9804646916683498
2019-02-12,0.6159449035853204,0.5784210188104966,0.7106434032995637,0.5955332898577405,0.5794763302353092,0.5956301280704615,0.6693727095352138,0.6531137557544999,0.7286202825424015,0.9906295547961664
2019-02-13,0.6468303930201144,0.5874898826856745,0.7240139459149476,0.6058981585873614,0.5901568033943295,0.6057176104285988,0.6799359440830731,0.662720430707848,0.7398487203215788,1.005082477327643
2019-02-14,0.6419769589660752,0.588529361583303,0.7294959778654664,0.6098411551628791,0.5931864817120209,0.609022922514788,0.6843931719350379,0.666070024563399,0.7417809935845515,1.0084969807281323
2019-02-15,0.653007490907073,0.5882739117841763,0.7302383898931508,0.610709983432653,0.5917569802489551,0.608399087482407,0.6834415998944917,0.664666134883585,0.7383899622579182,1.0006111787111467
2019-02-18,0.6772746611772683,0.606872305110344,0.7581886276080446,0.6312833298720507,0.6123806206083678,0.6287298293416611,0.7067303140680348,0.6857725689018136,0.7592902830773937,1.0314900218376626
2019-02-19,0.6574197036834722,0.6087225958833689,0.7648107425922147,0.6326736324346122,0.6151001888752515,0.6301056534276321,0.710273966526992,0.6866365874133256,0.7605625411887147,1.0322437935951259
2019-02-20,0.6927174058946654,0.6115619757062521,0.765531010519169,0.6352004397015483,0.6166369899695325,0.6304294184767748,0.7136196920242551,0.6883885180146446,0.763470520342417,1.0389990359062418
2019-02-21,0.6860990867300666,0.6156379373440317,0.764674261112751,0.6354113075709027,0.6155163023927175,0.629675855884096,0.7130240269832889,0.6854824289843475,0.7605806990843572,1.0314158939811593
2019-02-22,0.6816868739536674,0.6311352692098503,0.7850222317896588,0.6500306481016479,0.6301079106738309,0.6437095012738085,0.7273584692773656,0.6975533636040412,0.7742382313318428,1.0482379248047007
2019-02-25,0.7090425931673421,0.6620444220415425,0.8275921927444786,0.6819498692782731,0.6612478405559956,0.6755325194780948,0.7622285719606408,0.7307200990802856,0.8111849328108923,1.0994303198072104
2019-02-26,0.7037479378356631,0.6607760778309073,0.8274526677595903,0.6806931191573363,0.659387544681001,0.6734750040510153,0.7597292443031592,0.7274071540590465,0.811893174871554,1.1035450515653953
2019-02-27,0.6971296186710645,0.6633608083497773,0.8223151152582151,0.6782919549402022,0.6581796224635192,0.6714113607784212,0.7580028213253147,0.7245940643785348,0.8118777219651839,1.1034119957456303
2019-02-28,0.7125723633884615,0.672771013074922,0.8283375603656955,0.6805023367531593,0.6605992848979231,0.6728520296813926,0.762167675472308,0.7269808914448348,0.8154545687003265,1.1073161670870686
2019-03-01,0.704189159113303,0.6821960725334061,0.8341654722046119,0.6848714874603175,0.6641264348558109,0.6767111205096599,0.7675746259846687,0.7330039755604607,0.8231953586440832,1.116935798882487
2019-03-04,0.7465464017667349,0.7025520320210802,0.8510932456433379,0.6987190697274654,0.6771823249846138,0.6883710841013373,0.7822403733873954,0.7437149592555706,0.8371165350508225,1.132536339917209
2019-03-05,0.8100822657468825,0.7279552842476693,0.8753600031641365,0.7208882403032223,0.6984784682451849,0.7070118176606993,0.8017031068597177,0.7605568537681489,0.8548662628428327,1.153244986436872
2019-03-06,0.7968456274176852,0.7440873143459925,0.8981707979945346,0.7368889494926516,0.7144630406908116,0.7196135813255223,0.8195775886969058,0.7749494886508189,0.8692617763222538,1.1772325154509748
2019-03-07,0.8030227253046438,0.7631568698661831,0.9131830871868927,0.7470002288340079,0.7267027970783769,0.7292158380721311,0.8356735771940259,0.78495856208881,0.8802044796831254,1.1917833996895544
2019-03-08,0.7875799805872469,0.7286618060765687,0.8739623394293023,0.7158163350192462,0.6972280072000296,0.6977032991343547,0.8000188924964808,0.7506576567192276,0.8345958708305516,1.1333290818883617
2019-03-11,0.8065524955257631,0.7625928936262659,0.9176892258005114,0.7496304675648058,0.728499550311873,0.7279064839200633,0.8299378332011846,0.779919579569811,0.8661479041370849,1.1768469886032895
2019-03-12,0.8264074530195592,0.779384778547856,0.9394332633498872,0.768413501789747,0.7440110967751464,0.7440771777344587,0.8453996261299244,0.7920078860194689,0.8797908571734872,1.1923863314199579
2019-03-13,0.8153769210785615,0.7589928106825833,0.9158954483637559,0.7516986413191884,0.7286236855131422,0.7305145122125513,0.8284168785546933,0.7806394446776556,0.8669587140991368,1.1758245373375424
2019-03-14,0.8118471508574422,0.7283627868055047,0.8821433963953839,0.7262165388700565,0.7056711003989257,0.707985200454133,0.8083972298223066,0.7632136218053386,0.8482527529813029,1.152042712903705
2019-03-15,0.8286135594077588,0.7393383513506294,0.8921587792911913,0.738777114877659,0.714712257381406,0.7199028137525638,0.8211495599278651,0.7780953545543163,0.862745591209301,1.1749664430233175
2019-03-18,0.8140532572456418,0.7523167911061253,0.9099973578568352,0.7549118014481707,0.7285321425404085,0.7367228127506664,0.8423311901167295,0.7978011194721796,0.8857055293240317,1.2019547439989096
2019-03-19,0.8052288316928435,0.7577546294397016,0.9178494506455817,0.7604102017201054,0.7315395451882178,0.7406209345259086,0.8446826693544814,0.8001248277825341,0.8888003178840772,1.2038108717431868
2019-03-20,0.8078761593586832,0.7594348138415523,0.9206993501911764,0.7596977362807774,0.730127974301945,0.7408649486895381,0.8476791750572924,0.7995973203288402,0.892754394290957,1.211705588114611
2019-03-21,0.8096410444692428,0.7742198636348011,0.9355280974154914,0.7695663389828507,0.7401780004429668,0.7508272654065979,0.8579944230972969,0.8068326169678393,0.8998365914677273,1.2223717062315174
2019-03-22,0.8317021083512385,0.776200601179702,0.9410960179211589,0.7733980562888993,0.7440010404744429,0.7578067801704077,0.8600168765523973,0.8152042788976097,0.9037752496693215,1.2307019359284734
2019-03-25,0.8414089764593166,0.7750703418458028,0.936017551938839,0.7684413705958595,0.7365237440273147,0.7512252876706892,0.8533271905624304,0.8106696612486931,0.8954045833511461,1.2160783667216788
2019-03-26,0.8250837891866397,0.7543945411197128,0.9088930683925196,0.7467058176234092,0.7139342845841521,0.7324187817707506,0.8319584050588748,0.7910357656330773,0.8722004060934484,1.1830763756268505
2019-03-27,0.8992089638301451,0.7559197454098756,0.9146427409599155,0.7506416163861624,0.7172295875153156,0.7381996089276652,0.8376504659367616,0.7989145810236874,0.8792291542928581,1.2038563009248358
2019-03-28,0.895679193609026,0.746879668591855,0.8962549959987767,0.7409776426869724,0.7093084161340399,0.728721779570155,0.8245003855172442,0.788086741572299,0.86753088456875,1.1828906395242331
2019-03-29,0.8961204148866658,0.7688386322160362,0.9191644124509342,0.7600407042638639,0.7278062404016408,0.7477981151194646,0.8463857542945179,0.8076090102588039,0.8908587913730257,1.2126518507426032
2019-04-01,0.9212700277121411,0.8017088123715455,0.9591227912918838,0.7864552368801205,0.7534084244621806,0.7756675182086644,0.877146881778761,0.836330957209435,0.9220989290598615,1.2521275736385136
2019-04-02,0.9106807170487832,0.8111502071002243,0.9681667457637938,0.7924096393699079,0.7572635939720335,0.7800259695857009,0.8830703912671688,0.839098873219898,0.928134927828265,1.2615129359502533
2019-04-03,0.9124456021593428,0.8231014571108687,0.9777469275995752,0.8006328166788261,0.7649734773664288,0.7874257903286574,0.8921703491593892,0.8475170258780937,0.9408745093344301,1.2797599552263346
2019-04-04,0.911563159604063,0.8276710076551471,0.9810420358970726,0.8045320628956706,0.7664448133051334,0.789725044184863,0.8986690443371504,0.853968951283389,0.945367619783671,1.2893804101166215
2019-04-08,0.9177402574910218,0.8303028835382356,0.9803750917019064,0.801642450637327,0.7615666655414571,0.7861457087417589,0.8991467137958757,0.8557867596897402,0.9502100492541267,1.322165455070107
2019-04-09,0.9186227000463016,0.8215373556912294,0.9889699999320557,0.8066311431258588,0.7671447088541516,0.7905091260827041,0.9026617615007192,0.8563108979506734,0.9491785523418763,1.3024921234456637
2019-04-10,0.968921925697252,0.8205769528896544,0.9855272785846574,0.8047988583455876,0.7668328920644222,0.7900401117991965,0.9040240389779467,0.8577714947419668,0.9466034801947097,1.303092064523884
2019-04-11,0.9618623852550133,0.8114569864230335,0.9749850660432666,0.7897795965787285,0.7544854564738216,0.7764835699806721,0.8874953417077981,0.8419379572564509,0.9273404444397815,1.2768578384290667
2019-04-12,1.0015723002426056,0.8058225657481708,0.9837670542389872,0.7911208289970161,0.7559240020170388,0.7754198125005279,0.8863520787805278,0.8413378874674613,0.9286922306125851,1.2739867655251125
2019-04-15,1.0770211387190312,0.7985238223275568,0.9762270236395805,0.7847488818544545,0.7492148784988409,0.7699591096975047,0.8777099527609377,0.8346876170265051,0.9198403695051861,1.2661262746786566
2019-04-16,1.18467913046317,0.8136528811718285,0.9960689964855092,0.7999096108205038,0.7646650735236634,0.7853790298330984,0.8928071416632372,0.850545771779114,0.9357234743099487,1.2926277120963658
2019-04-17,1.274247049824073,0.818564541021025,1.0121452139653986,0.8077313053512273,0.7716156499154179,0.7931580254682097,0.9003124561963063,0.8591034856616563,0.9404110100618791,1.3049051770646127
2019-04-18,1.2354195773917604,0.8120333120918473,1.0033729243637852,0.8022226367935723,0.7670940613920243,0.7883320983103542,0.8952910336088539,0.8543285673163029,0.9368474138235678,1.3014931996057533
2019-04-19,1.2036516454016863,0.8231933595892976,1.0126068869638774,0.8082786628627782,0.77313285398617,0.7942107193442538,0.8996890401368237,0.8593963825416364,0.9426892232737758,1.314331326389714
2019-04-22,1.1767371474656518,0.8119812149759092,1.003715912333835,0.7994936917036563,0.7648552950772151,0.7865784999358318,0.8891306856817403,0.8466812916006146,0.9281333663419444,1.295485510850883
2019-04-23,1.1718837134116127,0.7941816522893685,0.9730687540056131,0.7828886641767718,0.7508482986017075,0.7720479771994347,0.8731758413332992,0.831812981619621,0.9157703295226337,1.2737209708334534
2019-04-24,1.1657066155246538,0.8066785546535685,0.9853686923026098,0.7901519832584193,0.7589232536518715,0.7806304667697959,0.8791455490794966,0.8390234192599658,0.9201319354509127,1.2794227843577266
2019-04-25,1.1705600495786925,0.7713879198333451,0.94165341573254,0.7579123583214091,0.727625426083757,0.748508661859046,0.8458090818923848,0.8064365860888075,0.8858239309546765,1.227124366286447
2019-04-26,1.1692363857457728,0.761346372122977,0.932011574502254,0.7505648082597912,0.7183139715924701,0.7398182441319413,0.8347559869500676,0.795589798606238,0.8722794646829926,1.2083454063401373
2019-04-29,1.142763109087378,0.7257859309935738,0.8890724762436019,0.7205179351283485,0.6933050220544493,0.71402313016671,0.8079481991483064,0.771307465095058,0.844518359545727,1.1688775565427854
2019-04-30,1.1551173048612955,0.7321628889050136,0.8977653352442122,0.7320172214231377,0.7004482892808146,0.7210494195237311,0.813891736005061,0.7818390506332766,0.8530528403341073,1.186892279396259
2019-05-06,1.122025709038302,0.6790585795575834,0.8235575600980204,0.6791385326075359,0.6477933503790175,0.6661962770992224,0.7546838508425716,0.723271975136548,0.7905193759421361,1.1049253178015992
2019-05-07,1.1392333388662588,0.6851969375752783,0.8327061729960038,0.689762131248392,0.6563742948828307,0.6782449984261107,0.764567026828255,0.7343257235450237,0.8027287927898744,1.12661927106057
2019-05-08,1.1392333388662588,0.6783176073307401,0.8234637170283049,0.6857210660410854,0.6522956762077199,0.6746239085256782,0.7609103621512009,0.7295165521233498,0.7944491842312741,1.1177075216553072
2019-05-09,1.1392333388662588,0.6771625883128735,0.8174496362003073,0.6827019949359028,0.6475029689937978,0.6687776713711587,0.7541135845406055,0.7212972783808805,0.7871080738295735,1.111457629635335
2019-05-10,1.1392333388662588,0.7052118278939185,0.8462386590469907,0.7071030700357694,0.6704081969948003,0.6918753402699951,0.780529320759457,0.7462242607978421,0.8148770013607262,1.14632166912036
2019-05-13,1.1392333388662588,0.7031786458069356,0.84229427831313,0.7014462567754742,0.6665969814149748,0.6872763173836636,0.7768886193303222,0.7444847904020118,0.8136924646694748,1.144960973947629
2019-05-14,1.1392333388662588,0.7031938097748464,0.8363647313150749,0.6960912431252623,0.6620404870137381,0.6815777684026665,0.771664744656955,0.7381911497219122,0.8050459242188651,1.1353707222399676
2019-05-15,1.1392333388662588,0.7157603267481254,0.8536566283416737,0.7093686484670527,0.6765948934723819,0.6956951519655663,0.7885171569656203,0.7543545537330174,0.8238835175972562,1.160388565832872
2019-05-16,1.1392333388662588,0.7127489168854265,0.8547850957092598,0.7137054928395672,0.6808406665951936,0.7004787666645278,0.7946782905789361,0.7597930623427488,0.8327483165842516,1.1717125646284738
2019-05-17,1.1392333388662588,0.6832387722062385,0.8245939924627008,0.687491128428239,0.6544670338986551,0.6752239529141429,0.7687118222085703,0.7307795274161768,0.806488876384625,1.131281844977434
2019-05-20,1.1392333388662588,0.686343768524108,0.8237880030525521,0.6853539922605746,0.6524521558073281,0.6741483108259613,0.7654446221995767,0.727845581099106,0.8019658443183085,1.1221422666597394
2019-05-21,1.1392333388662588,0.6981547646011579,0.8384732511102951,0.6977094526209188,0.6627268105603742,0.6871077626475948,0.7753231426996325,0.7404654696420658,0.8158368611336941,1.1460001329312883
2019-05-22,1.1392333388662588,0.6924310339371214,0.8317903510138842,0.6948061773362548,0.6597061064116163,0.683500367074251,0.7704880039470076,0.736683062369378,0.8089994771143724,1.1384254126173607
2019-05-23,1.1392333388662588,0.6760016575806793,0.8098026042278277,0.6771952601697504,0.6435063144105648,0.666361358128853,0.7537078755813583,0.7213788730959895,0.7916671039086489,1.1191763612492864
2019-05-24,1.1392333388662588,0.6694283489502012,0.8021337850252691,0.6721541020688311,0.6383484935619108,0.6598976166509634,0.7472619423309477,0.7162660531067788,0.7824380232703941,1.1183622835938818
2019-05-27,1.1392333388662588,0.6954958079861902,0.8241997926116325,0.6908580669582783,0.6558231277545707,0.6785226359432703,0.7668140019717758,0.7348252951836483,0.8018753990203952,1.1407567930583333
2019-05-28,1.1392333388662588,0.6994716762311914,0.8231638383595316,0.6913259850333048,0.6559241670711418,0.6782942810504125,0.7672475335811377,0.7345489685744845,0.8013471813343133,1.1377906547386392
2019-05-29,1.1392333388662588,0.6956128814638607,0.8285910284923141,0.6947560067742764,0.6589885013363707,0.6808786333697542,0.7677896090774132,0.7350780042743161,0.8055544598748231,1.1342478934474889
2019-05-30,1.1392333388662588,0.6842011017553912,0.8214771061598392,0.6862926957268362,0.6543392960592721,0.6762360998949302,0.7622387714773213,0.731162530403985,0.8009956614370843,1.1231642251913643
2019-05-31,1.1392333388662588,0.6856091579598572,0.820727355502118,0.6870865742234199,0.6541770912079057,0.6745896458180456,0.7606727659669881,0.7285783065930339,0.7964315921103416,1.122598219436014
2019-06-03,1.1392333388662588,0.6757435531026247,0.8117854284034322,0.6772150414788211,0.6432856440055348,0.6653062818679376,0.750489918343531,0.7177088815996376,0.7868150298534021,1.1022331026689633
2019-06-04,1.1392333388662588,0.6690858768669269,0.7972862903344798,0.6650659329925054,0.632976899746315,0.6552591441538069,0.7381685579336313,0.7062147239824407,0.7735796751712496,1.0824498295557656
2019-06-05,1.1392333388662588,0.6738295789796861,0.8015613929331195,0.6660438147010307,0.6348779522161437,0.6550389875048912,0.7389906352738023,0.7037570754071846,0.7748439685191163,1.078003958306376
2019-06-06,1.1392333388662588,0.6584272374804068,0.7766003458819117,0.6451071363627996,0.6188557804752988,0.6389675900436347,0.7213239532144702,0.6869162965711408,0.7581057316592197,1.060532994946985
2019-06-10,1.1392333388662588,0.6694991202700791,0.7891250089799551,0.652547400245373,0.6248433131174472,0.6462726940434402,0.7303160991302918,0.6929614696237987,0.7672110772880602,1.0696366490495999
2019-06-11,1.1392333388662588,0.6995346066957143,0.8162501812527161,0.6736668896124063,0.6455568343882522,0.6693654394653734,0.7559630032525769,0.717438914822123,0.7934096215769951,1.109034569027906
2019-06-12,1.1392333388662588,0.7037643616215672,0.8106615850414134,0.6713293859888277,0.6440888726886729,0.6644225217886884,0.7530175634621927,0.7136013337772428,0.7865294292797572,1.1026214508323062
2019-06-13,1.1392333388662588,0.7072736325844348,0.815834920526457,0.675994612832548,0.6482867262282839,0.6676166568811296,0.7554769616631379,0.7149427399824044,0.7896194432098177,1.1040602925986933
2019-06-14,1.1392333388662588,0.6735325344323968,0.7918597041325214,0.6591259695461834,0.6339026864444193,0.6525889445142301,0.7391517846319963,0.7021811926601376,0.7753135765670286,1.0844103156541847
2019-06-17,1.1392333388662588,0.6679629017014421,0.7913904983301631,0.6600592241505066,0.6335964820063437,0.6529103624900414,0.7400240528996024,0.7018259573492751,0.7783286895709343,1.088026062371432
2019-06-18,1.1392333388662588,0.6665050080285243,0.7892318824923745,0.6577671109726299,0.6300972703547992,0.6503492427097397,0.7397826278625574,0.7010334189629804,0.7771619037319493,1.0829212396119698
2019-06-19,1.1392333388662588,0.6790269931843919,0.8000281949842942,0.6659818428717075,0.637523788807437,0.6594122796481692,0.7496213432180178,0.7084721564808,0.7865395926159351,1.09457089281214
2019-06-20,1.1392333388662588,0.6827974023182048,0.8109262988427934,0.6716490246272069,0.6467865755819242,0.6692689337340985,0.759993020659097,0.7196624747804962,0.7979688626041894,1.1107382433713358
2019-06-21,1.1392333388662588,0.7004972346763414,0.8305878147914385,0.6860707019320897,0.6587250509740208,0.680375547852344,0.7725720293588899,0.7299746138841506,0.8071798192703307,1.1253036430226964
2019-06-24,1.1392333388662588,0.6951609772049245,0.829026691599331,0.6864523131071238,0.6575539592877478,0.6805992472895774,0.7722091815003485,0.730823419199592,0.807761513663182,1.1246665311552857
2019-06-25,1.1392333388662588,0.6869976639983912,0.8191469765653304,0.6797670971448032,0.65028149287061,0.6739369454326606,0.7643385523071697,0.7238463658502077,0.7994265123183043,1.1155777819676354
2019-06-26,1.1392333388662588,0.68568580429386,0.8170370652497692,0.6786865039273292,0.6499721189783321,0.6738713638571002,0.762511850222684,0.7244392438673286,0.7975752555633491,1.1148018323563205
2019-06-27,1.1392333388662588,0.6923697338032652,0.8248320569539846,0.6832809484442971,0.6534943043341488,0.6781983949333064,0.7669921143550732,0.7285266441899065,0.803381087925737,1.119033930910168
2019-06-28,1.1392333388662588,0.6779658881125852,0.8116181264974669,0.6720677849905353,0.6421949775139105,0.6679452055828331,0.7562071527822377,0.721864730037074,0.7938825601527487,1.108597779623132
2019-07-01,1.1392333388662588,0.7019582712671621,0.8353589408729157,0.6920598229510252,0.6612503219857921,0.6857622320800799,0.775802892039908,0.7416327784736064,0.813975138773972,1.1380353498405216
2019-07-02,1.1392333388662588,0.7017027339162012,0.8360069962365246,0.6914366657104856,0.6617422062692606,0.6845202414047714,0.7758848149138857,0.7419637016934039,0.8124061232995083,1.1404839832786504
2019-07-03,1.1392333388662588,0.6854556456846645,0.8259358241993559,0.6841049310054226,0.655456174239154,0.6772994476606977,0.7690574975214809,0.7355706158598152,0.8047175902132441,1.1336862540039705
2019-07-04,1.1392333388662588,0.6862739468499206,0.8223384832996331,0.6811698417439196,0.6505810549860148,0.673898375848165,0.7670836183192448,0.7323911698333936,0.8020117992198909,1.1334648271230108
2019-07-05,1.1392333388662588,0.6846275027467252,0.8266572608042023,0.683308497667609,0.6526920579009667,0.6751870849816954,0.769696446708617,0.7335576756681101,0.8033451248038634,1.142140668545505
2019-07-08,1.1392333388662588,0.6559433851352594,0.7960807452550046,0.66003922529097,0.630831332223351,0.6519243138081078,0.744315781489384,0.7071017187229252,0.7774102589387141,1.1101384213735506
2019-07-09,1.1392333388662588,0.6603820013973545,0.795954109333991,0.663057989565595,0.6318768674017452,0.6542440791559583,0.7475975117336072,0.7099537801951409,0.7801690837915243,1.1124189728023013
2019-07-10,1.1392333388662588,0.6577131195336451,0.7925260906211956,0.6574435154076209,0.6277385073031125,0.6493531200709425,0.7424469688710477,0.7045318864829108,0.7760431510216831,1.098331971791333
2019-07-11,1.1392333388662588,0.6563326865412001,0.7902508690059952,0.6567467302216545,0.6277222393724843,0.6504496390533684,0.7416492534304583,0.704569970113394,0.7770957519246519,1.1013085242806797
2019-07-12,1.1392333388662588,0.6546055336582475,0.7913524594963323,0.6560444287995238,0.6302620573423156,0.6517551089911159,0.7444043900599405,0.707026185659421,0.7819676193541513,1.1056829360279867
2019-07-15,1.1392333388662588,0.6623982037867227,0.7979911366507297,0.6613018821574371,0.6365491890675119,0.6577851109098467,0.7520440734763504,0.7130632177505909,0.7882429744815466,1.1165493770237809
2019-07-16,1.1392333388662588,0.6669233129274234,0.8025481462596479,0.6647079318834728,0.638339136910648,0.6592771600150859,0.7524310355058793,0.7148468229364544,0.7922452047087977,1.1184335959956182
2019-07-17,1.1392333388662588,0.6662351880425643,0.8024123523896322,0.6659892681580499,0.6388885802838693,0.6591012185937546,0.7536599560580741,0.7141089308721225,0.7925542875442363,1.1179317578951526
2019-07-18,1.1392333388662588,0.6532335785146471,0.7875610305325321,0.6520869016164497,0.6279088044755905,0.6474211388498233,0.7411213157068081,0.7019652556145214,0.7777381104496006,1.097168487555351
2019-07-19,1.1392333388662588,0.6597633474801717,0.7901701789380203,0.6549748931034394,0.6307584647016004,0.6503850841452716,0.7451388325659534,0.7059459372588994,0.7826340694394867,1.1025158662538268
2019-07-22,1.1392333388662588,0.6352249409461072,0.767246904649324,0.634633364584041,0.6115400478717836,0.6332207365066488,0.7255443031908286,0.6890162904745409,0.7634424432366164,1.075575021140107
2019-07-23,1.1392333388662588,0.6419114635673812,0.7819170876192694,0.643997687102883,0.6193727366852991,0.6411758915692864,0.7343266649519379,0.6965540539173573,0.7713786923170428,1.086268959104773
2019-07-24,1.1392333388662588,0.6520988363859187,0.7929533257757402,0.6529652566260404,0.6268282407979294,0.6489194666545599,0.7430494063025846,0.7046934928769317,0.778289208409786,1.0943136650067182
2019-07-25,1.1392333388662588,0.6543093862833546,0.795767218780138,0.6545009661351412,0.6293662332065663,0.6514182881555045,0.7440823859042718,0.7066610133893366,0.7782654265059407,1.0934887076702229
2019-07-26,1.1392333388662588,0.6524799155495165,0.7950810554991793,0.6552909081574584,0.6296196906775918,0.652248983778174,0.7442350499430012,0.7082559450543896,0.7803887902281995,1.0951934876938012
2019-07-29,1.1392333388662588,0.6504646512512245,0.7974193212962609,0.6563348853729136,0.6303239336677424,0.6517402272910755,0.7430538928853602,0.7078510843382256,0.7800383067088069,1.0982883995879464
2019-07-30,1.1392333388662588,0.6518222993303507,0.7995033421538693,0.6594502886799677,0.6339381268387096,0.6540736419081301,0.7465665722637942,0.7116573352523563,0.7803881505136631,1.102332844103197
2019-07-31,1.1392333388662588,0.6488633628428112,0.7952474668043932,0.6560352590345824,0.6302726085319919,0.6510145670139224,0.7418072836314412,0.7075887514531551,0.7744519488907475,1.0914538701967664
2019-08-01,1.1392333388662588,0.6463589366178747,0.7954480382895958,0.6554138609181123,0.6289033872563677,0.6493384797182326,0.7369832185949606,0.7038173702010223,0.7713221309932474,1.0865545897055129
2019-08-02,1.1392333388662588,0.6326294277723332,0.7815070066147229,0.645746986659984,0.6193533171113444,0.6394791030278573,0.7252282910805237,0.6943729146420089,0.7586831479008044,1.0694514614974415
2019-08-05,1.1392333388662588,0.6268126101059268,0.7758795106763541,0.6394999946440507,0.6127362371840473,0.6323601231227431,0.717004153079358,0.6863749342399703,0.7494056803977674,1.0551074291154683
2019-08-06,1.1392333388662588,0.6064704939247637,0.7538264255390246,0.6222667536319462,0.5948459435611829,0.6153578546500873,0.6958731784209299,0.668536498457886,0.7279994968261823,1.0273104173571814
2019-08-07,1.1392333388662588,0.6040139888249263,0.7479411464231915,0.6195774211201881,0.5936467665820987,0.6140888165241771,0.6932316361047364,0.6666099985491085,0.7266034445552961,1.0257098626233856
2019-08-08,1.1392333388662588,0.6099387746644674,0.751646810926574,0.6234463531910586,0.5970827049936258,0.6179861677760466,0.6968809863646102,0.6706111847804055,0.7308797185865441,1.0300189535950648
2019-08-09,1.1392333388662588,0.6011275900833596,0.7429468840513713,0.61523349091653,0.5901599469388559,0.611566664369856,0.689307595244633,0.6629223356434303,0.7221863692833953,1.0208346045577819
2019-08-12,1.1392333388662588,0.6119303028540315,0.7585641020024912,0.6255666925991462,0.6003269302054448,0.6222139395245396,0.7011766363762175,0.6727497727778329,0.7342927394765806,1.031788589869328
2019-08-13,1.1392333388662588,0.6089534708785642,0.7543063460466549,0.6224576272613659,0.5981509308803362,0.6188770942011758,0.6979407893017087,0.6701639041679421,0.7293409300440612,1.0241221444011364
2019-08-14,1.1392333388662588,0.6121357386321832,0.7584820813362382,0.6264609958406313,0.6022173666837849,0.6225545357802851,0.7012441734569278,0.6748141131750136,0.7342132381014105,1.0302523966114867
2019-08-15,1.1392333388662588,0.6125046768864975,0.7617554807818937,0.6292428284739243,0.6049306946674412,0.6245445499373858,0.7035351294994109,0.6777484647510288,0.7386628089598957,1.0329210297065294
2019-08-16,1.1392333388662588,0.6155825098416499,0.7663702183797426,0.6324946947174279,0.607858312169709,0.627147917268414,0.7058674411930984,0.6820629655979857,0.7420429978004277,1.0397695927964246
2019-08-19,1.1392333388662588,0.6402880323901382,0.7913378490700986,0.6524823823677119,0.6264769597296592,0.6461510986040432,0.7259491731131633,0.7007667785081985,0.7630716290422525,1.0661697489160877
2019-08-20,1.1392333388662588,0.6459744356592523,0.7937694180936945,0.655524158148736,0.6278879223758709,0.6467434776557154,0.7275125887681604,0.7024089297305675,0.7660505866949628,1.0662120677008928
2019-08-21,1.1392333388662588,0.6451194589152487,0.7961150281316418,0.6560486650292667,0.6293664833737634,0.6469403460396576,0.7275623188395227,0.703069914767091,0.7675175916913274,1.0672919795300302
2019-08-22,1.1392333388662588,0.6451077298820648,0.7990362249683362,0.6580800460897631,0.6330090418638715,0.6493665093958113,0.7297461763711446,0.7076721994299212,0.7680206637084686,1.0740249994018771
2019-08-23,1.1392333388662588,0.6366106268419061,0.7953271291396323,0.6536375754973054,0.6303751926038416,0.6493614720074791,0.7285588577460074,0.7080554565218021,0.7653000687963124,1.0706766484585373
2019-08-26,1.1392333388662588,0.6284383700265638,0.7879675757931011,0.6487844619644749,0.6271726080805415,0.6448899404122598,0.7228482421713729,0.7049267580830896,0.7613009323579334,1.0612665594474733
2019-08-27,1.1392333388662588,0.6399338179079811,0.8015043805271629,0.6607019504828551,0.6384732427302895,0.6560883708624977,0.7358449871145841,0.7166267420684528,0.7749534031261692,1.078211646422793
2019-08-28,1.1392333388662588,0.6424137446489531,0.8022417652772634,0.6607947197878581,0.6366904557625127,0.6555384924158112,0.7360416101148959,0.7160149081375831,0.7733067184089601,1.0771049146323428
2019-08-29,1.1392333388662588,0.6411245592818853,0.8018278356511551,0.660717764065364,0.6372688401736873,0.6560155876751359,0.7351187110451718,0.7166224020579206,0.7730234442161829,1.0764219897312561
2019-08-30,1.1392333388662588,0.6285331243724143,0.7882796647997472,0.6499180692193587,0.6271266517001838,0.6475070190667708,0.7265228048185365,0.7077679755683532,0.7627508957635459,1.064083424127176
2019-09-02,1.1392333388662588,0.6457921319222087,0.8084601401534075,0.6665946732676802,0.6426131377952834,0.6632201468085129,0.7443173962635878,0.7232613494292419,0.7811356223810609,1.0861025084666638
2019-09-03,1.1392333388662588,0.6544686105202803,0.8135669210160925,0.672626718092374,0.6474958683961272,0.6676039983744401,0.7485487217097786,0.7260569326180564,0.7855395089531482,1.0910795039756875
2019-09-04,1.1392333388662588,0.6578102312370258,0.8206927755259307,0.678182997008537,0.6519328224454616,0.6717160777147334,0.7557346625058646,0.731739044687187,0.7914178028507456,1.106785221235413
2019-09-05,1.1392333388662588,0.6645657959103932,0.8279476583039704,0.684311245961953,0.6574153091994265,0.6785006338974678,0.7622890056411321,0.7375384886496436,0.7969919653301649,1.10939405189834
2019-09-06,1.1392333388662588,0.6736664063033289,0.8310888942211546,0.687157662800695,0.6598924040418616,0.6823594683375309,0.7652129860364386,0.7387286695802567,0.7997442414045014,1.1078159300484658
2019-09-09,1.1392333388662588,0.6908973244547993,0.8511280158098675,0.7041110841660028,0.675594960386633,0.6957705881560197,0.7810657532976212,0.7516869673171718,0.8122326403999731,1.1248467123123176
2019-09-10,1.1392333388662588,0.6912343827448177,0.8495933981592347,0.7053540506778512,0.6766183612341113,0.6966306630483935,0.7813920020534825,0.7528021416442308,0.8141530440363637,1.127837688939152
2019-09-11,1.1392333388662588,0.6840112406769717,0.8449139141974845,0.7012754312155827,0.6714238449524452,0.6911443192210798,0.7762969749873703,0.7483559366555746,0.8102357407358186,1.121400183025588
2019-09-12,1.1392333388662588,0.6923889866108298,0.8523111325431927,0.7059751030786504,0.6754509163363113,0.6951630507955217,0.7807453627210467,0.7519771789751373,0.813886278743231,1.1262291953311359
2019-09-16,1.1392333388662588,0.6975907762422664,0.8571755579574297,0.709758592659977,0.6784555947088767,0.6981461191051496,0.7846781393401264,0.7545181342086535,0.8148706137952683,1.1280757618147907
2019-09-17,1.1392333388662588,0.676872450273771,0.836744101326209,0.6928932268968554,0.6636863620786524,0.682759729412685,0.7663975597928986,0.7392610463883958,0.7982001833703234,1.1064696017650142
2019-09-18,1.1392333388662588,0.6780131028011642,0.8371940809992566,0.6939078836250828,0.6645051756914047,0.6834511465409062,0.7663070022941952,0.7422339078526127,0.8004806328235073,1.1078173391739872
2019-09-19,1.1392333388662588,0.6890587058312501,0.847675065626015,0.7038242102652862,0.6725230809035873,0.6904025279466002,0.7744755825877323,0.7492361798661579,0.8058585857444237,1.1138917379624373
2019-09-20,1.1392333388662588,0.689307923669185,0.848355050871123,0.7048829174329551,0.6729722786029387,0.6919202407254197,0.7745111420578902,0.7501573948183349,0.8075353666248013,1.1149898153922468
2019-09-23,1.1392333388662588,0.689297120704249,0.8412775969783794,0.7006789590549772,0.6694182925253803,0.6859315964999335,0.7686223951096983,0.7428761516734912,0.8006394654569987,1.1032464844315877
2019-09-24,1.1392333388662588,0.6942644056897298,0.843801799727395,0.7013702324664371,0.670539624580983,0.6877212733341065,0.7711774148561749,0.7458583033045343,0.801158379016532,1.1074433566135797
2019-09-25,1.1392333388662588,0.675697717471294,0.8228697841355541,0.68576919706179,0.6564488469533923,0.6757977680372909,0.7571574242027983,0.7334831041049816,0.7878111806756325,1.099783898083849
2019-09-26,1.1392333388662588,0.649862991100483,0.7949061672966512,0.663317559019555,0.6366126261479953,0.6567970640969005,0.7366974638878464,0.7154811351773882,0.7699030979254944,1.0822672439843364
2019-09-27,1.1392333388662588,0.6590705311277739,0.8064276183004627,0.6699781806665447,0.6440951996994617,0.6614655421097627,0.7432458062888339,0.7191639726204776,0.7727105759786236,1.0909592997172428
2019-09-30,1.1392333388662588,0.6584118552404588,0.7959619815602382,0.6612200569727937,0.637706473604452,0.6538218725272764,0.7349114962558204,0.7119912354767213,0.7672697282704669,1.0882659551840563
2019-10-08,1.1392333388662588,0.6658673473710154,0.7985550395478656,0.6616280891931504,0.6379636907890671,0.653937389675534,0.7372841508641408,0.7115909722210804,0.7695220917609422,1.1036864237520776
2019-10-09,1.1392333388662588,0.6713247328553951,0.8053420766270518,0.6705411245108391,0.6442733666115232,0.6605218255211277,0.7439374666752961,0.7183919843925415,0.7758884439367514,1.1214706310700153
2019-10-10,1.1392333388662588,0.6819524413214354,0.8153920295252189,0.6804124211479115,0.6531524662341607,0.6697892695113389,0.7530365054765297,0.7275263399498287,0.7854046882913677,1.135248104478661
2019-10-11,1.1392333388662588,0.6744491253015267,0.8159923862162834,0.6808226964313395,0.6537077211333723,0.6712900266218712,0.7529623645428902,0.7318150219042437,0.7876840907596695,1.1498294102796571
2019-10-14,1.1392333388662588,0.6869841576362592,0.8331632696157945,0.692427175834648,0.6625483981850753,0.6807773521876925,0.7640893007076223,0.7407406358889935,0.7995404268515814,1.1626076608045883
2019-10-15,1.1392333388662588,0.6743350692304966,0.8243058184112806,0.6835855221100949,0.654543864044573,0.6730573710420752,0.7561916973748849,0.7326553417728275,0.7936028071167652,1.1470981159153861
2019-10-16,1.1392333388662588,0.6653528137354809,0.819088496469842,0.6802854403595696,0.6503102641245184,0.668832911347788,0.7525796036801975,0.7294749020412118,0.7872856830960313,1.1356640746319548
2019-10-17,1.1392333388662588,0.6613352070174953,0.8163511646146728,0.6782051874981675,0.6513007945217071,0.6671697806553722,0.7523506238014813,0.7280837854471289,0.7865173492648054,1.133986096557592
2019-10-18,1.1392333388662588,0.6535984186345566,0.8076013201738653,0.6697493396681901,0.6425073322328698,0.6591574192173808,0.7419545447445423,0.719663518319476,0.7766228150785318,1.1216057344669572
2019-10-21,1.1392333388662588,0.6529781910002926,0.8040957723830314,0.666906297598783,0.6390643705916574,0.6574053372152717,0.7399707211943344,0.7175259486306805,0.7743233444806091,1.1147228821295423
2019-10-22,1.1392333388662588,0.6599986388786955,0.8151168658476178,0.6756325621137235,0.6476013752035226,0.6647639707565638,0.7481439986753761,0.7258066925195723,0.782259177215633,1.1228921101454248
2019-10-23,1.1392333388662588,0.6581879524335779,0.8102126674362515,0.670562106882453,0.6437755848512018,0.661401296052486,0.7440446121115737,0.7209436309690319,0.7761007266845941,1.1163345536231428
2019-10-24,1.1392333388662588,0.6585410802509734,0.8079572960404511,0.6700131697404366,0.6427638431361797,0.6604893670116648,0.7430724433558051,0.7205587151637878,0.7749794539910317,1.117344524347444
2019-10-25,1.1392333388662588,0.664522402120346,0.8115246010743994,0.6741250360624361,0.6468646657347998,0.6645365684790205,0.7493390919705054,0.7246830786681799,0.7800055085528217,1.1215257981290476
2019-10-28,1.1392333388662588,0.6777500103709664,0.8275316571915095,0.6875951076519257,0.6579509846868351,0.6775821836753813,0.7622020838677663,0.7373127191681498,0.7916842618554264,1.1322883346454466
2019-10-29,1.1392333388662588,0.6643279584748468,0.8127427432721948,0.6766705238619378,0.6471088105003427,0.6687471789561616,0.7534579535290256,0.7275163376482315,0.7813281498107368,1.1188164245671604
2019-10-30,1.1392333388662588,0.6510940473399129,0.8010870939962956,0.6664444403993173,0.6408266945022972,0.6619154151158708,0.7451906804110158,0.7186404314813574,0.7744462620880317,1.107944143955876
2019-10-31,1.1392333388662588,0.6447708976129405,0.7892422237821876,0.6590318844796301,0.633525201047417,0.6551380757837665,0.7378403203191479,0.7122127513590896,0.7660216538769873,1.09702895667072
2019-11-01,1.1392333388662588,0.653835861114331,0.7987119675062422,0.6667495754603133,0.6400639958016895,0.6607311910084954,0.74426301495982,0.7194017380654916,0.7712657606836136,1.1116833599207274
2019-11-04,1.1392333388662588,0.6557378108698773,0.8022893194965707,0.6697204386894596,0.6424547312156718,0.6632350311802502,0.7470209855430208,0.7238851538884362,0.7738473575564324,1.1110587730180257
2019-11-05,1.1392333388662588,0.6534151936283675,0.8012030549136556,0.6701957057557169,0.643239532371362,0.6648837084604611,0.7493543162052535,0.7251656013935001,0.7755542767738406,1.1079134174035894
2019-11-06,1.1392333388662588,0.6516148376661125,0.7934281379557623,0.6650501743106347,0.6372840321772822,0.6592326029128047,0.7417825258662682,0.7203947683445124,0.7677665581494555,1.0975139242176029
2019-11-07,1.1392333388662588,0.6522248686596428,0.7976012152056383,0.6705438541436604,0.6422700927525891,0.6629556032476075,0.7471084900167235,0.7246374399509741,0.7719082906712745,1.1048223071552594
2019-11-08,1.1392333388662588,0.6490420616684784,0.7955948881724307,0.6691459672734269,0.6406878673939145,0.6613841869162571,0.7462150920380948,0.7234045115101986,0.7696144306804027,1.100727568177898
2019-11-11,1.1392333388662588,0.632091919096272,0.7716644066212064,0.6524565275612396,0.6242541430982494,0.6458595274308856,0.7279934062674588,0.7069706450075198,0.7522729047065945,1.0804833223270291
2019-11-12,1.1392333388662588,0.6347753015399112,0.7741578369260224,0.6543159693353567,0.6269537773629144,0.6474074501184773,0.7298096789236638,0.7080473459985305,0.7550521973616396,1.0855503660558254
2019-11-13,1.1392333388662588,0.6330177334522172,0.772743059164382,0.6522156884528697,0.6253396829475385,0.6453999765201847,0.7275370576298583,0.7051240225526351,0.7512257292634114,1.0837203808675806
2019-11-14,1.1392333388662588,0.6398732027063797,0.780748219039762,0.6573918006666813,0.6298908135730024,0.6492010081024439,0.7302145016581618,0.7099603053646346,0.7558023128181004,1.0934170844566564
2019-11-15,1.1392333388662588,0.6279563125230117,0.7727673276655851,0.6487345684623915,0.621810060741576,0.6413553467357179,0.7210799698897395,0.7028017393158167,0.7461749889380604,1.0898614770482962
2019-11-18,1.1392333388662588,0.6348226326899166,0.7798197038273349,0.6538763045296049,0.6254191081148703,0.6466190430861443,0.7263821047469512,0.7063711628953921,0.7506881032782855,1.0935508038307156
2019-11-19,1.1392333388662588,0.6455583101858566,0.7931914347241652,0.6655435085236983,0.6374584777336912,0.6572058438597023,0.7386976622503713,0.7173043220060688,0.7614044216045383,1.1162443689703772
2019-11-20,1.1392333388662588,0.640113977485037,0.78994691745626,0.660543412162306,0.6338660188862065,0.6527727314169608,0.7340007070145893,0.713327802750235,0.7567666012091223,1.104375439198776
2019-11-21,1.1392333388662588,0.6395824235173518,0.7916071525387295,0.6592019524191266,0.6326186623812348,0.6521497053607824,0.7327769682654642,0.711984016031872,0.7569051486936081,1.107877017946395
2019-11-22,1.1392333388662588,0.6341454363094189,0.7812765149336226,0.6518641638063278,0.6254862253265593,0.6459921674522164,0.7265930655936202,0.7060495105015816,0.7520688397148458,1.0959722348183514
2019-11-25,1.1392333388662588,0.6279451356530972,0.7705665395683883,0.6464195775941464,0.6202545033900368,0.6430282313060367,0.7257014458988578,0.7057967162317242,0.7559334933220904,1.1076676015829414
2019-11-26,1.1392333388662588,0.6294087259044899,0.7728738395026403,0.645364906906398,0.6201981516342321,0.6417101620465984,0.7256841905569648,0.7050135263479081,0.7524433663211341,1.1039560610497186
2019-11-27,1.1392333388662588,0.6263392665899061,0.7736338111637515,0.6443613102264878,0.6197942227890317,0.6414468546795654,0.7262951388636792,0.704652352410193,0.7523195563211915,1.1077359597970946
2019-11-28,1.1392333388662588,0.6239434866842118,0.7696303332176901,0.6429564239155914,0.6186209099197613,0.6399384052854029,0.7237588291854209,0.7025198097974098,0.7490259058779565,1.1046167097753958
2019-11-29,1.1392333388662588,0.6272367109730727,0.7699712430556414,0.6446639505090742,0.6190690020980466,0.6401109263791994,0.7243180493995661,0.7007691917136581,0.7497093383999953,1.0986953041191099
2019-12-02,1.1392333388662588,0.6313782722122044,0.7712762993680599,0.6468930773572151,0.6203142417016353,0.6413763586769227,0.7259941286232263,0.700529922847364,0.7515396219971927,1.1021802889918821
2019-12-03,1.1392333388662588,0.6373443922841984,0.7771855106436564,0.6520775549441651,0.625356458439929,0.6451966379370618,0.729679720038602,0.7040283529555914,0.754044249904498,1.102556903526367
2019-12-04,1.1392333388662588,0.6373906899138263,0.780025858993603,0.6539479484985513,0.626733565650981,0.6463731633126101,0.7310793572888437,0.7042859163998999,0.7536133956727677,1.1004319126661992
2019-12-05,1.1392333388662588,0.64447865831974,0.7877733233763325,0.6628002965395429,0.6334454167577601,0.6538463508718194,0.7381890719330856,0.7105709778828573,0.7600513103387602,1.1094636686345334
2019-12-06,1.1392333388662588,0.650004868102976,0.7936853123442172,0.6689128043087553,0.6378295180579369,0.6586196567070082,0.7432803995829745,0.7152364534186584,0.7640137892989474,1.1145235312258404
2019-12-09,1.1392333388662588,0.6534177230744403,0.79498474967671,0.6693204618631183,0.6398779446329341,0.6606002571126081,0.7452562472827404,0.7173312300844732,0.7671441321151158,1.1241985723030907
2019-12-10,1.1392333388662588,0.6572810395037403,0.7988998901795221,0.6734480512566365,0.6440227321598865,0.6643922369417564,0.7500874571360844,0.7188622616416334,0.7699996709913005,1.1228916385995493
2019-12-11,1.1392333388662588,0.653135125411989,0.7972577848402633,0.6723301014111313,0.6416513463070446,0.6622889435424292,0.7477863147578077,0.7171815911647367,0.7691667259558297,1.1273814381626532
2019-12-12,1.1392333388662588,0.6543712301444087,0.7948444421706512,0.6729073591628723,0.6408838920167463,0.6618384836477583,0.7474501458456158,0.7161548535149715,0.7679986988876649,1.1221013408245943
2019-12-13,1.1392333388662588,0.6627671106676987,0.8032281593045635,0.6799676155908987,0.6478905700337168,0.6691208761073777,0.7555086482226226,0.7243636250799578,0.7771207294916866,1.1318594850853372
2019-12-16,1.1392333388662588,0.6771605399066175,0.8198351381454543,0.6932885131978479,0.6603938692997602,0.6795166545841715,0.7675560875576187,0.7347109481795032,0.7864129555620553,1.144497481401032
2019-12-17,1.1392333388662588,0.6841242418108864,0.8305156316482917,0.7028097908483826,0.6680001056221296,0.6876042019723442,0.7755273319638746,0.7435338051784331,0.7924022425495226,1.1625898907767096
2019-12-18,1.1392333388662588,0.687872352333111,0.8354245161685028,0.7060426653583812,0.6691378513218391,0.6884424670229461,0.776357858409009,0.7433684115828387,0.7911870559487073,1.1665506764302584
2019-12-19,1.1392333388662588,0.6894575978526083,0.8447075571176682,0.7091816211557103,0.6731272810700362,0.6918079507293716,0.7788601760780963,0.746413400430161,0.7970571628975401,1.1690614203113703
2019-12-20,1.1392333388662588,0.6794994121289928,0.836922190548745,0.7012447861849082,0.6674570369769012,0.6851358496517996,0.7724209899978972,0.7414109973955864,0.7881850436392825,1.1578729881623937
2019-12-23,1.1392333388662588,0.6651054953743181,0.8181856202765183,0.6870499910996211,0.65495017748604,0.6707781330843385,0.7572375132103463,0.7273936200284977,0.7731304005797066,1.1342380581872016
2019-12-24,1.1392333388662588,0.6781426887714573,0.8328342142002557,0.6991355833675713,0.6661791925798359,0.6817528118304017,0.7699850902530861,0.7377010136556101,0.7843040336610284,1.146228035309367
2019-12-25,1.1392333388662588,0.6822664338139645,0.8373289868759939,0.7017551969597612,0.668849123425059,0.6840250527136769,0.7753567640605498,0.7385931536278603,0.7845112222035954,1.1498207835282803
2019-12-26,1.1392333388662588,0.6877004155106969,0.84384527157394,0.706886926749514,0.674592239752686,0.6885362546763748,0.7824164222365272,0.7443454717574047,0.7901887295041506,1.1598369399661295
2019-12-27,1.1392333388662588,0.6774376642591389,0.8352325054767153,0.7017849768130598,0.6693970534775086,0.6834836985571164,0.7775052340545445,0.7415664673925955,0.7866343232375402,1.1541748251758246
2019-12-30,1.1392333388662588,0.6749190010830921,0.8361737435354065,0.7037635632662879,0.6714625657718742,0.6875491134425598,0.7814446302652449,0.7481466125961284,0.7935869432534753,1.1589991264916037
2019-12-31,1.1392333388662588,0.6776175862984026,0.8425053579008008,0.7072183754372875,0.6743279528123464,0.6920063065897682,0.7854291572503945,0.7537798968353794,0.7981842000708201,1.1716665013079055
2020-01-02,1.1392333388662588,0.6929661172317056,0.8619357559176246,0.7223619250438889,0.6885637524885639,0.7058334708062527,0.8006282226965483,0.7653423800285314,0.8098575840108686,1.183583840764349
2020-01-03,1.1392333388662588,0.7006029794909178,0.8637945334554115,0.7286511505044154,0.6927857327680441,0.7086243163036178,0.8045815843227344,0.7686055145377668,0.8127612699513311,1.1856822790437362
2020-01-06,1.1392333388662588,0.7091723776853097,0.8703231124122427,0.7348561422712817,0.7001386443587463,0.7150804017306258,0.8100496993847845,0.77272606614535,0.816374866366821,1.187523060102109
2020-01-07,1.1392333388662588,0.7259327052959654,0.8811695098693008,0.7448111794189878,0.7098347006073975,0.7235884299029688,0.8195081767231327,0.7836943470054095,0.8251108470960743,1.2074764033729442
2020-01-08,1.1392333388662588,0.7261477353868785,0.8680847960950657,0.7348717168280571,0.7023464541137864,0.7136010802632393,0.807987493968136,0.7732907239775282,0.8110128087298536,1.1865802651481472
2020-01-09,1.1392333388662588,0.7374281859013027,0.8859468310925427,0.7463301738499417,0.7128916668012306,0.7246861571259552,0.8202734314532129,0.7856487709014164,0.8227742188368713,1.2032927971216871
2020-01-10,1.1392333388662588,0.7296956478120864,0.8852943055660543,0.7426533840474849,0.7128512437325105,0.7231272221621219,0.8191890605803764,0.7840641539501833,0.8209086923238443,1.1988578502107818
2020-01-13,1.1392333388662588,0.7421949018927863,0.8994318780513704,0.7525403961324689,0.7226047431392153,0.7313985493452081,0.828670797239817,0.7932888529369021,0.8278801016161721,1.2065967241131992
2020-01-14,1.1392333388662588,0.74049717076194,0.8990070383536474,0.7517944778904484,0.7232095149433013,0.7307680556090945,0.8279901492144176,0.7917619396800781,0.8285057910362073,1.2067521378722335
2020-01-15,1.1392333388662588,0.7441980469492461,0.8976509463808127,0.7484166289380888,0.7213642682513198,0.7284187594322429,0.8255553766940571,0.7907544557116162,0.824393938939353,1.191574648151367
2020-01-16,1.1392333388662588,0.7419787247434135,0.9002829378291011,0.7475276658794608,0.719027000725033,0.7246027584210872,0.8240541435138141,0.7897413577684622,0.8218715310846347,1.1852829752004546
2020-01-17,1.1392333388662588,0.73845443843169,0.8967720129612842,0.7444125021257832,0.7152964284683455,0.7216325337811075,0.8221037854484252,0.7870883649710892,0.8201637383372883,1.1775516474884915
2020-01-20,1.1392333388662588,0.7518566679163217,0.9051275511828425,0.7519549701304732,0.7247232137702149,0.729289392117185,0.8326777215040508,0.7943288528441059,0.8290029430920194,1.1831742790200062
2020-01-21,1.1392333388662588,0.7482882890064328,0.8908534318632634,0.7425256500397523,0.7178062737041098,0.7213747158894046,0.824996077779882,0.7851207950445449,0.82100022698448,1.1702560753935152
2020-01-22,1.1392333388662588,0.7573196480878306,0.8971853173537925,0.7444490028680197,0.7205320364153014,0.7246063677572657,0.82665286750862,0.7835689549206307,0.8224022461603712,1.1663481550125152
2020-01-23,1.1392333388662588,0.7371103956534264,0.8612684590482901,0.7192060701816044,0.6971025330649001,0.6989723357262914,0.7982762005806258,0.7579259869581385,0.7949362871762046,1.127040985304766
2020-02-03,1.1392333388662588,0.6686306361482153,0.7827633046283585,0.6566106918286354,0.6376478951997225,0.6378183614069943,0.7267947570437205,0.6949770011469966,0.726024890691395,1.027582577767472
2020-02-04,1.1392333388662588,0.6641848515853888,0.7786581712063121,0.6526806540054342,0.6393516433860854,0.6370440248385869,0.7292535518698242,0.6970289673425581,0.7262237212877758,1.0225474346628214
2020-02-05,1.1392333388662588,0.6861791616290847,0.8024515270329468,0.6723654801655359,0.6564067362840351,0.6540162653462203,0.7480562021444431,0.7155195090101947,0.7446807664617775,1.0502118303988603
2020-02-06,1.1392333388662588,0.7075307889870881,0.8231730710742444,0.6926654404104906,0.6739241007196058,0.6718834648979468,0.7688196988372521,0.7359748829513227,0.7632110321649559,1.0710388472913273
2020-02-07,1.1392333388662588,0.7170462235792164,0.8354219736841234,0.7030376351901568,0.6804180816713987,0.6803743495086897,0.7761823801499941,0.7419625395746552,0.7668000165011694,1.075164229700551
2020-02-10,1.1392333388662588,0.735065837514204,0.8479045690731384,0.7134709428439473,0.6884668340892995,0.6909255349943682,0.7855301182043518,0.751670865925965,0.7780734893324178,1.099025973806134
2020-02-11,1.1392333388662588,0.7236479499514783,0.8433775616516256,0.7075326230069126,0.6863289912218009,0.6871934709185669,0.7805795993610563,0.7457685741070551,0.7746608915338857,1.0986160733817254
2020-02-12,1.1392333388662588,0.7301789604029494,0.8601867793703403,0.7193895051723089,0.7001072749985481,0.6996323008402704,0.7933342946219146,0.7565808538977331,0.7843461455903069,1.10893031410652
2020-02-13,1.1392333388662588,0.7179810404572698,0.8500150768688441,0.7128567683617718,0.6951897821176353,0.6927257639405302,0.7875818806388083,0.7476971059913833,0.7765096909819529,1.0980224664158524
2020-02-14,1.1392333388662588,0.7180734250149414,0.8490412055489135,0.7158947292549942,0.6961347102268173,0.6937378233461334,0.7896185547847541,0.7493982022390154,0.7803397940937833,1.0995093775863294
2020-02-17,1.1392333388662588,0.7509111100727855,0.8798221020939145,0.7419036832555067,0.7208599413661164,0.7167719611914765,0.8166276229474103,0.7715322961746504,0.8048913121907698,1.1312798203242913
2020-02-18,1.1392333388662588,0.7710802273267274,0.9018459956632309,0.7585178742887224,0.7367049642398621,0.729398314723136,0.8313241398447098,0.7841479637777015,0.8147135087831738,1.1421722044055027
2020-02-19,1.1392333388662588,0.7823279848533848,0.9010682160937574,0.753727865277025,0.7315149021163235,0.7228150081359154,0.8273089542838907,0.7767767110879343,0.8134713549287902,1.13663900834177
2020-02-20,1.1392333388662588,0.7992642285444597,0.9213331761266049,0.7662893885499658,0.746564392040081,0.7353299681104886,0.8432194412731331,0.7893082582057349,0.8274005634500301,1.1573538070587934
2020-02-21,1.1392333388662588,0.8166519078139587,0.936247054500313,0.7775396650812739,0.7577399277080026,0.7441274172791159,0.8539684443405621,0.7981778948741447,0.8369644548597729,1.169825325830301
2020-02-24,1.1392333388662588,0.8417524396826611,0.9529392413898878,0.7924910097797421,0.7718733860283572,0.7561390918281534,0.8660672106424414,0.8097863503985069,0.8457364233842048,1.1759678938729974
2020-02-25,1.1392333388662588,0.8559245225896045,0.9556958901854677,0.7929611601470119,0.7727152241529625,0.7574612740198674,0.8649437440700412,0.808496036905971,0.8451471602878844,1.1621442604628385
2020-02-26,1.1392333388662588,0.8240614606493252,0.9356032791005329,0.7724763834778257,0.7518080151818448,0.7395520084347749,0.845632819328053,0.7961929339092698,0.8346973165864593,1.158346862240482
2020-02-27,1.1392333388662588,0.8253839045972479,0.9379861779894977,0.7720265056427598,0.7542207946289806,0.7420986039678817,0.8453781451032497,0.7996694885574969,0.8349563931230559,1.1653865612605272
2020-02-28,1.1392333388662588,0.7762819638611216,0.8800433070026332,0.7278291689473065,0.7129454749437514,0.702543203739876,0.8002367903633705,0.7607136898730669,0.7957326129683725,1.1116049175930232
2020-03-02,1.1392333388662588,0.8140717401493393,0.9192885669106445,0.7587297731604649,0.7398349875802184,0.7316456631447493,0.831555890644843,0.7903658485937185,0.8271527660384993,1.1626212207955957
2020-03-03,1.1392333388662588,0.8341910329433532,0.9372261919251832,0.7695636460202074,0.7480975362801611,0.7410396219469995,0.8408611422760183,0.7996984254142192,0.8348010503071824,1.1734593925632413
2020-03-04,1.1392333388662588,0.8362997714648183,0.9476982261655192,0.7764722558298515,0.7516472973837567,0.7460439739249736,0.8456995456636367,0.8063929120719439,0.8399589189494444,1.1935712027266119
2020-03-05,1.1392333388662588,0.8567012997505502,0.9589912821505647,0.7884801387741028,0.7641062160667423,0.759016952281176,0.8596238323358448,0.8211562490197294,0.85527614549823,1.212833856008076
2020-03-06,1.1392333388662588,0.8663107960562364,0.9598039893453474,0.7883191675304485,0.7633079079202552,0.7585576629554749,0.8578016542240482,0.8178565234410441,0.8503062028021726,1.205031208019491
2020-03-09,1.1392333388662588,0.8321839410726506,0.9245789564513056,0.7596621309025646,0.7350077303100292,0.7350818403209025,0.8250206534812394,0.7901766056156966,0.8214810409669944,1.1658675378819339
2020-03-10,1.1392333388662588,0.8525362850705152,0.9508650360147585,0.7776430395752993,0.7515528380347477,0.7493743967745216,0.844613675391557,0.8032828153644527,0.839971742949717,1.1868564431837736
2020-03-11,1.1392333388662588,0.8350666617936009,0.9431099353798275,0.7688340655460418,0.7430340693646769,0.7423961645510281,0.8357102125353492,0.7961274561736236,0.8323099624683162,1.1770483753733016
2020-03-12,1.1392333388662588,0.8200688330538037,0.9260419157479377,0.7552970802301185,0.7273667483859102,0.7268814186687607,0.8195940843624607,0.7799417123835759,0.8170356839441671,1.1586536940324996
2020-03-13,1.1392333388662588,0.812088933584701,0.923885772632091,0.7470679790733473,0.7188146116495139,0.7180444733104452,0.8119080964255836,0.7712868391771203,0.8075752763152286,1.145076936878047
2020-03-16,1.1392333388662588,0.7674805345862562,0.8852091805898646,0.7138158943605672,0.6874704651762152,0.6900489790898351,0.7790999816495691,0.7434387287609545,0.7775283053190565,1.109802991540806
2020-03-17,1.1392333388662588,0.7717044286371638,0.8880212651227914,0.7125989469857091,0.686279751215778,0.688223965737865,0.7772298037765589,0.7436991797703741,0.7744065751339092,1.1056533863835598
2020-03-18,1.1392333388662588,0.7605636773532488,0.8678662139730825,0.7014295063074016,0.6771172275906946,0.678512734743035,0.7649479761859038,0.7312098893532977,0.7612909487000968,1.0907966208097128
2020-03-19,1.1392333388662588,0.7704508433830461,0.8748660692116109,0.7096109817838305,0.6850929682552537,0.6840974414978789,0.772230361578568,0.7364391706086076,0.7674404184048645,1.088072555177919
2020-03-20,1.1392333388662588,0.7781030992353704,0.8794930807982452,0.7194932657205195,0.6940435655222583,0.6917122029231142,0.7828951941488986,0.7473876314807699,0.7778453953854021,1.105803197875086
2020-03-23,1.1392333388662588,0.747131064640427,0.8450999189518489,0.6907992721061729,0.6642554261977908,0.6633931033577302,0.748728405789945,0.7212758406022864,0.7519775891278141,1.0780971621049125
2020-03-24,1.1392333388662588,0.756251542030969,0.8577670365208185,0.7023441309197035,0.6764635555494027,0.6753152727391533,0.7622207035920523,0.7370264522692153,0.7677090626159409,1.094987261108203
2020-03-25,1.1392333388662588,0.7747471527843158,0.8784340699069592,0.7193885172235042,0.6934690685634185,0.6906513000676443,0.7799366115334985,0.755172350050853,0.782328279453322,1.11531354919713
2020-03-26,1.1392333388662588,0.7594683474667471,0.870150225824705,0.7121977756328283,0.6856093931558885,0.684025945568937,0.7723641364627325,0.7499217410944472,0.775799548243471,1.1008273648942117
2020-03-27,1.1392333388662588,0.7485523831793571,0.859549755228212,0.7054378925353416,0.6821818266889659,0.6806056553491939,0.7697257569775839,0.7492804925881745,0.7736188764404673,1.1024610457588409
2020-03-30,1.1392333388662588,0.7237530561625828,0.8335484633926862,0.6882582804201484,0.6679917454258628,0.6647187193536707,0.7537960322885416,0.7348853643658733,0.7581371165465501,1.0910092343561815
2020-03-31,1.1392333388662588,0.7193469618882156,0.8307269961414432,0.6888706442418899,0.667506124630266,0.6662309617221768,0.7547287689911685,0.7369448301410463,0.7617347141059925,1.0907570945610736
2020-04-01,1.1392333388662588,0.7164755621830523,0.827640624005946,0.6848721320591711,0.6651472988583574,0.6625054456533972,0.7501229273131103,0.7327104075112202,0.7565065422187958,1.0758446364732777
2020-04-02,1.1392333388662588,0.7415723046949203,0.8521196904106731,0.7011875063271658,0.6813860886202561,0.6779202484633502,0.766629006579908,0.7458139587643471,0.770375738508762,1.0911084225622705
2020-04-03,1.1392333388662588,0.7341136473538952,0.8443974997987189,0.697865685595111,0.6779159241845275,0.6755235224550249,0.7630040945709693,0.7435985702342515,0.7661202703824852,1.0845577979472025
2020-04-07,1.1392333388662588,0.7660856124959198,0.8766609106737854,0.7221518108917987,0.7000006007410303,0.6964069082072242,0.7877172451525732,0.7665874089706658,0.7897217628659724,1.1188600240529016
2020-04-08,1.1392333388662588,0.7724895064639,0.8765494665616139,0.7267111117943102,0.7021147674339551,0.6982534704282721,0.7908960684143184,0.7713660730473372,0.7919385023574355,1.1225372356456889
2020-04-09,1.1392333388662588,0.7805641093079922,0.8857518687099155,0.7338017426047199,0.7078613713801405,0.7045172080148251,0.7973224925575592,0.7797551291565492,0.7973251024712621,1.1362531963430529
2020-04-10,1.1392333388662588,0.7517464107248916,0.8602598706560545,0.7127719375568542,0.6896542198403495,0.6877722512203246,0.7780773766674397,0.7643634257348664,0.7800566647375475,1.1156934901718625
2020-04-13,1.1392333388662588,0.7437695778298361,0.8517174264680548,0.704564162169412,0.6838310787116784,0.6835876676543337,0.7718138300335581,0.7603150578833086,0.7772020155856169,1.1161386288256134
2020-04-14,1.1392333388662588,0.7638241864609624,0.8726672836438881,0.718116417163287,0.697650185167775,0.6962662714895735,0.7865852442405848,0.7734547242219462,0.7886422644382,1.1298073957115833
2020-04-15,1.1392333388662588,0.7623197784406412,0.8704744409583429,0.7147248108690127,0.695537277608689,0.6914431372200375,0.7819347289774777,0.7684549571787407,0.7855400066288005,1.122785892095073
2020-04-16,1.1392333388662588,0.7686078869794899,0.8776933863238994,0.7177358701314214,0.7003445369255531,0.6948366856073976,0.7865643043197638,0.7702772680018583,0.7888226240861597,1.127031005408158
2020-04-17,1.1392333388662588,0.7643694760239457,0.8772312936008165,0.7154679297489113,0.6998698376588223,0.6953230407538953,0.7873168038927167,0.7704278701553172,0.7878777489340771,1.1324832904673148
2020-04-20,1.1392333388662588,0.7780613160852488,0.890514249679666,0.7262261673651331,0.7094142631457424,0.7044979765931079,0.7971897411841847,0.7804196340289874,0.7951412676860437,1.1492572850298715
2020-04-21,1.1392333388662588,0.7724905937972156,0.8926500174134646,0.7222755969968174,0.7075715072095589,0.69984304516228,0.7929189600096697,0.7767497454105743,0.7928112035196713,1.14624056052435
2020-04-22,1.1392333388662588,0.7848950748432663,0.9013793347887014,0.7288289903738978,0.713518822918553,0.7056789651714797,0.800579991379288,0.7845065219671594,0.8028660490272577,1.1535613948361727
2020-04-23,1.1392333388662588,0.7710656079195878,0.888064456526833,0.7235068709178497,0.7111218072212488,0.7029145837525157,0.7987380362980541,0.7818030969228955,0.8019124067753545,1.14640664065331
2020-04-24,1.1392333388662588,0.7528284325110052,0.8701832709054158,0.7081231468735132,0.6970157142356008,0.6895907094871521,0.7843590932802229,0.7690577519599318,0.7882372074040498,1.129847395252043
2020-04-27,1.1392333388662588,0.7487067062407591,0.8633181525817951,0.7002353920551793,0.6933101746812993,0.6881579268535579,0.7773530343661477,0.7636618793500751,0.7854878811845338,1.1268195423767655
2020-04-28,1.1392333388662588,0.7365772522975517,0.8442478969435505,0.6879523724554807,0.6816217513519583,0.6763211049727837,0.7644786333038002,0.751694585467371,0.7747245622377685,1.1059801119859456
2020-04-29,1.1392333388662588,0.7286844248783905,0.8384767976322833,0.6852134724236248,0.6799794135826065,0.6743502674316688,0.7636838330809053,0.7494211516214085,0.7734593420287488,1.1077630378097014
2020-04-30,1.1392333388662588,0.7439280306707362,0.8573646505099449,0.7013921853296283,0.694157439612228,0.6879865924381589,0.7819895496969801,0.7609752379284439,0.7833294221454961,1.1272023542345009
2020-05-06,1.1392333388662588,0.7616152910767147,0.8745950003320198,0.7144655631041599,0.7078392890152289,0.7000031707333694,0.7971029071079394,0.7718547061717774,0.7929375280232086,1.1414588105381622
2020-05-07,1.1392333388662588,0.7650754421750672,0.8730808840755676,0.7131819771938671,0.7035395051559348,0.699082852440615,0.79552508303598,0.7727607750168519,0.7918052906693742,1.1437246953947815
2020-05-08,1.1392333388662588,0.7643852485678096,0.8805299924150307,0.7172937294531692,0.7090780603618385,0.7029860910133415,0.7998291944622332,0.7774723017354374,0.7954953268571502,1.1516490715973347
2020-05-11,1.1392333388662588,0.7630925517900712,0.8778988865857421,0.7173947849036867,0.7088235842814125,0.7038052217749448,0.801162029077922,0.7771651793296799,0.7944168515751182,1.151335268659124
2020-05-12,1.1392333388662588,0.7632620716037356,0.8730707968484248,0.717372860590306,0.7077921640155896,0.702691425871834,0.8012945267163447,0.7775957531659042,0.7931440660388619,1.1477522022138436
2020-05-13,1.1392333388662588,0.7711642045854535,0.8776355363707697,0.7206945214157766,0.711536858729385,0.7066464260059558,0.8052179440770497,0.7822958225468399,0.7956323572849914,1.1536139256795395
2020-05-14,1.1392333388662588,0.774354716015263,0.8730285418866207,0.7143703234984322,0.7063258094989183,0.7008983445413943,0.7991742938806596,0.7738210224654872,0.7882685670048685,1.1414097831339904
2020-05-15,1.1392333388662588,0.777095593871337,0.8742624545116578,0.7162842450191161,0.7090411394833129,0.7027882564589116,0.8007376392182715,0.775333593152016,0.7874409705722237,1.1394005047271687
2020-05-18,1.1392333388662588,0.7668761289465688,0.8704662244719154,0.7111611292464887,0.7077897126559713,0.7009340206707956,0.7983435004069872,0.7729894154925716,0.7862656853109041,1.133013663505656
2020-05-19,1.1392333388662588,0.7741840690083112,0.8819277739005354,0.7189974900201762,0.7154286351184213,0.7078903348486146,0.8063699694787498,0.7804527947018605,0.7933936796728247,1.1425919733512158
2020-05-20,1.1392333388662588,0.7500010908151067,0.8783613265313776,0.7119067865309339,0.7080374673672629,0.7021747736587224,0.7986841359031988,0.7727990369945774,0.785719264007011,1.1342972957188522
2020-05-21,1.1392333388662588,0.7399426241310021,0.8646291430346487,0.7043381656201452,0.7013710957284696,0.69558956611683,0.7901471669846835,0.7665314532246167,0.7794373911164086,1.1252181833164112
2020-05-22,1.1392333388662588,0.7361291001688911,0.8541976318016242,0.694601849939336,0.690203675455627,0.6841251107929113,0.7756881589956915,0.7533043366408131,0.7664636970207931,1.105280139478932
2020-05-25,1.1392333388662588,0.730378028390631,0.8537380381462115,0.6929054753718593,0.6899784530314435,0.6849410268955881,0.7763710462791709,0.7523181584883708,0.7654091728750686,1.109680404993715
2020-05-26,1.1392333388662588,0.7379464246914609,0.8730539242564569,0.7073134490029664,0.7015427939667666,0.6971658192081263,0.7903250885269396,0.7671322397662484,0.7784985199687998,1.1289422791197765
2020-05-27,1.1392333388662588,0.7465364837091043,0.8698093437036639,0.7053770023897061,0.7006518980836638,0.6950673797472485,0.7885773623227437,0.7644240330103279,0.7746456252513961,1.1276629994603111
2020-05-28,1.1392333388662588,0.7382629035805642,0.8617369344073037,0.7008434120243565,0.6978081018168788,0.6912621340732023,0.7832307800579289,0.7620698952517981,0.7739254608158689,1.1274672165252726
2020-05-29,1.1392333388662588,0.7465561186543004,0.868516593406307,0.7069243511839893,0.7027563226548785,0.6964794045228292,0.7855417124481234,0.767763857324379,0.7790588282898551,1.1305572647000621
2020-06-01,1.1392333388662588,0.7677676095751099,0.8928737784368533,0.7262744937965993,0.7189400465825004,0.7138646583297499,0.8066072706384078,0.787662499146608,0.798712681385493,1.1587891068610983
2020-06-02,1.1392333388662588,0.768382473963647,0.9044843433423765,0.7314528172603101,0.722419916518081,0.716220288100858,0.8093121494374259,0.7894982935597553,0.8003927241507411,1.1646629303644538
2020-06-03,1.1392333388662588,0.7687324271438764,0.9036371937518384,0.7321061386030675,0.721999012766238,0.7168606681035677,0.808705627127896,0.7900803652914402,0.8020143321276704,1.160910353620474
2020-06-04,1.1392333388662588,0.7694264293945638,0.9025209156682683,0.733985069398917,0.7244654881693977,0.7188463928692356,0.8096918557517485,0.7936590277064661,0.8032475805253688,1.1628770233521235
2020-06-05,1.1392333388662588,0.7697491126718132,0.9018795063258747,0.7347860709032835,0.7245278558108543,0.7180864592729075,0.8079508763232396,0.7918005235397343,0.798519163546876,1.1613907618123094
2020-06-08,1.1392333388662588,0.7657427291968986,0.8968904759706277,0.7330693996707828,0.7219167582723139,0.7155252389647938,0.8062524117270614,0.7920255436187268,0.7967366250345205,1.1594986483669991
2020-06-09,1.1392333388662588,0.7703845908504339,0.8977417972594443,0.7363599496682784,0.7235472653019894,0.7192861127614376,0.8093842365610708,0.7940774842665167,0.8026666109730262,1.1613976621242053
2020-06-10,1.1392333388662588,0.765589595183233,0.8919019093921594,0.7339681288921842,0.721042269239199,0.7163522404393512,0.8087265546269536,0.7936608818055355,0.8003123085976955,1.158247355101586
2020-06-11,1.1392333388662588,0.7657437337623282,0.8897483844760807,0.7333461197962804,0.7178932848728099,0.7134674159732461,0.8050015083153884,0.7909449728206382,0.7961957753893616,1.151600576687849
2020-06-12,1.1392333388662588,0.7677526278619495,0.8899187088232325,0.7318104897057741,0.7164924339007055,0.7140807844992095,0.8060062221525834,0.7927800147395445,0.796803390004556,1.1514188631800266
2020-06-15,1.1392333388662588,0.7754676236402559,0.8876217943308756,0.7298555956792773,0.7158957668616378,0.7134700080076741,0.8049865808284106,0.7912092903291887,0.7942092173535291,1.14412235462224
2020-06-16,1.1392333388662588,0.783790670495998,0.9017124294411872,0.7408001692127836,0.7265694614382089,0.7252276753961259,0.818735740776485,0.8053960470211582,0.8053790996064848,1.1683937683953818
2020-06-17,1.1392333388662588,0.792384333947113,0.9034034770779191,0.7408303960689541,0.7298722081603474,0.727833600621172,0.8230689630656033,0.8082665937517537,0.8100388479082256,1.1718902444978303
2020-06-18,1.1392333388662588,0.7838405608473753,0.9045258414096359,0.7386251635891247,0.7275391755369727,0.726499329943313,0.8234694095927854,0.8047977938629381,0.8074760189341382,1.168850115595279
2020-06-19,1.1392333388662588,0.7853281196438302,0.9090146615313006,0.7422931098281956,0.7292957776124547,0.7289763337377323,0.826369319636003,0.8104627385374935,0.8111569837912936,1.1682610495157124
2020-06-22,1.1392333388662588,0.7878154419177921,0.9092587596200354,0.7432376354871253,0.7284256437392835,0.7304164277404652,0.8275191580431256,0.8095489572241783,0.8117063187788119,1.1679715437852571
2020-06-23,1.1392333388662588,0.7893450541600756,0.9108046299372472,0.7398973717075518,0.728265292113062,0.7298328347353794,0.8245985070968284,0.8095806709881654,0.8085921495994193,1.1643819224118646
2020-06-24,1.1392333388662588,0.7902507543643941,0.9083711546289837,0.735992550163417,0.7261683919164417,0.7262512648969245,0.821294957759591,0.807743535551555,0.8041890658797977,1.1598185162062296
2020-06-29,1.1392333388662588,0.78737229780834,0.8983409743368911,0.7299929874438913,0.7206466648277402,0.7232990652903074,0.8181539023170641,0.8049454476295531,0.8023599693913319,1.150687222103276
2020-06-30,1.1392333388662588,0.8011697166482772,0.9097027229918168,0.7393291120373483,0.7311190810139352,0.735292774657235,0.83089638823072,0.8171278403345841,0.81470105005859,1.167786721210762
2020-07-01,1.1392333388662588,0.804333538299707,0.910125217243988,0.7419815718756675,0.7334056676586048,0.7405605379779542,0.8353497935968717,0.8215208137760031,0.8183559162681118,1.177747819184186
2020-07-02,1.1392333388662588,0.8132647586010983,0.9232544190522157,0.7512471604725196,0.7425686456054882,0.7510461266654825,0.8469601818440604,0.8299213208949974,0.8301274341315352,1.1895751600491085
2020-07-03,1.1392333388662588,0.8178923225322906,0.935225908515554,0.7583301578660698,0.7500310989397447,0.7584100331757472,0.857109873575678,0.8362526867520119,0.8390017656374426,1.201403380680416
2020-07-06,1.1392333388662588,0.8438491347604771,0.9720184369651395,0.7853729956533286,0.7774213077912057,0.787043100394701,0.8897439384078515,0.8660079260226594,0.8715903743408088,1.2453978221347746
2020-07-07,1.1392333388662588,0.8553207284353458,0.9840475371234705,0.7945989684444201,0.7869760338650278,0.7952030534077338,0.8993466208051902,0.8749517769691535,0.8772129604997833,1.2502234849148637
2020-07-08,1.1392333388662588,0.8742123798827567,1.003514046503938,0.812328831045431,0.8025439228017303,0.8103651285359937,0.9174404249581491,0.8930520988565575,0.8954691840919635,1.2820305402239036
2020-07-09,1.1392333388662588,0.894360732662746,1.0317223884994906,0.8330478006296653,0.8231038155782731,0.8297260256955767,0.9399868698365681,0.9180935184641318,0.9203482646230868,1.3192641744190343
2020-07-10,1.1392333388662588,0.8936171374645072,1.021859330617333,0.8316972652167033,0.8169898384843448,0.8263961600780025,0.9331364335803557,0.9140678917978475,0.9138312974520416,1.3049962175238448
2020-07-13,1.1392333388662588,0.9160068020181062,1.0539789660956573,0.8575440306854414,0.8421347648165355,0.8547249923219506,0.9648353168759852,0.9460686193481915,0.9429799868876225,1.3594227217772699
2020-07-14,1.1392333388662588,0.9092247514084546,1.0548600550287783,0.8525215245328948,0.8366997185379008,0.8472746311593701,0.9582346289377595,0.9397757704189934,0.9443953801660413,1.3649576249014304
2020-07-15,1.1392333388662588,0.8808110249936749,1.024376444825553,0.8345327630658333,0.8152533352253722,0.8255416864635298,0.9350004208196504,0.9155993349533951,0.9218646617930556,1.3298172336680216
2020-07-16,1.1392333388662588,0.8461603926289878,0.9774683630609462,0.7966421766070205,0.7803077638667376,0.7877951735798276,0.8906730341706603,0.8718688193931875,0.8831093611350709,1.271036408241471
2020-07-17,1.1392333388662588,0.8522018550076627,0.97294303551261,0.7986732166572331,0.7822691387436788,0.7884802975942368,0.8920353247859185,0.8745357148982033,0.8881380590412801,1.2757915386688057
2020-07-20,1.1392333388662588,0.8829725073861204,1.0055310485028737,0.8263982415993002,0.807233929789227,0.8162107868832569,0.9247059279825772,0.903802332087648,0.9209189506194725,1.329815304059981
2020-07-21,1.1392333388662588,0.8993841544618708,1.0079510461556616,0.8284626367150812,0.8104806551950686,0.820813255563365,0.9302956946359181,0.9091352964286438,0.9254902981359074,1.3413049875222958
2020-07-22,1.1392333388662588,0.9046678631992922,1.0101208818130172,0.8344431604370902,0.8161887170647535,0.8256153995179906,0.9355085787913324,0.9150161176631869,0.9306886031432923,1.3461235692608615
2020-07-23,1.1392333388662588,0.9093825983373144,1.0093382732158687,0.8334291408315864,0.8148241204138382,0.8233509686467777,0.9334038208988945,0.9166754850238624,0.9351351469743964,1.3383280965726894
2020-07-24,1.1392333388662588,0.8807968383797105,0.9673037909124451,0.8007310964125182,0.7817967459895955,0.7882538776867072,0.8936518168268736,0.8782233552316572,0.899591768748356,1.2784288175402514
2020-07-27,1.1392333388662588,0.8753415695196942,0.9676423136842444,0.8013432749860078,0.7828746811417836,0.786653885068605,0.8965226175655215,0.8802036025134912,0.8986170560783684,1.283032204449724
2020-07-28,1.1392333388662588,0.8894620256434115,0.9799455255979527,0.8119750979197156,0.793507154120514,0.7960066203071556,0.9047533845506709,0.8885764446323398,0.9073546694646766,1.296704736157056
2020-07-29,1.1392333388662588,0.9213404448308519,1.0063252719418776,0.8322019156809041,0.8117765708932587,0.8156501721649286,0.927452466027456,0.9099988053229062,0.9301949112487443,1.3246618402363899
2020-07-30,1.1392333388662588,0.9261796780018532,1.0015153349206418,0.8346592586817547,0.8134185579418403,0.8151637404620428,0.9280544001215063,0.9097473780319645,0.93319337429511,1.3272259388869652
2020-07-31,1.1392333388662588,0.9409717772557984,1.0140279252529718,0.8469248988836537,0.8247929250760553,0.8254175414783036,0.9410332736939042,0.923413972452425,0.9436204776698651,1.3415931221945596
2020-08-03,1.1392333388662588,0.968710540332124,1.0449381930262842,0.8733435662811301,0.8482797575692392,0.8498309797780612,0.9686921380734704,0.9517365510110938,0.9709202913116196,1.3864634391309831
2020-08-04,1.1392333388662588,0.9690203290254515,1.0434923956747613,0.8677717148263825,0.8422557454116937,0.8451384168009305,0.9619789508805601,0.9454784525278801,0.963325313374928,1.3795128534923569
2020-08-05,1.1392333388662588,0.9857139763251997,1.0546713094391653,0.8774800897189418,0.8541450945359927,0.8535534829023403,0.9728757897975815,0.9565772599732192,0.9729549381719227,1.4004820294220701
2020-08-06,1.1392333388662588,0.9984687026860019,1.060824878911554,0.8763513306038174,0.8521289098845095,0.8518440207881498,0.971843470616627,0.9526055099642406,0.9698887310284277,1.3982125918515005
2020-08-07,1.1392333388662588,0.9868226360596443,1.0449456189751274,0.8678037328373223,0.8439154926955288,0.8431878498516686,0.9615593969411583,0.9430013316186475,0.957325139892979,1.383161756610641
2020-08-10,1.1392333388662588,0.9872721115217608,1.0526245941260775,0.8712193252952277,0.848041999578596,0.84916694006732,0.968346795355707,0.949238440065738,0.9627344321247387,1.3956104494353914
2020-08-11,1.1392333388662588,0.9728616581033984,1.0306145022776376,0.8532181811723952,0.8317340993508495,0.8350651455724907,0.9495901623461972,0.9333733430918341,0.9409550212892845,1.3642863064171262
2020-08-12,1.1392333388662588,0.9512090606551802,1.027077048007839,0.8452528042677989,0.8269606176916047,0.8267374254071397,0.9426011574991171,0.9219687657664932,0.9307932232480545,1.356753981157432
2020-08-13,1.1392333388662588,0.9632085644094014,1.033547637236625,0.8484357279186086,0.8312090429719461,0.830162599319613,0.948462723944474,0.927917739749784,0.9374283437438802,1.3584140024318987
2020-08-14,1.1392333388662588,0.9741077680662861,1.0430603407241499,0.8542026563323339,0.8361783806353598,0.8361368932901144,0.9557695725185913,0.9341770617029267,0.942262232473013,1.368240963940913
2020-08-17,1.1392333388662588,0.9815876951254165,1.0638863459670476,0.8696241187379375,0.8536931566895337,0.8520062235039475,0.9761370286597959,0.9515633374785754,0.9592306519040997,1.3971507189775072
2020-08-18,1.1392333388662588,0.9790644923340623,1.0695401755306406,0.8777616525240638,0.861777582246722,0.8593341414888844,0.9847452329390095,0.9604755948138343,0.9685206688645057,1.408055455993841
2020-08-19,1.1392333388662588,0.9567998893077989,1.0543054883793874,0.8632054435828561,0.847815840784071,0.8456113338748795,0.9713998331044467,0.9446321554968123,0.9544551147674123,1.397011243682355
2020-08-20,1.1392333388662588,0.9407423638882312,1.03856662996527,0.8539915676078325,0.8379609495789281,0.836254032016816,0.9599888401166903,0.9307566028349658,0.9424082619112634,1.3880592673913588
2020-08-21,1.1392333388662588,0.9546955375883804,1.042540572838762,0.8577215360338489,0.8435045555536478,0.8415149466789489,0.9685179662908543,0.9378026863270208,0.9480298708034562,1.3998822665679
2020-08-24,1.1392333388662588,0.9612565526559769,1.0546754581470383,0.8630762357001609,0.8507089762580909,0.8473485753734179,0.9774115501529058,0.9439247653396491,0.9547107024769194,1.397252890723106
2020-08-25,1.1392333388662588,0.9694663898352963,1.0571869241850305,0.8608138918373729,0.8515720056653063,0.8483767422302017,0.9722656562039691,0.9400737626092674,0.9505651600393713,1.3897011004311024
2020-08-26,1.1392333388662588,0.947236380695316,1.0382955271707748,0.8428660164693985,0.8351161434305769,0.8297393019559016,0.9539734089815628,0.9185940078003163,0.9334977349216748,1.3637675298964549
2020-08-27,1.1392333388662588,0.9657331949143353,1.0587010160122217,0.8552684135299932,0.8456976261753636,0.8388439586829504,0.9654568129675563,0.9311679974273519,0.9434646595980469,1.3817229083130789
2020-08-28,1.1392333388662588,0.9650527200549772,1.0641351735405287,0.8648336112445331,0.8530310153672328,0.8486806926506901,0.9755088401490096,0.9433366965093767,0.9533489504419308,1.392041286045503
2020-08-31,1.1392333388662588,0.9544882514578167,1.0671952831050742,0.8659535545266306,0.8572439868870763,0.8505312441101609,0.975093864735951,0.9444276646574578,0.9529709497513682,1.3962050611814762
2020-09-01,1.1392333388662588,0.9599723035346608,1.0840773266283659,0.8693476883084194,0.8644698370607832,0.8562434484498399,0.98151665077379,0.9500065790144993,0.9586727014806244,1.401518370222173
2020-09-02,1.1392333388662588,0.9677419766808165,1.0982912204888864,0.8767837422561171,0.8713521346836463,0.8628402357252962,0.986273346951551,0.954829057451636,0.9607053264017662,1.4098449039953818
2020-09-03,1.1392333388662588,0.9654646780944864,1.0836162688825288,0.8682578605932503,0.8631233008396121,0.8557249918005181,0.976192117721799,0.9471164720708916,0.9493558197606091,1.3936288977021607
2020-09-04,1.1392333388662588,0.9748762212338673,1.0973951263895902,0.8723205050216751,0.8663365433525055,0.8559916873227359,0.9764344779610716,0.9444361193253045,0.9480773507940435,1.3894077928640558
2020-09-07,1.1392333388662588,0.9767041515251772,1.0999825089200923,0.8647549058619355,0.8597859723764368,0.8463552543349303,0.963081783645037,0.9334142673224987,0.9368874497146396,1.3713049877956212
2020-09-08,1.1392333388662588,1.001027492075658,1.1191665546407372,0.8743721185826332,0.869935223283636,0.8533252793313284,0.9707695287153963,0.9431074039037629,0.948896142050437,1.3832599678085225
2020-09-09,1.1392333388662588,0.9752013666568763,1.0797222699825493,0.849301154365136,0.8460316719077229,0.829706466291384,0.9438232880258127,0.9174646064364332,0.9274867241739098,1.3528284998490385
2020-09-10,1.1392333388662588,0.9216714224110806,1.0232121351794194,0.8127470614351278,0.8113670052111558,0.798067853725509,0.9126702315685686,0.8833964138319993,0.8958566383647196,1.2994010577748816
2020-09-11,1.1392333388662588,0.9331275379745705,1.0410030798053658,0.8249589306884682,0.823157507315276,0.808558398078631,0.9270530585709659,0.898755590719122,0.9068678420567889,1.317075550224453
2020-09-14,1.1392333388662588,0.9563809746201825,1.0739516327519698,0.8406755431661651,0.8394732935253303,0.8205390851561747,0.9388487139065144,0.9131795230895497,0.9203974134524803,1.3378147785386145
2020-09-15,1.1392333388662588,0.9566062231460192,1.0755891687364758,0.8433656635001985,0.8423655178072117,0.8239926591398717,0.9421331649275834,0.9157480861507377,0.9217971231957298,1.338853956591695
2020-09-16,1.1392333388662588,0.9481505295907477,1.0716564983093477,0.8358521798335058,0.8372407626845225,0.8171507693438915,0.9357521460273527,0.9096923293994411,0.9152379071606824,1.3272097191309817
2020-09-17,1.1392333388662588,0.9496506606432028,1.075183901363463,0.8382848026216193,0.8386416527523874,0.8182710564019304,0.9383002901246222,0.9095487662038129,0.916822667273799,1.3272086572533517
2020-09-18,1.1392333388662588,0.9540418438187742,1.083666696116556,0.8479571212791926,0.8481557746844226,0.8298679885531256,0.9512037913514849,0.9218553691060296,0.9296605490768957,1.3508161481742653
2020-09-21,1.1392333388662588,0.9509464627636349,1.0847728647464032,0.8453272946193909,0.8485642914205762,0.8279142283793067,0.9469136158250191,0.9206263653369853,0.9273764886204738,1.3473245908680085
2020-09-22,1.1392333388662588,0.9415909829507186,1.0628846840568076,0.8320300585469951,0.8334920329765886,0.8156929304820468,0.9342974082600619,0.9056355102356425,0.9115991948578821,1.3267709042985896
2020-09-23,1.1392333388662588,0.9415498044651969,1.0685873248901798,0.8373242946901724,0.8377067624068459,0.820398415250854,0.9392947317502921,0.9116101365757041,0.9182837227681537,1.3347877565039026
2020-09-24,1.1392333388662588,0.9087375516363595,1.0331769085738605,0.8141867087160114,0.814120052865749,0.7986017600293103,0.9134829340554907,0.8843128162935073,0.8946353513805239,1.2960575022587917
2020-09-25,1.1392333388662588,0.9055568193964953,1.0245542782103862,0.8104618077953208,0.8098702748954394,0.7940939875986454,0.9098017433885477,0.8807709012863079,0.8910959455292757,1.2855851920577217
2020-09-28,1.1392333388662588,0.8982501462664237,1.005436172731236,0.7961222262517526,0.7976015891220308,0.7820686772082565,0.899929600821147,0.8689350914140539,0.8825862963415092,1.2656741485702894
2020-09-29,1.1392333388662588,0.9034996422543077,1.0176945285685297,0.8033400900981708,0.8058357743060944,0.7870081017134847,0.9057024733836397,0.8778312790185272,0.8876469220570109,1.2710064176309315
2020-09-30,1.1392333388662588,0.9044659122716785,1.014855941100575,0.8009701188970182,0.8032747487318005,0.7868841481650367,0.9032797359212713,0.8766803579926994,0.8843800004634254,1.273075374238927
2020-10-09,1.1392333388662588,0.9279320995848737,1.0476985733040542,0.825733494771533,0.8279660215258714,0.8108639392203092,0.9305984174577755,0.9048273230568462,0.9120745188783531,1.3180501600954548
2020-10-12,1.1392333388662588,0.9618603945961769,1.087239862852445,0.8497320541433749,0.8539694073673938,0.8340742902390323,0.9586709583437657,0.9315772105105455,0.939027062720189,1.361850997702983
2020-10-13,1.1392333388662588,0.9718086771399496,1.1055158145481532,0.8554609625986388,0.858996441175011,0.8367643493226604,0.9649360914616106,0.9362817950281107,0.943402394105518,1.3644193444864898
2020-10-14,1.1392333388662588,0.9661598024270208,1.0987093767148095,0.8495137283130539,0.8545584843318615,0.8321396325469851,0.9606799876513548,0.9316254073043287,0.9366481397046303,1.3582298508252002
2020-10-15,1.1392333388662588,0.9644293475634208,1.0801496248633236,0.8453885620361997,0.8485554203465616,0.8250275150531697,0.9533223626413115,0.9235263893472536,0.9315743435327252,1.344919131668883
2020-10-16,1.1392333388662588,0.9652205812436012,1.0806339891198522,0.8463426963510271,0.8485833304576237,0.8251967867745177,0.9546848678612475,0.922836309974569,0.9320625341472206,1.3492750834712335
2020-10-19,1.1392333388662588,0.9594115597686818,1.081853615867902,0.8427861723580558,0.8451157798662197,0.8208535234820843,0.9492098315869353,0.9173819167234523,0.924518293703699,1.3393157357317742
2020-10-20,1.1392333388662588,0.9706957294904868,1.0939185332937171,0.8514254282036763,0.855415390679241,0.827796333798251,0.9591086630745224,0.9274810844193635,0.9326770923912823,1.3524497319276663
2020-10-21,1.1392333388662588,0.9739488391213481,1.0724971254914595,0.8386907629932587,0.8448334305986768,0.8157830473497677,0.9487540282265209,0.9148774656326871,0.9212860241220274,1.3356344499751194
2020-10-22,1.1392333388662588,0.9713604720068719,1.0706641295570591,0.8334650355500354,0.8423073867006103,0.8146787006355413,0.9432053525632369,0.9113213947061399,0.9189408271695301,1.3322512587710436
2020-10-23,1.1392333388662588,0.9569969800915353,1.0610746145303245,0.8222412624817207,0.8309576868607459,0.804796345983953,0.9290472265308042,0.8981276568435365,0.9054338816415005,1.3127089573406188
2020-10-26,1.1392333388662588,0.9671155892618504,1.070284806835892,0.826516236339024,0.830643102722335,0.8071877830921318,0.9334630669899401,0.9018054926641619,0.9095121554989226,1.319230222780933
2020-10-27,1.1392333388662588,0.9666014623133614,1.0648561512492625,0.8257144907176773,0.8317868510052796,0.8078500092755316,0.9346911381020929,0.9033145958397905,0.9097541307794405,1.3255013585855078
2020-10-28,1.1392333388662588,0.9750544039351007,1.070854546059194,0.8258116459231002,0.8347543452533105,0.810056361157545,0.9389693338670209,0.9066584650678863,0.9115215078567769,1.3296193460947503
2020-10-29,1.1392333388662588,0.9761721510747415,1.0622922103832464,0.8240045356704355,0.834232474802905,0.810543015385489,0.9375453922835107,0.9054674776473217,0.9121192489648794,1.3322689126556673
2020-10-30,1.1392333388662588,0.9468571151173762,1.0327747167182977,0.8039057165913427,0.8129454487875775,0.7901667088656079,0.9132190177382249,0.8803738823785349,0.8870852622124079,1.295040701599964
2020-11-02,1.1392333388662588,0.9550347924715585,1.0391364583054687,0.8040877348393187,0.8176816972769774,0.7937484062952365,0.9178263629537096,0.8853288641968825,0.8867719416897009,1.304285168784979
2020-11-03,1.1392333388662588,0.9716389835692474,1.0594285276452797,0.818646344965336,0.8318055337587513,0.807842049480722,0.9327495306916814,0.902819986843148,0.9051244416149559,1.324507715400003
2020-11-04,1.1392333388662588,0.9588267313394265,1.0550405327438985,0.816150691176494,0.8318747733993923,0.8054988941149825,0.9308861203594189,0.9015575618164926,0.9059592684678772,1.3264969721794924
2020-11-05,1.1392333388662588,0.9718477335856437,1.0769268930979734,0.830392948138541,0.8457246652783992,0.8216354820800011,0.9483344422790888,0.9180501367741388,0.9202885951745843,1.3516475714335763
2020-11-06,1.1392333388662588,0.9484235063084737,1.060802685025447,0.8210109109345304,0.8357857293393762,0.8146917891523114,0.9389175464630687,0.9074561722798571,0.9115710577905093,1.3407611695802952
2020-11-09,1.1392333388662588,0.9569852612237431,1.084082624961096,0.8391962320023069,0.8527558050991113,0.8319189260006898,0.957054148685443,0.926361607135406,0.9283592873823754,1.3729251680919716
2020-11-10,1.1392333388662588,0.9517638314258734,1.0674686521711507,0.8346618316484252,0.8449850186990803,0.8240470596730192,0.948154896450737,0.9154778491256776,0.9180040508933988,1.3631150715519782
2020-11-11,1.1392333388662588,0.9313989432943259,1.0449081994035492,0.8244769910024431,0.8316975986966628,0.8150404831130926,0.9361643915794133,0.9032669293877652,0.9119902765569762,1.3581712797434553
2020-11-12,1.1392333388662588,0.9261018778437776,1.045766880016857,0.8278504672767473,0.835395723996784,0.817660399965343,0.9370939521481959,0.9064300854766377,0.9116275433731903,1.3708795937119245
2020-11-13,1.1392333388662588,0.933348308465959,1.0523095826715074,0.8268542474659463,0.8355141079747779,0.817349754988619,0.9373366970266521,0.9046284207217397,0.9100363632799257,1.3692278231050807
2020-11-16,1.1392333388662588,0.9479540452792532,1.0514528118005857,0.8341274861418758,0.8421345067650289,0.8267933780870993,0.9475121853493635,0.9138892922555527,0.9208611931888527,1.3935056558700316
2020-11-17,1.1392333388662588,0.9469240373604768,1.0380185343675044,0.8262517556712724,0.8364275230868403,0.8208698716058616,0.9416997746491745,0.9060446490053545,0.9164759224381829,1.3893974597976653
2020-11-18,1.1392333388662588,0.9515092309167985,1.04172520003232,0.8295833809396125,0.8396570319980633,0.8241759553944602,0.944664585450008,0.9072001974500367,0.9222872999518078,1.3982649583117315
2020-11-19,1.1392333388662588,0.952161227420943,1.0465720501943194,0.8313764380865903,0.8444088171441532,0.8265525079561536,0.9481420456204626,0.9111651934017757,0.9258239862991057,1.3942031028274555
2020-11-20,1.1392333388662588,0.9568928345495644,1.0572910150786468,0.8363744690226855,0.8498089738515949,0.8324283018510167,0.9543312444501401,0.9187698817600681,0.9327450468097135,1.4057829474378052
2020-11-23,1.1392333388662588,0.956607311688307,1.0656147619572176,0.8408861546158509,0.8530514201087172,0.8377305029384541,0.9590636564562013,0.9212896343443128,0.9378584437589321,1.4135796965102396
2020-11-24,1.1392333388662588,0.9617511836466168,1.0726318480239554,0.8438091124526603,0.854331448801162,0.8374589786582765,0.9576757609733185,0.9198737517707846,0.9344137921721934,1.4143840516617627
2020-11-25,1.1392333388662588,0.9537311806327388,1.0652996282906966,0.8354038063957527,0.8430733940558138,0.8243051263548067,0.9431340641283682,0.9053174121022303,0.9197437216336078,1.3870807686639117
2020-11-26,1.1392333388662588,0.9475171378816305,1.059317204004293,0.8273957989733105,0.8399090869515358,0.8202911764651876,0.9383327924439645,0.9016934320534933,0.9157307455528553,1.373471292456772
2020-11-27,1.1392333388662588,0.9449146486138179,1.052975409419131,0.8274900775328068,0.8376448705564661,0.8201567200891151,0.9388625549392406,0.9026374832883531,0.9140885400574879,1.3581431565633253
2020-11-30,1.1392333388662588,0.9504446905349867,1.0501178259583266,0.8251414744441483,0.8345157434147625,0.8164080506665684,0.9361477855791209,0.8987730824250912,0.9119624581216861,1.3517343857501303
2020-12-01,1.1392333388662588,0.9791023546907842,1.059197336278453,0.8360490171863434,0.8444167618611833,0.8258478491152864,0.9502669715429074,0.9104641832547857,0.9233143138514975,1.3647698032962812
2020-12-02,1.1392333388662588,0.9940265679237835,1.0603380147238342,0.8358979956282531,0.8446252364367436,0.8257055728797578,0.9516509425811243,0.9125038892334737,0.9243615232417004,1.3680121217859764
2020-12-03,1.1392333388662588,1.0003350046122381,1.0606880033606245,0.8370427583635477,0.8404985740542458,0.8210253124996795,0.9483091507679188,0.9110996441892094,0.9241991334896122,1.3641650663194673
2020-12-04,1.1392333388662588,1.0020823162996646,1.0634104550412566,0.8400995719513019,0.8444817075114326,0.8221016433472051,0.9500727195352942,0.9149346783627792,0.9279541356670529,1.3757330870030036
2020-12-07,1.1392333388662588,1.0134877054236644,1.0612610606221347,0.8371607479228352,0.8427083165066636,0.8183203349659502,0.9448687760868443,0.9107444467025136,0.9227666927380164,1.3720208255072626
2020-12-08,1.1392333388662588,1.0103137201724446,1.0684497301760558,0.8365438373976043,0.8440012749241702,0.8167468141325365,0.9432719021775257,0.9100392352412803,0.9207321982715393,1.3673526512111693
2020-12-09,1.1392333388662588,1.002738726840524,1.051957031632738,0.8229570661134503,0.8294226798174917,0.8015684920605901,0.9258064809938418,0.8926053511713562,0.9036444899240925,1.3461357903087974
2020-12-10,1.1392333388662588,0.9945840689310834,1.0515079122964457,0.8222512067682228,0.8286033139621294,0.8023879712573738,0.9256120759050617,0.8930382052665338,0.9042616381138348,1.3548816920657687
2020-12-11,1.1392333388662588,0.9744163757666907,1.0388574011012186,0.809459286857076,0.8158773689269592,0.7887845290217909,0.9119414123946059,0.8793930711571198,0.8897879996897189,1.3341985231477702
2020-12-14,1.1392333388662588,0.9844317103008038,1.051084691509913,0.8147454856565653,0.8235921389658823,0.7948890090702844,0.9200912232946543,0.8894250859963839,0.8929494488618446,1.3452305387392127
2020-12-15,1.1392333388662588,0.9777477611136126,1.0424873100087895,0.81444228836481,0.8218966977749221,0.7952120234257476,0.9214710312743543,0.8913564535264876,0.892019985153955,1.3466169102173395
2020-12-16,1.1392333388662588,0.9594535859128004,1.02812316335926,0.8063535896982676,0.8180243782735599,0.7888207549573962,0.9125623046320855,0.8844626203643857,0.8841008300068033,1.3308589309472074
2020-12-17,1.1392333388662588,0.9770777468256481,1.0364027489726972,0.8145293523158992,0.8249227375761913,0.795754554407461,0.92079180074664,0.893034969323149,0.8940445520368457,1.345100751088693
2020-12-18,1.1392333388662588,0.9826583976094678,1.0353236867976021,0.8143832767020033,0.8218966110671827,0.7948207500835135,0.9199778345805787,0.8915262586442583,0.8922561222609366,1.3461147057489045
2020-12-21,1.1392333388662588,1.000372231633076,1.0522773173127997,0.8264654767457592,0.8307159857124486,0.8047916759154137,0.9301666973857926,0.905074894057168,0.9027789122078178,1.3656285236199384
2020-12-22,1.1392333388662588,0.9895757687894524,1.0349427051182314,0.814797439167058,0.8151379181986562,0.7870832462561255,0.9095778537319006,0.8887396508613122,0.8871362078667252,1.3366222647586041
2020-12-23,1.1392333388662588,1.0156580999266793,1.0420695486466547,0.8202019947699529,0.8220784210695373,0.7922257416897788,0.916316089548947,0.8973210132608169,0.8945864345915946,1.3395929782163605
2020-12-24,1.1392333388662588,1.015181158780761,1.0262133353833611,0.8078962965913269,0.8093164915459276,0.7761631246470856,0.9013632068251023,0.8846904287270098,0.8811024697419516,1.317927792612673
2020-12-25,1.1392333388662588,1.0441008112421555,1.0333404824747467,0.8149734730515718,0.8159451899384588,0.7828633749327533,0.9106434654760867,0.8939862419232205,0.8908416300509271,1.335207944002966
2020-12-28,1.1392333388662588,1.0463172702873524,1.0196693289756895,0.8079632322772001,0.8083191717299101,0.7764758804233953,0.9043387272263685,0.8882251338732118,0.8867821531646283,1.3259368160841343
2020-12-29,1.1392333388662588,1.0324402577121854,1.012109556937748,0.7987066802389488,0.8025819432658453,0.7716656828916677,0.8981128176564723,0.8802806857770679,0.8788116179945,1.3246745185178268
2020-12-30,1.1392333388662588,1.0488716704294971,1.0222233433259689,0.8018804354151782,0.8075373862515162,0.7761390669997311,0.904844587770258,0.8864236920625951,0.8821737074359987,1.3357731426786716
2020-12-31,1.1392333388662588,1.0693053055721755,1.0380868216458354,0.8136306011543383,0.8183963964696902,0.7869729543023399,0.9172112580387697,0.8993320219999068,0.8937177842568738,1.3448096875836337
2021-01-04,1.1392333388662588,1.0700058526598624,1.0598795019018339,0.8308080672081831,0.8327119812970686,0.8003029088030538,0.9324537013297107,0.9188568714277686,0.9066998071454822,1.3673959865650567
2021-01-05,1.1392333388662588,1.0540038781722518,1.0588394248518647,0.8335149979833637,0.831995450321327,0.8020637391255929,0.9302460785235896,0.921729609554439,0.9060895361942046,1.3631772484927687
2021-01-06,1.1392333388662588,1.0510909085337858,1.0433164495997096,0.8226101252385715,0.8236988999651236,0.7934646679624626,0.9194557414642273,0.9112945101978385,0.9018556761268931,1.3538066396167039
2021-01-07,1.1392333388662588,1.023929481803317,1.0251960630111345,0.8053506594397887,0.8085697316949696,0.7774838417990588,0.9030295471078367,0.8983974905317471,0.8862698106644961,1.3355556630290273
2021-01-08,1.1392333388662588,1.0229714454650063,1.0214484333390015,0.8011581388224915,0.8043088604406894,0.7772441718243196,0.9013568867694067,0.8928933358090201,0.8841590879472969,1.334182098344378
2021-01-11,1.1392333388662588,1.0028878208417986,0.9943580161576276,0.7810541792468161,0.7860619776709106,0.7600993983557527,0.8829048816718715,0.8741189279827881,0.866329930802433,1.2984756136880033
2021-01-12,1.1392333388662588,1.0129652255753376,1.0031765504903079,0.7876030964112551,0.7945560325456208,0.7684777198441072,0.8930912781695965,0.883235072034572,0.8752506169645613,1.3092181933861542
2021-01-13,1.1392333388662588,1.0064873577217612,0.9920723589258591,0.7740749501237502,0.7835467131935103,0.7587462078114127,0.8840435337182059,0.8736498575711236,0.8655478900063924,1.304046793203164
2021-01-14,1.1392333388662588,0.9851963786226727,0.9858253795072622,0.7714343891627959,0.7815051681807914,0.7590950104485118,0.8793480470009873,0.8681226581171106,0.8605250689673636,1.2939832675538572
2021-01-15,1.1392333388662588,0.9843298716712021,1.0035100361533504,0.7807563227042386,0.7897977826924829,0.7643499172766903,0.885109168678908,0.8729258560141236,0.8696554107793787,1.3026392263385835
2021-01-18,1.1392333388662588,0.9995802356067093,1.0278598018449552,0.7976997509270374,0.803292955395502,0.7776789366612723,0.9008015718241059,0.8870787447915844,0.8840587581559509,1.3256037474918028
2021-01-19,1.1392333388662588,1.0028155676243147,1.0284340181381706,0.7991255714371265,0.8032036612081225,0.7766921510917901,0.9019030773591319,0.8856195568006325,0.8826368297424737,1.322259155174211
2021-01-20,1.1392333388662588,1.0289680151486005,1.0402225005123293,0.8057379719284872,0.8089447722298315,0.7809439059397838,0.906365173649149,0.8926876962393822,0.8882339423638215,1.3352376463546005
2021-01-21,1.1392333388662588,1.0454805508625187,1.048915507356568,0.8142217202530158,0.8163715703848878,0.7883664100825438,0.9158259968651604,0.9019655923883813,0.8936765160980944,1.3468780559631106
2021-01-22,1.1392333388662588,1.0434598849607213,1.049831435078416,0.8097874270674335,0.8120212002784387,0.7836108025739229,0.9087286383364274,0.8975012769486608,0.8846017614553816,1.3383706640936128
2021-01-25,1.1392333388662588,1.028709286682794,1.0365169277714186,0.8023212627083991,0.8034638728028882,0.7759052257697757,0.9009741545147563,0.8879259764168735,0.8744138195460758,1.322689804080677
2021-01-26,1.1392333388662588,1.008572058686361,1.026039202491711,0.7944185292614427,0.7922445629674918,0.7667560081269299,0.8906149182871185,0.873718245649183,0.8635665511443564,1.312701432568754
2021-01-27,1.1392333388662588,1.0048496924877526,1.0278975639585808,0.7935843166393637,0.793151609163727,0.7672679699272964,0.8913320033708828,0.8765193015034357,0.8665933010873672,1.3101113713704473
2021-01-28,1.1392333388662588,0.9792912915092391,1.0163043449453826,0.7789128045444793,0.7792811830345152,0.7536846303558903,0.8769691779104345,0.8618255462344162,0.8509310076667156,1.2906452701323836
2021-01-29,1.1392333388662588,0.9626088179064628,0.9893703762511079,0.7678675030864357,0.7681067668742942,0.7427817251151975,0.8655721514810493,0.8515438539677328,0.8387166529261573,1.2751636238132247
2021-02-01,1.1392333388662588,0.9630346515459275,0.990506036933544,0.7706201727185288,0.7697926032347827,0.7472053052588262,0.8736817585681389,0.855908070340417,0.8434505294188853,1.2836387078637035
2021-02-02,1.1392333388662588,0.9599068040772524,0.9944066083515649,0.7763228074063143,0.7773050496532536,0.7508935366750039,0.8809880312220754,0.8640548648124409,0.8484368576831595,1.2958974194677266
2021-02-03,1.1392333388662588,0.9426112872957287,0.9755449496073553,0.7677884125516137,0.7704105087612048,0.7405786370519217,0.8686003105558774,0.8518989764381745,0.8372604964537216,1.2858817183090883
2021-02-04,1.1392333388662588,0.9213875854258455,0.9482419161159906,0.7543287837764202,0.7572419056817772,0.7263838281541004,0.8546660634449682,0.8363362343268411,0.8227280268186659,1.267451127726986
2021-02-05,1.1392333388662588,0.9133709449762418,0.9273220637730717,0.7405211330202106,0.7454679595654603,0.7143984158581907,0.8427401552811692,0.8230736912307949,0.8119334055895238,1.2578143579412941
2021-02-08,1.1392333388662588,0.9144647975637035,0.9233121073993742,0.7435772532856444,0.7482548454612782,0.7199684368369724,0.8486765834818157,0.8268423682850274,0.817291353954112,1.2694905741361895
2021-02-09,1.1392333388662588,0.9381883392381045,0.9383565020387485,0.7600432597778952,0.7629176928493157,0.735217876645353,0.8671914433256279,0.8454577992303343,0.8335503039476957,1.2975273714196498
2021-02-10,1.1392333388662588,0.9372681466139497,0.9426711738808913,0.765855089906694,0.7701811423160078,0.7409074148895284,0.8748390510250004,0.8517284433386952,0.8395020198179372,1.3018710511034786
2021-02-18,1.1392333388662588,0.9491640856554227,0.9650226970352269,0.7841694063730036,0.7874788613850879,0.7569635517775415,0.8971334368554265,0.8644998011046797,0.8570114512753593,1.327838992233924
2021-02-19,1.1392333388662588,0.9577387913037207,0.9868921787838923,0.7994540472417677,0.8020754685469829,0.7737266001301298,0.9175486412705848,0.8813243488000496,0.8779924959190345,1.3640079475834452
2021-02-22,1.1392333388662588,0.9624783877593271,0.9921831658595119,0.8053545578803035,0.8065462256673287,0.7799384721012668,0.9230159691003271,0.8816583898901007,0.8827321097630672,1.3763074425250061
2021-02-23,1.1392333388662588,0.9624347800240302,0.9840601757353087,0.7980338667031569,0.8028547113591809,0.7757398763912262,0.916773950765551,0.8782319774038094,0.8796205518512602,1.3751214126057973
2021-02-24,1.1392333388662588,0.958207027186061,0.9853395872200884,0.7943572331447158,0.7984167582958983,0.7706453816222357,0.9085228722489098,0.8737925738138396,0.8767526379565562,1.3610645234084677
2021-02-25,1.1392333388662588,0.9646416809052736,0.9784581268991648,0.7893919088128575,0.7915894132784664,0.76810839854744,0.9019988165607481,0.8693233116871478,0.8707768815020768,1.345035179408152
2021-02-26,1.1392333388662588,0.9590965934175569,0.9786181877473191,0.7849765927820596,0.7859071442412887,0.7623794186426142,0.8943457391106958,0.8615945577221734,0.8644899621343771,1.3338067263528701
2021-03-01,1.1392333388662588,0.9863311339375593,1.0018830470502809,0.8029908324959518,0.8050130102525174,0.7812139933434785,0.9156687204942294,0.8802441126637456,0.8836805624103183,1.364527769496018
2021-03-02,1.1392333388662588,0.9786479322042282,0.9951305124746539,0.7999539605535626,0.7996410147058904,0.7762212832108764,0.9100805488562144,0.8734881994076619,0.880326173161239,1.3548916650715215
2021-03-03,1.1392333388662588,0.9933217163086087,1.009619599167957,0.8110691943274795,0.8104917731145296,0.7872251352081329,0.9244692997086587,0.8854001979747905,0.892852869177968,1.3767532915447849
2021-03-04,1.1392333388662588,0.9818688154885248,0.9982792330620703,0.801896589481211,0.8008043501308458,0.7782146735569692,0.9134955991295651,0.872779563090214,0.8841983829067948,1.3609337110880553
2021-03-05,1.1392333388662588,1.0126034944765563,1.010471241751073,0.8067275845334251,0.8080943181841671,0.7813809969858134,0.9160233960501782,0.8776524227399513,0.886837922848166,1.359479887536958
2021-03-08,1.1392333388662588,1.020673714803419,0.9888199971960593,0.7946253264934733,0.7931025848895732,0.769875837223619,0.9020145318160027,0.8628082746140702,0.8743054710562808,1.3277991405078993
2021-03-09,1.1392333388662588,1.0146006631261701,0.9670567210248572,0.7718251170127702,0.7721266590838511,0.7527793501646101,0.8779137915353503,0.8422167963052508,0.8529596284998084,1.2918618850635504
2021-03-10,1.1392333388662588,1.0003975308034936,0.958612491418942,0.7687324339015175,0.7652380844736774,0.7466857471046231,0.869864934183246,0.8353474041038628,0.8450682904907145,1.2846211694513823
2021-03-11,1.1392333388662588,1.0134575091800324,0.9757411730919583,0.7835714784666626,0.7822635942521146,0.7620907913989652,0.8908455707379921,0.8549016588525675,0.8643789614779339,1.322480407448931
2021-03-12,1.1392333388662588,1.0236333432503824,0.9803707026789515,0.7853894359505403,0.7842042613996182,0.763436173192974,0.8943672834274985,0.8587488670836726,0.8695970111886041,1.332307528781394
2021-03-15,1.1392333388662588,0.9945741480118424,0.979426360108201,0.7822955750336476,0.7813822863451781,0.7622160626070091,0.8929224042041904,0.8559704071091871,0.8706814274994656,1.3311045137187123
2021-03-16,1.1392333388662588,0.9919127593274238,0.9914530307442668,0.7890631418509827,0.7911669114966724,0.768134538617593,0.9021799317135555,0.8662022481388888,0.8815781628879175,1.3472745674427724
2021-03-17,1.1392333388662588,1.0020511721068688,1.0022953981681948,0.797607185626754,0.7956506910770565,0.7706423012106973,0.9053671530518955,0.8710156871795974,0.8823611473521542,1.3512642490828175
2021-03-18,1.1392333388662588,0.9958765267981412,1.0012773842223104,0.7974316605411125,0.7979108052056795,0.7725797425307599,0.9097775743363314,0.8748267291454813,0.885029299319126,1.3524770860438793
2021-03-19,1.1392333388662588,0.9939775735668491,0.9995791074310407,0.7919956647434309,0.7922066835652323,0.766528784210492,0.9035970488393413,0.8709410376767474,0.8812838404342414,1.3382429633888286
2021-03-22,1.1392333388662588,1.0021747669631016,1.016404362306821,0.8023459007587227,0.8045715808339367,0.7792932459046323,0.9197160260360685,0.8869178731059854,0.8972547731742039,1.36225393657224
2021-03-23,1.1392333388662588,0.9794287498232942,1.001281831344789,0.7915893803131565,0.7943474475790766,0.7696524585810403,0.9057935163678871,0.8750175937729099,0.8846941663989047,1.3394823051732
2021-03-24,1.1392333388662588,0.9580712398576465,0.9860264943677358,0.7837581527825648,0.7855921603638732,0.7605577593249766,0.8952592007633788,0.8646588917703846,0.8756399980348869,1.3234484600470626
2021-03-25,1.1392333388662588,0.9735099742033676,0.9847535353625575,0.7838848282113162,0.7826588007723383,0.7592413706479253,0.8913643622152626,0.8588671942748558,0.8720843959814237,1.3215427706396332
2021-03-26,1.1392333388662588,0.9832887538972475,1.0014134615860528,0.7952416563349225,0.795795547364117,0.7708418144149224,0.9033197086658982,0.8744236283844075,0.888033352628318,1.340994623662796
2021-03-29,1.1392333388662588,0.9878992706566514,1.006563517472562,0.8000692813828332,0.7973943488399534,0.7724770086715902,0.9067767087754179,0.877340083259483,0.8924681830524629,1.3535100042822144
2021-03-30,1.1392333388662588,0.9892190416406017,1.0025294778690084,0.7958353705892769,0.7959967062064228,0.7682057920559489,0.9025686683550964,0.8742884742714746,0.8882281717179125,1.34965704637792
2021-03-31,1.1392333388662588,0.9868646041572269,1.0044055180802312,0.7936055895655862,0.7963521675950707,0.770106780951967,0.9039542722994764,0.8745681369206114,0.8900250043815715,1.3500506032082806
2021-04-01,1.1392333388662588,0.9969064139058089,1.0107272578876114,0.7975304036025795,0.7982637463792902,0.7728933971479595,0.9079305997817125,0.8795955284524892,0.8925002275330178,1.3587685507952671
2021-04-02,1.1392333388662588,0.9877529253461524,1.0104905947296825,0.7991233026353071,0.8010589089232871,0.774633650868049,0.9083552261612184,0.8816756556883113,0.8920062334785951,1.3649217241283984
2021-04-06,1.1392333388662588,1.0016868294968106,1.0269591083295282,0.8076802681375918,0.8102356094729484,0.7808111245463533,0.9162716481676103,0.8906710424848814,0.8989453361509544,1.3801647989154233
2021-04-07,1.1392333388662588,1.017752089923934,1.0340614555638978,0.8112532562648953,0.8129433711298136,0.7846593429007012,0.921456318680927,0.8928362609792536,0.9042723407486489,1.38762615850903
2021-04-08,1.1392333388662588,1.004816553653566,1.0257370773975987,0.8048919339760742,0.8091714510355346,0.7797348140997951,0.9157204543844188,0.887421949660428,0.9002700951978487,1.387077518736383
2021-04-09,1.1392333388662588,1.0038574933097713,1.02781403654884,0.8041972000093195,0.8094755297521609,0.7795441366785156,0.9146452401026418,0.8883798665069718,0.9005510306118962,1.38858180431921
2021-04-12,1.1392333388662588,0.9832425675487299,1.0187224953033496,0.7912859954451408,0.7992542564735786,0.7676336973397726,0.8989597071807861,0.8766823111584241,0.8911151130079402,1.3706614417826626
2021-04-13,1.1392333388662588,0.9756044469993002,1.0128461697546771,0.78827049527464,0.7943215082740799,0.7612037416316683,0.8920327457695131,0.8689295213804676,0.8859191391537525,1.361976703023086
2021-04-14,1.1392333388662588,0.9840948592630933,1.024777108667087,0.7989254669863063,0.8032029736634558,0.7714282816483046,0.9036819456647368,0.8801219297780226,0.8938383159546172,1.3718341120626953
2021-04-15,1.1392333388662588,0.9988510492430038,1.019313114704508,0.7979734097681932,0.7998448974273259,0.7713410471727576,0.9018634937475642,0.8775177288516599,0.8920236218045609,1.3728678859204009
2021-04-16,1.1392333388662588,1.004370431997027,1.0311224095626097,0.810720958736571,0.8096622192533979,0.7838254019106135,0.916409851865719,0.8877957914702268,0.9053596938894044,1.3885463950198424
2021-04-19,1.1392333388662588,1.0191587131159117,1.0540537336770597,0.8229944525314684,0.820977607461264,0.79589708098042,0.9292115236349261,0.8996454211696034,0.9157552587796459,1.400587834638373
2021-04-20,1.1392333388662588,1.0281010024111163,1.054630414208992,0.8237681022535482,0.8195598897040967,0.794117011806905,0.9281875994867371,0.8971190225660851,0.9147476298241166,1.3964070899721055
2021-04-21,1.1392333388662588,1.0228428654600537,1.0487749832535522,0.8221997682297192,0.8169476847211212,0.7909288099012856,0.9273458685404116,0.8970570550814633,0.9106034970436743,1.3961602458306668
2021-04-22,1.1392333388662588,1.0301341946788578,1.0518081524603708,0.8244866879961419,0.8220122249816313,0.7932236668800329,0.9301611166280086,0.9002980397008099,0.912947101555503,1.3997882948972695
2021-04-23,1.1392333388662588,1.0280524354159282,1.0413279391693449,0.8207350664551928,0.8171920986026717,0.7892691835305912,0.9242355173671605,0.8950922962946665,0.9054102448718298,1.3919579813287069
2021-04-26,1.1392333388662588,1.015636962356135,1.0324745297342919,0.8174814805728691,0.8163554164136196,0.7843382267408517,0.9212738258108459,0.8912004384807133,0.9003525978410355,1.3846873406069617
2021-04-27,1.1392333388662588,1.00795719458343,1.0100667063256685,0.812897398247826,0.816357227770531,0.7797654054152486,0.9159648624405186,0.8870206371195006,0.8953389226084159,1.371435878381447
2021-04-28,1.1392333388662588,1.022209696642441,1.0170260237509074,0.815980967745033,0.8200298517409779,0.7839636784585993,0.9203440923349573,0.8911738865572053,0.9011899675430133,1.3805927148290673
2021-04-29,1.1392333388662588,1.014387976057999,1.0157458975734488,0.8127896685889497,0.8177634703606523,0.7814320960606611,0.9189716275030237,0.8881230415662076,0.8973708066141255,1.3835837943318308
2021-04-30,1.1392333388662588,1.0147493736231477,1.0150140853505871,0.8127636356672238,0.8161932861782507,0.7779207333209436,0.9137393976342887,0.8838709723457742,0.891091856331374,1.3796085058603975
2021-05-06,1.1392333388662588,1.0184078620149044,1.0229822741228372,0.8185476681899438,0.8213833754862916,0.7803326016582914,0.9198990218033083,0.8878741159962075,0.8963129765656029,1.4051307247083433
2021-05-07,1.1392333388662588,1.0240962978798265,1.0154162740698514,0.8123955841509114,0.8193009678803694,0.776609541783636,0.9145121395789011,0.8821130451567857,0.8926849546871398,1.4076096086685628
2021-05-10,1.1392333388662588,1.0398324623026363,1.0193177256791535,0.8125068725744271,0.8197704237062708,0.7765265587297786,0.9157519828241626,0.8836313467518433,0.8962152977347144,1.4130876313890528
2021-05-11,1.1392333388662588,1.0496047152461343,1.0271005963427546,0.8181074638369605,0.822058385530452,0.779583169889155,0.9200531863570107,0.8830101024392801,0.8991020578780948,1.4274023833258256
2021-05-12,1.1392333388662588,1.0601356203107244,1.0340264872850686,0.8275556094555859,0.8299525824288745,0.7872306667428977,0.9306024839148653,0.8940717386126912,0.9085393593403202,1.449645645720649
2021-05-13,1.1392333388662588,1.0642323832863012,1.0339978160106091,0.8221211095831398,0.8282260342999178,0.7826221247408184,0.9246006164631404,0.8884713645064045,0.9012244464442981,1.4366674110416346
2021-05-14,1.1392333388662588,1.0606869443632012,1.0442246714307648,0.831269195930482,0.8393091364040076,0.7921196055482469,0.9345504436474964,0.8991737191876089,0.9099687424039827,1.4549024790696738
2021-05-17,1.1392333388662588,1.0435421769370246,1.0271306338094848,0.8225300780336361,0.8307480902598042,0.7859418681948943,0.9284545254559535,0.8938503116486786,0.906080917396474,1.4438385101344233
2021-05-18,1.1392333388662588,1.0486792721329772,1.0342355515669557,0.8282643566797003,0.8358931143893606,0.7899837745342757,0.9310126722088311,0.8956068975829782,0.9103255924702749,1.456914927719513
2021-05-19,1.1392333388662588,1.0503163202014192,1.0374561711242483,0.8290873161209984,0.8357537018514274,0.78894782801626,0.926955573275526,0.8951633817677169,0.9062053368102891,1.4602949798438967
2021-05-20,1.1392333388662588,1.049511324203215,1.0381791709381019,0.8276132341181563,0.8309561217311049,0.7864614124187005,0.9242133045346592,0.8908326709659908,0.8983349199195213,1.4454060361112597
2021-05-21,1.1392333388662588,1.0810109059356765,1.0376832052094573,0.8315687514547997,0.8319710173126534,0.7876378320679116,0.9250047170263299,0.8904218542940715,0.9015525020925055,1.451604479528431
2021-05-24,1.1392333388662588,1.0924684455707019,1.048384962414062,0.838337657982532,0.8376063241539413,0.7928199057241784,0.9296587834124301,0.8966022647732488,0.9040401430981975,1.4635674884401655
2021-05-25,1.1392333388662588,1.0894325063441324,1.0561770233484324,0.8440798191283009,0.8420425917043929,0.7986471780567295,0.9375222245299756,0.9029408733341623,0.9083241409614728,1.4737942830092141
2021-05-26,1.1392333388662588,1.1059961161089642,1.0645915462105728,0.850097988729853,0.847091471891623,0.8025781278372346,0.942337577366408,0.9070188570242519,0.9122984545582716,1.4828548450755294
2021-05-27,1.1392333388662588,1.1101159981798312,1.0744253885432589,0.8568025122850418,0.85252121397584,0.808206218280951,0.9481781262041015,0.9148233734605349,0.9176368269649804,1.490665051869583
2021-05-28,1.1392333388662588,1.1190207092429794,1.0698682776258626,0.8524057566403506,0.8479343242295161,0.804047167738563,0.9451252067733183,0.9123656694943827,0.9106474316731863,1.4928036711576502
2021-05-31,1.1392333388662588,1.1440148610086796,1.0772780382107856,0.8632561259020212,0.8577590401815471,0.8129069184741514,0.9555517111484508,0.9236840027615522,0.9180348759917765,1.5115182044475988
2021-06-01,1.1392333388662588,1.1743440538869254,1.0864304489739431,0.8713573810417238,0.8645353291910958,0.8191716785890353,0.9609118624307206,0.928412903448193,0.9218442995079612,1.5184402868732139
2021-06-02,1.1392333388662588,1.1632520233746255,1.0795938230421267,0.8633384668221159,0.8555547743778378,0.8131213576037443,0.950547078214311,0.9183004066534544,0.914504497683552,1.5125491141178595
2021-06-03,1.1392333388662588,1.1816001044955844,1.081238481407311,0.8610043857697153,0.8528430694220617,0.8109459769605034,0.9502050377456678,0.9186509622266378,0.9154127673289736,1.5053155150862048
2021-06-04,1.1392333388662588,1.1960220845874183,1.0779172454209682,0.8614511741365346,0.8523161311067734,0.8122346530289752,0.9492781167631268,0.920661879506674,0.9155869014399675,1.501098007811691
2021-06-07,1.1392333388662588,1.2103412096516113,1.091309788370135,0.8667583798156104,0.8594706739467814,0.8172089144332058,0.9569673941178658,0.9286629765126797,0.9249292907126285,1.5150413063796448
2021-06-08,1.1392333388662588,1.2415741597170928,1.0911543816839637,0.867608402920962,0.8575420086101256,0.8156437602238239,0.9524456834743152,0.9248446065925645,0.9244175036835912,1.5209628451366812
2021-06-09,1.1392333388662588,1.2477286341288107,1.093821333823956,0.8681423775824393,0.8585987681143386,0.8148114752984031,0.957037876411068,0.9275559121343251,0.9265821589098622,1.536916797674852
2021-06-10,1.1392333388662588,1.2471365150658622,1.1005259546353168,0.8732070253829509,0.863381936055206,0.8190900851728098,0.9623011022803982,0.9340390495578405,0.9286488113601512,1.5528974588325901
2021-06-11,1.1392333388662588,1.2275518392327793,1.0956685863582647,0.8658064769735309,0.8569014158108416,0.8134133365705776,0.9562896069268844,0.9266726846929682,0.9222249099745444,1.5594170704541126
2021-06-15,1.1392333388662588,1.2487623952350146,1.0910087122831387,0.858238358183128,0.8505412822700305,0.8086263526317519,0.9497056484636867,0.9185758799495083,0.9135587469682888,1.547447870908097
2021-06-16,1.1392333388662588,1.2341838255045101,1.0841649604939085,0.8461283975855932,0.8413890373477744,0.7979982265436706,0.9363896994281055,0.9015320375399144,0.9026062749815259,1.529151449099347
2021-06-17,1.1392333388662588,1.2442759891888322,1.0884572407187847,0.8511290725381345,0.8457565225043702,0.8047118013942052,0.9450061042723825,0.9110373128127779,0.9051125274353741,1.5380291634911671
2021-06-18,1.1392333388662588,1.2449224100729797,1.1028450255617908,0.8594096234810087,0.8528017248663747,0.8116279686584752,0.9520859290593968,0.9181650476944198,0.910006210799916,1.5530315253764377
2021-06-21,1.1392333388662588,1.2636262653167432,1.1193558535521797,0.8683191398252791,0.8640232322618718,0.8213747310129947,0.9630326769532777,0.9276689591409523,0.9209180249430008,1.5700947655080313
2021-06-22,1.1392333388662588,1.2616711397197706,1.1254829025161204,0.8712527835488828,0.8675415982044506,0.825164515301636,0.9675854220423182,0.9345902820023049,0.926330987494338,1.581844172713044
2021-06-23,1.1392333388662588,1.2632577723407372,1.1319757690322128,0.8738326580452062,0.8708659442735918,0.8304382494955734,0.9717632653433729,0.9363640706475062,0.9285292703198182,1.591886443236034
2021-06-24,1.1392333388662588,1.2408705449145554,1.121773497647056,0.8649077769471664,0.8650371450171359,0.8259208665409884,0.9663363997468615,0.9311374679061591,0.9195924201902281,1.5799138718724122
2021-06-25,1.1392333388662588,1.2354204861526423,1.1208776378873915,0.8649172924282137,0.8663202100431268,0.8264428250581753,0.9670470353745576,0.9367820046396492,0.9208771766950282,1.575300617096948
2021-06-28,1.1392333388662588,1.2509242857991374,1.1290288958007269,0.8696717775736331,0.8719448652493499,0.8303852860313784,0.9724743646331708,0.9443272832263812,0.9264530866206734,1.5851408442424355
2021-06-29,1.1392333388662588,1.2539380241989644,1.1112982713929151,0.8627808002524153,0.8672478225760638,0.8228493232753789,0.9638797766724874,0.9333524729031482,0.9173944326790359,1.5744169184683139
2021-06-30,1.1392333388662588,1.2659031121473334,1.1212851848984482,0.8677580866031037,0.8724025178865927,0.8306760826393893,0.9724310341812131,0.9395578099262248,0.9227374526624793,1.5982941812686877
2021-07-01,1.1392333388662588,1.2330742865374331,1.105547590021288,0.8545280584031724,0.8598674578694919,0.8178593153084156,0.9588800722448604,0.9230645587666638,0.9083621269093402,1.5598778679533611
2021-07-02,1.1392333388662588,1.2389744349808265,1.1059080619848067,0.8518597055287243,0.8570822472396981,0.8150994722439217,0.9542380396480249,0.9193676745197461,0.904923144014696,1.5618294916037279
2021-07-05,1.1392333388662588,1.2469796637586545,1.1317369244478253,0.8626462405669166,0.8686857645493462,0.8269300915755271,0.966726694251907,0.932077291641119,0.9166167546818579,1.5900928933744658
2021-07-06,1.1392333388662588,1.2566907394127502,1.1298246523072784,0.8633251491513568,0.8679282029467362,0.825833382667786,0.9637191259910904,0.93201874519825,0.919684217322302,1.595399455204014
2021-07-07,1.1392333388662588,1.252917498029398,1.1381429167748158,0.8692446393916842,0.8738145766201004,0.832001096470218,0.9727501402419837,0.9425165857086402,0.9258049879975535,1.6174159659068676
2021-07-08,1.1392333388662588,1.238952243825209,1.135464292153306,0.8640084897462137,0.8705404464432812,0.8308757769949223,0.9680809286721463,0.9404130507096661,0.9206548092047452,1.614563956584423
2021-07-09,1.1392333388662588,1.2372274646509547,1.1405737500640647,0.8681510193699665,0.8762655585728526,0.8367070951860703,0.975452130118921,0.9474161333726044,0.928766081173705,1.6265143482950686
2021-07-12,1.1392333388662588,1.2607819262135023,1.1511724565451555,0.8817152282668949,0.8878022960959067,0.8495258486610232,0.9907525164228489,0.9631269234248224,0.9397212834889073,1.659809701512212
2021-07-13,1.1392333388662588,1.2699877080473352,1.157697121171655,0.8888065519459287,0.8934533558754242,0.8554829504036772,0.9950527723997775,0.9700483289861855,0.9437143768196279,1.6774120306582736
2021-07-14,1.1392333388662588,1.2502359279037636,1.1403366082066806,0.8777453148887119,0.8840484602951045,0.8493325553435789,0.986148359612684,0.963520459380169,0.9361155145330126,1.6489498423495492
2021-07-15,1.1392333388662588,1.2484610250809483,1.1314359614548324,0.870592864716596,0.8790860226179715,0.8448397972243613,0.9807797920897113,0.9615176468508908,0.9311481580550011,1.6389823574759992
2021-07-16,1.1392333388662588,1.2463153057848035,1.1271819851797118,0.8677202881310778,0.8795043188508914,0.8451952566544579,0.9809023313887083,0.9594872569843617,0.933350896040441,1.6515218136896177
2021-07-19,1.1392333388662588,1.255918305601779,1.1371439247238777,0.8671634117979541,0.879438946984724,0.8429668922874314,0.9801237983659032,0.9579854584120686,0.928127050148675,1.6306218672359267
2021-07-20,1.1392333388662588,1.2706736395422993,1.1488971150317624,0.8693937498562269,0.8821324368097142,0.846170173019677,0.986410177732216,0.9634877720757279,0.9310443331678278,1.6450444860559215
2021-07-21,1.1392333388662588,1.3098847206302244,1.1652785636160734,0.8803638712662736,0.8960287335872832,0.8605890173030134,0.999274065582826,0.9789723853229474,0.9390422825186727,1.6817671355468395
2021-07-22,1.1392333388662588,1.2966779855608834,1.1725909147411362,0.8829532857986617,0.9014630488559642,0.868296329967921,1.0063872432141867,0.9876090264770906,0.9469456816667052,1.6977497881832662
2021-07-23,1.1392333388662588,1.3197349871323723,1.1549027380107861,0.8698975903043177,0.8934416922061509,0.8618651563244737,0.9926180499165056,0.978158858929712,0.9410034355236226,1.6898044327061712
2021-07-26,1.1392333388662588,1.3103882565053357,1.1411286091529345,0.8575561862275297,0.8821765082192957,0.8514158526385991,0.9795860016037039,0.9667156416158839,0.928171603905849,1.6642530916994172
2021-07-27,1.1392333388662588,1.2739660046985926,1.1127642157571653,0.838915215664367,0.8655600763842726,0.8327420767384122,0.9603147695186632,0.9432569213799699,0.9065212298373047,1.6159907962930282
2021-07-28,1.1392333388662588,1.2581219623008963,1.075159199945721,0.8186882164292514,0.8435416715465406,0.8139950874798121,0.9372244672747201,0.9217128903547969,0.8811957207911293,1.5749658858313706
2021-07-29,1.1392333388662588,1.2965218908888487,1.1117593002862187,0.8381562295609245,0.867380806045445,0.8385993251537539,0.9651165659473188,0.9531890687338853,0.904982906432379,1.63066127404027
2021-07-30,1.1392333388662588,1.2907780557043693,1.1215468356692055,0.8445801258042176,0.8780573494503102,0.8463887749696288,0.9755416121538417,0.9620100107710124,0.9135943619538376,1.65908320410269
2021-08-02,1.1392333388662588,1.3012447336059492,1.1295033251987867,0.8606708453712717,0.894915216905163,0.8608846447545475,0.9962398974256299,0.9805641391223269,0.9308971663402644,1.696800968556201
2021-08-03,1.1392333388662588,1.28264629949036,1.121176563616159,0.8585913574549959,0.8909102654311379,0.8523449640264287,0.988854943109818,0.9726514206408287,0.927614950284304,1.6829407168667874
2021-08-04,1.1392333388662588,1.3249126176260506,1.1366982751441228,0.8691087367320476,0.9026413708009673,0.8654793333945294,1.0036367647893247,0.9918630563301694,0.9384092603094862,1.7167823576205943
2021-08-05,1.1392333388662588,1.3202839073440265,1.1338366994451001,0.8615735872127983,0.8965663523644293,0.857699680141019,0.9978208969005964,0.9864539852875668,0.9303170390787372,1.7030980218049294
2021-08-06,1.1392333388662588,1.3466314776115342,1.1392811327903931,0.8646533355152739,0.8968164434280563,0.8618742693655768,0.999812560204188,0.9922664534376391,0.9324547748812294,1.7112573988416377
2021-08-09,1.1392333388662588,1.369252764022333,1.1501105275476657,0.8725356397089662,0.9053463260332509,0.8668011178143944,1.0104837475226394,0.9991028987923837,0.9388915601887103,1.7178739606736846
2021-08-10,1.1392333388662588,1.3881591417513108,1.1603161935927044,0.8830360858803492,0.916296250425504,0.8738614822791898,1.0239342648869743,1.0058340839137239,0.9449133012851176,1.7224013221860706
2021-08-11,1.1392333388662588,1.4033679745776435,1.167756708950024,0.8881982713629908,0.9241636398886048,0.8809943459900079,1.0313760723994714,1.0145718111682898,0.9569630919477564,1.7437497098660497
2021-08-12,1.1392333388662588,1.4165768804710834,1.17107544453731,0.8929189351692642,0.9277343539098639,0.8873009594372488,1.0346532623306155,1.0206649978721762,0.9634390641809258,1.7492491321890011
2021-08-13,1.1392333388662588,1.4196543816689995,1.1708171022500558,0.8923222274874002,0.9262215513992337,0.8870186046857264,1.036623659120658,1.0222875553634505,0.9647589372915926,1.7556818628063675
2021-08-16,1.1392333388662588,1.3979788259165873,1.1704181266026124,0.8909967939087694,0.9244249852752134,0.883847123539764,1.031081786387105,1.013918271155216,0.9626539008899427,1.7540316496120856
2021-08-17,1.1392333388662588,1.3562123074446397,1.1382016908319754,0.870839259394631,0.9001672671809203,0.8599002525503473,1.0035166317371411,0.985113384761887,0.935695931557943,1.7066799163029662
2021-08-18,1.1392333388662588,1.3582983634030066,1.145677581784623,0.8783141993915129,0.9086475108311222,0.8671189021772617,1.0105966685127594,0.9956815150923033,0.9401242546912274,1.7247632680069709
2021-08-19,1.1392333388662588,1.3590496847225182,1.1457756572522912,0.8796339392394223,0.9081502179134676,0.867089465900786,1.0108973667422119,0.9970611842482099,0.9360145524642104,1.7333071415270151
2021-08-20,1.1392333388662588,1.364224834002701,1.1430214168349773,0.8776629689916327,0.9061500001325066,0.8654161056064421,1.0083936199302002,0.994125417040102,0.9341368361084493,1.732600865482538
2021-08-23,1.1392333388662588,1.4242152953415528,1.1742621768771415,0.8989008352928494,0.9298376408804641,0.8894580506126488,1.033934540311674,1.0194640948030105,0.9555667882902821,1.7793680302904404
2021-08-24,1.1392333388662588,1.4199901547757425,1.1812495857228953,0.9001741140291804,0.9354203375231727,0.8928110937069358,1.041775469409822,1.0282387542814488,0.9622018795567255,1.7864925926825295
2021-08-25,1.1392333388662588,1.4427803774174401,1.1931749651926322,0.9075551699186758,0.9448518216734021,0.8989296220927313,1.0499250406926366,1.0360402097712216,0.9716781674331154,1.7915605926205358
2021-08-26,1.1392333388662588,1.4088763180807646,1.1885677974621844,0.9009829964585678,0.9402138101673533,0.8955415496977485,1.0438304166719248,1.0306468453478475,0.9693640319942911,1.7782712677960402
2021-08-27,1.1392333388662588,1.3993170081363315,1.1805844141297035,0.9017059044991873,0.9389910447129782,0.8976405056372584,1.0469155671837522,1.032561826297662,0.9690085538968484,1.771068104804138
2021-08-30,1.1392333388662588,1.3977041256652856,1.189734377661333,0.9047575809064987,0.9434600647858606,0.9013523351711435,1.0490900145816993,1.03818084803817,0.9752120357702897,1.7661367064709688
2021-08-31,1.1392333388662588,1.3943359241832147,1.1889376367750162,0.9052990738835411,0.9419085851846891,0.9034696495456336,1.0485989733390517,1.035947885391671,0.9788919632327845,1.759455341347924
2021-09-01,1.1392333388662588,1.371321267971652,1.1778719214591802,0.9002709904452442,0.9345138565284892,0.8946704798111139,1.0361689139539743,1.020227282045431,0.9713380300585249,1.7301302503489135
2021-09-02,1.1392333388662588,1.394153777694535,1.1910870872025148,0.9095867578311556,0.9468337389446881,0.9090941687043319,1.0515407639804708,1.0374150624250937,0.9864308913127936,1.7568527831477585
2021-09-03,1.1392333388662588,1.4071215012630618,1.1944990774405584,0.9084494394644324,0.946332931649011,0.9060327470747628,1.0487585407210323,1.0355474665307454,0.9897107498857813,1.74885672882899
2021-09-06,1.1392333388662588,1.4285787096300226,1.2041480537952984,0.9178988485351872,0.9547170692277246,0.9153088105663687,1.0599592622321645,1.046164266447096,1.0005421458712513,1.7589486214346224
2021-09-07,1.1392333388662588,1.4515798164269853,1.2141848434478937,0.9302827417463775,0.9676559968613689,0.9300969317734047,1.0734673716242777,1.0638728372590718,1.0177598378374157,1.7840948839775406
2021-09-08,1.1392333388662588,1.4720049912811226,1.2258407682526389,0.9398775406759621,0.9743969843071425,0.9380208465826169,1.0820215189316547,1.071529553088985,1.0319247071770699,1.8032182254924416
2021-09-09,1.1392333388662588,1.4603903970707144,1.2276093264325514,0.9420378032848912,0.9748323204705632,0.939829400175649,1.0836073422793182,1.0740996159851353,1.0364976520477498,1.8045662613802649
2021-09-10,1.1392333388662588,1.4649740854282507,1.225878048362462,0.9362824369835866,0.972604749124757,0.9353992469461734,1.077909527829794,1.0753946580412987,1.031028319952104,1.7934761579969667
2021-09-13,1.1392333388662588,1.4767059268086749,1.2272550663693407,0.9384119266374492,0.9795270834276048,0.9441735928406965,1.0837129547906958,1.085172882502906,1.047134331886295,1.8019092109005452
2021-09-14,1.1392333388662588,1.459795550234288,1.221767033980367,0.9324759041965577,0.9707945237060601,0.9380666473360196,1.072822636972945,1.0768526980503452,1.0347677400706752,1.802294857002539
2021-09-15,1.1392333388662588,1.459280414341897,1.235761863414021,0.9420225963589232,0.9799711260297772,0.9472442384520544,1.0825747121827802,1.0857440205221505,1.0477013210662192,1.8200478059540048
2021-09-16,1.1392333388662588,1.4160433181303913,1.215976539629753,0.9282772406054294,0.9645405182668405,0.9290440031396537,1.0662818068478714,1.0637711884686227,1.0324753907222486,1.7743521124816435
2021-09-17,1.1392333388662588,1.4008540598396049,1.203664388056815,0.9246942733055021,0.9598084251274321,0.9246516301468485,1.0613424498174775,1.0607755343625622,1.0338020257740084,1.762429372175507
2021-09-22,1.1392333388662588,1.406033708940315,1.2103155848978093,0.928992944167319,0.964309483117662,0.9317229877748968,1.068876937203961,1.0725876607067457,1.0484424028326642,1.78620280494196
2021-09-23,1.1392333388662588,1.4239474824662797,1.2192432449523087,0.9338335362011515,0.9690233495681143,0.9318611854217779,1.0747855341945314,1.0749649787337276,1.054006464242814,1.8105806732845846
2021-09-24,1.1392333388662588,1.3790082473257443,1.2050878924927249,0.9204324959104362,0.9510523957490177,0.9127322952041836,1.054584316848174,1.0544730445842412,1.0257599281435374,1.7742904961916546
2021-09-27,1.1392333388662588,1.3208347247854846,1.1682516205237206,0.8919686043153031,0.9232193445788743,0.8817064292267693,1.0214027807994088,1.0183423893543087,0.9842705332551774,1.7105770212518308
2021-09-28,1.1392333388662588,1.328972846172312,1.174088397800676,0.895869013425886,0.9247860165115834,0.8847514752195428,1.0265820588204182,1.0236613705559556,0.9913510222907245,1.7136589110050355
2021-09-29,1.1392333388662588,1.3040562241756535,1.1372045325317524,0.8714585689556451,0.8956884920469343,0.8538199516473065,0.991806064386028,0.9836540586520912,0.9599018558935091,1.655692849111218
2021-09-30,1.1392333388662588,1.3495523701365175,1.1686653247928445,0.8947066108257379,0.9175339968305788,0.8749192595319182,1.0159301505485832,1.0097956931097805,0.9830386966301052,1.702174071957891
2021-10-08,1.1392333388662588,1.3848666985607432,1.189336893526213,0.9074877020375766,0.9293255710802909,0.8829482446167017,1.0270452105363954,1.0165835646003598,0.9887714916337751,1.7030757856077308
2021-10-11,1.1392333388662588,1.3954470229195206,1.18703363187354,0.9048357591384572,0.9249921336454493,0.8787998782310099,1.02195907016343,1.0116358401718273,0.9826029673456549,1.7035254984677166
2021-10-12,1.1392333388662588,1.3564978553287659,1.167497702335129,0.8915864528215107,0.9083166752571286,0.8617276831979283,1.0034447500796657,0.988822408809807,0.9638644813907685,1.6605768709811
2021-10-13,1.1392333388662588,1.3554714357610167,1.1685483720346757,0.8908492174145982,0.9097114546292281,0.8627355011977161,1.0057083418041228,0.9892976056569845,0.9587264694897036,1.6648835351197242
2021-10-14,1.1392333388662588,1.3465636311104792,1.1778960852719487,0.8967820420079231,0.9182153106524349,0.8686113449731233,1.0133920210732463,0.9979824435551816,0.9626136568570193,1.6744361291350336
2021-10-15,1.1392333388662588,1.3417479243269297,1.1680952516250163,0.8905961300293623,0.9125241448594025,0.8642671886442169,1.0097894111266463,0.9924318180369872,0.955971979410466,1.6617010589925605
2021-10-18,1.1392333388662588,1.3568323099992525,1.1779402417200173,0.9005117918135671,0.9228024468102421,0.8756043217393139,1.019055766295609,1.0051793823403623,0.9680537067496592,1.6920666061329948
2021-10-19,1.1392333388662588,1.3589306187123615,1.183388239851537,0.9052311589578642,0.9278668245417705,0.8826199416826301,1.0272320743938952,1.0138306243035877,0.9714220554148739,1.7020135588536192
2021-10-20,1.1392333388662588,1.3609065500079982,1.1812007114395242,0.9046264960421813,0.9278025010348038,0.8827357125148773,1.027057610069661,1.0147963601181775,0.9709489930311668,1.7094184526718437
2021-10-21,1.1392333388662588,1.3490255447536321,1.1778652997920125,0.8984719814769603,0.9211477401716981,0.8798363274860217,1.0223567560019893,1.0125310254359539,0.9652510378546935,1.6963847380838912
2021-10-22,1.1392333388662588,1.3272054108941327,1.1722457241913342,0.8922684290773961,0.9119392455156408,0.871360591996339,1.0111491790511762,0.9968873729439641,0.9543517441322558,1.6582071558866867
2021-10-25,1.1392333388662588,1.3420851712830535,1.1851722545098313,0.9011056049599627,0.9215978238653904,0.8807638024740095,1.019835401780245,1.0120461956312512,0.9633836087310368,1.6911097763379088
2021-10-26,1.1392333388662588,1.3366481822972047,1.1762542383516825,0.8970714433890856,0.9168184518080477,0.8781628771120853,1.0168171287047267,1.0119011998036223,0.959465745992529,1.6848221292948857
2021-10-27,1.1392333388662588,1.3407481671658905,1.1575436177744298,0.8834596257192957,0.9045449011955611,0.8682493503089235,1.0039637516580848,1.00299947434177,0.9499682549638954,1.6686208341112825
2021-10-28,1.1392333388662588,1.3418501492169852,1.1359957152592484,0.8674368959203503,0.8872273636526222,0.8514534228489283,0.9826684317537164,0.9800315433651706,0.9300945383513766,1.632855959532864
2021-10-29,1.1392333388662588,1.3301771475142559,1.1523247771090752,0.8819277463610893,0.9011657219950756,0.8664909994266821,0.9987968058210682,0.9961396849490446,0.944645046624401,1.6737812345840064
2021-11-01,1.1392333388662588,1.3285820271150695,1.1683697669655833,0.8924392078759966,0.9098811958014497,0.8769211789816954,1.01354845099836,1.0084036583808749,0.9560548139540456,1.700617802620315
2021-11-02,1.1392333388662588,1.297486300390315,1.154729023437372,0.877484292826881,0.9002258836150256,0.8637758820694439,1.002359665834523,0.992159962839803,0.9401969725982005,1.684110293487315
2021-11-03,1.1392333388662588,1.31354876512539,1.164721540650896,0.8816394710981031,0.9043004591055783,0.8680407735157811,1.0079140022046778,0.9928182857692703,0.9460955757856827,1.6986826201627774
2021-11-04,1.1392333388662588,1.3584414975161652,1.1848037575062846,0.8952932077616409,0.915499385952812,0.8792150700700931,1.0250590706390268,1.0061167910393358,0.9590951235407038,1.7450059508858962
2021-11-05,1.1392333388662588,1.3667672382133156,1.1892867883081546,0.888098765891869,0.9078122447754147,0.8732247265701976,1.0162834105444742,0.9910871909880339,0.9474890316275387,1.7285780427257444
2021-11-08,1.1392333388662588,1.3826900220638836,1.2023183470258287,0.8950435961975548,0.9151013630317083,0.8783907358047235,1.0220835037382134,0.9974634467146305,0.9514174370792639,1.7387233827910453
2021-11-09,1.1392333388662588,1.4005762014126448,1.2177866234137664,0.9045026466892773,0.9230932652101353,0.8899570645498074,1.0345218050043141,1.0098467577236652,0.9629695597789983,1.7566253221577193
2021-11-10,1.1392333388662588,1.4051404708298423,1.2382904460268171,0.908174313205368,0.9271198167941505,0.8941021472281397,1.0393476753592923,1.011024149331691,0.9697375555945489,1.7515127053435215
2021-11-11,1.1392333388662588,1.411903832985834,1.2456291073931565,0.9168116833052363,0.9373150748271379,0.9001930743042993,1.0491137541430966,1.0183732438881734,0.9776807168213685,1.7586714513182433
2021-11-12,1.1392333388662588,1.4312613470469746,1.2567349155820584,0.925488679893692,0.9466775029754346,0.908873105088499,1.0610046785646754,1.0296914058457556,0.9850073540128744,1.7831574850241512
2021-11-15,1.1392333388662588,1.4737499551520765,1.266398308948107,0.9306573449206043,0.9504327582423948,0.9116572008375301,1.0601469128056864,1.0326408557839442,0.9884506064238507,1.7784373053834734
2021-11-16,1.1392333388662588,1.4481286634046981,1.2656720188706192,0.9203471589301596,0.941581755092624,0.9039991637975373,1.0537822390408487,1.0221752374543887,0.9787940546771027,1.7644627981230636
2021-11-17,1.1392333388662588,1.4600368025795365,1.2910269764149018,0.9361541955057279,0.9562370291171289,0.9194057553876456,1.0701152298604673,1.0429349922282605,0.9921721254944803,1.795523200755819
2021-11-18,1.1392333388662588,1.4319118505586375,1.2766480671360807,0.928477883406088,0.9514601271904044,0.9156881381100326,1.0669669232814116,1.0406397579666398,0.9896993587372679,1.7848690376573586
2021-11-19,1.1392333388662588,1.4564617295578974,1.2907083357411264,0.9424536570721004,0.9611921525771945,0.9282713207362328,1.07901145016466,1.0506368714713525,0.9991801155859683,1.8063098384761263
2021-11-22,1.1392333388662588,1.4781236423591957,1.3016211045264248,0.9501523870021729,0.9709393776938527,0.9398184031752504,1.091531289645824,1.0634355756699132,1.0107505965308443,1.8264534407364867
2021-11-23,1.1392333388662588,1.5064564973586645,1.3016442246924165,0.9522072042089985,0.9718225823502923,0.9397483128689181,1.095186966011863,1.0648501017281213,1.0138906352227681,1.837490674238212
2021-11-24,1.1392333388662588,1.5336806953871926,1.3107411021387065,0.954073272549908,0.9723610873546484,0.9399459218109472,1.0941264232401717,1.0654118723562604,1.0176399889398933,1.8306311920144571
2021-11-25,1.1392333388662588,1.5175702867205259,1.3080323409401122,0.9537806244695503,0.9712796900375849,0.9393714965491405,1.0925173258663747,1.0635281215020265,1.021437058535345,1.8248667144482535
2021-11-26,1.1392333388662588,1.5501631242037377,1.308960653594133,0.9531174367445521,0.9709756424380221,0.9396827927431906,1.0926483882428055,1.0647998636371536,1.0160047777662973,1.8126242951406177
2021-11-29,1.1392333388662588,1.5433446016718384,1.314438074421017,0.9530076580410116,0.9740742234845547,0.9422637902373026,1.0972299829350973,1.0706467204179113,1.017884336906966,1.8176524364677964
2021-11-30,1.1392333388662588,1.5749193698454427,1.3245909603941368,0.9578723358198217,0.9837223815281813,0.9490790335682556,1.106262406025727,1.0796502641142725,1.0259782306686196,1.830217813766391
2021-12-01,1.1392333388662588,1.5880865043101173,1.333383567818237,0.968571142180673,0.9924826136016341,0.9574291985557029,1.1141580950833425,1.0874117147198672,1.0382609917795447,1.8512022717796845
2021-12-02,1.1392333388662588,1.5570953374641794,1.3160088884153174,0.9554442344563852,0.9803674141481797,0.9466662543768646,1.0999941835476812,1.0769397714097702,1.0297563779948364,1.8279789547596041
2021-12-03,1.1392333388662588,1.5498856413244182,1.315788047473107,0.9600893661719898,0.9860164349698664,0.9523625024489174,1.105555971385199,1.0830278288896238,1.037296718142531,1.8590953234347962
2021-12-06,1.1392333388662588,1.5151789072645048,1.2970793896170139,0.9465415122560673,0.9729437580562862,0.9402273870697848,1.0869486157992936,1.0686687978622735,1.0267730892425109,1.8327687228136151
2021-12-07,1.1392333388662588,1.4712216302727503,1.281063421853701,0.939569377031382,0.9626579131229549,0.9296863553285963,1.0742523665603863,1.0543313193753212,1.0222534705665902,1.8155626038901969
2021-12-08,1.1392333388662588,1.4866963745906605,1.2942383276914342,0.9486308020724366,0.9764174743389913,0.9448329519824099,1.0901559191712145,1.0712458215051701,1.0341436286633836,1.8460415609082876
2021-12-09,1.1392333388662588,1.4815424625895794,1.2938433410236143,0.9520694679639864,0.979363024846012,0.9451753338413498,1.0926126372328298,1.0750101642990846,1.0368031935554174,1.8455593265480947
2021-12-10,1.1392333388662588,1.5098702194007827,1.2986388589132165,0.9570395794828046,0.9862941131447424,0.9488383122899968,1.0965821843712102,1.0810891096251842,1.0373458981191106,1.861575553452417
2021-12-13,1.1392333388662588,1.5163104041902034,1.2985951178062207,0.9581559040177293,0.9904316664550934,0.9552475150819382,1.103131079336906,1.086682196911235,1.0440145781633303,1.8697074375634746
2021-12-14,1.1392333388662588,1.519800178637671,1.3033412265665683,0.9605937435768098,0.9962294384914068,0.9595418322518865,1.1092735798217779,1.087994440846431,1.0429370110921177,1.8833684860679094
2021-12-15,1.1392333388662588,1.5089709695278766,1.3110013346018947,0.9609713239257563,0.998105755249247,0.9593809199399996,1.109579310127979,1.0908346383845429,1.0473028587411097,1.8872277153849542
2021-12-16,1.1392333388662588,1.5119026615049682,1.3253056753021843,0.9686950174562181,1.0085025787010404,0.967532133675863,1.1176873607562536,1.1016199335315768,1.0564501750236979,1.9126934635645183
2021-12-17,1.1392333388662588,1.4965424036534976,1.3198717708448664,0.9623620856158542,1.002362064353515,0.9603609595821611,1.1066943560895268,1.0912602063550068,1.050375772250742,1.8966488742152559
2021-12-20,1.1392333388662588,1.4723516431970263,1.3047412273405314,0.9513341355053322,0.9929314070454506,0.9496752747072161,1.0929545950266335,1.0719463504566271,1.035553777926435,1.8748429944588902
2021-12-21,1.1392333388662588,1.4924514637413664,1.3238511740076453,0.9694978393567624,1.008758694654028,0.9631875361081877,1.107943167691023,1.0869734105813649,1.0497601632489018,1.8858410829837011
2021-12-22,1.1392333388662588,1.4907861771196231,1.3349639187357105,0.9734396340773017,1.0143533454060845,0.966853090749124,1.1130595440872049,1.0933249534984597,1.0536814681037232,1.883568781512544
2021-12-23,1.1392333388662588,1.499663781137138,1.3206635105510238,0.9709763243853693,1.0084924522078649,0.9633080426915215,1.1126576989979726,1.0937222553861308,1.0516483561993122,1.889810187098039
2021-12-24,1.1392333388662588,1.475710416844623,1.2957475217092915,0.9570235651802674,0.9896605265046783,0.9450938752285802,1.0927555526192656,1.0722399175056592,1.0385343379001684,1.8562372203546798
2021-12-27,1.1392333388662588,1.4565236179707481,1.3035711547715463,0.9590189246941313,0.995402883754074,0.9491730233014245,1.0963252580604,1.0750567942687772,1.0396665858808176,1.8599096816512029
2021-12-28,1.1392333388662588,1.4592252765400386,1.3069010514170738,0.96510113266458,1.001844346111236,0.9563813598918488,1.1027197893716498,1.0855411866415943,1.0460066516199074,1.8668714562399853
2021-12-29,1.1392333388662588,1.4660536258154426,1.2984411016459452,0.9647711602383108,1.0023350708497998,0.9551858527286946,1.1010828144177918,1.0852524447389293,1.0415812535354239,1.8547738128575904
2021-12-30,1.1392333388662588,1.481873530318069,1.309487056167348,0.9759466865436945,1.012209977424134,0.9645215463193191,1.1110355367410136,1.0942353463199617,1.0532800389051116,1.8750728236403562
2021-12-31,1.1392333388662588,1.480309649782588,1.314559440149563,0.9817073675601461,1.0170997913527664,0.9698645858431952,1.1178972531931322,1.1030838479546574,1.0593939607865692,1.8936521541615599
2022-01-04,1.1392333388662588,1.499200279825417,1.3327841708142993,0.9941607753926545,1.0273099873156377,0.9764182268172878,1.1245643366764748,1.106484419796552,1.0708614256589535,1.9185931827023996
2022-01-05,1.1392333388662588,1.4831728428275925,1.3191766366563522,0.9818574886869169,1.0100814753813592,0.9600808790569294,1.1026750891606443,1.0838299585560869,1.0498164005636033,1.881902305515317
2022-01-06,1.1392333388662588,1.5031723994642574,1.3272241602720471,0.9902061851183994,1.0184063309193474,0.9692977272135215,1.1126006210877957,1.0973195795821233,1.0566847476378587,1.893503543502802
2022-01-07,1.1392333388662588,1.4704611676703239,1.298536373593731,0.9723211707079931,0.9958099842563735,0.9512814029557967,1.093071862290193,1.078806415592161,1.0396127502391932,1.838426380492761
2022-01-10,1.1392333388662588,1.4720450872101454,1.302307324763781,0.9816148540939678,1.004468352283407,0.957302643103427,1.1013736590382228,1.0862652813627345,1.0464745185844297,1.837516355698318
2022-01-11,1.1392333388662588,1.4696666458594974,1.2915661832444207,0.9776014942011986,0.9992890627835375,0.9515192433957591,1.093627142817469,1.081695714847287,1.0419879411062103,1.8215972246966616
2022-01-12,1.1392333388662588,1.5024982406743985,1.3129355461271606,0.992753316182394,1.015795295850838,0.9647329027121281,1.111071453389584,1.098507189584433,1.055180634256675,1.844230276849195
2022-01-13,1.1392333388662588,1.4886266516022744,1.306829822521985,0.9838481954435312,1.0053262019234557,0.9541202599368414,1.0990251615343716,1.0864908756018046,1.0434777628672784,1.8193220892599937
2022-01-14,1.1392333388662588,1.4978964102033658,1.3043352848759624,0.9783820736004671,1.00300343745875,0.9532771031261241,1.0986156274159231,1.0854838976214474,1.039033176435766,1.8181506343262968
2022-01-17,1.1392333388662588,1.5431335163621587,1.3322333039294805,1.000122044638895,1.0185458811169108,0.9702522114898606,1.1171627139848517,1.1001619554064548,1.0525484016269813,1.8466656609836853
2022-01-18,1.1392333388662588,1.5065720615714218,1.308728813345715,0.987998810858086,1.0041134511096867,0.9584348844727885,1.1063964734732799,1.0873054063391367,1.0391067353274126,1.8221322898554233
2022-01-19,1.1392333388662588,1.5056239731019516,1.311052706891435,0.9916492692281675,1.0007001597796883,0.9571727157294031,1.1026517901211803,1.0818103687094376,1.0388757444372,1.8241393539566784
2022-01-20,1.1392333388662588,1.4672250416410886,1.2775977890592076,0.9714509186893344,0.9761849628458577,0.9317613330609987,1.0738662306854712,1.059712670406382,1.0165463649063162,1.7853122149700598
2022-01-21,1.1392333388662588,1.475636912569906,1.263384436623435,0.9618191967915833,0.9664741651863589,0.9211961809834555,1.0621461582241893,1.0457574344262652,1.0032173850039918,1.762014542516042
2022-01-24,1.1392333388662588,1.4688813637350127,1.2571665372350471,0.9610344414017523,0.967641796500646,0.9207802446016266,1.0617427042309038,1.0454934848138078,1.0004549581111106,1.7538941432755446
2022-01-25,1.1392333388662588,1.4028796340401917,1.2052080011460358,0.9221835703464727,0.9291226602811845,0.8820789381902427,1.0180140529031891,1.003637264918234,0.9560799593082094,1.6876268489623378
2022-01-26,1.1392333388662588,1.4215684485408369,1.2075719247608514,0.9243536492548126,0.9353138343948952,0.8904294463015415,1.0266881119921225,1.0086383985505087,0.9615844973316132,1.6962369504695187
2022-01-27,1.1392333388662588,1.369201141424753,1.1677209727662288,0.8899349791208644,0.9047537020957909,0.8629096357323831,0.9943123422229646,0.9786227430208329,0.9317092360206347,1.6375093825868492
2022-01-28,1.1392333388662588,1.391703442254539,1.193906500919946,0.9018792309089702,0.9158705151942964,0.8706773671022988,1.0022956588840186,0.9879362202931661,0.9426345765200494,1.6496500376096883
2022-02-07,1.1392333388662588,1.4081705278151222,1.2008039499045629,0.9151121540656004,0.9282784533416032,0.8845261278886957,1.019461080947523,1.001345573580768,0.9575896927304954,1.673803813488702
2022-02-08,1.1392333388662588,1.4204018513159693,1.2184710361726316,0.9283169116195289,0.941154539016663,0.8961350878298778,1.0304745251104137,1.012908810811753,0.9742778052100884,1.6980579415140706
2022-02-09,1.1392333388662588,1.452401085654921,1.2369064071224245,0.9456703044257236,0.9580572439178066,0.9101448431937177,1.0468185657569566,1.0288437012417986,0.9905477204092266,1.7354638432340312
2022-02-10,1.1392333388662588,1.4317809144682865,1.2326189603355124,0.9441362046229652,0.9568854022746799,0.9068558096357261,1.0428507499381563,1.0252426189696635,0.9896903452747171,1.7237997388527906
2022-02-11,1.1392333388662588,1.3962422381719075,1.2071887427083088,0.9266434243862267,0.9395373683963631,0.8891136775361242,1.0201678489848227,1.003433565249523,0.969716830982263,1.6794846087418738
2022-02-14,1.1392333388662588,1.4013442960685694,1.2114558775372988,0.926971524784383,0.9447242646765469,0.8888736551071671,1.0194038985334657,1.0028501027796903,0.9691993113271022,1.6908357818578583
2022-02-15,1.1392333388662588,1.421338481813914,1.2117122631420012,0.9302208115524843,0.9484523433100776,0.895018045314263,1.0263262686189605,1.0109146761795413,0.9720477731710456,1.708382920746137
2022-02-16,1.1392333388662588,1.4203034083741868,1.2264706714648606,0.9401177053958881,0.9592575946459996,0.9049228826047856,1.0384539934248516,1.0254468700641146,0.9819917752131928,1.724239243097291
2022-02-17,1.1392333388662588,1.43715346780407,1.2282302166796337,0.9343062745208425,0.9569266637084382,0.9037923672334495,1.0376560619044428,1.0281687400418873,0.981879844436168,1.7183088001891698
2022-02-18,1.1392333388662588,1.4485896303582775,1.2388358904308674,0.9411132362480937,0.9640758854294492,0.9102222707079503,1.0451742912772457,1.0363472753589034,0.988824711827961,1.723846621506024
2022-02-21,1.1392333388662588,1.4852390415088572,1.2611042673789294,0.9580982969268323,0.9779970865335644,0.924372155395545,1.0573938951574704,1.0527698530266068,1.0009554034484625,1.7438696939398035
2022-02-22,1.1392333388662588,1.4862293716439354,1.2512778167815481,0.9480440746345922,0.9712988102711403,0.9158783599855516,1.0477072772413734,1.0436769828710115,0.99157477676088,1.722044799108411
2022-02-23,1.1392333388662588,1.5309698761480828,1.2721024556885359,0.9636664903373898,0.9866059004202178,0.9324291365911948,1.0670876547641357,1.0606109648188127,1.003627897822735,1.7569784995047995
2022-02-24,1.1392333388662588,1.490855597901842,1.2504385836919032,0.9383868326786337,0.9636615866262268,0.9108108136063051,1.0424250995934243,1.0368692644580162,0.9818339399343468,1.71830566525337
2022-02-25,1.1392333388662588,1.5221999631431524,1.257470796178158,0.9460701400815867,0.9724649765851386,0.919658945406333,1.0537858521146133,1.046495341239132,0.9936679133389767,1.7391500838578493
2022-02-28,1.1392333388662588,1.540074338231635,1.2557069752868133,0.9463493750985085,0.9728276992842451,0.9234029028483774,1.0558100994579709,1.0494556787680072,0.9963370920768142,1.742111395829926
2022-03-01,1.1392333388662588,1.5619183002989965,1.2670728835193776,0.9544352229866727,0.9801415062848263,0.9301342348104822,1.0634853779729336,1.0561039897601354,1.0020232393600161,1.7519314619622797
2022-03-02,1.1392333388662588,1.5533551491739581,1.2723144319867625,0.962158148338563,0.9848705435810021,0.934674660162197,1.0660567669871153,1.0586011935801571,1.0085739601016446,1.761443720608348
2022-03-03,1.1392333388662588,1.5153532657402295,1.2711808931731963,0.9600001982531896,0.9814964693497777,0.9327479586264876,1.061423870883269,1.0543985819435246,1.0103831753949355,1.7660980374175395
2022-03-04,1.1392333388662588,1.5107410294723718,1.2552236693810626,0.9448107799474817,0.9683926376980136,0.919133446132422,1.0481540489033745,1.0388795926002663,1.0032405436966512,1.7271755293647317
2022-03-07,1.1392333388662588,1.517065983661253,1.2345481741441346,0.9322672405247399,0.9532062930071539,0.9052194274197395,1.0310613058546285,1.0213699563152259,0.9909944244800777,1.6971566413129975
2022-03-08,1.1392333388662588,1.4985302868801305,1.19964854100896,0.9052653435100958,0.9222400386194556,0.8750562261983,0.996736408099622,0.9869413029355325,0.9596898081781032,1.6366117578599777
2022-03-09,1.1392333388662588,1.5328227162872339,1.193322719295675,0.8968748877900071,0.9127077901856918,0.8656911435829588,0.9853293498553465,0.9770531932884007,0.944688945004284,1.6260214273874978
2022-03-10,1.1392333388662588,1.545775705836504,1.210807213628498,0.9108146120662446,0.9295571423497825,0.8830197060066558,1.004863167263055,0.9979079912193801,0.962662151051513,1.6583393225690508
2022-03-11,1.1392333388662588,1.5167971643614138,1.2267029042176525,0.9135951957603422,0.9353888379674511,0.8876953082950715,1.009452473901933,1.0066834118710022,0.9677446106457112,1.6643423602328966
2022-03-14,1.1392333388662588,1.4928980235263927,1.1945218678200356,0.8861649899272763,0.9098974315504281,0.8653179311176067,0.9822955765569028,0.9790167481409225,0.9392992394844232,1.6170630663947816
2022-03-15,1.1392333388662588,1.4129844678331447,1.137889158787277,0.8441889810888752,0.8682637261478442,0.8237778245989258,0.9314910155147796,0.9277298794511837,0.8853858628101532,1.529799686984199
2022-03-16,1.1392333388662588,1.44412811047509,1.1704579400631507,0.8755197822015738,0.8984223178634534,0.85087869763824,0.961670365733656,0.9580887534149903,0.9128484313812879,1.5814773060545422
2022-03-17,1.1392333388662588,1.459153100248186,1.1914623211442035,0.8906563383928037,0.9175692476317493,0.865386610633983,0.9777865290928397,0.9736299094820309,0.9284228543791077,1.6105459538950244
2022-03-18,1.1392333388662588,1.4932067273406677,1.2161280278574522,0.9027559920291836,0.9285875396724854,0.8772945027331264,0.9888019013732253,0.9839069771908702,0.9462091402078373,1.6368849650985051
2022-03-21,1.1392333388662588,1.5268678288150699,1.2317607810715732,0.9159711904801133,0.9422333133229519,0.8880828396066756,1.0014579449066232,0.9982225112013445,0.9574033459976599,1.6695904942023465
2022-03-22,1.1392333388662588,1.5186731531795832,1.2295523847518155,0.9181179291983331,0.939554537600862,0.888904949602477,1.000719390908085,0.9940832467156718,0.9560741484827893,1.6678595918085142
2022-03-23,1.1392333388662588,1.5354147438255668,1.2317380697676594,0.9172285757988856,0.9421712939678512,0.8885788269806263,1.0069575835365736,1.0001339807602174,0.9593570411437066,1.6894988848152106
2022-03-24,1.1392333388662588,1.5444618754198955,1.2169707830102858,0.9053211892814659,0.9326111759518309,0.8786796611706278,0.9947903260692016,0.992352751504687,0.9475349612341836,1.6787839321283078
2022-03-25,1.1392333388662588,1.5619005440179488,1.2078370955762452,0.9006291661370229,0.9313561513264937,0.8742336466727602,0.9875827420814706,0.9853621161037951,0.9463017606106133,1.657229061020607
2022-03-28,1.1392333388662588,1.5281615725647906,1.1994690099863923,0.8984050989416272,0.9272388045339136,0.8706187102268996,0.9826417706801998,0.9841422602207024,0.9460395827781328,1.646989320497371
2022-03-29,1.1392333388662588,1.5251063503039983,1.1901606271231397,0.8907971203348363,0.91989775280093,0.8646154973077123,0.973873975789537,0.9792536296623873,0.9424575665074769,1.6233302155510332
2022-03-30,1.1392333388662588,1.5411695089498403,1.2085670129530248,0.9101785959449168,0.9342464798050684,0.8780698815908471,0.9914325495981925,0.9942601846395118,0.9515163723861939,1.646526448121861
2022-03-31,1.1392333388662588,1.5515186629881248,1.204178229525472,0.9086383505678437,0.9303931098674716,0.8752300505781835,0.9879404130231536,0.9870067779602434,0.9485144486216169,1.6318068693701162
2022-04-01,1.1392333388662588,1.5276759977515362,1.2056137858952674,0.907676319855883,0.9261421828289347,0.8741736537725358,0.9867715179193796,0.987137032160761,0.9493467806315816,1.6181568970158942
2022-04-06,1.1392333388662588,1.5262387966568374,1.2170394988570017,0.9171267582372159,0.9341421655906349,0.8815858429785981,0.9937708134699585,0.9902266316142129,0.9616340992253903,1.6363649648514098
2022-04-07,1.1392333388662588,1.5065381256113552,1.1897151918773148,0.8955122060428755,0.9108439013390546,0.861634415718294,0.9698657173811399,0.9677054462835148,0.9391057923909002,1.5903640222841342
2022-04-08,1.1392333388662588,1.4514881402908288,1.1799924887190765,0.8892388225476178,0.9053303551386068,0.8575115243108081,0.967225538535641,0.9627943643486863,0.9355748692987047,1.5830653715443652
2022-04-11,1.1392333388662588,1.4115713136992483,1.1469668361798455,0.8643456313095762,0.8793602554454033,0.8315243770090851,0.9378613210017974,0.9365965586569295,0.9136161314113668,1.543729757167767
2022-04-12,1.1392333388662588,1.4380526639388524,1.168811977952576,0.8800251617837701,0.8937191372406352,0.844996074180073,0.9523743036203555,0.9513421647127429,0.9287868005510748,1.56476688617082
2022-04-13,1.1392333388662588,1.4281638561209529,1.1508023063572541,0.8604243419046703,0.8732227619216997,0.8275568696062499,0.9336102972263689,0.937218412551437,0.9130010315745388,1.5227479485201478
2022-04-14,1.1392333388662588,1.4336149847041169,1.1575582551313495,0.8660531418637132,0.8792621789375468,0.8363878960551722,0.9430508334897558,0.9480805496205245,0.921625736399761,1.537252387750442
2022-04-15,1.1392333388662588,1.4161434615252952,1.1358017097309827,0.8477822716222914,0.863170375866261,0.82177392937054,0.9290326334206657,0.9293385973400019,0.9048304943038152,1.5097364059592595
2022-04-18,1.1392333388662588,1.4440746659263044,1.1407933056997164,0.8535770270295309,0.8693722573814059,0.8265077962567478,0.9361550386521162,0.9334474438272432,0.9076351100906412,1.517220990904869
2022-04-19,1.1392333388662588,1.452960094514592,1.1433482608013759,0.8578778072300666,0.875938608359697,0.8319117265205437,0.942174993729738,0.9393779849995214,0.9170590409079232,1.5244472915612766
2022-04-20,1.1392333388662588,1.409293570420445,1.1303706949331944,0.8475414974691647,0.8650093988621366,0.8188475777050019,0.9304417140794615,0.9232408802641888,0.9086205328952133,1.5005424025391199
2022-04-21,1.1392333388662588,1.3307834487724128,1.085986914270761,0.8137825164388445,0.8293404580361563,0.7856951067020569,0.8936510881376156,0.8846535288876815,0.8720368424806262,1.4259606961586955
2022-04-22,1.1392333388662588,1.2904233009791934,1.068245217939579,0.8054312092138342,0.8184640525604546,0.7765607959838478,0.8852958559952738,0.8754224428732508,0.8635525239276988,1.4038110996091688
2022-04-25,1.1392333388662588,1.1773563096768704,0.9839958974532491,0.7455680360658081,0.757795531696452,0.7193858590971889,0.8187451364380214,0.8095162486062636,0.7999058568972628,1.29377755046485
2022-04-26,1.1392333388662588,1.1170511210994207,0.9470502877208573,0.7215093223901262,0.7321601126750419,0.6986593290751753,0.7923448634579191,0.782471883950432,0.7702751390293564,1.2549210961424104
2022-04-27,1.1392333388662588,1.1737830471721522,0.9694749819259578,0.7478369683080904,0.757056427066254,0.7238915875837305,0.8188719768367348,0.8126471010579248,0.7940151474295575,1.305775258255941
2022-04-28,1.1392333388662588,1.1572289224770895,0.9553697140177195,0.7388870952008486,0.7468702493924508,0.7157903964787535,0.8108869590819676,0.8007755775714156,0.7885616846630202,1.2886288777455939
2022-04-29,1.1392333388662588,1.212823422583273,0.9980448445820429,0.7705829753702728,0.779150761011171,0.7448493843573563,0.8455854592687764,0.8358068836506387,0.8162726943769809,1.3491194136400715
2022-05-05,1.1392333388662588,1.218079677147798,1.0177158822406565,0.7828414692114042,0.7948945615853379,0.7565755212723265,0.8600518027431107,0.850061513037251,0.8300715609560617,1.3760056028031642
2022-05-06,1.1392333388662588,1.2134141839545105,1.0104850967065038,0.7740172938840824,0.7878750073219914,0.7467353009425239,0.8488082763752768,0.8378950329394802,0.8226483426538113,1.367424558775031
2022-05-09,1.1540665729803066,1.2320927486919755,1.0195023914626535,0.7832912026991175,0.7978674959257315,0.7555341838063988,0.8588800087646425,0.8476672532697767,0.8308717400770868,1.3790834228992275
2022-05-10,1.1710349414307082,1.254941038133661,1.038561068549302,0.7982006890185911,0.8136751597939578,0.7702148447648365,0.8721774013636433,0.8605459341387113,0.8412082132727734,1.382836760381209
2022-05-11,1.1709330788069952,1.252599946192841,1.0420691148029673,0.8020655742226098,0.817460896493889,0.7739451863560436,0.8736863501050537,0.8640614183130767,0.8454784561197651,1.3873349852830048
2022-05-12,1.173448053407294,1.2642193373199186,1.0518543116414072,0.8092254661711972,0.8241731397983014,0.7796919325888281,0.880375953955776,0.8696827543223863,0.8501863642750999,1.3897243496844336
2022-05-13,1.165495599300391,1.267413102346321,1.0577321737483547,0.8130005290808433,0.8290451278737347,0.7841711472095929,0.8857905977855254,0.878409146020291,0.8565508088254011,1.407870629348353
2022-05-16,1.1733024310173927,1.2738049084909158,1.059102391187171,0.8140766005558773,0.829935846979935,0.7843671139636662,0.8874608578268927,0.8829713534501749,0.8615591593024159,1.4256795405627751
2022-05-17,1.1698411241828397,1.2675951589738115,1.0588378605378295,0.8114305303524925,0.8292575152215655,0.7849703604971776,0.8853584666327438,0.8818105627982924,0.8598379039995746,1.4301549395295565
2022-05-18,1.1768436333308676,1.290707828882891,1.070305382829731,0.8171962921771836,0.8360826925958427,0.7914310803444825,0.8887415723028148,0.8854051712998248,0.86453938240114,1.4304406062000259
2022-05-19,1.1868670906598289,1.301784970347726,1.0783176476532697,0.8245966069073761,0.8419944235843699,0.7980752074949078,0.8946007375786504,0.8902184120960642,0.8698138300914738,1.4365491388952212
2022-05-20,1.1867199000428732,1.3169209392127534,1.0864913209469673,0.832981573747134,0.8517842344599166,0.8058598836580845,0.9045063694890673,0.9013563654596223,0.8810678446410706,1.4673733455508353
2022-05-23,1.2237540122614619,1.3420854725099867,1.1003767881685558,0.843316549600201,0.862046774568103,0.8157157844502609,0.9156357231902247,0.9132554299969534,0.8912587729433307,1.4971187069157583
2022-05-24,1.155864000166725,1.2805446879122921,1.0523825858398892,0.8075786611699385,0.8262694834862446,0.782368641004754,0.8776841214653223,0.8765142444770768,0.8565421514367252,1.4362294486921963
2022-05-25,1.184040217124345,1.3039766274388154,1.0703527862100084,0.8204122046504254,0.8409158190436085,0.7972236467242033,0.8952203528393458,0.8948228106886404,0.8745736815460238,1.4730953793586348
2022-05-26,1.184974585249189,1.304148438708324,1.0770594710127421,0.8216452819317892,0.8422828667404861,0.7989236302017433,0.9001422402024617,0.8989853302187069,0.8809758650931087,1.4848409431112213
2022-05-27,1.175678743053776,1.2992764821141043,1.0768232322480418,0.8201446426311129,0.8394731001440381,0.7981383336774127,0.9007622138416922,0.9002938177316391,0.8827145094759892,1.4887656833482719
2022-05-30,1.1748598583925656,1.3052753764143525,1.0896989632621905,0.8255244037922234,0.8480558147016445,0.8061776142127561,0.9092080660981046,0.9108343311831909,0.8911341750912349,1.5024772715187424
2022-05-31,1.2007781205433528,1.3281229245778776,1.0973340201093607,0.835325718862623,0.8584199122498416,0.8142751434456166,0.9186874804347607,0.9192564883094672,0.8988220204899101,1.5143054366772501
2022-06-01,1.205912592551262,1.3434628771101245,1.1087867524566435,0.8424742494679351,0.8639168337465736,0.8204051294490042,0.9227895537882941,0.9214436660604817,0.9025750152843769,1.5283992622477927
2022-06-02,1.221769263333596,1.3730083214633555,1.12555109487418,0.8529235876985329,0.8751512487935285,0.8272474411629399,0.9275827157640405,0.9256816027505392,0.9044942201168332,1.5257063938236244
2022-06-06,1.2380555704178136,1.4011416393771687,1.1417659801240287,0.8695885410449199,0.8907659674527378,0.8395876371929133,0.9421690803318179,0.9375274057438171,0.9181411374368134,1.553915548636136
2022-06-07,1.2307013212169695,1.3804551565220233,1.1297261542751373,0.8605929113073045,0.8842036961555761,0.8347190506748373,0.9388125850379639,0.9360156895848489,0.9156523591658604,1.5495701854870956
2022-06-08,1.2259290489254218,1.3797128493405142,1.1251969674719182,0.8576841030253815,0.8792172055600148,0.8319235089603232,0.934757533590324,0.9352452356212798,0.9162704743641896,1.5689934427415477
2022-06-09,1.2088724210808455,1.3368545428129492,1.1016849187950424,0.8376372582468963,0.8602272986804652,0.8144534594063129,0.9170592969504221,0.918050357842081,0.9015230225880798,1.5511293998651956
2022-06-10,1.2239832611605448,1.3599619823300464,1.1168891354004313,0.8500150419735565,0.8739340035936526,0.8301084278123907,0.9328708309173419,0.9337446964737688,0.9180798809880814,1.5814212146686264
2022-06-13,1.2485549606128863,1.3775258557026029,1.124328366484402,0.8536625789846375,0.8776555678229155,0.8331593160509905,0.9352477111851197,0.9365240462908174,0.9206434303241545,1.5788421078795338
2022-06-14,1.2584948879511035,1.381531037715917,1.1214955205832937,0.8514518192325435,0.8768567760796526,0.8340938862184167,0.93604801982605,0.9382837799150231,0.9243478156605613,1.5819920202983404
2022-06-15,1.2557199325297217,1.3935165288858973,1.1189095298882077,0.8499519160981274,0.8731916071784996,0.8311302931109755,0.9330693180998682,0.9365169614548792,0.9210342585192319,1.5638302301380167
2022-06-16,1.2961509578680774,1.4173024117048079,1.1280186867735427,0.8598889304214422,0.8799248197904755,0.8378695962408149,0.9379370108754023,0.941891676883119,0.9224675137250377,1.5596324735888505
2022-06-17,1.3647378000045571,1.4117333573102753,1.1352346032976384,0.8640815991723441,0.8875666851718238,0.8436863462823058,0.9406769332339932,0.9444252602997082,0.9257799633884113,1.5641782473533252
2022-06-20,1.4184411822280092,1.4279134608933097,1.1547087287667213,0.8777048112954664,0.8998612894437933,0.8539625551571739,0.9509455510135528,0.9525747851960229,0.9303016058686029,1.5542921736642956
2022-06-21,1.3699659179256545,1.4228510561770642,1.149238802346817,0.8731775541871761,0.8942478835036083,0.8476941692671,0.9465353874138901,0.9452025884411613,0.9216445494236011,1.5416517339531763
2022-06-22,1.3660185056332423,1.410670839743646,1.1390550558140284,0.8605902069067282,0.885483057009282,0.8363443423844086,0.9331891528274595,0.9340867008919248,0.9143532835702484,1.5253799698742758
2022-06-23,1.3958007168019504,1.4551754732414917,1.1667692408228167,0.8775916478051329,0.9041053228993298,0.855196925128352,0.9499948453925602,0.9516938158624496,0.9314308131118696,1.5499676591301912
2022-06-24,1.4375081317579785,1.4763343291103008,1.1787606527795857,0.8885875550400725,0.9151269479826545,0.8654412919170422,0.9582949872415214,0.9603740651996493,0.9393805154990731,1.562197736747759
2022-06-27,1.4824654119060634,1.493540931723343,1.188768197727308,0.8966204245162623,0.9229147124975774,0.8728949322600642,0.9653306205212143,0.968430127329996,0.9505177353587678,1.5863565748410957
2022-06-28,1.4542002648922385,1.5187815340387287,1.2051401153043058,0.9080043491789046,0.9365606790754574,0.8852779924840309,0.9807401475391153,0.9823927400505599,0.9651152845287402,1.6103959255533131
2022-06-29,1.4096067216436277,1.4771270807114103,1.1734137710547587,0.8865074152594881,0.9131613151861062,0.8643825739495189,0.9588458051071957,0.9601377302521631,0.9417731112331116,1.571833512815868
2022-06-30,1.3999060039072277,1.4710334335444573,1.182699191355922,0.8948605258317711,0.9181626843611882,0.8708254258282507,0.9664899481490608,0.9691467395667313,0.9484017226022052,1.583600575943034
2022-07-01,1.3679787875323446,1.4637057593177325,1.1806696654877546,0.8927879842604549,0.9149088676880468,0.8680878749731541,0.9652617163446119,0.9684032879233088,0.9487302659507745,1.5830735506220146
2022-07-04,1.4225717499390997,1.4761156461743243,1.1898931567567468,0.8974669636280026,0.922675496730611,0.8724364623317119,0.9705571871050389,0.9755398218570134,0.9580042034083309,1.5890876428902199
2022-07-05,1.4357551504653057,1.4603015538969808,1.1801256905792106,0.8868826547341275,0.912502230268463,0.8639392032073804,0.9639660332339942,0.9699454423475111,0.9563522338116401,1.5966595683409357
2022-07-06,1.4149716435560644,1.4585036757587633,1.1757144383535725,0.8824763088462003,0.9065043898855181,0.8564228884204461,0.9565437357586586,0.956163333903952,0.939919142549649,1.5584111606455235
2022-07-07,1.449557549694248,1.4828214210481785,1.1836519708451747,0.888516662022668,0.9139541718462268,0.8658574646445016,0.9646814728811136,0.9618313829336237,0.9491320821196965,1.5728544100662925
2022-07-08,1.4218726316766261,1.4985157644504254,1.1867221353309771,0.8927317676745027,0.91462926338554,0.8645213188176072,0.9644547855480542,0.9586891094565886,0.9474099166785884,1.5691149826051054
2022-07-11,1.430084098033626,1.4823895561292337,1.1772059090595473,0.8876463287629128,0.9064041591001376,0.8550076755855539,0.9561464165019588,0.9491988258674734,0.9387614408695277,1.545129087283287
2022-07-12,1.403243219526842,1.4480501327331126,1.1529754366391516,0.87008289960046,0.8903987554375378,0.8424959641337975,0.9402636725130268,0.9358145697557934,0.9266379306579964,1.5237683464072616
2022-07-13,1.3998092999964384,1.475193847904273,1.1719484002944083,0.8824432866723692,0.9030765923486778,0.853586299709434,0.9521643926017905,0.9451546216280956,0.937732704989152,1.5408116472759557
2022-07-14,1.41467592912596,1.4942038027257147,1.1856583698519623,0.8916760759283238,0.9127386486605328,0.8609480982095177,0.9588579146688604,0.9478607941993338,0.9386946238150379,1.5335031912932853
2022-07-15,1.379307323145171,1.4783560948036647,1.1687595780602384,0.8779679143711244,0.8990725621319531,0.8469460151330641,0.9424648697544249,0.9301847264549071,0.9224931631841636,1.4987245239270008
2022-07-18,1.4211060348346432,1.509821934694303,1.2003385280982635,0.9005793568056746,0.9217647653431902,0.867462658290547,0.9667441625561359,0.9518838725933715,0.9480939637406629,1.5400682531634526
2022-07-19,1.4240368452935908,1.522150827339162,1.2150973842760082,0.9081840347674714,0.9333473641437351,0.8754763316969085,0.9767610601317456,0.9602703229843916,0.9539038072557581,1.5565665796429915
2022-07-20,1.4120751667936922,1.5228209331648361,1.2265993370475392,0.915024426206771,0.9434267842665414,0.8829490203243721,0.9864998024242885,0.9701009731877499,0.9630763860596069,1.5694487706230662
2022-07-21,1.4286403026613959,1.5214011547419575,1.2259174495466285,0.9132921095599664,0.9411966297694995,0.8801327353768482,0.9819252772883442,0.9652881851309206,0.959740017609306,1.5476052887633094
2022-07-22,1.405765433009942,1.5271309283186707,1.2222453722848974,0.9110791269931677,0.9395631212045691,0.8794106194071888,0.9803584650340856,0.9632534004062051,0.9583686553964597,1.5409000745556154
2022-07-25,1.3863192381560274,1.4938413270556001,1.204926891914344,0.9007074629509582,0.9309329961504316,0.8687732645873636,0.9703130313147907,0.9537524666897692,0.9506234493110778,1.5257886791620012
2022-07-26,1.4046556589373982,1.5132366006981417,1.2183201907536199,0.910576588481139,0.9405141279933903,0.8788985273666209,0.9811961692526562,0.9653239496556419,0.9606422366998968,1.5503688682119583
2022-07-27,1.417363996505187,1.5344028772677365,1.2339186961734083,0.920810317253038,0.9515535232209608,0.8897233393872191,0.99046011103032,0.9737615815935657,0.9674133883803647,1.5521663324035635
2022-07-28,1.444166874066325,1.5561825231490625,1.248784590751829,0.9310569880028134,0.9603339346612144,0.8966648741121005,0.9980412350457464,0.9801269365148708,0.9710298487016034,1.5602188216995345
2022-07-29,1.4793427424360173,1.5620217566952144,1.2477345796032409,0.9279200974886974,0.9571231616767651,0.8949912611813066,0.9920737181852307,0.9747968573390827,0.9649371819358759,1.5507488135334748
2022-08-01,1.4859920180354091,1.581061972276404,1.2609930695710638,0.9361844389442555,0.9638985720054517,0.9007143861159027,0.9976070677827309,0.9792920977677432,0.9678549907705324,1.557589579495791
2022-08-02,1.4264796514214224,1.5307359476095415,1.2181149787139502,0.9019832234477956,0.9295696122311621,0.8667720428265867,0.9614570710607755,0.9436381317147371,0.9274085880074011,1.488624421151299
2022-08-03,1.4149247880879967,1.5203877641083956,1.2127591143411993,0.8962438347183505,0.9227968585582852,0.8592594489915117,0.9562002031463751,0.9364971675669406,0.9201314694128961,1.4808426942504749
2022-08-04,1.4248206048070398,1.544795415800324,1.2299376084137352,0.9074800096085242,0.9337165296136691,0.869985771467938,0.9683166463182887,0.9469409236471517,0.9314918832647919,1.500880736468441
2022-08-05,1.4385906451856558,1.5601315385418568,1.2394993379096098,0.9167845314547538,0.9420618702640725,0.8798310493888833,0.9807925737311023,0.9573092043683756,0.9412940585446605,1.5118997698873053
2022-08-08,1.4566159652562514,1.6075771940359447,1.2628753972782119,0.9337604067360495,0.9572945728118266,0.8924936785481492,0.994469791514785,0.9693234412294233,0.955202026168975,1.5303672216538036
2022-08-09,1.4640672347903176,1.6042475008616175,1.271453475733056,0.9403189991563949,0.9605792831259452,0.8951918466600626,0.996845303663701,0.9747583811491332,0.9595481154030077,1.539163482259111
2022-08-10,1.450984678872307,1.616134362671872,1.2814700880111585,0.9449655709471995,0.9655570657151448,0.8995713275050905,1.0004745024252388,0.978259653879603,0.9619437498365622,1.5414393800988353
2022-08-11,1.5099270550078827,1.6359521815912084,1.2891108757926095,0.9548125827552527,0.9757152152888368,0.9106298695689603,1.0113238927572663,0.9903035510229679,0.9745862771919751,1.5616144204899698
2022-08-12,1.4878426789217416,1.6243929814689584,1.280974096814726,0.947206794516052,0.9685608607111516,0.9036003221740987,1.0063980156410415,0.9904909302073688,0.9739636957537464,1.5702968716435182
2022-08-15,1.5003520248223552,1.6517069788411738,1.293416725988354,0.9537587139593336,0.9746956856781762,0.9091407891404816,1.0131330148694044,0.9965704152342113,0.97940320402834,1.5815090409557209
2022-08-16,1.566143345546865,1.68699203668801,1.30662186134417,0.9640093962992214,0.98489406314265,0.9177387539172005,1.0216398895999161,1.0013703318539853,0.9840031244100946,1.589764424543393
2022-08-17,1.5469701048337698,1.6927309147892697,1.310992544081016,0.969641857676122,0.9878379184217317,0.9213824005877665,1.0231237272387945,1.0029410148951492,0.9834378554919705,1.592383666302594
2022-08-18,1.523665464206169,1.7202836917456674,1.3200094201837764,0.9774029905252002,0.9952070756706576,0.9265600074308659,1.025786048340474,1.003742714722972,0.979573486866058,1.5819580142566136
2022-08-19,1.4993117881635425,1.681058492507952,1.2957092180495435,0.9599867973249385,0.9776921045901739,0.9124279913492539,1.010602930315553,0.9900152606816388,0.9668398530043064,1.572079350311763
2022-08-22,1.500643809315197,1.676735718920818,1.2996239754413081,0.9613104525222473,0.9867075238386608,0.9168102113726815,1.0169757696229542,0.9984917594829819,0.9784263532981301,1.593060934338081
2022-08-23,1.5155800836655933,1.6917615112707622,1.3134115700795608,0.9700031371571908,0.9921067746764987,0.9212011636621176,1.0216183369106606,1.0008828402467604,0.983950961330349,1.5992399795225183
2022-08-24,1.4908631659590306,1.6340967997091405,1.263685800018284,0.9333494990498981,0.9582624287631515,0.8881484615882257,0.9899458871723948,0.9709034398108646,0.957148158106889,1.5621535946445946
2022-08-25,1.4604878099338958,1.6157214668918312,1.2456192923859093,0.9240759865538487,0.9505774518097078,0.8816309864677161,0.9867622646092884,0.9695437230321922,0.9604683510064909,1.5706180990367458
2022-08-26,1.4421589545047075,1.6116780206299848,1.2404298721574134,0.9186130364216406,0.9416672950566237,0.877071561944952,0.9826091772214715,0.9634873456467524,0.9550414830134665,1.570041817241289
2022-08-29,1.4739486946458018,1.62711852033187,1.258870018030467,0.9277369633765264,0.9484093690403147,0.8836891255465135,0.9910885910004759,0.9707184312999143,0.9617054439941626,1.580863461024601
2022-08-30,1.4773375962837205,1.6109814832481215,1.2510165906520292,0.9224178356463539,0.944363041753117,0.8802604393440575,0.9854944637022978,0.9645502782199344,0.9537610581494982,1.5595422529942435
2022-08-31,1.409878734532132,1.5403991109955695,1.210978737591343,0.8916724878844928,0.9162408968156812,0.8530959386879889,0.9562041498244227,0.9381641308670475,0.9249808151193992,1.5153204880720885
2022-09-01,1.384297998598508,1.5278320149881301,1.2056083386990442,0.8883074674777898,0.9119077006781054,0.8507154318363503,0.9511929314761506,0.9334349428052561,0.9219344344762939,1.505693211679563
2022-09-02,1.4109534639453891,1.5553700311026852,1.2234083526433308,0.9039073921261359,0.9276191844458681,0.8628905389740951,0.96718153310126,0.9443345017645658,0.9308855804840672,1.5166786870444282
2022-09-05,1.412008965644169,1.555314259608516,1.2230157900445662,0.9067608714015978,0.928264586820005,0.8649666127370614,0.9708069831441674,0.9504122217099158,0.9381565812597809,1.5322200582466998
2022-09-06,1.4156607629599782,1.5945510251868644,1.2442575481359222,0.9188431427500806,0.9417979692604562,0.8789184084477015,0.9847659522283139,0.9659170579183063,0.9534835179808514,1.5646136775645172
2022-09-07,1.4178154837910772,1.6174835798247,1.2510425312576205,0.925777371255355,0.9486353329690211,0.8845656944562308,0.9878398362938163,0.9697184735879666,0.9555221504254292,1.5650979041443494
2022-09-08,1.395707137153468,1.5928361382228917,1.237076422597639,0.9180786717938227,0.9392978952690318,0.8758427823445532,0.9790229312996387,0.9605022815364364,0.9471174471946269,1.5504986075091258
2022-09-09,1.3884433467254123,1.5716507254346046,1.230856655719437,0.9135552193004158,0.9357674131932343,0.8739480017425685,0.9768910460846546,0.9600225416882779,0.9488035073211283,1.5549822465953675
2022-09-13,1.3999403820813061,1.5679681018054965,1.242411095230796,0.916392361368492,0.9401738382967362,0.8753807676510273,0.979196156124572,0.9608720505198498,0.948646623747696,1.5514872297978606
2022-09-14,1.3830705480053918,1.5536154584416368,1.2322307895629971,0.9103198362648233,0.931237390430423,0.8677859443759312,0.9700702542332705,0.9513272727351696,0.9374529057347138,1.5333114726892314
2022-09-15,1.3457097284398132,1.5156890821294933,1.1929212984810187,0.883835901319961,0.9032173127288222,0.844961666686644,0.9452225193253543,0.9285517156542769,0.9151182699041464,1.5046461215825653
2022-09-16,1.3021268809993982,1.4785454611391127,1.16523595390412,0.8656621444127063,0.8843492897516544,0.8252427353210191,0.9244640776590127,0.9034562769522503,0.8896609030549298,1.4524244456993436
2022-09-19,1.2864815633561049,1.4743931477376606,1.1485498697681833,0.8541362738992728,0.8740169585085485,0.8147147732784247,0.9134521151362317,0.8954241987873299,0.8809246037693903,1.4382071022977052
2022-09-20,1.309022039406344,1.4947542184693345,1.1651979543988948,0.8686457471757371,0.8881495276162453,0.8271903763033887,0.9264867243104817,0.9108941815353506,0.8961702938946947,1.4640845461735286
2022-09-21,1.3221239153804485,1.4956278000261625,1.1657206983022186,0.870388694669139,0.8900710847992025,0.8293631572776681,0.9279507445786151,0.9141199738918732,0.902882607676645,1.4754682144022193
2022-09-22,1.3310818926975143,1.488814306428806,1.1634079407229645,0.8682406198717111,0.8872588122927572,0.826818657499087,0.9251276287496725,0.9090272370781208,0.9005162952848452,1.4758379764624905
2022-09-23,1.2944564945186554,1.442929673169987,1.1347810107614518,0.8492933780895051,0.8673962671039364,0.8083408312387993,0.906886505483109,0.8914415097402614,0.8815183910985807,1.4455394963724433
2022-09-26,1.2916397856728254,1.4295433204509351,1.1205159706172403,0.8402219610568783,0.8550598912538661,0.7964751202884235,0.8920698260829374,0.8736582161881534,0.8637512658242388,1.4059569192656092
2022-09-27,1.3284358309324307,1.4610549516365128,1.1493467937577524,0.8617157453718666,0.8752570586238196,0.8138755109207622,0.9123785231110991,0.8933772433987497,0.882362906374542,1.4313985218533027
2022-09-28,1.30354767732621,1.4162522449545525,1.1137703726756598,0.8374407920017152,0.8510594932327151,0.7907272501783879,0.8873618726479877,0.868851671181325,0.8568804568340918,1.384966275891093
2022-09-29,1.3040026811569438,1.3992986651624806,1.108060826013513,0.8320376279015659,0.8472985593608793,0.7874955258162687,0.8836955388917629,0.8646324984299446,0.8545820521256002,1.3792935029933924
2022-09-30,1.2943107747072204,1.364390696660041,1.087778446649265,0.8182171261159454,0.8340924397622694,0.7756977181151733,0.8728435565016439,0.853880947802908,0.8472576923718856,1.3720662898296416
2022-10-10,1.2747895481134175,1.3490942879021788,1.066803139876374,0.8009068498728422,0.8179736146792248,0.7617773198088917,0.8574057922230653,0.8396934881497439,0.8334987240945773,1.3572032463653974
2022-10-11,1.27466197929967,1.3720230307907286,1.073372669323141,0.8057071457122615,0.823436533362961,0.7683623470444136,0.8628978064129937,0.8447382129327686,0.8406996677518616,1.3681660815693348
2022-10-12,1.3172692327120297,1.4269396941006944,1.107876908119838,0.8315224485339388,0.8485608453158083,0.792161815750937,0.8852433861984853,0.8649029377073006,0.8607351359408413,1.3953237258000197
2022-10-13,1.3526522526772313,1.447407028202543,1.1226415045911124,0.8433813288676596,0.8594405869977808,0.8004848834664512,0.8926212916672038,0.8698194039976812,0.864822071309327,1.3883300429431833
2022-10-14,1.3948014328596623,1.4717890976936097,1.1459904471712186,0.8635060999908889,0.8790064250807849,0.8177662538052844,0.9121389208022277,0.8888717267220814,0.8855581749148963,1.4150203637135828
2022-10-17,1.4340060932397696,1.4921132134836383,1.1673287405164026,0.8799795778775994,0.8922823272766637,0.8292142232469811,0.927157994235365,0.9018736883507608,0.8958544912049687,1.4289114526013653
2022-10-18,1.4391858634387364,1.498532010747602,1.1741603181551703,0.8848114727713059,0.8969292878040102,0.832476448704134,0.9299876208459906,0.9045175711021334,0.8997467816152475,1.432927234019275
2022-10-19,1.424485055468094,1.502769585337632,1.1681565134022591,0.8777248381574705,0.8896949002868996,0.8256565243696404,0.922613536659527,0.8974243661055714,0.8956100611699229,1.4196762969796313
2022-10-20,1.422637058039084,1.4800994113157149,1.1628080260451266,0.8739104092647544,0.8858908483509275,0.8230408044845362,0.918880673400852,0.8934552040042456,0.8924098277715099,1.4079353691136007
2022-10-21,1.4165807980404332,1.474307411571226,1.1676680899089398,0.8763738826374623,0.8898479400052521,0.8242450854477822,0.9196752224487711,0.8930208019585832,0.8934664698721545,1.4050326302278078
2022-10-24,1.3812119293714529,1.4567474897285722,1.1566782788493066,0.864537340363867,0.8794292457150474,0.8138919590785332,0.9103970980685142,0.8810845225090892,0.8821551468635679,1.3837637801389313
2022-10-25,1.3754581300465725,1.4624720657150154,1.1538330060029542,0.8633641241294084,0.8783246850906592,0.8134110945926523,0.907172841764661,0.8797569259092713,0.8797491170843287,1.3804380720906788
2022-10-26,1.420820604190044,1.488240329842365,1.1722690443458912,0.8820418875870817,0.8969969297083014,0.8293622133929671,0.9256741300997408,0.8970958779305628,0.8951488778096954,1.399796858518071
2022-10-27,1.3961771634298752,1.472045404603943,1.167682785435397,0.8765127921365692,0.8906443094510433,0.8255341041479036,0.9233736212065647,0.8961042339630982,0.8944156599004155,1.4056039133508842
2022-10-28,1.344486692521001,1.425738795959024,1.1255725191965564,0.8444127947759195,0.8592056702964588,0.7949080313661059,0.8916222644513918,0.864087839378056,0.863737534346952,1.3505917701535906
2022-10-31,1.3557552242581905,1.4616557630010463,1.1416470308625384,0.8555083612562285,0.8689641550768323,0.8028122507679835,0.9008029381111119,0.8697529160511774,0.8679908966025786,1.3499348358024328
2022-11-01,1.3943682874634808,1.4922397018551097,1.1696770209663772,0.8786141287170817,0.8921210454445684,0.8228993946165213,0.9228817874156183,0.8922446977454378,0.8881263040859134,1.384401277502375
2022-11-02,1.4023789123859203,1.523698121094337,1.1923820960931883,0.8927924209840609,0.9062243563487417,0.8335934188265623,0.9344276921946444,0.9029609219721518,0.8979589981916609,1.3988507362088771
2022-11-03,1.3943065039233238,1.5212050052053885,1.200556655892792,0.8983923170938716,0.9111504318450497,0.8379075069917892,0.9379228896529337,0.907721715885133,0.9001928553502706,1.4009526659546374
2022-11-04,1.4081065334270766,1.548452981040079,1.2214225746644218,0.9130959436559748,0.9265213270579669,0.8535423329853519,0.9539049703510724,0.9240129459613758,0.9174975091838747,1.4352025164584155
2022-11-07,1.4047782033738256,1.5487173344756089,1.2281162018349476,0.9178876374305085,0.931721082531136,0.8577860398556607,0.9586426780967465,0.9313274962971564,0.925159869435063,1.4512387997991045
2022-11-08,1.3926451626536478,1.5545017140875785,1.2262414275155114,0.9154435746824412,0.9293417025386703,0.8567706505899275,0.9578467867629321,0.9306975830617105,0.9239664765138916,1.449509179621565
2022-11-09,1.392462684895998,1.5479285118434971,1.2271049143272026,0.9169131360865875,0.9288354032739853,0.8556855600419777,0.9584160442696313,0.9318214171211757,0.9267306144056843,1.451402316698621
2022-11-10,1.3859121107439443,1.5303205014475296,1.2182871353378468,0.909746044759085,0.9231081876502643,0.8525718606491537,0.9545547586006508,0.9280896914732817,0.9229337192680307,1.4503881124882834
2022-11-11,1.3812246810938889,1.530856423976244,1.2218688120533514,0.9090548040258143,0.9264105935486198,0.8549879415989458,0.9569262714497717,0.9329641506293183,0.927731283601985,1.4644883900122811
2022-11-14,1.377696363935357,1.5141564702858634,1.218923299881633,0.9068485041690253,0.9241631339382246,0.8512444475757802,0.9552519188124209,0.9312974601809489,0.9273142861711489,1.455299949004652
2022-11-15,1.3821404651862792,1.5538964477448354,1.246779525077323,0.9274284589286131,0.9422731783373502,0.8682308941194933,0.9726351880848747,0.9477558776476736,0.9439755454675047,1.478249677308831
2022-11-16,1.362567153066862,1.5493879174280434,1.2420407976546688,0.9239162247737148,0.9403696711458109,0.8662517504222048,0.9696125952355892,0.9459321308856451,0.9434530261489213,1.4760946997766577
2022-11-17,1.3735031980910752,1.560287191442703,1.2486633187855896,0.9310289716383906,0.944264495500655,0.8690896185748211,0.9751867419760811,0.9489602023048916,0.9456605150158465,1.4715749848971778
2022-11-18,1.3678267729126032,1.5412743386300785,1.2416815040334017,0.9241700754625054,0.9381406657837199,0.8639293811763402,0.9683049416121974,0.9418708336307282,0.9405867900966839,1.4550743417398668
2022-11-21,1.370187894640254,1.5493517220486153,1.249398045947516,0.9323593102091998,0.9434277592813458,0.8674596467292386,0.9727358975276129,0.9429055111707263,0.9430051762716489,1.4566485883579459
2022-11-22,1.3467851929736134,1.5190921330199654,1.2303962641919555,0.9178922838861164,0.9291550746191372,0.8554900398048029,0.9610641263242962,0.9332749773671132,0.9346719765954641,1.4426014376588765
2022-11-23,1.3361310711930086,1.5092849215715496,1.2218817881150543,0.9134262715944924,0.9249597898058695,0.8510432341643943,0.95436313196878,0.929135087294353,0.9296815583485353,1.440907119709807
2022-11-24,1.341892494232682,1.5220850661352718,1.2293917335290767,0.9163665973580818,0.9298974635190829,0.8525086598313131,0.9572280071888741,0.9309072547689713,0.9345323635594626,1.446802903137342
2022-11-25,1.328057509137534,1.495276826806104,1.2119528496147767,0.9054005467182016,0.9184425710634748,0.8431046114176748,0.9476104695501395,0.9257691063807709,0.9288120511849537,1.444294586563483
2022-11-28,1.353052122015714,1.491553234286582,1.2087054508679973,0.9023511291415431,0.914445236129855,0.8401427321893936,0.9444483120090332,0.9228736150894622,0.9271657023117386,1.436138906547179
2022-11-29,1.3619823150048358,1.5088461840295153,1.2260897694308135,0.9166341641607433,0.9291313849754756,0.8536201092999757,0.9623055939799254,0.9402049631915557,0.9444482622236842,1.466675932430643
2022-11-30,1.3678027070844556,1.5173641602296302,1.224579337071104,0.913979311697912,0.9291887971144615,0.8543293494533962,0.9620224922414077,0.9434978219275664,0.946151897266324,1.4698186458797884
2022-12-01,1.3649683307362213,1.5374976479971803,1.23649403627161,0.9220342221762883,0.9389269283442607,0.8618400201382672,0.9693983580858574,0.9496959767186101,0.9510117360526648,1.4784851809100852
2022-12-02,1.3831403898755275,1.5467699831475514,1.2480047906258227,0.9298003365150795,0.9468830280689973,0.8656924381651964,0.9749015279067458,0.9536724491252826,0.9515928294243358,1.4826440224494248
2022-12-05,1.3834970863476541,1.5460804245186799,1.2527296693918024,0.9338165476684781,0.9514183549715496,0.8723734160631094,0.9820594869683154,0.9638516116176267,0.9633700063537185,1.505732075521519
2022-12-06,1.370263429179113,1.5470416681921955,1.2455157807983612,0.928861291436209,0.9473829381463978,0.8679857135292273,0.978504948431358,0.9602545477408619,0.9576611036219264,1.5041605853354552
2022-12-07,1.3788768007927452,1.539768050721162,1.244983738910211,0.9275580430640122,0.9486304122194873,0.8685543535159321,0.9811759866673233,0.960645050930447,0.9595160296847742,1.501904807754754
2022-12-08,1.3709886602508157,1.5307547129888492,1.2416124849814882,0.9239804839497942,0.9442638476436075,0.8645952508820393,0.9755898794175466,0.9578726123622454,0.9555200980591422,1.497690680022367
2022-12-09,1.374135713551861,1.5183877499274168,1.2365584736957593,0.9216404502053666,0.9424663199029596,0.862395749699328,0.9733773233672709,0.9570622752348824,0.9550652217815117,1.5023840799124601
2022-12-12,1.4213145248191514,1.5258103007498114,1.2338037032240634,0.920496474803499,0.9415818167352868,0.8605126571534076,0.9715042565310021,0.954448299282186,0.9506359686767908,1.4881867171808276
2022-12-13,1.441717645342033,1.5039299026329684,1.224391228970563,0.9158978037297827,0.9339334582308506,0.8564114796554965,0.9687915440019559,0.9553502347653111,0.950656885023221,1.491059887240222
2022-12-14,1.4253621147830013,1.5021319222184555,1.2192689763907725,0.9128390303158472,0.9339020485352211,0.8532057148490254,0.967367987320554,0.9531745777747589,0.9457261907540191,1.485018996988191
2022-12-15,1.4276714392985927,1.5267417485764674,1.2268403358418936,0.9186038080028026,0.9396320472883785,0.8572439464792798,0.9702611574088059,0.9549545111967381,0.9447137184981134,1.4803196736339845
2022-12-16,1.4053075651215794,1.4957285603958257,1.2048754896980025,0.9060558525966795,0.9263778965078603,0.8471634289809191,0.9618237208196017,0.9481727816352172,0.9400306281783106,1.4714042011779034
2022-12-19,1.3615193357032267,1.4739705824250875,1.1797794662108352,0.8877389919011154,0.9070517971240261,0.8310212914723816,0.9400335673262534,0.9258126764305418,0.9172873393043343,1.4312857424091365
2022-12-20,1.340145674428698,1.474250737445608,1.1757255618627662,0.8830758012151786,0.9025671138327427,0.8271505391447285,0.9357343204051355,0.9205668924705711,0.9135421293891742,1.4259510622833098
2022-12-21,1.3319522167188012,1.4495601835881837,1.1635798764724863,0.8770886521977337,0.8943022536826457,0.8199956504611127,0.9298407556944464,0.9145714915086595,0.9111711326994932,1.4175229295804215
2022-12-22,1.3267104997449863,1.4286248825373715,1.1473149229501376,0.8651876230892788,0.8805377221816941,0.8084843324697136,0.9165020964932522,0.9019028635303785,0.8982258408852146,1.396807217098035
2022-12-23,1.3072014466660917,1.42107828863552,1.1446967641200267,0.863611604943605,0.8759194467076454,0.8056914134623986,0.912572652060275,0.9005415100823916,0.8938553633645321,1.390626082424293
2022-12-26,1.3202673498234916,1.4531371440590284,1.169487738473533,0.8813752220263625,0.8933617663754778,0.8218563872486407,0.926573567265045,0.9137108992374038,0.9065218265007182,1.407324128198474
2022-12-27,1.3222032801772954,1.4577772964601652,1.173495918772703,0.8846839787958792,0.8987858787809524,0.8267262110048335,0.9309642578014007,0.9191214935616382,0.9121270546751321,1.4191118569293952
2022-12-28,1.3081925081406158,1.430312249065508,1.1585988916156504,0.8739731395163511,0.8879943034310898,0.8174331042472717,0.9207339334538807,0.9107431303075261,0.9056913290516728,1.4038596897466746
2022-12-29,1.2887952959985507,1.4264710739731146,1.1544133618140366,0.8712470978373806,0.8837339911554019,0.8146043548700002,0.9181628075412841,0.9069001647797182,0.9025120208222249,1.3891723797469948
2022-12-30,1.2953907084397749,1.434026409400773,1.159533025520757,0.8771119997161002,0.8889347347012883,0.8221173968983833,0.9251554861624597,0.9138272731972407,0.9088863112656678,1.3984121839557833
2023-01-03,1.323911150445658,1.4769497357615353,1.1901937207463156,0.8973622513975191,0.9096809893042861,0.8417690312752312,0.9458415119522335,0.9301004119694523,0.9235612100439762,1.4217822767558843
2023-01-04,1.3286800643471346,1.4859709590278958,1.1962469003732956,0.9021896256462981,0.915396025911421,0.8451117155145083,0.9498103894961022,0.9329080990224359,0.9247406480387051,1.4225854293939728
2023-01-05,1.335050670220909,1.5010270865231865,1.2076572511676436,0.9090968057905277,0.9228062507537858,0.8501156581586959,0.955528027612578,0.9376214446125947,0.9281220511374586,1.4267783820085922
2023-01-06,1.3266848339685207,1.4932405315744197,1.2068762128791555,0.9072338188090925,0.9234735252544086,0.849619800336658,0.9542162362032406,0.9329185927228214,0.9257363251636559,1.4242917173842866
2023-01-09,1.34098998306229,1.508069736530666,1.2153315883570244,0.9121020200396083,0.9291292830094228,0.8549060229804207,0.9593759825642827,0.9377746245078054,0.9344397890903189,1.4327155312991064
2023-01-10,1.3386605848565845,1.5096761025385346,1.2168511151272283,0.9122301467352594,0.9300887358466138,0.854738397326104,0.9578493212481299,0.93724941613363,0.9327991667893372,1.4238460664813783
2023-01-11,1.3174815995768805,1.4907290679407597,1.201257369441563,0.9032373084931636,0.9235434595610191,0.8473031544377659,0.9499225402101827,0.9306142403815979,0.9257063212852694,1.4208743468297924
2023-01-12,1.3225417922371645,1.4901959890331897,1.203682133374276,0.9030581928849125,0.9242335149771914,0.8483646148841856,0.9495594182180696,0.9297651905855754,0.9240564509983362,1.420850143644247
2023-01-13,1.3269652515245067,1.490221719570931,1.2039285577456613,0.9061504554444353,0.9265373600849102,0.849956706649888,0.9535977768979482,0.9337054837022043,0.927989413254928,1.427706172010733
2023-01-16,1.354168843835329,1.5008158328813042,1.21310056978546,0.9151430711408772,0.9347789813742385,0.8569999616731262,0.9644286555232829,0.9428687842947209,0.9346162464574235,1.439855194145346
2023-01-17,1.341882623388049,1.4985350596061844,1.2100471053726791,0.9155744358012761,0.9338542077886515,0.8567949177028111,0.9633003423293464,0.9409776956045348,0.93332433134034,1.4340476601531928
2023-01-18,1.3414986239384075,1.5043078621715957,1.2174981810595034,0.9191622958012986,0.9369179850303303,0.8600569479557139,0.966461073493369,0.9448864333628366,0.9355190286829285,1.445370184631553
2023-01-19,1.3436025504460984,1.508437265705462,1.2235524362839492,0.9240106488980716,0.9406324809351153,0.8644238809683905,0.972020782218498,0.9495693936638406,0.9403980944727178,1.459358166214407
2023-01-20,1.3585927928267423,1.5245382074531517,1.231089575530479,0.9300605669920994,0.9486136957457584,0.8719352321140764,0.9806041985850983,0.9602880478960987,0.9517586683058165,1.4784273852423084
2023-01-30,1.3926465474392284,1.5581947449235773,1.2505990901771307,0.9442353447298544,0.9644896759853794,0.8847363159521099,0.9936529480504178,0.9727308993659335,0.9588275315561843,1.4912856205659264
2023-01-31,1.3999617540855127,1.5717878889975798,1.2531211266985471,0.9469737343576811,0.9696205327134507,0.8873634543406368,0.9974943660142177,0.9780672550490462,0.9620118547148163,1.498031192748508
2023-02-01,1.4182386750319744,1.6082411270271595,1.277659667038906,0.9635362385135923,0.9849859070943322,0.9010390663128534,1.0143471223563478,0.9932875725972709,0.9792949799498527,1.5219902486402526
2023-02-02,1.433654066453818,1.615367154410278,1.2799921269113537,0.9668731537728726,0.9885950815873463,0.9026339049389626,1.018505209578551,0.9956133980269805,0.9825467080804783,1.5258860998543118
2023-02-03,1.4178881305660243,1.6150856103275022,1.2813943007117594,0.9696869868788756,0.9877019908930971,0.902696235568473,1.0183055620010013,0.9950329458063298,0.9788707669646365,1.5200211706820868
2023-02-06,1.4229512502749184,1.6233857959699778,1.2849255772753156,0.9688890621121163,0.9863336481936881,0.9016028993363622,1.0170745932085596,0.9917352354106695,0.9752586597480888,1.5138924124138498
2023-02-07,1.4196273693265247,1.6362213762796576,1.2905204986328316,0.974761783096935,0.9929579798131629,0.9085465229981964,1.024438592296698,0.9993069820261766,0.9799832655363461,1.527617035359335
2023-02-08,1.4183463170216748,1.621577961455792,1.2880827930397636,0.9697865941756255,0.9895387535626272,0.9044498735566265,1.020023873671547,0.9932764799771434,0.9746113755009175,1.515444865750769
2023-02-09,1.4380368944141002,1.6375144250912228,1.3021459107705105,0.9827045229622031,1.0025208115846524,0.917053477049434,1.0340405867068685,1.0044045555944585,0.9858467068013692,1.5315836279585784
2023-02-10,1.447564092545594,1.6305755802649358,1.2995105535978237,0.9810854900197286,0.9988367497887952,0.914872594499881,1.0340186999849184,1.003353381397147,0.9842967200120413,1.5340558645524627
2023-02-13,1.4410571774644694,1.6391150449500322,1.3146635449330326,0.9934275648350414,1.0094111323591048,0.9251731279173587,1.0454701529220558,1.0129814680051965,0.9942772129914806,1.5445762501602878
2023-02-14,1.4462164266018982,1.6218168127899455,1.313245417092425,0.9923089386990918,1.008630290842271,0.9258299815564367,1.0479561410000549,1.013001005513074,0.9970115592767465,1.5476418281758495
2023-02-15,1.4460130102134712,1.6360315842731767,1.3165385824654194,0.9971807174032498,1.012971656391603,0.9294594307620849,1.0509450919064722,1.0132735327473406,0.9963190698648174,1.5503398976691392
2023-02-16,1.416321554484748,1.587901533728692,1.2803253748520282,0.9735400927409658,0.9866497616666846,0.9080744127611553,1.0280381359174875,0.9937809346429943,0.9759652752358992,1.5237658491007384
2023-02-17,1.4104976122199395,1.5686787952346415,1.2723270806428453,0.9660962213149349,0.980284108451216,0.9010119883396539,1.022250524856268,0.9879149520643062,0.9765328809875309,1.5247749740774812
2023-02-20,1.4135769352033296,1.5741297749464311,1.2881865950434923,0.9774497141934532,0.991907599126411,0.9128888350563571,1.034839565150755,1.0019779756065754,0.9894017988777989,1.5498224261890639
2023-02-21,1.4226925833463413,1.5829225112984446,1.292512420187927,0.9797339497794564,0.9962137909638732,0.9171082009064674,1.0398003316697444,1.0069479458775241,0.9964001310128843,1.5637944862072384
2023-02-22,1.419936756185936,1.585350140230124,1.293365835003732,0.9831011771930426,0.9974738000131347,0.9187706288549938,1.0415238278695622,1.0068909309634198,0.997390512080259,1.5650387920403723
2023-02-23,1.4172265617009514,1.5845197019518265,1.2949069215819056,0.9813488138726066,0.9952188763503158,0.9155664981980505,1.0375602343710115,1.003183341204256,0.9957500614372499,1.5610099813196912
2023-02-24,1.412759782003864,1.5737270852700325,1.2930301782058373,0.9800458493996524,0.9912210079781414,0.9138309328781302,1.0361654451935642,1.0000436570605926,0.9919694248646959,1.5584233026142191
2023-02-27,1.4011917208183362,1.5532883824098112,1.2827194468410086,0.9708147385759858,0.9837271951816143,0.906509685621743,1.0283843373338517,0.9926776123972822,0.9854554188006222,1.553143291792231
2023-02-28,1.417401855100251,1.5700507534888766,1.2912807625152545,0.9806736744048716,0.9921330311497877,0.915261337627542,1.0387296724155122,1.00316955455933,0.9952643882268716,1.5617185383004624
2023-03-01,1.4221647013221863,1.59191722753711,1.3018116667325363,0.9904265447907231,0.9999513164227781,0.9235589828090941,1.0486678383214207,1.0126179758588334,1.0000414426816289,1.5748795996664573
2023-03-02,1.422355417577565,1.5882373211923535,1.2997064522806756,0.9860402720684417,0.9948216094542118,0.9202829334934284,1.0465097645473311,1.0089599806283456,0.9953062791013922,1.5760737521251094
2023-03-03,1.420819411425356,1.5848651416931288,1.2970491651867666,0.9838963973889315,0.9928848992876157,0.9185773714903891,1.0472138158878654,1.0097971487278812,0.9979544457424748,1.5778382478905237
2023-03-06,1.4315600024371187,1.5930776790149228,1.3023312378481127,0.9849508779646026,0.9951294469139272,0.9211948231110824,1.050416146971586,1.0112445462372925,1.000690578115964,1.5716379637696019
2023-03-07,1.4101526809502218,1.5563395658824262,1.2735472218926436,0.9628119039262276,0.9736046224917262,0.9017590149250164,1.0293206018185155,0.9914297018291663,0.9820208614398127,1.5455303091276564
2023-03-08,1.4309755300162843,1.582006668800346,1.2875603635764838,0.9716857465721562,0.9812102582174891,0.9093341764556762,1.0372713901437514,0.998617643758706,0.9870617400174012,1.5564819287089031
2023-03-09,1.41759571198656,1.5834087435446706,1.2917224145232609,0.9729673441409034,0.9824829599104424,0.9094551628634924,1.038037584231073,0.9975409416290424,0.9882674763349353,1.558006454827811
2023-03-10,1.3991553911957946,1.5592272915515946,1.2711456652542736,0.9596772638976411,0.9685774355541632,0.8960077236546091,1.0224076254034882,0.9822534869204331,0.9748514797598953,1.5324728195015873
2023-03-13,1.414363614653505,1.5669954390125078,1.2738499714609235,0.9633367107120879,0.9713315719098873,0.8997931349039043,1.028934714422776,0.9866137982649797,0.9792008654406857,1.537727445425052
2023-03-14,1.4352510068968232,1.5473690997822374,1.2573274429758363,0.9502378810432222,0.9594447555576889,0.8881093121460647,1.0173379882804603,0.9771688948387742,0.9685981688505143,1.5136176339916225
2023-03-15,1.4755892213475827,1.5482282464897927,1.2617523501378618,0.9573077239561105,0.9677357615506368,0.8953560004344,1.0249432550674675,0.9869737833025253,0.978962260952861,1.5256768617921477
2023-03-16,1.4265793242619245,1.515873088841248,1.2390264873083259,0.9414099060988961,0.9522782487666785,0.8826832688813853,1.0095394920306997,0.9714186075134473,0.9622910033556908,1.4957665366577613
2023-03-17,1.429397788953105,1.525838584244124,1.2480351116436308,0.948136964741095,0.9591173792202231,0.8922861912540172,1.0171498162700918,0.9788041979762201,0.9680439571740259,1.5106678580995325
2023-03-20,1.432661663993895,1.5203215511159536,1.2473764747650302,0.9447567581394618,0.9555870426638848,0.8920907246751989,1.0139356547556648,0.9760742983205607,0.9648887933459817,1.5044689049946087
2023-03-21,1.4486140168333406,1.5444351072629325,1.270755447444424,0.9619722227238002,0.9715827696336555,0.9073489159601645,1.0287101330263047,0.9894147285904273,0.9764116710590379,1.5218680292049354
2023-03-22,1.4584723714166805,1.5597653401730156,1.2853204811026615,0.9683066777386521,0.9778460586601289,0.9131202930660535,1.0351151851533404,0.9943006066679899,0.9788755535250068,1.531956666707505
2023-03-23,1.4452505369100617,1.561623867262655,1.2864899338819846,0.9691966605285297,0.9789021609791012,0.9141790791761352,1.0369417725515842,0.9948549381809162,0.976836051634484,1.5407390760664776
2023-03-24,1.4570209263656335,1.569405097459499,1.2915658764183395,0.9720972576363774,0.9825862262893019,0.9163212412756392,1.0388009401618616,0.995789841725514,0.9734339820276987,1.5357546451489925
2023-03-27,1.4729228068355693,1.5734654619004218,1.2997858843506571,0.974539354132695,0.9848658093556601,0.9183526479570635,1.0373450788725025,0.9948540808361185,0.9727213481935709,1.5368846933921614
2023-03-28,1.488881402781049,1.5475594605930374,1.2847233701825491,0.9611210690056411,0.9765894502559387,0.9098138996476673,1.028263485262764,0.9899647796253961,0.9691852881076596,1.521657296198417
2023-03-29,1.4847306828104498,1.534423962573043,1.2809987640745315,0.9586726924899238,0.9723799871094605,0.9086907681881201,1.0227641948557245,0.986489837481338,0.962713158892938,1.510925594123897
2023-03-30,1.5291262747590413,1.5186376380775946,1.273033669641502,0.9543195533437809,0.9691024790438367,0.9054511031623613,1.0170613181448074,0.9829567917498797,0.9589467142271776,1.5115154938733653
2023-03-31,1.5506249992061065,1.538125011431427,1.288908245038181,0.9630053710777431,0.979258013995814,0.917077647705774,1.0291300186059658,0.9950501556071186,0.9697549519260749,1.5327992837334858
2023-04-03,1.5893041779925283,1.5596688253545867,1.3089296509612418,0.9734652588303662,0.9890099256906577,0.9296129100821343,1.0389138457927565,1.0066044729390542,0.9751533934673652,1.5539810477690577
2023-04-04,1.6223657361639772,1.5454386581286557,1.2954054217903712,0.9614919785681453,0.9787320787980667,0.923485054159868,1.0313660308983728,1.000606838349331,0.9711007176695241,1.542108864295285
2023-04-06,1.6513152756618004,1.5378901557361486,1.2919048014065726,0.9641145326343069,0.9780864241586817,0.9219277638271657,1.0299529823559317,0.998072969817021,0.9721669797764458,1.5345842797636977
2023-04-07,1.6317769829149684,1.5476026612759683,1.304493807430549,0.9746954752109923,0.987480138058545,0.9296442672714396,1.0404146139827877,1.0061691356130635,0.9796167208826493,1.5540231967592493
2023-04-10,1.6116612019568923,1.5258470098276589,1.2827375153168104,0.9604559316723983,0.9747642041852995,0.9166346020554151,1.0241182305157945,0.9929495143372582,0.9713654330971744,1.5301152242735847
2023-04-11,1.5991036635538585,1.5201148209577922,1.2819419947449824,0.9607367633860747,0.9751197816030989,0.9197876133944443,1.028300012784829,0.9972534608070985,0.9753805911821001,1.5380455296692563
2023-04-12,1.603854779455488,1.5486546457582837,1.2933604298825299,0.9725829898199083,0.9832222988994649,0.9292358134014265,1.0367318988552523,1.0072089461147653,0.9840488437000703,1.55403424110821
2023-04-13,1.5769980265443801,1.5264880233220557,1.2811508660907631,0.966430230827205,0.9775861445640995,0.9230629537696197,1.0307275180985225,1.0027383487621706,0.9843227969908344,1.5463724271453705
2023-04-14,1.569696871740816,1.535332436590785,1.2923941927980132,0.9691172730941716,0.9779604331441647,0.9270702743292338,1.0347403354791096,1.006484776230767,0.9892700141647448,1.548525744046369
2023-04-17,1.5722595491394642,1.522442616494052,1.2861011772456687,0.9671247386697494,0.9782416870291109,0.9257170331036607,1.0349921116073626,1.0070120015925346,0.9909861844425265,1.5546573959203127
2023-04-18,1.5484494204584787,1.518030335360071,1.288442465405694,0.9624268812236025,0.9724654511175697,0.9229406728907287,1.030294945052747,1.0021715688961872,0.987077648301792,1.5518088820058846
2023-04-19,1.5595688627054554,1.5139133063324801,1.2845059566297248,0.9617240062354129,0.969532990844021,0.9214620952153132,1.0291004130568568,0.9986912039207966,0.9880423780640692,1.552224189821383
2023-04-20,1.590336799515965,1.5100655624011026,1.2814741558963305,0.9596101475968581,0.9678135874665453,0.9224709062150938,1.0260473802925894,0.9967361157320062,0.9841501912190678,1.5502489009313647
2023-04-21,1.5184441329423082,1.4568636822809933,1.2389770804321816,0.9287078134480621,0.9420225717964964,0.8966188465157305,0.9985171950455275,0.9695322495156306,0.9632555612101965,1.5131213224980633
2023-04-24,1.607554052553766,1.4517010147791929,1.2311189818803598,0.9241511066844021,0.9355508056448971,0.8953689390528865,0.9940901725571115,0.9673592932767878,0.9596972156853112,1.5035936238772807
2023-04-25,1.638342442467802,1.405107461380613,1.1979618699904138,0.9052633276045539,0.917321942889433,0.8794161992622649,0.9767748820766341,0.9519766475700195,0.9436791209900884,1.4748739939679774
2023-04-26,1.6759895445237452,1.4157549095030713,1.2159251331406544,0.9106753840582418,0.9256012860210199,0.8855500841131428,0.9837684583993226,0.9607319735019401,0.9499130631716844,1.4856011760159133
2023-04-27,1.6098966254697256,1.4093746015374273,1.213780796808182,0.9122518223732287,0.9249327284354242,0.8822558674657266,0.9835990486645377,0.9604418707209416,0.9499933322311672,1.4698735661853897
2023-04-28,1.5801100319124137,1.4501778564827486,1.240862501827497,0.9288845619769237,0.9434662201029959,0.9024219134668331,1.0041700983820327,0.9803191745453881,0.9669061620481214,1.5108543522443505
2023-05-04,1.4981647154157625,1.4647473054770677,1.2447873824967366,0.9292132539760921,0.9494487853844865,0.9099248169011371,1.0118350392644195,0.9926875104184272,0.9784092208467836,1.5211807467116163
2023-05-05,1.3994739385015635,1.4618248280406199,1.2325206367676054,0.9248588468046095,0.9395920211804173,0.9014768323752262,1.0035951050758298,0.9864307389605773,0.9689001966736912,1.5062882037238927
2023-05-08,1.3922748472937305,1.4610813542939456,1.2294466382799367,0.9252307618966013,0.9401934265638763,0.9023544477782565,1.0039140417191303,0.9900316619671656,0.9743163637060877,1.5051287305624004
2023-05-09,1.3636773089986922,1.4378494648887958,1.2097887332766826,0.9088597843051827,0.9254414287680398,0.8890408628098075,0.9897714753822766,0.9742357550707339,0.9606406980596257,1.4816261801445105
2023-05-10,1.3714752218385706,1.4525389058054803,1.2219988226093115,0.9140038242849161,0.9309520979895246,0.8937729066916751,0.9940408473644239,0.9785692211229372,0.9618181285406335,1.4835718890935121
2023-05-11,1.3735082081740126,1.4627072122269589,1.2323619735895914,0.9203067847684497,0.9369167313417649,0.8971825187139677,0.9963218536142823,0.9833261050683084,0.9667773559163423,1.4934327190365353
2023-05-12,1.3584005747555352,1.4483850622640768,1.221045417066211,0.9090168996753865,0.9283000059203697,0.8885710120069636,0.9844648162625541,0.9725595559186582,0.9575639705341844,1.4762637023975238
2023-05-15,1.3841093763760413,1.4650267872653193,1.2341315720793178,0.9169896678824614,0.936159763724882,0.8957171070679698,0.9925592973934002,0.9823192968698834,0.9654347100958084,1.4876260647364308
2023-05-16,1.3775932804343631,1.4547028701078641,1.2246043887940545,0.9111495276838278,0.929443726687292,0.8894474625365226,0.9847581978365095,0.9734781229846453,0.9586744267398288,1.4747730723040262
2023-05-17,1.4059046869401033,1.4725936814987706,1.2403053465472327,0.9210441214047889,0.9373685044633943,0.8971487660882077,0.9935457261453541,0.9825113507445024,0.9689843077171368,1.4841749396948278
2023-05-18,1.3830873693212162,1.4816815908506502,1.2462225831315445,0.9246272295554222,0.9406941514452589,0.9012081186417018,0.9974331313555992,0.9877909443474461,0.9723583309075948,1.4923830848247241
2023-05-19,1.4099348855528642,1.481945617178319,1.246159592741034,0.9268654692724793,0.9422709016284284,0.9018918053842289,0.9956213045225106,0.9880353657472725,0.9698974018332778,1.497780468948054
2023-05-22,1.4208899271690492,1.486277586698396,1.251959811119594,0.9308944290278941,0.9465236383444765,0.9053236480822126,0.9994054026266646,0.9916962523917161,0.9740641994241236,1.5019687307729406
2023-05-23,1.41451593633307,1.4726749312127227,1.242553724644671,0.9222639076243648,0.9391485247687952,0.896517272072585,0.9886530351181521,0.9809351173393582,0.9608405089394766,1.4864224909435109
2023-05-24,1.4129165962774766,1.4737847008928817,1.2438455828412094,0.9219764073501836,0.9378378654754491,0.895818733343386,0.9851730178579939,0.9810340616149703,0.9553842314957197,1.488996067157775
2023-05-25,1.4080135329024357,1.4771591190292763,1.2431049130142977,0.9211619893097721,0.9363283198184374,0.8949407675422505,0.9849856497657153,0.9782895739154556,0.9526038146189767,1.4829516560490312
2023-05-26,1.4271992731153018,1.4733280117150713,1.2505146361168098,0.9227908897848213,0.9405831624937259,0.899570877520294,0.9877979704594166,0.9837949607405257,0.9572435843278448,1.4902353845400989
2023-05-29,1.4229956716887857,1.4587222243085378,1.2408868333862653,0.9182031284526624,0.9359447133027381,0.895119720493148,0.9835614660628373,0.9808896194756634,0.9578874399648304,1.4879600825735846
2023-05-30,1.4278436608450717,1.457816511921418,1.2432125865335069,0.9214744325679345,0.9391231195848251,0.8981256365320323,0.9871565820170332,0.9870052566153967,0.9623927656947004,1.493285304680447
2023-05-31,1.4336798615960002,1.4581119908485707,1.238857082941882,0.9202104538882666,0.9356480611095099,0.8952779397577807,0.9820737813458906,0.9818853182509372,0.9585924429390424,1.4884188616816127
2023-06-01,1.4388645261167872,1.460814090799938,1.2447350188558162,0.9220446626376005,0.9362534696792908,0.8972680993561646,0.9855068235737863,0.9836497026055393,0.9581377584360488,1.4914546514953033
2023-06-02,1.4368508652072314,1.4640639619856182,1.2503064188896207,0.9275509933488386,0.941125584081395,0.9042580251182744,0.9913823182601763,0.9897205626218981,0.9655702672576079,1.5063613357079462
2023-06-05,1.4423629671087754,1.4638164724255966,1.2509726246637554,0.930783658131415,0.9449555547795064,0.9068833309956151,0.9940481976178287,0.9962957074654855,0.9679768359179237,1.5124536301691842
2023-06-06,1.399004537890272,1.438781542166229,1.220345612552089,0.9116589740710037,0.9251139954225263,0.8882333084959639,0.9733609668816035,0.9735908721276706,0.9485971352173206,1.4894921179965692
2023-06-07,1.3991819286833833,1.4487538314649244,1.228564390395005,0.9177680328911915,0.9265604764179964,0.8897924635967024,0.9762828083111934,0.9752662439757281,0.9508368737542144,1.4974525899934557
2023-06-08,1.3789739206996523,1.43618065271416,1.2210485300175646,0.9135798736182246,0.9195918510940123,0.8856718310317853,0.9704363844410064,0.9691065187466449,0.9462047771358238,1.491332472108296
2023-06-09,1.3932099016094803,1.4396293498123587,1.2230262603988065,0.9164633910744219,0.9234108358122929,0.8892589345963373,0.9736778880667599,0.9747005245634895,0.9542758670171417,1.5122988381111222
2023-06-12,1.4072756873312222,1.4474643407670598,1.2309622231873472,0.9230622279346885,0.9318838807976811,0.8962141162209012,0.9809705273315327,0.9830955669141722,0.9586619037514159,1.515953945294567
2023-06-13,1.4344352921070518,1.4574905591478498,1.2349963359980602,0.925742693785596,0.9370718931845121,0.9005952075454841,0.9832249095010711,0.9867562207478707,0.9616614357736578,1.513966018117927
2023-06-14,1.427433948384279,1.452776547387589,1.2356721239922428,0.9263878589413229,0.9381083066746796,0.9021454768154386,0.9841044609653059,0.9886176854252303,0.9623632443807247,1.5180032052475054
2023-06-15,1.416738056341807,1.4543528411710878,1.2411340168608465,0.9282390413299407,0.9418302145976865,0.9053582311184393,0.9871663727277278,0.9914179227506482,0.9637760093837063,1.519259063888951
2023-06-16,1.4457336951448712,1.4594233167579589,1.2469107962681492,0.9337938781180284,0.9464919094544354,0.9099635493198497,0.9930397067851575,0.994769261346615,0.9672928429374809,1.5201710252031453
2023-06-19,1.452383465803366,1.4669993418386955,1.2524492263536438,0.9367073509716911,0.9486044003521523,0.9107266260226287,0.9912757347849167,0.992690260200503,0.9684776802951782,1.5093580633281785
2023-06-20,1.4414654319195603,1.467048475059033,1.2471265647968501,0.9338438997690464,0.9457145905547041,0.9076047434424802,0.9868316507128264,0.9878400204669359,0.9635700140750432,1.496820989100989
2023-06-21,1.3960391037925974,1.439941696102208,1.2239719443400539,0.917560674758509,0.9303944106367332,0.8930042215321949,0.9717620044905866,0.9728329610818001,0.9475204380722484,1.4731991444528139
2023-06-26,1.353159325297052,1.4089580000227298,1.19890608291551,0.8979807325994764,0.912781183478166,0.8767799631041734,0.9547943119214257,0.9577904038269183,0.9343121483327809,1.4439909502662414
2023-06-27,1.3504885579468942,1.438745692325254,1.2189502058518922,0.9147663999328167,0.9282543820527759,0.8918116955574764,0.9740289357650276,0.9754607166148429,0.9517848106569178,1.4701001851130169
2023-06-28,1.3398251907769194,1.4338671846148245,1.2106058003969724,0.9097598747857704,0.9260266617120181,0.8892485802262247,0.9718051434569819,0.9748058836678691,0.9519987117792942,1.4742567102846564
2023-06-29,1.3568729150727392,1.4576540339774462,1.2240303239028156,0.917414588014128,0.935181538879727,0.8976212645747418,0.9826259234615586,0.9805040571663819,0.9572620594132145,1.4834338970500704
2023-06-30,1.3787043741961342,1.469477865455349,1.2394561936489725,0.9284684725796339,0.9457039036637166,0.9080573535183669,0.992876480046099,0.9908601785477468,0.9669998984954525,1.4931219875383988
2023-07-03,1.3818514001652789,1.47241115169667,1.243412816005512,0.9312332917589382,0.9479683329128441,0.9103854388624367,0.996895675031623,0.994669964383594,0.9722668816609391,1.4954383771198843
2023-07-04,1.4348610829036872,1.4864366923036916,1.2564081248952605,0.9383189104600839,0.9558590334201487,0.9154462998648681,1.000954257825179,0.9996985950868055,0.9745547492351339,1.4993790449459288
2023-07-05,1.4169887782418162,1.472644498523564,1.246508561783261,0.9319982188797936,0.9489814897162854,0.9094411721378518,0.9935749729046731,0.9917172108645806,0.9710743344250433,1.4920717887687827
2023-07-06,1.417443006153221,1.4745741299158373,1.2442215392722953,0.932420002821806,0.9482516963254193,0.9095707946746392,0.9934377540325178,0.9906076955193811,0.9680694420767084,1.493366162012329
2023-07-07,1.4019725519533164,1.460209739342924,1.2346765806042979,0.9249370873650229,0.9416994028494879,0.9036655192998785,0.9887085801858893,0.9876985390659964,0.9653329368251622,1.4861074751127143
2023-07-10,1.3919715583126173,1.4631040766293963,1.234430223904217,0.9250233710592756,0.9413926857844639,0.9026706964968012,0.9899667559492902,0.9866610915220277,0.967536521697057,1.4867160442305611
2023-07-11,1.418770160316917,1.4726783998697786,1.2449842333367254,0.9345596943522908,0.950364711207994,0.90989089550366,0.9967028766969772,0.9934331984308482,0.9713926319354558,1.493505986009705
2023-07-12,1.4055079900425826,1.4517124949512383,1.2283926920065578,0.9231986218407798,0.9396290971474103,0.8979666294573128,0.9855761514466695,0.9850008472673257,0.9632474101424272,1.4803143457613757
2023-07-13,1.4304434763408795,1.460264115408069,1.2369048470050676,0.933112010312498,0.946327290265838,0.9065887589654404,0.9946312317459562,0.9939542364286436,0.9701002298214896,1.4948630812522576
2023-07-14,1.4366775498098654,1.4606849730041604,1.2370635733931779,0.934183045860661,0.9459398424375783,0.9045764850695825,0.9935293423091655,0.9923687888365679,0.9668533793636481,1.4936495618847823
2023-07-17,1.4082752484539784,1.4567074258539703,1.234849472293344,0.9319139809303927,0.9432261331140498,0.9034370311487395,0.9920950284376393,0.9925849630140897,0.9593653950268344,1.4894487090240838
2023-07-18,1.396651123336031,1.4567703395769949,1.2358040149499263,0.930727342369935,0.9438765180050027,0.9034213357982704,0.9917603790417072,0.9929073470873044,0.9580720429436596,1.488257733765941
2023-07-19,1.3747098682110668,1.4464038864664188,1.2316612980024608,0.9291389412771028,0.9412855705584462,0.9014446906798932,0.9892094467725564,0.991275525233208,0.9590346176074064,1.488145062701275
2023-07-20,1.3401287002722577,1.4263604725772905,1.2165575075186659,0.9185560019730659,0.9304553397940191,0.8908466723260018,0.9782002757862303,0.9785238939778251,0.9501139134969674,1.474415737777295
2023-07-21,1.3321362373422183,1.4178032241175063,1.210084739268861,0.915473187343509,0.9266287354724252,0.8878520620791749,0.9737549558626324,0.9721346097095211,0.9470430191160876,1.4706059308547572
2023-07-24,1.3326761232752837,1.419090624590516,1.2092855970602638,0.9149190013280255,0.9276769604903965,0.8870135384984874,0.9742535773851252,0.9731338727182768,0.9475398701249101,1.463360589411194
2023-07-25,1.3767932450725546,1.454203010165198,1.2269082341918731,0.9300741240989907,0.9413525645319097,0.9001426744277321,0.9883261267327972,0.987291639051759,0.9618984354828278,1.486782416319014
2023-07-26,1.3570837256580959,1.4576538130861911,1.2216441075046773,0.9277128719861918,0.9367525161966953,0.8954571191513789,0.98282197231183,0.9801050376760473,0.9559514938031162,1.475421777203058
2023-07-27,1.3550563497177803,1.448986747181063,1.2129455657547168,0.9212606170884959,0.9297935625800718,0.8908374883098138,0.9759417851892725,0.9752153400422208,0.9498622418269487,1.4726912571967676
2023-07-28,1.3631299100324803,1.4481520889127018,1.221318679943866,0.9261287500397226,0.935863593276544,0.8962412181111662,0.9836759358651805,0.9812932187166767,0.9565493311203666,1.47426592912169
2023-07-31,1.3760209400023409,1.4570282812276771,1.234710729343087,0.9343938827880345,0.9436867035333375,0.9032637538843978,0.9910147196814383,0.9896072915354612,0.9646384380137174,1.4793261233558697
2023-08-01,1.3725457432839692,1.4478895447020712,1.2305182728969069,0.9309395879299651,0.9410273311514981,0.9012357773157996,0.9877926007571706,0.9877083163470796,0.9627095621560491,1.4807181419230262
2023-08-02,1.344856525458702,1.447873622712405,1.2270609877344396,0.9306308220297119,0.9397390884750263,0.90105823111103,0.9868768744180185,0.986524530920264,0.9609652529203833,1.473489975048389
2023-08-03,1.339545479792233,1.4457045317188413,1.22383577494191,0.9286377261548421,0.9394215823561174,0.8986822380071554,0.9847015299062076,0.9847326614020667,0.9599055125312158,1.469795116520926
2023-08-04,1.3464607655637693,1.4495041927705496,1.2267263351801578,0.9290348303423993,0.939870303456015,0.8998630990426256,0.9849863818589226,0.9856629018106493,0.9603696166132092,1.46734243401339
2023-08-07,1.3337796892648102,1.4427482352253802,1.2196662263993654,0.9231928802458464,0.9337095480686705,0.8940201486336836,0.9799368327300517,0.9804889407418375,0.9575768730565166,1.4625275096845642
2023-08-08,1.3167403111032703,1.4386282077958599,1.2174811386325926,0.9212657497810195,0.9315248668269673,0.8921870730449204,0.9770254876827204,0.9773073446425145,0.9550613944191181,1.470932327021243
2023-08-09,1.3164285523337962,1.4267752977389785,1.208861650572895,0.9147575627991993,0.9243831929173677,0.8835516638855303,0.9684137006408987,0.9673387383537555,0.946676031447308,1.4484187417168541
2023-08-10,1.3112028303901622,1.4305163092986573,1.214794727334479,0.9169696340249351,0.9258101762445179,0.8843480564694339,0.9717332636770929,0.9698543601734607,0.9471512244115426,1.455132900602943
2023-08-11,1.2881121682900367,1.4084390024530098,1.1926200702990575,0.9022741450066101,0.9116623576755597,0.8703570206467486,0.9556509887821851,0.9522247598222207,0.9304365656210293,1.4285320988268646
2023-08-14,1.289857663700291,1.4097579937252696,1.196613354547447,0.9059945268496606,0.9144005381121365,0.8739045176287269,0.9603717652928185,0.955692981570034,0.9334922099071375,1.431868750205617
2023-08-15,1.274486004740449,1.3946761080575638,1.1867200956802786,0.9010402586927261,0.9082420419689544,0.8683649398738922,0.9555310689896618,0.9485617035277256,0.9287912721029502,1.4209902415545408
2023-08-16,1.2555801481900475,1.3802068282698372,1.1733977792572088,0.8916879910948283,0.8991142743166939,0.8598630888557952,0.9474811810906417,0.938837114611382,0.9184254489277188,1.4068305799977525
2023-08-17,1.2773774309466737,1.4035454869573396,1.1891807232645122,0.9041325885986086,0.9106303263397666,0.8712672177531343,0.9606664710134377,0.9515760453481061,0.9294589418682332,1.4198076488435105
2023-08-18,1.2653129858688703,1.3940328521280656,1.173859349213255,0.8899546708477356,0.897663429704217,0.8594148851648743,0.9466980545620695,0.9365694735164495,0.9132349502482012,1.4021842344249127
2023-08-21,1.25652244643328,1.3869452163139884,1.1691815890475201,0.8849983679924333,0.891483620100218,0.853839206098776,0.9391487963552645,0.9306099966372477,0.9086920408881911,1.3979887826317514
2023-08-22,1.263703852048117,1.4012349329273948,1.17367691047662,0.8885808171596022,0.8933172207008199,0.8558740871943231,0.9407656834177855,0.9367173824299784,0.9120047799418699,1.4002136031741914
2023-08-23,1.2470578292060517,1.3809319932554072,1.154448974039455,0.8740150731243188,0.8785422403021413,0.842061958728174,0.9261942192081583,0.9238634472497654,0.9008939749031476,1.3824391986385531
2023-08-24,1.2593874285577886,1.382181423558919,1.1515753339459234,0.8752660366077616,0.8764755784754971,0.841506699551035,0.925637421716619,0.9243060389803879,0.9009289273854875,1.3827564070263714
2023-08-25,1.2148288465922585,1.3512982933883304,1.132681778358405,0.8580363742495126,0.8599051561729029,0.8264298974336312,0.9093492338260667,0.9087449955629995,0.886743158366385,1.354777522981605
2023-08-28,1.232666619392801,1.362674303458031,1.1459425924697444,0.8648514879488151,0.8665334442560185,0.8344981151479784,0.9182699248817667,0.9172247970234517,0.8966069795825257,1.3741458460431233
2023-08-29,1.314392664848681,1.4228912022256057,1.1862743881046358,0.8985125860341758,0.8988103942008363,0.8633090349314924,0.9482112498586276,0.9447534214781573,0.9191006116135098,1.410298533233645
2023-08-30,1.3315032833862908,1.435451385077089,1.1956659540848213,0.906165395220931,0.9062447128976288,0.8681319668474129,0.9547122822542305,0.9493860406994203,0.9203873212674322,1.408745365833622
2023-08-31,1.3153180220850342,1.4267403380138657,1.1853033391031729,0.901448755224452,0.9020175983813319,0.8632497064639023,0.9494648702982825,0.9446379367970743,0.9146092109854538,1.3989695141515364
2023-09-01,1.303544756021833,1.4143641061869403,1.179685454770959,0.9001353938331204,0.9029957710509321,0.866067145558033,0.9507777119709,0.9471667445602199,0.9197437572855525,1.4137580371198781
2023-09-04,1.32443388936972,1.4310958971939045,1.1953279758501214,0.9123749612216236,0.9136820444234908,0.8793523000371366,0.9637903256069758,0.9608453389047991,0.9360184831059457,1.4412635603865631
2023-09-05,1.303486210244685,1.4225100398227022,1.189790108101411,0.9079190621090395,0.9096092485181453,0.8754416828233771,0.9595603277110577,0.9571550266221112,0.9311626293402552,1.4337158767053346
2023-09-06,1.336723139869358,1.4344970185546633,1.1955471704770637,0.9148765518655535,0.9139918466301613,0.8795658528373166,0.9629922587918344,0.9608455418663128,0.933416942962432,1.4343597335680702
2023-09-07,1.3038921497219893,1.4055036639857181,1.1790760687873552,0.899765705609295,0.8979581081842845,0.8661241143345749,0.9479259084721434,0.9441207419908164,0.9180168341152353,1.411945462296003
2023-09-08,1.3358261023226288,1.4094003345165973,1.1829551097004474,0.9034878024466608,0.9012060985857013,0.8682138149950756,0.9504375748862334,0.9455923689298913,0.9178994401844914,1.404778444162879
2023-09-11,1.3491432680398165,1.4185223340416069,1.191261457689682,0.9093260327725334,0.9102996444351676,0.8774719438994119,0.9586870903688356,0.9543428832519267,0.9260173943049885,1.424884678766156
2023-09-12,1.3397933471050738,1.414028172748021,1.1882871815783274,0.9082656137768018,0.9109906765809994,0.8771398613814957,0.958051752348319,0.9541895443276609,0.9258422676307092,1.4258034664900543
2023-09-13,1.3308193190780897,1.3992460000860227,1.1739578653198934,0.8970186625324036,0.9004754852760699,0.8689536174315869,0.9478090946330892,0.9456481764139781,0.9174157825856334,1.4135002378175743
2023-09-14,1.313718766950914,1.3817479949077316,1.1610132652449983,0.8879924303182569,0.894209131218834,0.8618973975452927,0.9423000128130414,0.9410256559261805,0.9139806861109627,1.4140454634502053
2023-09-15,1.3170228960783419,1.379624485720222,1.163060193253006,0.8902646403093343,0.8956069633630603,0.863779390305767,0.9429838282229113,0.9418423204513162,0.9133489309217299,1.4159346598681652
2023-09-18,1.3203260088963285,1.390768507937905,1.1720202991294395,0.8959195988875379,0.903777292985561,0.869781485515338,0.9489785456184713,0.9484650793585864,0.9204600781774275,1.4298470598506205
2023-09-19,1.2899738599688546,1.3730561100388674,1.1567165868395282,0.8862127678793942,0.895024775080857,0.8606381634151692,0.9406965849506868,0.9386169267579405,0.9124631456646829,1.4177331795307544
2023-09-20,1.281797035280409,1.3629139861821766,1.145941502938693,0.8800369208094863,0.8878885174729844,0.8549997397073286,0.9345345748389875,0.9314400483951886,0.9065899901722386,1.4062040992968239
2023-09-21,1.2822432701013615,1.3589059340489875,1.137316398576873,0.8739563576913215,0.881785835512371,0.8499075563948648,0.9278334709315585,0.9257606499031622,0.9012635201335024,1.3972274056236165
2023-09-22,1.3158629744047037,1.3876176591205391,1.1598123113522014,0.8916108974056536,0.8978455739839565,0.8648674920304564,0.9434000265561411,0.9416329187284105,0.9136132259160764,1.4135060354185094
2023-09-25,1.3112599751639569,1.3807429058948995,1.1537228515943987,0.8889397467797284,0.8966482338468175,0.8628908877339004,0.9397181192215465,0.9367147931066122,0.9098875202325957,1.4050307965208633
2023-09-26,1.2835567806462842,1.3786395667402678,1.149090700228316,0.8852417989943511,0.8925388332719898,0.8598131638779504,0.9360407289225606,0.9331454968058606,0.9038618418855509,1.3931416269948242
2023-09-27,1.2758472149483133,1.3822048594335146,1.1520391078634737,0.8887087180221281,0.8970268281404411,0.8630747791328708,0.9396154014701078,0.9370381633746793,0.9072568947825097,1.3944535872265782
2023-09-28,1.2992637029516239,1.3949945523241047,1.1654109582066452,0.8976707462530645,0.9054828503999559,0.8726323929498773,0.949781407984304,0.9473725441807771,0.9167501034768805,1.412041494259918
2023-10-09,1.3166964771814471,1.3896587121877726,1.1591680749061133,0.8924288714885829,0.9041242999185514,0.8700599597634061,0.9460658843377453,0.9461626524619284,0.912643866504154,1.4052536819512211
2023-10-10,1.3196882375793801,1.3923251795492335,1.1584879906626997,0.892972372388903,0.9014251617599065,0.8675921461898055,0.9426181440582659,0.9440076233171002,0.9101942234091986,1.395645595593903
2023-10-11,1.3427646877441164,1.394170987365193,1.1628489700572868,0.8948523744146746,0.9033770030164472,0.8696696197489521,0.9443873155091722,0.9453513978237862,0.908420263615664,1.39064665309468
2023-10-12,1.3494141445878671,1.3974479881837636,1.168354138008768,0.8999244238532796,0.9088244695968086,0.8738925055520284,0.9498355275227647,0.9530671822826737,0.914332500937609,1.401759644343546
2023-10-13,1.3526129386534533,1.3853899576813156,1.1604249711917458,0.8961161773886984,0.9056540502281349,0.8695860518382166,0.9431090783821542,0.946667770349236,0.9089396668666191,1.391592894958932
2023-10-16,1.3540859088874488,1.3786638849389583,1.1515397131735905,0.8907392423739957,0.9002345829933499,0.8646812532944989,0.9375982074122251,0.9440002911576796,0.9061516798137775,1.3946984887305798
2023-10-17,1.3283831210962227,1.3794580348468444,1.1498064736852918,0.8906690126315796,0.8975270593273718,0.8619072039035374,0.9366454605654778,0.9415844500318484,0.9067136933429696,1.391691851373444
2023-10-18,1.3048994931183904,1.3514220539050286,1.12634607383506,0.8745926587112568,0.8828608286588899,0.847827803024851,0.920035269160749,0.9257203982186959,0.892866093865878,1.370388134367605
2023-10-19,1.2869290425868212,1.344993457719825,1.1187359112038742,0.8670955722087438,0.8724463055726001,0.8382779952475263,0.9110816701580814,0.9144809750988268,0.8821083076711663,1.3530024949923445
2023-10-20,1.2481365395350585,1.329780367167137,1.1088005657050315,0.8573668437647227,0.8636994053707775,0.829498866447681,0.9017692479331185,0.9068048126727148,0.8779407920056823,1.3440276810417717
2023-10-23,1.2180055595060046,1.2950438992279854,1.080857676828004,0.8382137453486809,0.8442931329323353,0.8110559566560264,0.8813662745477895,0.8864239220715038,0.8600560771241061,1.3135584576460042
2023-10-24,1.2439365248992984,1.3394808257624304,1.1101985650556077,0.8597642199317523,0.8637858350450692,0.8302174839939009,0.9024745705337307,0.9062603376167166,0.8800454126427275,1.3427466523070206
2023-10-25,1.2633598019619399,1.3767926279932525,1.1318640020873523,0.8721194180386564,0.8780291128477944,0.8433167418763258,0.9145343716103489,0.9187339227473532,0.8890504991024234,1.3616837665502872
2023-10-26,1.286498578853378,1.3790206273034276,1.1344307277375936,0.8758724313644067,0.8821245224942172,0.8455523568497473,0.918581864806694,0.9208824692937221,0.8938419047967398,1.3638590301912863
2023-10-27,1.295039890636677,1.3864250110708998,1.149721457952965,0.8872206812072065,0.8955775040771138,0.8563334755477453,0.9329123176039992,0.9329005490949992,0.9046760427495337,1.3828272690311925
2023-10-30,1.34440452503788,1.412690313485769,1.1659286854499615,0.9010809156925861,0.909151302430501,0.8661697862853108,0.9420814088928557,0.9436723853670206,0.9132927371582846,1.3903747171798722
2023-10-31,1.3384557017461043,1.4013641797870418,1.1614640885680119,0.8973529245184539,0.9047982840931849,0.8622877637751588,0.937517539056347,0.9390028493849076,0.9093604659790719,1.3881310295902998
2023-11-01,1.3543528750146692,1.40818115393928,1.1647005370796923,0.8977221814995907,0.9067027229079306,0.8656102888338114,0.9399380592767866,0.940540409772992,0.9123996338389533,1.395548084825219
2023-11-02,1.3273073236491517,1.3846167795620223,1.1518993630212329,0.8875404840804806,0.897794253297387,0.8564604436034297,0.9311936389420739,0.9304086982049684,0.9066280884583517,1.385655168562847
2023-11-03,1.349418323807058,1.4053564221821908,1.1681305292237842,0.8997548236904154,0.9089666557797899,0.8666914324238919,0.9412061721434862,0.941344410174441,0.9111639897965671,1.398887092484388
2023-11-06,1.3836075916600141,1.4371921400812888,1.1956601008836978,0.9186207403350387,0.9276039373126702,0.8839972691086017,0.9575227646649893,0.9586888998541473,0.9245624802989661,1.4176060211850507
2023-11-07,1.3964761294737913,1.4498599381741306,1.2032546393426184,0.9254313491685274,0.9325661081827151,0.8888398141816642,0.9634038948726208,0.963684765775444,0.9296645191138397,1.4327979715434416
2023-11-08,1.4011322678169043,1.4473843409416194,1.2065115456278273,0.9280789765533655,0.9350381318884926,0.8907825357343959,0.9657697943421991,0.9652527954021605,0.9293940545151376,1.443436588956722
2023-11-09,1.379396388613383,1.4399501198067226,1.1961439960126146,0.9202991610293693,0.9286289494304037,0.8854757522814383,0.9587255528458839,0.9598844043816301,0.9250513367845021,1.4378089133681327
2023-11-10,1.372934182383495,1.4381110317976893,1.1918328679866188,0.9191431217823441,0.9270367184326848,0.8826679820952493,0.9583239832689706,0.9588647298282258,0.9233923588146498,1.4378810260917245
2023-11-13,1.383260271355374,1.4656422943542347,1.2087204239846738,0.9287679748117774,0.9362119628143029,0.8904593688437298,0.9669088636946571,0.9669919947777057,0.9320651631777572,1.4507653078431224
2023-11-14,1.4028913714330191,1.4862222958522855,1.2164657170660487,0.935379349069589,0.9415722467749317,0.8942809308725561,0.9711273711830279,0.971507885906343,0.9357419092862134,1.4526242083567018
2023-11-15,1.4022824582227744,1.4903283785549417,1.2240264932698033,0.9400978551977344,0.9481700894858025,0.9006156704876807,0.9776944210648995,0.9777152810130109,0.943179242840224,1.4624946711625957
2023-11-16,1.3849492885201502,1.4781918321078695,1.2137332021297556,0.9346315845755223,0.9414878874609557,0.894692187065121,0.9718772624165358,0.9722520638111583,0.9383210532291942,1.4582804288115858
2023-11-17,1.395264604695967,1.4797235566966058,1.224463797031953,0.9412847623709282,0.9509129849957456,0.9017674948075458,0.9786247592499381,0.9816496651501001,0.9459796948191231,1.4752648531684425
2023-11-20,1.4058844627858118,1.498166018413478,1.2371421340237982,0.9518877540135202,0.9604075160220378,0.910826856205021,0.988693459172245,0.9910212689350341,0.9561420819417423,1.4802295704757007
2023-11-21,1.3896531889525123,1.482290792612861,1.227970349004439,0.9445211505810024,0.9541000845320851,0.9063723460085151,0.9844520228309976,0.9870354792110588,0.9543425925280383,1.4799763897376141
2023-11-22,1.3639894382951394,1.463406505874798,1.2143700948838578,0.9340376715465629,0.9446719725523967,0.8971918489105645,0.9758304083573139,0.9777671222056068,0.9443964494991459,1.4697794689016008
2023-11-23,1.375658946880426,1.4800476874185826,1.22797137888967,0.9430546199935425,0.9561936661571176,0.9055217153597169,0.9844957273449324,0.9869134558558784,0.9503763044781568,1.4833775618213618
2023-11-24,1.3456182581296872,1.4578778473705447,1.2133618891475466,0.931567234028266,0.946211638700353,0.8945670403102138,0.9738572509895657,0.975266754235374,0.9398495810590114,1.4755925716137956
2023-11-27,1.3584764293355203,1.461829048533923,1.2148377725127084,0.9334687006297413,0.9455300617493008,0.8945156750897039,0.9720228718547816,0.9762847112390276,0.9387863126056224,1.481119092410306
2023-11-28,1.3842240653036517,1.4772237411908056,1.2252125298605168,0.9402120397485823,0.9550145999977458,0.9021322065529235,0.9784143708070944,0.9849964517899911,0.9426944537507742,1.4899875811591197
2023-11-29,1.4143552790618423,1.4670705770167611,1.2183734289555666,0.9356231185356316,0.949620849254468,0.8975076641387165,0.9730397145640194,0.9809134540296831,0.937744904019614,1.4799915846926348
2023-11-30,1.422664993096987,1.4593146228633744,1.209552818557174,0.9301755252113015,0.9438348304554679,0.8926060725103693,0.968898403635352,0.9761590227553554,0.9354591147746047,1.471275417943384
2023-12-01,1.4124235120241,1.4689602153028565,1.2169836162909224,0.9350781851527341,0.9488947687348688,0.8967677843923292,0.9741546550881168,0.9828232121727882,0.9427181609859138,1.4867146957045825
2023-12-04,1.3909823594479294,1.4719010257180898,1.2192865753233846,0.9365652167683534,0.9476294978154078,0.8971091772019372,0.975917562646444,0.9861507158233799,0.9429186887581796,1.4972609476486671
2023-12-05,1.3640367876742658,1.4367324272819395,1.197288237107969,0.9195398135694687,0.9326806974487872,0.8815629609240032,0.9598110079342677,0.9685357670212948,0.9260099952563638,1.480853082549629
2023-12-06,1.3723367421837347,1.4404651574173715,1.201564489756735,0.9245608390724805,0.9349333668453683,0.8852739282831291,0.963994221630665,0.973461591611824,0.9331461828026918,1.4826491423120518
2023-12-07,1.3724542552265249,1.4395912661063757,1.1958734326477702,0.9229828323918816,0.9306939855413234,0.8805707080535713,0.9607755077148064,0.9702979839534688,0.9301129403098315,1.4754477295442887
2023-12-08,1.3602072700976788,1.4248819658080452,1.1811044013170253,0.9124613749231073,0.9224372424758336,0.8705814465319494,0.9505568297693491,0.9610618920239806,0.9191049397498372,1.4556861269656687
2023-12-11,1.379645673626356,1.4400164455301274,1.1934632769344307,0.92218343040472,0.9335463317521564,0.8797506043239312,0.9619630161307702,0.9740421663962462,0.9274994314219703,1.4777362829767065
2023-12-12,1.3796433846611758,1.4492119627406335,1.1975895047002365,0.9266801230724047,0.9383461301231705,0.8839614504409408,0.9670752268372861,0.9778259976496101,0.9351796110131515,1.4828442428214672
2023-12-13,1.3641713417702215,1.4431017344561772,1.1926393514520885,0.9218031507971504,0.9338383097606326,0.8793088031983434,0.9624337758433564,0.9748132851417627,0.9285991870568676,1.4703380307986804
2023-12-14,1.3504981840934818,1.4411069316562914,1.1910888046219696,0.9186631833852021,0.9305561675672782,0.8763164904429751,0.9602498821624956,0.9724563671298421,0.9270327445589889,1.4680715054274576
2023-12-15,1.3257433419024247,1.4297735204988409,1.1880206100413429,0.9161972130039612,0.9257227082437348,0.8718091135377809,0.9560916632851543,0.9677990486723956,0.9239548629630545,1.4645653670267578
2023-12-18,1.3039184661890089,1.4088050535034284,1.1677528154533106,0.9042540250495776,0.9135388362951428,0.8625384276890374,0.9442907764438344,0.9563419681383608,0.9142673164568984,1.4470212208268398
2023-12-19,1.301779276831053,1.4226464132118806,1.171254610379607,0.9070430146490651,0.9145920828296925,0.8629702102851154,0.9461604544955016,0.9554936117863532,0.9125200229425339,1.4496826442715398
2023-12-20,1.2908413223520423,1.4115563073023094,1.1592158321112855,0.896871649533994,0.9044702997474316,0.8545143194015193,0.936983996708818,0.9460884809843119,0.9036431266278385,1.4422874148486287
2023-12-21,1.287636811713544,1.4147963574447315,1.167912461372806,0.9038804491761362,0.9092504581321567,0.8609560680041799,0.9431482035944798,0.9536720314406808,0.910139590446949,1.4525763829450562
2023-12-22,1.252276135851413,1.3916638948496776,1.1515121371700576,0.889996973952905,0.8959823168861848,0.8491170924124787,0.9308290992079781,0.940993895059331,0.9004602549751999,1.4286670305882327
2023-12-25,1.2664910721901281,1.3846132489808582,1.14669960433228,0.8891601525382585,0.893711993338309,0.8480397535634274,0.9292140873681061,0.9384743537578554,0.9009303292590718,1.4346159411512616
2023-12-26,1.2409359990717082,1.3665672128789554,1.129445671393789,0.8766265981302667,0.8809695788873794,0.8381502068760063,0.9168353605018721,0.9287471753436658,0.8928979109466928,1.4239997317429691
2023-12-27,1.250204833904666,1.3719721373721443,1.1372582962233249,0.8831662734210437,0.8878390155850707,0.8442595157018729,0.9248788013784917,0.9346045746496553,0.9012182191879199,1.4359367519324782
2023-12-28,1.274629633943976,1.3975492264505684,1.1608119491087536,0.8992640340934213,0.9023977462669677,0.8574497960297942,0.9397992079758188,0.9488815134542445,0.9128634149524851,1.4376370870863515
2023-12-29,1.3059110731369654,1.4227273374502378,1.1815390998095743,0.9151898746632073,0.9167118912710602,0.8704234636489764,0.9544830727831727,0.9644495568078019,0.9261204187543511,1.456035609826256
2024-01-02,1.3047876431186392,1.4282315596880117,1.18399814012648,0.9164275377351518,0.9173211199348971,0.871976361419103,0.9571559871927042,0.9700344462790028,0.9325788378817443,1.4640107978231056
2024-01-03,1.2868981864680238,1.4261674582044943,1.173781680515539,0.9096053484366536,0.9127036807137492,0.8672293174077464,0.9537858172009654,0.9667697992619247,0.9334655569277273,1.4701845196991494
2024-01-04,1.2645886883764794,1.426731901192997,1.1691571573186434,0.904744195124681,0.9091818971539753,0.8658093859942542,0.9505333339370684,0.9653564711411909,0.9306274329433089,1.470940690632925
2024-01-05,1.2375800348649169,1.3932822967106602,1.148758211429355,0.887101398816701,0.8934754415743646,0.8496216059989745,0.9345160123691156,0.9484526004638807,0.9169859867443596,1.4436635109066012
2024-01-08,1.1999927534793409,1.3613694047929512,1.127639711052625,0.872007300232144,0.8757758205337668,0.8339436456050987,0.9167705134375497,0.930023959827002,0.9039560380674704,1.4174498309244135
2024-01-09,1.1988786119581503,1.3712358122461443,1.1342591711955086,0.8775365768109678,0.8814717879073093,0.83911595231236,0.9234610600498263,0.935682857013122,0.9071191340230144,1.4249014266065736
2024-01-10,1.1842280608615536,1.3538387675530377,1.1216139021416018,0.8678703939117342,0.873586019307461,0.8307954791198541,0.9155876321286993,0.9261381679137991,0.8993552265920182,1.4085677555223783
2024-01-11,1.2110496782310851,1.3818278594469138,1.1430448066275993,0.8829993094916462,0.8871067162723206,0.8441633059111847,0.9287188002364958,0.9411117668442899,0.9123407115058951,1.4220334386562445
2024-01-12,1.193800834903389,1.3720266193222301,1.1351959121688153,0.8747256040495199,0.8797004236468832,0.838315262348536,0.9217774789442285,0.9352206186037176,0.9083207645907874,1.4119407714277605
2024-01-15,1.1826295448398234,1.364822521910578,1.1314311962444676,0.8743514265049201,0.878974861351718,0.8373393436678861,0.9216621249201007,0.9352346426778442,0.9063845042567448,1.416348674243862
2024-01-16,1.168761773201164,1.3564372107441032,1.1267407440694341,0.8718719254020066,0.8758069122028316,0.8335706802446606,0.9173602070983521,0.9305228338059259,0.9028380797056094,1.4127535438925378
2024-01-17,1.1164235864538092,1.3183641193316045,1.0955599207641968,0.8490980362604277,0.8552397690258355,0.8131810007489308,0.8965181675854158,0.9108942234017415,0.8817857918427323,1.381739511279412
2024-01-18,1.1105728866633289,1.3128942250728168,1.0869548135104026,0.8434929115363134,0.8490635924214839,0.8063221371699233,0.88891211618638,0.9033639853110456,0.87498324250242,1.3716492760810295
2024-01-19,1.091648895506851,1.2923716398002931,1.0741862236878312,0.8328069010780412,0.8375890219711449,0.7957795637881193,0.8782689652035134,0.8910163433169974,0.8651461926577723,1.3589089966603123
2024-01-22,1.0158967956161358,1.2091641841466032,1.010597325621894,0.7835921440707295,0.7898231550206072,0.7498697565635992,0.8274051283258802,0.8420674152941964,0.8182035839878814,1.2870539064635862
2024-01-23,1.0122429407150615,1.2100498089076035,1.0095101390623094,0.7832560869100067,0.7895973231307879,0.7516865528958508,0.8291075284572733,0.8446947064950776,0.8224430055128105,1.2994555728872057
2024-01-24,1.0115466030826217,1.2244933035951804,1.025377355313544,0.793061828390371,0.7999854940814153,0.7635556573368774,0.8434020499041093,0.8588706245274395,0.8375167233590051,1.3226609503740114
2024-01-25,1.0558390254165966,1.2792989025907076,1.0607064731874545,0.8209148381767456,0.8289275510049383,0.7915911411225117,0.8738290445048613,0.8907430553918714,0.8662913709182927,1.3729894491952972
2024-01-26,1.0401649907533872,1.2735970448510519,1.0555869080018834,0.8177850428519078,0.8246563955729168,0.7898022621714665,0.8726423723333367,0.890173588201779,0.865608667226172,1.3818246558450922
2024-01-29,0.9925777041788346,1.225352979405542,1.0183405050655387,0.7886247829075482,0.7975573265858583,0.7663451920219048,0.8473693833179147,0.8639743906514639,0.8430310209415042,1.3501268145021945
2024-01-30,0.9585944723414234,1.188930510483027,0.9823589649962464,0.7614914879360116,0.7729808490575658,0.7419857394580625,0.8216903539842964,0.838139339541562,0.8180763434065915,1.3136094301728367
2024-01-31,0.8918177469505635,1.1251848002923024,0.9296901884719335,0.7230016583940952,0.7357908116280549,0.7088220136500016,0.7847862062439058,0.8023817612315864,0.7870538692712633,1.2677205614933635
2024-02-01,0.8728487000252706,1.1132972103984893,0.9127662957360382,0.7118782531175588,0.7247964402042443,0.6977593029944904,0.773168804930385,0.7909908807000501,0.7774538812739519,1.2551352358734138
2024-02-02,0.8198162708010738,1.0513405791121582,0.8702774374192017,0.6804981286323786,0.6932761426172636,0.6697851302654783,0.7431372897082008,0.763272498568871,0.7495927639882848,1.2191372687753783
2024-02-05,0.7104858391618205,0.9403770104697677,0.7891274495445733,0.6225578132784693,0.6367578452956321,0.6168956103719473,0.687438973392792,0.7094395277448606,0.7003069098426346,1.149540533277239
2024-02-06,0.7368750389665835,0.9443494129763288,0.8004566944186666,0.6336991218953156,0.6546104544916896,0.6340291132140075,0.7063155045761165,0.7304988571787339,0.7204462581780223,1.1746137609236789
2024-02-07,0.7255907990860054,0.9097419958840465,0.7824165399194475,0.6230360018045573,0.649122369333481,0.6296911707981769,0.7025576548391169,0.7300080420776995,0.7240223023074785,1.1723338197788533
2024-02-08,0.8013327437083286,0.9803105169424092,0.843882842031166,0.6659022036231219,0.6903672373782683,0.667746962051075,0.7435951570100499,0.7705536132324923,0.7571737690614965,1.2214793464985338
2024-02-19,0.8386725686325364,1.0214094147419799,0.8741382477146485,0.6877574815612367,0.7121618986220936,0.6872346376752079,0.7656585658303915,0.7943212076055471,0.7784511288448824,1.2581999170167706
2024-02-20,0.8547381425473624,1.038718164009061,0.8857116947315952,0.6964896556448202,0.7215360530355752,0.6946246805679299,0.7740060030022626,0.8041788770634938,0.7840600878671026,1.2750337942925967
2024-02-21,0.8835820791901792,1.06280118924466,0.9056915063387836,0.7067219538446711,0.7318073252513526,0.7046012147082965,0.7835338381247546,0.81262629258691,0.7945924077172246,1.2900678032864477
2024-02-22,0.904491702973244,1.0949820011606144,0.9267458744031319,0.7239917955228838,0.7483719856912917,0.7193361618261739,0.8004634491300211,0.8285234090043275,0.8106051311445243,1.325861262365423
2024-02-23,0.9323279953111026,1.1337303816355933,0.9546091757467526,0.7438824038227617,0.7692930540692343,0.7369665661145409,0.8191143799009046,0.8483880976131759,0.8250977903096122,1.3392289784276281
2024-02-26,0.9557705921869127,1.1596530799849376,0.9754081519398268,0.7570533765292347,0.7809898436404702,0.7469357814956502,0.8288997571844283,0.8568613226763575,0.8308987748661429,1.3394187179749009
2024-02-27,0.9908799146154288,1.1946697327123954,1.0022699453372548,0.7782919075705961,0.8040468196622054,0.7670607588802663,0.8500987400275757,0.877449861526988,0.8501347344927745,1.3697847659137827
2024-02-28,0.894068341091638,1.1046589627502483,0.9305366725007278,0.7264999189729745,0.7536370293224963,0.7208750425360516,0.8026145390719419,0.8299426603532969,0.8111240114180174,1.3110300033994728
2024-02-29,0.9436802957408303,1.1530890113557046,0.9674996308589835,0.7539793545107436,0.7826422019822592,0.7483018533931063,0.8319623012096223,0.8600711774543927,0.8386867387010062,1.3495787257092822
2024-03-01,0.9632958325653591,1.1641291084962189,0.9796489041680628,0.7638571599747638,0.7918409755049132,0.7570885420787636,0.8419409215961149,0.868845220302611,0.8448740152782825,1.3656185177317925
2024-03-04,0.9736688740567533,1.165007709513938,0.9835569027610387,0.7656836361187375,0.7952753443487913,0.7606816988163633,0.8463531677968869,0.8742437311734127,0.8516201491627254,1.3789953058502897
2024-03-05,0.9361957611819262,1.1475117287558134,0.9671481178185536,0.755727203213103,0.7830520782683118,0.751289564881426,0.8345463703070024,0.8637227038977218,0.8418023462443412,1.3582947929564817
2024-03-06,0.9439393412619069,1.1591428253788274,0.9808507962182413,0.7624089625357593,0.7908327744441824,0.7587376193601587,0.8426828948210023,0.8703251750440482,0.8474568044003289,1.3657758389089503
2024-03-07,0.9295190079878584,1.1441349442388475,0.9736776058992154,0.7565561673158947,0.782575987638597,0.7510545960931075,0.8368535732085622,0.8641664064818675,0.8432379301894589,1.3603393953402991
2024-03-08,0.9459798795908069,1.158610402760101,0.9834043641725597,0.7673828566514318,0.7904199665270544,0.7598421637907268,0.8465891148189907,0.8733725545809665,0.8526421143092144,1.375246781705671
2024-03-11,0.9825912954856032,1.1842836298740367,1.0007937285534616,0.7824978509206922,0.8062952811325412,0.7742318092848607,0.8607032753448631,0.8873274316336871,0.864575014872053,1.3899446520354737
2024-03-12,1.0020694376664478,1.1983080036993627,1.0167962189671382,0.7937278988618417,0.8152206142220616,0.7840665822995502,0.8672256584381066,0.8921362827064463,0.8663327693299003,1.3974135159438161
2024-03-13,1.0230451358608412,1.2009196473271686,1.0179490167621668,0.795410558630404,0.8174618435247514,0.78574332840641,0.8682999312679579,0.8963633302475725,0.8673582018206982,1.4043738272864361
2024-03-14,1.0132944158913184,1.1877324157102793,1.010884158142316,0.7913693746768367,0.8122911467876154,0.7825175524083237,0.8653456573409195,0.8931450061014321,0.8659860917838965,1.3993437625130352
2024-03-15,1.0298170724011246,1.2056825129640494,1.0268693849989747,0.8026837529747965,0.8244687790478753,0.7946061558308543,0.8757418944855121,0.9053207763853623,0.877025995157018,1.4146906575511593
2024-03-18,1.0560050211812062,1.2379489473328766,1.0490137791385914,0.8213350698535614,0.8422628828657867,0.8097812537875728,0.8908824405641012,0.9211222475236179,0.8885177919849239,1.4405396990228785
2024-03-19,1.058222251578967,1.2354925954613194,1.0450276368950029,0.8194170739809252,0.8389210389839913,0.8065273030643912,0.8880480519620991,0.9172253474868978,0.8864052819508561,1.4441392908718627
2024-03-20,1.0651532582159005,1.2504549036403272,1.059217657172984,0.8286819161145694,0.8481383998715528,0.8146627686706004,0.8972597779036411,0.9262380282056394,0.8949604533266577,1.4640067979245295
2024-03-21,1.0803317881878252,1.2570037158042444,1.0611393147933352,0.8304402336590853,0.8490084768499985,0.8148626181025729,0.8989014557344898,0.9283465059217093,0.8959789597262445,1.4701905110081233
2024-03-22,1.074233257851306,1.2393084102838148,1.045532925868286,0.818326288911852,0.8385716100058033,0.803162426768011,0.8882931258012648,0.919303227409763,0.8857436738782005,1.4498057278973089
2024-03-25,1.0260523962675487,1.1977319407059426,1.0138556022009828,0.7975706500372831,0.8182576021033403,0.7854476809575003,0.8670820743358332,0.9022233767474211,0.8719417140331417,1.4190715671644667
2024-03-26,1.02988593112445,1.190559280707369,1.012500245293502,0.7971562226308455,0.8186304992841029,0.7854736686586538,0.86720497049224,0.9004320919167531,0.8736762845511029,1.4168353479961417
2024-03-27,0.9805955443602881,1.1477785114876211,0.9753982928280364,0.769377151232475,0.7914701579279533,0.7614302194432852,0.8429336208243339,0.8742182709260523,0.8509474134274715,1.3786387966491618
2024-03-28,1.0004358469506136,1.1843563742733687,1.003586247226583,0.7890794716729991,0.8086819390405905,0.7792143849489062,0.8627874796626648,0.8936814529041929,0.866479079368658,1.4090606058224524
2024-03-29,1.0201339009489816,1.2016276357451245,1.0151005703368898,0.7990076432342876,0.818628333921112,0.7888124453651428,0.8753412829248342,0.9081390082532144,0.8785778078056202,1.4348979666771569
2024-04-01,1.04896744098819,1.2357094165674858,1.0348713693861984,0.8170640386092296,0.8376536934102295,0.8060036349134597,0.8930855580575375,0.9252201996169686,0.8951010056520697,1.4505876250430223
2024-04-02,1.032388593183319,1.2262224398868515,1.0298905716279925,0.8144570592780468,0.8352176366681386,0.8036835353815178,0.8931003733310927,0.9250726885637054,0.894709432488998,1.4510438357634556
2024-04-03,1.0131252065905172,1.208345406285321,1.019794283880313,0.8066572202035909,0.8269145826473702,0.7969942630713766,0.888732000308328,0.9205897109988954,0.8931853103096238,1.455990172257361
2024-04-08,0.9775690579532185,1.172610956755405,0.9939383668090119,0.7852080542555789,0.8082725107689431,0.7800905814331163,0.8706093551758401,0.9060819858216747,0.8834528586165413,1.4324974488677724
2024-04-09,0.9884630135586394,1.1903574452192305,1.0078426382676418,0.7968472950549448,0.8173996085534212,0.7907076287510858,0.8798729674438153,0.9127991195495551,0.8894110867293297,1.4423887812773606
2024-04-10,0.9569898089593589,1.1599088040152143,0.9851872363787251,0.7809028599904664,0.8011075857368559,0.7742289925772587,0.8630109874919701,0.8967713485075727,0.8745653422465383,1.4219898035822718
2024-04-11,0.9543581388207033,1.1628585370741416,0.985914156843866,0.7804363473521507,0.8028187181836125,0.7768346238248436,0.8662918772679912,0.9005617905368053,0.879302695315268,1.4298911559999385
2024-04-12,0.939620685314553,1.14643782680168,0.9785369425783218,0.7761463824826006,0.7978342300245735,0.7720865294837717,0.862552004370029,0.8968259303186347,0.8757334618056412,1.424784544176979
2024-04-15,0.8745005382436322,1.088245332851537,0.9332492793480581,0.7461018191145133,0.7696520441863728,0.7487936898802344,0.8390920831567897,0.8759960869830694,0.8614868383063169,1.3962725318178826
2024-04-16,0.7977721639611074,1.0032564701400069,0.8624174463033658,0.6972219756402291,0.7210267656816389,0.703248360742999,0.7918738436567203,0.8286146082819882,0.8191330797935295,1.3332186591928208
2024-04-17,0.8607013431892139,1.0721177382719953,0.9164905755583289,0.7379601418384588,0.7634846389208313,0.7432002008672305,0.8354151121403,0.8747901827886887,0.8560354666796351,1.395477304407971
2024-04-18,0.8520192403230197,1.0686647205456201,0.9160305153396952,0.7357922926634559,0.7628282508533163,0.7439295514456712,0.8337197551018861,0.8765314990059255,0.8557869905474996,1.4005737977725714
2024-04-19,0.8342223667713128,1.0724377333499566,0.9074786992079131,0.7317717548732795,0.757845132229519,0.7402065692741582,0.8321937603784549,0.8762103067557335,0.8551136175463973,1.4044326392496513
2024-04-22,0.8403341333608579,1.0663758976717108,0.9046188313219946,0.7255956655591019,0.7525040449993788,0.7345421108192388,0.8237925917152039,0.8677052164108212,0.8452418813602706,1.3717833081762236
2024-04-23,0.8742442356213359,1.084936603588972,0.9172365592487338,0.7314709917399479,0.7574760634379869,0.7368329557572891,0.8235868786736389,0.867080253708646,0.8386947994753304,1.3597512827823146
2024-04-24,0.8982705944381572,1.1095655936105355,0.9362754251722445,0.7473840777038282,0.7711320227270293,0.7515082799790634,0.8391397182980045,0.8842015125086671,0.8520417589545191,1.3858787429607506
2024-04-25,0.8995205392160048,1.1106097725639452,0.9381124177502999,0.7511749779992546,0.7740874019246157,0.7538601204414073,0.8412682688797526,0.8864363207547924,0.8559662612912224,1.4023652934189856
2024-04-26,0.9274775027784627,1.1264319561982115,0.9560592339437375,0.7647607822526272,0.785308099126124,0.7647611739381943,0.8526139813868187,0.8968163379760126,0.8664341597719268,1.4137686429206693
2024-04-29,0.9604727831852512,1.16308558686883,0.9865860833789873,0.7875703215012783,0.8059165100922612,0.7849798402682532,0.870864903834378,0.9144953870927491,0.8800607212860355,1.442023781737406
2024-04-30,0.9628249927006628,1.1522009298622682,0.9802434812339942,0.7819933135802201,0.8003297606813838,0.7811383183596367,0.8672748102470307,0.9111623120454263,0.8784525774269825,1.4329971395194288
2024-05-06,0.9742184126543788,1.1746886366941056,1.0013543830591303,0.7989340843618157,0.8176122609839633,0.7999759894237604,0.8872023938241219,0.9328838592157762,0.8982186824726484,1.4601181724864862
2024-05-07,0.9784531548085821,1.191664168085368,1.0111009586261885,0.8058710716485573,0.8229934178854328,0.8043856250373073,0.8910763206248705,0.9380679686348296,0.9022887432673284,1.4624297239592758
2024-05-08,0.9473977637080159,1.1777354505742184,0.9958228703212259,0.7904291854194285,0.8095911039749017,0.7906213148784312,0.8746621392562541,0.9227304899021281,0.8872639632529953,1.435474145540879
2024-05-09,0.9762144942328648,1.198266540220926,1.0116429223901307,0.8019642250583616,0.820208835975707,0.8029170291109726,0.8862284230111407,0.9351600369012038,0.8980385546861567,1.4512887057087365
2024-05-10,0.9589898599976485,1.1752450717172145,0.9949168688713504,0.7904249305648106,0.8103855017299255,0.7954673871117118,0.8789305096899733,0.9281346696162444,0.8925150954700325,1.4427073295095718
2024-05-13,0.9256301403035165,1.1435686806435168,0.9730003572827085,0.7745901922685793,0.7959810091385281,0.7824109240893117,0.867790183442538,0.9183178605653044,0.8819147226825659,1.428640299440003
2024-05-14,0.9286785066081962,1.1498365642603068,0.9776991699363837,0.779628881233488,0.8008624685084658,0.7879484132317494,0.8745148594906569,0.9275577032966166,0.8893500483486457,1.4431210012099358
2024-05-15,0.9214086357740894,1.1363817354109738,0.9714010049965357,0.7753306849888656,0.7950871766311456,0.7826783752673575,0.8669098430782012,0.9188847230437776,0.8832998927491045,1.437990786039393
2024-05-16,0.928027758566925,1.1467759447621229,0.9772506242557564,0.7806806316044577,0.7989157556475063,0.786466998022157,0.8692374841778872,0.9209265007395527,0.8861001056787163,1.4411818766889584
2024-05-17,0.9418459890027783,1.1653863497873858,0.9960916798852724,0.7935509696890959,0.8107375115469526,0.7970670361974638,0.87835057821357,0.9298503357826478,0.8946295988762256,1.4498287955760587
2024-05-20,0.9446287545840815,1.1661465969234053,1.0015626127891992,0.79516753081228,0.8139290662864448,0.8014245025057227,0.8815481953621004,0.9345761978046899,0.8988380185686592,1.4529971637582038
2024-05-21,0.9323924419450522,1.1549659035577386,0.988938548181195,0.7873039302985141,0.8058585911189233,0.7918761665501128,0.8727018941809831,0.923501102542676,0.8906952149595824,1.4436964164441741
2024-05-22,0.936926276261773,1.1672952697635819,0.9959917498062899,0.7944042433087963,0.8104260076995004,0.7958261856485387,0.8748078813736654,0.9244983913650271,0.8897249455402034,1.4420969940820008
2024-05-23,0.9156546069169227,1.1413875437748524,0.9754122687515321,0.7786057362893946,0.7927386327942098,0.7779029589819184,0.8566755306844142,0.9028284715033981,0.8675747240515694,1.4072700681345218
2024-05-24,0.9031649449293128,1.1188649877665742,0.96274570378214,0.7688732446817531,0.7841574288021715,0.7701122956895493,0.848233645449109,0.8947075776553366,0.8617490085665621,1.4037632025026046
2024-05-27,0.9031067749085402,1.1320860240442103,0.965946561390823,0.7702702629888809,0.7873240639358368,0.7741384933044066,0.8552489058960699,0.9022963909124573,0.867115722609532,1.4126810048565117
2024-05-28,0.8947850996476341,1.1234793398670468,0.9555660228130247,0.7627272942727917,0.7783630667553122,0.765257771211025,0.8458939302644615,0.8934260933926659,0.8605070450454443,1.398065958758444
2024-05-29,0.9044611765448055,1.1231017132795291,0.9600623367798061,0.7630390712444396,0.7793058365748415,0.7668060213400173,0.8461176606329677,0.8943073611978983,0.863436293654071,1.4005417531955564
2024-05-30,0.9005429161097388,1.1265810399883998,0.9543856254814078,0.7594153623145408,0.7743159576413455,0.7609806860951714,0.83957690436877,0.8875271048944796,0.8546468584379086,1.385991236931152
2024-05-31,0.9156633832862401,1.1377124029016696,0.9604071207150587,0.7664006244772398,0.7782701557804259,0.7653936418060351,0.8434875363549466,0.8925719798025301,0.8588785346144748,1.3877646567137414
2024-06-03,0.8861605137909435,1.125304550893313,0.9422303187695534,0.7516812530995896,0.7623816117928531,0.7506025800615191,0.830300536153457,0.8772572094567886,0.843604145711093,1.361306808339787
2024-06-04,0.8586437028829745,1.1039734999294644,0.9242055459274398,0.7431424478987274,0.7550265410473005,0.7448040855755786,0.8288517783492141,0.8758674806594715,0.8425951586732495,1.3611439074313991
2024-06-05,0.846415676148721,1.0894502535870605,0.9075813694084586,0.7310132416184524,0.7409348369197452,0.730778051589899,0.811426048688047,0.8582700888634304,0.8234655658229414,1.33223890117804
2024-06-06,0.8021776871921371,1.0431108405303446,0.8672903127718603,0.7003019487579509,0.7138688778885681,0.704762513241738,0.7842826616316397,0.8322349108029692,0.7993473489693675,1.2898327233877187
2024-06-07,0.8203156950756816,1.0478965080748626,0.8860191798725818,0.7109605634738239,0.726639631856965,0.7151531729139176,0.7938769537112982,0.8454434914056926,0.8112919106047441,1.320051968086363
2024-06-11,0.8340757484997036,1.064763147319686,0.8978496573814201,0.7192239142736395,0.7319872826925696,0.7187365276643815,0.7968311197718527,0.8471484396604656,0.8111628593492289,1.3131239301242028
2024-06-12,0.8493710792704263,1.0816580912716862,0.9117058488406923,0.7281561268610219,0.7416675589533783,0.7276048226511742,0.8059387739477998,0.8559524431541853,0.8200410421330889,1.329395227956848
2024-06-13,0.852846690473698,1.0884980679324283,0.909399485757276,0.727516325228738,0.7387477587779885,0.7231008446255613,0.8022354394763297,0.8501060661393763,0.8121874756000326,1.318334801335282
2024-06-14,0.8427725853110658,1.0856665904577067,0.9056900888201701,0.7256930663832534,0.7376219096798113,0.7228997275950492,0.8028626548713858,0.8495939947518035,0.8144475111701353,1.3203917600461044
2024-06-17,0.8349042279713488,1.0779436424383613,0.9047264345512883,0.7236804014380949,0.7347882154655268,0.7193423707705966,0.8000408561681817,0.8442693458533495,0.8092510650026966,1.308778290612185
2024-06-18,0.8464153360602338,1.0951844947614273,0.9170989664407931,0.7332502894979487,0.7439838894606801,0.7268213239642063,0.8074656130454853,0.8540464443677118,0.816982242395612,1.3253299328798924
2024-06-19,0.839122906033959,1.0896480763451175,0.9149014706642054,0.7285619742513352,0.738452894249537,0.7212876348752172,0.8014271921910894,0.8482653018888353,0.8115535564557982,1.3172704269262614
2024-06-20,0.829384760751723,1.0827770872363924,0.9031032396203692,0.7145597465117877,0.7251917514199298,0.7053903789146211,0.7847620805878249,0.8302656074271942,0.7927942644222657,1.2882322931666812
2024-06-21,0.8230114901419322,1.0732849407749279,0.8985782023983651,0.71034370932435,0.7222934553765177,0.7043994127275764,0.784534138770931,0.8298333330738087,0.7937774029494767,1.287821481458345
2024-06-24,0.7782143475296427,1.02596239107474,0.8611974224168634,0.6825272861987507,0.6967955429170047,0.6785576837546754,0.7577829940146468,0.80243680119451,0.7672060891336914,1.2490680612978122
2024-06-25,0.7745136735649495,1.0115428189738038,0.8605751614397424,0.6786017802129088,0.6952004862176161,0.6785133968501847,0.7573370939227708,0.8053675319044244,0.7689316008225382,1.2540379548133362
2024-06-26,0.8076623724341466,1.0443092483192034,0.8896960741581924,0.7002577002567887,0.7147966693988088,0.6979580358369893,0.7773365314683313,0.8242564088452056,0.7869887647572693,1.2813075241586949
2024-06-27,0.78674814011711,1.0184932185479985,0.8724446182781367,0.687127064247475,0.7021888408904882,0.6846290455357574,0.7618916969549363,0.8086207254721834,0.769880083339669,1.2639031932660774
2024-06-28,0.783972096460841,1.0172704964246875,0.8713131504271722,0.6903223607980147,0.7050707834496261,0.6879503985788595,0.7666979348116539,0.814418637842621,0.7748904886336289,1.273329895112456
2024-07-01,0.7716937356727168,1.01939141536853,0.8718305470466137,0.6942285945562656,0.710237139685781,0.6937295783840746,0.7741785444386797,0.8230077475007384,0.7830236637677809,1.2880028223342026
2024-07-02,0.7766310862690893,1.0191916541988906,0.8710696989433618,0.6944734342886981,0.7099224730204154,0.693567363164596,0.7719210249841852,0.8200788326960161,0.7827684166458713,1.2928029098370009
2024-07-03,0.7740749785083723,1.0099473897083582,0.8619413413718233,0.6876354780765702,0.7035297030189227,0.6860424667187748,0.7634280049645478,0.8119882356197881,0.7762199762751897,1.2880245844145806
2024-07-04,0.7426879720740975,0.9748755894373957,0.8317179870589085,0.6671061499761153,0.6840088391545692,0.6687561407967156,0.7445617409987263,0.7931578655120735,0.7573437398645233,1.2549734464401474
2024-07-05,0.7513532500906845,0.9857889883192115,0.8400104923729669,0.6743738121370373,0.6907525041707472,0.6746331778038247,0.7519779947839055,0.800507706750641,0.7649736354820422,1.265684207980098
2024-07-08,0.7271270675240536,0.9583570555154765,0.8181726056578338,0.6557185286000209,0.6726423623040817,0.6562841599887673,0.7332770525450494,0.7808566287813693,0.7479987817062199,1.237590468453672
2024-07-09,0.738019652594684,0.9789593618443109,0.8336866927034069,0.6683879942626272,0.6856283051577471,0.6674782496582352,0.7475885547433204,0.7956427735228377,0.7607889147863873,1.2599119189573147
2024-07-10,0.7314828322106653,0.9791242397818061,0.827754432734976,0.6651462067943008,0.6810205988070142,0.6622974288308316,0.7418512447879126,0.7890930062716918,0.7553941842779891,1.2440571360951886
2024-07-11,0.7664822991575302,1.0114287525762808,0.8558508763747216,0.6862368312776845,0.7022609570225753,0.6826247587647556,0.7623039701559177,0.8104688471307304,0.7776688804924371,1.2752295415936468
2024-07-12,0.7600364042448963,1.0108953338383422,0.8509537930894819,0.6847202277672828,0.6986345850780814,0.6798500690892912,0.760240270862818,0.808862595390727,0.7734785344828202,1.2724471429604067
2024-07-15,0.7479735400905967,0.9934427621194032,0.837062596566444,0.6736192280147969,0.6869353312737491,0.6702296615730549,0.7500312683182083,0.7980180449409572,0.7634506728022851,1.256920938092937
2024-07-16,0.7529239735298564,0.9930927067443993,0.8433874762925959,0.676170446566559,0.6875475469268608,0.67100120070202,0.7507422471803895,0.7970921373775731,0.7626083252714655,1.2569693076088615
2024-07-17,0.7414167092389542,0.9784763483978551,0.8341455680850363,0.6656879220614362,0.67906696082228,0.6638954593236063,0.74053185991823,0.787521835790563,0.7546216993172262,1.241831359324362
2024-07-18,0.7329766063513895,0.9794580983503804,0.8289543616976875,0.6641241312422153,0.6788143285058287,0.6635454286683957,0.7402867427879685,0.7885703474969756,0.7561472976543685,1.2443913913496953
2024-07-19,0.7495348364389209,0.9931255548936763,0.8399424894544415,0.6709775399191916,0.6826004962235255,0.6664549350635384,0.7434107528029684,0.7910871284607277,0.7565358130360631,1.2463109873628155
2024-07-22,0.7556870922989862,1.0012206027907247,0.8458157417820562,0.675809285409655,0.6854740294155282,0.6685572845443085,0.7476168617329825,0.7926353754547519,0.75781255793072,1.2488323942346566
2024-07-23,0.7381142728701844,0.978318205104497,0.825722334551734,0.6608690192552337,0.671534782792247,0.654380943843306,0.7327412095680632,0.7762813186026007,0.7425803516443752,1.2336479527051913
2024-07-24,0.7203288243150143,0.9568407373856465,0.8123517720613564,0.6492408595735826,0.6602935373423678,0.6445633161957434,0.7230998321582615,0.7635295175313926,0.7323620959625168,1.2150425226710115
2024-07-25,0.7281708538327456,0.9631242718226631,0.8162550374364502,0.6531725566328963,0.6630512016753622,0.6471221993643897,0.7254900653464901,0.7662753655292066,0.7374108289254261,1.2205540880174601
2024-07-26,0.735352974147797,0.9753026347359135,0.828727930754069,0.6623842846857176,0.6738202110979904,0.657681331403774,0.7371387112461661,0.7798757978926956,0.7500181111852515,1.2374373964855816
2024-07-29,0.7356040089248568,0.9765035572023517,0.8311194678466439,0.6650122567247756,0.6736302996542841,0.6582373947182208,0.7382675019331336,0.7809234367960697,0.7521134489155459,1.242996720568499
2024-07-30,0.7448235860304397,0.9811251485539875,0.8393718522781897,0.669041007760218,0.6766723028494107,0.6619968088101681,0.7416217299541243,0.7836568137652675,0.7549566341051852,1.2473364055383993
2024-07-31,0.7752036045746615,1.014705607728465,0.8681090786711102,0.6910342456126659,0.6995195624814421,0.6834242405606754,0.7649717076488322,0.8094272868037651,0.7792591377326967,1.2841287748120227
2024-08-01,0.7839759542119957,1.0195839931910522,0.8712405751405864,0.6918548828577644,0.7007336195240645,0.6839324002349095,0.7642604110470759,0.8098920500290698,0.7798279862612293,1.285289448136548
2024-08-02,0.762436168652112,0.9998624919114091,0.8554296350582892,0.6808335264711731,0.6912498179268672,0.6744104437127836,0.7543637690282682,0.8010343086895342,0.771602001935798,1.2732684863474466
2024-08-05,0.7434485048550753,0.9641633471055934,0.8272287218632198,0.6599860064611301,0.6724288109044573,0.6570570254828967,0.7347442865682701,0.7838486414316369,0.7565211385487683,1.2546774921532382
2024-08-06,0.7564516961127198,0.9837001119408002,0.8442834881390612,0.673104093504595,0.6857561118105661,0.669460419732375,0.7480792822702192,0.7975147436629609,0.7671605483484809,1.274303213039924
2024-08-07,0.7591665368933211,0.9869020695690346,0.846306735428576,0.6729054950680368,0.6865736092187884,0.6698483274043849,0.7488774069248177,0.7980934468647951,0.7670135125711582,1.2714167471184854
2024-08-08,0.7546424728304388,0.9761800549875692,0.8444879859949977,0.6695864253455384,0.6852043170205623,0.6688473452378502,0.7474210587960052,0.7962481748753161,0.7655206927896715,1.268823314315497
2024-08-09,0.7500752636450195,0.9688346808501318,0.8397133696752558,0.6654138998408456,0.6793916400355543,0.6645822178932355,0.7431351078657286,0.7904604115907938,0.7600407973226511,1.2557881213595905
2024-08-12,0.742469313795376,0.9623690321556146,0.8314971908787409,0.6593990342956983,0.6746388324278758,0.6607238616955111,0.738670132553448,0.7856820463586771,0.7558041161440454,1.2462979524639
2024-08-13,0.7562566122023738,0.9716643368289277,0.8384296372306995,0.6651453724663042,0.6798758096283597,0.6653491984068767,0.7434770169829984,0.7906912501175631,0.7586947605222402,1.2499625833058414
2024-08-14,0.7540898136430632,0.9664400405053849,0.8332950760483557,0.6626877332447818,0.6759304910802156,0.6619733837823134,0.7396399356017863,0.7867438946285,0.7558451188110185,1.2446036475992628
2024-08-15,0.7553128524194616,0.9774170947863876,0.841962684317315,0.6689735839571418,0.6817539830189093,0.6673197638803653,0.7465060339835697,0.7927108496407869,0.7623384003261648,1.255384086849257
2024-08-16,0.7436040105113796,0.9718598253546367,0.837635895777093,0.6668898249357457,0.6781406298105758,0.6646870481346555,0.743074224915677,0.7883667097877289,0.7581038873564779,1.2445636145969723
2024-08-19,0.7353183696076288,0.9694037643967403,0.8310045313010681,0.662632526853155,0.6739679930796756,0.6617419244556535,0.7408333408268926,0.7857015296500944,0.7606214944643545,1.242264127564284
2024-08-20,0.7248886118852529,0.950824430687106,0.8173202447688995,0.651719025988447,0.6621568897662118,0.6496217242801248,0.7281903394850255,0.7722959924566668,0.747006687443969,1.2221527556035958
2024-08-21,0.7268864706690071,0.9509224793247784,0.817341562892348,0.6511903517513163,0.6612691146997038,0.6472954072116297,0.7262800469608881,0.7696065631511024,0.7452607794576813,1.2171762630682623
2024-08-22,0.7161426355889449,0.9319791412631708,0.8038201433022881,0.6405866497257657,0.6516742915797912,0.6375836008610347,0.716164092238125,0.7586279488634982,0.7347790401781235,1.201442155991469
2024-08-23,0.7044455336785964,0.9269472561488721,0.7981426492552317,0.638007971710225,0.6489883283045037,0.6340003691517884,0.7129719174757705,0.7562364514465854,0.7324352658456615,1.1965334348941827
2024-08-26,0.7255210501454005,0.9391324311600349,0.8115031198428624,0.6466286289089527,0.6570361683570218,0.6402378882375168,0.7184382677828994,0.7619467974231289,0.7394254604533207,1.2034958552034865
2024-08-27,0.7041420272244495,0.9296895326014813,0.7976497102606003,0.6373548903508794,0.6480375756088361,0.6317023470962227,0.7082561527363386,0.7520678400817314,0.7291158686150484,1.1895805561931134
2024-08-28,0.70849667686061,0.9314314053114429,0.8034449073591218,0.6406101174457872,0.6512094766704678,0.6345629366617181,0.7105215548898005,0.7552323539190692,0.7321700525842672,1.1931612330872778
2024-08-29,0.7191567341199407,0.9443429070057604,0.8147700977195701,0.6510372784245722,0.6605990327272255,0.6441201438116075,0.7209774151479956,0.765662737620573,0.7405459133593052,1.203582090974714
2024-08-30,0.7328871796879124,0.9675000122681163,0.8350699358477534,0.6660865077479717,0.6736104290650907,0.6557958148812736,0.7351475466757529,0.7784698900496501,0.7537577842552632,1.2256538969858624
2024-09-02,0.710123444351335,0.9473814835749236,0.8233013849204776,0.6556728538752185,0.6630996962090785,0.6448041817404202,0.72285226494816,0.7666298669093365,0.7426473182715658,1.2062555694218942
2024-09-03,0.7200454846925599,0.9573441217182226,0.8310296398438372,0.6640577122489875,0.6702060848569672,0.6504448979642433,0.7290529483905369,0.7722173878211551,0.7477031689564728,1.2120670443549133
2024-09-04,0.7295204891800554,0.9507523527037036,0.826054932765882,0.6587039916718793,0.6656832098942582,0.6462416111994553,0.7234917674192847,0.7674539187228304,0.7427936726982819,1.2041253807582861
2024-09-05,0.7389674176043377,0.9572327588563319,0.8358569125698447,0.6651805475605735,0.6709843817586423,0.652094651601976,0.7290864577125314,0.7741543896825145,0.7511192649478983,1.2150037073427598
2024-09-06,0.7103542357953219,0.9389133830052708,0.8215000646053255,0.6509317713454694,0.6576037505445957,0.6407228515827993,0.7160681769627347,0.7615666503333284,0.7407838916532138,1.2014331078336815
2024-09-09,0.7107328492646353,0.9400105396417591,0.8184704995083437,0.6496153691552572,0.6558737076484797,0.638172955111063,0.7136291136652514,0.7600517033249697,0.7387295752987046,1.1993139407285467
2024-09-10,0.7236957044220229,0.9464297450781511,0.8226798052956711,0.654377351185497,0.6595407828036309,0.6417821937120008,0.7168791127048713,0.7628758031398972,0.740010911082981,1.2002591286153805
2024-09-11,0.7243014665336979,0.9401630448506885,0.8192725643389028,0.6518060622775655,0.6573228686291116,0.6390216703875685,0.7129163373912646,0.7586821227613858,0.7329318021388261,1.1847239737742556
2024-09-12,0.7204196967624992,0.9376253764518306,0.8172522852581052,0.6501215463937479,0.6561425527319873,0.6373951425452382,0.7108818971980027,0.7562172785040815,0.7297573827775566,1.1850541293246384
2024-09-13,0.7043454259802169,0.919542876782404,0.8017411838416225,0.6398040229124355,0.6474857887039819,0.6294755723870203,0.7033372477769108,0.7485221393747549,0.7216691519925482,1.1736841100782476
2024-09-18,0.6928115189852176,0.9133165281197634,0.7927369775151223,0.6331844099670199,0.6428818298988836,0.625308810429636,0.6995358812668447,0.7453446488689227,0.7200227223980186,1.169145068260944
2024-09-19,0.7101717401385319,0.9331801482052509,0.8130497395240669,0.6473340393867995,0.6573216094132566,0.6391893471005556,0.7134116240453412,0.7615954396969044,0.7357696645574758,1.1986808240507392
2024-09-20,0.7033101144939866,0.9317914856809479,0.8097791950104429,0.6455443429811647,0.6551104976538775,0.637985945218506,0.7111388974541226,0.7590232631854303,0.7331693317568216,1.1964263199900316
2024-09-23,0.7055102289297112,0.9346285917144925,0.8109489661566215,0.6457908543183776,0.65612766659219,0.6389522054397605,0.7135638471440068,0.7602156530161784,0.7346543147305078,1.200003974330819
2024-09-24,0.7331697140617162,0.9645342714049567,0.8368366995606604,0.6674186352045096,0.6789555805760225,0.6615486850872578,0.737978431747598,0.7844972573112967,0.7595528021488109,1.238723230445959
2024-09-25,0.7421622773968172,0.9762045989324358,0.8478798092112982,0.6753846087532612,0.6865115339405903,0.6692016000766156,0.7467027262053243,0.7936329274114412,0.7677980328085356,1.2530251201410794
2024-09-26,0.7699103667528143,1.0139577522828702,0.8783083324215466,0.6967390365963465,0.7092912992696281,0.692275807576591,0.7717461836385063,0.8194774516436791,0.7940575320879343,1.2974240974855547
2024-09-27,0.8145326294581987,1.0723241533513692,0.9250866234000547,0.7340134339862887,0.7447338368318295,0.7255789038100191,0.8095455884167445,0.8560005956104252,0.8279457545322331,1.3478788824489734
2024-09-30,0.9277312554883648,1.2137356773324883,1.0412815216176536,0.8210413534592623,0.8276559209167048,0.8050071964844637,0.8972890521088578,0.94179969858954,0.9101622697114081,1.4729256833416242
2024-10-08,1.039990478060316,1.3602515465516283,1.152233240566689,0.90153646320859,0.900442016734602,0.8719113130086432,0.9701184065323202,1.0069344766309236,0.9690380915079516,1.5475159745907725
2024-10-09,0.956227423580898,1.252982603984011,1.0531069589493431,0.819852626228551,0.8187718127592934,0.7925779614129016,0.8894490816641025,0.9174230613414888,0.8846497621619954,1.4175811602311983
2024-10-10,0.9560975006783726,1.225873835113493,1.0412939958133198,0.8174429493819819,0.8168708230136641,0.792704514544752,0.8879563399451711,0.9212032998296247,0.8882129608920327,1.4330573206685164
2024-10-11,0.8923588305587331,1.1641307957296936,0.9912496945316573,0.7806421011725788,0.7847416719753912,0.761338700383511,0.8527540734350105,0.8895453051026062,0.8572675957717946,1.3895182267146207
2024-10-14,0.9177675421330023,1.2053490946209109,1.0355511006827247,0.8105903871890942,0.8123905271653096,0.7861316239717229,0.8802539131456014,0.915456888447744,0.8805539600744865,1.4214120990426364
2024-10-15,0.8992707112143723,1.1775797705938587,1.0229426513397568,0.7997378429660997,0.8011133279623114,0.7735935693450099,0.8664756762523456,0.901195920323463,0.8662340787206031,1.3977893577589957
2024-10-16,0.899140955722803,1.1739730325269313,1.0282362771299913,0.8015389691180079,0.806038837240389,0.7772907868065446,0.8694878309358672,0.9053840074186074,0.8711594434726628,1.4073430626407892
2024-10-17,0.8916331889790307,1.1744570028132368,1.0279210622850588,0.8019752524510101,0.8032125602084886,0.7732207556685945,0.8655919004863871,0.9016070412052222,0.8659635461639359,1.396016851334292
2024-10-18,0.9310707039245348,1.2321080602881187,1.072130177416231,0.8348801613114081,0.8317879837078037,0.7981418280488434,0.8940124543034935,0.9284329489546208,0.8890722843562727,1.4308794277641061
2024-10-21,0.962399125727198,1.2557203184374477,1.102754248103147,0.8578447993189527,0.849500676152164,0.8131583985695284,0.9086284186795794,0.9450136574454854,0.9040497109791457,1.453355997674615
2024-10-22,0.9775969774660962,1.2611676888385788,1.1087472095516695,0.8624619561145731,0.8551614594111155,0.8224533148050454,0.9166401570830959,0.9550670238843529,0.9152916461465885,1.46862352167178
2024-10-23,1.001419996501636,1.2663350299720282,1.1132612178296706,0.8663451702846382,0.8586183167667413,0.8246466387008377,0.9188536898808595,0.9564155727213197,0.9174893049926048,1.4723800086019052
2024-10-24,0.9806733133490643,1.2618487057250762,1.1134302508520655,0.8645847624022279,0.8542015167783408,0.8224092173110429,0.9139709417967959,0.9551365023643275,0.9137755344822481,1.4743267728559737
2024-10-25,1.0439372158273656,1.3027959236966693,1.1428218460141817,0.8883406982706487,0.8747436292930796,0.8413583104219331,0.9321103395171652,0.9738406898416438,0.9311705784339044,1.4996310780611277
2024-10-28,1.0650562792357257,1.3296247585884537,1.1711138252085997,0.9120596984814298,0.8971775055834205,0.8638069925709702,0.9537051159543478,0.9988362040465089,0.9577625989274917,1.543986045500645
2024-10-29,1.0315306087103424,1.2995314835709644,1.1435921484539686,0.896184335742694,0.8822140971922856,0.8463865433409095,0.9367923797893232,0.9830027217381211,0.9419155269058082,1.5206722689742882
2024-10-30,1.0197411011622384,1.2981451752978408,1.150852743668549,0.8990422384757528,0.8855652665714002,0.8466889300206972,0.9381723878366073,0.9860197016727958,0.9437067806496792,1.5353778673428464
2024-10-31,1.0424357059052272,1.3299248865654136,1.1716674799470257,0.9165049419660204,0.9011428792254808,0.8606945956283608,0.9513992296976016,0.9984744921065414,0.958938937635918,1.558497717471182
2024-11-01,0.9954493616992955,1.2689614618218117,1.1162888418553225,0.8769575706707569,0.868029599371092,0.8322969676564026,0.9212128074549513,0.9680854231831669,0.9327407643602122,1.5152291803455515
2024-11-04,1.0115007141639905,1.3089215642806773,1.139870581974645,0.8921522936042127,0.8848309431097628,0.8473010810879488,0.9389204382888908,0.9885647954589653,0.947923465666845,1.5356482895066876
2024-11-05,1.063469737708772,1.372022577225997,1.1799654281201075,0.9227964854738361,0.9160887094848985,0.87103893133417,0.9663515047299692,1.0156977820408029,0.9745873531536248,1.5743907864829858
2024-11-06,1.1062194498803795,1.3919829187349377,1.1867341866769496,0.9313043022382782,0.920353610786295,0.8771764717283278,0.9721702598125719,1.024414669392381,0.9820941909211987,1.581908861709277
2024-11-07,1.1323301161787416,1.4291148772072038,1.213669425399427,0.9524561780444313,0.9400545155860283,0.8953966249234968,0.9956691045471903,1.0475972767185768,1.0073274957660978,1.6337153167026324
2024-11-08,1.1602699591881145,1.4563905032752682,1.2194759819873051,0.959516112414181,0.9420515245262535,0.8958864283658565,0.9970014454195927,1.050980137368834,1.005710405379338,1.628588515753739
2024-11-11,1.2020614686191877,1.5182154675565882,1.2559092442465287,0.9886587972825059,0.965203018292158,0.9177138457504543,1.01770604641696,1.066876941335413,1.0163321631712607,1.6427122607187026
2024-11-12,1.187860785292716,1.4886541595697742,1.2351574527182956,0.9746359657857687,0.9559668700739731,0.9076106939122197,1.009310979620734,1.0569197007976057,1.0090167828321372,1.6343954601486932
2024-11-13,1.1895220885229327,1.4925022959601444,1.2397336441240208,0.9757904282405662,0.9552140187742577,0.9083416595426038,1.011438590721527,1.0558706315948352,1.008918100100796,1.6254146382902568
2024-11-14,1.1423176344251773,1.433995842789298,1.1957005380642391,0.9452282948089941,0.9270985188716458,0.8815610872418649,0.9817034493210365,1.0264550366851477,0.9798829793003667,1.5827271369829212
2024-11-15,1.1065192508508752,1.3908516672114102,1.1663486447377178,0.9221772520489563,0.9074170356707285,0.8626937482345886,0.9608861018693651,1.0087450615214506,0.9632783911525389,1.559321415273988
2024-11-18,1.1020660948293621,1.3405751362839735,1.1274650142264502,0.8921526226941775,0.8821560364849688,0.8440013132389671,0.9370127077626951,0.9896068980662034,0.9462986932570502,1.5372782238361593
2024-11-19,1.150408054415809,1.3784158365447956,1.1602330225406188,0.9173791923949329,0.9064127654912135,0.8650848777505022,0.9616554152048696,1.0106189913931936,0.9681772448582366,1.567873100238756
2024-11-20,1.187445142900815,1.4107609078216459,1.1910800516247333,0.9391642552454412,0.9275456271505746,0.8845204423738614,0.9833887608309246,1.0301846575939508,0.987905038728594,1.5989197237825425
2024-11-21,1.183346731865792,1.416059462760224,1.193277791142262,0.9419399989313847,0.9323622077534918,0.8877485374760874,0.9855522756204186,1.032790333579053,0.9929934803865557,1.6009643736924812
2024-11-22,1.1260288577827418,1.3541137621873287,1.147497378609277,0.9079709068864863,0.8986059744568685,0.8546558558548493,0.9543590013278895,0.9987011552941059,0.9601092525154942,1.5543847473053944
2024-11-25,1.1711477824962757,1.3676545325417035,1.1608325967833693,0.9174467949472466,0.9100901208415303,0.8646486457175288,0.9662527551566095,1.0113033404900231,0.9756742803909199,1.5791910016211845
2024-11-26,1.1403304204565254,1.3405161326536748,1.1466635615476652,0.9049448202448035,0.9013990428884772,0.8542223534613491,0.9566429797573831,1.002050744688502,0.9677462050338642,1.584061618752371
2024-11-27,1.1828076642074319,1.3640756911182492,1.165443816392539,0.9201665910167676,0.9172157910918667,0.8674653350652947,0.9744224291310446,1.018006467916028,0.9849863826561983,1.609923459510612
2024-11-28,1.1808101055567413,1.3630836273005948,1.1746320082752115,0.9218570914680596,0.9195861358393161,0.8685974495534852,0.9756047833786068,1.0180740412168074,0.989209667091565,1.6133074272741217
2024-11-29,1.177517419767945,1.3876665793125917,1.1896503625975525,0.9344283197416432,0.9344861150761163,0.8820047752323606,0.9934650760427519,1.0341554478034434,1.0081835981102005,1.6310180906259366
2024-12-02,1.2026972751008023,1.4189751925742198,1.215347469347941,0.9561515813262629,0.9539295027251338,0.9004048824980556,1.013995588304176,1.0590657450317524,1.031273351920956,1.6762992926379314
2024-12-03,1.1940574327748898,1.4245229994861308,1.219632307169867,0.9595684984151529,0.9562099131797432,0.902231941665045,1.0155900990816782,1.0604238065458125,1.0333877819991548,1.6883022932616352
2024-12-04,1.1586518604360843,1.4064804883485398,1.201078667248664,0.9456888459147885,0.9429625417671583,0.8894572347435831,1.0016553851678225,1.0450306014020634,1.0159333771988877,1.6640738367502337
2024-12-05,1.1994073713743074,1.434112979747615,1.2202114137716222,0.9586420119501077,0.958072439560359,0.9000684750198065,1.0136208861233114,1.0576261218874934,1.0273013986115633,1.680560703758612
2024-12-06,1.2315011038055308,1.448772326983092,1.230301945215821,0.9668566682947775,0.9673894661382769,0.9087670768803201,1.0237026641678186,1.0673593596324642,1.0390010159485166,1.6958500648577424
2024-12-09,1.2170547641295166,1.443230235972954,1.2243366153977775,0.9634092301238378,0.9670438364514545,0.9062372840828439,1.0241724168447657,1.0643487085074537,1.0405451389011608,1.689861005041477
2024-12-10,1.2141892576575755,1.4553393652806481,1.2343375017769815,0.971650905423717,0.974326286483889,0.9132206297935379,1.0338873335456602,1.07153118316447,1.051009072385403,1.705170475427239
2024-12-11,1.2056219886835322,1.4784999326380486,1.2535776946354802,0.9874402868193122,0.9854935341684359,0.9248939448365063,1.0488583280800943,1.0874968922921076,1.0700075790453458,1.7440706925677785
2024-12-12,1.204688638589251,1.4832897861904197,1.2612099251070599,0.9968597895007152,0.995115607170584,0.9332805946128109,1.0612132262467306,1.0972482789068874,1.087203790827556,1.789014402524234
2024-12-13,1.1677154145627977,1.458621039437077,1.2391475962020781,0.978930860373104,0.9775115176984732,0.9164802085368584,1.0437934996029148,1.079677384250271,1.0685968059099087,1.7703057770078208
2024-12-16,1.1649174098956179,1.4339995493210362,1.2275388787843522,0.9710918539060563,0.9698127350259985,0.9106236175039052,1.0349208121752795,1.076645249933044,1.062097711290348,1.7823636466647292
2024-12-17,1.1235856403521431,1.3804332696078814,1.1816004809414635,0.933920578966194,0.9352685507793376,0.8791980261025315,0.9975931902014684,1.0378228502030629,1.0221510068851318,1.70455973478295
2024-12-18,1.1258526277467034,1.396795261359664,1.1932786251205685,0.9430623036419731,0.9428162305092769,0.8833127919719496,1.0050336597436038,1.0445112600502888,1.0255199888159017,1.7077231767582728
2024-12-19,1.1234544771082193,1.4010564583968514,1.1935525022690165,0.9447798182934002,0.9430747686955135,0.8852060699985775,1.0066224999332947,1.0437801409203806,1.0229420444263024,1.6917280437896804
2024-12-20,1.1435554727366417,1.4245990528958166,1.2142027867119014,0.9581324773623874,0.9542985566208804,0.8956585953382059,1.0162904486678614,1.0546951964471378,1.0308142366137663,1.6996193671238098
2024-12-23,1.0796040706937762,1.3562184643871062,1.1617783007049398,0.9124302627359783,0.9150967440276324,0.8591019837597069,0.9769978652396514,1.0139089049537942,0.9896919615063812,1.6249778304129385
2024-12-24,1.0884927472211599,1.3651347266977756,1.1633836889697486,0.918795311979136,0.9223534882315946,0.8670566650417966,0.9872522233243737,1.0247333451704417,1.0024551598620617,1.6394084061491967
2024-12-25,1.0536895092497114,1.3294347434152862,1.1353450669836596,0.8982555521457476,0.9017056056558294,0.8488223743366723,0.9698427600832539,1.006706030077247,0.9881963988840677,1.6134931531171426
2024-12-26,1.0676005611340351,1.3385095795972615,1.1519128157333471,0.9125246402215569,0.9127360251797008,0.8603778754804082,0.9818755500136437,1.0189965530982545,0.99807218135444,1.6389408773178618
2024-12-27,1.074807294598893,1.343755542993063,1.157793800621778,0.9152693698953394,0.9180527028358122,0.8657748298185263,0.9876426861528943,1.0270488036392544,1.0089108056291478,1.6570921941017835
2024-12-30,1.0543526788307869,1.3375032682216617,1.1430224176069412,0.905539181068004,0.9089735824322881,0.8575314812562472,0.9796382375988247,1.0186202875231525,0.9999602947020235,1.642340271607038
2024-12-31,1.0473920053258399,1.3287544581333064,1.1315532867998213,0.897880443345098,0.9019489473608057,0.8484283197539153,0.9701305186026296,1.0096863654733974,0.989068592293814,1.620425960325741
2025-01-02,1.0537218232598982,1.3177338189748005,1.122316376547507,0.8925238273677766,0.894877165641673,0.841768652624491,0.962938943156951,1.0033061814889364,0.9821963843950117,1.6146679081582813
2025-01-03,1.0377087487874916,1.300699901036875,1.1071646704607097,0.8797061977243024,0.8817812646200422,0.82985679303622,0.9487879681681174,0.98635668901465,0.9608860618569358,1.5730781649498795
2025-01-06,1.0389762810091028,1.2936602766814955,1.1022263312533047,0.8779108816364665,0.8793912186102065,0.8295047330850157,0.9460548049915526,0.982963195417661,0.955017323557939,1.5596879442808977
2025-01-07,1.0479584026962008,1.3036120644907252,1.1118669544378836,0.8864043925241665,0.8865527053643275,0.8355036242498722,0.9528902928939288,0.990411140724746,0.9632583450932741,1.5714713092731878
2025-01-08,1.0432336615258253,1.3003300858167257,1.111137357604011,0.8861658614692994,0.886303743751435,0.8344268017452651,0.9532438222055634,0.9920166989101258,0.9628400319859093,1.5831886177407424
2025-01-09,1.0420640457587764,1.3042571505762304,1.1129722324618343,0.8873257420868262,0.8871657262059348,0.8342698153577471,0.9536796601189064,0.9912070724075059,0.9625074173483061,1.5807727092202473
2025-01-10,1.0310840519208628,1.292474470962128,1.1024812802699173,0.8786801093063838,0.8774936639667018,0.8245362977221063,0.9433445129212746,0.9801602985379699,0.949813192879405,1.5450515555656643
2025-01-13,1.0345015154997792,1.293260513190424,1.1057237392219699,0.8794156182838865,0.8772647910270448,0.8247855682604228,0.9427852995895948,0.9790752886600315,0.9486588169515574,1.5454496054171503
2025-01-14,1.0489911085196808,1.3157679158753004,1.1220993076409793,0.8930629832847912,0.8915265693334478,0.8391953587628479,0.9592621847502197,0.9988019124412152,0.9717962704422296,1.5892713660595152
2025-01-15,1.0501899540713628,1.3148788225510846,1.1212032576177562,0.8924148389880914,0.8912829977508583,0.8379674531078626,0.9577605484415511,0.9991658705564664,0.9709452518306779,1.590651865657679
2025-01-16,1.052646419187252,1.3159990050929662,1.125280597125355,0.894771261036345,0.8944222678518469,0.8405533234175337,0.9606414572662073,1.0031035281134661,0.9764293582838441,1.5994993637237185
2025-01-17,1.0493306675707146,1.3171856192542573,1.1256098645101649,0.8938115770006827,0.8955999673712113,0.8407705330155393,0.9616123831355101,1.0029799362632168,0.976092214509893,1.5899412111622964
2025-01-20,1.054957393369179,1.3164170262885615,1.1283521313071678,0.8962179525395013,0.8983288275106788,0.8439341480224015,0.9658609194996326,1.0075124897624743,0.9815693622516839,1.6005223682653658
2025-01-21,1.0505506597471623,1.3110845378737823,1.1266773610083824,0.8956633804352254,0.8974691726088891,0.843628852411668,0.9653722690122706,1.0072763302982994,0.9811566090562119,1.603538180961679
2025-01-22,1.0467429915323088,1.3037254759286954,1.123889351671762,0.893039201429436,0.8929891992330069,0.8400002214111603,0.9623489637285293,1.0016360964634334,0.9746155579207127,1.5825106331877288
2025-01-23,1.0461892802309432,1.301571409699197,1.1202755988211361,0.8916002650751297,0.8914149453900817,0.8397299907035456,0.9619102651509122,1.0006248197746819,0.9748850541150986,1.5866395496545793
2025-01-24,1.0519288444238875,1.3106907612723946,1.12811657829536,0.8955871440477347,0.894921375436193,0.8435678278705647,0.9661584350953758,1.0046445077104653,0.9810351594856939,1.5954689410480094
2025-01-27,1.0518036359478387,1.3064305362757025,1.1248489175836465,0.8920029005203721,0.891879677497634,0.8414288209455181,0.9633283146382543,1.0025602644415785,0.9766564042048845,1.584941936596712
2025-02-05,1.0686633668105772,1.3138738016215947,1.1319212260797233,0.8933198921003317,0.8933469315983501,0.8425297370876962,0.9627956886213097,1.0038394996787097,0.9769005694356206,1.5784027947240438
2025-02-06,1.0742498340748063,1.3270984973308826,1.1405423963033383,0.8999369610744814,0.9010539429666771,0.8499834841286735,0.9702014876723919,1.01328407691902,0.987805795870552,1.5912916358998646
2025-02-07,1.0734833017310412,1.331848949870046,1.1485470542065344,0.9057197820394576,0.9065930527399739,0.8554115363915579,0.9762110448440585,1.019110417139904,0.9951864989419552,1.6009315514897415
2025-02-10,1.0782271176047986,1.3474666312159957,1.1594570308260885,0.9135687692382304,0.9126797842392944,0.8606904173189338,0.9823163926688987,1.0256337017417665,1.004526085337747,1.62192605726914
2025-02-11,1.0786542350580766,1.3463913955761369,1.1580407833291788,0.9121074387535706,0.9120295625326731,0.8600041903343414,0.9812403076052877,1.0255619289464937,1.0055167941287027,1.6205358618961085
2025-02-12,1.092820098860779,1.3508223127816785,1.1624541003197721,0.916303756226419,0.9169310787469495,0.8642160019810717,0.9859147158194085,1.0298892525412848,1.0114165353729723,1.6253127918545984
2025-02-13,1.0840478637728697,1.3528350325586729,1.1554820718632168,0.914041901940723,0.913831544425069,0.8624486414133891,0.982135000771824,1.0268041178931022,1.0077990440504259,1.621518595312887
2025-02-14,1.0828617076428346,1.366818708785156,1.156220923222964,0.9146425271523504,0.9125374842051868,0.862127189704533,0.9818361932787614,1.027247295488338,1.007682522254213,1.6110561318958905
2025-02-17,1.0899185936414437,1.3740725650162355,1.1598413233066323,0.9186201736401117,0.9169784212995524,0.8660532947806848,0.9866341930002103,1.0316277016208117,1.0134954167627699,1.6173017506887644
2025-02-18,1.0766133841482628,1.3589254703428257,1.1470693966984742,0.9095920839941377,0.907592612432605,0.8578083591838902,0.9770270426827222,1.0200549278313058,0.9985874455259915,1.5840265071379136
2025-02-19,1.0757034145018822,1.3736778517285784,1.1556510252192242,0.916676943570578,0.9138223329618946,0.8645475178073156,0.9836463447258984,1.0273636724944886,1.0095369373346912,1.5997361094433502
2025-02-20,1.0794951957382743,1.3797089197486159,1.160646647642575,0.9184013219580855,0.9166782159056196,0.866177973772529,0.9853031518786685,1.033031229996846,1.0149324370161583,1.609324775632699
2025-02-21,1.0817613329157219,1.3906776480391414,1.1640723567514262,0.9212166363152198,0.920394071108385,0.8692547055961547,0.9889958279783158,1.035914427710918,1.0180262642561895,1.6046055391617944
2025-02-24,1.0819948906655665,1.398129896069073,1.1642668452960183,0.9220469828986683,0.9213330749626727,0.8707192303597766,0.991783039616072,1.0351704682690992,1.0185398905267136,1.6085834196844258
2025-02-25,1.0803080353738526,1.397286879388902,1.1620717476016127,0.921355022959885,0.9195626645137621,0.8678349028653781,0.9883568650081827,1.0317445044544094,1.0136244127550462,1.59991101289347
2025-02-26,1.0867179492290686,1.4077329273825074,1.167284177418861,0.9265381742636093,0.9249866294475664,0.872858260326624,0.9950455366481378,1.0374866457519851,1.0201799162499803,1.610950286649164
2025-02-27,1.0869359430479224,1.4048949686923744,1.1626786460745313,0.9248390121139275,0.9233942629691845,0.8719920217106063,0.9947013712135253,1.0379474381165559,1.0215057694461216,1.6212744278120843
2025-02-28,1.0778252238372916,1.3918486503574716,1.148187895122925,0.913178214928068,0.9125547482441189,0.8618029167971175,0.9825528430282561,1.0242274236049538,1.0053491166246915,1.5951580262673388
2025-03-03,1.090599972637597,1.3924435772232209,1.1516151216989705,0.9118804570517083,0.9147387778156121,0.8630871161495964,0.9823279124800877,1.0251910797867259,1.004470551068289,1.5980295133022602
2025-03-04,1.0926280662345658,1.3999174891921946,1.157764611265858,0.9169394373096408,0.9181190769065957,0.8665678581890408,0.9858318136563679,1.031488017482697,1.008153747203015,1.6050875148703505
2025-03-05,1.0923268077482864,1.396733366298287,1.1581639141830458,0.9182525773403333,0.9188188471028724,0.8671192801919472,0.9878277822235823,1.0336128313158044,1.0097108445484495,1.6084841791481646
2025-03-06,1.1208607734657015,1.4081415850635055,1.1661688903109408,0.9242559836245048,0.9261373131903143,0.8736460392056746,0.995325691985237,1.0412196807717249,1.0199482706287488,1.6201693115040126
2025-03-07,1.1311461469155277,1.4091775830333615,1.16631782529052,0.9219375321234938,0.9251457990498854,0.872375713566552,0.9940290951421499,1.040058732834938,1.017131686920139,1.610263646742197
2025-03-10,1.149132695029604,1.4193715911650184,1.1690999837481322,0.9239091579394931,0.9268179568956114,0.8741679063767404,0.9958373498417219,1.0407528408583173,1.0173722895581867,1.6154268404259922
2025-03-11,1.150628121746263,1.4283792369860295,1.1716390872223468,0.9271833785396596,0.9292482946944871,0.8757124858920569,0.9988384501823491,1.042682091532634,1.0226154132202647,1.6254822021556223
2025-03-12,1.1617789093251005,1.4371030671398743,1.173369562076329,0.929445125195812,0.9311593225546851,0.8770691645183029,1.000875951195581,1.0438163613384726,1.0257565526677384,1.63191789919252
2025-03-13,1.1454968801257812,1.4353549512899635,1.1686437142154478,0.9265540088761662,0.9268276491877289,0.8734697023652741,0.9967494347669473,1.0376824261247433,1.0190117811916508,1.624563158290186
2025-03-14,1.163148089238339,1.4345148231725013,1.1727889143978025,0.9306019799243542,0.9330339672126058,0.8799889968871644,1.0054047129508163,1.0471259619438504,1.0318969752907305,1.647910562006096
2025-03-17,1.1675422484965692,1.4333206684065258,1.1748696372824095,0.9320385360853282,0.9344027874571379,0.8828852197587673,1.007628613893653,1.0501948406857804,1.0346980623706803,1.648626320531738
2025-03-18,1.1845119696622262,1.4326432168066212,1.1778015371390096,0.9336606904756288,0.9357057628431025,0.8840580374586319,1.010644412364432,1.0528539893379825,1.0385714091481897,1.6489552168191233
2025-03-19,1.1702354259850043,1.4273851807985671,1.1741750061429579,0.9310628721760351,0.9323635885635098,0.8814405089901942,1.0083671088598085,1.050710270968608,1.0368885859761543,1.6416082302182915
2025-03-20,1.1623533681848177,1.4199268519635801,1.174250343045846,0.931748231351581,0.9327033500650168,0.8814877178765,1.0087286334785714,1.0502316828710694,1.0365904490459115,1.6396123379268384
2025-03-21,1.1572682409673827,1.4058057800923485,1.166086449098508,0.9252113731373887,0.9268727155127927,0.8758904297372756,1.002758277751227,1.0424219600879283,1.027355339225157,1.628167601643441
2025-03-24,1.1719156457529183,1.390596322141371,1.1540688608005762,0.9181642559861418,0.9227828705919859,0.8711381251396305,0.9979645612581154,1.038846540172761,1.0249115400607776,1.6182540460253088
2025-03-25,1.1787174682049717,1.3864580725130462,1.1526126022915124,0.916741133527571,0.921254579694439,0.8700433949644027,0.9958188567712714,1.0360320606664313,1.020696978979806,1.6173820659109102
2025-03-26,1.1868114588591645,1.3919762731933831,1.1565592171320536,0.9207660991641275,0.9232214249683899,0.8736636373284844,0.9980908421113434,1.041155497789632,1.0257401937818182,1.6270782262318608
2025-03-27,1.1784501803441625,1.3887217292545138,1.1547360759830905,0.9184731607174368,0.9211161019129608,0.8712163937400484,0.9942477906756946,1.039212511068596,1.022986364460483,1.6191800437807902
2025-03-28,1.1727256064657554,1.3829864475507905,1.150421154544703,0.9143671194292725,0.916017352341046,0.865875784389035,0.9890664089879816,1.034778803116997,1.017394214612763,1.6050137071031747
2025-03-31,1.2016147492666998,1.37877634569211,1.147493436788577,0.9108779729229641,0.9111326637203485,0.8613217161198813,0.9853885559585667,1.0297863452609337,1.013056072834255,1.5900574371976852
2025-04-01,1.2156940196013664,1.3823297041200489,1.1508414198182066,0.9142570008717104,0.9145432977044368,0.8655979367626065,0.9888858172785071,1.0351016056605185,1.018620614448628,1.6014052072290208
2025-04-02,1.2354264017609764,1.3842149862666198,1.1498887717785362,0.9145219026065253,0.9152445209303816,0.8652227598434289,0.9894414140623792,1.0378260670057688,1.0206477511892529,1.605916385148501
2025-04-03,1.2288033908538725,1.382472112375089,1.1480540687259566,0.9124533878747316,0.9130183179775143,0.8639597231866266,0.9860624929651777,1.0350408364089085,1.0188311430089962,1.6113389053686837
2025-04-07,1.1559560191118994,1.3276745448069633,1.10059697077668,0.8759732416826932,0.8746493026018546,0.8232913004996592,0.9425743653784433,0.9849762476204481,0.9658992893705135,1.5142605184462428
2025-04-08,1.1469592649710583,1.32387922156538,1.098838448970952,0.8737234529965303,0.871971237121464,0.8238120017367597,0.9408221856231144,0.9837757368661999,0.9672009141768176,1.522288165658878
2025-04-09,1.1587193099105233,1.3353406470888256,1.111380952305038,0.8821318273381648,0.8801439293890865,0.83167011543978,0.9505402882689094,0.9942966489710625,0.9810065817497808,1.547266272779757
2025-04-10,1.2015909578935695,1.3459716703440057,1.120419486940244,0.8904996596322184,0.8891272025024447,0.8399023307436904,0.9609398103652156,1.008881420229001,0.9971110701050081,1.5745618989641632
2025-04-11,1.1950636304636801,1.3518070137694045,1.123760423275955,0.8938415966401054,0.8920935950988425,0.8412785660543116,0.9624530669724092,1.0109676198673792,0.9983502731898387,1.5740738422598208
2025-04-14,1.2050976800865034,1.3614821848573957,1.1306118901138595,0.9010744549638314,0.8989265425383958,0.847816351527009,0.9695963672038095,1.0203591952645776,1.0096345330138439,1.5965953686388223
2025-04-15,1.2094832255233932,1.362915125949609,1.1299570668387626,0.9001520947101217,0.8982153439745936,0.8478503802343565,0.969282586874866,1.0200525793803477,1.0109580098100048,1.5888714056922506
2025-04-16,1.183244358886316,1.353558444374197,1.1255169252648531,0.8946692111671951,0.8932626432119908,0.8434926200701001,0.9650489705651921,1.0155760655052597,1.0080444560938409,1.5848485639731695
2025-04-17,1.1943252411654421,1.3579769517542508,1.1298800235487931,0.8969730607852876,0.8955800944762293,0.8458744971914964,0.9682518800363175,1.017275240249408,1.0109107734350455,1.5945423462608252
2025-04-18,1.197936941561718,1.35681157009081,1.1279846964928726,0.8966335049903041,0.8953860490461608,0.8460372065289891,0.9692505292560305,1.014217602588962,1.0080888128204604,1.5860298339350123
2025-04-21,1.2100689586031605,1.3695068141675133,1.1356837758155314,0.9037778707232503,0.9018190841993631,0.8519621083200231,0.9765805302380445,1.0240343488787684,1.0198669913404408,1.5950038462316731
2025-04-22,1.1930909503292926,1.3719501113798154,1.1381668257165845,0.9044892655868374,0.9022150689201728,0.8530631230430382,0.977458715794083,1.0247792623599012,1.0220441058655416,1.5967783620023603
2025-04-23,1.198181946019284,1.373001958541128,1.1388256651223325,0.9058140949857252,0.9036694866110152,0.853601228194713,0.9786058915998818,1.0261107599864265,1.0222618467155995,1.587197573690456
2025-04-24,1.1956034130899391,1.3681390013404944,1.1369003705267673,0.9029973095531311,0.9017610462730127,0.8515220673353151,0.9765342732979003,1.0227593694664623,1.0198751519508453,1.5814080458392052
2025-04-25,1.2187739183936201,1.3729953127735306,1.1365561179093935,0.9039125933958904,0.9034837454693845,0.8539675885508033,0.9786827632110746,1.0247002005468824,1.020876928449166,1.590218313821279
2025-04-28,1.2010552364901668,1.3704855934594262,1.1329773491377875,0.9004862623457467,0.8985613841793255,0.8483883510998423,0.9732349835784788,1.0175304163374923,1.0117146691305512,1.5720626237814355
2025-04-29,1.2113458182114305,1.3760627078592977,1.1371152679238643,0.9035464705268678,0.9014692242993825,0.8506160764500019,0.9741681414962008,1.0196309650022084,1.0141057991845108,1.573923377914176
2025-04-30,1.225647951719467,1.380555639212386,1.144778715751806,0.9071063679150735,0.9051100427585099,0.8518225989540216,0.9763752562805833,1.0215399249381125,1.014987210154227,1.5719912702521401
2025-05-06,1.2466875410752831,1.4000781154483506,1.159234993927976,0.9159946923472947,0.9146028395713252,0.8611349559739359,0.9869618362610411,1.032208314067052,1.0284059808818626,1.5948832277009595
2025-05-07,1.244653895928726,1.4053513658941847,1.1655334336341192,0.9201094619270104,0.9176423318311001,0.8641740568596595,0.9911794008549399,1.035312075636666,1.0311368934230956,1.6001006723177162
2025-05-08,1.2384306264490825,1.4064175404822146,1.1634631582456683,0.920178386452919,0.9174631197672889,0.863526093690291,0.991450417468133,1.034058263647108,1.0290577755530501,1.5958205664310006
2025-05-09,1.2384306264490825,1.4022969846161948,1.1598189470682674,0.9174732480384121,0.9131782413622682,0.8611188298671268,0.9869791869816602,1.0298035381576855,1.0230410360134685,1.5908300069421186
2025-05-12,1.2384306264490825,1.4158782174802205,1.1647612383398944,0.9227981011871385,0.9180820645500928,0.8646962830952798,0.9917787762121674,1.0338801854647999,1.0268971904444524,1.596964866811486
2025-05-13,1.2384306264490825,1.412321503406013,1.1648603605323375,0.9217842394251609,0.9170053932972331,0.8644010653905956,0.991376765489252,1.0337131737490048,1.027373813502195,1.5963892318054
2025-05-14,1.2384306264490825,1.4107679382044536,1.1658021392091076,0.9225607379552011,0.9169686237352442,0.8652249056755308,0.9919377529018321,1.0357988762834185,1.0292203246839464,1.6010370694685323
2025-05-15,1.2384306264490825,1.4044754258720242,1.162956033628123,0.91928586047243,0.9130349904377559,0.8627168979635905,0.9887986576152021,1.0321265308227996,1.0250028063744396,1.5986585557686392
2025-05-16,1.2384306264490825,1.40607111825087,1.1638316055291873,0.9200144013807693,0.9141390488552851,0.8635272505339961,0.9903238554951852,1.0331620232791114,1.0248696954730394,1.6012251223988496
2025-05-19,1.2384306264490825,1.4130277288236652,1.169177568987832,0.9242995881357089,0.9183661501683988,0.8667629825278003,0.9952958256940964,1.0391629393793833,1.0300323698435963,1.611773031426624
2025-05-20,1.2384306264490825,1.4149477378776172,1.172802153259457,0.9265497552183009,0.9215036060631886,0.8692863888892608,1.0002557903491796,1.0444959610224192,1.0344880631698055,1.6220650673810346
2025-05-21,1.2384306264490825,1.4146796960152404,1.1729133884270562,0.9248970074268728,0.9190506497069828,0.8678177253684276,0.999827741349825,1.043397545512416,1.033406296136425,1.6278591719328779
2025-05-22,1.2384306264490825,1.41462472686721,1.1689603684319128,0.9205555167035866,0.9139976901819753,0.8638205460491742,0.9939560273714202,1.0379230374854895,1.0255941078715716,1.6164307785760097
2025-05-23,1.2384306264490825,1.4096222846003745,1.1641967984961017,0.9162286587308096,0.9093524452590308,0.8589830337174338,0.9879149576669658,1.0311575868359129,1.0193771077429943,1.6109376544104241
2025-05-26,1.2384306264490825,1.421128699577832,1.170046630962205,0.9188719072643009,0.9121275916467498,0.8613048118303793,0.9915245564757478,1.0351530171571839,1.0227626410547408,1.623424382371151
2025-05-27,1.2384306264490825,1.42301774860283,1.1713026793944081,0.9198075989530855,0.9128977845902911,0.8622567236814664,0.9925045887123318,1.037381945676494,1.0221153210306926,1.6269348258788197
2025-05-28,1.2384306264490825,1.418605151051629,1.169788447221469,0.9187635952491789,0.9130271643839323,0.8621367669659232,0.9911666832388772,1.0375667202924028,1.0193171145892579,1.6310076910342588
2025-05-29,1.2384306264490825,1.4304439938237503,1.174888869063079,0.9237369621661827,0.918808625015109,0.8658940096655835,0.9963230216410236,1.0434381032336342,1.0252080344661545,1.6363756554636373
2025-05-30,1.2384306264490825,1.4202398196854549,1.1709235509045395,0.9202597989835782,0.9141925900184545,0.8623038202574993,0.9901762674691673,1.0365910729790297,1.0193070247756906,1.6238226650824703
2025-06-03,1.2384306264490825,1.4205744887059675,1.1744064131248466,0.922067618489351,0.9154571904185586,0.8648523388412199,0.9941355426968919,1.0408335360215302,1.0243255929335549,1.6321891387225302
2025-06-04,1.2384306264490825,1.421577088946888,1.1804304924421773,0.9260740187922704,0.9184698293856948,0.8687464679970609,1.0007040133794396,1.0456679257865829,1.031097079454174,1.6436048662393792
2025-06-05,1.2384306264490825,1.420459745099318,1.1810025118743301,0.9262468112274851,0.9188341584240406,0.8691140647206057,1.000299049231752,1.0450752990503813,1.031832585292717,1.6433234395547416
2025-06-06,1.2384306264490825,1.421516233998285,1.1826785623579057,0.9274162287614778,0.9183124916427575,0.86936909812811,1.000831027556639,1.0439475175421011,1.0329097710046562,1.6450368994472786
2025-06-09,1.2384306264490825,1.428080207452947,1.1868103951967808,0.9324477705431757,0.9219446277555164,0.8720751447190833,1.0050660195479442,1.0483290975052386,1.037286406885168,1.6543478186437894
2025-06-10,1.2384306264490825,1.4248733329496477,1.1834227850779757,0.9297368185030663,0.9182585701447148,0.8692034763690443,1.003250640289423,1.0451728729132763,1.0347808398396392,1.6556239246764575
2025-06-11,1.2384306264490825,1.4202621408930072,1.1863043452461406,0.9322867985680322,0.9203035384849463,0.8713613540476134,1.0055454061956348,1.047957036242954,1.0362044403271602,1.6602279236504955
2025-06-12,1.2384306264490825,1.42032690870074,1.185814580839986,0.9327568692723255,0.9203327467707455,0.8708331286432188,1.0065978979020382,1.048484627052737,1.0351520123964486,1.6661951916230298
2025-06-13,1.2384306264490825,1.4179632026655895,1.1796680063299814,0.9257415866850118,0.9137595953431185,0.8651128406891683,0.9979825638819054,1.0389951777408315,1.0284468841986665,1.6456295253291933
2025-06-16,1.2384306264490825,1.4204817946120671,1.1840951436445322,0.928625533653131,0.9159340159830074,0.8669232728642363,1.0009952463232383,1.04234325768882,1.031875171220356,1.6451690026132784
2025-06-17,1.2384306264490825,1.418083005809393,1.1833767608290047,0.9289582806147688,0.9154962898227457,0.8663814200476304,1.0001817441503056,1.0419999880756616,1.0318831639872676,1.6432185285751184
2025-06-18,1.2384306264490825,1.4199151317721204,1.181733116305162,0.9269390922662933,0.9133979859678635,0.8641060777944539,0.9966848250497887,1.0388731178350503,1.0302530070074318,1.637079386912343
2025-06-19,1.2384306264490825,1.4123720330695393,1.1753454185248597,0.9205190311824505,0.9064079115270809,0.8578392158228073,0.9881781600155212,1.0302444144606546,1.0209138971783132,1.618827058790784
2025-06-20,1.2384306264490825,1.4076534544404726,1.1733286034473096,0.917576434155885,0.9037160723024124,0.855395185006532,0.9849969472640088,1.027003738433211,1.0174721536576994,1.6132216884442112
2025-06-23,1.2384306264490825,1.4143518925330147,1.1788200889745324,0.923161711752169,0.9082412376732315,0.8601025673806904,0.9903965895449982,1.0330139608572795,1.0236555929161373,1.6213756950446225
2025-06-24,1.2384306264490825,1.4188095155739797,1.187628252945063,0.9288783844008239,0.9157684459823893,0.8654495076246567,0.9976527870376909,1.0381217457011311,1.0304776274444107,1.6363921836929618
2025-06-25,1.2384306264490825,1.4220361820155456,1.189703020404494,0.9332353141863149,0.9203870019838267,0.8683191560341635,1.0012747460346194,1.041896675409428,1.0346390147303937,1.643285612383907
2025-06-26,1.2384306264490825,1.4269428545690541,1.1874701015237603,0.9336060481245914,0.9194709026471635,0.8682931685394284,1.00076330800242,1.040442157059447,1.0324656137554393,1.6417628116539245
2025-06-27,1.2384306264490825,1.4259988592666484,1.189076653620625,0.9357871358222605,0.9219865913694507,0.8695208954688345,1.0042968454805747,1.0425445469656494,1.034092260071264,1.6486399454918672
2025-06-30,1.2384306264490825,1.4360701393913258,1.194561057068865,0.9417158505024771,0.9273295455472986,0.8748185252134452,1.0098044838973408,1.0474001570661897,1.0376365153724723,1.6587831055774602
2025-07-01,1.2384306264490825,1.4350175487739496,1.1940760785280269,0.9432337889303877,0.928220507566227,0.8758332962136574,1.0119762413711162,1.0506313517354273,1.040640902896418,1.6655509754256081
2025-07-02,1.2384306264490825,1.4315788566280485,1.1953250170264071,0.9417936605875067,0.9272079600671314,0.8751089678399605,1.011544741931781,1.0504576236929037,1.0386956829385154,1.6647327883944554
2025-07-03,1.2384306264490825,1.433027309495312,1.1978388984448354,0.9437249735627398,0.9286966303471363,0.8769570584243265,1.013381641737854,1.051413030700029,1.043537313058233,1.670862648815061
2025-07-04,1.2384306264490825,1.4291680993609819,1.194383113896814,0.9406557430779763,0.9259085615162258,0.8746013924287849,1.0102362893683825,1.0475259575164613,1.039734427654938,1.6682021552409474
2025-07-07,1.2384306264490825,1.4304058941637035,1.1970984576998769,0.9431199374393572,0.9282738913587125,0.8785023469812326,1.0134768637897902,1.0508414092309504,1.0431913810177418,1.6734660590352268
2025-07-08,1.2384306264490825,1.4370674498544023,1.2049326707157948,0.946882259347522,0.9330297769164233,0.8831818438826156,1.0184158293785381,1.0552297456410875,1.049409502629256,1.6824601264440426
2025-07-09,1.2384306264490825,1.4390988439362327,1.2033679360878,0.9471855931478753,0.9337852643954327,0.8832300987034929,1.018705069159966,1.0540624189558478,1.0486451745862013,1.6769744614128088
2025-07-10,1.2384306264490825,1.4379776644895255,1.2082723394543384,0.9493439412379806,0.9355914910510214,0.8857583828706034,1.019821443682492,1.055009925201856,1.04936554955596,1.6780742677734177
2025-07-11,1.2384306264490825,1.4405341263096818,1.2106173667378441,0.9509613985455764,0.9369440774043376,0.8864506150556428,1.0212500494827985,1.057254025423169,1.0504649121832703,1.6819448962646566
2025-07-14,1.2384306264490825,1.4385307111591816,1.211725484115675,0.9518564443434469,0.9378829739468728,0.8878157978098843,1.023321021573508,1.0591331438797642,1.0523224085739356,1.6838509993647142
2025-07-15,1.2384306264490825,1.4312911924614733,1.207793290947264,0.9487778058014948,0.9340233739188943,0.8844109629583413,1.0195134536318917,1.0537731540498225,1.0474713799181834,1.6762155657522233
2025-07-16,1.2384306264490825,1.4338686843674824,1.2083444574291775,0.9500148765698151,0.936595962229317,0.8860283152403562,1.0210320446525198,1.0560706010588,1.0490842240945122,1.678719152059689
2025-07-17,1.2384306264490825,1.4392528180718118,1.2106093953668304,0.9527405813012092,0.9406359884902253,0.8891852091451558,1.025224870327783,1.0580540027475975,1.0532634138814174,1.6893997148973063
2025-07-18,1.2384306264490825,1.4418641947155553,1.210397510466089,0.9550576965629042,0.9407511029613883,0.889693979046125,1.0268173369521072,1.0600002104310104,1.0549823414901585,1.6865726460769048
2025-07-21,1.2384306264490825,1.4452910536637857,1.2160898980338386,0.9619215827155304,0.947387120251386,0.8956352815811316,1.033851894213847,1.0674712088041207,1.0635879505706376,1.6992795668644245
2025-07-22,1.2384306264490825,1.447111948918179,1.2201170556156957,0.9650524042887891,0.9495342426049356,0.8979690532262041,1.0380076848158584,1.0717057503939447,1.0668269391214105,1.709501395784669
2025-07-23,1.2384306264490825,1.4407720182559534,1.2163146070430533,0.961306205083669,0.9471140495212242,0.8957513708784001,1.0358176075306071,1.0678962326141501,1.0613608316758996,1.7005969654746702
2025-07-24,1.2384306264490825,1.4516097651219086,1.2218462778964323,0.966994373834556,0.952879495287899,0.9009316370974633,1.0421061998871848,1.0742608305449846,1.0668986531615772,1.7124298515261718
2025-07-25,1.2384306264490825,1.4543412406391616,1.2232648422191768,0.9674858581317027,0.9523663596800683,0.90024621592291,1.041947422900134,1.0727875609288415,1.0659163580909632,1.7104114767791647
2025-07-28,1.2384306264490825,1.455349668313564,1.2235613742337947,0.9697009611262629,0.9541946760828884,0.9014585293944887,1.041733525033325,1.07158418973808,1.0675038130629364,1.715957959458606
2025-07-29,1.2384306264490825,1.4574688636428372,1.2262979350548706,0.9711259463615445,0.9553544963814813,0.9029756403171791,1.042309687203324,1.0724736686326624,1.0668209113859715,1.7209819870638614
2025-07-30,1.2384306264490825,1.4540515561981442,1.2242187520187564,0.9705770006297766,0.9521467392010502,0.9027060386294717,1.0411402977360524,1.071857433775041,1.0666294945894286,1.722927034855464
2025-07-31,1.2384306264490825,1.4526463658240314,1.2167882015159912,0.9653538497534393,0.9468310204598555,0.8965702296698542,1.0326097117713064,1.0633591681502765,1.0584646593718197,1.7067973974013921
2025-08-01,1.2384306264490825,1.4531867027460081,1.2185796705640883,0.9675123096247251,0.9496478962412094,0.8969126473187482,1.0335150515881095,1.0663675814373492,1.0617814860356927,1.7023361124840242
2025-08-04,1.2384306264490825,1.4597569822261207,1.2232648118898488,0.9731512112757273,0.9544799330901328,0.900625713090375,1.0375051880337076,1.0698347749231818,1.0665257094429077,1.712206479311729
2025-08-05,1.2384306264490825,1.4598200230330685,1.2268288472111857,0.9780945602744269,0.9572346704118909,0.904637753533456,1.042148666608546,1.0746739944047896,1.0706206972345793,1.7232240066397846
2025-08-06,1.2384306264490825,1.468679984156757,1.2313187662281544,0.9820996293110326,0.9605632020856035,0.9073431109203053,1.0453949918584895,1.0774369323253974,1.0739046054335522,1.7300243333380902
2025-08-07,1.2384306264490825,1.4646589547037112,1.2315887745545202,0.9818600861163453,0.9609575854193664,0.9071941080083649,1.0465878414127074,1.0789102050751387,1.075727382827708,1.7333876703482485
2025-08-08,1.2384306264490825,1.4635048877863466,1.2316529885143306,0.9829628721120275,0.9619060475342752,0.9090070501487054,1.0485987780836796,1.0801914608434307,1.0774916055628658,1.7379282013349804
2025-08-11,1.2384306264490825,1.4690037441759987,1.2371134377734798,0.9890792263055358,0.9678876399067682,0.9138915528602102,1.0542659193264465,1.0852305453026765,1.0828093769318785,1.747743420750331
2025-08-12,1.2384306264490825,1.4689050077689538,1.237057730608517,0.9892789789368565,0.967725477762214,0.9144920481136384,1.0570497290869703,1.0864331676581869,1.0827237787325361,1.7534381634305223
2025-08-13,1.2384306264490825,1.4803156859641624,1.23822894170034,0.9922627264394978,0.9704442308489092,0.9165964870602553,1.0622944610561882,1.0898265544647299,1.0893460236821324,1.7709560893202576
2025-08-14,1.2384306264490825,1.4753794178793072,1.2299397677333899,0.9843987606684554,0.9627489067040309,0.9092322061518934,1.0549047557915685,1.0811675894782833,1.0794815424345283,1.7573673525061966
2025-08-15,1.2384306264490825,1.4891177938047366,1.2353117813066357,0.9892701102128825,0.9715289082176013,0.9155069640982058,1.0635757369466454,1.0881691004304004,1.0891233507612947,1.7766054605290935
2025-08-18,1.2384306264490825,1.5029357833296602,1.2410030318090295,0.994320680186768,0.9788341802857443,0.9207176900918118,1.0709263755389102,1.0945934659351904,1.0942559367144717,1.7843324131824134
2025-08-19,1.2384306264490825,1.5045476985471795,1.2414489605288601,0.9975465893874755,0.9821205826979993,0.9243511089887647,1.0737948228382026,1.0955421237616993,1.0968331672076024,1.794724138683305
2025-08-20,1.2384306264490825,1.499104545994179,1.2444955160139008,1.000878426394106,0.9850621032260284,0.9278782490746755,1.0787903205991312,1.1021263991154366,1.1036474372140903,1.8012984014001774
2025-08-21,1.2384306264490825,1.4938011893913883,1.2444243528676666,1.0012082754992375,0.9846834062774394,0.926664432843968,1.0781898214981611,1.1023610788024054,1.1033848435849456,1.8004931549364225
2025-08-22,1.2384306264490825,1.4996325723596353,1.251005911954466,1.0018547177633823,0.9898186610127759,0.9290629559936002,1.0803482314427464,1.1054434148887096,1.1081461634828933,1.8095057866299569
2025-08-25,1.2384306264490825,1.5060569583151344,1.2578192749651305,1.008318960531533,0.9953353153927238,0.9343737816492763,1.0888020292253449,1.1120198739335918,1.1179323919614454,1.8277061304787976
2025-08-26,1.2384306264490825,1.5018002190101931,1.258615923252467,1.01073051857304,0.9970578531192064,0.9355642523877601,1.0911974759623597,1.114760286748012,1.1202735669225123,1.8266926468090596
2025-08-27,1.2384306264490825,1.4868637321541303,1.2458197722282973,1.0012512046563273,0.9859942465297766,0.9263979445614432,1.080111968621712,1.1031752548674272,1.104313278212949,1.7999592978729864
2025-08-28,1.2384306264490825,1.49154317363114,1.2538059565056132,1.004172943568027,0.9894585334727589,0.9305201461487491,1.085620158776726,1.10657267718629,1.111460707657029,1.8137150698602593
2025-08-29,1.2384306264490825,1.493967943356454,1.2522620151806498,1.0055551517730636,0.9886593709988635,0.9303422979699544,1.0851419251869394,1.10402141288296,1.1133915384752124,1.8149501089859161
2025-09-01,1.2384306264490825,1.4987993343109016,1.256682649156675,1.011088156931772,0.9921240605096159,0.9342600422251893,1.0921457255772047,1.1113191021625382,1.1169697729908716,1.8305553104761294
2025-09-02,1.2384306264490825,1.488562834179618,1.2502675554129248,1.003614452048003,0.9829197057769892,0.9255452963345612,1.0827665760031933,1.1047890163301124,1.106226700157443,1.8183364803906579
2025-09-03,1.2384306264490825,1.4726607688213444,1.2405460402984865,0.9944807506561464,0.9757088373028462,0.9178655022165612,1.073493243973044,1.0956629911981244,1.0967880607403593,1.797570026173675
2025-09-04,1.2384306264490825,1.4641937802487697,1.236883609648925,0.9899505065434776,0.9706313730233158,0.9143938942714422,1.067290236948894,1.091946241637329,1.0890292368475998,1.7792064820807834
2025-09-05,1.2384306264490825,1.4745458294949556,1.2481148120075742,0.9983570280324497,0.9813949563285598,0.922670281355437,1.0785343167466652,1.101937304350807,1.1044249405447017,1.8081950545400618
2025-09-08,1.2384306264490825,1.4828314315098585,1.2528355367165467,1.0033162137382183,0.987324982827966,0.9275732551849344,1.0842486266717037,1.1085374884900419,1.1106977638533084,1.8156266700668742
2025-09-09,1.2384306264490825,1.4744119326878675,1.2517457074566587,1.0012527292455284,0.9839947528729179,0.9245180501393502,1.0809794409933382,1.1049962625049896,1.1060791443712996,1.8020981349196656
2025-09-10,1.2384306264490825,1.4778180899685018,1.2530486470603182,1.0035089930817083,0.9862005387775903,0.9265594206412182,1.0839643430790613,1.1062070411293585,1.1073607226868494,1.8086218948324198
2025-09-11,1.2384306264490825,1.4851979372739945,1.2588041773068184,1.0104309757021201,0.9940845336839618,0.9324183209643422,1.093847939993904,1.1140363551759358,1.1194676846405707,1.8289177247788437
2025-09-12,1.2384306264490825,1.49094862438906,1.260604803624914,1.0109750175158476,0.9950102535403289,0.9321702988765039,1.0944469606186564,1.115216187625751,1.1206967056503165,1.8299808807902664
2025-09-15,1.2384306264490825,1.4873398621208826,1.257659987822383,1.0116570563388618,0.9948622499905788,0.9314123439866352,1.0925996456711653,1.116934956916421,1.1196758277883725,1.824050522535528
2025-09-16,1.2384306264490825,1.4948083967930592,1.2613040952914722,1.0174008977471716,0.9987012406160461,0.9350463932239335,1.0973844664924524,1.1203026515012995,1.1250041737726344,1.836769728621798
2025-09-17,1.2384306264490825,1.4929421278644837,1.2637875053438195,1.0180836538982294,1.0001697981160382,0.9366217491406219,1.0996385189931752,1.1210997781209215,1.1283935397856786,1.8341334189580794
2025-09-18,1.2384306264490825,1.4853227245552107,1.258269883964956,1.0136213637574865,0.9951516616694918,0.93223228858364,1.0907377623960028,1.1125961587613744,1.1228475599188024,1.8111408825433124
2025-09-19,1.2384306264490825,1.48507322433979,1.25689894267204,1.0131974327944675,0.9940042719557682,0.9322716399535007,1.0904943735918633,1.1112743256581703,1.118406389347432,1.809135387286043
2025-09-22,1.2384306264490825,1.4805147532158545,1.2574516905187714,1.013410148157246,0.9940715228549428,0.9320021168639026,1.0887537221258141,1.1094621019608635,1.119719576806075,1.802491194417037
2025-09-23,1.2384306264490825,1.4703665027337975,1.251126897480409,1.0064745686336347,0.9876349849625603,0.9265557346026242,1.082896615894722,1.1052267311819628,1.1143911879835162,1.785837262529381
2025-09-24,1.2384306264490825,1.475449568516722,1.2583561473392657,1.012644828475289,0.9949725193071653,0.9317369235313562,1.0888642859713187,1.1113696459336855,1.1204394450522603,1.7991700980117218
2025-09-25,1.2384306264490825,1.474031792144615,1.2567006331431798,1.0118908811342229,0.9923288386688452,0.9295162645973183,1.0872817439879445,1.1083331175681619,1.1166398789539365,1.7949314390869782
2025-09-26,1.2384306264490825,1.4717941825559446,1.2535671555910675,1.0092329531041118,0.9886548534340865,0.9264578116868281,1.0839622017332917,1.106182255158123,1.1122242062729017,1.7869294161943354
2025-09-29,1.2384306264490825,1.4738023427699245,1.2581071873038325,1.0140004828555418,0.9941072314962258,0.9294698428398956,1.0898099962608698,1.111867911650555,1.1181380303401771,1.8047832642053074
2025-09-30,1.2384306264490825,1.485036249578419,1.26154544017277,1.0181420117438549,0.9965796746124121,0.9312695110506064,1.0928641948282227,1.1137470842508657,1.118678169441756,1.810356517895209
2025-10-09,1.2384306264490825,1.4878157345110434,1.2665349607687466,1.0214435958503565,1.0003886736273144,0.9356320477017588,1.0983890870091835,1.1186796576182962,1.1249791891264973,1.8237035355489342
2025-10-10,1.2384306264490825,1.4836608717072786,1.2646005156009452,1.0220425477771224,0.9994809337756508,0.9364962019878795,1.0994390789185808,1.1193661844825058,1.124607858155589,1.8187044671243011
2025-10-13,1.2384306264490825,1.4930175687728362,1.2650182554417684,1.0225637766823774,0.9981658093091952,0.9351936543552347,1.0965698720973291,1.1177056237063598,1.1193448506523336,1.8158944471145695
2025-10-14,1.2384306264490825,1.4897813389179024,1.2622809388959775,1.0185646032470805,0.992280191438363,0.9314262596597772,1.0899667720172723,1.1143794368029405,1.111997550029163,1.8039768328242836
2025-10-15,1.2384306264490825,1.4937026308794368,1.270125313022259,1.02488004153529,0.9983684392118217,0.936632586080809,1.0980536373685452,1.1210877108327295,1.1234422973981537,1.8214922353445993
2025-10-16,1.2384306264490825,1.4846062747631068,1.267572602508623,1.0213374757430318,0.9939270603905809,0.9319394381988498,1.0909823589288292,1.1169344536159578,1.115598242102524,1.8105875694990254
2025-10-17,1.2384306264490825,1.4725279838713063,1.258222260661459,1.0107235375176453,0.9821960167839826,0.9228803375812384,1.0789502140628704,1.1054934919681498,1.1029592266777417,1.7868289804156112
2025-10-20,1.2384306264490825,1.4742887082960292,1.2638630373992172,1.0162839569340163,0.9878987415630982,0.9272253062931965,1.0857341051847784,1.111644768960775,1.1109120291841397,1.7896202320937418
2025-10-21,1.2384306264490825,1.4809060024947724,1.2731884562222506,1.025872923012508,0.9951927416239917,0.9342511823800825,1.0979825408707324,1.1201083340900024,1.1215043972177503,1.8040994425410966
2025-10-22,1.2384306264490825,1.4814092908053096,1.2725051209821445,1.0247523335006499,0.9940900615660768,0.9335241786399165,1.096631938254487,1.1196445986809715,1.120410854819773,1.7994459887084149
2025-10-23,1.2384306264490825,1.4781854182368903,1.2726092204950143,1.0237222414444194,0.9949132300585826,0.9345084501936095,1.0978825171323725,1.1209717008308382,1.1227755281775709,1.8051131024186402
2025-10-24,1.2384306264490825,1.4812830892132574,1.2731352439416446,1.0248214551845636,0.9975806266154045,0.9356004529812416,1.1015034072182848,1.1212525702592546,1.127126860654066,1.8143770027699557
2025-10-27,1.2384306264490825,1.4846625642626223,1.2764229581466024,1.0280851983160704,1.0018240031137207,0.9399980444274075,1.1088633067593512,1.1253205162343338,1.1324204919742205,1.8311325065478745
2025-10-28,1.2384306264490825,1.4834768621159602,1.2759964393074221,1.0291920886102828,1.0014993008270654,0.9408737458762166,1.110093634408215,1.1247981222437624,1.135146652474431,1.8267281161453557
2025-10-29,1.2384306264490825,1.4846784552720922,1.2798537094658307,1.0302752171213203,1.0041423631344801,0.9433459344223769,1.1154326193461943,1.129009477388017,1.1418848861760644,1.8412134400828666
2025-10-30,1.2384306264490825,1.4805605264125767,1.2767835210082907,1.023831520478913,0.9986852081336408,0.9377683544193206,1.106344126126355,1.1236717673121783,1.1339463321774936,1.8319952934599466
2025-10-31,1.2384306264490825,1.4795168203941493,1.2804816583056369,1.0263393518239552,1.0017657894418832,0.9387510960367993,1.1090526441376378,1.1282047641748474,1.1347375738146013,1.8286862439585128
2025-11-03,1.2384306264490825,1.4847069429180342,1.2882202443285393,1.029300602612742,1.0054448202809902,0.9423962918028705,1.1153692274175495,1.1326518740407698,1.1365863248510164,1.8304032429717003
2025-11-04,1.2384306264490825,1.4808984837993662,1.2838747969813282,1.0265169115567476,1.0019245462118285,0.9402733159310516,1.1123929796382268,1.1292673472887205,1.134036793150104,1.8201451286459351
2025-11-05,1.2384306264490825,1.4821311880169807,1.2883003967341309,1.0299775792731714,1.0062388609110149,0.9434646165065735,1.118426152934074,1.1331929724455825,1.139623294730095,1.8325445236470819
2025-11-06,1.2384306264490825,1.4828393792256949,1.289823281063646,1.0308260360617267,1.0092855961990352,0.9459684890561079,1.1212585790605087,1.137241090379072,1.1466219448328676,1.8422221511569938
2025-11-07,1.2384306264490825,1.4807726237345544,1.291135590350386,1.0297008697608008,1.0094698472744497,0.9457377720483175,1.1205329518104161,1.1381508636614466,1.1458563846705423,1.8430608738069272
2025-11-10,1.2384306264490825,1.4858549757371615,1.293027189346794,1.0323001868605475,1.012909716258983,0.949153124725243,1.1244310183264812,1.1426090250413166,1.1500704952141056,1.8543152141465882
2025-11-11,1.2384306264490825,1.4825635850083567,1.2984814320189288,1.033584406330206,1.0142892312747025,0.9499391738078394,1.1251563404153333,1.1424219325744167,1.1498806361195446,1.8498913197923463
2025-11-12,1.2384306264490825,1.477529541144184,1.2927965390897722,1.0285195844834485,1.0118127103371182,0.9476875101316752,1.1238309723004936,1.1408261781482643,1.1487541848773726,1.84619867379061
2025-11-13,1.2384306264490825,1.482420766100256,1.3006027970125371,1.0334012284997613,1.0186227440087743,0.9527318513409997,1.129043203771896,1.148220801594672,1.1547992673678087,1.8636931190972292
2025-11-14,1.2384306264490825,1.4834271215292898,1.3012454365975592,1.0339960613957728,1.016118454288755,0.9509956433845972,1.1253303275597315,1.144350374438042,1.153006602055842,1.8496444548884206
2025-11-17,1.2384306264490825,1.486177697539543,1.3063661221826712,1.0369469279647145,1.0172914827673907,0.9522422097387833,1.1272558201669085,1.1440488615857907,1.1526407771932135,1.8448854680637392
2025-11-18,1.2384306264490825,1.478664601237021,1.2967866862772117,1.0310297718319439,1.0098933356310191,0.9457907064243183,1.120693016525993,1.13545798796074,1.144867108723956,1.8332215255134616
2025-11-19,1.2384306264490825,1.473884905577217,1.2858525790878708,1.0265736493998643,1.0030136173495263,0.9420433139008707,1.1171372596493547,1.1311554512927862,1.1366811165806003,1.8316901028536243
2025-11-20,1.2384306264490825,1.468709184603034,1.2824652977444684,1.0234474351363354,0.9990222208918725,0.9385976254640827,1.1124952862890787,1.1274236214734088,1.1347063414174865,1.8249413157824654
2025-11-21,1.2384306264490825,1.4567267294995332,1.2604730943599574,1.006153094326041,0.9808300452408957,0.9224236898375269,1.0884273555198154,1.1047117905393287,1.1078463703241006,1.7827196300700459
2025-11-24,1.2384306264490825,1.470591110186514,1.2663657789332703,1.0139754410190058,0.9874780903792008,0.9275900420490619,1.0938509753145649,1.109094458013151,1.1112844853037886,1.7853752015056465
2025-11-25,1.2384306264490825,1.4773295804908073,1.2733607532720503,1.020118762305603,0.9952340352974042,0.9335315930128475,1.1038593473023488,1.1161464942994224,1.1228131269482142,1.7995817115331179
2025-11-26,1.2384306264490825,1.4795343620773524,1.2690925134358308,1.0172110635512939,0.9945626983818652,0.9331282714493525,1.1024294121564986,1.115989832658121,1.1203165840457734,1.798573247720316
2025-11-27,1.2384306264490825,1.4773842779873676,1.2703575145087656,1.0158559850966289,0.9967494211301741,0.933701770628756,1.1021328874895935,1.1167302405327686,1.120553748793317,1.7995849653108174
2025-11-28,1.2384306264490825,1.483486726727631,1.276975835461118,1.023261527746854,1.0036935461885306,0.9386864335579267,1.1111160398044257,1.123958494811772,1.1290107417881103,1.809599603314667
2025-12-01,1.2384306264490825,1.4867290824148427,1.2785321113125883,1.0259508019289871,1.0067863805150636,0.9403970194786155,1.1160751926698698,1.1286308254696156,1.134627917305379,1.8253722751207317
2025-12-02,1.2384306264490825,1.4815970528419238,1.2754709512624423,1.0246945944285144,1.0059568773344807,0.9393553186890771,1.1141179612123253,1.1273617388331896,1.133060277231069,1.8211073443584416
2025-12-03,1.2384306264490825,1.4759331548051144,1.2702132681949596,1.0207297014304684,1.0006729615549244,0.9376611317660314,1.1086693437150013,1.1231904576160232,1.131241268124563,1.8174267575474152
2025-12-04,1.2384306264490825,1.470334659174724,1.2648022797016085,1.0152385274789948,0.9972926812862427,0.935151145213883,1.104866716884406,1.1186142442461724,1.1263304997505015,1.8089719360065883
2025-12-05,1.2384306264490825,1.4790792710762268,1.2733079175837643,1.0225527904646425,1.0048632780523883,0.9418031423993194,1.1128395993016313,1.125647436030506,1.134409235687943,1.826132352063029
2025-12-08,1.2384306264490825,1.4868693005416689,1.2770038397887538,1.0274517477104035,1.0118821372847013,0.9457922742674237,1.1188137767967548,1.1309148531996558,1.1403533606005096,1.8325825550656107
2025-12-09,1.2384306264490825,1.4849897073694747,1.2745184179178826,1.0242800414937645,1.0085164313162114,0.9434157052958069,1.116701616203607,1.1254878181934063,1.136296616275419,1.8223461391545677
2025-12-10,1.2384306264490825,1.4864037847231952,1.2767729068032445,1.0263777448712452,1.0094621896176852,0.9454562656045852,1.118519232959087,1.128293908451398,1.1375115928877657,1.82484673390732
2025-12-11,1.2384306264490825,1.478927453449876,1.2690957281886939,1.0181891756602617,1.0020944607420963,0.9377661178717399,1.107160592942726,1.1205985865974244,1.1258968659296285,1.8095866319149017
2025-12-12,1.2384306264490825,1.4848272268871971,1.2682413633816958,1.0188489757260484,1.0044236672081912,0.9394208903175388,1.1076616657977427,1.123302495155668,1.1299378262876516,1.8121359819110516
2025-12-15,1.2384306264490825,1.4832006814713734,1.2691611932534552,1.0173667844112153,1.0037695812755478,0.9390520497867403,1.1069270738141108,1.1231044813536815,1.1290358694824243,1.8162888668008146
2025-12-16,1.2384306264490825,1.4770354190276698,1.2571868903138803,1.009050291022551,0.9954769252686857,0.9323470058195447,1.0968661585601056,1.1160168152928913,1.1227596900757915,1.795512015558142
2025-12-17,1.2384306264490825,1.4808387765133086,1.260164204760466,1.011419061984718,0.9997767555415727,0.9361219653107865,1.1042178704098655,1.1206140214992981,1.1299442065350476,1.8072185641656553
2025-12-18,1.2384306264490825,1.483850083297889,1.2607955592164055,1.0123627413163778,1.0009556818326846,0.9371964444372776,1.1045545494448075,1.122907906735424,1.130849570135074,1.8092934188416974
2025-12-19,1.2384306264490825,1.4926258213793868,1.267961558500817,1.0193927411493298,1.0081834169631625,0.9439578830868903,1.1145315375107363,1.1310450595686317,1.1413774793995366,1.8258211579730197
2025-12-22,1.2384306264490825,1.4928256858736109,1.2735155375997684,1.0217193776181936,1.0111381160300472,0.9478022232581218,1.1190057891795573,1.134385493572768,1.1490236500256075,1.83504084864164
2025-12-23,1.2384306264490825,1.4842023927685886,1.272510610228654,1.0174511758214473,1.0091986333333858,0.9448447936420311,1.1164273972631567,1.1317556366396926,1.1493751537865167,1.8289868595806453
2025-12-24,1.2384306264490825,1.4899638266568795,1.2813404027020117,1.024099559051211,1.0166680585219066,0.9502059141576393,1.1240196307826003,1.1380459685498774,1.1573135054505916,1.8353378453173623
2025-12-25,1.2384306264490825,1.4964002783427448,1.2880965401146987,1.0292003498364024,1.021113039871752,0.9535953926416346,1.1282391142200006,1.1427818977677153,1.1607865457717488,1.8364228053415768
2025-12-26,1.2384306264490825,1.497310571060793,1.296946577409954,1.0317952209186532,1.0214619896220458,0.9540873240053668,1.1281234178307948,1.145189000552614,1.163129767410956,1.8417741080187793
2025-12-29,1.2384306264490825,1.501932894508518,1.2971583154966615,1.033660314239044,1.0203266446310235,0.9521752356296129,1.1260712247949414,1.1429744396202781,1.1585910321477781,1.8408457999258543
2025-12-30,1.2384306264490825,1.5062787692388566,1.2938071303161214,1.0317980723543367,1.0191804831213,0.9500185341299779,1.1256454974673216,1.1416535814175421,1.1568927864184904,1.8430409533052958
2025-12-31,1.2384306264490825,1.5155045136163952,1.2974584002375074,1.0346811772894176,1.0196203286256267,0.9510363813129799,1.1247519011679257,1.141552755045393,1.1572557644986614,1.841853138329348
2026-01-05,1.2384306264490825,1.523673733015703,1.3028316152867707,1.041838420694156,1.0278933943801922,0.9572061146139479,1.13276040648494,1.1492882078618714,1.1655930210476764,1.8637752032519737
2026-01-06,1.2384306264490825,1.536444799988469,1.3107419180992688,1.0478056548428587,1.0348391367501752,0.9636547848680949,1.1404684652899388,1.1572630878930583,1.1762659259674197,1.8815839100832785
2026-01-07,1.2384306264490825,1.545872647488513,1.31132838506254,1.050621300662149,1.0366116898562676,0.9659498095083401,1.1441072837959398,1.1577381876899855,1.176565153980584,1.8823468037823634
2026-01-08,1.2384306264490825,1.5636664848677517,1.3188651993985885,1.0578079007724848,1.0416832433902945,0.9699008856541262,1.1464116282969723,1.1605269344092992,1.178666368772156,1.8800308904738323
2026-01-09,1.2384306264490825,1.5767238257141676,1.328396853162282,1.0646795517933576,1.048917738220853,0.9764818721462211,1.156158086716094,1.168800690025275,1.1904909213140182,1.90097587192034
2026-01-12,1.2384306264490825,1.5967835670971184,1.3460534175426129,1.0763810677585899,1.0617191465470934,0.9864264298737325,1.169794444730782,1.1797590369482058,1.2019264164920247,1.9134472172263477
2026-01-13,1.2384306264490825,1.583657041540885,1.3346606108387644,1.065868440177395,1.055164982324955,0.9793718311728081,1.1646520850073614,1.1726836388481248,1.194903128873662,1.91004492125615
2026-01-14,1.2384306264490825,1.5809968675639172,1.3382628699277601,1.0680733290974134,1.0573904139605173,0.9820256639350493,1.1706622807780802,1.173768577914616,1.2028865223612135,1.9219723259274175
2026-01-15,1.2384306264490825,1.5797295415905939,1.3253466494061303,1.0646005762925728,1.0540793568155744,0.9799736464095131,1.1684006806464506,1.1730987807424216,1.2055199422934493,1.9269466173569536
2026-01-16,1.2384306264490825,1.574666484607542,1.3189587019374371,1.062143067472376,1.05304386159199,0.9789484876958797,1.167316593062895,1.1719694193768389,1.2061988116570501,1.9221275085723866
2026-01-19,1.2384306264490825,1.5806164550888404,1.327065314835466,1.0676296038922097,1.0573121065196738,0.9842048959369276,1.1748551760395127,1.1801024394370256,1.2152034052519245,1.9398464183342774
2026-01-20,1.2384306264490825,1.5654448106428005,1.320117209539024,1.0639487516318924,1.0535397481878395,0.9835875693885725,1.1737258854862371,1.182063344572621,1.213178280430315,1.9428751034496652
2026-01-21,1.2384306264490825,1.5602016351960035,1.3234331151513044,1.0666002517398556,1.0572142054435354,0.9860706256464354,1.1803034134208608,1.1846458075643278,1.2183750801512243,1.9512355376979837
2026-01-22,1.2384306264490825,1.569896501075785,1.332471869837096,1.0732710938630583,1.0640027196615531,0.9918759934896101,1.1860497341107794,1.188944341054049,1.2277865805825778,1.9549481954779435
2026-01-23,1.2384306264490825,1.5849192891117465,1.3479683083150353,1.0824373530869402,1.0709712606644148,0.9985502734558727,1.1928169738302328,1.1965985840790303,1.238338642215995,1.9703519914481662
2026-01-26,1.2384306264490825,1.5745692540287766,1.3400666560615293,1.0724170701401177,1.0638388563271164,0.9937176068202475,1.1871462912888266,1.1925342131266978,1.2318863749419802,1.980414488308017
2026-01-27,1.2384306264490825,1.5752676896814954,1.3397298735455452,1.0716417437603356,1.0639345737993275,0.9930422076577186,1.1847958408857817,1.1914964595636988,1.2304350545732916,1.9817811398595784
2026-01-28,1.2384306264490825,1.5794982985755344,1.3371449687734984,1.0708138568424703,1.0615131742671822,0.9950235496116435,1.1855864496423143,1.194742250719261,1.236413852894874,2.0053641178694037
2026-01-29,1.2384306264490825,1.5794750054757178,1.3388519230573548,1.0686599218292145,1.0580718712602364,0.9936904158133496,1.1829748327390532,1.1936948324132737,1.233161863698269,2.0152187929529157
2026-01-30,1.2384306264490825,1.5782362672422972,1.3337279051733872,1.0667193297239956,1.0557006367481874,0.9909074085891789,1.179776455162204,1.1901566206227863,1.229286390353676,1.991632497848232
2026-02-02,1.2384306264490825,1.5687387337942005,1.3179426173467452,1.0555675032242744,1.041716898379965,0.9770747706944573,1.1606572164058864,1.1686629910258157,1.2094627512238303,1.944032199616597
2026-02-03,1.2384306264490825,1.5816468852952936,1.3313803217236875,1.067700819181763,1.0567364920986582,0.988852189560955,1.1746271810680151,1.181123084878658,1.2242912246115059,1.9694548390204187
2026-02-04,1.2384306264490825,1.5801820168286422,1.3365026196322016,1.0690448523866871,1.059498812148097,0.9928589663352766,1.1771255780859413,1.1851391879002084,1.2285390694177345,1.9850696727818193
2026-02-05,1.2384306264490825,1.5692556779743854,1.3293025583744507,1.0647406716698826,1.0542549662063931,0.9884071578371778,1.1711180773523029,1.1798181353185773,1.2205809255855946,1.9594073376569947
2026-02-06,1.2384306264490825,1.5684915977447982,1.3288870768296481,1.0645109094229754,1.0530962159537858,0.9874292787423992,1.169495440753326,1.1794999962008321,1.2194900728740032,1.960695958102059
2026-02-09,1.2384306264490825,1.5873485481760325,1.3410355688805322,1.0747987000539927,1.0636021590042342,0.9968684507776225,1.1810029807767906,1.1891204640939947,1.2290271068665088,1.9772690661765158
2026-02-10,1.2384306264490825,1.5816991215212324,1.3402220162174319,1.0750965035623883,1.062941924900333,0.9969152358474129,1.1819479976773362,1.1887451569950511,1.2285225778607438,1.9745683278848196
2026-02-11,1.2384306264490825,1.5715678453640851,1.3376843347544447,1.0741276139364724,1.0625214242801648,0.997699953478705,1.1819842114018608,1.1889922266067419,1.231440579669384,1.974374182688722
2026-02-12,1.2384306264490825,1.5726130046535602,1.3363601792729998,1.0739402938107063,1.0632490948595794,0.9983749588674169,1.1821684843139064,1.188043736213781,1.2299402047827823,1.9739906647732617
2026-02-13,1.2384306264490825,1.5687845808069163,1.3334183384666283,1.070683993315393,1.0591377415451664,0.9920038082626903,1.1739621239813,1.179238188437734,1.2217980700660303,1.9583200645727659
2026-02-24,1.2384306264490825,1.572111013634212,1.3391024889273315,1.0767478798523222,1.06769430398929,1.0003051277860904,1.1874637419942595,1.1903520215475865,1.2395243174593,1.9916424597201183
2026-02-25,1.2384306264490825,1.5864231520710557,1.351045326245974,1.083163287851699,1.0741746315564054,1.0057122472271103,1.1964638632218785,1.198455908649274,1.2493641623103842,2.0185373726957914
2026-02-26,1.2384306264490825,1.5844616540643932,1.3500591775936508,1.0858104253041356,1.0775953714356263,1.0079018523432701,1.1999646170585598,1.1981652041054276,1.2540535242850481,2.0251969004431953
2026-02-27,1.2384306264490825,1.591969271631053,1.3584253068614256,1.0910257624427686,1.080572009281502,1.0128251894388423,1.2050526307163452,1.2039113441744063,1.261889708256911,2.048044633622396
2026-03-02,1.2384306264490825,1.5833678502657518,1.3570097120179898,1.0832699174105251,1.0730785240949998,1.0102545904681486,1.2028767183154898,1.201842973646807,1.2580383664105141,2.052507366574641
2026-03-03,1.2384306264490825,1.5531317587344016,1.3381138014708465,1.0610406371970884,1.0522937582553582,0.9947873541455561,1.1845036869054446,1.1863484154572106,1.2370293167668092,2.0008426811093467
2026-03-04,1.2384306264490825,1.5502237659979172,1.3314602852814743,1.0600141287552012,1.0495228383493898,0.9914733508329173,1.1796118428645934,1.1812617219090313,1.2340022825673482,1.9972667967516309
2026-03-05,1.2384306264490825,1.5518122274604136,1.3365773499985885,1.065947756124709,1.0538082464863379,0.9958956238710545,1.1857923060612618,1.1866550715966098,1.2392682158609971,1.9983831569579187
2026-03-06,1.2384306264490825,1.554786391979999,1.3418389332656255,1.0727987251134918,1.0616783317851652,1.0011047363782237,1.1927229816284652,1.1984881875768558,1.2449841346697152,2.008224028870982
2026-03-09,1.2384306264490825,1.5475525435462287,1.3380196658149186,1.0695741556065708,1.0580590423768443,0.9957375393999179,1.1865347008007536,1.1910357717807776,1.2367566673552934,1.994430093893926
2026-03-10,1.2384306264490825,1.5593068414697084,1.3447097096521152,1.0787320090243062,1.0684359006957589,1.0036542639501147,1.1968400273348523,1.2014499321383234,1.244223583941068,2.0187213884455892
2026-03-11,1.2384306264490825,1.5538201503385958,1.3439394548183095,1.0783945734307743,1.0692325082718561,1.0034112361941947,1.1971902490324826,1.2025330164395451,1.2447299304202335,2.0213276439831867
2026-03-12,1.2384306264490825,1.5473873960781521,1.3421317023185655,1.0753030524686482,1.0672318188301984,1.0006979649142163,1.1909200471094332,1.1986962691540943,1.242802965800329,2.0090447956942694
2026-03-13,1.2384306264490825,1.5399049379388985,1.337501273600212,1.0713006821089688,1.061357954229113,0.995163181091859,1.1836265294183714,1.192988757977797,1.2364686696628397,1.9835122002276706
2026-03-16,1.2384306264490825,1.534014821597318,1.3357320260835976,1.0721278400842165,1.060896617507652,0.9924557896169754,1.1826492767324368,1.192953206385113,1.2354057756297057,1.975258206434937
2026-03-17,1.2384306264490825,1.5265565334864302,1.3266578120340304,1.0634875233219176,1.0507025268239116,0.981666516230439,1.169522376332042,1.183868651834089,1.222788189492253,1.9480430134050242
2026-03-18,1.2384306264490825,1.5335672240990506,1.3282123786829372,1.0678163378191636,1.0558892983563715,0.9862089029978591,1.1748350407078076,1.1884398705466122,1.2270126878751804,1.9571551288512554
2026-03-19,1.2384306264490825,1.5214823335160739,1.3097476562558596,1.0551360419633498,1.0427559856157949,0.9749006636659274,1.1579609500274373,1.1737323044381371,1.208900216183232,1.9197563360542031
2026-03-20,1.2384306264490825,1.5062753790775154,1.2979036763544376,1.042363304263178,1.0310258612333065,0.9657239174474882,1.1464447519270078,1.1608704423854184,1.1934646958902195,1.8946207814757687
2026-03-23,1.2384306264490825,1.4845026212586574,1.2753850614160025,1.0188558122421771,1.0050992199647704,0.9433698752758682,1.1140040299430978,1.1296157995010272,1.159257262461441,1.8289187454352884
2026-03-24,1.2384306264490825,1.4961563827361386,1.2905618884128096,1.0337615226634325,1.0222552033350385,0.95876687829457,1.1344902887174582,1.150386300144249,1.1819561080970953,1.868078535306737
2026-03-25,1.2384306264490825,1.5047417381668897,1.3001338613270148,1.0449214963830247,1.0343721725302406,0.970095571177646,1.1482038015474645,1.1666744279407133,1.1992415816271542,1.8943137492350393
2026-03-26,1.2384306264490825,1.498077106028756,1.2931666274715876,1.0381342629293338,1.0259431626104352,0.9649931733042264,1.1381212480016234,1.1577367280483313,1.1908568716937977,1.875625261389024
2026-03-27,1.2384306264490825,1.5020838037099293,1.301176112403362,1.0447105109609296,1.0318898415570974,0.9716938492302474,1.1457170344411807,1.164961997615706,1.1969886361455349,1.887388670846788
2026-03-30,1.2384306264490825,1.5067105780793286,1.3043312335822683,1.0497551893597357,1.034092083007881,0.9754002916991202,1.14756643119307,1.1670639306274992,1.2036448743428414,1.8959138551919186
2026-03-31,1.2384306264490825,1.5011184577533425,1.2950797303696144,1.0418333694116624,1.0253648535787574,0.9686827907101112,1.1377333844992497,1.1579266641658743,1.190547144982425,1.8765244873171327
2026-04-01,1.2384306264490825,1.505893710538864,1.3037080944285153,1.0496650790522732,1.0339543644894964,0.9757061124425946,1.1474384667151736,1.168212382321428,1.199166430845822,1.8977232929482941
2026-04-02,1.2384306264490825,1.4937863769059432,1.2948604152334406,1.0426624877717667,1.0260851296627793,0.969639249394896,1.1384693358615554,1.1625883970509507,1.1892427105915697,1.8808065122112188
2026-04-03,1.2384306264490825,1.4799594459770709,1.2827376440237426,1.0332148116764055,1.0171125605248064,0.9606929400366423,1.1258051061830472,1.1501661001497534,1.1758884356380934,1.8626475914861753
2026-04-07,1.2384306264490825,1.4864177443662423,1.289136536417688,1.0397370222766364,1.0253539256276138,0.9653170529295586,1.1336296702828292,1.1589902347861634,1.1844533674880282,1.8757359402993163
2026-04-08,1.2384306264490825,1.5082645783663442,1.3098104855396056,1.0577362410366324,1.0461554756679716,0.9824067783596214,1.158828420781056,1.179723086560392,1.2081110511955084,1.9258754763514288
2026-04-09,1.2384306264490825,1.5039329703908844,1.307681990546073,1.0582655009426407,1.0431074950294474,0.9792718059641189,1.154799261438024,1.1720232028100166,1.2042184745364726,1.912775998513905
2026-04-10,1.2384306264490825,1.5087003556357983,1.3150987727249328,1.0622284038795675,1.0462540484734812,0.9811444253340311,1.1587543765769184,1.1731149608689833,1.2116242095272194,1.9145533608314573
2026-04-13,1.2384306264490825,1.5145200991236343,1.3163795238676124,1.0637619564555525,1.0493558704708912,0.9802762513824257,1.1591879927047306,1.1732435471045763,1.2180283627981656,1.9143851017261224
2026-04-14,1.2384306264490825,1.524034621350086,1.3214232432188655,1.069695787176677,1.0548811445315334,0.984315788819277,1.1645777404288462,1.1796622996536243,1.2234756559391191,1.9313647074916163
2026-04-15,1.2384306264490825,1.5228129249433544,1.320045372746659,1.0683206324290078,1.0516919243102956,0.9823384113179736,1.1606815266299086,1.178563997180392,1.218323387907111,1.9219008438116878
2026-04-16,1.2384306264490825,1.5365361815718337,1.3322898213290268,1.0757411567015438,1.060141447978182,0.990011451399081,1.1723680908734448,1.186150255516319,1.228747688139406,1.940854786983499
2026-04-17,1.2384306264490825,1.5418983144672487,1.333285822215888,1.0772376307130374,1.0621788142774695,0.991121087303232,1.1762935996248298,1.1840250977136224,1.2319977409761076,1.9446200799908466
2026-04-20,1.2384306264490825,1.558456586643591,1.3385087583416893,1.0833809198671,1.0662470570129332,0.9965885984387195,1.1814392211153089,1.1895654020706752,1.2384316066271555,1.947737807730716
2026-04-21,1.2384306264490825,1.5536919935101245,1.3388372812491973,1.0813705878333748,1.0662707791861712,0.997351566866961,1.181101533445907,1.1913883933828036,1.2418763092673915,1.938315918557339
2026-04-22,1.2384306264490825,1.5622983570547364,1.3435043869521426,1.083179242624864,1.0709671457400214,1.0004762665641826,1.1867554800007265,1.1937839867856663,1.245387835131257,1.946640194149143
2026-04-23,1.2384306264490825,1.5564509995957667,1.337164648739224,1.0775186587527583,1.065016616494012,0.9948258209510857,1.1826110962759655,1.1892990832763481,1.239881611264657,1.9241378174152048
2026-04-24,1.2384306264490825,1.5526980790372376,1.3337876587314403,1.0752628258475245,1.0612711660639416,0.9897753192137961,1.1764854708745138,1.1846810871460935,1.2337109602896912,1.92208448503212
2026-04-27,1.2384306264490825,1.5513558239498142,1.338616418363181,1.0794868874197328,1.0652012514639249,0.9933187040945893,1.1780620630863823,1.1884656356970684,1.239325919766127,1.9280048335408415
2026-04-28,1.2384306264490825,1.5445202125207498,1.33498353886547,1.0748476221798056,1.0612442427506596,0.990369822959256,1.1718138517068815,1.1866454132004134,1.2314846128766024,1.9121288557713818
2026-04-29,1.2384306264490825,1.5476461377332307,1.344672396672681,1.0822550819620267,1.0702097167337417,0.9967563273718337,1.1810220494270234,1.194703550035713,1.2462228444322987,1.9352933007339228
2026-04-30,1.2384306264490825,1.55647051966235,1.3492655302720755,1.0844074792579008,1.071795603108769,0.9974718319064744,1.179397351346814,1.1945782526739621,1.2434442210799386,1.9338574904030594
2026-05-06,1.2384306264490825,1.56151118933939,1.3604716576899372,1.0930227677296358,1.0851406545736433,1.0062399931433297,1.1909464439212094,1.205238637425393,1.257764415344938,1.9448238964889124
2026-05-07,1.2384306264490825,1.5707374256499358,1.364869725449426,1.102757583775956,1.092219891915101,1.012437689419776,1.2009366184102952,1.2122438827361084,1.266644020236019,1.9565984598196529
2026-05-08,1.2384306264490825,1.5758208986503994,1.3736084302175933,1.1120617921695672,1.0998275139705709,1.0178804883731636,1.206079283394913,1.2162025674378305,1.2726238117015622,1.9701791731102742
2026-05-11,1.2384306264490825,1.5758114409745674,1.3803132650717331,1.1188034911208629,1.1054923434283304,1.0251233703179885,1.210991075372719,1.2212485617217792,1.2777052412953467,1.9746836763350584
2026-05-12,1.2384306264490825,1.5635326929842608,1.3746348269788318,1.1142086990047497,1.1013210097197266,1.0215792378613182,1.2070901786721342,1.2149994109718696,1.269488253294312,1.966227986800728
2026-05-13,1.2384306264490825,1.5663547806383176,1.377403977851019,1.118408357798487,1.10911666374182,1.0278069777987957,1.2134828977163836,1.221717926500772,1.2743495108614364,1.9739507319455558
2026-05-14,1.2384306264490825,1.553291572812351,1.3629812945825872,1.1081736119301173,1.0977936041754486,1.0167018648172474,1.199950102245541,1.2091711570927268,1.2572559255184448,1.9409201836341192
2026-05-15,1.2384306264490825,1.5496753529740912,1.3500539889952397,1.104032551347795,1.0943568439915816,1.0107709632525392,1.188904550698639,1.201136899174559,1.2464660521067794,1.9164107944247597
2026-05-18,1.2384306264490825,1.5480756706188317,1.349596020640057,1.1035345540523884,1.0961965301840628,1.0120492103115863,1.18831095569948,1.19745772159021,1.2443569355349422,1.9097907032796857
2026-05-19,1.2384306264490825,1.5536169739170962,1.3516152297378445,1.1063911901836203,1.1011023429377411,1.0129379611844471,1.190474811132316,1.2013907157356851,1.2527805982018183,1.9182284255875266
2026-05-20,1.2384306264490825,1.5476490128434524,1.3463126329538488,1.1031343316717455,1.0992843393748593,1.011328318211274,1.1880372568274489,1.1932479560284701,1.2503455398981391,1.912234674351576
2026-05-21,1.2384306264490825,1.5384482356988578,1.3247393908559388,1.0875513355923188,1.0809886109654532,0.99458270990465,1.1661144973595587,1.175571255970054,1.2319611445580938,1.8944270201890159
2026-05-22,1.2384306264490825,1.540992544599823,1.3345587099939098,1.096065928500234,1.0929682869315624,1.0044933214381055,1.1769958965851877,1.185695941418977,1.2524712355326064,1.9197153256266108
2026-05-25,1.2384306264490825,1.5408963153321746,1.3380791838814867,1.0995905115036828,1.0950184245569943,1.0058535633732226,1.1776343862147614,1.1871819811846334,1.2562803161112406,1.9281830188803035
2026-05-26,1.2384306264490825,1.532520902915655,1.330354319994839,1.0955611975084911,1.0880870228980155,0.9997571977353196,1.171261567941478,1.1809997624169135,1.257795184340444,1.928452997644316
2026-05-27,1.2384306264490825,1.5200233934706364,1.319274217377385,1.084356607656006,1.078164522136428,0.991613317271098,1.1574992435961282,1.1708145068973626,1.2395657680045002,1.9014512033960373
2026-05-28,1.2384306264490825,1.5268837297522186,1.3240287291144441,1.0878381770599248,1.083388861186114,0.9956880729687424,1.1627683101051431,1.1732487587662837,1.2462993005842142,1.9035752823105427
2026-05-29,1.2384306264490825,1.5032977609055127,1.3101778624059937,1.073484747922824,1.0703950394566046,0.9876655102461401,1.152553865248103,1.1683261331788157,1.2394155178568826,1.8806252215074755
2026-06-01,1.2384306264490825,1.5039371816541003,1.314425503853452,1.074151738154545,1.0698232476928944,0.9892054499601207,1.156633532815722,1.1711572683758182,1.2375578832887029,1.8814074704428956
2026-06-02,1.2384306264490825,1.4985346201502658,1.3123850506766883,1.073031946607248,1.0664069853972613,0.9890959814360359,1.1550343048225917,1.16590666973405,1.2416289514556262,1.8894874518378344
2026-06-03,1.2384306264490825,1.5014306467899692,1.3125511282200475,1.0732326741048666,1.0685518306491841,0.989504832690123,1.155218225592915,1.167380370615905,1.2421730608140213,1.8828488058709816
2026-06-04,1.2384306264490825,1.49451095173455,1.3099869787583422,1.070991159037209,1.0656961201649549,0.9846406837232319,1.1470008312856068,1.162025428991881,1.2349426669851191,1.8656234327118741
2026-06-05,1.2384306264490825,1.4974367151963852,1.3104220454748747,1.0695830810702602,1.0636724129891633,0.9835212456881536,1.1434457142673686,1.1560561123754955,1.237150604138198,1.8506927503340005
2026-06-08,1.2384306264490825,1.4826894313795644,1.2943335867082115,1.052347142634581,1.0476392650476403,0.9682123592692686,1.1229250969720248,1.136155137837966,1.2201462133970509,1.8092149209331918
2026-06-09,1.2384306264490825,1.4900497368843237,1.300953141117147,1.0589688319938464,1.0569207497936792,0.9760757916729059,1.131194096535996,1.1428806469620654,1.2380269250846272,1.8292852529036274
2026-06-10,1.2384306264490825,1.4802504126983005,1.2959080136325967,1.053243311725336,1.052981470195807,0.9696346025608947,1.1224574461257741,1.135565477407125,1.2280219245234099,1.8145852758768424
2026-06-11,1.2384306264490825,1.472492756552257,1.2920749191890202,1.0496704096735614,1.051022427809911,0.9676735561028839,1.1149129977397139,1.129832003454255,1.2285537805283426,1.800547154283594
2026-06-12,1.2384306264490825,1.4744261481258096,1.2961909346190992,1.053565008430966,1.0549820575415734,0.9707146743994381,1.1216943243531168,1.139425612679856,1.2349194079055212,1.8176494322357362
2026-06-15,1.2384306264490825,1.479624588025711,1.3088734750683497,1.0652771166732165,1.0700359488430156,0.9824887988000508,1.1382831472212478,1.1522509152765776,1.2521436847655936,1.847349623829051
2026-06-16,1.2384306264490825,1.4789868018742511,1.3179335931981426,1.072494396727466,1.0767161992454135,0.9870341609649091,1.1430023158004063,1.1522805349687053,1.2606823077121982,1.8513439898010142
2026-06-17,1.2384306264490825,1.4756012181337328,1.3166623166126163,1.0713297393277887,1.0771650739369163,0.9868706508915359,1.1416752143143072,1.1499645964289231,1.266563049477889,1.8425240386823984
2026-06-18,1.2384306264490825,1.4853094533254168,1.3149715403750635,1.0741308003928605,1.0759810063796291,0.9883503016525371,1.1424128748461346,1.1456079486292385,1.2549443303005612,1.8410652636431661
2026-06-22,1.2384306264490825,1.484037077300346,1.31814908971,1.0780676029458351,1.082808383456452,0.9950704915734153,1.151342267286869,1.153496381473798,1.2633773349970336,1.8666503133121437
2026-06-23,1.2384306264490825,1.4798862457510615,1.3130087729179436,1.0733875889102202,1.0757184536277842,0.9901051254069423,1.1447266227001143,1.1480780464710245,1.2496139711809173,1.8307874318319601
2026-06-24,1.2384306264490825,1.4760722780573163,1.3117336944640337,1.071404379819716,1.0755972853518043,0.9872544603486879,1.1415918025568967,1.1446230646199016,1.253189757924724,1.8130247538118984
2026-06-25,1.2384306264490825,1.4718770619869805,1.307825474756096,1.0700300953097448,1.07298854500592,0.984697336954822,1.1390272762639422,1.1402820638417739,1.2558941762217686,1.802584236592634
2026-06-26,1.2384306264490825,1.4693051805701938,1.299277806573246,1.060217862159487,1.059328036843084,0.9698068322789927,1.1182716702943711,1.122680496412913,1.2526248331345906,1.7722423357324784
2026-06-29,1.2384306264490825,1.4708224951748017,1.2978276093130914,1.057659363623308,1.052612509397367,0.9673145211458785,1.1159850380116876,1.123953235496001,1.2411178738089992,1.781435128480324
2026-06-30,1.2384306264490825,1.4815682261147396,1.3019936639242011,1.0673439023373623,1.0575482126446334,0.9704091253527184,1.122337279037435,1.1264224713564899,1.2482200501235767,1.7840631386421872
2026-07-01,1.2384306264490825,1.4886891368839454,1.3114837653006401,1.0689475483535922,1.0644300252534116,0.9728590813574381,1.1271120950043254,1.1349323943597804,1.2515022874175417,1.795357375615871
2026-07-02,1.2384306264490825,1.4827658658476555,1.3016960603569052,1.060005834927252,1.055828083674429,0.9626816762764788,1.1155034743506462,1.1259990857116555,1.2306133615204462,1.7853315446603246
2026-07-03,1.2384306264490825,1.4919727175322566,1.3032679532607965,1.059904058362737,1.0615235602373538,0.9662952974308986,1.1183720897842038,1.1299012569346039,1.236022350804453,1.799469022139274
2026-07-06,1.2384306264490825,1.483438384889202,1.2927420689894538,1.051316546437577,1.0511535378104,0.9581676137948907,1.110461532847448,1.1268317834046535,1.2225899479378584,1.7782253350105832
2026-07-07,1.2384306264490825,1.4759427119725919,1.276318049023583,1.0377078037997538,1.033879070098258,0.9451147916741235,1.0948657935730755,1.1090912837049394,1.2013358976241613,1.7530211708314583
2026-07-08,1.2384306264490825,1.4675222347933459,1.269633086962236,1.028615177861254,1.0225166869439541,0.9384360107373072,1.0850688100154027,1.0998654466869382,1.1835735163622536,1.7374725793814425
2026-07-09,1.2384306264490825,1.4741235287413812,1.2772900355052874,1.0348973022089132,1.0281038558496025,0.9449093349781381,1.091632509741599,1.1024412508856212,1.187844773018541,1.7428392532892
2026-07-10,1.2384306264490825,1.4833150569902347,1.2796723971782558,1.0357542174383312,1.0290703712022875,0.9441731083517659,1.091745939673176,1.1055199894916552,1.1879109945381425,1.750597369061371
2026-07-13,1.2384306264490825,1.4570374003602116,1.2543776230948922,1.0106735093037384,1.0025057306283793,0.9256262958742676,1.0684143868189673,1.0849077186417608,1.1571112956978864,1.7164859518428526
2026-07-14,1.2384306264490825,1.45021168177907,1.2646687143105024,1.0175060833102383,1.0133877940577063,0.9349898076851005,1.0797467407886583,1.096090625085444,1.1789979867026432,1.7477769434412653
2026-07-15,1.2384306264490825,1.441957045981434,1.2635885882284186,1.0128454209347904,1.0109515970306606,0.9335552600258187,1.0780367136291757,1.0972768033406282,1.1723961648710963,1.7418329832586454
2026-07-16,1.2384306264490825,1.440026919425012,1.2551066876852937,1.0055756714381834,1.0014621901266936,0.9259668877756563,1.0691945226789181,1.0906440663095878,1.156332291849988,1.7329607469974142
2026-07-17,1.2384306264490825,1.4138606336047204,1.2267048752988854,0.9811471243676468,0.9752573025618377,0.9043261791332574,1.0417394573475909,1.0666426842807109,1.1237689352235785,1.689226911810073
2026-07-20,1.2384306264490825,1.401357671646555,1.2131243745016953,0.9684530580403635,0.9608137079674801,0.8973034921873937,1.0342165512232362,1.0604561903521597,1.1079552619776083,1.6787844852976757
2026-07-21,1.2384306264490825,1.4062097829027749,1.2207024770691435,0.9755171487369633,0.9679918725225506,0.906303906204981,1.0449715810998352,1.0658936019058518,1.1237142363164467,1.7022818891452984
2026-07-22,1.2384306264490825,1.4030019714668294,1.219097311363474,0.9715929814183842,0.9625384083618593,0.9021944961909404,1.0399472575167203,1.0634306870382633,1.1149979370111884,1.7099547358375786
2026-07-23,1.2384306264490825,1.4071801815866045,1.2230073220636783,0.9766409487283061,0.9680053075760165,0.9065802827143182,1.047621006123353,1.0689936526633717,1.1213086152798222,1.725147418630417
2026-07-24,2.1266679109744393,1.592052082621076,1.4944865316800175,1.1039496963748223,1.0563930746940124,0.971243887470826,1.0721655618264747,1.1708547836155576,1.1972991047851442,1.8317795018285938
2026-07-27,2.1266679109744393,1.5951421073321452,1.4956574475657631,1.1055890960867687,1.0590469015474728,0.9727707525937569,1.0745911234626868,1.173446258056307,1.2057567443238324,1.8368483389308887
2026-07-28,2.144865439566197,1.6106908425748943,1.5060022936612618,1.1189224683624437,1.0701832206260535,0.9811806746580789,1.0846754259467133,1.1819260816731543,1.2093367628517824,1.8582753419413607
2026-07-29,2.1175713847680164,1.6049481046409342,1.5045255788060257,1.1192459165920825,1.0775533011066387,0.9861283666437826,1.0968713888022281,1.1952713025449746,1.215703000144066,1.8834954347327133
2026-07-30,1.9934755112877176,1.5309449767762138,1.4430479708261637,1.080252689974592,1.0444252106329852,0.9571597190647329,1.0713619557164828,1.165126466058051,1.1795783321450843,1.8342783048456708
2026-07-31,2.056680387189391,1.6082435441028664,1.497175824564046,1.1147494071819117,1.076173146764393,0.9854255575898473,1.0991372579429988,1.1951097633277197,1.2049394567673812,1.8842849018146346
2026-08-03,2.0736041827106777,1.6283101904847537,1.505932674739696,1.120092162895167,1.0794388169769915,0.9895803488043363,1.1089600194668596,1.2055148311809314,1.209336759007933,1.900292282516425
2026-08-04,2.1745923728213414,1.6923271458590263,1.5691764957112313,1.1593972301918467,1.1118762152315467,1.0184675288361322,1.1337708672358524,1.2348590946618747,1.2410512285849162,1.9338773493629076
