date,0,1,2,3,4,5,6,7,8,9
2011-05-05,0.006468901632112782,0.008870622377578855,-0.0012299589245544596,0.0008987772971834661,-0.0014661863387145325,-0.0007462935921690407,0.0001776774032663563,-0.0018128686610409074,-0.0016679682003118935,0.0008787849235168997
2011-05-06,0.01003052769297863,0.0015270976892627353,0.0015726581844337506,0.000488393142937138,0.0009629351864948177,0.004324376141376263,0.00030254467925727724,0.0038150179876423884,0.005805135406828255,0.00915857407695686
2011-05-09,0.006044905008635526,0.008318152435042192,0.007933372151496698,0.0070327313755089715,0.008787258750133198,0.00910225283371191,0.006561298300411744,0.008040418077451816,0.009854235340120088,0.008117057688072915
2011-05-10,-0.0008583690987122861,0.00677222892902396,0.003379356810618628,0.003976657932713623,0.0016415775094098528,0.005814979550479604,0.006131975923538979,0.005709686664434166,0.010685481877337422,0.007505892430073935
2011-05-11,-0.004725085910653015,0.008327239569558609,-0.010248339679984952,-0.0005568494632566257,0.002972652184404234,-0.0011618569015744429,0.0012894893949328967,0.000598878365248634,0.002915045356574053,0.0040435744750833
2011-05-12,-0.033232628398791486,-0.012480078906581538,-0.011638569056174886,-0.013437430566484387,-0.01716109753782158,-0.012235533922418385,-0.01659082117468158,-0.014526420137296436,-0.013492210691701811,-0.014648575589544799
2011-05-13,0.001339285714285543,0.01425024030849964,0.007583751858792009,0.009423067811924923,0.00354297805166337,0.001690524237902613,0.007460728134753847,0.006444969942009493,0.008694922675894334,0.00833815712114272
2011-05-16,0.007579135086937194,-0.010050920222619664,-0.003802285211764067,-0.003232791228072185,-0.003216340523450656,-0.002050817309606212,-0.003706382544046094,-0.0012858375405215838,-0.0037550299919195673,-0.005767175343667996
2011-05-17,0.027876106194690164,-0.03024046575813888,-0.004353830129208758,-0.0014843315600920892,-0.008782496140685936,-0.005751886694104202,-0.005125476981494237,-0.00763488201414686,-0.010344867771145627,-0.007474358148240157
2011-05-18,-0.00129143349117522,0.005793968531551119,0.003634915413001316,0.006061572283583061,0.0009024501628829285,0.0036236822762403254,0.005284452923816074,0.004195702225354925,0.007670390169887131,0.007185565418262652
2011-05-19,-0.012931034482758674,-0.004142413005233214,-0.01464730840878814,-0.00678772367151903,-0.00597643829734984,-0.009762294232531943,-0.006622629021783566,-0.006671457562387628,-0.0033567008950818877,-0.009424492956907615
2011-05-20,-0.009170305676855839,-0.0073569872026606475,-0.000712500733180188,-0.0076148650411921315,-0.009478531799102186,-0.004108954551731769,-0.0019130435984417993,-0.0031083942167211553,-0.004251637342067793,0.0013434107749845658
2011-05-23,-0.050242397531952476,-0.03579163365508742,-0.038437719444671115,-0.03993474306428835,-0.037478175904426037,-0.0408974584443037,-0.036903898185783435,-0.03962224612332099,-0.037214580736070646,-0.03649398877714283
2011-05-24,0.0,-0.0051390790971793665,0.004089754278322477,-0.003094670728704285,-0.0025675669328215633,-0.0012750395844634,-0.002113157504627927,0.000885378260513825,-0.003488973572637777,-0.0020515605722445374
2011-05-25,-0.04129930394431558,-0.05154330868638324,-0.013902408448294379,-0.01584918866892271,-0.015209249233338884,-0.012364765048358706,-0.011397765487083822,-0.011386777563571648,-0.012760768985826787,-0.008316599820659909
2011-05-26,-0.011616650532429773,-0.010699529865557444,-0.010018628945505759,-0.006627074297257951,-0.014014850159503323,-0.010367693461792338,-0.007682780401639944,-0.005415862958668138,-0.015824633319070913,-0.009697401322528276
2011-05-27,-0.019098922624877557,-0.025531219564495666,-0.027447594721055513,-0.03062116863047515,-0.03229565969653447,-0.03052940494732881,-0.031888975251049057,-0.03601020763598961,-0.033783819395635684,-0.03026364003475801
2011-05-30,-0.023464802795806428,-0.02267053760786908,-0.008512707978806877,-0.013184254314695165,-0.019569268895399228,-0.01683979234910782,-0.017503824631168063,-0.022770519560828206,-0.018509278902863024,-0.018822543897351607
2011-05-31,0.01942740286298572,-0.0019095524509707973,0.017104726082914468,0.017076735650782604,0.019898706019478407,0.01925504476915485,0.01907842119884151,0.021589781193546154,0.023124215308887308,0.01859164740851682
2011-06-01,0.09979939819458372,-0.02737356191116247,0.010264578260939183,0.006135838740805699,0.009093172492816048,0.006976076458226732,0.010815237839261194,0.011344624204420173,0.011701769000171947,0.009582839938679033
2011-06-02,-0.002735978112175075,-0.014450917704812882,-0.01686274014564315,-0.019967299613537826,-0.014597605374578437,-0.015985545581391758,-0.015354765621019006,-0.014460916911851474,-0.009714127935869787,-0.016112584956255116
2011-06-03,0.011888431641518205,0.011368462144030866,0.010480523714135437,0.015308893439510696,0.014348199629333092,0.013013180212174458,0.015700940987440237,0.018029272133146756,0.013106436373977681,0.000877055460345666
2011-06-07,0.012200632625395169,0.003934860745203439,0.005014768838609296,0.00792862742043221,0.010024370491051648,0.0074242628519674,0.00974121263300809,0.009855503947857613,0.009486469786728735,0.012324979248446777
2011-06-08,-0.022767857142857006,0.011252831444901856,-0.0038046751691316327,0.0056486066461853834,0.003207119876834641,-0.000658347356130351,0.0060473683602977335,0.00581907189569808,0.00647417615476642,0.0041637865207158065
2011-06-09,-0.022841480127912317,-0.01616669763102274,-0.02005661483468768,-0.01906981517456341,-0.021786877755764378,-0.02283713227637918,-0.02345485463135355,-0.02300624035864407,-0.02681374868987929,-0.024963121663773125
2011-06-10,-0.02524544179523136,0.005327897953341321,-0.003438432797904012,-0.0010251685704498747,-0.0004124446852217245,-0.0013537748700105379,0.00019321617175704908,0.0010954285953694853,0.004055615546823876,-0.0009706096321054902
2011-06-13,-0.022062350119904206,-0.0016996203545244226,-0.001709879215006982,-0.006181250070773969,-0.005307669231294443,-0.0022379081675394374,-0.003771906498735156,-0.005462336280020574,-0.0011150057187381268,-0.0017441867151203327
2011-06-14,0.019127023050514724,0.022348258520523467,0.014035697943535208,0.014417876892374393,0.01429008994142622,0.012859122761626596,0.01035332611277795,0.013932296657972909,0.015974285580742986,0.012694352359537309
2011-06-15,-0.0004812319538014531,-0.012153184223613889,-0.01220437089852,-0.009584040772974922,-0.011755174177146555,-0.008048638161293309,-0.01199257818637467,-0.007232619021778741,-0.008247809524802752,-0.004222804844848493
2011-06-16,-0.032258064516129226,-0.018369664732875157,-0.019671315595066963,-0.02282732046816871,-0.021570562482960298,-0.027143528700563024,-0.027859869305019824,-0.02441082080701229,-0.022048950529846567,-0.027962824616673987
2011-06-17,0.06019900497512465,-0.031598589372136665,-0.010641267137014632,-0.01177359048036919,-0.013999201255780025,-0.014770353756320076,-0.015290737168336621,-0.014946758868679022,-0.01612928462922414,-0.01518684368081391
2011-06-20,-0.06288127639605834,-0.028878866484524646,-0.009195687828793098,-0.013726263418900375,-0.011605514889721502,-0.014600661336719223,-0.012821283710561793,-0.012870743351944824,-0.012727835844992486,-0.011111769538901584
2011-06-21,-0.0040060090135202175,0.016148180578290594,0.0123486369348913,0.008169866847533402,0.014346515478286914,0.011257752706666846,0.015029165699353753,0.016154539122561484,0.014102397149708512,0.010880390952109353
2011-06-22,-0.007038712921065837,-0.0005503581237034094,-0.0020877455320539307,-0.0007057159432189986,-0.0024033414676808418,-0.0023390467238805224,-0.003087741625662388,-0.0008735456718125256,0.0006956404920972492,-0.001507529230732052
2011-06-23,0.03848101265822801,0.015501558022299466,0.02058887103134399,0.01857031319617608,0.018711296382501574,0.016310947702224077,0.01671718719187054,0.016163930820648043,0.01751541363246245,0.014016047221603989
2011-06-24,0.015602145294978165,0.020972241129204816,0.018505668204863657,0.01795810723687863,0.020322424725394805,0.02467533619304363,0.021911140044154287,0.020771155828256838,0.02548735113016276,0.019151006259381376
2011-06-27,0.0009601536245797959,0.0046799151210537016,0.01190658189490823,0.01430417794527239,0.013710250123976309,0.011608463668655533,0.012911628412008103,0.01367680302021057,0.009688860301259261,0.01288299200810017
2011-06-28,0.02685851318944854,0.0016325494558848686,0.002801190807696363,0.002109459860966778,0.001163211873131953,0.0016727072673863308,0.0024955928571634978,-0.0002473070090309726,0.002604196256206448,0.0031293436952968268
2011-06-29,-0.026623073330219515,-0.013192909574466505,-0.008920407447016832,-0.011291518250444832,-0.010339346689486106,-0.013989378705612898,-0.013185089099081893,-0.011994302562675974,-0.013996606351111662,-0.011855421416357093
2011-06-30,0.009117082533589338,0.0156372685095878,0.010869895558606846,0.012545798988959245,0.012763412781568784,0.012831462373012359,0.013817950445758509,0.013114144986356768,0.015506075698316746,0.009616436914182014
2011-07-01,0.011412268188302432,-0.012020453329445235,0.008279681853265997,0.0026704848224712308,-0.0006924818001745603,0.0019813113029127916,0.0051704416814495335,0.004515755085905626,0.004072190074247306,0.005145897078546291
2011-07-04,0.01833568406205921,0.023855457113021616,0.024866500014820048,0.021932235122363863,0.01954558400775075,0.023335190958468477,0.02215640262927354,0.018123655350286594,0.025250942961876355,0.01955352808520261
2011-07-05,0.014312096029547527,0.009530719305346658,0.006253482308955949,0.006125495862121522,0.007407077814995944,0.007329250156505207,0.006895655001639245,0.006648144521324673,0.007280372049943251,0.010323364502633936
2011-07-06,0.002275830678197588,-0.02651062489210243,0.0017407537716744859,-0.0022459069558283806,0.0036620074655173696,0.0009069749337413668,0.0031500176892138576,0.0004572456744456055,0.002685351410047998,0.0013807116122499519
2011-07-07,-0.0027247956403269047,-0.005139668839996281,0.0008567044586849093,-0.0020409067427514804,-0.0002830730415209759,-0.0023251192375012275,-0.001027668868508469,-0.0029968207884760734,-0.0029231309447979026,0.001751098179184174
2011-07-08,-0.020036429872495543,-0.004176887594413481,-0.0050933356642274275,-0.0009052139398716408,-0.0008879747576072683,-0.0034014133765641885,0.00017113662338563707,-0.0011118781010283074,0.0007203259021237862,0.003545670864377737
2011-07-11,0.008364312267657992,0.0066694206889470475,0.010589342723202444,0.004188249445285619,0.006182736331358019,0.006708357545350152,0.009225066129197268,0.010223730799028496,0.007726009393140387,0.01057399412427329
2011-07-12,-0.025345622119815503,-0.022857316725851895,-0.012807341339564737,-0.01798562730693487,-0.019370876172318807,-0.016587996988320808,-0.014845607303181185,-0.01731495038440367,-0.01602747515078662,-0.013113387038334756
2011-07-13,0.016075650118203333,0.016590971966230494,0.019128931487618184,0.016281805607307742,0.01776365594042817,0.01896725000577626,0.01917115328897001,0.018450987910699324,0.01905417225404471,0.015721790294346727
2011-07-14,0.0139599813866913,0.013843869458449953,0.008298718616801537,0.008881802910256642,0.010268757935166573,0.008604255349631273,0.009785070675639274,0.007864157734835286,0.008848747268225932,0.008649762370148917
2011-07-15,0.028453418999541347,0.002186053302816404,0.004120572555928126,0.006399643370410768,0.004049084924592661,0.003651893280734786,0.008603188064274736,0.006147499549628677,0.0030534211608774786,4.978382841080986e-06
2011-07-18,0.0,-0.0038222895069883744,0.0036854516386295444,0.0004793238567810665,-5.8854641912242656e-06,0.0010004390091686854,0.0010107890287978094,-0.00036145095956463535,-0.0026049584802787518,0.0002988690140819372
2011-07-19,0.029451137884872747,-0.008712138508897405,-0.012329572980963599,-0.013010893883344199,-0.010995996519786,-0.009020143169149786,-0.010799666602922309,-0.008989837166980652,-0.01133752622774864,-0.008402648615209674
2011-07-20,-0.02297355873428697,-0.0020601632156866945,0.0012137390733601983,0.0028349016284829887,0.002150848400571448,0.0012177989768555886,0.0023431364841728364,-0.001437234986675695,-0.0012778713061376568,0.0018475960823380877
2011-07-21,-0.023957409050576528,-0.018856362021603568,-0.014091432769955614,-0.013245345766411454,-0.012274914188993069,-0.012701689437237373,-0.0093305299142048,-0.013508942729704487,-0.012555692540278218,-0.01241222578336354
2011-07-22,-0.006363636363636571,-0.000903817040101007,0.0033909529445681486,0.004201883743482737,0.004697619378414952,0.004684691493166859,0.004817956487577879,0.00460472657891553,0.0031298462501059277,0.00024453186581840924
2011-07-25,-0.05901189387008232,-0.036346133922423474,-0.04259715943351583,-0.042334593246415975,-0.038483601625252994,-0.0406505192093225,-0.038358082651185454,-0.03939099885390962,-0.03999873754830652,-0.033300623198994295
2011-07-26,-0.007778317938745727,0.012914171724138113,0.00817168209234631,0.003432709856661109,0.0035983634873026915,0.0026824860950123153,0.004346792063675942,0.004309509052321081,0.009231155937291513,0.005485527761292408
2011-07-27,0.045565899069083704,0.012028901230284106,0.018238206305219107,0.012152207735026677,0.015866138707270272,0.013916811235662463,0.015466691046013503,0.015275947096726084,0.013948785651212603,0.011145779886560403
2011-07-28,-0.02108716026241797,-0.005063288701108504,-0.000850658682842842,-0.0051369171799824365,-0.003740630020696467,-0.0022856688200026953,-0.006211001811206707,-0.004515086689925174,-0.005429470908244749,-0.00978244148487084
2011-07-29,0.0,-0.005814770956483417,-0.002178389357264776,-0.006818223915606603,-0.011142531705478076,-0.009379470090461695,-0.009329741069060593,-0.011965930917156586,-0.01098194802858754,-0.009903677746875061
2011-08-01,0.0014360938247963695,0.0030292466449743927,0.005593150614070508,0.004797814994430105,0.004528598259140537,0.0045425020306957276,0.003240476533170389,0.004213083318665323,0.003346522127120277,0.004675296091896319
2011-08-02,-0.028202676864244602,-0.011464842829776889,0.0007343162761415112,-0.004489257898678045,-0.00689386165926964,-0.005787406408590434,-0.007444555821261467,-0.008343445756980539,-0.006395756340657588,-0.005437579041417506
2011-08-03,0.002951303492375823,0.007340833966724247,0.006790494268567926,0.0028974824112106834,0.004166347865737663,0.004337861506008123,0.003178331497491804,0.002687944668190445,0.002576276199851346,-0.00034337551986873827
2011-08-04,0.0004904364884747991,0.0023654964851786975,0.0007480962839541139,0.0021282128005091216,0.004142186038385898,0.004504420828462363,0.004191979426864556,0.006717585963643247,0.00808493627281881,0.008052968815836614
2011-08-05,-0.030882352941176583,-0.01538244265465305,-0.02000706099225502,-0.023205341278440872,-0.020594892060466607,-0.020757640253097454,-0.023540509761366568,-0.02117774999964439,-0.020294738752534958,-0.021149983230482117
2011-08-08,-0.08143651997976731,-0.04057426444684176,-0.05227769683781802,-0.05026517543954978,-0.04984941473323401,-0.047533569032584766,-0.05260053011582633,-0.050838480911540196,-0.04769379917391725,-0.0525419026802324
2011-08-09,-0.017621145374449476,0.007254350128325537,-0.003806316225515194,-0.0046070216511537865,-0.002041432936914389,-0.006826625562360578,-0.0033905206723330306,-0.005447647392880173,-0.003616847217502772,-0.008045964706354436
2011-08-10,0.011771300448430555,0.01628153313176761,0.011212537399755584,0.016226927327944285,0.013563458619088031,0.013037086516374918,0.014598993344381084,0.014118164022755675,0.015441336078264145,0.013494718997338673
2011-08-11,0.044875346260387916,0.01832932861162151,0.020503258983276762,0.016584142871396645,0.018001637673952686,0.016985576961182858,0.017646291558594873,0.016872973262595403,0.015103230167266446,0.022418696707305452
2011-08-12,-0.005832449628844327,0.02231072118671973,0.010704166240357083,0.014756270062566967,0.009922261102325969,0.011214921075114459,0.010361952680428166,0.010937829228814477,0.010604781217665282,0.012231363396934869
2011-08-15,0.0,0.008644176721525065,0.01518247221354141,0.016468394211692994,0.016295847669587804,0.01356708550331498,0.014268651366279528,0.014092153268131291,0.013372945478918652,0.011192508474999752
2011-08-16,0.01760000000000006,-0.009718041574116043,-0.009490078621847253,-0.007407165725037079,-0.007129890095904368,-0.007706836319081978,-0.00893219179025695,-0.006826395139391317,-0.00577843687249735,-0.005376958865953463
2011-08-17,-0.013626834381551434,0.0038063924870801458,-0.0006531239262257404,-0.0012456279301339412,-0.000741602943772901,-0.0022791562641428786,-0.0037890785591097043,-0.0018102204321981397,-0.0038537367087435603,-0.000671528753243722
2011-08-18,-0.04250797024442088,-0.024448265770591338,-0.018409910337951363,-0.018405774466209834,-0.01796612518864149,-0.016298545661098007,-0.01789461190598307,-0.017607421801297263,-0.015014260838115301,-0.014928524610178129
2011-08-19,-0.01442841287458374,-0.005792001019300885,-0.005098109008144114,-0.008619372275926462,-0.007191417300733471,-0.009524751410615817,-0.009064831542193064,-0.008319686521560454,-0.010895809751427898,-0.007332560509433206
2011-08-22,0.0016891891891890332,0.006905500564569733,-0.004736727729965695,-0.0008250482451145347,-0.0037896266371794107,-0.005732524813521933,-0.005839146785092786,-0.004764996534588395,-0.004611048331685241,-0.005170169886106968
2011-08-23,0.013490725126475756,0.021289060200897936,0.02066864211083108,0.02002018961567842,0.016782108093058357,0.016096913364264775,0.01754086703654001,0.014319905632440344,0.01829273581533508,0.015391384045009504
2011-08-24,0.01386577925679422,-0.008484642253267283,-0.0003087731922564174,-0.0016188468826036084,0.00011590632217295394,-0.001328264117412603,-0.0019651935740366833,0.0018966496101462393,-0.0016986889814135653,-0.0008467131750070633
2011-08-25,0.017505470459518557,0.017441995226443963,0.01586562544459169,0.01751588434242035,0.01608211939261417,0.018176861464801464,0.0212735396921806,0.01974908380698004,0.020544244120159094,0.01885963937909141
2011-08-26,0.011827956989247213,-0.002649732657545867,0.006171495720470599,0.005550283311478665,0.006293768366020025,0.003075297725374737,0.002384503305140173,0.002317160626031489,0.0018183420949642315,0.001026257681759457
2011-08-29,0.025504782146652527,-0.004015126021621462,-0.002998924266642833,-0.007743307147848655,-0.005907633225243902,-0.007783316181849909,-0.008544859659457837,-0.007858336308185887,-0.007862351304778858,-0.008765780959155922
2011-08-30,-0.007772020725388518,-0.0012820277678643466,-0.015352469637099464,-0.0074983375081419945,-0.008633808886880034,-0.010161259872188633,-0.005794069024192328,-0.008224003715866401,-0.009569906439138798,-0.009142916253027877
2011-08-31,-0.019321148825065304,-0.012530848789802596,-0.007283011861939581,-0.004971144417138307,-0.002580182979230017,-0.0050102273769727645,-0.003910625818575375,-0.001780281978216558,-0.006067317663150051,0.001439461238189832
2011-09-01,-0.021299254526091715,0.004662351389783215,-0.004596328109099934,-0.007327348387926702,-0.005956094206124418,-0.008237695749338081,-0.006181186702038044,-0.0051244454249491644,-0.007314619575265691,-0.0053525472686069
2011-09-02,0.008161044613710589,-0.025232274258727427,-0.011142583118799343,-0.010120201089323322,-0.013430389110045127,-0.010018844197431598,-0.011648527891670923,-0.012338656584155672,-0.010666608981781622,-0.010692325172356076
2011-09-05,0.0,-0.019945551765195524,-0.021395161696578846,-0.023055919812091208,-0.022969175904819616,-0.023996712318426594,-0.025686517708095602,-0.02236365164598153,-0.020639456801137657,-0.017977344258704897
2011-09-06,-0.05072854830005402,-0.00846866808963287,-0.009706355733749006,-0.008839162340379958,-0.0053504495164584664,-0.007512162651700183,-0.005280443197609785,-0.005725091924416725,-0.005582348719626262,-0.004296640634430027
2011-09-07,0.020466173962478962,0.02344373894296803,0.025089787324952484,0.02462548175742052,0.022764445867271332,0.02324038557978869,0.024331320887520214,0.022906523460321848,0.023124651827073794,0.021754997067931603
2011-09-08,0.055153203342618085,-0.016348476640204446,-0.008724657624827992,-0.008349145771169075,-0.00968703130756321,-0.008373192968107901,-0.008277453590789463,-0.011478718633908591,-0.008865674819011349,-0.009820562552030232
2011-09-09,-0.038542766631467607,-0.004778271290974301,-0.0035697666129741457,-0.005886934920823039,-0.006913529533661311,-0.004765547141966642,-0.003695396294064346,-0.0036559291390338977,-0.004694137218765326,-0.004795370295044288
2011-09-13,-0.028006589785832148,-0.016043775142175254,-0.017494299728857965,-0.015935289077438797,-0.014739629334522109,-0.015193881977939028,-0.014288526724977269,-0.014082811824481234,-0.017881447246244297,-0.013136147924352581
2011-09-14,0.010734463276836248,0.015991700378683582,0.012774422715132516,0.012140461357796006,0.011274637496872852,0.012547412709118078,0.01065803788611186,0.01023309975439246,0.013570636833183602,0.009913096863990667
2011-09-15,0.0005589714924538747,-0.0015415957764901567,0.002772591496785326,0.002558373846787365,0.0011829761298316477,0.0008976407505325579,0.0002164611351209711,0.002480628695255449,-0.0003251973750811876,-0.0011984609587529782
2011-09-16,-0.010055865921787532,-0.0011911590721819243,0.0016742567003573683,-0.0011676450875580668,-0.0005041812856039218,0.000465142323076817,0.0001473129198832357,0.000631753225424081,0.0023943987812273804,0.00475592950809256
2011-09-19,-0.014108352144469705,-0.022944111482461116,-0.020782422698783276,-0.01957766302133579,-0.019211127800588423,-0.01933472887964649,-0.01859590043169701,-0.017144402027933103,-0.020048962172565354,-0.017435105483062263
2011-09-20,-0.006296508299942771,0.005154668610178437,0.004972554096083659,0.004050903203064671,0.004161965295240044,0.003949199490150823,0.006053474463863395,0.004529521492028676,0.007163970208638348,0.0037037336363272555
2011-09-21,0.032258064516129226,0.02545850093808899,0.027624996322448192,0.027895312881171863,0.02488951386332361,0.02861741002798901,0.027334770063296876,0.028188976286739775,0.028388373813775125,0.024534798626741017
2011-09-22,-0.02845982142857162,-0.028684593966991745,-0.031057000207812213,-0.02521228187007618,-0.02663594003633618,-0.02639104422066052,-0.02761979686595528,-0.025732907156589824,-0.02616416840288116,-0.021180894496337976
2011-09-23,-0.01723147616312448,-0.01045919247051974,-0.012222421705425202,-0.007099447115822555,-0.00883350018242457,-0.008094741293111496,-0.011498547481879728,-0.007195945177034813,-0.00971517186645221,-0.0028885246979073465
2011-09-26,-0.015195791934541347,-0.02487894871685503,-0.016396805628956845,-0.013071947284198582,-0.020308957375917647,-0.016028879868305146,-0.01524866044100881,-0.0152420337216701,-0.022766016653248067,-0.01627583780025077
2011-09-27,0.004154302670623,0.0013800964799384197,0.0025907146540071757,0.0019868868039178977,0.0039749599677110226,0.0018961436258382314,0.002166405007301142,0.004721211695514649,0.00485126952624193,0.004560066713826361
2011-09-28,-0.03782505910165457,-0.020087196369071747,-0.013682719337880234,-0.01708343231573839,-0.01885359910852924,-0.01712077388262534,-0.017675590094530347,-0.015060885436182114,-0.017206993886547783,-0.017480005471023685
2011-09-29,-0.04668304668304668,-0.01815958675377083,-0.02977899550522123,-0.03645270133542178,-0.031166030622510443,-0.029556803550085053,-0.0348060650358305,-0.025870609675950784,-0.033208391238884416,-0.03346615742675074
2011-09-30,-0.023840206185567037,0.004748051928144648,0.0022273187688621743,-0.0006813426421757862,-0.003760656630937942,-0.0023508333175796814,-0.005570211361934474,-0.0019465653499581848,-0.0034570490459694403,-0.004340427928114732
2011-10-10,0.005940594059405946,-0.0004430049273407288,-0.004985092250473611,-0.0054405415698275394,-0.0057158917109872975,-0.004723865576114927,-0.004404387800792886,-0.003120052989122546,-0.004313414631453183,-0.003959795760193119
2011-10-11,-0.0006561679790025865,-0.003522379757251115,-0.0016645300715403266,-0.004155296104729089,-0.005570032960321769,-0.003691485870986444,0.00017815752681915598,-0.0022730290365245986,-0.0011304308372309668,0.0018750507752607337
2011-10-12,0.03742613263296124,0.02937851145904058,0.03569174607476455,0.034428345838577235,0.033778180174558026,0.03190664929495779,0.032786523885242946,0.03334407751143997,0.03390512953748526,0.028898729104993803
2011-10-13,0.018987341772152,0.011212998350878856,0.011114707773833166,0.01308582250250434,0.01396049954461187,0.01088802234532249,0.013517677375222359,0.011196444752572976,0.011978493572073035,0.00987582868734771
2011-10-14,-0.011180124223602594,-0.005338605769065086,-0.00358444230719257,-0.004091096473834432,-0.0037175964046523013,-0.004452973350277167,-0.004989495769183061,-0.005855598348105784,-0.002779350376711065,-0.002261074516212269
2011-10-17,0.013819095477386911,0.002293381683317497,0.006263915250112051,0.001110673918788052,0.0041215758600492425,0.004195908152983208,0.004471063984929913,0.00328678412802641,0.003448371862069699,0.005620389355915467
2011-10-18,0.0024783147459725985,-0.03235630878172091,-0.02960035762003954,-0.02856817351855423,-0.02585744792803002,-0.028427078395502292,-0.030384014447345176,-0.03061824734056462,-0.032439592176141896,-0.03298986562403339
2011-10-19,-0.022867737948084055,-0.011638874631598295,-0.004731701995948856,-0.004805489884728731,-0.006358865783945067,-0.005818897490475483,-0.004343395249831183,-0.0024681994193037626,-0.004325032717804933,-0.002133437499545421
2011-10-20,0.017077798861479865,-0.023583867825137883,-0.0317002387421369,-0.028304643586506528,-0.030770677835371796,-0.02716215923708354,-0.028082661651068208,-0.027351699025891407,-0.02748003732920279,-0.025472697995090776
2011-10-21,-0.0497512437810943,-0.023134590801174082,-0.014296042467373926,-0.017242102405158333,-0.01563293117799791,-0.017168605000780768,-0.01942399802896766,-0.01504891719631185,-0.020219077600060475,-0.011196311741511478
2011-10-24,-0.011780104712041828,0.005631058630882757,0.019497180580625217,0.014647647720259727,0.015948049115203533,0.015698084386676525,0.017313086691891133,0.0181304496551713,0.0195629491969882,0.01378948978140726
2011-10-25,0.01986754966887405,0.02796758003559008,0.02572485141690728,0.027163997555211816,0.026051426269006583,0.027135478270474245,0.02602627428651072,0.024863340690323588,0.025111879199810172,0.02145554412027839
2011-10-26,0.01103896103896096,0.01729239059312815,0.006876869996093937,0.007996024927989565,0.009593814672730794,0.009159892390742108,0.008149391717761079,0.00905730728194043,0.007315814590420855,0.0073122604630022625
2011-10-27,0.10019267822736033,0.002656246754381808,0.002901769506346241,-4.1978739217185534e-05,-0.0003426926760321525,0.003092160100697683,0.0013091828530147342,0.00014120280985618905,-0.0002689925352692413,-1.5714707021330376e-05
2011-10-28,0.0186806771745478,0.02371755729084546,0.018327803265584253,0.02271154335994585,0.019467680824440947,0.020838257565309215,0.02153186067258872,0.01866139908384712,0.0212189507195093,0.018573816685180322
2011-10-31,-0.017765042979942858,0.009799408606597337,0.009721500096304236,0.006206118114758796,0.006468958070513953,0.006715704679155721,0.00527198452553046,0.004981877384209188,0.004459966271349147,0.0018385347030847043
2011-11-01,0.002333722287047868,-0.007821340948474864,0.0021906641172952934,-0.00028145318590588886,0.0035855414740157965,0.0008416855701245396,0.0003845564720461603,0.0010213590539900341,-0.0008463920676551329,-0.0026251831067058973
2011-11-02,0.029103608847497187,0.01803826217150184,0.01701520208017193,0.018630302162568224,0.019647424346540543,0.018062291355320115,0.015005744716203973,0.015067337701835326,0.013453368570599089,0.01165155748402702
2011-11-03,0.007352941176470784,0.004066910108771804,0.008076655453077564,0.0034451637137293822,0.005877034273114479,0.005769409209508858,0.005919064211424185,0.005339656105814106,0.009311536369416507,0.00874294054930691
2011-11-04,0.03761931499157756,0.007500055635611957,0.006949754993916812,0.007679439631536722,0.00853743471355295,0.007563437591989075,0.008603678671540438,0.008255105592983147,0.0063942603204287796,0.005741972143521901
2011-11-07,-0.02867965367965364,-0.007587928100718844,-0.005357806051883962,-0.0005384551989904285,-0.0027020064912566255,-0.0029889029061662686,-0.004082158736109953,-0.003290614896570565,-0.0021232833112402316,-0.0017134560099268947
2011-11-08,-0.01949860724233987,-0.015204603266255834,-0.010757677466441296,-0.016515418129232406,-0.011581237534095457,-0.009048906911809373,-0.010864700976326747,-0.010123299865911206,-0.009403341156256406,-0.005242373904485231
2011-11-09,0.022159090909091184,0.017836152386598192,0.01805991243050631,0.016203403425381513,0.014584822796464891,0.01646836240482097,0.014359445189240816,0.015318664276364746,0.013678114984077228,0.010025873630141735
2011-11-10,0.007226236798221208,-0.015938063542973335,-0.01589191502353282,-0.013279645487040082,-0.01249594309718094,-0.014000334314941076,-0.012303488404004193,-0.015896928588413517,-0.013539763613579892,-0.012988217101555177
2011-11-11,-0.00717439293598221,-0.0020316797549722043,0.0007258032858117325,-0.00023775547056914537,-0.00029758867380436094,0.0008936089751965248,0.0015866867275287078,0.001246686576676037,0.0009955334086637624,2.736680631021393e-05
2011-11-14,0.0266814897165093,0.030548461404769744,0.02726213174537362,0.023707152974780765,0.023971698214011905,0.025711233368708175,0.021568894000653982,0.021873933099252563,0.02373269650748111,0.0211454639028259
2011-11-15,-0.008121277747699107,0.005282551486202491,0.01089653183772743,0.006464824781927225,0.007478673264130986,0.006427522398286589,0.005976690825990838,0.009665037622621053,0.007821512764599081,0.0073282585857330496
2011-11-16,-0.04312227074235819,-0.023063352163275486,-0.025317359902211622,-0.025780952730974915,-0.02445410921975444,-0.02303959505969211,-0.023124153176999118,-0.023818712595042313,-0.023601890228015066,-0.021308931659485553
2011-11-17,-0.005134055904164048,-0.008860104583555128,-0.0018456031383571325,0.0011892347421451621,0.0007794716421136716,0.00021967413186807505,0.00029981236062814887,-0.0005233228229707398,0.0013869985231169668,0.00306636809446581
2011-11-18,0.0,-0.03236148368836533,-0.026350917633926385,-0.028958243839028897,-0.02800411809779213,-0.026303824485874983,-0.026703527559342466,-0.026159607353594794,-0.02584463042518481,-0.023357132037057693
2011-11-21,-0.03669724770642202,0.003780584704131895,0.0011682572014009018,0.0010623672873328882,0.0024687364087923047,0.0013974943186070288,0.0007039032205196083,0.0026861314321862118,-0.0015223895734162163,0.00017669422660682166
2011-11-22,-0.022023809523809557,0.0033838956665277475,-0.0043467862642865285,-0.0019342837674133362,-0.00025272383437746626,-0.0005029027536641584,-0.0011947905517480928,-0.002765212169293707,-0.0023481105176313966,0.0003651772517572205
2011-11-23,0.04382227632379809,-0.013056001129476469,-0.0017622161436596784,-0.004198739659491579,-0.005923469902939904,-0.004503644689789921,-0.0037053184035891196,-0.003957246834310646,-0.0054617637297385,-0.006379214035014291
2011-11-24,-0.008163265306122436,-0.0027922740026504744,-0.002251401909973638,-0.0029620279816954254,-0.0006776224855056245,-0.002733300893448143,0.0001503614083901983,-0.002159581774002217,-0.00254061067793776,-0.00018264333100848074
2011-11-25,-0.031158142269253397,-0.009941906888893404,-0.007796032617946369,-0.005680786810052574,-0.007547764338321938,-0.0076148842922505455,-0.007023299189743981,-0.00700259452589036,-0.004923192439301505,-0.0041897067766137885
2011-11-28,-0.011529126213592256,-0.00048797177453141494,0.0016405112928299381,0.0003413244184002906,0.0012993273913468606,0.001332077448114477,-0.00018796090732564608,9.805304433130324e-05,0.0011479749639116132,-0.004310955327528232
2011-11-29,0.10006138735420511,0.016222339290407284,0.019231043881926535,0.015610308250920024,0.01584368756598864,0.015091501949690889,0.014421487048263737,0.014011724709874107,0.01589347191690904,0.010263792416921769
2011-11-30,0.09654017857142838,-0.04903227943426147,-0.04269286835170849,-0.04008297254743387,-0.042898830178413117,-0.040995899625634435,-0.040052121759570514,-0.04233362114045747,-0.04120085843240773,-0.038059478343126285
2011-12-01,0.0,0.02023754727820526,0.020364012486784766,0.019781084642903846,0.020958452972709596,0.01722041957777476,0.019846278335164502,0.018935481445587543,0.01680655594120206,0.017578709190757325
2011-12-02,0.016284987277353613,-0.01732635160140117,-0.017961909539133902,-0.0240393209456089,-0.01953900077723081,-0.01980669581334127,-0.01957219556901857,-0.01869116934732029,-0.019347500771226933,-0.018483744714111405
2011-12-05,-0.03855783675513247,-0.027170853481308432,-0.027555681139222576,-0.03155005698905633,-0.02944729925578038,-0.0316763068800775,-0.029322162480842295,-0.03004738952881758,-0.031124318956611163,-0.03364706975573262
2011-12-06,0.03437499999999982,0.002497707616946787,0.0017952416520776726,-0.000733781365124031,-6.170845433239869e-05,-0.0020773875504056516,-0.0005070421779328482,-0.002353537791700666,-0.001362157721645274,5.192607178106101e-05
2011-12-07,0.04733131923464251,0.007629490165044217,0.004394044497460614,0.002999663614649206,0.0028204303270931153,0.002381790446846832,0.0031717201083536484,0.0007581068486905984,0.003456341123428075,0.0016624292162774612
2011-12-08,-0.009615384615384581,0.003385612543578276,3.899861675793481e-05,0.0017571568384564529,0.0007617184048682724,-0.0003071298919936627,-0.0009956676470239678,-0.0024671636300226396,-0.0010686313703163197,-0.0015410555259600667
2011-12-09,-0.03883495145631066,-0.003363853182522525,-0.006594842309556426,-0.008924876514959657,-0.009611741678513641,-0.009620694084811032,-0.009256315423985417,-0.011784695950563306,-0.012956898154012353,-0.008858252503950781
2011-12-12,0.007575757575757569,-0.014025590492720563,-0.014189580975826233,-0.011518449362025618,-0.013317310845190944,-0.013019778320853437,-0.01171812413883977,-0.013941843192782133,-0.012531705195988008,-0.011656352371569478
2011-12-13,-0.09974937343358392,-0.040603149915236836,-0.03374260966347442,-0.037761874047779864,-0.03454666902559378,-0.03329188022742724,-0.034697881378200734,-0.03481157534375745,-0.03156297161155752,-0.03506177644691222
2011-12-14,-0.05289532293986632,-0.011021819999113891,-0.022491018945094865,-0.01975688644548579,-0.017825304007229703,-0.016952592778728626,-0.019088127790282683,-0.020301550923508715,-0.020357022981027262,-0.01780802374844015
2011-12-15,-0.09994121105232223,-0.018140018698481253,-0.024508326884060017,-0.028241028131928414,-0.027844708171114396,-0.02529864018668826,-0.026545916965455607,-0.026500689051186743,-0.029944276088691546,-0.0342238373209901
2011-12-16,0.02547354670150237,0.040021223446330634,0.027682900957780365,0.026887442172052856,0.02594174575692154,0.02517340338602625,0.024216570020205497,0.02388813760833286,0.026999960492205988,0.019905835546877526
2011-12-19,-0.028025477707006252,0.004450118302541384,0.0006953287425071064,0.0026181296902876294,0.0030196982883594625,0.0009495470194174072,-0.001468234250612932,-0.000929166893462674,0.004755165003607953,0.0014195996921386733
2011-12-20,0.10026212319790284,-0.008710711518479242,-0.005643184691562886,-0.004765140733763995,-0.0029806870760685777,-0.004045681167598292,-0.002355587975340412,-0.0008456324934223991,0.0010410077752127656,-0.0019344717421299062
2011-12-21,-0.008933889219773561,-0.026150764548538485,-0.024174846780954384,-0.024605072143701112,-0.023731667670139678,-0.02250383352989127,-0.023332927623299526,-0.022613742043715357,-0.019652961766096544,-0.02405503780624374
2011-12-22,0.015024038461538547,-0.005577262224837343,-0.016254500816881512,-0.016167954905884296,-0.016396963146266264,-0.015434824658021595,-0.015472038458708481,-0.017165023758433984,-0.00991120120251543,-0.019370115681157762
2011-12-23,-0.021906453522794522,0.014420284180185039,0.008362172808245028,0.008382074527720773,0.007534377891984967,0.0070084412491009385,0.008738365338007537,0.009597534579522948,0.010663739613972378,0.005613365293080763
2011-12-26,0.0,0.0006083510700969352,-0.007299395508091666,-0.00797380513985424,-0.007880113727732119,-0.006878837701362661,-0.005879045453162424,-0.005882752979740724,-0.007192901367019666,-0.0024636845655076067
2011-12-27,-0.09745762711864403,-0.030240599810262503,-0.03015802704573345,-0.026626307701893115,-0.026136036422398923,-0.026791870122823358,-0.02592431958680852,-0.02791177180510296,-0.0260129378453563,-0.02225269071007796
2011-12-28,0.011401743796110031,-0.0009861671016507811,-0.006828887547374873,-0.00843972152484751,-0.008095812549582915,-0.004622826928819546,-0.005527576935071554,-0.006841648744509432,-0.0034218828936254386,-0.004837741063970946
2011-12-29,0.004641909814323553,0.001610155291411175,0.00010604338289210702,0.00034706196506850695,9.996978916548827e-05,0.0005606766942640729,0.0004700583487904364,0.00029513292012550707,0.0017245542255337476,-0.0008567588525815184
2011-12-30,0.007260726072607415,0.018538295653617975,0.017909145591535447,0.017325404615203377,0.01579846579097266,0.014635547333687882,0.017833237662779222,0.015538360183115829,0.01478055467419348,0.01721532130448189
2012-01-04,-0.01572739187418093,-0.02234641435807405,-0.026907823016781185,-0.022659940589297767,-0.022414744103980366,-0.023781557551146526,-0.02446446355405396,-0.02230104256637344,-0.025068669919136033,-0.020273211358832866
2012-01-05,-0.0818908122503329,-0.03728561117345297,-0.03947762659019416,-0.04269908448076987,-0.0385723346791953,-0.0386456339604504,-0.04066941297244653,-0.03758275575761627,-0.03569564571985806,-0.03041707236151059
2012-01-06,0.01232777374909344,0.004056292542476081,0.0054248946594650516,0.0031018680298426915,0.0022240726672271283,0.0042294979732722116,0.003698265995222938,0.0034391940974314306,0.0012441692104574464,0.0056995141095608215
2012-01-09,0.034383954154727725,0.04601095962480217,0.035892690706119,0.03841694855618072,0.0397543957022084,0.038783783048604636,0.03891983026848922,0.04026434494908471,0.03770309901499336,0.037801374587036696
2012-01-10,0.04916897506925211,0.039463214541861635,0.03810127239950378,0.04037179790237455,0.03874366316786837,0.038777513351813564,0.040091421955462225,0.04055859094032166,0.03957201870683957,0.03496769707750502
2012-01-11,0.013201320132013139,0.0005832155281739748,0.000871446529602693,0.00042171989287509426,0.002086248741842045,0.0008682241066555463,0.0020337879527367875,0.0009270599239450394,0.003931427031587997,0.003917118685816012
2012-01-12,0.02931596091205213,0.00012207395120422682,-0.0015999327438026567,-0.0038157181693118103,-0.0023626864665199365,-0.0029623644916432212,-0.001137656672126952,0.0006817010098667531,0.00021963918473777433,0.001977898630087793
2012-01-13,-0.05506329113924047,-0.02631156462770845,-0.03867468709439881,-0.04040462848526882,-0.03506712499939579,-0.03537520698518737,-0.034134943221942105,-0.03285455699018025,-0.0324644124332234,-0.027347611218274448
2012-01-16,-0.08037508372404556,-0.024574849797350362,-0.03547245847067393,-0.031223588433908156,-0.030990016110799767,-0.030790250298143973,-0.030993349823405736,-0.030626339090933596,-0.03287427416550359,-0.025833206312152357
2012-01-17,0.06117989803350321,0.057285043447362405,0.05306787884524944,0.052004903684674364,0.05004182871927498,0.05159279868065192,0.052072047249191344,0.05598920580975819,0.05397682719940189,0.049250855316065545
2012-01-18,-0.027453671928620582,-0.013779711512258541,-0.02536893817307806,-0.020543741751432365,-0.02387580724029481,-0.022211896918938323,-0.020280605652949757,-0.018386854652525653,-0.018992825249010137,-0.017647085411884422
2012-01-19,0.019760056457304165,0.011061667344174131,0.009181675714997395,0.006394071135331636,0.007698239077022828,0.008647758861241694,0.009090243078787807,0.007091807359911995,0.012010117146185495,0.00675337350357319
2012-01-20,0.012456747404844037,0.016122759565277756,0.017087750344886965,0.01395580473146385,0.01405846005654321,0.01306225075660139,0.013091539289379783,0.011599618618989727,0.011682357521419773,0.012015894727057885
2012-01-30,0.004101161995898828,-0.01365437390818336,-0.00567018366946237,-0.0018529422394734096,-0.0056426288892109655,-0.004553077781434767,-0.006424585950412065,-0.005773048136801018,-0.00757426811037043,-0.006974591406537667
2012-01-31,-0.00953029271613337,-0.0005713907169919707,0.000569761907691424,0.002064713054768852,0.001673088368945752,0.002257360325223834,0.0015413040452547655,0.004887939773057903,0.004410724674692723,0.005686289943773737
2012-02-01,0.04398625429553249,-0.008738409622545018,-0.005474387402522707,-0.0058203821373469244,-0.0071217294760616,-0.008165277330484,-0.006755416277188564,-0.007343787711349581,-0.009635918991302339,-0.00370431863652132
2012-02-02,0.0026333113890717463,0.025225247500521686,0.02045692892181883,0.01797966158016573,0.01935632362249784,0.018829184503310392,0.019312917858626655,0.018796125868863145,0.0180368661609025,0.017739873998651845
2012-02-03,0.001969796454366346,0.015419572481142785,0.019427158103347608,0.01852090607456236,0.016627307477876663,0.01736294809065253,0.016368131348918347,0.015027897953306724,0.014183431810396385,0.014389450481525845
2012-02-06,0.01245085190039319,-0.007361132767956469,0.008988254892013048,0.0070258227301402965,0.008217858201792216,0.009490535533206002,0.008639589373859113,0.008927523285018335,0.010795107275410665,0.011264159359886783
2012-02-07,-0.012297734627831791,-0.009136630283227087,-0.015806005200896034,-0.016445938343987554,-0.016902023176583403,-0.016369640622987403,-0.01593540464208587,-0.01818717483575316,-0.018440585275259602,-0.013301293933445368
2012-02-08,0.017038007863696025,0.03236798465554447,0.025691511400523392,0.025914891101725956,0.02591488231015271,0.02516141466818622,0.026912224463000234,0.025279811287647114,0.025204494801658095,0.021179932919852318
2012-02-09,0.05670103092783485,0.019617075289217967,0.006862451066436792,0.00964298125312224,0.007297560441952955,0.0074410181985813395,0.005201826877597071,0.00686347579934532,0.005703187858671077,0.001953362127515401
2012-02-10,-0.022560975609755785,0.012029606428555883,0.00879077100596648,0.006367847982575725,0.008267124552737037,0.0063504716835425246,0.004319268521844055,0.005324439101958456,0.006476669630441689,0.00046017855079694137
2012-02-13,0.00623830318153451,0.009870401875557988,0.010386042750069935,0.010266514910449276,0.011551205300163847,0.009974010363594799,0.008971217519227581,0.010460517095733923,0.010600035729801505,0.008586969688830548
2012-02-14,-0.01673899566026038,-0.0044282078296986604,-0.0007201546207716847,0.0029412406298483518,0.0018394784101951611,-0.0006604372821104043,0.0014423347892331684,0.003991744849640488,0.0014574931803041924,0.006994939538249367
2012-02-15,0.006935687263556201,0.012708437368142755,0.015294845094544707,0.014497474161025536,0.015240245233890448,0.018283844620416545,0.0170274641457413,0.0168253006659429,0.016098382905865405,0.019126396808615498
2012-02-16,-0.005635566687539395,-0.00465517220175804,0.002134399813056742,0.00013031461455503823,0.00037355554065254815,-0.0006535742471855954,0.00013112188168573624,-0.0002623246735609097,0.0018029376367763028,-0.0025899421341639695
2012-02-17,0.02581863979848875,-0.0028985445346889627,-0.0026480860226439917,-0.0012148360986696805,-0.0025491179151473364,-0.0032044460851509138,-0.0044544802119848015,-0.005727983675838266,-0.004551326662765365,-0.003902530054848752
2012-02-20,-0.011663597298956274,0.004408348242476157,0.004569887482086754,0.004769787303445794,0.001968236745665708,0.0005289522392089019,0.003065331481892253,-0.0013456837928405019,-0.0006518984732533095,0.006202271748282584
2012-02-21,0.0031055900621115295,0.01346561308932448,0.009781378820093112,0.012569751788000794,0.011575106659232892,0.011897062360777033,0.01014820892670043,0.011050246707809741,0.01049592206992589,0.005492193922588262
2012-02-22,0.033436532507740147,0.02372623412677055,0.024333445384889796,0.02011544578544533,0.017696427467148945,0.020342275993078918,0.017527233971344147,0.016791234446959402,0.015597807049766432,0.012414818305674258
2012-02-23,-0.010784901138406466,0.007463468168235954,0.002926883425302229,0.0001432667467449189,0.0030615167310317215,0.0019763342607850287,0.0021571300583214104,0.0024948324679452405,0.0033044460860560676,-0.0015254490815990174
2012-02-24,0.013325257419745773,0.015640272476860728,0.013701324026489381,0.014860132028142514,0.012338963385079005,0.012687070886783447,0.01328790070004593,0.012753751850200556,0.01269553522530309,0.011511880755486148
2012-02-27,0.005379557680812885,-0.0007791174384299548,0.002995499362933085,0.00032453898844386764,0.003202406265071067,0.0029374766606924396,0.0004664638144651345,0.002356768836038192,0.0020546792483917553,0.0009881501468882448
2012-02-28,-0.021403091557669507,-0.0036368173047978125,-0.009411718740136132,-0.007837602888456918,-0.00485176873160853,-0.006627656071262922,-0.0063082477838923845,-0.003512077113646539,-0.0016309224635544517,-0.004300625756784582
2012-02-29,0.007290400972053801,-0.022610670228378482,-0.011597865593377166,-0.014674861869913292,-0.010555017741621486,-0.012946869905589242,-0.012567395842931539,-0.00951547288017307,-0.013558712291379393,-0.010708966857109647
2012-03-01,-0.004825090470446436,0.0040616196756937395,0.005889199174877513,0.006583861641148436,0.006654259130327578,0.004837275886878878,0.005335761322045718,0.004715870379925269,0.004415597265975624,0.007096171985744304
2012-03-02,0.020606060606060517,0.02790188210907174,0.02212689908488974,0.02074531047954231,0.019000555613377657,0.018904225293302712,0.017933583127084374,0.017771407711866027,0.018568304854500672,0.014278139243926846
2012-03-05,0.020190023752969077,0.0035129490424032905,0.0008861259772781072,0.003700367999407428,0.0025792508637600964,0.00013597210227755951,0.0022589441055791415,0.0028485374995399493,0.0022541753862879155,0.002782216286452588
2012-03-06,-0.02502910360884747,-0.002460727193774437,-0.004612552104672263,-0.007896001843076594,-0.00844223299403657,-0.008380160762001432,-0.010761599974238645,-0.008785058530508816,-0.010279937065471367,-0.004450822409601485
2012-03-07,-0.01134328358208958,3.705405170428833e-05,-0.003213804130981157,0.0007271421277075252,-0.003713890901498651,-0.005147060476579646,-0.005752408104214957,-0.008607821050197084,-0.006722174725779739,-0.009350115334667786
2012-03-08,0.007246376811594235,0.018667880766213285,0.013577001003610256,0.014025073803439536,0.012622242278739648,0.013799694811057917,0.01394064340409984,0.014590775107194087,0.01271047387831925,0.014145675651503486
2012-03-09,0.011390887290167795,0.01278730095037739,0.014618530597532597,0.012161194176910861,0.012678190720545324,0.013231147863036918,0.013604717640072206,0.01504264532924049,0.015139228186464848,0.017154508640983668
2012-03-12,0.03141671606401908,-0.006503844592236185,0.009964853951481611,0.002722314865477582,0.0074612009692216485,0.004736315570983862,0.0060794283383824865,0.006577610670025047,0.002670642504822851,0.005578791761510882
2012-03-13,-0.005747126436781436,0.005295189689040525,0.007738901265104792,0.010373132014078967,0.007576776730936041,0.009802110665850572,0.010916135755106193,0.008266228336816228,0.007693737261933675,0.00937648149248127
2012-03-14,-0.054335260115606965,-0.04544337784215258,-0.050331245224764065,-0.046564884883072644,-0.04517835093866718,-0.04285141766020806,-0.04572473531300325,-0.04232583097616571,-0.040860613377946886,-0.03916427751262119
2012-03-15,-0.020782396088019572,-0.01684272736097303,-0.012872581621257373,-0.013113718391398854,-0.011897542007708428,-0.011497877163481607,-0.010815442513567919,-0.010087244015880126,-0.01545355211718702,-0.008705899812939455
2012-03-16,0.024968789013732895,0.02936211507294373,0.02455351081979562,0.0247079265156267,0.02427698587540239,0.024989415387578928,0.02515762119147391,0.02445232171712619,0.022692247832067025,0.021745237724959843
2012-03-19,0.0073081607795368875,0.01907243311791662,0.011012705902890607,0.014093908932424792,0.013685509631446768,0.01307606310795495,0.013892299424947518,0.012579823195531636,0.012388645666840059,0.017861586988138
2012-03-20,-0.02962515114873021,-0.02137952150435951,-0.01574286254752022,-0.022348500882551248,-0.020527230089489756,-0.020003662371175568,-0.021507958164472374,-0.020398854789078325,-0.019996895845608487,-0.020018263309155238
2012-03-21,0.0,0.0018403918139910935,0.003583432571200751,0.00097731887094743,0.003144257620731006,0.002564837257287955,0.00430389464306713,0.005729160971863934,0.00607436715015397,0.0007190974777009362
2012-03-22,0.0,0.006567112808365305,-0.0006274155474197407,-0.0009181069267263364,-0.002168147931916775,-0.002873363015913344,-0.0043894086164587565,-0.002779624482690757,-0.0024596896638355847,-0.0034979831989616628
2012-03-23,-0.031152647975077996,-0.023094421513818575,-0.021622311744060596,-0.017832754997054168,-0.017899163338512714,-0.01647063117395442,-0.019212461759349875,-0.017333022982160884,-0.017867256702045475,-0.021023434929351104
2012-03-26,0.030868167202572572,-0.0033337310204403225,0.00031382369236854224,-0.0015005912268767352,-0.0011502528642290955,-0.0016393441479460868,-0.0025016300360222177,0.0007216319195599841,-0.0018238892192892209,0.0006757246808073436
2012-03-27,-0.012476606363069354,-0.005000840761769876,-0.004626722678572559,-0.0031599509598190245,-0.0041164527084027736,-0.002318253048897878,-0.003834454790239694,-0.0012303921075839108,-0.003440827492441345,-0.009928805623732329
2012-03-28,-0.06569804169298799,-0.04473305229520885,-0.04439023911172901,-0.050563199588179675,-0.04259672418039506,-0.04458091881325055,-0.04310782033471461,-0.04254350658081063,-0.044183695574513515,-0.03876648244716063
2012-03-29,-0.027045300878972278,-0.013898141866477198,-0.016679936896105918,-0.01795674158504712,-0.01724305312339225,-0.01696095362594474,-0.017190562731769332,-0.015744160511843797,-0.02063590945046634,-0.01880047095824422
2012-03-30,0.001389854065323437,-4.41460816836825e-05,-0.002274355320300514,-0.003210734734446552,-0.0018123162103098611,-0.004533279142299618,-0.003766089372015391,-0.0023569472512171563,-0.0042815905363388085,-0.0037234826499008555
2012-04-05,0.01804302567661331,0.026388039874489788,0.029358745855216695,0.02978279240560222,0.031147414976245624,0.030031435421658426,0.029404436620843466,0.02879191128599956,0.03056134698082502,0.023178850268755102
2012-04-06,0.0047716428084525475,-0.003136094007318735,0.006987535950556678,0.009791946491742864,0.00836763024461118,0.009776314534924113,0.007086069842671794,0.004751964151857413,0.007566965667238579,0.004475432260879764
2012-04-09,0.002035278154681297,-0.008400834099165144,-0.028238162868706174,-0.01500138413820884,-0.012653182041644895,-0.010085989919446758,-0.013359996638060534,-0.008260116010529561,-0.00832600609262013,-0.013939738441755112
2012-04-10,0.0013540961408260443,0.012701888055618005,0.011408232587330591,0.011937900218271125,0.011322050657667226,0.012092497219136522,0.009386263532984218,0.012959022363632444,0.008021571512502046,0.01149598642149785
2012-04-11,0.0047329276538199405,0.0002110044546188572,0.010391922514104479,0.007969360936774583,0.004012140895894412,0.0005975063214502807,0.005840999416027115,0.006812089021337231,0.0021224504533172706,0.008398519910923996
2012-04-12,0.043068640646029666,0.01650199029478583,0.016788870715272797,0.0141216517609688,0.020537497713531083,0.021482494327223822,0.02090012679883335,0.019179321426890494,0.01880016055149336,0.017579856478680433
2012-04-13,-0.015483870967741953,-0.0011895116448050747,0.005200893783802174,0.0062749371941108745,0.009568012916712165,0.0034524014802432834,0.00945686965017245,0.007503881434709703,0.007815687146335737,0.010324027572140793
2012-04-16,-0.005897771952817932,0.013181524475808004,0.004184989440071618,0.00047849893624762885,0.0014234751566275516,0.0009140730151366849,0.0015619595675089304,0.005309370930463464,-0.002581923688598775,0.0038013991397256586
2012-04-17,0.004614370468029039,-0.015562887654154589,-0.024154756605984318,-0.01429947812218546,-0.018514406381157644,-0.014185652491298661,-0.01469081318828469,-0.012741063422832655,-0.014726528034713304,-0.012498452322630804
2012-04-18,0.011154855643044526,0.023058685403673618,0.022871659216245677,0.020556428476860455,0.021896146067794442,0.019057598233406026,0.02183399643548012,0.020129310472244644,0.020747374495861726,0.019344959625783975
2012-04-19,0.022063595068137598,-0.0013040217606050675,0.0026953073598134925,-0.0005262950811238953,-0.0023167995442340272,-0.0022780145212094594,-0.0019156251012035774,-0.0004594959280137534,-0.001227464480429652,-0.0009112872843923814
2012-04-20,-0.0069841269841270925,0.0165531783126458,0.010146981138269284,0.011687355665782384,0.004761133140374296,0.006515610726876231,0.007809923064603597,0.00747682436032493,0.007568418062287918,0.005477318795946262
2012-04-23,-0.05754475703324813,-0.01996268634826448,-0.019580610554584377,-0.01578247314753156,-0.015384022183077883,-0.013258448155681002,-0.013241440300096108,-0.01600986007691718,-0.012241791502386912,-0.011376880787786536
2012-04-24,-0.010176390773405819,-0.01745202624024056,-0.013332561331569681,-0.015989597494370344,-0.0075543544072455004,-0.011394519301841433,-0.012101067301599544,-0.0031665922855633744,-0.011331571007312968,-0.011417094634198821
2012-04-25,0.00753941055517493,0.004611917628982942,0.01714421665390664,0.009101381169332123,0.014697510318166795,0.011380633057253453,0.01626534611157182,0.016226452686262993,0.010885000711184922,0.013160464321994025
2012-04-26,0.004081632653061051,0.002183207272586918,-0.0038668173794164096,-0.0042289988118202615,-0.007819831998014615,-0.0028062185037551757,-0.0029809836227919773,-0.008962517822958316,-0.0009990466721711,-0.006059354038660203
2012-04-27,0.002032520325203402,-0.008960547597739343,-0.006711985675958876,-0.006218035797505128,-0.011262688549224187,-0.0051933852505074984,-0.011168136357410874,-0.00846346690565003,-0.006597999071006333,-0.007376909627205164
2012-05-02,0.012846517917511902,0.01505697174867593,0.007306110027483825,0.009017036185447802,0.009884441616483386,0.011656279170570105,0.008489761956087083,0.011538827703322374,0.0041393275994792145,0.00932045043874985
2012-05-03,0.014018691588784993,0.007102369697820965,0.0010738576218420892,-0.003564075449776438,0.003306773061544588,0.0030850467879803833,0.004821180721819696,0.0005185412529700173,0.0036283332993236606,0.0044130264185797685
2012-05-04,0.003298755186721962,0.0005014339648522536,0.0010256243258770729,0.0015286473544816508,0.0018569065719083473,0.0021862149026606655,0.004921600301601821,-0.0014024363661666482,0.0055665759565495,0.006112900402682539
2012-05-07,0.015089163237311354,0.010944533600189432,0.01108190113783647,0.006858246541624036,0.009774359651818054,0.006849733018859272,0.00782162671116815,0.00417912752127525,0.002944897214763653,0.00875076162774735
2012-05-08,0.008108108108108025,0.007352748367059014,0.00401286764610842,0.003942141610261851,0.002127821388244966,-0.0020960207788431884,-0.0038121162592053004,0.001361700554013634,0.0026007588494620926,0.010507043207042877
2012-05-09,-0.02278820375335111,-0.016851942910159123,-0.017048431148781518,-0.015215899037951064,-0.018064951953486452,-0.01803483996052413,-0.018218775847291147,-0.016319742685544925,-0.014394801960064041,-0.013749197586651607
2012-05-10,0.0,0.0005428119520096697,0.0037396916513841028,-0.002114874562051172,0.00340692967942835,0.0017224877479227185,0.0031374994509763,0.004338276060891877,0.0011409328664160334,0.003597691504267031
2012-05-11,0.004115226337448652,-0.018707381336205864,-0.010063122095361976,-0.010123470703672366,-0.007616960215329427,-0.005927168247641501,-0.007356014267707378,-0.0062267734862848645,-0.01602281027890662,0.0024261737486910295
2012-05-14,-0.0095628415300546,-0.0005145107685343708,-0.0034559677846465187,-0.0034614420082145214,-0.004531720400296924,-0.0015087875065465939,-0.004482505259214009,-0.0014911866589308875,-0.005433657031553074,0.004505296992978414
2012-05-15,-0.008275862068965467,-0.011110210391398034,-0.009196960086152117,-0.01050166914187567,-0.004129301917481842,-0.0033216485104633486,-0.002460571648283727,-0.003093835830351166,0.003166710325598343,0.0003990258804351665
2012-05-16,-0.02364394993045904,-0.005116006008721308,-0.014916502386010833,-0.012316658858284146,-0.012009673120995545,-0.014161625946089273,-0.013872635836300162,-0.012951987455294356,-0.014572952874993383,-0.013880673718636438
2012-05-17,0.01566951566951591,0.01602079539644108,0.01121020940099271,0.0157479500791875,0.009580739424039919,0.010595041861373389,0.013895170056865469,0.010489110097207544,0.013927289519213293,0.01695489433247621
2012-05-18,-0.011220196353436296,-0.020868787502924202,-0.01755197502439587,-0.01342680316910938,-0.01533302771280387,-0.016372978035188335,-0.013755503485261111,-0.01597135969985941,-0.015794595845594395,-0.010328636471997332
2012-05-21,-0.01134751773049647,-0.010863894039198962,-0.006889875573003246,-0.0062827020987921145,-0.005043921159594733,-0.0045456685801983365,-0.0023028445390467223,-0.004639309073908082,-0.007090155298554945,-0.0004224638547243309
2012-05-22,0.0057388809182210565,0.008357246022655085,0.011162696594773758,0.010260533831944363,0.012312551550154538,0.010559265582987365,0.011669216669430549,0.006616278668582831,0.014592397415699176,0.0194171530529188
2012-05-23,-0.015691868758915928,-8.413791879036125e-05,-0.004138841433503737,-0.004668319008001909,-0.004411374350640873,-0.004142246069560485,-0.004136366385063206,-0.003719126580457033,-0.0006608256454030403,-0.005130589972660249
2012-05-24,-0.008695652173913104,-0.004240609218912894,-0.005944300163303828,-0.011416548845827434,-0.005315639842009667,-0.007641419892248091,-0.010143675485377979,-0.006746253506779931,-0.010140521951796377,-0.005422522073334823
2012-05-25,-0.016081871345029253,-0.01940792225324739,-0.014591368711987629,-0.012689110853487118,-0.012727873348935215,-0.01186538986283936,-0.014949078604991617,-0.011584034507915342,-0.012902330338447565,-0.01660636356501033
2012-05-28,0.0,0.010629391859473758,0.012788081560749287,0.012418542144210454,0.012405349490645312,0.010681170752198321,0.009759130129802562,0.007666827520109054,0.014706004439636322,0.016930584393689108
2012-05-29,0.026745913818722267,0.018253232749072534,0.012001326474904372,0.012683148715140646,0.009108631300671854,0.01392502551446384,0.015108862721349148,0.014331192539429383,0.012835754339571848,0.019375458081920094
2012-05-30,0.00868306801736618,-0.0037560707925576864,0.0010503045912806375,0.0015919078920565433,0.002819918275202893,0.0030049062904784485,0.0004344203827197912,-0.0011673512961141164,-0.0019075580721458207,-0.0007728654522511924
2012-05-31,0.002869440459110306,-0.003641844167814101,0.0050086311988502,-0.00038488668514735647,0.0012800127220820023,-0.001409098036854295,-0.0004225846387239107,0.001002592180374462,0.00048205701186843086,-0.0011153835536817924
2012-06-01,-0.012875536480686622,-0.0030383184075962744,-0.0027891297682712812,-0.006648989444987818,-0.0021239176060299236,-0.005438542496866039,-0.0013329253026610477,0.0013920283705868286,-0.006189056771412571,-0.005457910290788015
2012-06-04,-0.04347826086956519,-0.042003132688742895,-0.03517126618841193,-0.035003656242639125,-0.03442545672616448,-0.032129931394391686,-0.035128887240730045,-0.03428250353155693,-0.03407740665034331,-0.01961188899551547
2012-06-05,-0.003030303030302939,-0.009177146178534157,-0.0038316884347985303,-4.0802847154797206e-05,-0.0008698004922055302,0.00017742186590341547,-0.0018747617312443454,-0.00614045116786377,-0.0026638699647447694,-0.006467129066040966
2012-06-06,-0.006079027355623157,-0.0017311387276330858,-0.004733846525881491,-0.002189525370621115,-0.003995917651769876,-0.006392450719488241,-0.002417938361337635,-0.0033658630823442115,-0.002729775459165862,-0.0024322001948345884
2012-06-07,-0.013761467889908396,-0.005651894921421485,-0.008877219408690906,-0.005404725077209238,-0.004707209101067034,-0.005419517310688127,-0.004697461386461876,-0.0023684049936814056,-0.003987649916710412,-0.007332472171995286
2012-06-08,0.0031007751937985883,-0.005081494109830054,-0.005871242376772723,-0.0028465113597339053,-0.006059106203504361,-0.00804231530542765,-0.0029715989159353473,-0.007895487499899989,-0.004284060957097435,-0.003884433609206761
2012-06-11,0.01700154559505407,0.026829883118484554,0.020115198144360136,0.0161935211681008,0.014202738865518372,0.014814060090329484,0.015397156274120416,0.014253351604302855,0.015634549384607066,0.01635332613924101
2012-06-12,-0.009118541033434568,-0.008936910652934893,-0.003233118341533725,-0.005058571000607914,-0.010635861220556375,-0.005260452171937602,-0.009095255622965093,-0.00975912611598495,-0.010137523137277005,-0.00675479564176007
2012-06-13,0.018404907975460016,0.018353735980920494,0.011945727673599915,0.01653112706976101,0.0180105477452126,0.017650717130224924,0.017373398168203824,0.015267000435586597,0.015876483551508613,0.02016514738966313
2012-06-14,-0.009036144578313143,-0.00970703083184088,-0.00769754493849284,-0.007727218267633562,-0.00622587857363921,-0.005797657957534397,-0.004300551223828775,-0.007208989809879496,-0.00242143332625544,-0.010067874101988172
2012-06-15,-0.013677811550151908,-0.0027405623846959992,0.0010786052050004713,-0.0014768472374008246,0.0010426889204537826,0.002730364992854062,0.002294439545568183,0.0014343871379356443,-0.0021301844574572737,0.0008201803093710325
2012-06-18,0.018489984591679498,0.012930991374978662,0.008207236016340547,0.00923578862075125,0.009502542916297152,0.008177472325329171,0.009655203718796246,0.009161082344545157,0.0007096209427606137,0.00905524275576619
2012-06-19,-1.1102230246251565e-16,-0.006759149965926858,-0.0056364733224956165,-0.007412641646306062,-0.007108150122130619,-0.0052891574421319865,-0.005502419146854121,-0.006782179093063667,-0.007536041678586569,-0.010243124307270035
2012-06-20,-0.0030257186081693588,-0.003528787034069558,-0.000651889329806643,-0.003000553307637266,-0.004775629951197069,-0.0034718633392777365,-0.0025882198264248757,-0.003336549506793074,0.0005105358340811161,-0.0018140791092473574
2012-06-21,-0.0273141122913505,-0.01788044483646034,-0.01648921624464683,-0.014144794861184695,-0.015397997463959867,-0.015552858061502306,-0.01319229325036908,-0.0132046760486082,-0.012088177786605425,-0.01673327577091477
2012-06-25,-0.043681747269890825,-0.026920130898702488,-0.025187809577629228,-0.02584571735341956,-0.025554352400406266,-0.02705503856348812,-0.02216459067790033,-0.02738276235599102,-0.026663516157768075,-0.024670354990498966
2012-06-26,0.0032626427406199365,0.003110182173824416,-0.0017036805638993568,-0.002824988216083013,9.368381574370588e-05,-0.00224938925890239,-0.0010335693223509912,-0.0007082139162541967,-0.0007500990599293988,-0.002460388240520084
2012-06-27,0.0,-0.002571762297808089,-0.0027932354637085766,-0.003850605937103291,-0.0017803271198363335,-0.004984323631510024,-0.0021405191244363575,-0.0034264537599068,-0.00039138295897733766,-0.00047188925181129715
2012-06-28,-0.042276422764227495,-0.01785921961242709,-0.014576075768606755,-0.014549569183030409,-0.01577599269583707,-0.012621812251212838,-0.012107968575871375,-0.011022663163056001,-0.017769706056649404,-0.011639060175677507
2012-06-29,0.02037351443123936,0.015092613930976828,0.013631037135414692,0.010944454992949826,0.011977310286639398,0.010362881339987862,0.009047263281046769,0.011357997541457943,0.011260090466003847,0.015511836573932625
2012-07-02,0.006655574043261225,0.016470724750757393,0.007014605998778789,0.0073989896222041995,0.009111316854613971,0.01083499254902831,0.011766842319168136,0.010587828323216142,0.007904187928020612,0.008273730898629372
2012-07-03,-0.0049586776859504855,0.006538080400700252,0.005604457833176202,0.004722150552353144,0.0020041742636640603,0.0014030294590092751,0.003136880203045145,0.0011379966305231637,0.0026862871731294646,-0.0020762039538634314
2012-07-04,0.00830564784053145,-0.004261068124800205,-0.005716081228132386,-0.004625982377651328,-0.003953512071078635,-0.004161732194598922,-0.0030463419144814985,-0.0021132574785872604,-0.004957649559639399,-0.0002680857971651962
2012-07-05,-0.018121911037891292,-0.021559045721928016,-0.027812370676928766,-0.022153069873232956,-0.023570684945458997,-0.023843346371223317,-0.02233470813387095,-0.017402073768512105,-0.025301195574499946,-0.02220287486086303
2012-07-06,0.02684563758389258,0.016043284417500026,0.01841284086495354,0.017269495042227634,0.01379194545703899,0.02066317038107801,0.020166731619082112,0.014204790104443532,0.016608741470240718,0.013194919278560313
2012-07-09,0.016339869281045694,-0.029076975384144,-0.028288485021056298,-0.026169625136363006,-0.024945150210940237,-0.02492119818258176,-0.022975691097198436,-0.019083331508304213,-0.026123997236095486,-0.022735273545964052
2012-07-10,-0.036977491961414755,-0.009171910460470722,-0.009274579688974938,-0.01055329523297377,-0.010535557072702706,-0.007766179067834944,-0.01094578281741132,-0.00917769080572306,-0.005292284161077188,-0.007758892303699749
2012-07-11,0.0033388981636059967,0.007699630131331903,0.009230271541011081,0.00812861757658645,0.008152538418741528,0.00792922197817858,0.006034708003762379,0.01024646837162324,0.010139055436628075,0.008704591292368669
2012-07-12,0.004991680532445919,0.013512665261844026,0.011124948437018611,0.013040764168323227,0.011302916587485168,0.011086578623862975,0.016107067480399806,0.011410318486002602,0.008788918073137975,0.008657841775465913
2012-07-13,-0.011589403973509937,-0.011620598341218757,-0.010214814371427572,-0.009372576362412954,-0.008262064445864858,-0.005006388998430866,-0.0047252160336063165,-0.00269440563450718,-0.0012054686479776588,-0.003532842790749502
2012-07-16,-0.07035175879396993,-0.046921982113007576,-0.044264112997935756,-0.04297788279269843,-0.039812763195270384,-0.03933107200636543,-0.03335974047942081,-0.03427145559264466,-0.03158976117572099,-0.03697339408365219
2012-07-17,0.00540540540540535,0.007684795508799747,0.008387530903239737,0.006307917072172264,0.0071937043417371616,0.005397573051496574,0.0062898401606785725,0.006855235082733779,0.006241491689327194,0.006551392540342427
2012-07-18,0.017921146953404854,0.012073679282455396,0.0050488741104353085,0.005548390184088259,0.008353862887453323,0.00814501195072359,0.009027462058873947,0.00597932116234734,0.007437232435629104,0.009096171790130336
2012-07-19,0.012323943661971981,0.016867407518474486,0.012277668891789162,0.011776675360716915,0.013776644170931052,0.012103193466692641,0.010663765424006932,0.010343044950893887,0.011215477766276294,0.012670238876546502
2012-07-20,-0.00521739130434784,-0.005980574511667891,-0.00296432574212957,-0.006068452046932626,-0.007989778293607253,-0.0035773858140244474,-0.00526091624113556,-0.002768746024005342,-0.0063520609224573255,-0.0018222536796994593
2012-07-23,-0.01748251748251739,-0.006793485924876497,-0.00912285353506348,-0.011091895802765372,-0.007224880245839893,-0.011792617718755838,-0.00886258486338276,-0.008118579959560668,-0.009439096896167065,-0.013678066768933683
2012-07-24,0.005338078291815096,0.011827852108958092,0.008620402825776807,0.008669948879342693,0.007436797322542876,0.007352128066016261,0.006079888541952849,0.007486393917500278,0.005166841012595125,0.004918902409445591
2012-07-25,-0.0070796460176992815,-0.009402704656607308,-0.00864579086285533,-0.005894429957601255,-0.0069721897349339645,-0.009235494463325722,-0.0076215022772330165,-0.007431630803761524,-0.009627254670396046,-0.00944298927616849
2012-07-26,-0.0053475935828875,-0.010762798093339798,-0.0076807001874513725,-0.010661151973028749,-0.009637255557402358,-0.007897667728319568,-0.006802645713743671,-0.009140889245718653,-0.012253593264032081,-0.010717714557586189
2012-07-27,0.0017921146953405742,-0.006422164635574434,-0.005281780956148063,-0.003942521527630083,-0.00607436965108854,-0.00434586507254231,-0.005019213434163006,-0.008331530391516129,-0.008341013141326847,-0.001039521002512367
2012-07-30,-0.06976744186046502,-0.027646567862868787,-0.023907393317162184,-0.021542561318097952,-0.024273849885217635,-0.019831817170243626,-0.022478991657167158,-0.022920424880921053,-0.02161111668565252,-0.027658126297389063
2012-07-31,-0.038461538461538436,-0.02151145147523814,-0.021761270474836225,-0.019020425205204083,-0.016227074804341268,-0.0182063885927074,-0.016089129566417282,-0.015159544824440707,-0.020084429045530205,-0.015401329773556571
2012-08-01,0.04800000000000004,0.018506014419470862,0.015762706017111272,0.012610947407367235,0.01396182234378962,0.014991870535763452,0.01303373698528043,0.015527630522951918,0.01573163910325892,0.013961348067803803
2012-08-02,0.007633587786259444,-0.004641719365626296,-0.010110256921068705,-0.009559166832051491,-0.006294862326020723,-0.004221112057923526,-0.004821069206697559,-0.002701194223385106,-0.006893783342452053,-0.0017788104997403797
2012-08-03,0.0,0.02220045371145085,0.023419644466776024,0.02023440628580153,0.01866458777388602,0.019507819149569672,0.01808318897821093,0.01856505551336607,0.021595134731913657,0.02152347132088761
2012-08-06,0.017045454545454586,0.02613179980945035,0.02307824704814765,0.023693627330501954,0.02214859601525565,0.02304583099434221,0.02200775921524567,0.021657530275201564,0.023126675658305285,0.023835297843439296
2012-08-07,0.01862197392923637,0.01212973881613899,0.010179005060916069,0.012112316351092556,0.009169588398650008,0.009619395486093696,0.007900932991205867,0.010261951515510015,0.01181310011648784,0.010867567602715233
2012-08-08,-0.012797074954296161,-0.0035024902738450825,0.0002572980454729201,-0.0031978921413228223,-0.0015791202756970657,-0.004350018693039415,-0.0019400216285681005,-0.0033654216473413268,-0.0025713426387564686,-0.0037713424431543574
2012-08-09,0.011111111111111294,0.015573335211189754,0.012186572753612346,0.013676550146173971,0.01235308448589878,0.014581751537898091,0.013406857270746642,0.014268760603962205,0.013936327238692314,0.013980288936007668
2012-08-10,0.03663003663003672,-0.001345552289113483,-0.003232540095097436,0.0006469419986745439,0.0007051563871802724,-0.001039689288995116,-0.0007049601706018427,-0.0008634671736640342,-0.007442643105204927,-0.002483309764025332
2012-08-13,-0.04770318021201425,-0.018854787931478878,-0.022204656614792873,-0.021635498244520157,-0.02089443272074243,-0.019377898728421772,-0.01790422971031691,-0.0167584720246432,-0.016579751744617233,-0.015430284716455023
2012-08-14,0.0018552875695734272,0.011380285736376505,0.00957345528160869,0.012369343015711909,0.010037169760067188,0.008991585935132385,0.0049597443025564125,0.007510660657297885,0.01079142375725839,0.006444040687489272
2012-08-15,-0.020370370370370483,-0.015314567082505337,-0.00664275647828072,-0.009097313101865012,-0.010373588777615073,-0.009290716709483449,-0.008585779876002175,-0.008888455360107628,-0.005308399773561123,-0.013094656897580825
2012-08-16,-0.009451795841209809,-0.010422874640036661,-0.006322969378634746,-0.0038496297718789707,-0.008834538935314273,-0.006455321517329415,-0.00661653773045956,-0.008875529227281964,-0.00829143631878293,-0.0025253860331219125
2012-08-17,0.0,-0.0006546932865215682,0.003037848506046714,0.0022613240311388783,0.00176177966001978,0.0003593652525888391,-0.00034894888904746235,0.0002766956692832334,-0.0005286527320935708,0.001345345108240581
2012-08-20,0.01717557251908386,0.004343286208113639,0.004465410413792004,0.0030926903034980135,0.0024341151423512564,0.004273760694881723,0.003968196058306672,0.001297790106811414,0.0025201244414665425,0.002884545380151371
2012-08-21,0.0056285178236397115,0.013420605192876911,0.015185203341673947,0.016271520154406582,0.015932702499166673,0.014344603837501468,0.01617631824963106,0.014439801295416554,0.015146641828312601,0.012390884424925641
2012-08-22,-0.005597014925373234,-0.005098636854406924,-0.0026917765433877028,-0.005188449744734425,-0.0069890300100794445,-0.004902331652817504,-0.006040990363462728,-0.008201991433433586,-0.005695356754651937,0.0007697876316219432
2012-08-23,0.018761726078799112,0.009941481321336765,0.013876628918089162,0.00934621759121379,0.00666325995908168,0.006984433127368739,0.006401443883536917,0.0050477306393554855,0.0033090607909911363,0.014336799270792566
2012-08-24,0.009208103130755152,-0.019640225542911338,-0.021913611377278097,-0.02040820603830562,-0.018577055447022706,-0.020018356532013226,-0.021685730161629557,-0.018838346515357096,-0.019293047830536425,-0.024348759877223514
2012-08-27,-0.058394160583941646,-0.02653764420850757,-0.023996072817848324,-0.02056081665129139,-0.02028082858036373,-0.01944346553241405,-0.021423888007368386,-0.02178140880276125,-0.02084698968381027,-0.02637280391822583
2012-08-28,0.009689922480620172,0.01088143089520921,0.006287034777842315,0.006707503276944804,0.005683963676702319,0.00627155407283797,0.006365140869817099,0.003844520470205781,0.0075549685777114295,0.003909340693981855
2012-08-29,-0.0019193857965450478,-0.0032119111846311554,0.0003688469168052766,-0.002491790368933211,-0.0009013100731261048,-0.006065123475913925,-0.0058373327299636735,-0.006891546873664556,-0.004897001664225464,-0.0015272133147266054
2012-08-30,-0.015384615384615441,-0.024642060370145713,-0.017353347358767257,-0.01562031166278266,-0.014553060887402491,-0.018954723898410464,-0.01624129831619625,-0.016307219648336924,-0.014575753842722805,-0.016131043740950313
2012-08-31,-0.005859375,0.006365520335100294,0.003244247695303848,0.005069570460498163,0.004576491992647425,0.0043794427817935855,0.0028447228045549444,0.004618614271048038,0.009550557673718485,0.008346152207732604
2012-09-03,0.033398821218074914,0.017636442372492622,0.018708540481692015,0.015191688340199239,0.01649145432063337,0.01569166371892372,0.014617900666066497,0.016531581683627783,0.01662435460087175,0.014204472332877582
2012-09-04,-0.02281368821292795,-0.006843317001268279,-0.005692608871126104,-0.008046353148478458,-0.0073352917642495186,-0.010291794260986031,-0.007474152200948048,-0.00883654503602993,-0.008818704697641011,-0.010276449483780481
2012-09-05,0.03696498054474717,0.009850541968900561,0.008056623140765273,0.007854378515720128,0.007404679627457167,0.005255439837799747,0.005013153116198099,0.005969543892822671,0.005244699490830396,0.006172089837203298
2012-09-06,0.018761726078799112,0.01006503367152134,0.01200596997856418,0.01201304184065033,0.009996627133822322,0.009824232513090836,0.009415224894884,0.00884601564031584,0.011213437855103203,0.004867099586099988
2012-09-07,0.03130755064456725,0.034040988635615,0.034038984632813296,0.03268494792966581,0.033205537347981595,0.03439285032122408,0.03303512519219565,0.03329862961137553,0.0326904900473044,0.030490160972434843
2012-09-10,0.0035714285714285587,0.020438273589476585,0.007488731843974028,0.007904760362362984,0.010996269879371523,0.008305386506717305,0.005308417422039913,0.009869478902325701,0.009853893799134594,0.008048386142307296
2012-09-11,-0.016014234875444955,0.0005794385647452938,-0.0007677790430526965,-0.0012021489345165337,-0.0020115730086411876,-0.0027054467575868824,-0.0037504237330571177,-0.0025625251867620324,-0.004528273266339533,-0.0023409330781573034
2012-09-12,0.005424954792043524,0.009829767687515645,0.007317747635370964,0.005752230653545354,0.006928011038569437,0.008867397071190775,0.00593013910628426,0.0059370015516038155,0.008265548710277626,0.010714604786846271
2012-09-13,-0.02158273381294984,-0.01612449534092697,-0.014222798126193315,-0.013156345239012435,-0.013294543363191025,-0.01564524699578662,-0.01398903334010737,-0.013449597274575398,-0.01394698068779976,-0.015477919487839165
2012-09-14,0.005514705882353033,4.2285695662558354e-05,0.0019403183262662882,0.0008677754185697495,-0.0006290823771581966,0.000728790112748845,-4.353295684789149e-05,0.0017560430843799324,0.004159025471393907,0.0066344680750887175
2012-09-17,-0.034734917733089454,-0.03208085197720423,-0.03034002644183198,-0.02956186615914924,-0.02902703016639241,-0.028187573495993656,-0.026029614184313155,-0.028929289748847897,-0.02593999347248177,-0.01851965812225309
2012-09-18,-0.009469696969697128,-0.00686546570133606,-0.002989307440618205,-0.002456837354895325,-0.005395762528239478,-0.0030213136388278494,-0.005742278548236501,-0.004067604241478118,-0.0004307249134923863,-0.0017405928272612448
2012-09-19,0.024856596558317623,0.01325698447956225,0.009380849026188631,0.009123013697509341,0.00965988385379335,0.010909383252546201,0.007007397407991833,0.011025300435612229,0.008882633055881328,0.005235782989126525
2012-09-20,-0.03917910447761208,-0.03788177211857047,-0.03198925262949215,-0.031096885144652364,-0.03210139030780834,-0.030212763856951375,-0.03184879787380368,-0.03113111896661691,-0.032314470492965985,-0.024973662631801563
2012-09-21,-0.005825242718446533,-0.01221696549734963,-0.009887002575345694,-0.008043580506369663,-0.007454734301105881,-0.007832176875610442,-0.005050818246155497,-0.001938335781328293,-0.003934794994146951,-0.0014846166442593622
2012-09-24,0.0078125,0.008785401075068311,0.006275623151895893,0.005275423643410493,0.006155672281303426,0.007067309464276361,0.004881863736004188,0.0058790097755887505,0.007020084622302747,0.00692502428683639
2012-09-25,-0.009689922480620172,-0.006894862294685389,-0.009241440168537451,-0.011463941986926351,-0.007880947080129319,-0.0068571946559606856,-0.00689340010756101,-0.006250609269195073,-0.0039251167036654655,-0.005884041429746079
2012-09-26,-0.02544031311154593,-0.02831896969334813,-0.02647067908812284,-0.025612171067467715,-0.022802754324314112,-0.023486687558524122,-0.024599256199838826,-0.02202735890469032,-0.02463806359483045,-0.02389114588168373
2012-09-27,0.02008032128514059,0.01893174303104228,0.02284976070597078,0.02203220206203982,0.019454047089846993,0.02309166541752461,0.019237134423143232,0.02224547669907162,0.02093081978427591,0.019564848257467737
2012-09-28,0.023622047244094446,0.014652357091329282,0.01809095116654791,0.018993530095001487,0.016797574674192406,0.015241366183947447,0.017488172917887068,0.015114553944207021,0.01805715379056272,0.019135312702287077
2012-10-08,-0.007692307692307665,0.004884780297851554,-0.0004373900610102899,0.0007166310506925289,-0.0012564251735484033,-0.0010694999330144173,-0.0024034133354368103,-0.0019186967740951744,-0.0023023961446290153,-0.00028836987542535386
2012-10-09,0.029069767441860295,0.030938150952239507,0.027106264240043254,0.02613239216427643,0.027543795809433114,0.02648209722520134,0.024360950141184334,0.02551617997794109,0.02422539209303487,0.02244192363339792
2012-10-10,0.015065913370998274,0.014751269404478462,0.012412476555687224,0.012295197609651476,0.009396199465103727,0.012320302872988131,0.008744795793602655,0.009894555596090981,0.006845939452579497,0.009417356432783741
2012-10-11,-0.025974025974025983,-0.01749930519868892,-0.01781651296946074,-0.015369991811545858,-0.017093260508837305,-0.014966697850030353,-0.013378132617733796,-0.011978961683132283,-0.017991888725795824,-0.011014322535779497
2012-10-12,-0.003809523809523929,0.004535165389281559,0.0011207973128792847,-0.0014326061102380994,-0.0010280804452542647,-0.0011059267591539967,-0.0015380057122149626,0.0006928346997949753,-0.0016023769061571658,0.002866602159038001
2012-10-15,-0.003824091778202643,-0.009038831136902958,-0.00992111173230037,-0.008963483067381706,-0.0076998852912870674,-0.004649443552209642,-0.006642018438159369,-0.005021073857478964,-0.002416359829236936,-0.008891004351582854
2012-10-16,0.0019193857965451588,-0.0027041872217840046,0.003989533315706062,0.0017955496556765205,0.0002911851831008949,0.0036964195215805074,0.0025646279808810846,0.004543857197953027,0.005573860766415084,-0.005496868570821656
2012-10-17,0.03831417624521083,0.008280777198940159,0.004544314495792623,0.0014775834450373448,0.0022794305675053472,0.0016117868799323531,0.0011785986631562828,0.004781465679960961,0.002474775057913714,-0.0017254077071354734
2012-10-18,0.011070110701106861,0.018210760320513275,0.015687887659953326,0.017947202669812423,0.015365934324329089,0.015135742665046248,0.015591891248011747,0.01443271080148456,0.0180358531011362,0.011587187475392557
2012-10-19,2.220446049250313e-16,-0.00574111169467606,-0.0020757332136061013,-0.0015689644420282534,-0.0016734363907034977,-0.001912482034917562,-0.0004649629958541901,-0.0029607584109729856,-0.002535375095174097,-0.003664408213210124
2012-10-22,-0.005474452554744547,0.0034561059607591815,0.007642021369549168,0.007157285816924208,0.003324795286062665,0.0057334980755514575,0.004293383146870333,0.003062388678755301,0.0021668478097081056,0.00988694745300811
2012-10-23,-0.014678899082568697,-0.005952667833527769,-0.008741830993666988,-0.007509524134649004,-0.009547947975087623,-0.009375398899490572,-0.009219674153739033,-0.008787576472669256,-0.018254914054872007,-0.009556301313498383
2012-10-24,0.0,-0.0006069811291855576,0.0007206798159855587,0.0006562715411877473,-0.001661182186893262,0.0005286000281046199,-0.0010730181881977163,0.0005005988907542669,-0.0007485862188030268,0.0005660713831108222
2012-10-25,0.05214152700186214,-0.0087131667350141,-0.012189184951178711,-0.013132211609829136,-0.008971171697263136,-0.010317160546955417,-0.009886887517418508,-0.010675780812180014,-0.01035311121062632,-0.013131124984509635
2012-10-26,-0.07964601769911506,-0.023946328717139642,-0.024620920423183645,-0.025134271882381154,-0.021646788454682264,-0.023708755023134187,-0.016448494546354997,-0.020469028817080126,-0.018687472410762296,-0.022243468810564604
2012-10-29,0.013461538461538414,-0.002058708756670913,-0.00045047465416536703,-0.0004595427357861892,-0.0027784641717832903,-0.002558177405219908,-0.0025075462185810693,-0.0020581830744262897,-0.0011727545937904038,-0.0017730617899012202
2012-10-30,-0.015180265654648917,0.0022296622528525933,0.002929241567112051,6.911239273299508e-05,-0.0011546649522196084,0.0008980668372706724,0.0007779126285594185,0.00024265689682057,0.0019156270600395597,-0.001258867780052908
2012-10-31,0.0038535645472059787,0.005522977377591998,0.0034097903518597317,0.004293417144667355,0.0034742601050368194,0.004677824102905737,0.004421668283096203,0.0022743966286782324,0.001198829594563966,0.0040292941472424015
2012-11-01,0.017274472168905985,0.01634734765572876,0.018888636174539064,0.0174864143405149,0.01641900932558049,0.01668788195552584,0.016854158969523025,0.015019890480289622,0.017496590290086766,0.013741759962908162
2012-11-02,-0.0018867924528302993,-0.002669878448525731,0.005748497985726075,0.004076800270118808,0.004263790265162104,0.0054976961716011186,0.0051893897402768285,0.004484854911479763,0.00587597560724884,0.0008646585393161654
2012-11-05,-0.007561436672967825,-0.0022565743987015274,-0.004343030938927184,-0.0021185543458296374,-0.0031373946023416366,0.0006263186316564084,-0.0017960472808137284,-0.002681968777990651,-0.0043445722655279795,0.0026010914840803867
2012-11-06,0.024761904761904985,-0.003715058839729779,-0.006485018682734989,-0.008084636131747924,-0.005160357576044272,-0.008168161903062243,-0.007998606601601566,-0.006140964046393749,-0.010036620935074292,-0.004602589368099319
2012-11-07,0.014869888475836257,-0.0016003866225091645,-0.0004416023006430514,-0.001989534437478624,-0.00021410335510274603,-0.0006081960815124132,-0.002135688743738151,0.0001543153124954344,-0.003553348099568976,0.0027102091523520944
2012-11-08,-0.02197802197802201,-0.03199769984671452,-0.026842648186894635,-0.02538747488938542,-0.026721845567904245,-0.022624523176876687,-0.021540745633930714,-0.02278898278664343,-0.023797993325177846,-0.022109991514301264
2012-11-09,-0.014981273408239515,9.433405240599768e-05,-0.0009380119434603262,-0.0015954924578558405,-0.0025022605938694875,-0.0017562867840186236,-0.002898984276990646,-0.0008833862715527108,-0.001485638256352173,0.0005304772706411498
2012-11-12,0.028517110266159662,0.00911406120249958,0.011849108446788215,0.007354558381518439,0.008644012689329683,0.00681967958768781,0.006278229859306039,0.005624285361279124,0.0035605692609794737,0.0008158932429060961
2012-11-13,-0.005545286506469682,-0.02291885613108413,-0.02018386878954248,-0.02204758342584423,-0.020184921839483616,-0.01894797354802069,-0.020318553421390106,-0.01676168017416879,-0.01934526443275686,-0.018875202503670807
2012-11-14,0.013011152416356975,0.006012547401234025,0.00017408128786322585,0.0015416389623175153,0.0018862646898056834,0.0015782970131212881,0.0028243624583064175,0.0009249395859325382,-0.002687611517584121,0.003053165257614232
2012-11-15,-0.022018348623853323,-0.01813425596742957,-0.01763477321617113,-0.016405540371581595,-0.019325533491981406,-0.016660003799421452,-0.017206185344823988,-0.01863227076195395,-0.020416529231198743,-0.01543443604122574
2012-11-16,-0.04315196998123838,-0.001533324016263382,-0.006507790562500504,-0.005773830040429195,-0.007401902363033508,-0.005879552728547344,-0.0064827464112440225,-0.010403817482998123,-0.00833073787648786,-0.006675785673289636
2012-11-19,0.0019607843137257053,0.006090867677188694,0.005860864793992837,0.0060318374077661385,0.00435731915197568,0.00431110335335827,0.0036917710054389374,0.0034492375736225878,0.003843426880742351,0.004682259641771713
2012-11-20,-0.009784735812133016,-0.003923062649361819,-0.002890715518593656,-0.0011269299430720636,-0.002062732874374751,-0.0029525795189525583,-0.003144754979807818,-0.002279414787346834,-0.003349258226201135,-0.004542502848296048
2012-11-21,0.013833992094861802,0.008989926023352801,0.011616822773207858,0.010293354611578431,0.010998631019067506,0.009229447436996052,0.01206203882637169,0.009270843908037563,0.010147559292128516,0.013081371404010111
2012-11-22,-0.015594541910331605,-0.011386693381812307,-0.009810217184545778,-0.010078507449113983,-0.009584209909325403,-0.011991465107482835,-0.011800662587470812,-0.008467423367135796,-0.013367544545894283,-0.0074264955484573125
2012-11-23,0.00990099009900991,0.003245994575899802,0.0025171116096565083,0.0018169017246902897,0.002863860925355066,0.002687981286943142,0.0038790185700467994,0.0020809685193587946,0.00047185048283715503,0.006472318871358906
2012-11-26,-0.01764705882352935,-0.013878239089506472,-0.015111530121435623,-0.009999336702618877,-0.011602538272031726,-0.010427026004185769,-0.010045942285636822,-0.01001343900428786,-0.015769909216180156,-0.008844856608677398
2012-11-27,-0.043912175648702534,-0.04567601649989983,-0.03950981172511736,-0.037535666756089436,-0.03820404596114624,-0.03779938935049321,-0.03516615459395667,-0.03708550017252987,-0.038403919524356844,-0.031793302045043714
2012-11-28,-0.027139874739039782,-0.026250096127839462,-0.02239910539636991,-0.02380884063506139,-0.024192665718736017,-0.022174721687006183,-0.02224867307153422,-0.0219720680149722,-0.027478888596222717,-0.02060609220751175
2012-11-29,-0.01931330472102999,-0.01070365828022768,-0.010527112368821423,-0.012283672240511412,-0.009660634560412884,-0.009272634367666122,-0.009601270559722708,-0.009545192397301006,-0.01234606591200027,-0.005085920677220468
2012-11-30,0.013129102844638973,0.015796326755199264,0.014786960489751921,0.014079478117287048,0.01331552679105874,0.013887062681029683,0.013365890030365923,0.011658093961386173,0.011843817699594972,0.014007228123574578
2012-12-03,-0.01943844492440594,-0.027021153945204324,-0.024973043379673987,-0.02368934416409274,-0.025895851188104446,-0.024793745109805698,-0.022865806405263922,-0.02245520170262405,-0.02315593947469552,-0.011468810202974522
2012-12-04,0.004405286343612369,0.012439166354270448,0.013934879276873424,0.010775083667841745,0.011028111999251466,0.012128720004419558,0.012862005103212226,0.009373448336602808,0.014777056884288653,0.006887778525273003
2012-12-05,0.03508771929824572,0.03949656747258801,0.03689765802466893,0.03678510610364305,0.0367066409873269,0.03341593321096603,0.033834306293763605,0.034578348297243044,0.037158302923127495,0.037337759172853424
2012-12-06,-0.004237288135593542,0.002446902471563428,-0.0015234887803525776,0.0019529789547052534,-0.0011949266267076153,-0.0024069859777964275,-0.002987644132196765,-0.003119509236753526,-0.0026653925398194556,-0.0009817251615563682
2012-12-07,0.02553191489361728,0.025959691206082658,0.02307313884684392,0.022126850716713387,0.023151720557722077,0.02182688242773345,0.02200634560371273,0.02166662362437144,0.02230689677983766,0.02229006525650612
2012-12-10,0.024896265560165887,0.02290542024378217,0.01838047646013785,0.01713901999312295,0.018623654689520652,0.016398063870779023,0.01564326983474107,0.017550693668968886,0.018256947023541192,0.008576813657185767
2012-12-11,-0.012145748987854366,-0.010207842259007616,-0.007917047907206043,-0.008021012149522111,-0.006839616028761708,-0.005417595359051841,-0.005502300416565298,-0.006606184631136602,-0.004195044204555631,-0.007328318739408868
2012-12-12,0.0,0.0006007763873221439,0.00012404220062989246,0.00019505061320090888,8.638686486928115e-05,-0.0003176998003420195,-0.0019592611130383464,0.00012400452138017215,-0.0004376320464035688,0.0014545654720641288
2012-12-13,-0.02254098360655743,-0.00962151797452937,-0.011838588170436148,-0.013277615684314292,-0.013017709350008788,-0.012763345038720453,-0.010329061611692114,-0.013780128175192363,-0.013743714180466937,-0.007018979562819938
2012-12-14,0.05031446540880502,0.04021223012727715,0.039691315308842956,0.03782618793833059,0.03993478779505999,0.03848554418507222,0.03734160774812012,0.03758170199143018,0.04059737385379858,0.03364839891402038
2012-12-17,2.220446049250313e-16,0.006764415648698119,0.0028280814178716085,0.0047801429982854415,0.007022556373561528,0.005803780783043111,0.005307526051426592,0.006971319887814964,0.0075861664725527245,0.007270795310793776
2012-12-18,-0.0019960079840321,-0.0002661234933236667,-0.0029928856375831536,-0.0034881082595076274,-0.002426894052167672,-0.004549773364950549,-0.0028375189841122195,-0.0008573973943871716,-0.002091957950436485,-0.008707662729004584
2012-12-19,0.0040000000000000036,0.00696051530402908,0.0028750382117659345,0.005608532609666428,0.00218943178378761,0.005169307073677576,0.00292632015871086,0.0030812816021998923,0.005876784855752604,0.0008096584852697042
2012-12-20,-0.013944223107569709,-2.3547292872905246e-05,0.0036649089160709636,0.0018007432469899776,0.0012718209708086903,0.002126796996874125,0.001922996483236128,0.0026683942123648663,-5.9614566557675275e-06,0.00021293575776670792
2012-12-21,0.0,0.0010183900102456178,0.003743915483709781,0.000717123324125879,-0.0004212100241115513,0.00020301468605299355,-0.0009915028099166667,0.001264275974559137,-0.0026286733261099426,-0.0015655044401066132
2012-12-24,-0.0020202020202021442,0.009689522293396369,0.007783484043257793,0.009297712641616274,0.007343364155453669,0.006431577085285856,0.007033223342199468,0.007376019266748024,0.003757549388776704,0.0025974321072175233
2012-12-25,0.030364372469635637,0.02441381441181667,0.022184917949932048,0.023436353401877774,0.022979992096333834,0.022586871048764667,0.02240439119887827,0.020381508299273765,0.023031615889507195,0.022151200527241288
2012-12-26,0.009823182711198308,0.014142069400469914,0.015170090172188067,0.015246020698701956,0.015379543612426216,0.013495632724771278,0.013346507914183237,0.011762119244617786,0.015426458344985461,0.009552357806811296
2012-12-27,-0.0019455252918286758,-0.020539596211480937,-0.008923133188944665,-0.008746365899100605,-0.006081446313488059,-0.008526754042737061,-0.006510573991348689,-0.002337701656308755,-0.005389336281675039,-0.010277064411213788
2012-12-28,0.005847953216374213,0.009809779074568814,0.010091212198110489,0.011880208158052019,0.011293689373862437,0.011364709923839866,0.010259175754848915,0.009633382543420943,0.0071481876177534875,0.012920133216375307
2012-12-31,0.0019379844961240345,0.0025394756962942022,0.0065319346619829854,0.01033071435209365,0.010196570450843323,0.009749606062375182,0.008645466602573482,0.010701311556597481,0.008306746802217102,0.008695094845480256
2013-01-04,0.0,-0.000863184704942177,-0.0035252344620738674,-0.0033420309887650657,-0.008049769164141574,-0.005087729804638008,-0.004322977347544055,-0.0038497262239841623,-0.0019946697712158734,-0.009483344509994551
2013-01-07,0.005802707930367523,0.019017402427407237,0.013047831210345473,0.012650716978686471,0.012222441098839854,0.011012209684091667,0.010524479932739972,0.014465225758922173,0.01128947739061803,0.003852371125027121
2013-01-08,0.005769230769230749,0.019572338419950208,0.01330643009936705,0.012798165961090291,0.013634803714892119,0.011945020193918854,0.01000655757743596,0.011190502391579038,0.012078830841412591,0.012092275284488085
2013-01-09,0.026768642447418722,0.006860955105378874,0.0011558595869116672,-0.0006142122857341059,-0.00032098040128436534,0.003785834762807916,0.002544123772849849,0.002512796239942938,0.005431074877832565,-0.0029460564592335148
2013-01-10,0.022346368715083775,0.011195573741789255,0.009204595288898831,0.0064774290598010875,0.006152241794523006,0.005084474018137053,0.004231029975957368,0.0022399857660464484,0.005055678642998496,0.004751409177460975
2013-01-11,-0.04007285974499086,-0.018113351553548984,-0.016283988374192093,-0.01887758917569793,-0.02131652439902665,-0.01959005292209859,-0.021779432744202687,-0.0204813863912241,-0.025167690775315887,-0.017882251796977777
2013-01-14,0.03225806451612878,0.03546007603429158,0.03415174053088221,0.036113554875829124,0.03525281751564169,0.03371021603369462,0.033997218521493844,0.030209411031031363,0.03137342794769982,0.02877888543300222
2013-01-15,0.02389705882352966,0.021983088167176756,0.01949113794293389,0.017281385436245023,0.01705608034650541,0.018661349564327967,0.016158276035613373,0.016745199632576258,0.016099327174097455,0.011147867410127965
2013-01-16,0.007181328545780907,-0.0011695730765740597,-0.0015543627945441285,0.0010717894324940858,-0.0015455261317250946,0.00017659817838944214,0.0002697073875896905,0.0010852290956220312,-0.0015253431930551953,-0.00248819279172241
2013-01-17,-0.021390374331550777,-0.012873329308541459,-0.009565532342548533,-0.012325968264717213,-0.010225349182793053,-0.009933822900170752,-0.010310020870534009,-0.009434247614459879,-0.007587120878432718,-0.002602151406109865
2013-01-18,0.020036429872495543,0.01328385290895695,0.017304053743933512,0.01691357498660362,0.015004703551874332,0.014712538049463042,0.015826992730566092,0.016535343593636176,0.013806270581322222,0.013767674275903197
2013-01-21,0.017857142857142794,0.01054906822470536,0.011076461848977814,0.008284137292168259,0.008804912252353247,0.007281261684284113,0.009176224743384198,0.008075725907428,0.008123167503901296,0.006015369229561696
2013-01-22,-0.00877192982456132,-0.01724676941379044,-0.019394131286950667,-0.015216111106782115,-0.015449632934505186,-0.014741125190642412,-0.014073905638097073,-0.012619296077885034,-0.013136082848059671,-0.009432527445960237
2013-01-23,-0.012389380530973604,0.0001947493171234882,0.0006699492284067965,0.0007553030303266706,0.002755414724430638,0.004945362288653055,0.0024562451175780264,0.002668512842529669,0.004289596159842146,-0.001325157164935642
2013-01-24,0.008960573476702427,-0.026961143089858752,-0.020289952619194418,-0.020821447110024538,-0.022776356929185115,-0.019134871973669143,-0.021558823053939302,-0.01937713253232931,-0.014723287777110405,-0.016726164663126597
2013-01-25,0.0,-1.714614966341621e-06,0.0012903889203281782,0.0025084198572393746,-0.0005007885986737515,-0.002467477246631211,-0.001369207726366506,0.001803222885457867,-0.005439011165977892,-0.00019164170332630626
2013-01-28,0.0,0.02518150304600497,0.025028405760335826,0.026267919942683626,0.02510995888895229,0.022687064947997992,0.02307672868367927,0.022141631862269362,0.020094058492419853,0.02123278597345024
2013-01-29,0.0,0.01362601302322397,0.012531098218468983,0.006724694588232438,0.008439133043171232,0.007508337458437708,0.00845120365783436,0.005957742569616231,0.007422298644981007,0.003386608797798063
2013-01-30,0.09946714031971582,-0.0008154023058414284,0.0008663106278323784,-0.00012122324039276489,0.001818424272874264,0.0022080651405820273,0.000772078455906211,-0.0003503293642136418,0.005455801465428456,0.0031955909119620873
2013-01-31,0.10016155088852985,-0.00886455693227306,-0.006594710146185512,-0.008328819435174162,-0.006012758934255902,-0.0036301896417415547,-0.0032354052285642476,-6.967634766930075e-06,-0.00361706159366737,0.0034006746659416276
2013-02-01,0.001468428781204123,-0.0005525889975861453,0.00675596087897512,0.006454238446769844,0.0071168332439204285,0.004889636647097628,0.0041880061639745225,0.0048672392738604575,0.007098338188924469,0.0051532102256062196
2013-02-04,0.045454545454545414,-0.009906439035839765,-0.003727545589257031,-0.008389329534805756,-0.006184337188103073,-0.0048693188325361625,-0.005950359808306049,-0.0099301431227381,-0.007976250830013187,-0.0018102071875146786
2013-02-05,-0.036465638148667545,0.006758873771356644,0.009488062945140374,0.007601064329403773,0.008788526550514764,0.009978423515341728,0.009065968305952188,0.011028386778630273,0.011193032402428305,0.011289813856492747
2013-02-06,-0.026200873362445365,0.0050225049426386725,0.006726309749192527,0.006171110069008723,0.005666012117653496,0.0055754611416909405,0.003925901969861201,0.00744317447886278,0.006615175183534827,0.0009465188565300764
2013-02-07,-0.007473841554558991,0.00460199742454237,0.006503785788037009,0.004249756668553095,0.00440797751446298,0.003991098696781714,0.002101257691535352,0.0018531336557296996,0.0041387547331477315,0.0016958236705231222
2013-02-08,0.001506024096385561,0.018290132571620932,0.014928832747151288,0.013918716962443956,0.013625873847551428,0.01365297266374399,0.01828676637154003,0.0110990940293898,0.014986849912888456,0.01233722963499062
2013-02-18,0.03458646616541361,0.018054317906992523,0.006532786119525458,0.008026605698645772,0.009346986839003923,0.006122976957195547,0.006138205087290238,0.002612514147664946,0.0030732957377805903,-0.0020150267707267355
2013-02-19,-0.02761627906976749,-0.018477325459557603,-0.017542030990503665,-0.01627583912668451,-0.015914990026673514,-0.014504925748118236,-0.01701706349205534,-0.011400811258355237,-0.016354141734621463,-0.017762363724837638
2013-02-20,0.026905829596412634,0.02078618892564199,0.019178018619928627,0.0168471587521708,0.018958297038415672,0.0213625122814336,0.018845765918491963,0.01612543124184662,0.015179983283739595,0.01687789967419162
2013-02-21,0.018922852983988214,-0.014777829106391804,-0.01917432801120511,-0.020391075498297995,-0.020397350921224744,-0.017542971640660876,-0.021889435927402,-0.01926103768965126,-0.017490680829261196,-0.020685371404160824
2013-02-22,-0.018571428571428572,-0.004788242145430277,0.0008089990846489314,-0.0015260431904191574,-0.002318305568784984,-0.002387604826761369,-0.0012187227967469516,-0.0018901571468256106,0.005241301104937035,0.007446736763713879
2013-02-25,0.017467248908296984,0.009972200764977401,0.012616596021181037,0.01034580575436217,0.009289188121366143,0.01126057644324141,0.011838999548288598,0.008090569938085324,0.010978491093226017,0.01189868623657464
2013-02-26,-0.012875536480686844,-0.012706539392892902,-0.012967711801982973,-0.011322733168174559,-0.01246720250747757,-0.012100524462471784,-0.014357114881500266,-0.012066295731522847,-0.01773023490301351,-0.015629285992184494
2013-02-27,-0.023188405797101463,-0.0026697368298387314,0.003296770145742034,0.003687884247817186,0.0025787742027543192,-0.0009970187591277213,0.0030587199565728085,-0.00032883481388068514,0.003446665575279839,-0.001293011300958935
2013-02-28,0.016320474777448357,0.016199615049058202,0.018850754372287337,0.01792121120363177,0.019606931925154836,0.018160756453651228,0.021110652250698303,0.01627767834401883,0.02085804512534195,0.017997755658168968
2013-03-01,0.04233576642335746,0.01760475389326399,0.015075385289437193,0.013260338424527784,0.014143278240837498,0.013841963058449203,0.011251364191030122,0.011033929985276414,0.008968828903709758,0.009915467390994914
2013-03-04,-0.023809523809523836,-0.03251270355964986,-0.03810601028228355,-0.033345494236487694,-0.029300943144531577,-0.028762584376802125,-0.027136975794984752,-0.026192782617319055,-0.036901675406089796,-0.03595209754480988
2013-03-05,0.01434720229555242,0.02216136397502999,0.020688791555971697,0.020093958441675053,0.02244720262451594,0.02418484312651703,0.021197829309104632,0.01885621447639041,0.023341982153725738,0.02333285816268149
2013-03-06,0.05940594059405946,0.01838570319627353,0.018975772357284093,0.018987883101980962,0.014733235185604876,0.018727011876174426,0.014014004792159973,0.01515357276665874,0.017056222991289616,0.015884639827975944
2013-03-07,-0.028037383177569986,-0.007417878503340414,-0.016068770803108867,-0.008308248651898165,-0.011483802223757333,-0.009483919996951307,-0.007634044520261396,-0.006643968005418999,-0.009816141459777938,-0.005880754433346569
2013-03-08,-0.0315934065934067,-0.006883069663189634,-0.006254526806571237,-0.008894166521734026,-0.00778223094081143,-0.008631902053357066,-0.0067884590509357245,-0.0076773065305488775,-0.008631575517249024,-0.011263161123930443
2013-03-11,0.03546099290780158,-0.0015982905775113743,0.0016495873418156393,-0.001373855338473895,0.0007223388405783737,-0.0010316243388490687,-0.0031557062123098722,-0.001403869485526843,0.00030928429423782156,0.003164091050176454
2013-03-12,-0.026027397260274032,-0.028190928975261875,-0.02679190630184214,-0.025062619329017988,-0.02594951458361694,-0.027055080846545954,-0.02144078469460098,-0.023532648788691213,-0.02226949219055807,-0.02029734729878252
2013-03-13,-0.022503516174402383,-0.00991233597375063,-0.007384236807224331,-0.012310858129958135,-0.00822459162213418,-0.008492943263993746,-0.00914452403415389,-0.00581279542646207,-0.010698485926355694,-0.00397885878715909
2013-03-14,0.030215827338129664,0.0077258460888443015,0.004826738059832358,0.00540945787056013,-0.0004898987707813163,0.005131227491629975,0.00402867868376533,0.0036608537891751336,0.0029934401656379617,0.0010162180943931176
2013-03-15,0.0013966480446927498,0.002096125927331549,0.003305255085567005,-0.0012552293152250371,0.004626764516178161,0.003006740094603,0.0006717072785060729,0.0012516249627505527,-0.003234995156263465,-0.0002959058992415553
2013-03-18,0.009762900976290068,-0.010462511936658814,-0.012497926009475857,-0.011031427256987691,-0.013427761845948738,-0.012123745089185456,-0.010054990594261959,-0.01126681877032154,-0.014442201280954747,-0.007204284438505515
2013-03-19,-0.012430939226519278,0.002729185155517122,0.0024688097783198693,0.003961187380137954,0.002555624324275252,0.0016064249252876195,0.000978060139046777,0.003988279758169622,0.0007317164075817395,0.006733185978597511
2013-03-20,0.034965034965035,0.02145803618399378,0.023015414528747113,0.02503511448322593,0.025800772453684395,0.02483215889564483,0.02383507067985091,0.021229775983439225,0.025428291937139802,0.02062814921208056
2013-03-21,0.02837837837837842,0.015968026608839114,0.01212578915774376,0.010393937917081209,0.01147436164412352,0.012773515352445752,0.008978514114775349,0.00908055909632921,0.012335818956070943,0.007746945684735884
2013-03-22,0.03810775295663604,0.004527377679621081,0.003952717679848616,0.0014148092973873538,0.0010863106019234348,0.0016762201906741492,0.0037004082616844958,0.001979256666746254,0.00656548851161376,-0.0008643293104816374
2013-03-25,-0.02025316455696191,-0.00710854458520771,-0.0024250200811052336,0.0008986342377459433,-0.0003448858105332686,0.001935586163079428,-4.0917593357003845e-05,0.00043333499714348633,0.005801721261230242,0.005972599781192578
2013-03-26,0.014211886304909438,-0.004140952373390627,-0.005890096793611854,-0.007317539443009724,-0.0052241059530094835,-0.00501497913897786,-0.006217875560359798,-0.005469167593858404,-0.0008872208984692653,-0.011695507364056335
2013-03-27,0.019108280254777066,0.0027636802173682806,0.0011584164702505007,0.00424181639551624,0.006225220722763991,0.0037996562991382543,0.0015411038974870728,0.004210000458457097,-0.0025352354171757074,0.0024616194151230175
2013-03-28,-0.04625000000000001,-0.02735492602635048,-0.029027611965803612,-0.02846130717339146,-0.025410922071719688,-0.02736028200701346,-0.025479308082880903,-0.02704895132465357,-0.028062011354727634,-0.02410931580729825
2013-03-29,0.011795543905635641,-0.00011617667448204916,-0.00013892712613094993,-0.001329778602612075,-0.0009981395550460181,0.0019402729176682953,0.0003436280097499633,-0.0041030965486198445,-0.003575183066530041,-0.0032474793596964924
2013-04-01,0.04274611398963746,0.007789337172342092,0.0047803839034314954,0.006598551451583834,0.007619884116604414,0.004088659569434938,0.0059638445934411255,0.004547058769757362,0.00909578859231952,0.002090031466656761
2013-04-02,0.014906832298136496,-0.013822820261089608,-0.01807224901957627,-0.014030765808747181,-0.015002734581113342,-0.015467350591178097,-0.01371866567847757,-0.012225211933920455,-0.017951894202842933,-0.014444520435696329
2013-04-03,-0.02937576499387995,-0.010646321323447894,-0.009454202046731752,-0.013430634181678003,-0.011022302874007184,-0.009022543353695012,-0.010326136827800592,-0.006850577773423905,-0.008161204313507642,-0.009823103628713303
2013-04-08,0.027742749054224358,0.01406612782902883,0.006350526126564393,0.0009443396896817724,0.0028769428911126216,0.004966590728665565,0.0008163745487683727,-0.0020168734961756307,0.00805851972250693,-0.0005014215331725635
2013-04-09,0.0,0.013116410821189639,0.008774288295076094,0.010873264358822299,0.007411841804957131,0.007398554133691393,0.007942294875648681,0.007742402302501006,0.008873887828745541,0.0059889118429037325
2013-04-10,-0.013496932515337345,-0.002635139080407023,-0.004465987569804097,-0.0047157277089837635,-0.004834695362817998,-0.004377831482893391,-0.003275254901616842,-0.004209178150663351,-0.0016660927779494905,-0.0017750752657592628
2013-04-11,-0.023631840796019987,-0.003069460595792939,-0.002801850986268173,-0.004574145399998231,-0.0017853278290459462,-0.0051213681178448045,-0.0033107104124621145,-0.00464032811340187,-0.004638003401217561,0.00020526212021976242
2013-04-12,0.026751592356688114,-0.0106035163830972,-0.007195540539922773,-0.008636427589297724,-0.00659991628813239,-0.00648290145878716,-0.010129375900006288,-0.0088863333350222,-0.007309408644038062,-0.012102740629659658
2013-04-15,0.0,-0.014852775915055738,-0.013820252318085369,-0.013942666608871335,-0.014468092854609593,-0.01402965217375507,-0.012860934869611151,-0.015317050247195763,-0.016604797400859073,-0.015216896362224785
2013-04-16,0.03101736972704705,-0.03838871921325837,0.010320928023276998,0.007522906930572004,0.008157174806326939,0.005150400395453891,0.009989573961185494,0.006559586344433432,0.011864975342356754,0.014008733020334674
2013-04-17,0.0553549939831528,0.014210609931573304,0.0075158187573241,0.008072734591178632,0.0069874720496030385,0.007196666163502119,0.008254079904897793,0.007566343463062619,0.012546680701139623,0.0035350678712311456
2013-04-18,-0.004561003420752496,0.002914023352917239,0.004531457317334064,0.004729029058884615,0.002635922408321667,-0.0013361464261548717,0.0029439025448749767,-4.7987535036098095e-05,0.0028069064987266135,0.0005988671902847909
2013-04-19,0.01832760595647187,0.01426156422676228,0.02102205274995983,0.01733053864029932,0.019291124389615888,0.017220703741710475,0.019634176529320424,0.01729605501025433,0.02082781730630434,0.018441287306454557
2013-04-22,0.03262092238470182,0.010603725999420499,0.007096348458888624,0.0030110945200112482,0.0038954045182379993,0.006206364604446568,-0.004240276291680112,0.004306137283961453,0.001954256039407687,-0.0003141229021270675
2013-04-23,-0.03050108932461859,-0.028705093658821568,-0.02275311606851904,-0.02988121835973323,-0.026371206510370504,-0.026546712704096587,-0.02654602610371215,-0.026254439232089255,-0.029968708457021487,-0.02439762022419456
2013-04-24,0.00786516853932584,0.027650207694440265,0.02349333001579046,0.019484783055210286,0.015592015666785919,0.019682025457061547,0.01850698903924708,0.01913731588748302,0.021302173579218486,0.017567188214451912
2013-04-25,-0.030100334448160404,-0.01847077771493677,-0.016668708902617624,-0.014330298718838952,-0.015683786118872445,-0.014059387293460901,-0.01421706527083444,-0.012400995780426971,-0.021821451270344627,-0.00778305938986934
2013-04-26,-0.06896551724137945,-0.02861359129567853,-0.021935715915062715,-0.017418421071386136,-0.017590132711311157,-0.017370053337399383,-0.016747639885659082,-0.0171088901254719,-0.014516623305924625,-0.013916434611835227
2013-05-02,0.006172839506172867,0.012676106315369973,0.0088072983344063,0.0025403839407196482,9.084693645089459e-05,0.0035423677291994693,0.003581547989431666,-0.00020121950470508576,0.005400011284255379,-0.006728482576630168
2013-05-03,0.060122699386503164,0.007726156798431472,0.02528985164242825,0.019138511111800094,0.016569926311100325,0.018588766998439032,0.017159180941704433,0.01578940743780799,0.015039242515172191,0.017971813736747277
2013-05-06,-0.0065837104072398135,0.014471667872797127,0.01179646971817362,0.01621869013814351,0.013632001532958031,0.012767741070068346,0.013040671525779753,0.01006256782935136,0.01336100290785651,0.009958927684188233
2013-05-07,0.008459853463252509,1.0378502975916248e-05,0.00464765392624833,-0.0020372099233130214,0.002413195414293634,0.0022034653828761908,0.0008954220065067187,0.0016171180161872467,0.0011309614423500314,0.00357253651977274
2013-05-08,-0.0002996030259905247,0.00878344268181297,0.010636467601246924,0.012363446849700033,0.009896622021424939,0.008510769444721733,0.007907820729307735,0.006963389312718338,0.010230322413725679,0.007330972160746851
2013-05-09,-0.024874503633775413,0.005738101673334439,0.0013679452954393767,0.0033645543386340293,0.0026818756882414085,0.0024520534883913925,-0.0015942440761177457,0.0006414756007249167,-0.0013410509609654842,-0.001152111028995706
2013-05-10,0.04006915097963892,0.007630290128227024,0.007652979098535573,0.006035562642775938,0.005769519365513398,0.004814884301495237,0.005885139186210919,0.009543138927259998,0.008636998501963644,0.011115653820446214
2013-05-13,-0.009973035865991964,-0.006726580561420281,0.004722007006357165,0.006825242150466426,0.0041716163795291195,0.004565859998389099,0.00231413697497862,0.0011814150790643296,0.0029510149393263685,0.002879639056677874
2013-05-14,0.046300787225310724,-0.010638814588307954,-0.015219978996197203,-0.012301067454918102,-0.010773774166395245,-0.013663530223670284,-0.010826610582406304,-0.01242094470380195,-0.013517090180147684,-0.008137809672361551
2013-05-15,0.003209242618742003,0.015814720737318932,0.012157612392553308,0.013874136135613169,0.014808410882990675,0.009951083834657037,0.01300651559498367,0.006746706363558896,0.010975900427151464,0.010006224604039327
2013-05-16,-0.012369375133290839,-6.811125336914081e-05,0.0033479625067607266,-0.0006067925118935502,0.00664048418095331,0.005610585418645231,0.005926686833911621,0.005342799910799556,0.00798780818891065,0.005262879780386642
2013-05-17,0.009537176995609187,0.005071043659524932,0.015058370569064117,0.01224747176996277,0.011364662489273591,0.016042231941580942,0.011882362158049942,0.010538912987243299,0.0123418668101003,0.00861770456912514
2013-05-20,0.016291754304659456,0.021386235769854878,0.01773422748597331,0.017278977433017984,0.015382082449049372,0.009415636379280112,0.01021289748419374,0.011363351080449169,0.013436344225346453,-0.0069690261615902305
2013-05-21,0.028132454047986588,0.006287299680050706,0.017195898234258378,0.012459987721871846,0.013634473142378756,0.010904102011890737,0.011307410003230212,0.010910699224990106,0.008789043065413171,0.006196481901485917
2013-05-22,0.02473558512453078,-0.01669017251883198,-0.012181405718467264,-0.01624285617385124,-0.012933338067239286,-0.01254975394158342,-0.009039079669979966,-0.011010800281607835,-0.008365139746185024,-0.0016975489744128769
2013-05-23,-0.048110537706009704,-0.005199071827603596,-0.002323990427859135,-0.006636048336694067,-0.010344643816107446,-0.006361521161539541,-0.007071178416197421,-0.007603910217863663,-0.009942258258489378,-0.00657558638004041
2013-05-24,0.010633088492479903,0.02040717970789263,0.01746368820523725,0.014484833647867568,0.016681114247010465,0.014825386147949038,0.012247481719384279,0.012821852669858913,0.011538084828179862,0.010797200126453577
2013-05-27,0.01820447151657767,0.011709978185952208,0.003888883636134155,0.007495765309280866,0.007602831834386814,0.007513200770125961,0.007810775072000231,0.009552455531615545,0.01133040184973999,0.011307026253321473
2013-05-28,-0.010740992522093928,-0.005117587201598495,-0.0054421719715214145,-0.009261387718384584,-0.006705803610326688,-0.00501046693260121,-0.00162097879937817,0.0010146116155624885,0.004424071707054722,0.007233599792470402
2013-05-29,0.008624244090159383,0.002396818704497816,0.006235582243387272,0.002620750704945607,0.0081844546922758,0.007438632879936069,0.005559476044523226,0.0025077697070099436,0.011674467273542044,0.00796386034501606
2013-05-30,-0.017066939192641795,-0.0010112044522715413,0.0023740772243874275,0.0014679157846462232,-0.0012462831333077684,0.004182467548877744,0.00179239444586754,0.001787570974366437,0.0013641763472038715,0.002631987400386171
2013-05-31,0.005995702502253009,-0.0016037420302004168,-0.00547803342565667,-0.009418734475677648,-0.006663916869540931,-0.006557435648142262,-0.006656238611791321,-0.010612612676082822,-0.0059379775185279815,-0.008676558951013269
2013-06-03,-0.004616391635373973,-0.0023898424764544623,-0.005908782644580612,-0.009651122147418922,-0.00836508877298947,-0.006288416080753256,-0.0076377520741433,-0.006959952068362529,-0.006832552543995063,-0.0011273100236993683
2013-06-04,0.02187381026546209,-0.018610668551044207,-0.020809668026353534,-0.0221176987804369,-0.021555786417980505,-0.021859374444597846,-0.02024624086274296,-0.01810811259002887,-0.015270986040021639,-0.031031418795008148
2013-06-05,-0.031464860287891305,0.0011043666927963436,0.0031423364319589364,0.006317168316199995,0.005328406540601627,0.0057575268177345595,0.005318431188629846,0.0047696351191572894,-0.006043117138535226,0.0010933931346326364
2013-06-06,-0.03661351237935406,-0.0178498369900556,-0.017598305046288787,-0.01870276150951422,-0.020758789476554407,-0.01751565685695855,-0.016239332322184885,-0.01785627205091056,-0.01613790562920281,-0.021210981205551205
2013-06-07,-0.02635304366764668,-0.017530708213083446,-0.01682363841525414,-0.020567994188103733,-0.019913971899739757,-0.01604945690956483,-0.01830670986447136,-0.01693270167522376,-0.01865151501953899,-0.016457971548009098
2013-06-13,-0.0120419043358313,-0.02887805258622711,-0.026848398170503773,-0.029588268093291403,-0.031133950697632473,-0.02709769005707452,-0.030318214612933936,-0.031838174936736796,-0.025750732530561815,-0.03429122144540753
2013-06-14,-0.0002641509433961575,0.026103318946471665,0.02394307703551024,0.01917551952953156,0.018077616174183797,0.017760194726586853,0.01384976948007699,0.017725302324437253,0.010500722585931266,0.014456180644756733
2013-06-17,0.027403465066243804,0.002734548782407087,0.005875010097520006,0.003429928542868499,0.0032234324549669235,-0.00040605298694573744,0.0012356339752557233,0.0038789200405127122,0.0016985794810915333,-0.0011338116368999618
2013-06-18,-0.003122818619346601,-0.012421022870297782,0.002454417939404596,0.003545499991147283,-0.0008069301070373625,-0.0007071396615194736,0.00469232103106787,0.0017859010261822572,-0.00344364330339908,0.0062646385821827355
2013-06-19,-0.013267487285324897,-0.007640509804736628,-0.012860791781192815,-0.001744946106870926,-0.004390025271154174,-0.0047527589174232165,-0.0036527147454405995,-0.004758570796754569,-0.003875361968664781,-0.00676584304803729
2013-06-20,-0.0447075521027861,-0.036865115950191374,-0.032210657184956415,-0.030799137601677407,-0.03264066449806036,-0.03292607948015458,-0.029876072140886722,-0.028305822156036164,-0.028721605938597516,-0.021091061510396747
2013-06-21,0.01911873949251275,-0.0048735092562786075,-0.0017676974317347716,-0.009239702590347232,-0.007183790225419151,-0.0097100396029971,-0.006538408437490095,-0.006086750808204755,-0.008121045162255203,-0.003934910831196459
2013-06-24,-0.07546228803805721,-0.057083734304761546,-0.05766880047519185,-0.06073431210433311,-0.061296676934007754,-0.060853953351159285,-0.06026472022057683,-0.054513196609040526,-0.058168235910580623,-0.05739686771238961
2013-06-25,-0.0021577658824017965,-0.0005147192074768103,-0.006465413485730709,-0.0046258334980936455,-0.0039073237831929175,-0.006836409449994196,-0.004479510872450021,-0.0024282610054462417,-0.007432174563630323,-0.0073366791293234535
2013-06-26,0.0033268183141346164,0.029572206929517675,0.021123717745552772,0.01729414312314792,0.020459736538617213,0.01920462582919491,0.017666325464055888,0.013832157278401258,0.01910669054030434,0.010426902514923064
2013-06-27,-0.044680233763003896,-0.018897716967468337,-0.0206708392184074,-0.018348640234999047,-0.017402235308425995,-0.018204781313162277,-0.02093386136177433,-0.015376960018833374,-0.020113379863523795,-0.020248809909318433
2013-06-28,-0.02303787582975414,-0.00016964506560501746,-0.005143084596914482,-0.005406807500522914,-0.0036170585244058584,-0.00273217165762607,-0.0027087494255357836,-0.0016966948952414906,-0.0021587507353774127,0.0018214598415853267
2013-07-01,0.011990407673861059,0.028430720647648622,0.02399896496144649,0.020097968830518287,0.01892460734362067,0.019885077874166823,0.01884851138148691,0.02019370870092896,0.018242365693971196,0.01639232316619843
2013-07-02,0.009390907495172796,0.01576344473170166,0.017051291646577704,0.015259355633822302,0.014799378489735782,0.017822438884881997,0.015670000052322663,0.015972825054870965,0.02010270769898459,0.020111188213243203
2013-07-03,0.04369185288235822,7.931773679459297e-05,0.0046980042266977495,0.002204173217266625,-0.0030517404957085548,-0.00041858706055952766,-8.464086779103042e-05,-0.0015778839593891814,-0.0026121909804189825,-0.0040962988058345084
2013-07-04,0.011913191985670757,0.0022551356564519676,0.002865952146123396,0.005813265178700178,0.0068465043246423996,0.0033087669776978856,0.009556828214048796,0.004148209316754414,0.009184312415573492,0.010624357860326672
2013-07-05,-0.017700572181286844,-0.0134852280540676,-0.0069325959969629425,-0.011620081667289672,-0.007710693358851217,-0.006465119158582167,-0.0065419893512731475,-0.006601575444163066,0.00011286129518772725,-0.004783040783079118
2013-07-08,-0.053513807987260575,-0.03750838441866089,-0.037803372588693596,-0.041591436439223806,-0.04285583848268104,-0.038761896467180645,-0.03910197335068766,-0.037291081913522706,-0.03490884836152053,-0.033487139347389006
2013-07-09,0.0020366598778003286,0.011280608084531796,0.007391566455554166,0.0046902996958546606,0.00627134033839627,0.004559968540269965,0.008000236434739572,0.005135837531034637,0.007117612520924688,0.0009424374745587993
2013-07-10,0.025053022269353242,0.02994227632319535,0.026857103417746497,0.028888158917016904,0.028294737862760044,0.03090535831309449,0.02812984527753848,0.0280898015642026,0.02837977686173465,0.03126239093409655
2013-07-11,0.02474244579507734,0.027568857217580733,0.022019072871924505,0.02199407567026257,0.02393412306742837,0.023071330371604803,0.025260261602725542,0.02786064021618362,0.023406106041895525,0.021734631381087777
2013-07-12,-0.018003617549320783,-0.00122979337985063,0.0006689844863563277,-0.003249146001468972,-0.00686860666202993,-0.005812064583999188,-0.007326923511825734,-0.0027067186581926084,-0.007979049349303602,-0.010586372102397101
2013-07-15,0.020603983722424557,0.01953370250462494,0.019782197636918353,0.02283194522745169,0.01986261568107417,0.021412320916970984,0.021981863394394674,0.017879368420528507,0.01404377534269452,0.010515681989851311
2013-07-16,0.020733652312599826,0.018776154036382664,0.01047361260789037,0.013631032745109462,0.013334532731575699,0.011039119215128013,0.010191837868473996,0.01023124641079165,0.01171573305711382,0.010057202474092808
2013-07-17,-0.02508223684210531,-0.01365284277033818,-0.012525152888054891,-0.011419164567489926,-0.01289821488644416,-0.01465572854751751,-0.013240013448121313,-0.012765221978131458,-0.01399726697114101,-0.01906576796996795
2013-07-18,-0.005862505272037244,0.0007466834509541886,0.004378694791107751,0.0015476314221252174,-0.0007454912886818432,-3.8620046008963627e-05,-0.0006175566352885076,-0.006562936296949817,-0.002154857857642467,-0.0009662545397723932
2013-07-19,-0.02817020915531787,-0.01280114815216038,-0.023083399748305422,-0.019639559121346517,-0.02470932380036517,-0.020188721275695376,-0.02140651671899574,-0.023906146790809824,-0.02403413529346743,-0.020406358908678257
2013-07-22,0.012965469070589819,0.027488233593538913,0.018686597690448226,0.022941034123269644,0.02130092381401205,0.018885303231375383,0.014864016960304705,0.017089008416339757,0.019081670950426233,0.007537408416902647
2013-07-23,0.018143423547664073,0.025885467571043375,0.023358301193278308,0.022973859788577355,0.0247258718583816,0.024573784251507025,0.024328269800545366,0.023319802501842846,0.0251734463196871,0.024103062197299296
2013-07-24,-0.006179894179894174,0.007185539651863637,0.007694510501466301,0.007374441508396945,0.006914391916370111,0.007260853579729831,0.005835570555190683,0.004191027298270589,0.005628604826935613,0.006429493444950918
2013-07-25,0.004727628945014661,-0.01577687893984281,-0.02035356253242193,-0.02552599831455593,-0.020106592131977075,-0.018816462151839852,-0.019131152538147456,-0.015908405073800758,-0.017400805758328253,-0.00667487452578841
2013-07-26,-0.016278083933870202,-0.005468257936494303,-0.0008494839671250309,0.0022939933132055668,0.0001971489182719388,0.0009297547665536587,-0.0004884499989846747,-4.2587186277587286e-05,-0.0021429210796174436,-0.0008212536568729112
2013-07-29,0.03305179694906468,-0.017813133280634164,-0.016957395127652597,-0.01664178656586779,-0.017646716916819294,-0.016809650801829057,-0.016511276878676817,-0.016179705102877584,-0.013785843367151496,-0.00952767416874667
2013-07-30,-0.030659491928419325,-0.0005075561988023836,-0.004893254807241343,-0.0007965003652175007,-0.003605734698409413,-0.0005064667011513979,-0.0005773135100437532,0.0016329573988218549,-0.0014328899809100681,0.004496018778575417
2013-07-31,0.004819691883983124,0.011195211465695687,0.005753122838617175,0.0036168150070499117,0.004500848671193269,0.004022344294389413,0.0037295053358159524,0.005602210187380718,0.008046800079483107,0.0025020613855279983
2013-08-01,0.014475374732333846,0.031243790436789265,0.02814748960409963,0.03163974972333117,0.030385257552186795,0.02776317737259637,0.0268633837673824,0.02421933003693799,0.024317951358303613,0.02593058283445271
2013-08-02,0.012749071259709588,0.007445861391640829,0.006398091176566423,0.008163805854972006,0.004623400943640554,0.003351293284644896,0.002595825011025177,0.0036145365742719093,0.0001213934095669611,0.008247562482874393
2013-08-05,0.00942059191329725,0.015208671127841189,0.010391301057658175,0.01558741362093774,0.017215648331281308,0.016887463149427573,0.01609361492936956,0.01466026256928421,0.01672081035294748,0.00936243005120696
2013-08-06,0.006111661711265315,0.004912256963597095,0.010313416090686589,0.01157983162184495,0.009696088302288075,0.009918500965184984,0.010915618393396942,0.010133121220008201,0.009994235923143302,0.014654711019007172
2013-08-07,0.025447381382367462,-0.008251580541126957,-0.014045952718013899,-0.012835765617594808,-0.011505491231178389,-0.01007378499857614,-0.010360316786146462,-0.009533682805293209,-0.011724634071807127,-0.009286226634897865
2013-08-08,-0.01060678834454043,-0.0037432512813041496,0.005090023855511605,0.0050696776873133675,0.003609265593330413,0.0041369496679029005,0.004582430837599238,0.00497117894785859,0.004383766591786742,0.0019320719762372374
2013-08-09,-0.004611837048424383,0.0017415603627957132,0.0002225143438594479,0.002873780270227888,0.0028702332126189223,0.0001791141661400264,0.004024486156438911,0.004753984339327388,0.006886440821412432,0.0013540872536215165
2013-08-12,0.019670798618167007,0.01280356864987131,0.00756729204908102,0.012952203294159803,0.013603375667303297,0.01456427400026783,0.014584362692265707,0.012485371010758195,0.01694273797759105,0.01707370718821477
2013-08-13,0.020845788991191494,0.016811691565308484,0.009299546377522283,0.00514594434612059,0.006187686401182946,0.008015541679196048,0.006763640569774632,0.003851720484591148,0.002778287874072305,0.004106744120286887
2013-08-14,-0.016320474777448135,0.0023440492957207404,-0.0018223853845901195,0.0017088876729101088,-0.002518545766932667,-0.0018422319793736097,-0.001730056333777541,-0.0018386339442235666,-0.003815710783009907,-0.00042049205371785803
2013-08-15,-0.022306898467889358,-0.0001295612385637801,-0.0066939863591042315,-0.007447432056232439,-0.010266346786570235,-0.00795345187565999,-0.010121084710880912,-0.008656083407202253,-0.009048074227895886,-0.013934361571172005
2013-08-16,-0.010474179928548155,-0.028051843516932018,-0.02228160287185854,-0.023494792930154662,-0.0234454784685052,-0.020757991668834297,-0.020044561364782387,-0.01823533677872413,-0.01969603201239778,-0.019300298785363323
2013-08-19,0.009682448510708097,0.028182627161908114,0.020589465475784108,0.023637083011831983,0.021680206926881773,0.021204151339607513,0.020117044810368467,0.017173909315368663,0.017333215653752898,0.02701309853060918
2013-08-20,-0.006826493295408298,-0.01996050038510777,0.0025753254702454154,0.0042340963262548215,0.002887087982922365,0.00240215598642024,-0.001420680585889067,-0.0026110990115023602,-0.0022869837234602564,0.006059419032500291
2013-08-21,0.008264462809917328,0.0047969755372359035,0.011405347091821394,0.009839771370229622,0.008421963949188038,0.007642349595052611,0.006279980923942663,0.006246935991413016,0.002925811157825864,0.009367860429633668
2013-08-22,-0.0031650706054211497,0.002134087144834318,0.00385501113413933,0.0022273990247347886,0.0016705779634558215,0.0004859260249763242,0.004335436265365145,0.00027721860776641627,-0.0017162211919805603,-0.0012951402270889867
2013-08-23,0.021981600586176153,-0.000408870136071382,-0.004360698822258313,-0.0029280759694391145,-0.0023015974380152793,-0.002562970936386466,-0.0030895231530383427,-0.0015591529507990032,-0.003937818269462379,-0.008283039952824756
2013-08-26,0.012307814864972677,0.013206068451838249,0.018782580423276185,0.017776806903032183,0.021624009849164905,0.019962167141004183,0.021157780549820204,0.02014481421543657,0.021732031779475802,0.016048504792823604
2013-08-27,-0.006216801101711633,0.010730492418401072,0.007074919424416404,0.010322538674694348,0.00969965289934871,0.007835901765928188,0.012468057358298257,0.009775949299643427,0.011158328632130843,0.010279943769886835
2013-08-28,-0.012511382982935526,-0.010462481893844466,-0.007399226719092211,-0.00983404082949102,-0.007008997653128901,-0.009179741391415641,-0.006236589313109775,-0.005197174995255849,-0.0071536329936250365,-0.011363576050069435
2013-08-29,-0.016679363297381733,-0.005576025817220054,-0.0014108446124819762,0.003085449285707087,-0.000904769741291056,0.00021328732110581505,0.0029760460033176894,0.0008441204849398698,-0.004256112173393611,0.002490820946363659
2013-08-30,-0.008440366972477076,-0.021303285613006095,-0.01650644171298843,-0.020866791191909262,-0.017330930722288196,-0.0163294431166513,-0.010236206262792091,-0.01190206016766493,-0.006147805754743718,-0.005557367021510329
2013-09-02,0.02570112673739633,0.00879660172793284,0.008232217630650185,0.0143611944425599,0.00861903842719225,0.00757788974267215,0.004019879090517708,0.0072744196575853515,0.0021925771230881796,0.0081460628247918
2013-09-03,0.007898007457001865,0.01868374152390051,0.013013832312493978,0.016428791543813714,0.016785354755151083,0.015715363683811656,0.012679441963264981,0.01670921669961789,0.012083588170784143,0.013421997417194742
2013-09-04,0.019888623707239317,0.0007585168603054804,0.005279276653831211,-0.003271936096945538,0.0028251837389523526,0.0024519814879448987,0.003666327051897511,0.0015123220111381563,0.004084416689135617,-0.003591510395714259
2013-09-05,0.07605304212168496,-0.0010381323829227185,0.004094587627323287,0.0072666130489593694,0.0033119677316741924,0.0016887099613300816,0.0010651771459702086,-0.0006384543690896027,-0.002464005352064813,-0.002247283535378952
2013-09-06,0.008553823849220654,0.00011930742254873117,0.008910026034668395,0.0075278761061516875,0.007873628313106229,0.0073616700123937395,0.009569061199766304,0.007799080942533454,0.0061929824202078265,0.015493970709390181
2013-09-09,-0.005678142744196091,0.008450350617370317,0.0037659689395466156,-0.0023084188111796022,0.0066473964501205796,0.008042489380289952,0.008951974789246364,0.0077914085127310795,0.007260032557300233,0.008848502677546222
2013-09-10,0.003325140957062267,0.008832300669597393,0.0050838131759056715,0.007799326381715765,0.0062241002174743265,0.007237264807246069,0.009125402729653898,0.007432149963530366,0.013719468269122848,0.01546725733615828
2013-09-11,-0.023378962536023007,-0.017444924455554567,-0.01395550702951498,-0.016482902982211667,-0.009836164611920939,-0.008338053278930668,-0.007956959169743594,-0.005993687750397436,-0.005314859981002451,-0.01005480343718379
2013-09-12,0.016229574711371653,0.001060595382454732,-0.001751368074862314,-0.0011031717701773802,-0.0021052290302675525,0.0004932568645550361,0.004995839479161379,0.0021363022442726365,-0.0010398959301095578,0.005760744659857986
2013-09-13,-0.012885194729773786,0.008696351933339841,0.00144467112144131,0.003143877628811742,0.0022208219825707864,0.004927844910458168,-0.001225524521319632,0.003394405474868467,0.003808387469066421,4.979405423899408e-05
2013-09-16,0.016877481982644493,0.01038790601973738,0.0018684514238549443,0.0031131794696090953,0.003022399210003801,0.004126337551804804,0.007639053331264467,0.006170210337530069,0.003057065759291211,0.0036886969945262305
2013-09-17,-0.021623576206834083,-0.005753356543035548,-0.0110953097415053,-0.015221491929934272,-0.016526431994766555,-0.01706966389785114,-0.017822231727271154,-0.018493445537742126,-0.021830463664488486,-0.018043613662267144
2013-09-18,-0.010237646450086846,0.010128169911733709,0.009904638289027323,0.009026277321851017,0.007399044453627379,0.008214085300255913,0.010295042944046928,0.010111090158380298,0.009866365546549405,0.01128758128420615
2013-09-23,0.056348020911128005,0.022072500851622934,0.021748983690891288,0.02171987620889748,0.021075131493572652,0.020465122493668497,0.020644524771813222,0.02019498134647102,0.014731041323783112,0.013227025221519195
2013-09-24,-0.029658171020538138,-0.002010521448264524,0.0038231133586901223,0.0029995691993880413,0.0019577686211584844,0.002992914795348467,0.00344464762208041,0.005536728553325432,-0.004766308867868774,0.001620550048978986
2013-09-25,-0.008233151183971055,-0.01080720764750387,-0.0016986589347603998,-0.005847046258511401,-0.003185940007314425,-0.005474637796542781,-0.004529032962668045,-0.005096011457375149,-0.007884048179125913,-0.007366610365629134
2013-09-26,-0.029055245371730765,-0.016318315564358365,-0.016639600697135215,-0.015102460523800154,-0.017883245456449703,-0.019286449709554288,-0.021047352688805532,-0.0199036513095302,-0.020018118656196737,-0.018278587706979654
2013-09-27,0.009117391139863207,0.001315414840765028,-0.0017704072875450727,0.0015802341779764806,0.002226431936023232,0.0017028463539541239,0.0009253753277502774,0.0007506897046334338,-0.0017896219785787926,-0.002130255078380161
2013-09-30,0.0015745669940765428,0.012024964584917752,0.011287847466109335,0.017460636437234056,0.01409693754672725,0.01487233189927406,0.014287133684556919,0.014122627882801275,0.007731904532608969,0.011670752672231943
2013-10-08,0.018939961072016898,0.01580827868439183,0.01990473551938532,0.016877963959935016,0.017732590353181088,0.017333200817310823,0.01277907098330644,0.013942392513016433,0.015091129742055953,0.011048953362036151
2013-10-09,-0.005804129013298298,0.008842957291511855,0.010485656296897794,0.015287331111507374,0.009194143913234365,0.01332258549963794,0.01065461891743369,0.01487044288837902,0.008188785842973223,0.01851709291110515
2013-10-10,-0.003805793674253599,-0.0035182149583083966,-0.0053354107264640405,-0.009390329520143958,-0.009184706028042888,-0.004636124415095866,-0.006262466184141613,-0.004330037732222847,-0.005579980280292607,-0.00849161833905887
2013-10-11,0.03134156744927874,0.007398946546211649,0.013327264860709231,0.010787701759008783,0.013745377215413468,0.014771454544169504,0.016491100825131166,0.01699448870179987,0.016057818281618896,0.01473655971018406
2013-10-14,-0.0014025749838164625,0.010544832741046894,0.009877484494180022,0.01330772877875086,0.011195321462321495,0.010505591132638825,0.010677693999471494,0.01083530216325701,0.013451372119402727,0.015021390437725879
2013-10-15,-0.02074404869089197,-0.009169915705662834,-0.0020153669616939096,0.00011981587590170761,-0.002188311031298018,-0.0006746058201156924,0.00037834589612972813,0.002386668935990599,-0.0025183697378791114,0.004958735887768295
2013-10-16,0.004266117465337782,-0.03436285912224635,-0.02101043935649738,-0.03374845296277762,-0.02971152448556491,-0.029351043553948464,-0.02798348532978212,-0.027036374382677475,-0.030288287974786665,-0.02776919163559033
2013-10-17,-0.00758047387116878,0.008143146138634094,0.0039528266182520255,0.0011156202660980163,0.0007499148753669083,0.0010096685716887155,-0.0031971818385386763,0.0009007232214079952,0.004652395576973722,0.0009526818122993497
2013-10-18,0.0032841328413286686,0.004827480797299444,0.0042659371191644535,0.005477221296168899,0.006963540744695296,0.006414224147154979,0.005971771149050342,0.004764473881300857,-4.574608962382154e-05,0.0018070029973540347
2013-10-21,0.01868402662841584,0.029087039492698752,0.030404567693491646,0.026675172805981084,0.02550212845302391,0.022797065746503975,0.023911146465237065,0.023594563464896412,0.022998275776807242,0.020265778902433196
2013-10-22,0.026862115030508837,-0.006692355182331133,-0.008088545857349971,-0.0094706686631435,-0.007553653931925641,-0.008620656133214388,-0.01039356367319666,-0.010825043108430799,-0.005291881179352753,-0.007226623072533522
2013-10-23,-0.041805843676382515,-0.017926879188666534,-0.023890633456745802,-0.02394537195675639,-0.022788748276400983,-0.026795219641416734,-0.028661047904374737,-0.026468921523940425,-0.019369818711489017,-0.027686556448927924
2013-10-24,0.004623513870541274,-0.010629977871383423,-0.005230723882613364,-0.006169576323316939,-0.005443323974980596,-0.006625102090671575,-0.0052828815303042065,-0.0023078182536436787,-0.009108463046985649,0.002126009821933117
2013-10-25,-0.006720724669442624,-0.009247167763423159,-0.017103545330676262,-0.016874928381026444,-0.020342043984216573,-0.01787415986630725,-0.019725439910838527,-0.018385041659727208,-0.016249690018731777,-0.023044800868154414
2013-10-28,-0.06935353386776488,0.0016028468984035094,0.0002717899968773807,-0.0013116088461772035,-0.0010785336465345408,-0.002303817992527546,0.0001234190614338715,-0.000407076343681978,-0.004262797200569768,-0.004027296557308824
2013-10-29,-0.05832147937411103,-0.033668971369966605,-0.027963595534621355,-0.030473869291172906,-0.02886837700924494,-0.029142574840511193,-0.026132340468981274,-0.024503969401162062,-0.023257464473974254,-0.026235165791473336
2013-10-30,0.007972473984558581,0.006961430007007774,0.01642656292860578,0.016214726322605122,0.016288747707583484,0.0171511699852247,0.017413033101546738,0.016272060563216728,0.01919672977461606,0.021707361456708485
2013-10-31,-0.016693031387894464,-0.011403722069342925,-0.011329751702764623,-0.010954846200426638,-0.009385261520256316,-0.00844515791477507,-0.011201598707943683,-0.010549347468857606,-0.009974699571744017,-0.011897574828543034
2013-11-01,-0.00457220270098635,-0.0014897485999240123,-0.0036000259591105754,-0.005220722852914084,-0.005892484814790766,-0.0030003361113524196,-0.0031851963649013326,-0.0039448318644321745,-0.0019925388941908206,-0.004913825004877248
2013-11-04,0.010760005103559678,0.00807962360974912,0.008499289947834221,0.007490323005968191,0.006355030342288126,0.006176219346253786,0.005378319840142032,0.005494789488908136,0.009283284779236123,0.009967518954585586
2013-11-05,0.025119919212320152,0.01653289095254329,0.014450805314793369,0.013857068778545312,0.014960156719365347,0.013787829856111822,0.01340389525485719,0.01159523562945397,0.014427328220291136,0.013285230833380846
2013-11-06,-0.01178015843697422,-0.004637466260342449,-0.004595761009774324,-0.0035364608120410645,-0.0064393357053691425,-0.007543718676569111,-0.008708508235142909,-0.010340300879590925,-0.008582656944401856,0.0012915203636234551
2013-11-07,-0.020892174779863715,-0.012138718192724163,-0.012117425121210057,-0.00966763190647324,-0.012362254521629756,-0.011481121305053743,-0.014915071374427491,-0.012283317501360247,-0.010884121282661918,-0.01372446792060622
2013-11-08,-0.026004326984261805,-0.016632136125671937,-0.012396499739840694,-0.014351994299180215,-0.014539779500963523,-0.013475987950104074,-0.013743664231746888,-0.012688018467203799,-0.008724906317570946,-0.017741356591824076
2013-11-11,0.007926829268292801,0.0016569386177369694,0.00881492645136528,0.008103711856098483,0.009504477491818264,0.007470027976084426,0.006740123292177769,0.0045247165968147485,0.003605732316588117,0.012428062549364016
2013-11-12,0.012833808659579837,0.012698825829110305,0.009849564881845074,0.011948418744538225,0.011006850814312408,0.008009040535528644,0.007512904383460528,0.008779702688017199,0.009674751912846613,0.014870649630418287
2013-11-13,-0.02948077989675324,-0.02024079530337486,-0.01528011884968572,-0.016734961850841668,-0.016053206020470223,-0.017410920893432102,-0.019888756202858238,-0.018571800473379252,-0.019860921100452678,-0.018459691546023893
2013-11-14,0.0242658695269915,0.015924887970543367,0.01552638263805739,0.019205087767724338,0.01890780209704168,0.013914806225743703,0.014067396876731975,0.011955579269953498,0.010980272454492956,0.0027957787532471023
2013-11-15,0.017768240343347452,0.02046725366029145,0.017766805647293937,0.018791185823835432,0.020537347479740786,0.01908620810732331,0.022130282414361435,0.018725281733862786,0.021376116883688567,0.021087519746686878
2013-11-18,0.010036265497174846,0.021437269674709825,0.024640039129213642,0.0227281717321004,0.022548609272205367,0.02090524853530229,0.024475094096709782,0.021496290692938125,0.019985563901802728,0.023532476042854578
2013-11-19,0.002338009352037318,0.005272368212915657,0.003879584456845331,0.006359955234057413,0.002252708827551464,0.0034047074331926552,0.004330158921236338,0.0026817637892355695,0.004806063435636387,0.0010857907128536404
2013-11-20,0.003332222592469014,0.007344027586161372,0.011813744976244323,0.009981760568732456,0.008505424868212819,0.009320127177687931,0.011760008526639831,0.007878048694006878,0.011088800226466411,0.004269980652380045
2013-11-21,0.0027399535038195033,-0.003883898839376676,-0.0008146509095481314,-0.0028186542578565454,-0.005736478127072564,-0.003856232000077342,-0.003143488899876812,-0.0053028477774067495,0.0018806410577647537,-0.005103449645515901
2013-11-22,-0.010971267698931975,-0.0016034997514350335,-0.003046468310694217,-0.0029774711762089456,-0.003312630485543755,-0.0034252690345684123,-0.006325283081415112,-0.005032117444481288,-0.004872794504404809,-0.010768918662100502
2013-11-25,-0.005106952990916347,-0.0035261710478879937,0.0007084025311296926,6.062493290448501e-05,0.0009269598452745775,0.002459351184904035,0.0028738282643758772,-0.0006037043552123977,-0.0021138597823481264,-0.0004100086513076917
2013-11-26,-0.0027769596499347404,0.007314849732896089,0.00726375113096589,0.006483780187413135,0.006059159439274486,0.0036660010511779806,0.0038004958407724665,0.0016155703159705936,0.000983456944187333,0.011036710633575808
2013-11-27,0.008311885574448397,0.014461353329403348,0.01117963265629518,0.0122259535174023,0.012655810335691964,0.010548595672803085,0.010862720941084092,0.01007604520985561,0.012664214213453429,0.009138931524441896
2013-11-28,0.009456858314503158,0.00481095480942062,0.0019864460352172486,0.008537972638009927,0.009493306168036675,0.009705612198938507,0.008012119465195866,0.008880752349196275,0.005490868064614851,0.002964995060652731
2013-11-29,-0.003026032167136483,0.01473347337436337,0.011867556425109838,0.012897501183197768,0.011365355432575441,0.010367927708800906,0.007386916116054021,0.008393008872790375,0.006208945098255203,0.007890388594728792
2013-12-02,-0.05188973431458155,-0.06548619905526865,-0.061873211020087915,-0.06033492496501636,-0.055611425492269606,-0.054859067463487454,-0.05251478964958611,-0.04687723156417123,-0.04770997864041426,-0.05399694033291369
2013-12-03,-0.00013156163662675358,0.01017477807666256,0.016263298794343628,0.01430371326181934,0.018112778979537003,0.01890912548268897,0.020145509831775765,0.022411986692380426,0.023095567999501965,0.026382037736570663
2013-12-04,0.033245614035087634,0.008520726691046754,0.009094045721773414,0.013165812371118024,0.01370852150859947,0.012944060292173765,0.015809006135431014,0.015031502399549312,0.020605028291893035,0.02624707708517393
2013-12-05,-0.006706851175821371,-0.007590419503023194,-0.0020075912283609165,-0.007067578907494654,-0.0010631276746952967,-0.0025356307606692052,-0.0019929236113396254,-0.0002238928659823447,-5.767731735728532e-05,0.007560351203509619
2013-12-06,0.002820512820512766,-0.0017537272154739547,-0.0041603554851091795,-0.0011633112850033545,-0.0025437204891821663,-0.0035846199293286807,-0.0022805211098535505,-0.002841010197504268,-0.0035951701965565297,0.000593335138254103
2013-12-09,-0.005497315264638147,0.017676051642117274,0.009210988976797507,0.011048300912118725,0.011900796288288884,0.011317194291836419,0.008443173706581764,0.010897264154357655,0.009644877110225547,0.01799270454494062
2013-12-10,0.00029995286454975734,0.005835916452256562,-0.0004017383203629432,-0.0019101720548907464,-0.0012424004311756276,0.0016972801291876838,0.0043375841497570455,0.0024920378981501123,0.003034159566184247,0.0013209128228208744
2013-12-11,-0.01614976010966418,-0.008583759004841984,-0.008242009798815397,-0.008769313792988065,-0.012054677641482159,-0.010007667447247237,-0.01049453875736639,-0.009938949099005834,-0.007011575682761562,-0.005259355588975945
2013-12-12,0.0009578961118126283,0.004150423324973174,0.0085423737393433,0.008526713008000675,0.006707069802032617,0.007866314140359654,0.006237186703859088,0.005970491681116075,0.0021173385520791843,-0.0008598353999608177
2013-12-13,0.014267693244595314,0.009063965471430402,0.002471696983387117,0.005379366551878428,0.00491485218473664,0.003805038370575664,0.002953778646120231,0.005511142548806358,0.0012072244715917169,-0.0030887916007390492
2013-12-16,-0.024617232062443706,-0.0037504882263972306,-0.013274040531014997,-0.01337334229886944,-0.01489318685936769,-0.015758985074137755,-0.01585431405932558,-0.012554504229046026,-0.01831832755744256,-0.01511791071808588
2013-12-17,-0.0022424482258277534,0.0012603838176579174,-0.004984134559969933,-0.006538202151656791,-0.008513488372539735,-0.005870654962243149,-0.0055024750588617,-0.005720944697592101,-0.006098222502869954,-0.01009361188741631
2013-12-18,-0.0008813678829542315,-0.00855956979248651,-0.002227929240985249,-0.0005616450871780421,-0.0018898921618463183,-0.0008049133267659103,0.0005118707172180326,-0.0005796660250124708,-0.0024759132347189627,-5.2928125046647345e-05
2013-12-19,-0.017598800282286664,-0.003502543639786526,-0.00735154562891005,-0.0077931178607358875,-0.010106746508279474,-0.009903964346545946,-0.005683918968778512,-0.009501491483515423,-0.007172256720865966,-0.0016771300944666834
2013-12-20,-0.023526242535805597,-0.007181496881161098,-0.01289890578659969,-0.011780984470694422,-0.011406143336231356,-0.012656469753186794,-0.012937797736578216,-0.013774431594285486,-0.012003751317069322,-0.010907794051538633
2013-12-23,-0.034024552853004875,-0.0045636037977808686,-0.004814772707520287,-0.0030791136680455855,-0.003470269468563658,-0.0032407361825202985,-0.004150852017186346,-1.045812210553887e-05,-0.003671591691852605,-0.005146644521349497
2013-12-24,0.006140225617592421,0.009147777929944922,0.007840169542789877,0.012381731090067127,0.01116964863094827,0.010191328404094646,0.008952953440201972,0.00921519823933914,0.008953883762939485,0.008617435749215696
2013-12-25,0.0032169552464755835,0.014875328885879169,0.01893134495674831,0.0196987431082829,0.01954244289527307,0.015557580966734541,0.01555027529867381,0.012496542338163996,0.011107154568051225,0.004211945841382292
2013-12-26,-0.02513439592568134,-0.01939594327829719,-0.015896227609337843,-0.01601537182225199,-0.017628773967132805,-0.01621341265701437,-0.01886032100969126,-0.01853953637207162,-0.023374755470750297,-0.02014366426380887
2013-12-27,0.018236346925941893,0.031397959981822154,0.01780925484989493,0.02264145707577292,0.020298635288682032,0.018519085093388066,0.016154030334392333,0.01535033194239288,0.016200044453422047,0.00999071388127426
2013-12-30,0.004275534441805284,0.010810272402101972,0.007251822623575155,0.010111209457559722,0.006035748091327564,0.004839830620200436,0.005585801963069681,0.0058422955554640055,0.004991208257109303,0.0036372036044940437
2013-12-31,-0.0008041627246925254,-0.006165799104877245,-0.0006092269691979624,-0.004225447783200331,-0.000808269788845184,-0.0022207410908801073,0.0031442090739055573,0.0057243635561474715,0.009283183699219322,0.008697997942975544
2014-01-02,0.011740756521327445,0.00739050651061568,0.012160816655744089,0.013991047469956275,0.011270567327326786,0.009111440386458503,0.00762899561313124,0.006123710671000815,0.0032667493474229925,0.004852047678707061
2014-01-03,9.358476440057828e-05,0.005012491426572341,-0.003293467879282863,0.0007892824306683366,-0.0024355908508363333,-0.005115145542583188,-0.006845981243131627,-0.008293603527683935,-0.011428628953556452,-0.001947640721952082
2014-01-06,-0.038927618958499166,-0.03976541761339303,-0.028448201097986625,-0.02737263628929687,-0.028288570920142253,-0.0286553931019371,-0.02779294692545098,-0.027110700298357937,-0.03146726413710832,-0.03129369474762245
2014-01-07,0.00034078185093244784,0.009015446654349502,0.007165446850175172,0.009113177014292706,0.009187549510835336,0.007450055131647648,0.008493909480943529,0.004659180197029711,0.0036363877190002114,0.0062773205690225264
2014-01-08,0.0017519953280122902,0.012535717379125622,0.009489972317156647,0.007507923727435806,0.007178047905068485,0.005469338716556527,0.0030785043103291887,0.0007862048517781606,-0.0014396390412774185,-0.0030909243085500693
2014-01-09,-0.04148853478429837,-0.017657592422821278,-0.014710479632902063,-0.018797355184535514,-0.01730931787937473,-0.016371458752550305,-0.012638698794895653,-0.012039392887549516,-0.011392892765360152,-0.012559284432662854
2014-01-10,0.0016725798276735482,-0.020051451934595343,-0.014566385053866648,-0.017480821608778174,-0.016429428662691925,-0.01597298271200509,-0.014986137682424183,-0.01731662064898054,-0.016720939405981405,-0.008781185147167192
2014-01-13,-0.018418256337600636,-0.003945262865367671,-0.0021860478185422583,-0.0007369773662054824,-0.0006080637794804167,0.0002595223069292718,-0.0028121286318814054,-0.0016486872555840915,0.0005444837331449737,0.00033009648212867226
2014-01-14,-0.0032991391308831997,0.027522012800458073,0.021705165366695534,0.022460744347664097,0.021462592587592644,0.01983494350451709,0.02022939186795991,0.019569437898883102,0.01892841130837586,0.022068723239700105
2014-01-15,0.013705715024567189,0.016605695868557646,0.011689430823711211,0.01053264409395216,0.00836904426346008,0.0076298211254481885,0.007224103861488862,0.007334627239186542,0.005051591468222982,0.0160655525152833
2014-01-16,0.00658163265306122,0.0020844567796021174,0.00016304586593829384,0.001947449397087242,9.184933666639417e-05,0.0022827878443405503,-0.00018385755057581665,0.002545856880060482,0.0057620809034213405,-0.006899619054311135
2014-01-17,-0.003243955598357773,-0.00043357884948980185,-0.01005352148710481,-0.006199627789275741,-0.008696777830759728,-0.009982026028368618,-0.011258253550288755,-0.010807963615047655,-0.013702794097014137,-0.013553634409489757
2014-01-20,-0.015509788965166638,-0.0016340953072870867,-0.006302918090209553,-0.0058863877260084685,-0.006539470447385343,-0.006935442950992354,-0.007336621535272814,-0.0068958430128578385,-0.008205823564328085,-0.006416622471342226
2014-01-21,0.005526859504132453,0.02297201543087124,0.01596511797236233,0.017804169654475732,0.016885617818898302,0.017184373915379192,0.0174800490920084,0.014730493774466558,0.01315856332716625,0.008450753608591821
2014-01-22,0.03097549699491431,0.029320218515331176,0.024947389540770804,0.021230598760579866,0.023845212933211624,0.02308213330704656,0.023806080974170474,0.022421496855561385,0.026716854149168467,0.020171244770690322
2014-01-23,0.0028898854010963593,0.013935199670282561,0.009883580965554417,0.012117629330764768,0.010183316593471936,0.007100855576184895,0.008583968550814225,0.00413003751513652,0.005413183560293744,0.0010205480059339855
2014-01-24,0.00665739268680432,0.019816930009035172,0.012431688218620174,0.012652416998451876,0.011909757974200907,0.012953198752978512,0.01569475634384676,0.012153504200872689,0.012231133506684255,0.008510711313088226
2014-01-27,-0.007600434310532034,0.0008205332277582134,0.00267136952841196,-0.0017782467394853452,-0.002065696242338877,-0.0005483582216274652,-0.003346467967932587,-0.004607562162435186,0.0004926294794533881,-0.001965460927623508
2014-01-28,0.01372588024666821,-0.004625268920004033,-0.0030456742163900152,-0.0032091716770340506,-0.0015670541112514647,-0.003036485700804503,-0.002454092573405453,-0.0024432638557141395,-0.001347760936864173,0.00553557482766065
2014-01-29,-0.00416993720565173,0.014548920256805875,0.013472584973965862,0.012285827598790933,0.012044108822405475,0.01063244639867622,0.013370775400394885,0.010558550232679265,0.011162128084345246,0.0027468494056488435
2014-01-30,0.013793782944972799,-0.004399043306141048,-0.004282190814962061,-0.005783311855848794,-0.00481105129203141,-0.0052818981358025985,-0.0027989461022306372,-0.004774736128002943,-0.0027365337813018975,-0.013170735493307939
2014-02-07,0.002818407114048238,0.022401733754722652,0.018077145006294648,0.0224362085706189,0.02171250612904374,0.022689732874279445,0.017184756100250942,0.019523603849821214,0.014352825062194707,0.01762733842501607
2014-02-10,0.043562533313950436,0.018640222020897212,0.02518949174546381,0.02810737372210581,0.026859356672331414,0.02924632604443933,0.02888211528270057,0.027279300319714483,0.023677007734945077,0.030677547061537247
2014-02-11,-0.015462481426448682,-0.00041298872912309825,-0.00043814813193066016,7.119751038997535e-05,-0.0003416378034631906,0.0024668164248438096,0.004756459585082418,0.004369979831736925,0.008712087208069041,0.008466676199651468
2014-02-12,0.03310852237890871,0.008684810316368807,0.011443031088939293,0.014901044433931254,0.010797406172899038,0.013368675635308191,0.013286267889744519,0.00841932539964585,0.010767892555242131,0.019378327675561913
2014-02-13,-0.019310659666742946,-0.022591520194682024,-0.01826465391947929,-0.019679269665420662,-0.01878605226340213,-0.01950987831499762,-0.017222390431346102,-0.015648646122598198,-0.01411229813538828,-0.011996740231659864
2014-02-14,0.02425286286193118,0.01618791385140983,0.02287003727146608,0.0243524724170725,0.017254932069540097,0.019253818147554114,0.01923960680946224,0.018136767012913557,0.018502250086580574,0.026053239028887898
2014-02-17,0.016225060219061005,0.02251628158809349,0.028369419657787498,0.026540951700058768,0.022430618687640846,0.01925483169241904,0.01935815285885001,0.019834946228138417,0.016409624226735753,0.026333532399309245
2014-02-18,0.008005366726297147,-0.006860585299176436,0.004412732398036523,0.003331193118628395,0.0001314100556888409,0.00041889647423842824,-0.00035750373892218246,-0.00013865740785856673,-0.0024585780434324134,0.0018106726850741772
2014-02-19,0.007054438972447619,0.0006096749365345211,0.0004557347957134805,-0.0008731535935606605,-0.0019018139085870134,8.660476715349752e-05,0.0004725439709429846,0.0008685515178581404,-1.5106788863072929e-05,0.006502709628654735
2014-02-20,-0.01572825799629929,-0.002425896129529259,-0.013537265937771492,-0.01237810648210469,-0.016377353606186196,-0.014116783414228395,-0.015108406486733394,-0.012550017792276824,-0.017410950137596748,-0.02266217212863908
2014-02-21,0.003043731256434423,0.0002029185816643242,-0.00148750302691103,0.003925299191931408,-0.002472203868821299,-0.004705223286364135,-0.005324295450164551,-0.003693811569100647,-0.003813724162958887,-0.008505925724468955
2014-02-24,0.0022758713017090315,0.007894360158344105,0.009675925160525622,0.011194295175328106,0.005166795707761684,0.003213182987958918,-4.4717047634312834e-05,-0.0034284178257703024,0.000937213772013612,-0.011293406877263545
2014-02-25,-0.021193232413179053,-0.03761656366097421,-0.04086486309471482,-0.04277135179896996,-0.044037198595250016,-0.038470800132858196,-0.0381617177178627,-0.036095509848556806,-0.030708155559153516,-0.028993627845904424
2014-02-26,-0.004639737991266379,0.0006662218546313881,0.003619012436431923,0.006838900635256051,0.007410024934359161,0.0068927677693153555,0.007576911574098677,0.007258066923162332,0.010036325370505361,0.01111620158575466
2014-02-27,-0.010099625262772971,-0.023954309770955473,-0.01990529624203541,-0.017400862871123635,-0.014505232257184586,-0.01963915955700546,-0.009162780047797914,-0.007817890783248016,-0.014874511742409169,-0.00984704193405217
2014-02-28,0.007848206453995532,0.004183081068809713,0.008337234054285325,0.005100291558623571,0.010742551235648712,0.011943967686555368,0.01098958531347094,0.007925311055795081,0.008906544773127134,0.008804558930922912
2014-03-03,0.007787091750263375,0.019083433712385744,0.023547115923327144,0.019440778074306664,0.0212998860251834,0.02191531103295019,0.019962327114627643,0.018740630119562063,0.021484143064622874,0.016977304047361308
2014-03-04,0.011590382255352027,0.006500039527250978,0.002208578836751407,0.0017632720017570769,-0.00293254561829559,-0.0012723032799214495,0.0004111892831810682,-0.0014444572655714083,0.0006839291411753212,-0.0013177059896410936
2014-03-05,0.004583033788641222,0.01220650340285423,-0.007988767709649736,0.0011857751350823342,-0.0021202426038036126,-0.0013500504223072918,-0.003632229203440973,-0.005379366915011952,-0.0056264117963811255,-0.005271778887208978
2014-03-06,-0.006082833884962668,0.006427184434801614,0.0021187028279279208,-0.0037306639711118805,0.0014152725246527886,0.0015054953549624717,0.0021699486869133366,0.0016437164998095444,0.0007508063383057095,0.0007780777847163911
2014-03-07,-0.01300513005130055,-0.014967454881457343,0.001925796365638277,-0.0012941069165106622,-0.002708752273203441,-0.00014121844742631673,-0.002050847889134566,-0.002830453760378049,-0.005823528050003968,0.010009704640577377
2014-03-10,-0.01705193088040846,-0.03521350223907538,-0.03159751146985568,-0.04061752133204677,-0.0377265140219859,-0.03838140671018053,-0.03776587605916415,-0.03481941295805058,-0.036476830743956135,-0.015098601537532175
2014-03-11,0.003942668954960649,-0.010934313476303137,-0.007573266747877838,-0.002707874355389106,-0.0027360859149183625,-0.0033054772739359306,-0.0015644030376452678,0.0017561429813663931,0.008416138625958913,-0.003436517081242485
2014-03-12,0.000785437072629902,0.0030404487856259266,-0.007481982446581936,-0.0066471593858713485,-0.00045562901564455416,-0.0023994834483316296,-0.0013765674184332832,-0.0015549421538448849,0.00025399134308967675,-0.011549386880330692
2014-03-13,0.0,0.006560293559554564,0.01640841253839964,0.016290839673899438,0.012545771491478064,0.011985567950385967,0.013141206111365378,0.01423970052067669,0.011556601017892687,0.005295586806635777
2014-03-14,-0.00706338580859589,0.0014047203398617203,-0.0028840958049682897,0.00010674480538175324,-0.004418629585837053,-0.0022687279370520175,-0.0024071080830952996,-0.0019846412347277465,-0.00767220737143659,-0.011046691179188994
2014-03-17,0.011856053561465352,0.024835324997226182,0.024092846680237257,0.024757820176558143,0.024137928805613607,0.021757814593126312,0.02293844433699599,0.018260294849666403,0.014591927551811823,0.02500349835598681
2014-03-18,-0.000781142305748328,0.0044171279160190036,0.013234697805809992,0.006387805750341702,0.006465675840721774,0.005083567429056135,0.006266254075613542,0.002437484578941662,0.0032423424113134924,0.0066544762823750325
2014-03-19,0.010944541524878115,-0.00377364101914468,0.0035754202362892062,0.0032929223694413423,0.0015752499114649599,0.0010707101200333469,-0.0036491513727132663,-0.0025738954332785724,0.001336730642901518,0.006867740268723388
2014-03-20,0.023971979621543182,-0.032480463795955594,-0.025863114804189014,-0.02893807921428182,-0.02576755680930476,-0.02856922710831966,-0.026600483354987325,-0.02659691089802929,-0.024970543400490208,-0.020795506811886244
2014-03-21,0.004531118120030264,0.024390102292340954,0.016223038686103752,0.013548153985317057,0.01692144004158158,0.015444150476354057,0.019156595061202486,0.019962564596631927,0.022702412834889607,0.011094953521179951
2014-03-24,-0.004510679697519282,0.00010592221581906536,0.006224294494204807,0.0006197285644835571,0.005771336032835306,0.0032624570479027337,0.005365175430039448,0.005000019188716731,0.007895288510411325,0.01291913743744244
2014-03-25,-0.010572608946737061,0.00788155693680892,-7.951904057690307e-05,-0.0033444990339235314,0.00035347226487858485,0.0010712454099213176,0.002031677846170199,0.0016356644588393365,0.000821810787046573,0.0011294975011972852
2014-03-26,0.0038162798006555754,0.007010695552456259,0.004726254979757316,0.009380568673700296,0.003793287268882173,0.00617523282746979,0.004699885371139745,0.0016148089234158114,0.0003766670855069876,0.0018347306261121687
2014-03-27,-0.009124250827444391,-0.03494695051034691,-0.02046087936387775,-0.01936627235155075,-0.018566058070592417,-0.019899972783620434,-0.016277146981958035,-0.017680991972125693,-0.014019652786947057,-0.01104590819990825
2014-03-28,-0.0007673557822515109,-0.03672148417919885,-0.023200627000608764,-0.02951279927150341,-0.02401617507146203,-0.021964470837562367,-0.022926167340039716,-0.022277336507144363,-0.0215092011625051,-0.022126083263424134
2014-03-31,0.021502461941545814,-0.009812180512688506,-0.013370980730089799,-0.008083051955065534,-0.0079611797937571,-0.009454017190054342,-0.00717994992694726,-0.006049291226404185,-0.004103416008486516,-0.01114666834995337
2014-04-01,0.012780259142970873,0.020587023383367375,0.01735663223415118,0.01828465798023471,0.016148905217490128,0.01730597147751123,0.014454849297278916,0.01587291317618944,0.014150329115938387,0.012247885079908816
2014-04-02,-0.005196052746485047,-0.011486228073225302,-0.006240675115716798,-0.004661887722927416,-0.004639590008127192,-0.0020451733804635053,-0.0030118379596046907,-0.00462034303498482,-0.010936985461370674,-0.0008446286225869404
2014-04-03,0.0037308519510161897,0.010075022832207736,-0.0017797077449156484,0.002123867917912081,-0.0002993852214746573,-0.0009126280407856235,-0.0014196098914829314,-0.0025997829150392615,0.0016184561504377637,-0.013074263475633008
2014-04-04,0.0007433968864789531,0.00732375304635724,0.013855007482948212,0.012355474189919446,0.010380832600267897,0.009602354822840775,0.00986079627925851,0.013337219479311546,0.012022381008504057,0.004055388344526012
2014-04-08,-0.017697181559973907,0.0043478085406833955,0.008103100382145012,0.009020731717757524,0.007572172748522732,0.010071819103699697,0.008338253923321437,0.00966758581395566,0.009024973325651109,0.0035884358645947856
2014-04-09,-0.005693950177935947,0.011751700614949678,0.013389890063769672,0.016083393254088252,0.010413190223806712,0.01034785612828748,0.011040811520049543,0.006705543102382361,0.009585874911804293,0.0059527423759664355
2014-04-10,-0.01471904080171793,-0.017392088711917775,0.002594365284496636,0.005025569425986198,0.0029906632843488268,0.0054490592305704855,0.007023501328309978,-0.0017247695370661287,0.0016079816875271824,0.0027238318069453538
2014-04-11,-0.017890387322345047,-0.00860672619739411,-0.018833104494775044,-0.003753351453366971,-0.004706342051319701,-0.003475122332720071,-0.002694970736133895,-0.0013651169444798272,-0.001352055288269538,0.0007868176100491731
2014-04-14,0.0011096213417172152,0.005159965945917833,0.000578777724279167,0.009140231484108696,0.007866482788723594,0.007069204002424279,0.007017904511400941,0.005745149018184348,0.005429840563540234,0.011968725617541809
2014-04-15,-0.01875028864360584,-0.0014114599116469284,-0.005095341574458789,-0.0036909973934821094,-0.005997884699526557,-0.007477823890959967,-0.005985212827825492,-0.005796887381713023,-0.0081296815543358,0.0025078456609872735
2014-04-16,-0.018355532545771047,-0.004187393567487319,-0.0023512516530066474,-0.0016874786195785196,-0.0005455103832081587,0.0005501468135260534,0.0027705053181661388,0.0009023419315634662,-0.0017841689004147732,-0.002548710499969964
2014-04-17,-0.010356235316680173,0.005725903986557146,0.0011449807238381737,0.0006838099754515881,0.0009619256878354854,0.0005109042639070971,-0.0037685482501513823,-0.0013058182218108616,0.0028231848570150486,-0.0012362820209458336
2014-04-18,0.012838525265248757,0.0029957623580059156,0.0012848324950016643,0.003543740139829721,0.004870560522924006,0.004370890969299435,0.003695744952107116,-4.050623411744336e-05,0.0038786236040950772,0.0015836616526032632
2014-04-21,0.021333588443508855,-0.011781301755029117,-0.014437360020531309,-0.014106412008453084,-0.01569636848972844,-0.015285465564062295,-0.019935650096006508,-0.019057700210491246,-0.014157222611850373,-0.024445588872853863
2014-04-22,-0.033626826526788944,0.003164697731187882,-0.010765204153079022,-0.01059671339432644,-0.010803471046644697,-0.00962634548183372,-0.007714746431406683,-0.005472347851635195,-0.0037420667457503942,-0.001704428027744287
2014-04-23,-0.009789667539013225,-0.014068812412743048,-0.003711110767256165,-0.003237301599075204,-0.003998354948734906,-0.005284013735110449,-0.004059006593752468,-0.008292296993913206,-0.0017849429762104574,0.007732903177015693
2014-04-24,-0.007977682067345504,-0.01446266138120389,-0.009273924668177669,-0.011328804923011582,-0.010550624373422579,-0.008236467288345262,-0.008978867559415016,-0.01008351058363155,-0.020132417413763593,-0.0017134487282598476
2014-04-25,-0.031180620652227597,-0.02343413001169803,-0.019649070023759263,-0.020512675044920714,-0.024753562701356646,-0.024327867522348168,-0.017374550173161585,-0.021336061341806656,-0.019332809731826717,-0.01757697888432974
2014-04-28,-0.01986046748484993,-0.038136784103478316,-0.03499428180966879,-0.0328500755342227,-0.03181038227889266,-0.03308997256461421,-0.034248746762332916,-0.03231183759658718,-0.03882699734784567,-0.032791617835616016
2014-04-29,-0.030913908661090228,0.008290471127412768,0.013683670673873216,0.009236254560970991,0.014363551670152797,0.011787116771627248,0.014229992942461633,0.013389575625051275,0.007597367266676036,0.015237138378158654
2014-04-30,-0.02187432983058113,0.010501935978517452,0.004793090811641587,0.008021449296360394,0.009444798501049956,0.01043416839625233,0.007324637082564811,0.01071456662353909,0.005811309886349703,0.0073228381247312235
2014-05-05,0.00559087919315937,0.0136046702272552,0.014369474604529309,0.011934077137635501,0.01084723066969695,0.010762988420906616,0.010566116520390967,0.008976142098990447,0.0081970010869441,0.015443965768799472
2014-05-06,-0.005559795050692373,0.008454073441129584,0.009008141026461747,0.010664246447372294,0.00798502880784202,0.007128088928872289,0.0037393662610181178,0.0029823023840283014,0.006738987780550154,0.0024006166262562356
2014-05-07,-0.04457106924180609,-0.018869601131444067,-0.0240150516267971,-0.020493581963458924,-0.020138061883493184,-0.02010915450324693,-0.02129618410467857,-0.02043277543331224,-0.025223387097771603,-0.02192432340564839
2014-05-08,0.012559085645079682,0.00173305340640173,-0.003163822025239904,0.0012742150403843855,-0.00034637389034752886,0.00016284340046257562,0.000650696784416871,0.001890614079048225,0.0007217236348815437,0.00023733182835372624
2014-05-09,-0.011182181367787036,-0.00545525055732532,-0.008515855617458823,-0.008024229728053056,-0.008478972770089688,-0.008311847643479142,-0.00784236042191433,-0.010136546302851546,-0.008978111735025718,-0.00627506498599506
2014-05-12,0.008780426403294905,0.027148876355293616,0.01938503373536249,0.02261963101419595,0.025242650955886514,0.02365305406019247,0.022632525741261178,0.025037538280502147,0.024511763774577533,0.021892913035109984
2014-05-13,0.019914207760865166,-0.001574953995421513,-0.0008362067207129398,-0.0058983868966687725,-0.0048416950216505494,-0.0026189622193857343,-0.0019255343095604394,-0.0041390663798878125,-0.0038476037214119074,-0.002381708332931498
2014-05-14,-0.004050691079229507,-0.004531264657950729,0.0012051154891881133,-0.00190347548969938,0.0005980857258975902,-0.0008439691315681452,-0.0038982342792168723,-0.0038778588714744044,-0.0009526141807804089,-0.00015552033695764855
2014-05-15,-0.04118548523611287,-0.014223067463184913,-0.020265228098294008,-0.020650526388527712,-0.018466007329999923,-0.018516362936891295,-0.02244058203841115,-0.02182980026331982,-0.02002137999878162,-0.015845952124596163
2014-05-16,-0.0054152188585856464,0.004052472119785655,0.0006640247076483696,-0.000406391918673199,-0.004255150027697496,-0.0021580881040587085,-0.0046889147344013615,-0.004647907487064118,-0.010532539624937609,-0.0007634382395794725
2014-05-19,0.01093182025253614,-0.0022265573575965814,0.0017346452137085855,-0.0038882351281583905,-0.005876881711436077,-0.004595981798865778,-0.005924211390864742,-0.004491675927326688,-0.00982404742766152,-0.005530657375591552
2014-05-20,0.0010854009301659584,-0.007152970077714871,-0.004472735580092868,0.004537441856866442,0.003471408938770182,0.00021658844797745047,0.0019672019852507994,0.003354077993213078,0.0002630260432634479,0.005160435825282805
2014-05-21,0.009328828797364963,0.008541124371453268,0.007828953811184425,0.007653590069310434,0.008839385509498365,0.00666562234049084,0.008254492119142531,0.008783350665594325,0.007174766761742113,0.005370648797116351
2014-05-22,0.0012164561449103939,-0.006521545245686267,-0.004883984551600884,-0.0025523762920334203,0.00021247855962669426,-0.0022524171232397583,-0.0023463649935432374,-0.002303322100022376,-0.006517106322870725,-0.004210529719493095
2014-05-23,0.005911306593061605,-0.0017630979298761673,0.009250231329121394,0.0025192539009912807,0.009247459861979168,0.004654210310335305,0.009664022089339586,0.005179583003631638,0.007825198461801852,0.007739757368855127
2014-05-26,0.01948116398351485,0.010182310433979547,0.012354506562749501,0.008449987328819297,0.009550069431281116,0.009973069542587254,0.011798597187179904,0.011391701023150347,0.009803303258485885,0.012573691043222368
2014-05-27,0.0489577576174236,-0.002981052396658579,-0.013852631745864263,-0.0047861600196372756,-0.004705228015334462,-0.004575640998671471,-0.006602659375286035,-0.003313820418557434,-0.005663230634937455,-0.0033084014853074217
2014-05-28,0.02687433915413151,0.008339705313981538,0.009721971288025655,0.009692214961341428,0.006937765286316067,0.009988277366883569,0.009943887823949504,0.008370130703485357,0.007912974241492066,0.00827054345995637
2014-05-29,0.018162300312380752,-0.01646210603959175,-0.014139500842455521,-0.01314994335463815,-0.010559133336490278,-0.010654518113401235,-0.012109644416075649,-0.009929665607880889,-0.01114416148152364,-0.015884197846368298
2014-05-30,-0.024479798310881207,0.007680879580918898,-0.003110316581154682,0.004497510776072744,0.002040736928603293,-0.001119342002964152,0.0032209999402008638,-0.0007451338446328171,0.0019529510926241667,-0.005496739382815696
2014-06-03,-0.01599767041886946,0.00022231859687682487,-0.0022902174434894507,-0.001453623929769443,-0.001376461188878908,-0.0022192978397259644,-0.0030378956393906087,-0.0019181156264158616,-0.00091913083609374,-0.0024198390075622633
2014-06-04,-0.0076693302905467275,-0.0008497262479760792,-0.007333884688133119,-0.007452655830706645,-0.007967991677243158,-0.008245167256539343,-0.008968384091812664,-0.01023953085919338,-0.007066619656249551,-0.008927541533853889
2014-06-05,0.009618279677808816,0.01773353051781812,0.012391013057665212,0.01203154545867613,0.010238078272884144,0.010874974013960204,0.011710893987626703,0.012535997415099809,0.010703832435885685,0.01062372129750444
2014-06-06,-0.002414146900838854,0.004280410296088943,-0.0018439608765592475,-0.0020214786586926214,-0.004076633399942686,-0.0037939053643324394,-0.00416171295486778,-0.0026946244314278722,-0.0030828180389258497,-0.002630549280739136
2014-06-09,-0.020431825703843387,0.000974580414126347,-0.0045487651623356,-0.004467313379428961,-0.005999250669227907,-0.008396631373015828,-0.0053894376077577855,-0.004191955206792164,-0.0030831121831039754,-0.00785736345021637
2014-06-10,0.009844803921355005,0.010866743132556866,0.013084850796773795,0.009516112462066628,0.010475117918294918,0.010390716247400622,0.011592720709035387,0.011962575361637917,0.00938552490221789,0.01088888967891477
2014-06-11,0.01253698352578203,0.0033174269776383714,0.003214787746939063,0.003097161902008594,0.006211292895686338,0.005831740687852527,0.005542681947018124,0.0026325439176875243,0.0035143797104686403,0.004523010844994513
2014-06-12,-0.011182946379843739,0.0026224772793272955,-0.00479025188672888,-0.0028412340262585767,-0.0008727690227647855,-0.005935854257302808,-0.004196271123625417,-0.0018021352437772586,-0.0016218712968167903,-0.0025110682386028094
2014-06-13,0.028263127068369087,0.011985024878286454,0.009297921861608271,0.01108509948529357,0.008830431896862834,0.009357682606443873,0.008580540157982153,0.011755285393490134,0.007809550682273736,0.009245639556355822
2014-06-16,0.01597262554487866,0.005620406854313531,0.011041953873465626,0.003326962280117085,0.0008027688414657952,0.005580359921625755,0.0059768846179895085,0.00387966206718815,0.005008386443348334,0.003385312106564342
2014-06-17,0.0039348493509907545,-0.00885130667384304,-0.010895249203064505,-0.006200524347295677,-0.009712688797242075,-0.009337793991254562,-0.009730463959147007,-0.01667631930575364,-0.012397169224083182,-0.006815051529776239
2014-06-18,-0.021530125113317422,-0.010676286038102334,-0.008930866701633011,-0.009474517697512841,-0.006049607540409174,-0.007800908371875637,-0.0060595167512002,-0.006627917216804335,-0.006094186499920662,-0.010733636125608959
2014-06-19,-0.041755603735636915,-0.027904123018586025,-0.024480188476035725,-0.030291672735442088,-0.029988205364253062,-0.02608955575852634,-0.02897808639527477,-0.02438411054669165,-0.02320873334465834,-0.02262123184080822
2014-06-20,0.009805239887455519,0.014755652016928744,0.009504154043519675,0.00793850655758388,0.009959582295295366,0.010038703109955138,0.009781787518317042,0.010161630175675729,0.008314310056612317,0.009336857950406952
2014-06-23,0.020755308239377657,0.013701392046698846,0.01015965331893609,0.011737768636789436,0.006922096250079335,0.010625873200186264,0.010618580968691838,0.0070337771490480705,0.008367340253167432,0.007504449377046196
2014-06-24,0.004354650940199045,0.008576274888888014,0.0061549229606816525,0.009319720003706289,0.007423253104076544,0.007157621655125679,0.006669385781308712,0.006135285150450587,0.005791616917928399,0.00800119532731558
2014-06-25,-0.005284528740890249,0.0029183676885291554,-0.005042040967656702,-0.0024761881987009904,-0.005563142944782773,-0.004268202752333972,-0.0061482264262916475,-0.0029584167239700143,-0.002341117806896942,-0.004412497949288885
2014-06-26,0.02132563859819947,0.01330508756796811,0.015504249154826288,0.013621516703696823,0.013403259884770424,0.015023846814480102,0.0150106784389612,0.014439686045744748,0.014006140563959102,0.008797447322948848
2014-06-27,-0.0009887767240709389,0.0021919271412234043,0.009107577640926845,0.003696863760711766,0.00531550802332692,0.0066991903445967615,0.008252950223661681,0.005477293467134325,0.009640779983988379,0.008065953755076016
2014-06-30,0.003465187111062029,0.009312215276587876,0.0088107602755636,0.009673218314138587,0.007467984348068724,0.009530882669618101,0.010664057346994715,0.00879907342095354,0.014080969895740703,0.005471969037696978
2014-07-01,0.008513832638691987,0.004466650183578613,0.003006121196046818,0.006646671546954863,0.005514105995492402,0.005697602360061671,0.005212991330682648,0.0054632156396230425,0.008220948676821438,0.004363440069378388
2014-07-02,-0.00023573980373803316,-0.0005209074123849744,0.005011829480492613,0.007276688186371505,0.005784063135460649,0.005889011344537787,0.00485674450272966,0.005557701201435394,0.00662505567185856,0.010368812193678023
2014-07-03,0.039014856484476335,0.0064243496628724195,0.0034229182176652717,0.00354199245966913,0.004998693191398562,0.007953052770616864,0.005627349368690915,0.007288169188218507,0.0034035796805256258,0.01019862128033644
2014-07-04,-0.009732010766148602,-0.0040207320475309505,-0.0017566869536119745,-0.0020438479938001963,-0.003445116782386126,-0.002392944629119542,0.0005581519625670328,-0.0026174406579294596,-0.007934954374799297,-0.0008896248823946351
2014-07-07,0.011077741289975407,-0.00044675321727649653,0.0035935761438519176,0.0006515321403450791,-0.00019025146377227298,0.0010652377372779576,-0.0002971122817365668,0.0008848006620418847,0.001913589650823555,0.005199896442482865
2014-07-08,0.02323701904809128,0.012104589335994786,0.007600480345448801,0.008058905425100571,0.008005584433644186,0.006472552749942295,0.006897595597758599,0.005005360082219745,0.00785636778362453,0.00750237771162765
2014-07-09,-0.03763855082441103,-0.012377918593014625,-0.014543220073102825,-0.017955342520461826,-0.014774648986093375,-0.014417029874690956,-0.014663943084386344,-0.016848835560359987,-0.01451281214089839,-0.018158560259056933
2014-07-10,0.0031486594039018545,0.005110639878056933,-0.001160519657436021,0.0015007932832329374,0.0010769844128695194,0.0028553008261844592,0.002528746413256844,0.0021857793451822705,0.0063521686420042744,0.011667713268044055
2014-07-11,0.021072348396160123,0.01742417672901775,0.004709508214178149,0.008599961145371315,0.00842338064189474,0.012663443367826988,0.007255512496855854,0.007496193809038543,0.008770977718197903,-5.5765935642493325e-05
2014-07-14,0.03348576669833281,0.016757210812359258,0.01654081518222794,0.009279771027044026,0.008335667017582038,0.012664725519321518,0.012810750422923789,0.01753117048971542,0.014235742407768148,0.01538111520526364
2014-07-15,-0.026769600009128758,-0.00984659451967096,0.0008293771412020146,-0.005602129800685862,-0.0018942540041229083,-0.0035303226288769807,-0.003062945139946427,-0.0017994809773553833,0.0015313478399190394,-0.0002858930613356403
2014-07-16,-0.023900606618018294,-0.007174195648861792,-0.011767531133330844,-0.0075916120344738935,-0.01041412331412317,-0.012483917693648428,-0.010686536782290368,-0.0074396111069123805,-0.009768723234130139,-0.0012939748841740428
2014-07-17,0.0016008915344267738,-0.015990798642972037,-0.007189114502300198,-0.0023508063026349557,-0.0032102110203295897,-0.005441609169805961,-0.0032352913909794445,-0.007499155915798306,-0.003384874446807795,-0.007363362631150672
2014-07-18,-0.008570634782626207,-3.348809339087655e-05,0.0010324393125611397,0.002078127012737019,-0.0008896037787090583,0.001721277102229024,0.003189039111311631,-0.0011391706541835633,0.0009968320595150626,0.005046882173975531
2014-07-21,-0.01190396989399034,-0.004514866660088712,-0.0007730473194146326,-0.0019528684491439963,-0.00332717759608947,-0.00044808045417199516,-0.0017923749996371363,-0.004082604178269111,-0.004371663568234374,-0.006236436276405577
2014-07-22,0.003119642047088922,0.012948737326136328,0.01655967215977272,0.011816195201443946,0.0140610673908248,0.010837038731401183,0.014500119349261986,0.013649098690327932,0.012226577506573966,0.012434046228558593
2014-07-23,-0.019390514106260137,-0.018118662093368654,-0.013631855743138854,-0.00805017347465442,-0.0076512180364012305,-0.010662972485614874,-0.008863980077641553,-0.007020679305736466,-0.005973822889927094,-0.0032835290560009334
2014-07-24,-0.0037183305815751133,-0.00012512878305226405,-0.008780822996675486,-0.0021876890845951014,-0.0017459233772426641,-0.004794560035700113,-0.004198605743693129,-0.0028396261259870936,-0.0007413111909776449,-0.0006727505629827712
2014-07-25,0.01022575070959153,0.011728042434557606,0.008603964113250706,0.009321028779709417,0.01104880592510904,0.00904473084861901,0.008450826692476765,0.010102004973442602,0.011753837647555221,0.005959734888160151
2014-07-28,0.01962897702487787,0.018020334623813916,0.014734592617141828,0.013545987312048036,0.017968610773332117,0.01699434906451902,0.01614124983160381,0.016762490558173804,0.017134382264785586,0.014098495352913298
2014-07-29,0.026763162451264533,0.014611133549926159,0.013605199094673726,0.010217649600380296,0.009525087917867658,0.010931452894651361,0.009948301399716364,0.01188311057119873,0.007710365043261724,0.005665647316319911
2014-07-30,0.005915342686333425,0.0019290714951365473,0.004595907084153694,0.004394283940535315,0.007040430676318099,0.0038765533157598675,0.004245657273171055,0.0034111752749406143,0.0030395821604685125,0.003983132955343027
2014-07-31,0.0085628479248121,0.0071925596479684994,0.009154595284369682,0.0077782409610291925,0.007225572122076196,0.008384051021596894,0.007246031579261958,0.010881562348008522,0.006178958695132852,0.009802103197021905
2014-08-01,-0.016554074811870545,-0.0095991981672775,-0.011625774006905898,-0.007453975069008911,-0.011675992435951854,-0.010833003702074406,-0.011816767125233052,-0.006963495763710359,-0.012663334175127328,-0.0072201167423006085
2014-08-04,0.01693663477031304,0.021762645544240344,0.01677647968912388,0.013308781574722817,0.017107263357068803,0.014138744395571612,0.014745954626723679,0.015641753497749766,0.019405434435039393,0.02269791798199483
2014-08-05,0.01017717743547042,0.008167118896613479,0.010167492783748289,0.006427584065757719,0.00787889028112354,0.006637630841805908,0.0045940214574127225,0.005708569658681384,0.005832217944639506,0.00925074458693076
2014-08-06,0.0009954930731606026,0.0027174100987943373,0.005973111922420671,0.0023067492757549157,0.0056988138069991034,0.004176450097904905,0.007964603473846532,0.005276536442395674,0.004295009036372033,0.0038279123648328195
2014-08-07,-0.011261867683127535,-0.010986263277000363,-0.010905891838261517,-0.006675402573237288,-0.010663048671503805,-0.008169759600044846,-0.009586423468676775,-0.00913586657559362,-0.011560082690426188,-0.012819234925952938
2014-08-08,0.018925785873869838,0.006511845298275976,0.009908350284868916,0.006233575679987391,0.007850290592919418,0.008436096847995733,0.008010396949502896,0.005577425904670141,0.005922997954936671,0.004891475880878904
2014-08-11,0.009906395513078703,0.011593376633105779,0.017940563572330648,0.013721802234838432,0.011837965746863688,0.014469593188218388,0.015039464828877858,0.015091083485166967,0.01585168132706194,0.014809210737642076
2014-08-12,0.018972247540622877,0.0012811566091672777,0.005561208691828634,0.0060753146860952345,0.004246968865318834,0.006447546428226758,0.005087877596304136,0.004441804005836492,0.007015192537245696,0.0047261522027644
2014-08-13,-0.016813980229878345,0.0013535821689627525,-0.002118836193478524,0.0024599174484096764,0.003331292845672351,0.0015983195263622463,0.0017197143720517616,0.00011513604739432637,0.0037313629326953812,0.003136177006626495
2014-08-14,0.010237950627942638,-0.0027423316094428163,-0.0066595309774331035,-0.0017640577443579497,-0.006072405045316698,-0.0055972496560702245,-0.003996600445634435,-0.007344777622181664,-0.005937284002747956,-0.004790596717689444
2014-08-15,0.03541161908038881,-0.00371381028571649,0.010935445024342627,0.008002012338719666,0.012189625027963391,0.009525514570198235,0.011587731818767377,0.010643572336271001,0.012111407935271101,0.009406491935536776
2014-08-18,0.008127243029699693,0.013198936187841959,0.017253852819033355,0.014368381997992952,0.016266410607155057,0.01485884577165364,0.014322121629195328,0.01484979451348134,0.010567849607197699,0.013372800502753579
2014-08-19,-0.003419494031504433,0.002056093527059266,0.006029042270569995,0.0035549184856826788,0.004652157152975178,0.005104577044376057,0.004689365212752872,0.004030231328480349,0.0035693918715204997,0.0010936618628725192
2014-08-20,0.00010985658342455018,0.0016741090995262553,-0.002106135331472858,0.0014330724657973803,-0.0008601686932261376,0.0010053081362844107,-0.0005638176375152293,0.000482713576084981,0.0005737883715664083,0.0004088428279256373
2014-08-21,0.011582029675928807,0.004357596285050835,-0.0036507212091299035,0.003014876019319379,0.0014065808205849795,0.001087674242326031,0.0008672838798684523,-0.0004542358975165861,0.0011590462170036897,-0.009044531407749967
2014-08-22,0.014669258587804324,0.004970614317963973,0.01126963486704824,0.007449317366540198,0.0058986238924998435,0.008022648307076885,0.007350121046402203,0.005531058130088917,0.006138690487911713,0.010505558271757476
2014-08-25,-0.012970576722755589,-0.0009218206325664058,-0.005665030800983906,-0.0028425519510805186,-0.007534716959737842,-0.007770564042451689,-0.007250255261687544,-0.003954187174274204,-0.0073811421881240236,-0.003277782414802255
2014-08-26,0.015439126202379194,-0.02130783409456094,-0.018307894609925768,-0.021435503247616228,-0.016934944528361306,-0.019698925252755295,-0.019306762555134638,-0.01699651100675259,-0.018054278036987226,-0.019564972607559628
2014-08-27,0.016167678222524406,0.0062239042164631275,0.008652247795877477,0.005629498615342454,0.004743285786065199,0.00582815443800877,0.003997169534008416,0.002840458581224947,0.0018042703818208494,0.007658735832712926
2014-08-28,0.017491151347085232,-0.0001538257513965524,-0.008022102139004339,-0.0068143307623003135,-0.006810796068577707,-0.008326400914759113,-0.007878451880326542,-0.009628094644999918,-0.0056918825785046145,-0.008913509739400305
2014-08-29,-0.007722213585236393,0.009325210541775597,0.011528473017347496,0.010237541099002323,0.01129052844215428,0.010016899243485922,0.01123337385028167,0.0110372511067931,0.009244885538530534,0.014146595911778803
2014-09-01,-0.011182227893465013,0.014356202900316362,0.01957856386233825,0.01820246194114472,0.018262115490739417,0.0161308849164159,0.01789221803869845,0.016514289429829354,0.017115954511609743,0.01999146515753214
2014-09-02,0.017113465513947324,0.016555439037672315,0.014649786745218218,0.013964382920184093,0.015424338450876318,0.016086923538402242,0.014386638623355985,0.01375094153501677,0.014770625756267863,0.013031577246837456
2014-09-03,-0.00032618500763725855,0.014095544882285926,0.00799485434820002,0.008166354198375414,0.0092808448558519,0.007244155773191485,0.006149960934653587,0.0064923797028026975,0.009310477029284003,0.008794500816119655
2014-09-04,0.0023723637902015593,0.006803707618963539,0.006959939807710036,0.007304052861459631,0.008524933227722409,0.009821884547060344,0.010443634679925706,0.008787319993822651,0.008257197356705381,0.006524293618568322
2014-09-05,0.03596369675305855,0.005514302210762878,0.008483522745707406,0.00276512837706111,0.004853303796081843,0.006466246241033424,0.0040573531476915115,0.007097541179904132,0.007354654606366751,0.004119037970427453
2014-09-09,0.006283832688281921,0.00016426367722965907,0.011088064180876822,0.0076813174119478855,0.008529351710292898,0.0069237659185574785,0.008274854489356054,0.0065066040662158375,0.009837045313989767,0.008161524667483544
2014-09-10,0.026948817382138168,0.012626050916227927,0.010852660562651328,0.006646960164439442,0.005357980005055829,0.006686853022999317,0.005573200526335587,0.0051340731439433185,0.0071744614648687755,0.008305504873632907
2014-09-11,-0.012395262287923092,-0.002024267552849235,0.0009414795902322748,-0.003006453385976271,0.000522072838710752,-0.0006960225230749906,-0.0017088084709078188,-0.0011542073786493523,-0.00356348705432441,0.0013581617491398301
2014-09-12,-0.003582539882231117,0.010749845735189556,0.016369561373793307,0.012087407466174094,0.01209234371877077,0.012413080670949705,0.01306611782459055,0.012097114688537358,0.018515558930112475,0.012990598093010286
2014-09-15,0.018353745917927045,-0.013009347900362345,0.01630516136557625,0.012931149591739466,0.013721560609920358,0.009792519655269949,0.009222893891482231,0.012589275816119017,0.012023886803723904,0.01577605559028572
2014-09-16,-0.050083648869354014,-0.033635810344035844,-0.0305046635991163,-0.03666426650049748,-0.03325594893147743,-0.035541873711040006,-0.03365037533981563,-0.03080440122868444,-0.02516209311434814,-0.03002448844348049
2014-09-17,-0.023908704808395576,0.006943065592284414,0.008889708153913656,0.007850931578109233,0.008486252996476873,0.008799233604969148,0.00655138118728571,0.008941301279330016,0.0072889215420561815,0.013340045496097686
2014-09-18,0.008655446538893496,0.004530541968647883,0.008802084289689427,0.008488088650401737,0.007543555853283257,0.007495194432020735,0.006587793057656999,0.009208414695771161,0.006526380788649311,0.008219004844625566
2014-09-19,0.018961253552647994,0.013072674314348331,0.01270851593181277,0.009897683100627441,0.012974568924928098,0.00959880877718633,0.011537627602755007,0.006363238107220948,0.009901197164574604,0.01457107492027454
2014-09-22,-0.016134282729548866,-0.014045882463889603,-0.010513157123899664,-0.013515862225730535,-0.010396015922961799,-0.01253633603880644,-0.010297631629031634,-0.01304862681499086,-0.01419359605995918,-0.012634114927629003
2014-09-23,0.017736843691031234,0.01667678302695652,0.013408706674701287,0.01311283434409627,0.013948931471974735,0.015582021814865232,0.014096096898074562,0.013027905895924619,0.014427666383796334,0.013349870256012863
2014-09-24,0.007457044692379178,0.017932851668293726,0.012136197913756197,0.012627390209358547,0.014976397715111611,0.015327854951674214,0.013595332498086421,0.01344649564897371,0.014225670252276279,0.014623685646028228
2014-09-25,-0.015132922554851436,0.005536393130192829,-0.0007453345435113334,0.0007070408266423023,-0.0005981503101265551,0.001402864113619895,0.0013109744163000148,0.002229816911271998,0.0038133553325987446,0.006275721570762061
2014-09-26,0.009554435751226498,0.016884525243951343,0.0048751729975138325,0.006561783364817275,0.004347108443821135,0.004234525558639568,0.004962075263058807,0.005492667614289903,-0.005050622536226457,-0.0006777149820518247
2014-09-29,0.005035213657250903,0.022783423789503265,0.01216998920550072,0.01325779091886603,0.011422458912604405,0.009009730542149486,0.01074406270352335,0.010499372618055336,0.00940398065719994,0.013289851034651523
2014-09-30,0.021100759557640014,0.006233932285203858,0.010229542988551943,0.005984277964006024,0.008245375844317726,0.006321940488291489,0.004962731895418182,0.0046672898232644755,0.003913311285270282,0.007234247116026271
2014-10-08,0.012539731638116836,0.027214742574327877,0.0125161478697009,0.012648538469753667,0.013894285122368899,0.014323964784157761,0.013213933059895933,0.0112264477453341,0.011783396805889801,0.019444931779312613
2014-10-09,0.0666135396053813,0.010947044871153944,0.0040944062230583445,0.004772142310861982,0.00434539375531684,-0.0003374521920476159,-0.0004269428825856014,0.0017158452197383323,0.006670048634341397,0.006479563473862138
2014-10-10,0.0078106134864806,-0.003933095387849139,-0.003541512413167469,-0.003945505017424078,-0.005678106278016126,-0.006430477429139492,-0.004904663048232338,-0.004406251372646386,-0.002966342699126434,-0.00752359126972757
2014-10-13,0.030222227448720718,0.006618036100849878,0.0018864656512953548,0.0023235671823149673,0.0026805070515429907,0.0006874093110400548,0.0007920166239092641,0.000576276229598438,0.0010718837680776527,-0.007483266741408423
2014-10-14,0.00342249122736904,-0.007214259469734086,-0.003934041351795092,-0.0023626496582561662,-0.00322028382005235,-0.0001484731212373358,-0.0032450263509821164,-0.0016875431910335914,-0.003166741963434694,-0.0022034103622801116
2014-10-15,-0.010719712877021781,0.0013152019206565946,0.0010027015879174872,0.004997640941745818,0.002166739113499183,0.0034839882880079998,0.004680156180237871,0.006112150478822853,0.002531996105410439,0.0038622673905823746
2014-10-16,0.024212056486812905,-0.022563241436636572,-0.014059101422010833,-0.010389709270441916,-0.01626233947653999,-0.0158220477173876,-0.014602212266635495,-0.013058350842863997,-0.014627978752848492,-0.015627671142478206
2014-10-17,0.02008770272015048,-0.013754350316139696,-0.01299778146169328,-0.013905616357793082,-0.014736919635495505,-0.0133789397755667,-0.010791827962499778,-0.012346684685345166,-0.014398036461922281,-0.006791483040308188
2014-10-20,0.009308374648092421,0.012539488698830814,0.013679490747600331,0.013163590170352624,0.015302255193909486,0.015329038763329583,0.014496358106287355,0.015530394175017559,0.015885387211165947,0.018070004148517116
2014-10-21,0.012886004230058923,-0.011543182336372526,-0.008303361555109134,-0.009175365292344306,-0.009458036263448877,-0.007597415969655019,-0.008677580638531746,-0.007166634151116513,-0.009097101111188555,-0.006044265196852749
2014-10-22,0.02719627358837573,-0.017105425651643746,-0.009956964691078096,-0.014075961074273557,-0.010985729772186814,-0.011926724132660937,-0.009974278681721516,-0.012774550059415635,-0.012855221492195534,-0.013351529445505439
2014-10-23,-0.01619674885934086,-0.022629381490456568,-0.02100179407367775,-0.01579918054141194,-0.01768988917072678,-0.01630447908685706,-0.016647567065720792,-0.016430899204890825,-0.019584077441591297,-0.02192229068170637
2014-10-24,0.009033142978895459,0.00187474139063748,0.003897173454944225,3.3045045755297764e-05,0.002794618906436064,-0.00020112753539747175,0.0035422004524912065,0.00441338485503695,0.0006133867620436995,0.004126066925581373
2014-10-27,0.01521446969313689,0.009738623642933986,0.0116506110690473,0.00953652903701685,0.008671912285376893,0.010079653096643826,0.008118506481058052,0.006244149394494025,0.007802810876788913,0.013662444508202976
2014-10-28,0.06125793521828604,0.027051973645685345,0.028287447639962382,0.021870651673123298,0.026871795238618823,0.0286655315956581,0.025823607285743844,0.024649962229056133,0.02703703405263358,0.03236809021796172
2014-10-29,0.012851157028775262,0.015928548548409305,0.014659667209436789,0.010158667152017742,0.01464028681344054,0.013904476864164739,0.015197097194130427,0.013041194484419316,0.017815567927714326,0.015303301469657082
2014-10-30,0.016417855092655476,0.0031436002080236225,0.004872453807837962,0.0004972676442145385,0.001908008726594801,-0.00032197633571207085,0.0010824494775243387,0.00230988092922102,0.0020456478394679234,0.0014215147934963923
2014-10-31,-0.041568338464247456,-0.004927813017368998,-0.005785242475417451,-0.00020780695190492082,-0.0012491732934727384,-0.0009183347027751365,-0.0023418706560108804,0.0003304118959053248,-0.0009792370441110698,-0.0009641541028787559
2014-11-03,0.04391579430012915,0.015300387391876669,0.011446556270991115,0.013917224271599693,0.011453568584811391,0.00850290397532305,0.01220318391298747,0.011692420070672727,0.014510067439751806,0.008290871289851287
2014-11-04,0.038725395756974645,-0.005777021522625159,0.00014378750035626275,0.0002559075371022512,-0.00448389067967625,-0.0047432319363057696,-0.0041994482453093784,-0.0028318714609872897,-0.00022937796053057458,-0.006595327589577371
2014-11-05,-0.023338716891498912,-0.004610808681803191,0.0023221664830932465,-0.0006844943086942168,-0.002368832046444669,0.0002619588255217131,-0.0015492535718986122,-0.00024014489031343178,-0.0017659802545985093,-0.001209837595569363
2014-11-06,-0.017366184101167303,0.010100754664795764,0.005908141112047627,0.00957143198449728,0.007309350628356803,0.008928673280437893,0.006692955540775536,0.006737461458682592,0.007052774551537855,0.00878686860068889
2014-11-07,-0.03910803801288876,-0.016967328380454894,-0.010773715328271649,-0.008083559804207607,-0.009284391454668972,-0.010244261641783159,-0.008807600220900214,-0.008822772186939165,-0.009869542011447519,-0.0036830549185185024
2014-11-10,-0.021021114228722215,0.005441286311849813,0.0011037249080059208,0.007652879082299169,0.00637125641294789,0.009088927023696014,0.009436586708226002,0.009726597329986042,0.013511176967564209,0.00995872812318832
2014-11-11,-0.0038214648807802787,-0.03398437130386045,-0.03953470618268107,-0.032098095179057706,-0.03331931816573608,-0.03250144316507231,-0.03316447854171034,-0.03134153632259973,-0.03656754635311166,-0.03011385867309535
2014-11-12,0.06415069519147742,0.014760745435065559,0.012938320614263477,0.016400455654548063,0.01457007312573988,0.01633880964538359,0.017179868775361484,0.01847541764895877,0.018255745949105506,0.01400644102068127
2014-11-13,0.0026282849075196513,-0.013753638910786403,-0.015836268138594622,-0.010485273654208038,-0.011553446269429779,-0.01609415519568913,-0.012439048242400608,-0.010974714572342892,-0.013890744862182891,-0.012705331655185503
2014-11-14,0.028726370256650924,-0.002045111872669758,-0.0023125865069794083,-0.0033436233332437837,-0.0029506989805423434,-0.0011949573622733745,-0.0027678110591976557,-0.003350769780512408,-0.003786646846201891,-0.003163599700432451
2014-11-17,0.06520301082103219,0.015869749826547874,0.01272166976300726,0.009722201095106353,0.011931789988629316,0.013153121239775967,0.014429496786400042,0.012181675683330395,0.008656493521845388,0.010034657503436906
2014-11-18,0.008208880195790691,0.0005209641710346435,0.006446264357417908,0.005336749240377303,0.0039781793879425376,0.005443583117527018,0.003922632349398825,0.002648784256332748,0.002908261614563701,0.002165249268416103
2014-11-19,-0.01680608135059214,0.006547860506734615,0.008062981858281582,0.008315109822129019,0.007132170344040567,0.008263047842772542,0.005001596810506381,0.0036766062280106926,0.0028456422985541074,0.006073393324405041
2014-11-20,-0.009497202612847477,0.003719680226759836,-0.0009851455255484032,-0.0016816107568337069,-0.0018831446147115072,-0.0007574466595894336,8.153311727832069e-05,0.0007961885936589308,-0.002081603386703601,-0.0036738052148347355
2014-11-21,0.013719594467211715,0.012042194129233241,0.011810708647588264,0.00995340781267351,0.010512409144358692,0.009537285296508546,0.010137776061323489,0.011660513591727817,0.011358810564227273,0.01239627877595506
2014-11-24,0.0010863159921468135,0.005236073031690935,0.008161525830776561,0.012624331464945904,0.012300660352555504,0.010726388475019277,0.010998303447272706,0.011984929180421933,0.013318116104550137,0.013858527442206947
2014-11-25,-0.008161659578730718,0.01725105650361103,0.015232600384115447,0.015248764441204932,0.012793439077256163,0.014856705276717452,0.014130762273154351,0.017706641068003348,0.017814643831282506,0.006718423284445718
2014-11-26,0.06026400829419254,0.0005060752539773894,0.004066736427100093,0.002779001576856732,0.004740552627063632,0.006903754874159507,0.0076689483758771715,0.00396419633872247,0.003272339716357875,0.005477728891759126
2014-11-27,0.03903379333277912,0.014219640148262158,0.01225966355606145,0.007129421782665846,0.007423094860376178,0.004434421663855881,0.008180618811091556,0.007988474308924465,0.0029717642745874517,0.0006107557035974764
2014-11-28,-0.002856000818762472,-0.0012539376947736658,-0.0014064512145175456,0.0033233786888207106,0.00014718255117585066,-0.0005071183937354062,-0.00013715650921219957,0.0010862409415310914,-5.3252260668879e-06,-0.001975408388368627
2014-12-01,-0.010355115640427126,-0.016650193674096925,-0.017668101669303438,1.418256447860422e-05,-0.009329233207320708,-0.01131978400624778,-0.008594300540477162,-0.007492990268799127,-0.007143223118337705,-0.010017519843163902
2014-12-02,-0.014470750908159302,0.010415803306926152,0.008236581652225405,0.010481472860184082,0.012074312724724257,0.009970991408649432,0.0105555570564968,0.009940775685863379,0.0123974596408154,0.010845622295142743
2014-12-03,0.009035832767165797,0.018161794078875637,0.00878071390949553,0.00795525729027391,0.015383094304414424,0.009027518457552342,0.008043823659288574,0.00829800172464945,0.008521950278298718,0.005029230334802293
2014-12-04,-0.008283298806849082,0.017148481691547035,0.010585077169766421,0.01570775241872946,0.018020137109232115,0.014390891557305885,0.01395250932981762,0.016931352462584925,0.015731468765993073,0.017440152315132185
2014-12-05,-0.018962398231601174,-0.03121352697085522,-0.025828641687652976,-0.027436804821114547,-0.023664100272459354,-0.023097822468836182,-0.02816959051179635,-0.026092748111557817,-0.025633015301200213,-0.03097682827098769
2014-12-08,0.012655841083559327,-0.0045145480955280926,0.0005013011083179197,0.004712297866330317,0.005269482273551951,0.0037790796649881386,0.004409917368018101,0.006677377898456571,0.012187735159607582,0.014368085317294721
2014-12-09,-0.06180667140207019,-0.046215769414974406,-0.04870713456435294,-0.0460093306397259,-0.0454102144688302,-0.044483830308773786,-0.04122673077876593,-0.03999331130356132,-0.03488139717493621,-0.03233751987292066
2014-12-10,0.03366579783394541,0.026900579392756585,0.03210041097761018,0.030217849951039488,0.03272198223379097,0.033948108627055884,0.03612911208973979,0.03466464661086133,0.03255000522515217,0.04367433438929136
2014-12-11,0.01265283149149199,0.016307520864740077,0.012870758273668237,0.017440069369692335,0.012969299919617816,0.016208913773817057,0.018324837210910605,0.016048966499188078,0.017913750979281717,0.016355888762790816
2014-12-12,0.03517037273193613,0.00531283883260758,0.013862470740207744,0.011131514201949688,0.0120832217616198,0.011222057551498299,0.008487810916120164,0.010019243028544622,0.00739321670830817,0.005385970983204036
2014-12-15,0.06526861555358177,0.014991575820266112,0.016167126570280077,0.014140428706299835,0.01659920946458371,0.012920388322034793,0.015440547448257291,0.015436670453742973,0.014309013180493269,0.01705955715911256
2014-12-16,0.048470153708995545,0.010055234293530946,-0.003383830704070001,0.0010159823082742658,-1.9490869466398664e-05,-0.00117626749329669,-0.0030697058031735613,-0.0010840264943666744,0.003947552103400032,-0.0027065974923616842
2014-12-17,0.03402164168770172,-0.016748044102758874,-0.01377769092630754,-0.010254897688539044,-0.010898032041045447,-0.013417975022201545,-0.0141251434105083,-0.009550796521458182,-0.01135629407113714,-0.014720414834668794
2014-12-18,-0.004838566621261808,-0.003004083975883143,-0.00531283483114231,-0.0017398353835730296,0.0018125686168024568,0.0021594666909312554,-0.0011494362256041502,-0.003262293236430458,0.006891384515715915,-0.004006189835337959
2014-12-19,-0.016142146031573712,-0.013314294591766251,-0.009899438048281972,-0.006966419200063911,-0.009802261438458415,-0.00799053178296083,-0.007108677215266868,-0.00865280432872173,0.0021230103203910833,0.00012183466786352959
2014-12-22,-0.06918610266719694,-0.04623856830426809,-0.051025565761049996,-0.04703923869194848,-0.043177719235651835,-0.042743891115739285,-0.041362703940344026,-0.040170897517671555,-0.03275490769645795,-0.025422519623813145
2014-12-23,-0.02527172722093185,-0.013003195652056654,-0.018933483565498288,-0.016661049310433995,-0.020421171225300405,-0.015493495871057306,-0.01903031328052618,-0.019420324047832005,-0.026559009480385476,-0.021147111669105767
2014-12-24,0.02549119893569296,0.018026145516401915,0.022307706026477803,0.015202372475770165,0.01901900903507414,0.017396675898661673,0.014759003387152525,0.016042723192283947,0.01177423062562366,0.013319648343420587
2014-12-25,-0.014234665487134146,0.007907356841110325,0.015390781512639284,0.01477548549081531,0.01563445311236955,0.016128391764976824,0.015951010840135282,0.01648221633620306,0.021282229573616807,0.019575943292541753
2014-12-26,-0.007327871388433049,0.001861838513882219,0.006404641328061844,0.006402574690278495,0.006481739033484812,0.005114600846705342,0.007642366204737128,0.008254597488023041,0.009494032091894145,0.009942631397360069
2014-12-29,-0.06622057270689086,-0.017668630901562454,-0.01928299985859605,-0.015048456519848652,-0.015430440057264572,-0.013266683397367252,-0.01574822358728456,-0.01329091608065247,-0.01195765065600185,-0.005284405682539073
2014-12-30,0.008603011742124744,-0.018260884960247692,-0.01953304758425778,-0.019251697049893934,-0.021241888418823685,-0.016731700104083425,-0.021043938119497674,-0.015198762171399482,-0.017642211857595513,-0.013244959331085604
2014-12-31,0.018442445890906045,0.010970967380182772,0.010608532958286343,0.008865980379778815,0.009452141221272692,0.008489699497928438,0.010053195611741117,0.008907349338476811,0.012541771218510522,0.007956371975521126
2015-01-05,-0.0511564594072218,0.013248340362778555,0.006687014522852142,0.012216060128024342,0.01457266934180601,0.010934182952368143,0.0160067323990003,0.01357283834455525,0.0205037144594562,0.023560771533022384
2015-01-06,0.0,0.010829100326676278,0.01425593034688033,0.015379982874304421,0.01375542374675165,0.015122969476347281,0.01620758235015929,0.010931978987489765,0.007789481170324075,0.009342478884176497
2015-01-07,0.0,0.002466898867675704,-0.0007701031192349772,0.001694535981754841,0.0014144983989428095,-0.0004394664261707648,0.0001879455111017947,-0.0016462647926667184,0.0013156878687019535,-0.003069757825843289
2015-01-08,0.0,-0.011729295101479464,-0.004956018991717492,-0.002379539750262838,-0.004019718969362263,-0.005006844405159527,-0.00493263408298672,-0.0069517578880958775,-0.014042815038941892,-0.0054238052387673985
2015-01-09,0.0,-0.007452918242339623,-0.006197247188808097,-0.009193778492403437,-0.007211277314097875,-0.007986252737036348,-0.007265503582495114,-0.008381153942723762,-0.010088130656330185,-0.007436205688290176
2015-01-12,0.0,-0.01594244908118536,-0.015119766999808104,-0.013240317417623548,-0.013133373252419034,-0.01439602541432139,-0.015451365195390476,-0.015769755048358647,-0.022457247843563843,-0.02224206719354549
2015-01-13,0.0,0.012445179329567457,0.01649828305756107,0.012906062314863576,0.014334708605956203,0.014794617494633178,0.015424891754367787,0.013447385835201997,0.011994163036418648,0.013014999993758991
2015-01-14,0.0,-0.005211122260269319,-0.0038610137813938072,-0.008514858323504071,-0.004359014902220237,-0.0025915619012935043,-0.006639779518419209,-0.0033849897167805842,-0.004333785276142255,-0.0010827635519028433
2015-01-15,0.0,0.007066681321391988,0.008835083310838154,0.008321955432613048,0.006953327269870302,0.00778942218760581,0.01042154193153677,0.011178301359180187,0.012993643038037073,0.01522195827039341
2015-01-16,0.0,0.0037674946202472803,0.010843591220952353,0.013702062633925038,0.013166132830709776,0.01067792358692099,0.011829919528595578,0.011294091134395723,0.010587731589466687,0.00835714786210806
2015-01-19,0.0,-0.029052641815277003,-0.028548585518784586,-0.032864444268479565,-0.03166909195207468,-0.03343382399669381,-0.03481070796921737,-0.03764993794890037,-0.049965130471327,-0.033770088424112776
2015-01-20,0.0,0.027981704676378172,0.03714715415729719,0.037419503373551155,0.03726928535909968,0.03491073592606564,0.03611040897631046,0.033845950452848106,0.030146935932540808,0.034030356065925194
2015-01-21,0.0,0.03244474680725884,0.022281117424792773,0.025122584803914272,0.025133480585507684,0.02345091955830858,0.02440735012716133,0.0222462424118115,0.028689005083847974,0.02346335036097713
2015-01-22,0.0,0.02304032801859468,0.01784502274278199,0.014497405671342722,0.017381303486604383,0.015234748048073232,0.014626922951899823,0.012073339540042305,0.0170717547952417,0.0064716816665832955
2015-01-23,0.0,-0.014506813100869542,-0.005695257752411198,-0.0094316074053582,-0.0077889568669557985,-0.009203157153955921,-0.009594025393070305,-0.007345055168886505,-0.004414637387409881,-0.01184986982650127
2015-01-26,0.0,0.013925812742073163,0.014675281551739694,0.021438693206709214,0.02242483117617633,0.01934927172430312,0.02122801279684383,0.02300103487398575,0.02108849581049599,0.015513728915584002
2015-01-27,0.0,0.012576988847936788,0.001079023642390986,0.003471008306628498,0.00522084640719922,0.007092162453232742,0.0065575672724782486,0.007140891126540261,0.009078887478518372,0.003075443944200229
2015-01-28,0.0,0.004620229595380332,-0.0018785301895374307,-0.0031476149365373685,-0.005850852042777688,-0.0031733706858999566,-0.007409057815639941,-0.006131417413841711,-0.010752724879479314,-0.009558244622869028
2015-01-29,0.0,-0.0028513681046699046,-0.004503238681874189,-0.002955136921137913,-0.007240385759204049,-0.005465128707321409,-0.0060246389675518985,-0.004433096837330397,-0.003740434185198316,-0.0009457287543552795
2015-01-30,0.0,-0.009303318025109752,-0.010334165532786432,-0.011727252010887534,-0.010562023838996626,-0.010901831860255062,-0.012519635335245471,-0.010560702122902055,-0.00887115207542477,-0.011163880433368023
2015-02-02,0.0,-0.007043536355988311,-0.005734313693374404,-0.005698111948938767,-0.002733468019309848,-0.00538004668210601,-0.005473545030337812,-0.00785720665421874,-0.011098908783932382,-0.006305394383002594
2015-02-03,0.0,0.014753795803844172,0.015767722932926054,0.015831217110130247,0.018595319655816178,0.015009649643797252,0.015566015671091504,0.013614953328144663,0.015846839063411444,0.014412670724672116
2015-02-04,0.0,0.004615487256609319,-0.002224166728949206,0.0017122183990314621,-0.002687473693393283,-0.0012925604063728224,-0.003197761746599692,-0.0033097010961192774,-0.0008327079880888766,0.0004244709752565523
2015-02-05,0.0,-0.0010307175383011957,-0.0010732465650858947,-0.0019309282136903416,-0.004498881759140039,-0.005900203727737585,-0.005692790049122043,-0.006998036237366834,-0.005733273805354044,-0.009004172689716317
2015-02-06,0.0,-0.011791138490640396,-0.01620384606715175,-0.019598110869925023,-0.0217215656737767,-0.021058398317661098,-0.019892892289778086,-0.019158327269375275,-0.02019232603623977,-0.018191350691762143
2015-02-09,0.0,-0.002656693765684448,-0.005503557268873749,-0.004572411587653424,-0.008274283414787642,-0.007008223160859139,-0.006297067289787073,-0.003953284265288848,-0.008348441655781969,-0.0028676822691920956
2015-02-10,0.0,0.010227281244439279,0.008148402468419746,0.012302294667615454,0.011237271000235971,0.012045830829871651,0.01254648483217391,0.011591610755925963,0.01468493905560364,0.006396709366641051
2015-02-11,0.0,0.009590319616125997,0.011920821674052728,0.0075399023772513285,0.013107424804944756,0.012456853351107577,0.01191801121812408,0.011069778046336243,0.01276844902094365,0.007451436125157862
2015-02-12,0.0,0.015412438152903052,0.008326013638953134,0.009328551740334756,0.007337050251640331,0.009220242345381324,0.008399932794573406,0.009220499612615063,0.009045215959988306,0.012303296785236562
2015-02-13,0.0,0.009934043699943551,0.01761250469303377,0.015838834622268205,0.015628174185040145,0.01447628404513357,0.018028008925297767,0.014229997818723916,0.017657953879548716,0.015873780915757196
2015-02-16,0.0,0.018198123350468443,0.01596062618949512,0.01862971660813617,0.020158750982574025,0.018662579111127453,0.019133154173028855,0.0167875635821384,0.018423951510697867,0.013532819618990999
2015-02-17,0.0,0.002536474792463883,0.0063024048679409805,0.009051741337093189,0.007574997246261983,0.007606967829494771,0.007285037084761026,0.007253349150244448,0.006366208435309995,0.004082870418704587
2015-02-25,0.0,0.0012747659999521321,0.0015060623512745952,-0.0030470619370900343,-0.0014212969428467614,0.0011037384032903663,-0.001528726703593497,-0.0005781206717457854,-0.0009873824776795992,0.0026773530647479227
2015-02-26,0.0,0.0067451127912900866,0.008487423870129351,0.009790000374637842,0.009749245775701132,0.010618155669630536,0.009347356272846552,0.009143077295338475,0.012419358647673073,0.007873502759596196
2015-02-27,0.0,0.016378940601989855,0.010655588823857087,0.009936350209810874,0.010699749737491882,0.012088176961872144,0.010131896440544574,0.008447610947619255,0.014048476434861401,0.0071679622054023895
2015-03-02,0.0,0.021312817476079715,0.02026399989853167,0.019255142357470945,0.022402011882285633,0.020368846524640327,0.020796067726104095,0.016895098208773884,0.02286134664417916,0.014531728650971631
2015-03-03,0.0,-0.008839804888832847,-0.004704798202381899,-0.005714804199696388,-0.0030926074088866162,-0.00339562861574938,-0.004670609261685166,-0.005941013098496928,-0.005341945640352397,-0.007719283649608055
2015-03-04,0.0,0.01633585575172458,0.01438808670591718,0.014539422004266278,0.01671948073765228,0.015408736580317939,0.01678743279737538,0.01607005984407106,0.019009210252845632,0.013703231417331763
2015-03-05,0.0,0.0059117165635163005,0.0025230730166903026,0.0044579867004765905,0.006072608967380155,0.003896828882232084,0.0029424981785926008,0.002843933166051693,0.0007772867306792275,-0.0015709678041005981
2015-03-06,0.0,-0.01523023492505804,-0.010790645564686008,-0.007842170427191708,-0.0090771282530977,-0.012510513703033133,-0.012558326644683926,-0.008842628779853756,-0.007983275304670467,-0.004626137968781419
2015-03-09,0.0,0.014473887248440898,0.014055787628959093,0.013495904458547647,0.012348506474541443,0.012555374055183144,0.013510714428295545,0.012454580908700441,0.0142656354876034,0.0035451238686126096
2015-03-10,0.0,0.010111440574501751,0.006099636906842676,0.012497622347358073,0.007744655878050288,0.01135634187860135,0.010698751171858145,0.011199656373696687,0.013532348835470387,0.0099158689374097
2015-03-11,0.0,4.460106754144988e-06,-0.00583291081783055,-0.004317645715362861,0.0021889238745340656,0.0008276492924390588,-0.001549078886313282,-0.002175903338827667,-0.0012268863086956072,-0.0014222115722720696
2015-03-12,0.0,0.0039790871132638905,-0.0031653249411590645,-0.005339731432586481,-0.003974332411296633,-0.00510659390591317,-0.0031200313967209015,-0.0024016139848757057,-0.003049910505887432,-0.0015646858220422777
2015-03-13,0.0,0.010041205002164322,0.013893827487146515,0.013788903874660363,0.013916212684500717,0.014382359986896631,0.013237061876063771,0.012808702774851355,0.012346571158909914,0.009107202011103599
2015-03-16,0.0,0.02273188904179535,0.026915939788335175,0.028430613438507057,0.028676071405516312,0.03086339700005003,0.030389100233907174,0.02861831319315411,0.030974258671187416,0.028604393678444584
2015-03-17,0.0,0.016860849374991105,0.015283649551685485,0.015243913666374453,0.0118376167325418,0.016318702290763376,0.008567670233505797,0.014135545606254407,0.02069454281424621,0.014949461037417233
2015-03-18,0.0,0.012438050804996825,0.010142872281400983,0.017972904263912293,0.01873727685330029,0.018374553088413847,0.01953841093415898,0.01906037030769503,0.02319050187860494,0.026189991934781887
2015-03-19,0.0,0.00910747119136035,0.00839292793839741,0.009157251135032851,0.009660127313963152,0.006716236396694164,0.010568254864354865,0.007261877169165043,0.007602023204392294,-0.022086959190848465
2015-03-20,0.0,0.014372897269605556,0.009102827497947219,0.00838529689124834,0.012032204803736235,0.00885828145376899,0.011757788963778326,0.007346089367116226,0.006024000648194194,0.009035141379119871
2015-03-23,0.0,0.027422146957420734,0.023177438437298692,0.024314251951817134,0.018876544383295668,0.02590288479348235,0.027554681821834848,0.024401464613783785,0.025050520113022223,0.022824690356262556
2015-03-24,0.0,0.008026424699564938,0.002983864896342281,0.00983592449738957,0.007296961353042475,0.006000519139321536,0.01080558987946878,0.0033465817538222975,0.007896193304436583,0.00848541564926042
2015-03-25,0.0,0.011942558766695921,0.01236458105447702,0.01142136283496642,0.010655910978902616,0.010307373421208688,0.011046808071271785,0.0068813330703023645,0.002737004213476668,0.019166253922414
2015-03-26,0.0,-0.009959979581241174,-0.001131275546771504,-0.011863657542693584,-0.00842351978328959,-0.01153126969735574,-0.010943900029137477,-0.011184331305408857,-0.0044593962793375574,-0.008909667495466844
2015-03-27,0.0,0.011788524530789601,0.014709104823274144,0.01443571435529023,0.010613793451418996,0.011471249269769501,0.012862013973937492,0.009342965077240972,0.008734490046645726,0.007598700250731616
2015-03-30,-0.284840514203364,0.003952333740674607,0.013336603956269899,0.008115195814606402,0.0052331496735893435,0.01103165657051175,0.0074140610493556025,0.011933777494136821,0.012042364068167943,0.015816928039674716
2015-03-31,0.04803491460409015,0.003977622312056672,0.005557850920710594,0.003393340389484578,0.0020923544283362183,0.001895923242539732,0.001784210964698385,7.971668376893781e-05,-0.003403709844165048,-0.0031508490092193586
2015-04-01,0.050607618890304185,0.02618703738041761,0.026874121988864186,0.024108868313385656,0.023786612370435556,0.026485995891937897,0.023550889938227293,0.022509877031117176,0.019655388003039675,0.016090964321876955
2015-04-02,0.05271418326253641,0.026335675320262153,0.027681525937503837,0.020449419680606207,0.02269725665186706,0.022025729625524404,0.023022956922660542,0.02052696126478515,0.018279057821161793,0.017099052217784516
2015-04-03,0.05525466984234306,0.030965929971009887,0.019958164800866873,0.02058335417613888,0.02088564338624832,0.020982733115604058,0.01920053600847238,0.021864667381519265,0.021026194466404746,0.015968612523456827
2015-04-07,0.057543057248821805,0.02818791853502356,0.018593591529002307,0.021853369745274298,0.02102043071306836,0.02073442295976724,0.018299375566952047,0.0188699234727725,0.02065747949379082,0.01985644604624226
2015-04-08,0.05982743770942722,-0.0013727878010098005,-0.010473459761763726,-0.006340889763621349,-0.012097938773915518,-0.011837977109335207,-0.011869913329110693,-0.012531280030705139,-0.006198548584104402,-0.008920643194790245
2015-04-09,0.004136434779430154,-0.022779564103490912,-0.01673105323897006,-0.0018623697843943576,-0.01200858118826964,-0.014335289665079465,-0.009577887670552121,-0.010827938675709636,-0.009082849266191184,-0.017437907726956747
2015-04-10,-0.020596975849894283,0.023667675712257807,0.011655361885197113,0.022507233997544285,0.026166043570025055,0.026261123281900556,0.025818437280913598,0.0212383783284118,0.022209855236274167,0.012678767206463437
2015-04-13,0.011381013148197727,0.008760407049753116,0.020701442127416314,0.02056606377091219,0.023992840298663554,0.022699084655860347,0.021111678884033758,0.025288231979306852,0.02687424687419604,0.022785341866413233
2015-04-14,-0.018347190086540954,-0.02663170022820449,-0.0056979637741252365,0.00029088729991033624,-0.0006747492229142171,0.002171783123346982,0.0019890751452964484,0.002840145276905126,0.006077039016751273,0.010729478238195256
2015-04-15,-0.06080512832923923,-0.035489915228144486,-0.03995761815418575,-0.035973486448627856,-0.03699855953762188,-0.03703162540208127,-0.036410101292521646,-0.031836043774292944,-0.03726684589466067,-0.022808105109071608
2015-04-16,-0.020430801094517448,0.010239518692911398,0.006098955971526321,0.009999825753513214,0.009108459712788397,0.014130904064696415,0.01165604247220875,0.009457772187042579,0.017309602289737658,0.0040142718694193835
2015-04-17,-0.009480420352754648,0.004302824213424872,-0.0005640930027818181,0.012383349855035863,0.0035498225373253867,0.005735454100967985,0.00753355083608942,0.006275174485364188,0.015151436537551355,0.007239626320640902
2015-04-20,-0.027619630150333307,-0.01992385708398059,-0.02166637160351259,-0.014438468765056278,-0.01643962074544525,-0.02089411883280623,-0.020825293751328466,-0.016237445469927003,-0.023673465933450988,-0.019902692257180443
2015-04-21,0.030372745952797153,0.029988556204041616,0.03388253402837771,0.03156571536177655,0.031274881416023526,0.035134958543987294,0.02950988367533336,0.03137570073304463,0.028333746473536037,0.023597762478769102
2015-04-22,0.008461115687709464,0.019667118115352933,0.032441870375538695,0.02431304836250625,0.03017555401371097,0.028910147390979857,0.0275646043871689,0.02901045642714517,0.02629890876495189,0.02543500728351944
2015-04-23,0.05791893337100795,0.015834691988846794,0.015342807740645226,0.004570331080049561,0.008933301140613192,0.008333342420896228,0.009863209570902143,0.011853816476395718,0.006116667492645833,0.017535254778264342
2015-04-24,-0.012024090885092265,0.011450471059126333,0.005034369182124188,-0.0008484913211018741,0.001496888987384759,0.0007740844153898419,-0.0017192835768963244,-0.0018479943604355897,-0.001254848293300137,-0.0017942757949308552
2015-04-27,-0.029260819218063894,0.0018487388633263713,0.006327617252789297,0.009102938902217028,0.006541741811080026,0.005515293146755251,0.011865200089270056,0.011336830456794011,0.006720488338238573,0.007955196835107259
2015-04-28,-0.048548617430191454,-0.021633474569768496,-0.022675419874044533,-0.0382006268472973,-0.030544902498453874,-0.03548813661880479,-0.03241558804179956,-0.030364304537919384,-0.026263504208942967,-0.02479832434116014
2015-04-29,0.015700262153195865,0.012462225611701072,0.02179084693040667,0.01862025825658331,0.0215159764986268,0.013928378959861432,0.019120338347671018,0.01827561583417814,0.025105899515708074,0.019566146167108833
2015-04-30,-0.014905517965283277,0.008304923673683406,0.0007674248563038777,-0.00043741965222521273,0.000895560500642878,0.0025732544585808093,0.003359954930147957,0.0034915935881079108,0.001577761593285265,-0.0021125355662673373
2015-05-04,-0.011488392977109352,0.007784261868019504,0.008710496048827787,0.003059790732931278,0.008477093713812556,0.009350199545838267,0.008914402187091497,0.010953867368714398,0.01945117403640184,0.01211459175272922
2015-05-05,0.02862958328619758,-0.029811223627105976,-0.023774472820523362,-0.025138116409054834,-0.032869619934668415,-0.031958526953954514,-0.030284947607303603,-0.03499844594116441,-0.040278724750249295,-0.03698285884180552
2015-05-06,0.0,-0.015228911976722043,-0.019566216282736235,-0.01518782236157713,-0.010811573635319583,-0.016717936553087946,-0.017064347898359637,-0.019281031343979845,-0.02528905533548072,-0.033673118680919725
2015-05-07,0.0,-0.011673492088791981,-0.018554320334818963,-0.022366407970335067,-0.02478831672618942,-0.020059522102029992,-0.022201036591348422,-0.020119753792684603,-0.023710920507440725,-0.03858163879113219
2015-05-08,0.0,0.044532876141822664,0.04187880252994658,0.037444285606070826,0.03879701865181184,0.03839171205390879,0.03348585949027849,0.03943870392742621,0.03751985998697105,0.03397977070567637
2015-05-11,0.0,0.036512850489080595,0.040172131045044246,0.04560701657681254,0.043274035056589666,0.04154233719795264,0.039183269084199335,0.04341572493235235,0.0377260569482365,0.045113216018421554
2015-05-12,0.0,0.01674871806069378,0.020353795787313445,0.01810202824023799,0.01582093819841246,0.01949762547623779,0.019469436489424785,0.015376163684870603,0.013416594024415973,0.020454867661708453
2015-05-13,0.0,0.006144137394456184,0.012256805367899082,0.010388757333432252,0.006529241814083653,0.00865495866380872,0.00850297452758153,0.013082901648244327,0.0070788470566141015,-0.001014693360190666
2015-05-14,0.0,-0.009844750559302451,0.0156881699808864,0.010327833538762876,0.005924201614203817,0.006966397137146085,0.005757989468640146,0.003446001236536933,0.008403112420637404,0.012980768158040945
2015-05-15,0.0,-0.014399447780785946,-0.00024531163672447676,0.0012906706431905501,-0.011027671055998667,-0.0046307779045433595,-0.010863223522668997,-0.011435522211717508,-0.004881681168993124,-0.01494848854165487
2015-05-18,0.0,0.027765586167112666,0.023204091335248256,0.025736763744421687,0.022080457396565167,0.025602438185089227,0.018891292838857376,0.018374966918671687,0.018771372277252674,0.017191863838706967
2015-05-19,0.0,0.026247249416698093,0.02837889353021006,0.02044718516516797,0.025214610394905357,0.023787430706222246,0.028346785872527702,0.023419529036319275,0.028262029627554197,0.03234637960886455
2015-05-20,0.0,0.02131493566700815,0.023632333618888834,0.01665629703035476,0.01962763795172151,0.008673855950574572,0.02037547312313781,0.018612274937251705,0.02248053058417665,0.00526375671876278
2015-05-21,0.0,0.03009878700755797,0.03264947047652367,0.03169961662686904,0.03774767305978677,0.03154922159510787,0.03163187897521769,0.03290352924669149,0.03844324287231271,0.030879867394515648
2015-05-22,0.0,0.01609172176115048,0.012076565325575217,0.01310659230468092,0.012707208714677787,0.006304547016027451,0.009378624677657044,0.014290189031833211,0.022434437862765666,0.028696016407445235
2015-05-25,0.0,0.03497199393308259,0.023555607244267307,0.02047727694957535,0.023408889332262595,0.021584113565445984,0.02307665076248977,0.025159985566377552,0.024188370965517514,0.035137701399983845
2015-05-26,0.0,0.04413103886877345,0.038381727042339664,0.03954051205271192,0.039053057456253315,0.02922304232785966,0.03084053439169754,0.03707318191441522,0.023234945822821595,0.03440650292072167
2015-05-27,0.0,0.03163288668008524,0.025414288927879003,0.010010550352533842,0.012382025691703546,0.014896752070494346,0.011969753287144114,0.019269925993871118,0.011219742341585626,0.017319225823827056
2015-05-28,0.0,-0.041926456103781096,-0.05216015688828235,-0.05582967341660128,-0.05902258538204841,-0.05587638654485305,-0.06185593002253209,-0.06432238700102233,-0.05319869986781989,-0.062376882841581494
2015-05-29,0.0,0.03440837087701709,0.014759638464879599,0.01330098138634117,0.009787226186468212,0.01665764011864579,0.007207740586446576,0.007984147059932,0.011213505940338653,0.016976013147434355
2015-06-01,0.0,0.06523620514851869,0.04922171973407985,0.05128990102758402,0.049480132461743986,0.05382788963873231,0.0508962966869142,0.04680369537708584,0.05239506431297558,0.06959324878023332
2015-06-02,0.0,0.044235592324456396,0.04111558473569121,0.04107300624396881,0.037351616232959906,0.040193135120881296,0.040623907860192876,0.04519322552794014,0.039302221263380455,0.05173301099348593
2015-06-03,0.0,0.003696477699632661,0.0017251672867659718,0.0051940734474138495,0.004002928715577836,0.002698714934081803,0.0048817835394272535,0.002154082176153649,0.005536486469436497,-9.79238285487849e-05
2015-06-04,0.0,-0.00441595099703429,-0.007065410264943006,-0.004240621331362715,-0.008330590526130166,-0.005885249001521431,-0.006121566966133529,-0.0063499731119675,-0.005415730194430313,-0.0026051638032049684
2015-06-05,0.0,0.006238340578006429,0.017113261151141312,0.017309070526206227,0.0152449442127367,0.009221698669114264,0.016513113030035997,0.022267128394221514,0.019812067007586975,0.02485162929926421
2015-06-08,0.0,-0.00861371981502057,-0.017928114898141945,-0.016375108409154127,-0.01755566662986152,-0.01690211806265962,-0.01094026156520922,-0.010383971498315825,-0.008574100631259185,0.01223332158986068
2015-06-09,0.0,0.007608619636543246,-0.004330798004382741,0.005720411640817158,-0.002674397698754327,-0.0013536741271729102,0.003160710099702646,-0.0013552198386920233,-0.004900232383683534,0.002789407649359754
2015-06-10,0.0,0.004992424345644508,0.025087974952146652,0.022822341120096068,0.01713965532078565,0.016780851272644393,0.01812946366259882,0.01894583817687545,0.017419138096576248,0.01126820523434846
2015-06-11,0.0,0.021508358769864566,0.024812032385221894,0.018598402023066063,0.01703100441453609,0.020078632821336928,0.017930953645441727,0.020772424111930032,0.0214458478179973,0.012241078401004302
2015-06-12,0.0,0.01683535045768747,0.01010357807852258,0.019400714758742943,0.021242959383837245,0.017234617207843694,0.016750321542873925,0.015795435656532852,0.01953450424745662,0.013100545205205538
2015-06-15,0.0,-0.01948733569972394,-0.01387094857416138,-0.0204184583322512,-0.01421861389884238,-0.02174497993586111,-0.014513957248801224,-0.011009436193023081,-0.005708927299293065,-0.012462004307914776
2015-06-16,0.0,-0.054150105242875224,-0.04384737644128256,-0.03641935790976736,-0.04283795931874579,-0.040694637157183244,-0.038935595071145634,-0.040398954273021315,-0.040176743467026155,-0.038893757352632674
2015-06-17,0.0,0.019551623651244743,0.013634896853546463,0.019035654037178995,0.021119585681471875,0.02281316771096864,0.015599984089622598,0.0167561305362951,0.01727867078041112,0.02831462130365381
2015-06-18,0.0,-0.03940388123907956,-0.045699437693332734,-0.029601151316047458,-0.02930713253628825,-0.031652322915254216,-0.02986333288681875,-0.02739353899068042,-0.025592597403041206,-0.019463237084843876
2015-06-19,0.0,-0.07006482730054453,-0.06188153229033866,-0.0690702798377325,-0.066939019831319,-0.06761561287664508,-0.06770417207673651,-0.06819029353706219,-0.0681008258684519,-0.06741111723450144
2015-06-23,0.0,0.01329707296106819,0.0006551361085533891,-0.003677658381288751,-0.0007169409863081455,0.004232064783507239,0.0030954319395053442,-0.0001862623813697617,-0.001008552227534154,0.000924093439449436
2015-06-24,0.0,0.018030694587404028,0.016672880703241244,0.016430524335076413,0.022794449064746036,0.024620665626928995,0.0226049146105618,0.024522680962199006,0.03148493107577677,0.021426898624898216
2015-06-25,0.0,-0.04070000111967087,-0.028769587442135647,-0.03877035520311023,-0.041099822830266364,-0.037781578335537414,-0.03776535294243799,-0.038715310539024994,-0.03616855621995163,-0.03989612765488326
2015-06-26,0.0,-0.08626850046677004,-0.0740734117871884,-0.08124884582871783,-0.08016842490464515,-0.08503873196649814,-0.08242694767397951,-0.08420317019186141,-0.08018600308664547,-0.07656442780519612
2015-06-29,0.0,-0.07772215001905813,-0.06608902500442704,-0.06482493596395134,-0.0670423609905888,-0.06506128703218983,-0.0663497369819791,-0.06921908235185048,-0.06244840367337523,-0.057464725321376586
2015-06-30,0.0,0.04253195354737027,0.029568525711188842,0.036737495593488934,0.038886871033410486,0.045220989060372085,0.04412493189643185,0.0436999384613852,0.04254605690986124,0.03474530574143775
2015-07-01,0.0,-0.0529336078120165,-0.06017681598902025,-0.06171302045607541,-0.05553133924325615,-0.05371664112468599,-0.05553249851477848,-0.06236871484152995,-0.05666513634498782,-0.05688996407546543
2015-07-02,0.0,-0.07484082171108553,-0.05840526000927582,-0.07130287766121646,-0.06893587606062945,-0.06667596939259568,-0.06820648812928387,-0.07092506248116881,-0.06736434412015657,-0.06418297100145365
2015-07-03,0.0,-0.07139631639363009,-0.06272460651166323,-0.0659520586350989,-0.061136418317514596,-0.06497190593238045,-0.06389823566030528,-0.06695478654773412,-0.06951161348653578,-0.06311861753345294
2015-07-06,0.0,-0.05787688801616819,-0.04513689111021402,-0.05041274995119871,-0.04536422278000085,-0.0407091895280387,-0.0396614854857511,-0.048815595315517823,-0.04012099958182558,-0.032951260065496535
2015-07-07,0.0,-0.06435867342299262,-0.05343342613636859,-0.057134867461552497,-0.06126094346284705,-0.06013964617651002,-0.0627122750758976,-0.07183940329572214,-0.06223077337926253,-0.051665983434335594
2015-07-08,0.0,-0.02417591818565612,-0.026265444713900576,-0.027159100947483972,-0.03286001787861792,-0.031567853626423115,-0.03392525938717483,-0.04183750222260807,-0.04530617379000301,-0.03638225745379431
2015-07-09,0.0,0.029703594460537053,0.028318793001778975,0.033916069115780934,0.037743510004962344,0.03957328574452279,0.0409193215965622,0.048042046637802205,0.045841128608957504,0.037919410729820635
2015-07-10,0.0,0.031665261030428216,0.0349201480349568,0.03936755030718553,0.04116548384942642,0.04266830819884393,0.04452957920769651,0.05111096754403954,0.05056665491050771,0.04204145759050637
2015-07-13,0.0,0.048701265849999675,0.04273490845829153,0.050470425070658465,0.05186307549101721,0.051766712399162085,0.050345654224690284,0.058619765733236795,0.06370336634495688,0.04549929629919158
2015-07-14,0.0,0.033191062082894796,0.02700757904270623,0.02532997845250673,0.019008447547516516,0.01790968970765161,0.022002050826046782,0.02775872761326359,0.027976295611251034,0.02019772369359618
2015-07-15,0.0,-0.0425494732424736,-0.048354962783979216,-0.048096180839216074,-0.048973403290722306,-0.048773945398278284,-0.04604463430269712,-0.054532687229240207,-0.05674062041949379,-0.03795233974951606
2015-07-16,0.0,0.004985424426093621,0.004076275795741324,0.009843475840968674,0.010462955313212063,0.013129979042891593,0.014906000215128667,0.018806264125455163,0.013924564746086388,0.018533942759685784
2015-07-17,0.0,0.05214517030009058,0.04577990419096167,0.05206412792745496,0.05065858835735071,0.054799904977653746,0.05332634047159268,0.05864192601322116,0.05534258051017904,0.042583018762324176
2015-07-20,0.0,0.02145461226156309,0.011807769119014377,0.025990922970723584,0.02459509538295812,0.02333723643641772,0.018116971326044284,0.022439456833320603,0.026969955416634273,0.015440674983782321
2015-07-21,0.0,0.014712711524515809,0.01949191545081219,0.01788987693478128,0.01944285173360205,0.021856606282692814,0.018194948036375003,0.017566162027252474,0.019046280041257635,0.021408606904898875
2015-07-22,0.0,0.021140820365711743,0.01506930987672539,0.016648007156224498,0.016728212826485622,0.014467222307272598,0.01029742834136993,0.01576827973617112,0.016588749280634918,0.0004163024972083651
2015-07-23,0.0,0.03358177369240489,0.028279504756008045,0.035081977842458256,0.03143016873260063,0.02998584320853359,0.028964488331698623,0.034192879200946935,0.03399628327181747,0.023493404856931077
2015-07-24,0.0,-0.024356532536326525,-0.01110751172321156,-0.006271385282756392,-0.010283955967988923,-0.012232800054567061,-0.014845544279443623,-0.015562180069680576,-0.009416099038353942,-0.014565017997982599
2015-07-27,0.0,-0.06076337870764026,-0.06370238108887283,-0.0674025803110555,-0.06637000943291671,-0.07372544669082903,-0.07346212856495482,-0.07853131698574256,-0.07683622934956524,-0.051284811036598876
2015-07-28,0.0,-0.036527079974736476,-0.04164015773022711,-0.03590700475758868,-0.029605418143127116,-0.033382160168913266,-0.03581273825469222,-0.03503956222637605,-0.030622149615675553,-0.028099227665255633
2015-07-29,0.0,0.04993938535497122,0.04543176410139926,0.04695032150034817,0.04713035844295499,0.04880877083972246,0.049214670912942404,0.053925981691100855,0.05099492318613086,0.04629510706812523
2015-07-30,0.0,-0.031228340411040945,-0.02815367184258266,-0.024358015312799464,-0.026906481043479147,-0.028773095524276537,-0.023222981750453786,-0.02663975525728257,-0.029624890450486108,-0.009622605897825154
2015-07-31,0.0,-0.020251250997487924,-0.01827876779283044,-0.020021573871775278,-0.014421545715646245,-0.016503213240355197,-0.014097797848132476,-0.020272592362532205,-0.019588897762201296,-0.010383135097979945
2015-08-03,0.0,-0.04698804297276071,-0.048035176000707835,-0.04205799653362141,-0.03826366510095214,-0.035675214380781584,-0.03766431641912538,-0.04608122989542851,-0.03754323300263951,-0.03442410658829498
2015-08-04,0.0,0.04957398655964296,0.05668047817527455,0.057617649240569335,0.05438156052051757,0.05822983859207276,0.05833360415089328,0.06310001745966609,0.06055155381271238,0.050568436031731556
2015-08-05,0.0,-0.007216173302967643,-0.00467883684632131,-0.00675295894912753,-0.006107277242883846,-0.0056753402427228705,-0.006443331225155946,-0.004919267369089653,-0.002125812694413143,-0.00923453091134585
2015-08-06,0.0,-0.003964229772060679,0.0014285048776310205,-0.004559890678158096,5.950320522996044e-05,-0.0030242970776859224,-0.003201846078620174,0.0005897733933049043,-0.001985825344282599,-0.0003873606646721539
2015-08-07,0.0,0.02976739283405161,0.0331406873056912,0.033746993886133225,0.03447853110878141,0.034438102221292066,0.03391081005950358,0.03371728639499061,0.03071164898486156,0.024062444101268676
2015-08-10,0.0,0.04019195094255634,0.045771000189445354,0.0514775407588699,0.048722001958912076,0.04996033720078619,0.04878491749825575,0.05243389963551115,0.049763930187815886,0.03641965810566061
2015-08-11,0.0,0.00925956492756641,0.007979599465449905,0.010169664108537146,0.006006949927356509,0.006691894077396787,0.0079789389289604,0.006673880094790308,0.009125379772799924,0.010415227976836361
2015-08-12,0.0,-0.020829112817409734,-0.009058372253559877,-0.00854234451859115,-0.01048337532593091,-0.01178408266795361,0.004016867495816534,-0.010601306840902214,-0.00792225826495474,-0.007810215127750153
2015-08-13,0.0,0.03413928183174986,0.03125562850822483,0.02780474407849809,0.02595991415900034,0.02768639668616779,0.030483101793676193,0.027994013497489867,0.027773821449656122,0.02743466475221945
2015-08-14,0.0,0.02051730256426243,0.011859776257473253,0.008599385706450802,0.006907324415637017,0.010230823185427118,0.008706714903026436,0.011454667404243501,0.010289384828165327,0.006852902600319899
2015-08-17,0.0,0.025753470567687176,0.022309724665267483,0.01843193955293687,0.020674239563013064,0.019262403690463614,0.02283296502550325,0.021911144296534735,0.022033706887460536,0.01753340868396025
2015-08-18,0.0,-0.0632111551021638,-0.06769748137132114,-0.06778351459943077,-0.06910792387098919,-0.07192456896459132,-0.07437102355347747,-0.0750046566475826,-0.07182148091700402,-0.0674631255654472
2015-08-19,0.0,0.019934812912744126,0.02216337517380751,0.019614109952020176,0.0229479647411035,0.02495938947504106,0.02474801803305038,0.02388917031813076,0.0220854722507815,0.0174489821433792
2015-08-20,0.0,-0.028197481513221656,-0.03173567645360942,-0.039208021863395115,-0.03270826204092914,-0.03228596943717066,-0.034623444825884864,-0.03404703515985785,-0.032757898678596686,-0.02853458825102173
2015-08-21,0.0,-0.06322551452894021,-0.05078207401534873,-0.0579314048854791,-0.058901095058444985,-0.05255210931840726,-0.05705505204842176,-0.05803119894187769,-0.05298929555063292,-0.04242464610785002
2015-08-24,0.0,-0.07880902386875221,-0.0696702723289081,-0.07728690508665925,-0.07911844900276022,-0.07700435251816695,-0.08046321952433921,-0.0807122902735482,-0.07644769180497968,-0.06923675689124009
2015-08-25,0.0,-0.0733408876121423,-0.06997953135006629,-0.07588508395387383,-0.07331663156228951,-0.07297656654797113,-0.07635340894280407,-0.07582818301285532,-0.07165503525259131,-0.06178852256644074
2015-08-26,0.0,-0.05013540246711967,-0.03374695753225854,-0.04453206718620073,-0.04084872798394612,-0.03308024284019795,-0.04099718510121664,-0.036642289728282096,-0.031056763621182593,-0.03145842707449431
2015-08-27,0.0,0.026333800132950946,0.027992237104590423,0.029827427777686877,0.03053068360964617,0.034669978462393836,0.03490886295052764,0.04093435199618356,0.03774430377598925,0.037175478465284906
2015-08-28,0.0,0.06533371476664773,0.05667746228206738,0.06099260537511286,0.05965102244914289,0.058970107919403825,0.06292677726418261,0.06002663044350509,0.058019896258408865,0.050878538188309896
2015-08-31,0.0,-0.046405218772935464,-0.030475148354511816,-0.03411541015921682,-0.03367796450010829,-0.03485649202700858,-0.03901776540376589,-0.03383338637590705,-0.029065522907156915,-0.0261799836293658
2015-09-01,0.0,-0.06265255521222313,-0.05987400471826232,-0.05774511567635743,-0.058027080925275976,-0.05722437967492411,-0.06033194074702508,-0.05709863515434854,-0.05661166976518894,-0.04980406258458747
2015-09-02,0.0,-0.03865716775208394,-0.035246690950691106,-0.036961674248692566,-0.03134434505369399,-0.02798961632564534,-0.027701528509491924,-0.02883254177702088,-0.020532725566389964,-0.020157610863356656
2015-09-07,0.0,0.02061240350385085,0.01105423669218486,0.010310190787067075,0.00901912027763263,0.00982673777099441,0.011653961521630007,0.010515494444191864,0.010210666763125875,0.010932124755622441
2015-09-08,0.0,0.04566137889194666,0.0421663479717469,0.04297028741633935,0.045535709361467,0.04324074718173132,0.04511723034666848,0.045380210778066754,0.042314830649543556,0.0352631683280864
2015-09-09,0.0,0.03808367667944612,0.03583613106599537,0.03437849137278337,0.034160240785812146,0.035710858198514384,0.03614042057693134,0.03695634102389733,0.03199994805884554,0.026302890664236855
2015-09-10,0.0,-0.01521873052405942,-0.012488074941022553,-0.014471164706908346,-0.015138944522829823,-0.01548124475144197,-0.01467393076334711,-0.014410718277293788,-0.017779235255200865,-0.019606698016400248
2015-09-11,0.0,0.01351226799598182,0.008700197985453961,0.01057108026104081,0.009088247815172368,0.012271492004398699,0.010593546459425118,0.011709492769478969,0.0045196379511607265,0.005995169467137185
2015-09-14,0.0,-0.06132711499732646,-0.05783830888399921,-0.06886978645248532,-0.06759079899777964,-0.06341156849367446,-0.06879810884902937,-0.06782749897344076,-0.0659410371173842,-0.05340960289989827
2015-09-15,0.0,-0.043811445626522505,-0.04321389704142198,-0.05800664413869239,-0.05228032057025356,-0.050691018840443025,-0.05221418013007528,-0.05230361753387669,-0.04869024512345643,-0.04067169368519219
2015-09-16,0.0,0.06247521828103064,0.05816312901911913,0.06344824367463131,0.06826212948446075,0.0650421305858302,0.07130082293091289,0.06960926373593956,0.06541315800135195,0.059136946543840274
2015-09-17,0.0,-0.006270404683871189,-0.011799319286910692,-0.018774054899386217,-0.01507378979313323,-0.01702489172792332,-0.02045109135266776,-0.01717586734911758,-0.018904061117122062,-0.027295212185125317
2015-09-18,0.0,0.014230800550233846,0.01589804996325439,0.01344277177971942,0.013736117015977989,0.014062115801504182,0.012909515379155856,0.012926036770579685,0.013012611455183842,-0.020274775105733722
2015-09-21,0.0,0.027879127883784882,0.0317923759314136,0.03566474109621787,0.03633062348842708,0.03474058424473614,0.03493143764393647,0.03470413059955302,0.03110882316377528,0.01956946607613297
2015-09-22,0.0,0.0007962156016905197,0.0045604753009478305,0.007863673667631632,0.0032531095220575956,0.0068755064540797495,0.0063241291682269996,0.007859613050741343,-0.0007179350283684771,0.0013545223969446685
2015-09-23,0.0,-0.006833454871749356,-0.009898980961051684,-0.011483079140221841,-0.005875919871028423,-0.014225382003163811,-0.012203472470598054,-0.01313979499367246,-0.011510211346661414,-0.030433987794641792
2015-09-24,0.0,0.012870746606790773,0.01716735364085653,0.012831560603605574,0.014913094217427814,0.012366967702580611,0.010445260942723023,0.01414489127727414,0.0143947330926808,0.01293809513202726
2015-09-25,0.0,-0.029477726145221594,-0.023175742715054404,-0.038450127211925755,-0.031820605597675855,-0.03329380219632694,-0.03465942926158894,-0.03692113723828183,-0.031282398393708166,-0.0331709559472656
2015-09-28,0.0,0.01762261408625454,0.01711307459304945,0.01642284217390766,0.02302557361632762,0.01891941003229336,0.015743510080800327,0.018684474445908927,0.018687956626757707,0.0028813268623792965
2015-09-29,0.0,-0.009741012775064894,-0.012133384882466958,-0.018231771545132447,-0.01673517955983661,-0.019225647657322265,-0.021012796824736446,-0.016980642097241594,-0.014865129349110329,-0.017067458548390757
2015-09-30,0.0,-0.005038443866056119,0.0015824352670321673,0.00548864990961051,-0.0018731430866149035,0.00019652990172080997,0.0027745318747232073,0.003917552959601611,0.005338893706913428,-0.00252617180619652
2015-10-08,0.0,0.03514914252076906,0.031356514616258435,0.03884358618966144,0.03992278257896498,0.03600546758103529,0.04337344450051761,0.038840096161570026,0.036540467078258754,0.035175023368426706
2015-10-09,0.0,-0.024917603441912295,0.005707579137844254,0.018920970872707388,0.01453247493011034,0.01175965114648303,0.01826078146016874,0.0136869913154678,0.01371047420256244,0.011209686666079577
2015-10-12,0.0,0.04360553247639065,0.03318604813833104,0.03509846220089008,0.03924805817259336,0.03680160068400595,0.042773741381764374,0.0399824699302751,0.03936405464927595,0.045286727733159005
2015-10-13,0.0,0.0350275096241055,0.006496522446288067,0.015195457491790965,0.009294039544692989,0.01171488431265888,0.012148402331695118,0.010963346828423148,0.013832115140060441,0.021663754439706473
2015-10-14,0.0,-0.008723142938481199,-0.014110530488448125,-0.008575468733670655,-0.01224892114050169,-0.013766965373688045,-0.011121022135082592,-0.013130173768902798,-0.018865465217707045,-0.011024114147330066
2015-10-15,0.0,0.027507526488459222,0.023826262576919444,0.031520255532841546,0.032597896374278346,0.03106682692341378,0.031445011314238824,0.031138787017746195,0.03151114446681591,0.02725245295875478
2015-10-16,0.0,0.02037243376474085,0.014884176213701084,0.015477851306190393,0.011976416625105069,0.013887142485311754,0.0174551500294573,0.015248827701708656,0.018585661971583622,0.02181253446158915
2015-10-19,0.0,0.023700873096580866,0.0004922959126432147,0.0024244201999408244,0.0029043691600436627,-0.005143132437610443,0.001250365016479904,6.317639296171684e-05,-0.000203783690248871,0.00881753092725579
2015-10-20,0.0,0.012917493565355764,0.012036823310441758,0.013072256775764846,0.0194718715382054,0.015788726895761274,0.020496267811543012,0.018646165390263203,0.013172061276284008,0.007530466452175144
2015-10-21,0.0,-0.07753597675207446,-0.0600382676024559,-0.063104474283734,-0.06063529497189879,-0.06174006497529427,-0.05819862605466608,-0.06267203079835748,-0.058533113775155465,-0.06105107096396578
2015-10-22,0.0,0.03743371480454161,0.03302805579759127,0.03803502133925685,0.03726346803510139,0.038224652936540426,0.040544678910761744,0.03484625795899454,0.03397580820285451,0.03146010409451083
2015-10-23,0.0,0.03841291976858541,0.03365936262017355,0.030851982590148985,0.033155081494148364,0.027156234892083075,0.0326496143756394,0.025638158293409763,0.0265364702506401,0.026774604324036888
2015-10-26,0.0,0.00994605021699635,0.005627438543987173,0.009433678520989197,0.0066843154259166315,0.006796901475871531,0.01148653229583907,0.005200278856141161,0.007409169818973771,0.00925178721485076
2015-10-27,0.0,-0.0049420018024075585,0.0035063209495129755,0.007759805843404077,0.006172654283965295,0.007049083146942081,0.006267055281272693,0.00930412958300586,0.006273148879919255,0.002401075069127012
2015-10-28,0.0,-0.024514395532740485,-0.0177975977874274,-0.020851349467488345,-0.020396204859085665,-0.023871493036377478,-0.021554605232097068,-0.02045997667350119,-0.012739086341360673,-0.021336743893956345
2015-10-29,0.0,0.016966022118649837,0.004664093844136463,0.009608496368977315,0.012079396524102837,0.00964671122278049,0.013010225551360444,0.010263964543473447,0.012407999762340083,0.010054123557112105
2015-10-30,0.0,0.0016695190552642458,-0.003717843288863154,-0.0027068118514380624,0.00014332091553925785,-0.004145392245348267,-0.0012579753435598695,-0.00033255206755677946,-0.0028346947894000163,-0.005465382810063257
2015-11-02,0.0,-0.01835246611318142,-0.02558945182154082,-0.026315846228174622,-0.024106390435116976,-0.019551187612796617,-0.026486612899787154,-0.02225410724468957,-0.017508411576122596,-0.028380146854942057
2015-11-03,0.0,0.0018979935751683996,-0.000440911509479891,-0.001346021567711242,0.0033190624457604123,0.00048179129184178215,-0.006404257474283415,0.0010955827658671868,0.0009807783162578687,-0.002775475660222293
2015-11-04,0.0,0.05265776330382477,0.046661163028181685,0.050200392718892095,0.0491485361126931,0.04900123032748671,0.0495922362991843,0.04905687554973781,0.04386930167786374,0.046899095822227066
2015-11-05,0.0,0.002608809274518231,0.003233318530476925,0.005194493999555183,-0.0025055284844203163,0.0029705553712460198,0.0021205562012731605,0.0027559531643288615,0.0021910444750918856,0.0051763555706918485
2015-11-06,0.0,0.020377520818783967,0.019454452738832506,0.026624802130481795,0.024245603943036542,0.02396988106317388,0.02138504539476127,0.024087423837916067,0.01954271916009498,0.02138864604012536
2015-11-09,0.0,0.017489002209789106,0.009815402060732392,0.016285778203443346,0.015901888219079563,0.014585820531445526,0.01604508450054487,0.013945553981700609,0.009999662391865893,0.011056077620890115
2015-11-10,0.0,0.016561336020687767,0.012615150985379575,0.009985666011732786,-0.0003046448913430755,0.008438509097316249,0.00867935732733871,0.008802298230721428,0.010093152776647019,0.01252481788269555
2015-11-11,0.0,0.02332451569747196,0.015745653101395085,0.018787080262944844,0.018310770604693882,0.016192642239745814,0.01883391063935913,0.013253273529227227,0.012047628506915542,0.020606591753035586
2015-11-12,0.0,0.0026483604134315275,0.004258927583312477,0.0005206937320871852,0.004942189177044032,0.00503873053498638,-0.00029382181068715596,0.0013275841995130655,0.0024256971007419192,-0.007112920093865882
2015-11-13,0.0,-0.012879216725255271,-0.012832868704373834,-0.02140769115556662,-0.019913647416276326,-0.01610996097611017,-0.021946393152807886,-0.0239028659876519,-0.013860882783981787,-0.019614415263373042
2015-11-16,0.0,0.025298615473367647,0.023321266978937327,0.02418689658661699,0.02392290381536477,0.022426820236950196,0.02340054776173628,0.02401612065220915,0.019487524510632515,0.013580430933257004
2015-11-17,0.0,-0.012325129171778526,-0.0059092773822359,-0.008080832429282814,-0.006699961866867499,-0.003645528141473009,-0.007461614120886639,-0.008180404590139911,-0.006217124692839193,0.002968835942071868
2015-11-18,0.0,-0.016260887982937566,-0.0217560091023401,-0.013324715254452557,-0.018134016459491642,-0.013564046019868048,-0.01913584477400787,-0.017463726580419503,-0.015852542841034545,-0.009380135554618807
2015-11-19,0.0,0.030106460761331277,0.026860039472022423,0.02686412059578891,0.02850403365839238,0.026832720733031667,0.02773970117636937,0.02849514486918947,0.02447266641992174,0.023531633692490006
2015-11-20,0.0,0.010238331870717987,0.0182795552021755,0.01841922444711752,0.01324948285018035,0.017355541180995804,0.012046160716004506,0.01864879409174769,0.01738978979835637,0.00681373951560027
2015-11-23,0.0,-0.008480270263593881,-0.006632229718572025,-0.0066752996701402445,-0.005677268882972375,-0.007996409961499862,-0.006589602454839971,-0.007314343814107671,-0.0009503955316406687,-0.006997254309580647
2015-11-24,0.0,0.018998701876193902,0.012346332434735485,0.012902694033877005,0.010175300001515675,0.008845037208052187,0.01382999519747341,0.010627289634025594,0.00994670595448488,0.005649461958959989
2015-11-25,0.0,0.01988476706200415,0.020640163702077663,0.021914684883344915,0.021210648998388093,0.021599500377120995,0.02125249854697353,0.0174382614950781,0.022718666535532783,0.010130007998501611
2015-11-26,0.0,0.01254750618305156,-0.006475656020747622,-0.002439633505160632,-0.005768740637606795,-0.007878583090885627,-0.0018419201740472735,-0.002732228057502173,0.0013047544866633398,-0.0066691905871681945
2015-11-27,0.0,-0.049588594622354765,-0.055769539358871634,-0.05904031761236994,-0.059908443998881844,-0.061878471758623044,-0.05931832201144982,-0.062269113408765175,-0.05083307982101115,-0.060246608999921514
2015-11-30,0.0,0.007122166065524516,0.011104495653094348,0.0036427602953070792,0.005503034141817631,0.005978514952488467,0.007723426462676208,0.006732958724232185,0.007365878846364193,-0.005616866013408717
2015-12-01,0.0,0.006507177457749869,-0.001158387203071154,0.003977076506527233,1.2208871178032155e-05,-0.002349524713834983,-0.0008333689619230977,0.0031037092209671435,0.00471729726839043,0.005105818754510327
2015-12-02,0.0,-0.016856118845790635,-0.012877238973517113,-0.008717617482035367,-0.007128591393722017,-0.0058850116182337375,-0.00902476732705959,-0.009065431446251715,-0.0009537003220880802,0.008645177764071255
2015-12-03,0.0,0.030074499921799447,0.026341285563840966,0.02632824724374161,0.026822764054673653,0.024018420206340707,0.026109235827191046,0.02454221408595192,0.025422963669169185,0.020286147209122474
2015-12-04,0.0,8.664849422057586e-05,-0.010383525474503386,0.00046533869208853496,0.0012596060389402641,-0.002358765752943026,-0.0019740817180140535,-0.0004025093260258128,0.0016313590412251333,0.00013648510866426378
2015-12-07,0.0,0.011319788072723602,0.015019560795399567,0.013434876903799742,0.014106274290154763,0.015336097983267294,0.01455387688463805,0.014410636347943484,0.01887838760969518,0.015026805348564709
2015-12-08,0.0,-0.012864061514138103,-0.018269212291486703,-0.02577581853700628,-0.014374538081991739,-0.01765341185984648,-0.02120499461838732,-0.01856576091587203,-0.01485998079996076,-0.02212267863341366
2015-12-09,0.0,0.010298255705839754,-0.0017235779191369094,-0.0006009474556694094,-0.00025949276689785084,-0.0029366805883330738,-0.0033425401974598312,-0.003445994567248145,-0.0018855271612719937,-0.00739023279719242
2015-12-10,0.0,0.0013464623709018575,-0.007975239584755656,-0.00757048858959164,-0.004351490855485252,-0.003259678879848016,-0.0022888321001207634,-0.0035001595374308803,-0.006574006012831757,0.006563895492904148
2015-12-11,0.0,-0.03057011353436334,-0.01132533201383168,-0.011266656262234331,-0.010284535643272918,-0.010386397944532444,-0.006235451285867333,-0.004575796256670039,-0.007644696759552372,-0.003253535964230725
2015-12-14,0.0,0.006451088193742072,0.016181067546398475,0.015648182751234918,0.016414948120272665,0.017424387205446035,0.020664004260162683,0.016132491538191962,0.014317989559074373,0.02431683871582102
2015-12-15,0.0,0.0024104712725134814,0.018733875658555332,0.01320884277295642,0.012211628003705455,0.013229557266722258,0.011725492200838072,0.012213200128856627,0.01234192999045991,0.00033223233969259525
2015-12-16,0.0,0.009356691499358138,0.00788603251170139,0.005977729820506816,0.006562530342157258,0.0057636697375880175,0.008582434401101846,0.00829406667497401,0.005338634244665963,0.008386678044510543
2015-12-17,0.0,0.030949007796291284,0.02929948734946919,0.02882377854538598,0.02775611783474874,0.02594483541015591,0.0287003820755225,0.02449828631469808,0.024810694204757233,0.020214039960029462
2015-12-18,0.0,-0.00030530347494051036,-0.004995362856846763,-0.00014798350932199167,0.0023852538708946103,-0.00010822691927925288,0.01855893260384378,-0.005145689617358951,-0.004815730843161226,0.001778186443940566
2015-12-21,0.0,0.003723565795351158,0.003709859346645139,0.006876065715560653,0.010732819083288048,0.010208094329297923,0.008416488897105223,0.008840375315377402,0.006958136326689512,0.014049923888443505
2015-12-22,0.0,0.009569626233381978,0.010137448440016517,0.009250019234976037,0.009087557309614303,0.01182740428227369,0.0068787155877474415,0.011397529028975173,0.006776898790418429,0.009055601451690931
2015-12-23,0.0,-0.016150399168704865,-0.008086454620424233,-0.01463388402891208,-0.013978452715296519,-0.012179105926498845,-0.01275987292635783,-0.00972111527442776,-0.008809454719108434,-0.01864441191393884
2015-12-24,0.0,-0.003193517234118093,-0.0007215006984477856,-0.0037672297756350392,0.0011821275774925866,-0.0028109035685196515,-0.0014869454851190733,0.0012665346309690406,-0.002925665050300008,0.002808877900031259
2015-12-25,0.0,0.008978663418869326,0.013454604508772672,0.00888460948702674,0.008531743373239031,0.007491975016931773,0.009735051431343456,0.01120188584569548,0.010134415142003084,0.012777707709039188
2015-12-28,0.0,-0.020161035462294308,-0.022463308220993072,-0.022406554388362143,-0.02298867604694821,-0.02311804537096107,-0.02224988758327584,-0.021999212823842984,-0.020213676263516667,-0.02331777002200297
2015-12-29,0.0,0.014849058528977777,0.013703756973799885,0.010095288887073783,0.011996887636579467,0.012156444131529609,0.01280119304058669,0.01006404953969775,0.009469719744130689,0.017519791253784556
2015-12-30,0.0,0.014159970919420006,0.008878782237606186,0.013170955180794808,0.014065558502908804,0.01102882031003416,0.010962482526840844,0.00996805307949522,0.009592372877164523,0.014359308260834425
2015-12-31,0.0,-0.013158668246110672,-0.013204579655903381,-0.01678629865527348,-0.015245584687192393,-0.017833017309726973,-0.017269216177965285,-0.01570853911636405,-0.01543846484929512,-0.011913732005125688
2016-01-04,0.0,-0.08638273062972734,-0.08226215973017814,-0.08368392181340722,-0.08275022703025114,-0.08440369611796195,-0.08377519243476017,-0.08215699849047398,-0.0810737124491796,-0.07181051022408791
2016-01-05,0.0,-0.027173725226588785,-0.030786084714199635,-0.026864125097010305,-0.02033481491510314,-0.018300539743494104,-0.016816773007437447,-0.018269236713378656,-0.0102056452225473,-0.010415742947868845
2016-01-06,0.0,0.02402752515763229,0.02573379435491474,0.03094170547496078,0.027753422302673636,0.026155672108009842,0.030334520379958096,0.025620938708427188,0.029188993742988556,0.024871601677425748
2016-01-07,0.0,-0.09105269438763275,-0.0834318845805655,-0.08469960820683176,-0.0816569336044275,-0.08665352287294004,-0.08490455196102353,-0.08371191268028966,-0.08505698694934694,-0.08347149584170377
2016-01-08,0.0,-0.01097158306122914,0.00012110113962382485,0.007503147803825216,0.009655111631106328,0.006951704236118461,0.012629549188611477,0.009827648350106077,0.008010942276958533,0.002761749223216814
2016-01-11,0.0,-0.0861379257261492,-0.07216961626750007,-0.07545446225929076,-0.06886703637978808,-0.07275151492102261,-0.07094337668720307,-0.06900931684763478,-0.0665775655351396,-0.06944145659331025
2016-01-12,0.0,-0.011657212648765403,-0.0025751096226106496,-0.007310930356510537,-0.006135983483754992,0.0033848916325833756,-0.005917079175492557,-0.0017210546435105778,-0.00697967649993636,-0.007610373324375752
2016-01-13,0.0,-0.04533559744201032,-0.039959058820346005,-0.0417013587580386,-0.039463493427635665,-0.03668158798118226,-0.04188702842672998,-0.036875904943481363,-0.04039124163635244,-0.029236629587118257
2016-01-14,0.0,0.04482591311497153,0.0370876884300404,0.03537144187497909,0.037559073472696713,0.03810545836859336,0.036068596862246505,0.03340199479353867,0.03119591653296383,0.0304596580553953
2016-01-15,0.0,-0.03834510790202794,-0.032770662534468475,-0.04043532128933114,-0.03470575753878402,-0.03229562620196069,-0.03859595729115983,-0.03807983042973884,-0.043398302850645054,-0.037070958170338786
2016-01-18,0.0,0.0229024398976041,0.018244344831795045,0.02326078918005603,0.022110251612756704,0.021636191605724164,0.02037846926718756,0.020499066362347884,0.01922525189857871,0.01596995566587256
2016-01-19,0.0,0.04906530868633241,0.04055581744875458,0.041921625733483125,0.0400825858971805,0.037788481221846304,0.04144468491386655,0.03785321638652017,0.03672437910984461,0.038742604597677976
2016-01-20,0.0,-0.0026344699320511866,-5.331820296616829e-05,-0.006387943327484935,-0.00650398332505886,-0.007380072363151857,-0.0061977198190152905,-0.00953230301079222,-0.005294794762882082,-0.005501995782788649
2016-01-21,0.0,-0.04255761761518351,-0.039759540043307395,-0.04346847862794412,-0.0402458242622612,-0.04187902604787097,-0.046653911671851955,-0.03932043830959464,-0.046428455189865714,-0.028926222068219598
2016-01-22,0.0,0.014295324926616448,0.01479155810965116,0.017754036911822535,0.020070484656109944,0.01610917787248245,0.018971327559358153,0.014097164916996308,0.01737293656864325,0.009950535512210923
2016-01-25,0.0,0.01122840719738094,0.010636631486429682,0.01478545812602583,0.013075686654961949,0.013759056863259067,0.01619762430928584,0.015312950979634143,0.012246756081527366,0.012408127479545561
2016-01-26,0.0,-0.07057498430187414,-0.07295755859746433,-0.07292247309159083,-0.07225355671417888,-0.07335332743250444,-0.07577429751411591,-0.07382501425359289,-0.07080313510246239,-0.06622559857035604
2016-01-27,0.0,-0.01491915942305555,-0.017063506856153987,-0.014833969457232254,-0.008915539940443806,-0.00959862654027599,-0.00763864353990884,-0.011161933005792712,-0.01029709174182436,-0.011109319179077981
2016-01-28,0.0,-0.04320072761119953,-0.042446009130199025,-0.047125717153906455,-0.04501798498885656,-0.04193531872620504,-0.04585252039691545,-0.043667423818149365,-0.04642407415469685,-0.038603863648632
2016-01-29,0.0,0.042528165762051984,0.03522069255647331,0.036820345181584724,0.03582674205683345,0.034965353152248246,0.03753569889426256,0.03651333155509939,0.03617623324154473,0.030910926080897516
2016-02-01,0.0,-0.019273995322615756,-0.00895633065596313,-0.012916661429240195,-0.014578163436799851,-0.010922890565396526,-0.015973520730866553,-0.013182772832010525,-0.012054829182344795,-0.011434504847995242
2016-02-02,0.0,0.03381052870950563,0.03609241169719413,0.03787028253370739,0.03672343828187752,0.036856586194842444,0.03920584154721096,0.035636020353520204,0.03756986478566593,0.020977630618991272
2016-02-03,0.0,0.015362439508621595,0.009223889061306334,0.008939871509977326,0.0052947506345828454,0.006515850360177877,0.007961715683020953,0.0037294262191678307,0.007412252250645679,0.0006820964281666342
2016-02-04,0.0,0.018031698468676804,0.0254088164691586,0.023851526634133036,0.021487594158689394,0.02161260363760631,0.0212587840190277,0.02120651321574618,0.021182214608337357,0.018917289855082675
2016-02-05,0.0,-0.011799692602422196,-0.009927374961885005,-0.009434750175955409,-0.012079074543637325,-0.010609353741522054,-0.009515454430573445,-0.007625059847937821,-0.009598859809787363,-0.0030845997577976236
2016-02-15,0.0,-0.001577119285765205,0.003902423474329897,0.0004416882599849181,0.0005613659543959315,0.002137954830709443,-0.000216122444048783,0.0044271463250755705,-6.957065679036312e-05,0.0015452641925088884
2016-02-16,0.0,0.045055416628830836,0.040520514658024975,0.043110024852968554,0.042894096594481956,0.04150753203405744,0.045188613439701264,0.041837316337228314,0.03845047200782514,0.03437195904469004
2016-02-17,0.0,0.015979714672285317,0.015301738575870028,0.018944854073583484,0.014109119178462803,0.015283539381012679,0.017075272438349387,0.012573151023443696,0.018009579417712196,0.01017325790275092
2016-02-18,0.0,-0.0011902897287325853,0.0010907511314925955,-0.00323610208325098,-0.0023121878600002033,-0.0013661768676692665,-0.0004451628906815275,-0.004937440062912524,-0.003801675893333578,0.005213202399728001
2016-02-19,0.0,0.009082345888157262,0.003246080899170556,0.004510007451673292,0.003919005096852501,0.00619420656090619,0.0027403292774883514,0.006251857341658562,0.004885784175169272,-0.0014443634758803947
2016-02-22,0.0,0.02293933664969683,0.02185241149121553,0.020363504560834134,0.021073220209420596,0.021440353811569723,0.021448892217495574,0.021595994944292318,0.021270497944144262,0.022020301473032244
2016-02-23,0.0,-0.008010833469557554,-0.006944805219065153,-0.004605380925669089,-0.005645587552079223,-0.005662213777981373,-0.003356476289193555,-0.002050130158394614,-0.00668411603933694,-0.004502955378535511
2016-02-24,0.0,0.010860193002000917,-0.00014160926963124876,0.005594815454315949,0.007088651441289562,0.00402729379341582,0.0023275749350435415,0.00401199583611489,0.007849974616101152,0.008781811522968308
2016-02-25,0.0,-0.060721413170212735,-0.07735881779809262,-0.07849946898064142,-0.07791455767157618,-0.07677441587232181,-0.08395713374577185,-0.07526198879432644,-0.07831677669697024,-0.06719556975894847
2016-02-26,0.0,-0.01060423434218638,-0.0053350641146763245,-0.006472687651444042,-0.003962920179085838,0.0008798930648192815,-0.0026766086528516864,0.004073917873634869,-0.0013604924416124042,0.008358376948281343
2016-02-29,0.0,-0.05836824543476926,-0.06577072052532884,-0.06073315237656396,-0.06114651176932251,-0.056162658124772724,-0.0609726603897065,-0.05639672123476158,-0.056211554281940246,-0.04970677207309937
2016-03-01,0.0,0.025783229741265234,0.019595754332560666,0.022716030333174153,0.016646270833995835,0.022533957394805126,0.023449732781745114,0.01720684493188407,0.017758628106665952,0.019569129490004
2016-03-02,0.0,0.04794227987288502,0.05110618455856897,0.05150661433235548,0.048847148263397644,0.04914739387443423,0.0516913214327841,0.05046123154131599,0.04812149048784198,0.04828496304073138
2016-03-03,0.0,0.012447883093635204,0.0029633094216128253,0.0038441351648388355,0.0022933580713748736,0.0023434103499784253,0.00030945988417085957,0.0008661300050576415,-0.0010153584614734923,0.0036166815198412916
2016-03-04,0.0,-0.03404804695456076,-0.030353257886440832,-0.03657024410465248,-0.034018265301670514,-0.03214483100848131,-0.03617957669605354,-0.02972732329949246,-0.029978610142043727,-0.0175540070385497
2016-03-07,0.0,0.020652021093805484,0.025590707245347843,0.02185452474015892,0.022599344030917345,0.024655410009551737,0.027580652764785274,0.022614328800208305,0.0236167822294564,0.023235990976957943
2016-03-08,0.0,0.006652739753942427,0.008897795691273025,0.010247092980605332,0.009107897386282593,0.003437637204629418,0.009263403312265162,0.006656844687742636,0.006473365719959823,0.009562450953479296
2016-03-09,0.0,-0.02354167648757599,-0.022438211693524446,-0.021607910105770678,-0.022700601946894827,-0.025479492987707575,-0.023168784156124222,-0.024682844106793445,-0.023306940109129592,-0.024739996001704956
2016-03-10,0.0,-0.018925007747756295,-0.017509696822496368,-0.01908177168875924,-0.01728891371087704,-0.018595024822714024,-0.015463331787719525,-0.01631445937438436,-0.019704302029578735,-0.016926485672458025
2016-03-11,0.0,-0.002133278179255016,-0.0031794106248024256,-0.0029419045543362943,-0.004513513858812379,-0.004907628821935739,-0.004098322519608288,-0.0022310337640669697,-0.0065482532040348485,-0.0033525418643409743
2016-03-14,0.0,0.03817666197678693,0.0345041436239526,0.03706207326413136,0.037546221328786045,0.037063687537916,0.037910261492322794,0.033950558804348274,0.03408502132116453,0.026800462948286752
2016-03-15,0.0,-0.007764557464268629,-0.002527427487243994,-0.004967272206311768,-0.007361635281719847,-0.006081687484250309,-0.008746979691338197,-0.00788665208937489,-0.005182082236652841,-0.0033415175828326316
2016-03-16,0.0,-0.005775188009354948,-0.0068015077391604395,-0.010751025635266531,-0.01071491565863747,-0.010523348617062167,-0.00928712889074046,-0.010501863701412928,-0.01014151924406137,-0.003185167242911402
2016-03-17,0.0,0.03583180750718262,0.03431121253686209,0.033832072314053274,0.03432735866362191,0.03545120400414081,0.03062229961002716,0.0338893292450948,0.033035406762615516,0.02832431995965523
2016-03-18,0.0,0.03263992455100495,0.04095382309131357,0.03771544212617095,0.036413158299535286,0.037490235258998084,0.03757973323568553,0.03581756860765606,0.0330277327893953,0.03112501731225925
2016-03-21,0.0,0.027210229080098847,0.02483265269409718,0.023266387871788252,0.026753445075840876,0.025105660992201795,0.027096339386665003,0.024803258763309355,0.02553746897894782,0.018317645239322333
2016-03-22,0.0,-0.0026119172479398545,-0.0024708706719034357,-0.001817982528586004,-9.275990654411537e-05,-0.003146317503544993,-0.0006399746961635033,-0.0020207770386356794,-0.003071894775005357,-0.004733893165790426
2016-03-23,0.0,0.006526397914780491,0.007743721091107325,0.009821621612420284,0.007011135888254749,0.008339956726567177,0.00954201235423624,0.007811341263478155,0.008015923686118587,0.005822908054882836
2016-03-24,0.0,-0.014163270147079077,-0.01129487414974617,-0.024577637818319897,-0.009035475909561885,-0.015589203209317226,-0.014222231650464323,-0.01593391783957354,-0.01328590912996963,-0.01617581617347663
2016-03-25,0.0,0.016431255155787916,0.007761880333512661,0.007094957534954371,0.008024971326183072,0.006101297682955531,0.007095917913500616,0.01141364106880216,0.007627393834513496,0.019338045674364812
2016-03-28,0.0,-0.004554983378637023,-0.0027751582975277245,-0.002603821231552117,-0.0051011656593843435,-0.004768205617093679,-0.005764323885232625,-0.005874671148636157,-0.0033835249642611975,-0.0048830239827881705
2016-03-29,0.0,-0.013829032160666777,-0.023459052030654792,-0.020606103344943505,-0.0202939559641524,-0.018488849210954172,-0.0249031256422656,-0.02078301672620242,-0.02753812027289826,-0.023520825552628133
2016-03-30,0.0,0.03902776842810285,0.04039322848995308,0.035884756469003465,0.03923243327075854,0.036212387361647336,0.03704750678991453,0.03496720202160741,0.035710346477002775,0.030209290609621187
2016-03-31,0.0,0.002193253733773437,0.0028063929831143586,0.006196136122386564,0.003069984434783013,0.0034023220471788296,0.0035390331003331,0.0073033807216649205,0.010270433350411778,-0.0018978096291341062
2016-04-01,0.0,-0.004250034659811219,-0.002334433905465172,-0.000827482529298984,-0.00463315393829189,-0.0048322824782537355,-0.00287066461091523,-0.005515862366832436,-0.0012176596643058701,0.001577916469196028
2016-04-05,0.0,0.030523447272478466,0.0281833304940593,0.02786185140819275,0.027631230293816644,0.027827766125454234,0.02877829015398392,0.026994522292140832,0.026044374270832504,0.01863200581632496
2016-04-06,0.0,0.0019099660615635727,0.01225565003535567,0.007430988409820705,0.008057359651388873,0.001967150953747332,0.0066254112036512325,0.0030249647581903627,0.007743748402079476,0.0026933057860381027
2016-04-07,0.0,-0.010782719358636061,-0.011034161706355516,-0.01464512615694924,-0.01692837368343203,-0.016092194520995196,-0.01474278135013063,-0.01573651629148365,-0.01407006568028002,-0.018848256222218973
2016-04-08,0.0,-0.009908663987078015,-0.007783626136540489,-0.0054517296947198535,-0.010440435517852675,-0.006564286715283418,-0.011860105996572834,-0.009856231932939608,-0.010346488314465718,-0.010368633534025729
2016-04-11,0.0,0.02734658646808308,0.01597432349259309,0.021937634524214378,0.024671829339486973,0.02042298410831611,0.018590211727616657,0.021341565203136792,0.020790036960222302,0.02077680565800044
2016-04-12,0.0,-0.001992204724789892,-0.011601595872741899,-0.0067466624195019476,-0.008080779537250171,-0.007435004317856597,-0.006148680120658723,-0.006471816189695834,-0.008233005206617072,-0.003957060021761771
2016-04-13,0.0,0.009986199197509649,0.012222005206505182,0.01471394471562193,0.013226021891108664,0.014809307084433954,0.013934665459454543,0.0143694307624056,0.012798234717490864,0.01622391294038028
2016-04-14,0.0,0.011281378032137024,0.012474257081519946,0.009364436184893243,0.012054989952285933,0.009906536194247861,0.012069440471770276,0.011372885264916643,0.009745341720740042,0.0054760274032432665
2016-04-15,0.0,0.0006828852173301758,0.007945712343282452,0.001453763579154943,0.00021349966555472832,0.000464952805753871,0.0004148078545880285,0.00015425878687880257,0.0022240907173078917,0.012091235590089955
2016-04-18,0.0,-0.016455630966034307,-0.004605769839837737,-0.012173725888395381,-0.013258169695179345,-0.01575720625343824,-0.013142995654079392,-0.010819390080992863,-0.019078558191977235,-0.0011702728264431084
2016-04-19,0.0,0.010213511165039657,0.006086512593497684,0.0034750835548602588,0.0030109357433161232,0.0017366032434058543,0.0044721475996067905,0.0040908679631983524,0.002597245675953763,0.008511650552353256
2016-04-20,0.0,-0.040738349640057514,-0.04261280357776709,-0.04304606169228398,-0.047634572229967365,-0.04650816568743921,-0.047210153587046944,-0.04355893865789673,-0.04194101279426743,-0.034510978039225204
2016-04-21,0.0,-0.012338144389537065,-0.014460822054625844,-0.010507548720778415,-0.011849348446091978,-0.01047811219526662,-0.011540164137875286,-0.010432504310525448,-0.011454961838825883,-0.0116873742815502
2016-04-22,0.0,0.016147808270344788,0.011856273585921562,0.007779623919022871,0.010542316228060011,0.007146945960889495,0.008633820098250977,0.008644746606559117,0.010145756090077063,0.001943393903957702
2016-04-25,0.0,-0.009748777522060603,-0.0024855114089601393,-0.005992765026557656,-0.002814927299432557,-0.004642585852938308,-0.0029475666478396834,-0.004646297815385059,-0.001125555488039276,0.0028367258254415884
2016-04-26,0.0,0.021925064317689147,0.011245145441106663,0.014082099840878382,0.011819318070282803,0.012981332316043703,0.01333460509132589,0.010114205231624762,0.010866702739193324,0.012987080056822586
2016-04-27,0.0,-0.004709018545673627,-0.005240461559186893,-0.0041808132172486134,-0.0021039212363106463,-0.0013580284851962832,-0.00636479493075659,-0.004666947253199827,0.0007592215164371474,-0.0031279500868997
2016-04-28,0.0,0.0005256577824832576,0.0014721921774170088,-0.007450641625512788,-0.005906695929958294,-0.004632229186890324,-0.0029281309682092083,-0.002945173742908147,-0.005404018302745617,-0.001592503640931553
2016-04-29,0.0,-0.0021819350312025643,0.001452168065861903,-0.002448788719325523,-0.005002695970843241,0.00024500724719089817,0.0009752759948566947,0.0007611152126087983,0.001695013871347184,-0.0037023176878250297
2016-05-03,0.0,0.03230555823184966,0.02600433731814844,0.022531966251275737,0.027127066766150287,0.028171796579983033,0.030274070709920275,0.029522143859455063,0.02568395744398666,0.02235463085188094
2016-05-04,0.0,-0.0020510553235750795,0.004476978454851288,3.444228128679505e-05,0.0005575955848398095,-0.00025219708707124866,-0.006544826460924025,0.0002951615902477833,0.0020280380216104454,0.004073895012146389
2016-05-05,0.04226110115789961,0.009845108487103942,0.002837062284587066,0.0010390780865614253,0.000760629462047655,-0.00012695119460468841,0.0017389784420579523,-6.0460630157913725e-06,0.0040773240466750295,0.0040992962195546
2016-05-06,0.009235562773156847,-0.04331726652569656,-0.04533876738341458,-0.03974961286765932,-0.04454012942606744,-0.040589638474555434,-0.040285276618856614,-0.0378935272068156,-0.04499912582108556,-0.03733506848888557
2016-05-09,-0.05483684252742882,-0.0441929989770401,-0.04382000856746204,-0.044838350720151965,-0.047481098828608514,-0.0411616669100503,-0.040164968838727666,-0.039262576657568715,-0.04265065876411844,-0.04849136223218786
2016-05-10,-0.03208765090428822,-0.006615097411232229,-0.005463083164566229,-0.0015601645483230842,-0.003857924827352033,-0.0027856703432810326,-0.004063621312579535,0.0015462618884150015,-0.0012259749501404293,-0.00293660512548799
2016-05-11,-0.019835601304627803,-0.014184009399706987,-0.008272026841277258,-0.01222586670449577,-0.008043425389401837,-0.012257658377458402,-0.007740647391788591,-0.0001919162057156809,-0.00763997111433079,-0.003791467364203105
2016-05-12,0.02846526424502005,0.003694594118317296,-0.004746327494246416,-0.005809579817320332,-0.0026285885977028745,-0.004278289848161032,-0.005053375212216604,-0.004646921910814394,-0.004389626068067587,-0.0005650947666492323
2016-05-13,0.019863721481676144,-0.0054990885332371064,-0.0018974137829184112,0.000816943144684501,-0.005189493152439217,-0.0048793743801878176,-0.006235665076011143,-0.004890829464082369,-0.005618167763089987,-0.006150066625781547
2016-05-16,0.05262322055401225,0.025224520761079505,0.01864481769812998,0.016966025718262,0.01905483672081676,0.015105321860612309,0.017977182074265352,0.015094333024015416,0.010133750946889286,0.021810084945125485
2016-05-17,-0.01270134362224673,0.0017096014324666786,0.0016979769158638192,0.00042173974831083427,-0.0072497156708597466,-0.0034444957207481197,-0.001932769345019958,-0.007568560933283508,-0.0032323607790474274,-0.008062786723956106
2016-05-18,-0.03566353261192501,-0.03399095001260821,-0.03229594766324606,-0.032822317129663436,-0.029988796723966704,-0.03226510739870447,-0.0311909461403862,-0.027689558095352118,-0.03141264124627441,-0.03909040357392268
2016-05-19,0.04301032487131873,0.007175693314813492,0.008213983564636873,0.006511077435305435,0.005105169056222936,0.002703856547452421,-0.0017826267013558716,0.0035209015044677106,0.0056724600044510964,0.001139359918590488
2016-05-20,-0.01452520311337091,0.00971609638928661,0.006241731242896842,0.011224278620008299,0.01152621092240702,0.011644714779460719,0.010946578976449128,0.01016631698802839,0.007061830012179637,0.007772524485473609
2016-05-23,0.012599267141830461,0.022730618669758007,0.01407745856902931,0.012081644909619937,0.015021333798380887,0.01296387067258542,0.014086788987095034,0.015232843803967278,0.009161672817803002,0.018615997995329536
2016-05-24,0.013109419466442729,-0.00729559798389956,-0.007446324779651459,-0.010831274466478247,-0.010020595485945805,-0.011975698390831346,-0.012774624854848038,-0.015221183379797831,-0.008424937407989885,-0.00503020365288509
2016-05-25,-0.012911217115132878,-0.003709042250406358,-0.0029098861272238707,-0.0015016294717662415,-0.004633347740402138,-0.0045861660101019774,-0.0049242283287525,-0.003058941420741479,-0.005027257377824168,-0.0014953275320298554
2016-05-26,0.011665102155535623,-0.009261667898010084,0.008220287753290867,0.0015895340402209968,0.005352298506965614,0.0035097057531510156,0.0005811822035202141,0.0015659916768315796,0.0028911487317413442,0.006099929904000989
2016-05-27,-0.019275541389448536,-0.0007484409455993379,-0.004807936240223021,-0.00850778210491887,-0.0025438603374304813,0.0001318942129442391,-0.0019642054969039036,-0.001437400558160884,0.002537557239570498,0.0028482034068082474
2016-05-30,-0.010138910642156329,-0.002577016617638761,-0.009723231984818614,-0.006438677419867478,-0.007394246754918399,-0.0042315442733682485,-0.005946591379783928,-0.0068766643143760575,-0.0039363238760590225,-0.0021047721524174445
2016-05-31,0.06309797333402267,0.03388830850967106,0.0430517480980408,0.03958995514358965,0.03784400939320176,0.03656246145471753,0.03678078682601549,0.031981068195383155,0.02441387321526234,0.03704795085156354
2016-06-01,0.04657663209282048,0.00615030466549471,0.009350908067968566,0.002167284901847255,0.003659604123070981,0.007992928731465065,0.004269614786380771,0.005891704242536155,-0.004413552815242361,0.007643083428577224
2016-06-02,0.010578342478395841,0.01752037079505353,0.011192988102747936,0.009161426410264184,0.010970446241297394,0.008119761321569552,0.007183170570503661,0.008111168533412982,0.007538749226851493,0.011125321633439045
2016-06-03,-0.0009291280070546915,0.0027104205600594344,-0.006166943803850966,0.00032243549613997224,0.0005674332271308202,0.0016835995226724965,0.0015206548511599305,0.0027054005848861085,0.004562584625511956,0.00492124040953934
2016-06-06,0.010987784787765742,0.009778826675786556,0.0024919025094596314,0.0029881673424736466,0.0021673280984004784,0.002782128655188565,0.004094811950005273,0.0032306519221003693,0.002572974694849073,7.322194421699457e-05
2016-06-07,0.010262792520841835,0.0028211649964591246,0.0017173924436890697,-0.00404407170657517,0.0025860081201873886,-0.003323425407256053,0.0012640376915256102,0.0005135918439844733,0.002934133775724046,0.0010226291373662821
2016-06-08,-0.001626485780145459,-0.003045937051046499,-0.004204232925132612,-0.0032339012204464224,-0.0031717019633900057,-0.0006140210358612785,-0.006065760232796591,-0.0038511506281483365,-0.0007449006870601238,-0.007019962646748867
2016-06-13,-0.01817277009507634,-0.05302595824571166,-0.048929182062302234,-0.046574573516831363,-0.04733142869119267,-0.04691609750132686,-0.050528256214657286,-0.04488277917848904,-0.04729060332545054,-0.05048956792419068
2016-06-14,0.008078224638430775,0.007720157702412633,0.0032391396543931528,0.003847433408923129,0.001747071547481882,0.004019324188318851,-0.0006470067393037349,0.004307033525779991,0.005726374451320071,0.009002188341953099
2016-06-15,0.0741782650612357,0.04001584601898678,0.033026893767084564,0.032420851265615,0.03273104374495861,0.030529536396940005,0.03129604464791513,0.031660053745421246,0.025796236126732763,0.0340734869075463
2016-06-16,0.03247896297743602,-0.00732157609257067,0.0014689060375834284,-0.0012378424381966902,-0.000344408858255596,0.0011357450309155137,-0.0023164805696325175,-0.0010542221432214838,-0.002508881047990408,-0.0011050497287473648
2016-06-17,0.01100905042792788,0.006235215994209842,0.006730884590521846,0.005905370333034732,0.004506411165847268,0.006488670876167557,0.0066345435785999385,9.317259019425705e-05,0.0055599248641862165,-0.012630603088673809
2016-06-20,-0.00626800357171875,-0.007743989561039166,-0.004124618856282458,0.003686413830554791,0.0025991483862264353,-0.0016023367858221116,0.0033359261021852493,-0.00016046620605703055,0.004011581987400037,0.003607433356713763
2016-06-21,-0.045520376196887535,-0.035808565746863086,-0.007561632408907948,-0.01085464545991388,-0.012391658450839116,-0.01272019538563307,-0.009809155343533993,-0.010219085947617335,-0.015063159236574197,-0.007137772448452817
2016-06-22,0.021633276607299967,0.016089475861325697,0.015827759780468798,0.017835381678881657,0.015187978606219232,0.01571023398231164,0.014681228482487985,0.01378255479794599,0.014081338789587505,0.01327502530535507
2016-06-23,-0.037516119190330044,-0.004355166920028575,-0.005490190065090217,-0.0020424583416406294,-0.00700685540372159,-0.003980230635592497,-0.003935721353959143,-0.005746584189277759,-0.007063570594894486,-0.008784066257976453
2016-06-24,0.0024750155769965865,0.0010446214426358402,-0.016960572613783254,-0.004707368512652299,-0.010915765945785583,-0.008527341882480832,-0.012044136125569871,-0.014214527967233437,-0.009497365964096893,-0.007806835977052229
2016-06-27,0.02034278058031469,0.025499144244801153,0.02588945537542986,0.02377483611244946,0.025210083647846604,0.020877861678278542,0.022414973648216874,0.01977076400936517,0.02267768803279413,0.02482126310448285
2016-06-28,-0.005216887724035613,0.011049045541041469,0.00908885082078914,0.008756904179842318,0.01252279780682608,0.00817954007579269,0.00739534879045034,0.008353256194099323,0.013081509329927465,0.01024380537406766
2016-06-29,0.0394815795410004,0.002148240161963244,0.0036017763753253274,-0.00033041869473804386,0.0031508757728544445,-0.0003635152030136979,0.000983919388150678,0.0019361396631021321,-0.00013347539808084008,0.0020590104226463346
2016-06-30,-0.02744678067043671,-0.023848305260779856,0.00020350335331498215,4.194897622755711e-05,0.0006988582215534667,-0.0006510602509859353,0.0018283318281440142,0.0011044500178107874,-0.0015598844365776188,0.003316943363266933
2016-07-01,0.003659312903583789,-0.0029064526768236565,-0.0007760911849384877,-0.001925477593242686,-0.002020919561508072,-0.004660741287675574,-0.0026706799196842823,-0.0018128218567563525,-0.004945881756800219,-0.004386072944908226
2016-07-04,0.02176112138128561,0.01620278829750532,0.020271455252966142,0.018861067950114885,0.019035688546802376,0.01978934248635178,0.01760685675825613,0.01719435611780984,0.017430600177104294,0.013362751630743297
2016-07-05,0.007907175524568544,0.006915750541599541,0.001073598447687285,0.007402924546036083,0.0037474992427999343,0.005493885430848167,0.00601662948421855,0.004850456255090618,0.008544846007365603,0.006471032762739748
2016-07-06,0.0262461544576158,0.00036407996089016237,0.0030789610185482097,0.003217126843961804,0.004550441322241472,0.0064379586837675085,0.004639144721305888,0.004903586808707061,0.00549675893618673,0.011258776612787624
2016-07-07,0.0403545367611593,0.0027996499033620115,0.002207751084339238,0.0013328432568131543,0.0029788657844893596,-0.0002391078458389151,-3.423707242611318e-05,0.0014471914387386153,-0.0007506349899965015,0.005392855333004487
2016-07-08,-0.02491718496456463,0.002574978486393542,-0.0034798745747042226,-0.005707028992112284,-0.003966655463925717,-0.002641579444112474,-0.0014623968616994665,-0.005054855747641529,-0.0025968650697516527,-0.003269901224506655
2016-07-11,-0.00288639774081223,-0.006645513382292134,-0.003042333439255862,-0.006049126639154134,-0.003509713779069834,-0.0024033258279326786,-0.0038660107669846733,-0.00291871348770667,-0.008571489692756229,-0.005132244989680457
2016-07-12,-0.002343787210897008,0.003272624268797486,0.008244401809271329,0.010455043368629457,0.010025583912155245,0.011013655024538105,0.010581771020934605,0.011294192285646432,0.008948140167596819,0.010951191250698322
2016-07-13,0.014487240788584765,0.00777752878822624,0.00672383065110993,0.00572503636504007,0.007462136867824265,0.005879564193855824,0.005627226748810665,0.006688916222620245,0.004106667427411725,0.0068567005728501496
2016-07-14,-0.016668844123387427,0.0023032545826666695,-0.0012664082317679348,0.002278410526024066,-0.000600521656487274,0.000698115553478651,0.0004413042580997395,0.00039274561903690497,0.0010566027622620489,0.002523258106198467
2016-07-15,-0.009823576912961984,-0.01236591566493983,-0.008091842576133712,-0.003546025011020859,-0.005859150380573719,-0.004896350828991758,-0.0036206444451700737,-0.0011786716334665215,-0.00461034356922263,-0.0008046492014273099
2016-07-18,-0.035734640600005196,-0.0054354737623532046,-0.00419975358439717,-0.007240056750111856,-0.004262664971365848,-0.006788037806811031,-0.0032513735842739644,-0.004691132259877273,-0.0034008027391783102,0.005169352824928364
2016-07-19,-0.00038084753749356715,0.008664845549390288,0.007555215505455237,0.00415483598524613,0.004926801777693335,0.00521859462148111,0.004159769136713898,0.0037714807204627387,0.0020154030857799654,0.0018840216876887528
2016-07-20,0.025814526214070987,0.005915846885363507,-0.0017701796225907396,0.002243079696111039,0.0011964602399561208,-0.0006748494851414044,0.001121078704918288,0.0007719759869506682,-0.0063972917654709915,0.003764586300744721
2016-07-21,0.0008196531293518383,-0.005055730884474197,0.002633535029371803,0.0006558733147534745,0.001012335069142667,0.0007686589742450511,0.0022324778374271936,0.003873367052393606,0.002329664756800076,1.898697145952255e-05
2016-07-22,-0.03344603467105345,-0.006512545657488711,-0.009216226362724567,-0.01076452947909634,-0.010278739883579857,-0.007215880332391844,-0.008798719077842576,-0.009098161608605215,-0.007185184997112182,-0.005913028589978442
2016-07-25,-0.03062364702903253,0.0016891313084099746,0.0017053136838796057,0.001142102333546502,-0.000691650627024365,0.004212556302368942,0.0011125937577314282,0.0030527953787851114,0.004462299376766454,-2.7068898471593883e-06
2016-07-26,0.008077148873009588,0.01301398002175369,0.01133931182157033,0.012387009994203613,0.012182546086349832,0.012331758820321337,0.012827961024023171,0.010325859893445033,0.01325571002286563,0.010716097337817088
2016-07-27,-0.060177667152248815,-0.047812695887988976,-0.04701062087646957,-0.045078067423906965,-0.048035916123683076,-0.04332248883894996,-0.04165434559923875,-0.03847549773400605,-0.04137507616139757,-0.046143478188910514
2016-07-28,0.0058377018084370125,-0.002888641624759658,-0.003423027675636847,0.001278926022821869,-0.0011405147734276921,-0.00020637979868665113,0.0006535423655904538,0.0020825461330720163,0.0009509755780658935,0.002829329469007158
2016-07-29,-0.004139737572194657,-0.00893808957101161,-0.007787287948825217,-0.011281779771776357,-0.006316387780572086,-0.007071516185041982,-0.00868817780969422,-0.006103815944142554,-0.005146013018147433,-0.008717292410943989
2016-08-01,-0.0062537542635203724,-0.015206745511569308,-0.012992813936675396,-0.013363336097032885,-0.013981522151485959,-0.014240907556663962,-0.016688842689752792,-0.015119299086110871,-0.01643453285365748,-0.020418819241218578
2016-08-02,0.0009536412137165495,0.008540231703244361,0.009783521792213312,0.010082442001214664,0.00960839683221515,0.009645072164398139,0.00978287414192347,0.008386927624411067,0.010478105509386992,0.008613781098198325
2016-08-03,-5.005928612378252e-05,0.00259617534898271,0.002587999425044174,0.00510900080600285,0.005319988257266983,0.00570040505088909,0.004272894362856716,0.00577464266953398,0.00623260346428367,0.00967624272411216
2016-08-04,0.033524978449120946,0.01990444205628994,0.006966632221553359,0.006310293414758306,0.0055719744746944855,0.005453098734828243,0.005684257881533261,0.0037793267417252085,0.004607082283101027,0.0026865236069884
2016-08-05,0.017692766224979728,-0.009711808025560043,-0.003620024951977774,-0.004349943285742119,-0.006394946790975964,-0.005344447763493854,-0.0042663982135396905,-0.005668483841258953,-0.004241482354483517,-0.0019372862377955435
2016-08-08,0.006182246706492256,0.011910061570060693,0.013885554516446463,0.012365307349627708,0.01189479475244326,0.011638453139848126,0.010377100629697322,0.009544057544376594,0.012799939384561032,0.014251786871626537
2016-08-09,0.009680412418891393,0.00892514573420522,0.006577970257268806,0.007846206470507822,0.009763628592054596,0.009418118105722906,0.010554342500631364,0.008972222658308215,0.010190174657996875,0.01179353437391839
2016-08-10,0.019380672736866167,-0.007540330378797311,-0.0009144943159528074,-0.0007529274994241275,-0.0019650092950787013,-0.004117854766683693,-0.004874723809084269,-0.002180994153272775,-0.005988477308088935,-0.0032964506319426157
2016-08-11,-0.03461174879861906,-0.017892146694005406,-0.01700726813673048,-0.01667639781083552,-0.01620786637966154,-0.014713213640627498,-0.012343471657343619,-0.013386023104606237,-0.013021971880508576,-0.016622089228731984
2016-08-12,0.007918137889656895,0.005624362802904015,0.010511773408152125,0.012013401256472989,0.01048069190436074,0.010267236224114074,0.010004400827220428,0.00869818936443334,0.010109915533753622,0.012692733772212916
2016-08-15,0.012879330822108015,0.02100264150106801,0.017876842125997827,0.022279501449838035,0.022374985214113963,0.021405504957396237,0.021337535366375615,0.02042455999096693,0.019986335358996188,0.017722056706169775
2016-08-16,0.01817997086190193,0.009929975080382292,0.009003781949237677,0.008684966259867144,0.007403931738763747,0.008277396881809507,0.005542753283310331,0.004242109817819362,0.0031748580863812936,0.0036640377950976077
2016-08-17,-0.006743124453392646,0.00837572527483088,0.000477905677889634,0.0014591444896812078,0.002202186895174041,0.003653215557579026,0.0029367039166052766,0.003851471718734789,0.003167550583807799,0.00564886644054563
2016-08-18,-0.007048977536543322,-0.005693280201167328,0.0024538612985076647,-0.00014834750530923202,0.0013531427467250445,0.0010236700911687713,-0.001129283970493944,-8.297885969810181e-05,0.00013929768224296701,-0.0020688242457433947
2016-08-19,0.015884627393728312,-0.001182714676971064,0.0009491383185571411,0.00094417922449197,0.0031985123274946847,0.001795222589618728,0.003229408267535483,0.0032829010062584985,0.002214270877821889,0.0016679588943526724
2016-08-22,-0.01900727199058716,-0.01802170240949308,-0.009807752479425114,-0.010756964090659182,-0.01388708436628705,-0.01161093527575685,-0.010268095463348836,-0.010178929912132872,-0.007995666162847415,-0.011104076937856422
2016-08-23,-0.0022200335445112795,0.00277412718611858,0.0025713242444103113,0.002403785072993214,0.0019958604752132736,0.0005934431758118919,0.00327054114264258,0.0018009569019692417,0.0029209531318943327,0.0019947299977545185
2016-08-24,-0.0036780392004300833,0.001982969360241338,0.004148831226523431,0.0020212555741987437,0.003080844924886028,0.0027392162160766453,0.0031556446250098347,0.002723884150716005,-0.00012825602685484494,0.004808880981432395
2016-08-25,-0.01480370488837135,-0.010255749385720603,-0.00524344184333958,-0.006305117925850978,-0.005362210974687587,-0.006686730822970999,-0.0040561533295516705,-0.007714943193501078,-0.00505939889446716,-0.001277432336941997
2016-08-26,0.00766771806909472,0.010303793206251743,0.004788684657999864,0.005040006360876204,0.0035827376321710958,0.0036854511315218552,0.003383583824203118,0.004003482652649382,0.005135374985693719,0.004317528829819617
2016-08-29,0.010944489701004478,0.0038519243639283385,0.003083672242567115,0.0023377729168643224,0.0026285672306938235,0.0031352251452421154,0.0024870485650341223,0.002741938517389686,0.0032162651844871437,0.0012718810731726649
2016-08-30,-0.008709520523863867,-0.00022047062754526614,0.00040345289883148006,-0.0008509343800272573,0.00013307770860793156,-0.0037129341700539165,7.643468671436615e-05,0.001286665819265398,-0.006895642974810268,0.0023900458656840318
2016-08-31,0.02490547996512138,0.0018450596111241335,-0.0004152639491364907,0.002098815385339625,0.0007547786455750494,0.0004068798648193539,0.00047094275625081394,0.0014842426381995732,0.00476543087183634,-0.0007031753880819558
2016-09-01,-0.008628840796084392,-0.0040751298445191875,-0.005772581313337244,-0.009322601330706948,-0.0076550587754732335,-0.005953737047974639,-0.006258359479862308,-0.005275066317859345,-0.00646284255303875,-0.011788888031230571
2016-09-02,-0.0003016440666284703,-0.001406644513172739,-0.002983046069063522,-0.0036252580879482244,-0.0038200455798533817,-0.002582123063129438,-0.0037388980632543367,-0.004044686653452034,-0.0033958509804545844,-0.006067616937723064
2016-09-05,0.023003198330062036,0.0029349024884415265,0.004779904035500326,0.007195004625921264,0.005546474029030746,0.004960611760434164,0.006050439127502472,0.0056019670585840675,0.0028050245492838854,0.0038619309720155925
2016-09-06,0.02288732448959996,0.018331697542011582,0.012970385355930869,0.01491493969825286,0.015544265886161979,0.013447267084682135,0.014099595014073651,0.013747191044370721,0.015168770454246472,0.013383533859678165
2016-09-07,0.003928837684115782,0.001135271372549207,-0.00014466856330741518,0.00038216575609428816,-0.0001816268231449314,0.0016343034448802474,0.00045837404473370036,-0.0012959179538835075,0.0010410218304017782,0.004956753689231208
2016-09-08,0.00825153097014697,0.0032277564538147896,0.00501961826190489,0.006006554096486649,0.0030226807871414074,0.005036133104319829,0.005229875238253134,0.002227484469087493,0.0032013754717110654,0.005715733708344883
2016-09-09,-0.010980164726916875,-0.010455013899067112,-0.0075102813902447885,-0.00651059686809885,-0.006912439016555805,-0.006243919523468255,-0.006643293968540909,-0.006521129436822148,-0.0064330529208797005,-0.003986735833372834
2016-09-12,-0.05558041959914717,-0.03572479680638696,-0.031359360430310845,-0.029842644887469016,-0.029906010457712018,-0.029561772244300455,-0.027744156401838582,-0.025657115828318977,-0.02945307897435978,-0.031093873384821724
2016-09-13,-0.013487764110236111,0.01235925600793486,0.00713765728445126,0.009115667381352832,0.007786475540882298,0.009293629281776683,0.010049320610920898,0.003655753694311592,0.006381159630836519,0.009454552530532734
2016-09-14,0.0005189361076134436,0.003796436337465847,-0.002712620027547352,-0.0019151919423037178,-0.004070799646118006,-0.00593054795419401,-0.003358869757387417,-0.005505808166406334,-0.005707723295521161,-0.006723698318066185
2016-09-19,0.025833959151379426,0.014736462120175764,0.011906440824942965,0.010901619575715893,0.01279153250741838,0.011642597736252425,0.011301127633393193,0.010565298410059487,0.008948961736601202,0.013833167469532448
2016-09-20,-0.008076468781386237,-0.00024925998838243313,-0.00042140895562958747,0.0009447711171346462,-0.0008958336281416068,0.001105410295100695,0.0012573156399195984,0.002772434399960888,0.0007036239778901443,0.000841938012253518
2016-09-21,0.009899222434216925,-0.0008775412007937522,0.0009478322214027113,0.0020693823501418684,0.002194206693721945,0.0021578612966646205,0.003079154676851159,0.001654805161895423,-0.0006773682301088879,-0.0005208530498678199
2016-09-22,0.00031988705565222375,0.006795026122906167,0.004488350658228946,0.007174858878741697,0.004183258368708476,0.0058220379716305,0.0025423757780760337,0.007114354702227654,0.006444459993210305,0.004861520680581322
2016-09-23,-0.006807000141629271,-0.00179125276133274,-0.004599388922533865,-0.0031574753704533,-0.0026273918762727,-0.0038122928440414983,-0.006286781428637145,-0.00390995288732543,-0.003882129862988193,-0.0051004077232849054
2016-09-26,-0.017159189024962385,-0.01829080488881052,-0.01785521801815615,-0.025480534965951596,-0.02500093997247832,-0.02155907041786531,-0.02084976982660769,-0.022367949807986176,-0.02237673907902671,-0.022134263718037617
2016-09-27,0.010623701070644032,0.0016256236871583507,0.008702189769767221,0.009955376488301582,0.0014818445343369735,0.007632807248835638,0.0037458070109019914,0.0050977692438074484,0.007196605173059423,0.006553652369330143
2016-09-28,0.00126254961178085,-0.0007866100791841246,-0.0007917530082218738,-0.0030253716289926347,-0.005005899723785956,-0.00194932658892788,-0.0028029298912903844,0.0005764705724216057,0.0010239849785453892,0.0004128516230910151
2016-09-29,-0.018366732351438042,0.0005756070878277786,0.003875846165150687,0.004683305686676187,0.0035046021975151387,0.0033699834659608463,0.0017500336461280241,0.00445640643951295,0.004605710811736774,0.006470258265842244
2016-09-30,0.003179138137952453,0.013417631044819078,0.0064513503484811,0.004067228948604562,0.005635730863356114,0.005186216123671761,0.006211196028849342,0.003900148900212841,0.0039750023758426956,0.0037800545996087287
2016-10-10,0.01838355571420247,0.017583067663029306,0.018116472352114776,0.0178447316329835,0.01942711057406532,0.020018220045965318,0.019642679385555528,0.0204208859708086,0.019152949157070998,0.01575180031160639
2016-10-11,-0.00566200989319976,0.008136776939713153,0.004545476258496661,0.006045490216830984,0.007502260822332518,0.008810022243863402,0.00535078998866001,0.008152149097611305,0.007450651114123019,0.00619545404496713
2016-10-12,0.021457668339232017,-0.0004344680672696555,0.002947897453382975,0.0007219478414977054,0.0007985711203386536,0.0002664781913164216,0.001618023758158671,-0.0009633665815416137,-0.004621199600569614,0.0013641420221726097
2016-10-13,-0.007661219470591174,0.0032834503297543005,0.004724044271237737,0.003321319773733844,0.0017028511814363156,0.0010203506838220022,0.002133755445439922,0.0013267820548128473,0.00035046556401385764,0.005629714512855433
2016-10-14,0.0017786247197220106,-0.008100106753207381,-0.0027634077027881565,-0.0015845249413033446,-0.0013802853474689236,-0.0014377194449972652,-0.00014298068454032808,0.0006286261316446051,-0.0010979954295621264,-0.004593087477470448
2016-10-17,-0.007409368635198255,-0.0101121710389247,-0.005768223618541457,-0.008904527442042953,-0.009086104309855125,-0.0091781203603305,-0.0077114224265260045,-0.008444870105680624,-0.006355370506836655,-0.010971898624628329
2016-10-18,0.01990437421172131,0.01663404684022396,0.0005010434278158726,0.015437510527452902,0.015188490674557187,0.014713401668458248,0.015524093243918902,0.015642109656031522,0.017082625040924837,0.015594476902989651
2016-10-19,0.009480045984663343,0.0016983656346032383,-9.639787489423846e-05,0.0006412109436435554,-0.00089182247491848,0.0010342781028345183,-0.000262813748775903,0.002582264614451768,4.251460830007048e-05,0.0021761875174737266
2016-10-20,-0.0032131193038648087,0.002097770235655716,0.001806266328720163,0.0034720172856310683,0.002775368426376712,5.2247717975850705e-05,0.00112266589263732,-0.0006258735545506822,0.0016988225735889984,0.0033493387946812447
2016-10-21,0.004936320644905345,-0.007402952152332998,-0.005420227066570971,-0.0037330417821758166,-0.0037163764588145076,-0.005747007517675651,-0.002367145078309263,-0.002236812083991957,-0.004958424628032643,-0.007800522093005635
2016-10-24,0.008563075227725703,0.004508312993003694,0.010179132345187192,0.009990411947383038,0.008834575529838684,0.008826999145179037,0.008335915105186498,0.008002797717417076,-0.0008824056387954915,0.00803043373350687
2016-10-25,0.010891129186081816,0.007985642908917123,0.007332344642484889,0.004932389122664693,0.003476484793856205,0.004410010240112117,0.004447690568986085,0.0036691121424232698,0.005729795959046768,0.006744926857817468
2016-10-26,0.00212163004664645,-0.007283310694982448,-0.0021316099533066346,-0.0016508403593535892,-0.006844559499656677,-0.0035628067078554704,-0.0053805554573934655,-0.00388321383542356,-0.0018898548305381624,-0.0030751641440093236
2016-10-27,-0.018415090290245573,0.0032946337484824895,-0.0027996126286138345,-0.0015544184807214645,0.0006445607650635843,-0.0007059880944433328,0.0001444147713878241,-0.0003521820315631752,0.001367845329262929,-0.0010065204121312288
2016-10-28,-0.02406116175142059,-0.00964193416185899,-0.01258747769202928,-0.011059113438795842,-0.009824268052090135,-0.009562197330016287,-0.01094099864091147,-0.011662085241541442,-0.008133576791300556,-0.011257985778135082
2016-10-31,0.016002183793566438,0.0031728812037321585,-0.003074892969048393,0.003257423991520625,0.001112877786684452,-0.0006189917611327811,0.0007571556460119755,-0.0008204521358917694,0.0002773989752282713,-0.0043000290610900604
2016-11-01,0.01962579522175001,0.01549073184821359,0.006988210512460569,0.014425974439239653,0.010154372372260578,0.012004179670566772,0.01107162735970002,0.008879821194671011,0.0022854555616202976,0.014946737545175504
2016-11-02,0.0095126808776127,0.0006312085747661733,-0.004375288415442546,-0.002909584405988319,-0.006832937177058462,-0.006538851528678835,-0.0031050306840879616,-0.005011402844172119,-0.006200466290621542,-0.0035417970562277024
2016-11-03,0.012519691701679436,0.014131568248543225,0.006449846583977736,0.008804043314409649,0.006604666295649375,0.006112873098560678,0.007294650910210976,0.009093300600087728,0.008156129037667714,0.011562781340661799
2016-11-04,-0.0022811334213247436,-0.003523508323952984,8.082683676358116e-05,-0.0006824129166206339,-0.0025691043880957665,-0.0011368983464441484,-0.0023748922521357185,-0.0033756172641998816,-0.004021090310164399,-0.000605784974572865
2016-11-07,0.013255949180790427,0.0019576918070915994,0.003478541402426538,0.0018896726506780759,0.0025237763099623667,0.002588790647683803,0.0018781040908921742,0.0007403500890370562,0.0007334026256391457,0.0072964658464327314
2016-11-08,0.0006246338821871422,0.010200355356232649,0.005374366333459779,0.005287223502034255,0.0058514694580802384,0.005850266237972024,0.005256008791141742,0.008267378903945133,0.007774082066587029,0.009244816712872028
2016-11-09,-0.009761946891463036,-0.003533974891812286,-0.004562616098917172,-0.005520223858616502,-0.006763908525966755,-0.0063872389400497775,-0.006542639761875857,-0.00475961926461399,-0.008274710260346319,-0.0038269443130841685
2016-11-10,0.003664359861385913,0.013282217795056228,0.013093590632354157,0.01534838936634153,0.015246632447184938,0.014139658828758561,0.015527597999963838,0.014982708471418249,0.0160864429430434,0.016102027339578218
2016-11-11,0.01356783829499797,-0.0016379902773427935,0.011710500478962604,0.004755821249343262,0.006786353209353058,0.007128941531975741,0.00378564420412153,0.004282789448275093,0.007268790612353415,0.0030381028151291734
2016-11-14,-0.017707066379548442,0.00180289496437247,0.0056367425068284405,0.0030860653973672214,0.004484187828765807,0.005338442432232471,0.002221751121921134,0.000901988153658273,0.001123774579321779,-0.00492791924088698
2016-11-15,-0.003284098382385414,0.00412127135114515,0.0018004766715813414,0.004600579796396609,0.004077351970081633,0.0036981628383354614,0.004921445708007344,0.005280799965502014,0.002780046727155927,0.002868295549547595
2016-11-16,-0.004531642430618987,0.0002030060010131951,-0.002968490646515498,-0.00012272855504147362,0.00021447424519238645,0.0019907735405542137,0.00031636965420966945,0.0014627254376338161,0.003099311519755732,0.0008587641015098679
2016-11-17,-0.006967067216628986,-0.006088307219035305,-0.0010736682444913992,-0.0028888567891675043,-0.0017425836710185383,-0.003813847282765459,-0.0011209229123240183,-0.000788844319924098,-0.0019810918155547252,-0.00313631531231251
2016-11-18,-0.0029226984555491553,-0.006820143078581586,-0.004405896057819381,-0.001968798151161466,-0.001906900846962989,-0.003047847956572647,-0.001771904093948451,-0.004046349660115189,-0.0022275695775084703,-0.00827271136431229
2016-11-21,0.00697320081549746,0.007222345313201872,0.0033205263710238686,0.005296579279506108,0.0033435157634846835,0.004420803748589108,0.0033543865131191453,0.00527544028324467,0.0006691545356889428,0.0034198777420633153
2016-11-22,0.017152999760734255,0.0193896753927012,0.009649743214191098,0.011625825054102368,0.008778899786387573,0.009044008739814702,0.0074918557624461535,0.008552405015568532,0.008057588328498788,0.01459640715717092
2016-11-23,-0.008528353862287452,-0.009458157295546,-0.003468374551857445,-0.004914525660199787,-0.006487420507698793,-0.007082812927594051,-0.005573835450237485,-0.008109394422878058,-0.00545814007422829,-0.006344149562242052
2016-11-24,0.0038976988161691928,-0.010400511126060219,-0.00670996435459037,-0.006679716949225978,-0.003373108584692308,-0.004840923863031366,-0.0038283660092897076,-0.0018705802617874356,-0.005743262687176731,-0.005179816284701766
2016-11-25,0.006497818387069421,-0.006362044363880104,0.0004034489797650753,0.002184158484660248,0.0013545916869190933,0.0012252598419144611,0.003146337827597989,0.0019116275760127088,0.0010657483929141787,-0.001606642733094521
2016-11-28,0.0018400419413955316,-0.006701628320090136,0.0017674176910775774,-0.0026667458545850398,-0.0004496986128327274,0.00021724828679103858,0.000600686431299069,0.00241655506785321,0.0023723313691057513,0.002885186302445941
2016-11-29,-0.02319241340331535,-0.01276399561790309,-0.014257193389795586,-0.011377704035721914,-0.010108287192694632,-0.011163675662132722,-0.009370045645732739,-0.010533597951743356,-0.012291789586920343,-0.010760254699138216
2016-11-30,-0.018544980589945692,-0.007886330213909276,-0.007195681037628021,-0.005183197867120293,-0.0038165000619363454,-0.00413106361936999,-0.002372018959152067,-0.005930688241803206,-0.005450903431781673,-0.007648073466192895
2016-12-01,0.005463089628624518,0.0023091507733647987,0.005828654620919638,0.006604098234196387,0.006788073599911515,0.006306019985359512,0.005502280426981088,0.0047535959935778305,0.0029622362872350205,0.006136643207749426
2016-12-02,-0.018517490574541107,-0.02236247126820823,-0.016644782496466504,-0.018123620199866464,-0.01720063490560919,-0.01764190016967948,-0.016078719729862967,-0.015640250515144394,-0.01498651655778449,-0.017245212328983683
2016-12-05,-0.030027249275198842,-0.004831419557713712,-0.0002121098306171465,-0.006734273410969993,-0.005636511542394085,-0.00573543440055313,-0.007457601624418331,-0.0051815407317626905,-0.008449224353434426,-0.007728238922437791
2016-12-06,0.025682220944605705,0.00422889119789871,0.0024731165883795647,0.0038416345367633387,0.0015855030786120494,0.0029907282997900797,0.0018917166574188293,0.003159340107331099,0.004026660754060218,0.0014423911723295824
2016-12-07,0.02365323826328236,0.012409866639512046,0.01372608085553817,0.013215332251297562,0.011857350760715368,0.013612250914191826,0.011934865396874716,0.011159108186928002,0.009784527344144811,0.009420259835797529
2016-12-08,-0.00020634666247543176,-0.0034055309041327586,-0.005034412019618739,-0.0072233645447497,-0.0049324949642912674,-0.004067808296087105,-0.004486376844466955,-0.005819980942841196,-0.00403206488783292,-0.0037097595784372217
2016-12-09,-0.004182942339381546,-0.0028021212203298562,-0.002004930275928407,-0.0038353478707086053,-0.0013170184171400479,-0.001130395866808076,-0.002017593387485639,-0.0016896340980624425,-0.002360177916794326,-0.0028145613596179953
2016-12-12,-0.03275335505710397,-0.06091429898089051,-0.04943904227549056,-0.051849160180025056,-0.047666163185256294,-0.04742847752405932,-0.043733073506265985,-0.04620208584095953,-0.05029596856542995,-0.05951965879156207
2016-12-13,-0.0003003317873313538,0.0047813795571958195,0.00586735895465873,0.00503359892045907,0.005226431636304429,0.0029747310133563243,0.005591511666012572,0.006312602290728497,0.010758441117770356,0.006095931222858342
2016-12-14,-0.02138585920329461,-0.00696013223645553,-0.007545716962064519,-0.0041027613368965765,-0.002563316604389354,-0.0032308560747537074,-0.0034762432771757723,-0.005653955983964898,0.0001730624323144081,-0.0022389799570805557
2016-12-15,0.012646892862726133,0.01963372694528398,0.008166916510819355,0.011081439977293828,0.009556420452977221,0.00892216334011775,0.008111672597283848,0.009622929343556796,0.008917283608470994,0.011711491622742765
2016-12-16,-0.006029727208797464,0.016363417172353456,0.011391007595505487,0.013539196462885261,0.01111430571699823,0.009339421217751998,0.007391773534861423,0.010281935564183886,0.008201783587400202,0.008105430589128826
2016-12-19,0.001862247296704922,0.0006127743772523786,-0.0008764732351824733,0.0001888164690724281,0.0009732243682527564,0.0005949958258548715,0.0014083473378583289,0.0021626554431601885,0.004641825369267494,0.001610354817295656
2016-12-20,0.015797788787382805,0.0023818265325195043,0.00024456341759737654,-0.004594201329494174,-0.0020735517136756254,-0.002590958275705768,-0.0024006852517386434,-0.0011116628696328235,6.931384754582659e-05,-0.0015159594541789279
2016-12-21,0.004485208530948581,0.010175745498133493,0.00812955788816816,0.008299354748532606,0.007300184591034542,0.007056085920673638,0.007795076236809084,0.009973285885334748,0.012840879713107212,0.005327465808345755
2016-12-22,-0.01429828970133229,-0.0009914350816281337,-0.0006448784177501832,-0.0018415287550124226,-0.0009108467774026074,0.0019171664155861468,0.0008831557316515415,0.0004421174395907723,0.00017815941901311305,-0.0021453229930802342
2016-12-23,-0.0024616578089065033,-0.007441880236981224,-0.010405436390876321,-0.01343930631305168,-0.013283322261301467,-0.01279121445622522,-0.012546631826810262,-0.01187888121117453,-0.010507752618261534,-0.011761217956620329
2016-12-26,-0.007350753432737278,0.014387269547616599,0.0032729830896611745,0.0060841427117805935,0.0038681735243748516,0.005538036487937159,0.002700130352395247,0.003969518476675704,0.0069340151078089995,0.008151832531315462
2016-12-27,-0.0035088866507504424,0.008352094879675809,0.0035407692947013736,0.0046540672292683105,0.0019082104821055434,0.003364156902707638,0.0031693681765843085,0.003640438477181318,0.0006927897328281585,0.008152068178033822
2016-12-28,-0.016812267863246855,0.010480094577967058,-0.0024444057979569056,-0.0007934425452963412,-0.002106167757709554,-0.0030016385039233207,-0.004571891501976899,-0.0050134658364121565,-0.00447597147381229,-0.003917599103195335
2016-12-29,-0.018333826908899398,-0.0014156438364931745,0.0012277517286782835,-0.00022404548666898894,-0.0019094376815287362,-0.0041283299755138225,-0.0012195729766950603,-0.003647783485524081,-0.004281893143403659,0.001991568844272873
2016-12-30,0.01288220530522688,0.0004559357209150683,0.0016401102493759367,0.0002093101922520102,-0.00028122166503907753,-0.0006982558336432465,0.0008315759364545539,0.0019246522286642254,0.0009691833351190837,0.003909724658134772
2017-01-03,0.023905712268078583,0.004335482492922038,0.010751197656405198,0.008980124785134436,0.009279264913326202,0.011277352845675326,0.008957566007220086,0.009407648468363838,0.013133086892578527,0.011936169588793843
2017-01-04,0.009917919347000259,0.025023172864355514,0.011366828285339192,0.012238076721224234,0.010897562367912172,0.012727780097700592,0.012793936499983616,0.011760607770930909,0.011436479897150686,0.007489806602097637
2017-01-05,-0.0044909858767981925,0.004388693971522528,0.002515244936015071,0.0021312357798388692,0.0013860410855004446,0.0020748846464739845,0.0015870676220834934,0.002054270820749826,0.0009709203840866376,0.007793842033658516
2017-01-06,-0.009074763487861737,-0.004692751882832358,-0.0034874170171675933,-0.005523338527174904,-0.006338043884393407,-0.007821841917595274,-0.006959089101846949,-0.0036756245268561027,-0.003078379159712097,-0.002489262007789761
2017-01-09,0.01749003255191539,0.0017486535796502611,0.007018140981141174,0.0043794517144983836,0.0054536813944841,0.006542015111342003,0.008051571935179691,0.006370347495191719,0.00786603444073708,0.00716233106633668
2017-01-10,0.0024382241657796566,-0.003106030962999773,-0.004410158249065876,-0.0035525947150497617,-0.0020950404888161467,-0.0022656274070382842,-0.003414121239465606,-0.003365884162979782,-0.007700558275109737,-0.0031912337627680865
2017-01-11,-0.0001033914699984928,-0.018421984301664307,-0.00885723495432933,-0.009287022589005378,-0.010627109729983375,-0.01081930433776468,-0.009247476713387104,-0.011494371560909489,-0.014645912279752649,-0.0189723333167916
2017-01-12,0.004063395214098264,-0.019714828695336917,-0.01002487939945973,-0.010126101526160336,-0.010604293011113874,-0.010367066119157164,-0.008632073383467387,-0.007740698878630492,-0.00806999566291089,-0.009399548780977374
2017-01-13,-0.013336245828809323,-0.028385300284185955,-0.015134603826596482,-0.016784175241359,-0.016866244909229167,-0.01712989887859173,-0.01469556621833501,-0.01618309558179898,-0.01351675089386617,-0.01457241798166653
2017-01-16,-0.0545265167503759,-0.043050754236850786,-0.03480972230520474,-0.041477937090399486,-0.035271141156736685,-0.03700667528407531,-0.03254901187320225,-0.032628134456579194,-0.03192191996030158,-0.036477506198392406
2017-01-17,0.022548745972391204,0.0183586771413633,0.010034167381893555,0.010426798305934959,0.010157934741068742,0.010979714381767147,0.0088482670146659,0.010123787056565803,0.007550671192045444,0.008028999256808111
2017-01-18,-0.005675034540706059,-0.008706795572787196,-0.001850757327519048,-0.0008518482737777111,-0.0024655401126051357,-0.002165556249692835,-0.002825466085320971,-0.00038097279796367456,-0.002960373512564063,0.0005396237502526269
2017-01-19,-0.021218051221147505,-0.011387028464539428,-0.005829686974896053,-0.005716771905017182,-0.0042407217669406805,-0.0037022654461102977,-0.00347553706451742,-0.004020693797841646,-0.007702281186273141,-0.007147445040246669
2017-01-20,0.0018875193500154097,0.017227830512279052,0.01527121520352881,0.014930211187367703,0.015737319240531233,0.014464847467303033,0.014766876593265588,0.013205160246060776,0.013396013939613427,0.014147307280990118
2017-01-23,0.023300136224917445,0.013330411520376284,0.010343484045824525,0.010082822215770282,0.010589951599705882,0.009862672387054738,0.008957751004381675,0.01009986807094565,0.007194927884792701,0.011977603684797167
2017-01-24,-0.014406027333671134,-0.007134615475661965,-0.0016680149656306265,-0.0009314632895748298,-0.00017496598812372088,-0.0026013737625150135,-0.001556598042732893,-0.0033738286206288493,-0.0019406952774833064,0.0004889304052502208
2017-01-25,0.009197323991547712,0.0021525294618018886,-0.004155412897180466,0.002868643122926118,0.0027467361336981355,0.002380731731085106,0.0020037236977719086,0.0015219111672846175,-0.0003059921882078154,0.0001706146343722903
2017-01-26,0.03393735333213632,0.004509820085746075,0.009356309246231875,0.0049073614105155094,0.005512606174350898,0.0056478171670706345,0.004109548177190225,0.005203725150430216,0.0056208458488062885,0.008102345748759676
2017-02-03,-0.0031232087876199577,-0.00012723418412952103,-0.002515905073126712,-0.002776270880373799,-0.004110962140218,-0.0015382656432423314,-0.002837000348912544,-0.002126552402405113,-0.002810136589260326,-0.008659430685389657
2017-02-06,0.0005368529688847268,0.01146864987336893,0.010720774582744896,0.00951686035717092,0.01017340291711788,0.011074448613678456,0.011196522460755087,0.010823046291081218,0.010696394316739966,0.011651566916218048
2017-02-07,0.023037678287612717,0.007013654006033487,0.005364914471592597,0.002224600980248459,0.0009960560810806651,0.003764697695554986,0.0014956474255041208,0.0010644667879458058,0.002373156035342383,0.002599178022009152
2017-02-08,0.006595418606775816,0.010703168451819955,0.009840276668156678,0.0075289478764561935,0.006632796186927248,0.005652208751713239,0.007115792280180555,0.005666114694757196,0.009457358729800802,0.00737382129304609
2017-02-09,0.007449992119226367,0.005890020887801883,0.008267009985991391,0.010135593379394958,0.006459646687849929,0.007173741403064593,0.006604759724420095,0.007027751332451482,0.011729807944207193,0.009559830819201531
2017-02-10,-0.004530760706079495,-0.0046667747320805475,-0.0006740367964470639,0.002118574790437533,0.001014077017915449,-0.001140923876049138,-0.000999231970569614,-0.0004846099436230933,-0.0006714901289508468,-0.0008179006688034951
2017-02-13,0.016303584695426032,0.009628870360667507,0.006243046086682691,0.0033896331726184226,0.00619724569694724,0.004403036552606876,0.005674473339496,0.007357772716459543,0.005592258065761246,0.008548774806884207
2017-02-14,-0.00519262315805491,-0.0044213943760706975,-0.0005112533952355003,0.0010237200661846746,0.0016943547154386618,-0.0003638690692425728,-0.0010648024995821848,-0.00029665572350878744,-0.002555246970521674,-0.0032764168914786174
2017-02-15,-0.02385487676992404,-0.008409490941448383,-0.010857846510135771,-0.010644643281011223,-0.01010226880712417,-0.009380498805618864,-0.00967048656296754,-0.009120176938378854,-0.008608975764623272,-0.009484232750412214
2017-02-16,0.03797426909923196,0.01433584518625275,0.012855567609951768,0.008265548849518689,0.008297476052186115,0.008022252696361365,0.006260766169342791,0.006433743498003963,0.005492291702414054,0.010253309236413433
2017-02-17,-0.014898656053061732,-0.01129088274066925,-0.008153734611914376,-0.010997983303885017,-0.009894339623590098,-0.009940192059656572,-0.008523084346231169,-0.00869285855511881,-0.0051314390307398705,-0.01185289581392146
2017-02-20,0.015289755394952476,0.009126990806857638,0.007009880510178812,0.008948494893788572,0.008480915571636327,0.008743663034695315,0.009774065458278525,0.013097249720862347,0.00959812945102878,0.01298241223929364
2017-02-21,0.04828749607799665,0.010639904996575078,0.009105388749074406,0.007981870473381614,0.008612306575203954,0.008873170468761682,0.007197326391509051,0.006895431978728661,0.006468699571253067,0.011727413545203236
2017-02-22,0.016230208665962698,0.003358884524406358,0.003536407758171878,0.003940548608555305,0.005092818055039583,0.004928359595478327,0.004930587551432719,0.004980542300043966,0.0031037975020486996,0.005173492621381115
2017-02-23,0.05144305067561272,-0.0019461635434369073,-0.0027779255410788073,-0.003637068045985292,-0.0011777279585428735,-0.0034252430482342167,-0.0016334288394540541,-0.003451851297870623,-0.0023894374139626917,-0.0050058895246137824
2017-02-24,-0.022819608712280837,0.009215712087098149,0.0010446060589290873,0.0022155549985616307,0.002318290967648462,0.002257267566486254,0.0010707036292076921,0.004010032262106833,0.0017763445412433132,0.0035948428873129323
2017-02-27,0.008910691231555523,-0.005843426606892521,-0.007416336124770551,-0.004927227817586033,-0.008291873335504851,-0.007784645169011339,-0.006978976211047594,-0.00637842014896417,-0.008375205382703754,-0.01335445742846264
2017-02-28,0.022062912055078376,0.003367579421732936,0.006915163725784934,0.0036804484815824434,0.004246372412409993,0.003365874065889285,0.00440571602008788,0.0034987641997008545,0.0038268133821297567,0.0028581162258856097
2017-03-01,-0.0025697710359321446,0.004325840170388284,0.005185095890506863,0.005721568300267821,0.0040162778031773705,0.0046782761258583605,0.0017518882952003434,0.002168183001348023,0.0020111512004614696,0.00224454944907837
2017-03-02,0.010177242588716773,-0.006376406399671186,-0.0072172784410503565,-0.006721931633174361,-0.008209407571315608,-0.0065245110980394205,-0.006728508471526173,-0.006298202936098951,-0.007217313902932565,-0.00983932126758702
2017-03-03,-0.018696707609757723,0.0005397306795589252,-0.0009929581765305562,0.0005278778309318888,0.0024043581832591254,-0.0013769771319865898,0.002326575532537456,0.0009269481600566731,0.002142117664666987,-0.0005857399550504017
2017-03-06,0.0006986364210508356,0.0135956471671983,0.012818941099872472,0.01119339304350997,0.011127310396912948,0.01029059913413155,0.010875447525847681,0.010587265357525188,0.009942040383929873,0.010984815018077132
2017-03-07,-0.030569204870759425,0.006436024688120545,-0.0032258883658820015,0.0011197192474596829,0.0012528973368806096,0.0017669778901114874,0.00280113689357675,0.0012450656969631435,0.001053147137284105,0.0041627925739782246
2017-03-08,0.0009200265310631561,-0.002694538339987007,-0.002295904687454997,-0.0032259230817252016,-0.004369815667467525,-0.004393299774585135,-0.004010920093299952,-0.0015918115112001363,-0.0026225567050365273,-0.004466684945617971
2017-03-09,-0.0022616028162054658,-0.0019252922014870721,-0.006390126047379874,-0.00637175485011221,-0.006904305985699688,-0.007816866174970238,-0.006917744081955779,-0.005996189825813514,-0.007434354264125753,-0.012637733453203626
2017-03-10,0.0032503950189843867,-0.0004026746997610742,-0.001665837567369377,0.00034935437855243556,-0.0002452281596954098,-0.000329051875756714,-0.0005221139638535988,0.0014649874785994665,-0.0002816401569102345,0.0038007600880463066
2017-03-13,0.009819403982439079,0.006780353077310508,0.0066888158460578495,0.006646424551395302,0.007906960139972385,0.0065136426420771,0.007416187600267632,0.0074011431357561275,0.006233549559522489,0.0016813904257231282
2017-03-14,-0.009254490441280017,0.0022809789403728242,-0.0020988400347522473,-0.0009295081510226622,-0.002184670007733369,-0.0012177731255412771,-0.0023665568802900827,-0.0023447166555746746,-0.0013083813571144187,-0.0032699565082886517
2017-03-15,0.022909731928105304,0.0073905197125399,-0.001628995410767775,-0.00015021122687941535,-0.001020777239775561,-0.0012607851898593925,-0.0017233705263882682,-0.0007596976287083113,-0.001911995942758371,-0.005583258924725665
2017-03-16,0.004558106594308775,0.01709409227251646,0.008914412014541462,0.010761477567744704,0.010516584671858897,0.009572127390040652,0.009333913795588122,0.010136692269397507,0.01052024684355679,0.008691503927678035
2017-03-17,-0.009782087724386046,-0.008786192997786046,-0.007713631083068884,-0.006594391994282578,-0.00804502026457854,-0.0067289467468516495,-0.006256224148493472,-0.007967248267934268,-0.006321740187587022,-0.008232170602611277
2017-03-20,-0.030409343833800118,-0.0009593734204575988,0.0040101924694355695,0.00211137133993744,0.004332446092291553,0.0042930626538708605,0.00516847979089663,0.0010907609376773486,0.002117488925301947,0.0031559697650300755
2017-03-21,-0.003829706981102521,0.0014289477096884884,-0.00217154954694998,-0.0014159030184597299,-7.02694800314152e-06,0.0021533733298055857,0.0027726555236518013,0.005939507607174654,0.002874438651378819,0.002837207083814519
2017-03-22,-0.004375848297899609,-0.006661669432967754,-0.008238901154613454,-0.010401565284752112,-0.0060434235559450045,-0.004123348782303693,-0.00409155848065379,-0.003531481119517066,-0.006078640671061009,-0.0053979820358383
2017-03-23,0.004997123577833884,0.003582276519706884,-0.0006151613202225459,0.0003543983227354275,0.00016503334271367187,0.0009441717504417024,0.00079678540869077,-0.000879162161629643,-0.0016044570126482194,-0.0041563455742417155
2017-03-24,-0.02922151038418097,0.0007905109554482426,0.0035233244236894112,0.004782057725266853,0.0036406939746902456,0.0033351485363413147,0.00342733625116054,0.003125024717529845,0.00421573992055202,0.006005061135745393
2017-03-27,0.0016332829081602274,-0.002868461700949787,-0.0015976604107047487,-0.004336936731681895,-0.0026075257758124692,-0.0026090949608089664,-0.001883268960943263,-0.0021183973642224796,0.0011171996748062796,-0.004382068328328104
2017-03-28,0.0010293547667685754,0.0017281992808728663,-0.0008394939200572216,-0.0031217991009485635,-0.002781127237888703,-0.0020495600622938426,-0.002982435910411252,-0.001662552659235983,-0.0037647456281749703,0.0004600211538976495
2017-03-29,-0.011249569322848929,-0.00792499575420591,-0.0026006024754527957,-0.004461068208657437,-0.005726281675258238,-0.005029270373835049,-0.0036618938442922744,-0.006171594752189091,-0.0017535639613694975,-0.00791708067739949
2017-03-30,-0.024555992193703524,-0.03291425524548053,-0.019909420807069256,-0.020051048258670323,-0.02033250165266909,-0.02069670767253151,-0.02028529651540001,-0.01659329716693625,-0.016847248277438998,-0.024245157452136623
2017-03-31,0.0179540869673831,0.0033288696744029345,0.00019062795174429326,-0.0016890116623078377,0.0014297815966535232,0.0005072470314499977,0.0032301765796676207,0.000810501787822604,0.0010854512466775823,-0.0013353850601924844
2017-04-05,0.040980363524567576,0.021611624435521115,0.0200824724157862,0.02131928157449403,0.020402035876030622,0.020958041247264303,0.019844293121604295,0.018721009738829286,0.01926183362472056,0.02315972974034919
2017-04-06,0.0014105724751287685,0.0070032972672655625,0.0008514448117042939,0.003996375886836212,0.001999372042769343,0.0035835820087124493,0.004396173899197109,0.002394617116287634,0.003305458645974202,0.0070887176679286235
2017-04-07,-0.007519740650558937,-0.0013552838980025461,0.002951046409078506,-0.004420832035474609,-0.0037976307522993302,0.002028732502599828,0.0031908257114565686,-0.0001941438091817016,-0.0009888492416544326,0.0032949994938766825
2017-04-10,-0.043066322926988754,-0.010111235092704063,-0.0036840113493977755,-0.0063347316448075786,-0.00920665703817014,-0.006382301636434384,-0.006962206771468082,-0.006601785820927519,-0.004861882079212121,0.003134640977006331
2017-04-11,0.0006656765510988372,0.008749680467628806,0.008242838836681532,0.008948784086228123,0.010143354263241644,0.010118018325444122,0.006502082987290603,0.006719377950611394,0.010548678955874635,0.015946190623058687
2017-04-12,0.03335833889004047,-0.016064634487166662,-0.013523255027124037,-0.011074197046442191,-0.008107112833015906,-0.006628027614166809,-0.00933930768525626,-0.007177920008107352,-0.009040749694125494,-0.0019313030065324366
2017-04-13,-0.0034627263882524018,0.0022214922212369093,-0.00018937370786820118,0.0027901711149915798,0.005460071201900174,0.0037004862925187343,0.00297623148826065,0.00354288495469679,0.003929097010523019,0.00780509301922816
2017-04-14,-0.0032364813175165263,-0.010461112045613397,-0.014347563789101958,-0.013931412388650699,-0.018109254699407717,-0.015494345691710043,-0.01586655853108676,-0.016047481226489135,-0.015997393726267184,-0.018032517887875188
2017-04-17,-0.0044012275896420094,-0.008957394156218323,-0.016646090513423806,-0.016711022266254538,-0.016615663494156774,-0.014400911765410584,-0.014261336518064938,-0.013003719170871508,-0.011871260447888332,-0.02123227645855008
2017-04-18,-0.006538060505089427,-0.008916228681245086,-0.01098874667842531,-0.008832200662051148,-0.008585987855531663,-0.009365730557943097,-0.010013566207577651,-0.0073125910908717895,-0.010469616885604549,-0.008368365402615319
2017-04-19,-0.04138076424849135,-0.024829832036813326,-0.020313351208132158,-0.016550069723152983,-0.016173666249497898,-0.012172863321112781,-0.013099781352557627,-0.014768902241529158,-0.013106657578981107,-0.01135272053142955
2017-04-20,-0.0016447702500451689,-0.01524631305183366,-0.0013835380721158863,-0.007219639967938729,-0.004633531446151751,-0.002351893595341603,-0.0032876505218487617,-0.0005090524945984276,-0.008879262068242078,-0.006646450348806954
2017-04-21,-0.034261359833198446,-0.008944676507431581,-0.005192923201431832,-0.0034838719016716535,-0.004580820758501525,-0.005458888955264918,-0.006238676997024184,-0.005681455435794347,-0.004595045663337016,-0.01237725837912107
2017-04-24,-0.08044402175277043,-0.034158973292025996,-0.03404247825753115,-0.031234338603719602,-0.029999774968193504,-0.031583560180116876,-0.02850891549128043,-0.032048182073537324,-0.032490702785365255,-0.03643595758593088
2017-04-25,0.021254160034131386,0.007207829905582663,0.006116898713976138,0.0039145307743087,0.00294575284648535,0.0033291735567115843,0.0019570853054600157,0.006237699425974741,0.005342333416320955,0.012800922539994763
2017-04-26,0.023626639474353173,0.0037905799740418633,0.004484691949528941,0.0036134023267546667,0.001721214796387649,0.0020586934265254264,0.000549146816404944,0.0019906967524301322,0.0019170690243488497,0.007167625178439163
2017-04-27,0.03028727757110028,0.010203270090052952,0.004968081772500854,0.0038947253470824617,0.0028031942995732084,0.005240532832711642,0.005338873142706424,0.003205806920717258,0.003925077152403311,0.01471447867165887
2017-04-28,0.011454099809576901,0.012486514928415682,0.00420641221724849,0.007270295212001843,0.0032910295998866967,0.0058969442826972696,0.005478394439887069,-0.00022169280747696973,0.007404567744508261,0.004820329217964936
2017-05-02,0.02082020461582168,0.005315107848368417,0.0005559307908247213,0.0011708684052427198,0.00043830441281489385,0.0021834347056139958,0.0035148261900879163,0.0017268426212218024,0.001503754645392652,0.00562122485411809
2017-05-03,0.009193694580361456,0.008284766514198072,9.892246398934823e-05,-0.0010427444621075033,-0.0020280348355770084,-0.0026602485149825883,-0.0026997998488204056,-0.002501703674152811,-0.0017788923579239446,-0.008638867385440951
2017-05-04,-0.011277835771109076,-0.003983953112433226,-0.004075595614459832,-0.007886969514240949,-0.0053396743120924005,-0.0077290477464274625,-0.007318229813791546,-0.010084328232725398,-0.00919319173436186,-0.011037138481556203
2017-05-05,-0.017563117453348154,-0.021108919857492414,-0.013488232895931929,-0.014624906854559194,-0.01137129186498298,-0.012066788476428947,-0.012734678733023586,-0.012746012949132246,-0.015628609436887597,-0.015487190739275625
2017-05-08,-0.0022346368715083775,-0.019095711606211263,-0.017318205923360752,-0.01786690231811916,-0.019983303096369642,-0.018989724136882713,-0.01850783172149617,-0.01991105643369817,-0.021926665236108644,-0.01528341120907617
2017-05-09,0.015677491601343796,0.0033851028499010116,0.004288607028371638,0.0066975846882362244,0.0039032625820012434,0.006067509909372992,0.006805265298538643,0.005868455958563112,0.00593669575382294,0.007715816878577142
2017-05-10,-0.008820286659316445,-0.020910648633001405,-0.01959855843281877,-0.019283777838576932,-0.017018709959696232,-0.019523757250360152,-0.020548734306724215,-0.022467818419922292,-0.024755198617415708,-0.01805567778533168
2017-05-11,0.004449388209121441,-0.027666198436124168,-0.0131911117945821,-0.008614038790814349,-0.008330354022502262,-0.009966820474408222,-0.005594969293990837,-0.010124706696092334,-0.009366563722483012,-0.00616446369220458
2017-05-12,0.0033222591362123133,-0.011830450032890405,-0.007995430620137522,-0.002549736684418047,-0.006800473734848156,-0.002856395958372837,-0.003690197242860571,-0.0036019617821949623,-0.0015347246521738578,0.0008379032427552335
2017-05-15,-0.012141280353200834,0.009165801511171079,0.004041406641636103,0.006304504738467109,0.00354891448607364,0.00026074298721501243,0.0019435026537497624,0.003819303243171701,0.0030812492624967547,0.004153379218468922
2017-05-16,0.015642458100558754,0.024328099077975285,0.017487166726346315,0.022366420315456548,0.01899655928319066,0.021037419731629647,0.02030998191102973,0.017213121588440572,0.021097287415185573,0.02266477676605927
2017-05-17,-0.007700770077007757,0.013389727993801115,0.00691624721541606,0.0024693180596517816,0.003795191795214148,0.0021840775697548054,0.0033587325295805215,0.002869355011362762,0.004649288990585809,0.0009451710658809898
2017-05-18,-0.008869179600886956,-0.001340675025057969,-0.004224718250783854,-0.003967757931142124,-0.008344295360486864,-0.00783877545941325,-0.0061906282647720134,-0.007080782960281473,-0.008904815506675323,-0.011906119711642238
2017-05-19,0.003355704697986406,0.007981490280229098,-0.004115861161887668,-0.0036751700313384372,-0.00030328639381893563,-0.0028075528607270916,-0.002757203290252086,-0.0022511177927810877,-0.0017954972759594012,-0.0013695720662735278
2017-05-22,-0.011148272017836969,-0.0178943975514948,-0.019545116968183063,-0.02116156542655645,-0.018516708236285706,-0.018841178758732702,-0.018958646882681562,-0.018124760739143264,-0.018047509178195753,-0.013507219080609034
2017-05-23,0.0011273957158961512,-0.047022952311109645,-0.044108864433694106,-0.03159363227608236,-0.030066953289847875,-0.029921651478983402,-0.027998908909256714,-0.02904756388147567,-0.029217224933987374,-0.02029336586083874
2017-05-24,-0.012387387387387316,0.01917739658532347,0.00370040795788662,0.0055774623547095725,0.00417587773974426,0.004651027083274251,0.0037032945590107502,0.0026461677465363653,0.0024059324642535795,0.0038948009592298938
2017-05-25,-0.009122006841505104,0.010865194146219448,0.007727596185886254,0.006800810570640081,0.004994951404010406,0.005446944393053377,0.005758365470026394,0.009639171262376678,0.008857027974528586,0.008008803102175222
2017-05-26,-0.018411967779056404,-0.0009151841623279422,0.0025908024400371765,-0.0012967194971725826,-0.006512712424455502,-0.004337429332933906,-0.001000044092393626,-0.0027037912774544592,-0.0012727072449685295,-0.004571192834873061
2017-05-31,0.007033997655333968,-0.010358501762649075,-0.0033407548324970726,-0.003662289926106954,-0.0032140040119896796,-0.001691540609968234,-0.002455570442896682,-0.003056864745240362,0.0013890334804587123,-0.000632743146301129
2017-06-01,0.0186263096623982,-0.03233772811992097,-0.031765483307139464,-0.029151939731254628,-0.027087263354251823,-0.025451606832871287,-0.02337900942498783,-0.021534402530787533,-0.02903068938891995,-0.020478143190883924
2017-06-02,0.011428571428571344,0.017743480246590115,0.011945237155367883,0.013318083082661802,0.008690084579304314,0.011545422760876,0.009001093378030456,0.009278559994273072,0.012038472489982466,0.007301910110625753
2017-06-05,0.005649717514124131,0.01898044317434122,0.009351673277645078,0.0023058663271131596,0.008847331212315845,0.004586930584998594,0.006941401749290366,0.006184392867328858,0.00807582514887284,0.006541668597814354
2017-06-06,0.0,-0.002218551425172244,-0.001569717835684159,0.002311817592967058,0.005246012708040038,0.0011609535048970887,0.00183537100935105,0.0036321523251932053,0.006117774433216816,0.0044881138855374925
2017-06-07,0.016853932584269815,0.026213482311732816,0.023183968147713285,0.016587548788899786,0.020707184312224847,0.021495968068985016,0.018413578883198056,0.01969860548054414,0.018682527677463145,0.020246689443623067
2017-06-08,-0.01436464088397793,0.0006057364590477121,-0.0005951363574177027,-0.0030856388836959514,-0.003905057786405708,-0.0018180111439016766,-0.0005127989302778913,-0.0014707645201306185,0.0002346775226917952,0.000923393543045048
2017-06-09,0.0,-0.006547749140508263,-0.0012319633842103883,0.0009904484233302924,-0.0055924448927434645,-0.00014536733366821153,-0.003401862200955841,-0.0007694373849933545,-0.005061040947598849,0.003718687787746644
2017-06-12,-0.004484304932735328,-0.025387123089504637,-0.01939539705965243,-0.013383073454943939,-0.01522708861109856,-0.01468801496355332,-0.01572824334238232,-0.016543337036539985,-0.009770473390604217,-0.011117048455353662
2017-06-13,-0.0045045045045045695,0.019051767836645972,0.014505326399996799,0.011398285239158534,0.012227055349026683,0.012977761364398877,0.013548356973034581,0.013952359524475266,0.013971811985676652,0.01265909138111554
2017-06-14,-0.002262443438914019,0.0012235334840804413,0.001521191764521257,0.00043644944921905626,-0.0004753984842157388,0.0005722747377630011,-0.0010377603203399755,-0.0018047492345781846,0.0009063426049831236,-0.0014240107782360623
2017-06-15,-0.0045351473922901064,0.026022415726123516,0.01612221936063496,0.011640255319593784,0.01101681110490893,0.00985011754347287,0.010395057268684393,0.00811599912358485,0.010432641686573207,0.0006102536120420332
2017-06-16,-0.003416856492027387,0.00578931726418741,-0.0009232719312345372,-0.004713906703757376,-0.0036133463122615117,-0.003960768930525105,-0.005039578637671238,-0.0043395436497710715,-0.0013592096592600633,-0.003418250877980533
2017-06-19,0.0,0.00038928159480011715,0.006333052111085147,0.007423225467738881,0.005582698016784571,0.004493432870057434,0.00611478576831348,0.007429473467883252,0.009335995907185923,0.009102150917017271
2017-06-20,0.006857142857142895,0.0053324347728092025,0.0014793664870169643,-0.0028989776119344723,0.002013954497241066,-0.0009002008583276488,-8.762108982596217e-06,-0.0016720969068684255,0.0012195749332517547,0.000829241307144235
2017-06-21,0.0011350737797957144,-0.0051767967532851955,0.002575506016411211,0.0018524467316243243,0.0010899423424333143,0.001164092052167387,1.2850674873110535e-06,0.002204662513813682,-0.0009434325580092162,0.0037132453144665956
2017-06-22,0.03514739229024921,-0.013900153830824324,-0.021610783546697432,-0.016853281574514267,-0.014802339951033416,-0.01674699330462448,-0.015832658459817406,-0.017760951021466465,-0.017764712708512098,-0.016105160801352603
2017-06-23,-0.009857612267250793,-0.010783135361732588,-0.0024275702042340086,-0.0034320190318656296,-0.0010056517775579588,0.000577128295399687,0.002004590946657947,0.0007698548792192117,0.0034668213132731385,0.007083087595137538
2017-06-26,0.0011061946902655162,0.011462735328926055,0.004650857220028115,0.009667967209958439,0.010577409758877332,0.012518924372725726,0.01259294963322799,0.014955726513279144,0.014712468158157854,0.019632873659369166
2017-06-27,-0.0033149171270717703,0.0014950901031474118,-0.0004544486946211901,0.0025210388719600907,0.0017908918746356584,0.0012081122170310987,0.001366070208051573,0.0032817019719779683,0.0038581654511931074,0.003444016389779758
2017-06-28,-0.013303769401330268,-0.008008218207867124,-0.004656145448967641,-0.0062660753053742635,-0.007722953180033909,-0.005966633694065915,-0.007545331252064802,-0.00684800848502376,-0.006093907056299197,-0.00021501021740422122
2017-06-29,-0.006741573033707926,0.004377638648534576,0.002212020712682339,0.0043877302280004304,0.004730087765812074,0.004251637714711709,0.00421390193524962,0.005035141643141783,0.005737103020116763,0.005879619406154335
2017-06-30,0.0033936651583710287,0.0005908881385747744,0.0010410353686951535,0.0001598409268657175,0.0007442735522094068,2.6696688917526856e-05,-0.0010146564563027205,0.0030757849762677036,0.00011945057010498417,-9.816660497263818e-05
2017-07-03,0.020293122886133164,0.009762160545356169,0.008731979640224097,0.008129229812864347,0.007830985814656133,0.00580760426761695,0.007264965649156796,0.006794361812842764,0.010772342390117373,0.011220982233713928
2017-07-04,0.005524861878453136,-0.004237546989917407,0.0006140301329997655,-0.0018342058497231584,-0.0019591703897060553,-0.002369956800310158,-0.0032084573522260795,-0.00466414612018029,-0.002030607674340712,-0.005015369384007817
2017-07-05,0.016483516483516425,0.015004933141458343,0.008886199959878827,0.0063611201788038585,0.005310237697017106,0.005226994219044601,0.007942602060606596,0.004394320772393323,0.009757702195413387,0.01244758217633013
2017-07-06,-0.001081081081081181,0.002118762695690668,-0.0005059471028417972,0.0003897692462293545,0.0014790992316628948,0.0012896612059665191,-0.002364683752622443,0.0002616234709462706,0.0020465523517807505,0.0060140344973902415
2017-07-07,0.01298701298701288,0.004565927074440479,0.002572536613439924,0.001771673472295232,0.0003921130124273642,0.0016292005181872682,0.0028695482799316885,0.0039594051945095465,0.004532786802208699,0.010325902178276225
2017-07-10,0.04166666666666674,-0.003937436095283298,-0.005890521994232456,-0.0046370731804455945,-0.0035518298393526493,-0.004254642990990654,-0.004963612565326736,-0.002908747918260568,-7.757093175730922e-05,0.004069844013647961
2017-07-11,-0.005128205128205221,-0.017095177841846776,-0.010711404133963542,-0.012766645387263464,-0.011831482337021249,-0.011990303372269584,-0.01018911082780427,-0.01108595174849314,-0.013840893595836623,-0.008263633044144236
2017-07-12,0.026804123711340333,-0.002994062289501831,-0.002701971528512259,-0.0025419187180427683,-0.0028144285577907935,-0.004266514020616952,-0.0014749863016019216,-0.0016368661455568034,0.0005731088291576203,0.0009404692699406247
2017-07-13,-0.013052208835341417,0.003449881532734178,-0.0022894153883729063,-0.000491750658413781,0.0009841151497895773,-0.00023166112781014547,0.0009536199086896957,0.0039822654671914925,0.005822924719085298,0.003250500200514761
2017-07-14,-0.04984740590030534,-0.014880373450451123,-0.0076967597863492054,-0.006827225744414744,-0.006018850193054037,-0.004393196838024638,-0.0037757244357514708,-0.003724168181608478,-0.004060316911790318,0.0029483495720059594
2017-07-17,-0.05995717344753748,-0.0675247682865523,-0.056202146147889986,-0.05265608050020987,-0.050520083750109857,-0.0508960257315596,-0.048932025208087704,-0.04771597403880612,-0.04625117767604703,-0.03968072239110021
2017-07-18,0.019362186788155045,-0.00962261635593531,0.007819211602900111,0.008440001058519497,0.006894957225920928,0.0074304118244832296,0.010813066616166989,0.01076164892559106,0.017290645981889563,0.021011297442641075
2017-07-19,0.02681564245810053,0.01443546394943196,0.009393585352786893,0.012645340494563229,0.011030886348039282,0.012988502013459247,0.016036571923606635,0.018034545514759692,0.02162634331546509,0.03154642675986574
2017-07-20,-0.020674646354733595,0.0008855027578866803,0.005049134976738978,0.003315219092220101,0.005669002791910627,0.005372390722026665,0.0062386078763443376,0.006305991904611119,0.004466356335300237,0.006902660687505557
2017-07-21,0.004444444444444473,0.004138906538155407,0.001502809246542114,-0.001866527173699395,-0.0019634479410823857,0.00118083027191207,-0.000887421948225553,0.003276239071039466,0.00048626189464484604,0.004760786274996098
2017-07-24,-0.00884955752212413,0.004816516941195115,0.0021888108563525854,0.006185065250291499,0.0053188275871884905,0.004875284695224025,0.006376743076661251,0.008350503766769046,0.007134155027912037,0.005868051382969419
2017-07-25,-0.008928571428571397,-0.00010439195543487934,-0.0015952408423495212,-0.0010757108961112483,-0.002179036452845673,-0.0022928779549065137,-0.0022577323658751203,-0.0034910435867134826,-0.0030900516306341386,-0.0015493522956467887
2017-07-26,0.024774774774775077,0.0001602902291104602,-0.0002794877524893158,0.0018751402707788412,-0.0007763706392872605,0.0011094645023765892,0.0007747978505956432,0.002643704051708662,0.0005441563538133298,0.0018761299592424674
2017-07-27,0.025274725274725185,0.02042780480055506,0.017471958208278737,0.016185846319815234,0.013139193483337364,0.013809238297642912,0.010447814108369036,0.0065651305314962105,0.0030555561255278807,-0.0006561891124469144
2017-07-28,-0.00107181136120027,-0.0047348600856924605,-0.0010797621365784549,-0.0009565674880641639,-0.0011096534078499642,4.3710602240176755e-05,0.0024984768189286743,0.001854790856883115,0.004583341660260309,0.009383128222593795
2017-07-31,0.015021459227467782,0.014739069116201486,0.003117701172528742,0.0043961142926456365,0.003802694322116995,0.00746036890186752,0.009779830621575725,0.011639804068940718,0.0163386002927437,0.02475844816913564
2017-08-01,-0.00845665961945019,-0.0032156468842322594,0.003291041754950985,-0.001298529045756891,0.0035774428369979017,2.9054637136649575e-05,-0.0012344368120424942,-0.0016057007110318322,-0.0027021482943819786,-0.003242210676931756
2017-08-02,-0.009594882729211274,-0.015304735298585115,-0.011100911122521318,-0.008860975603320775,-0.008640053386866908,-0.008467355283697353,-0.008752074353865047,-0.01014310974882171,-0.006422750525807319,0.005745813919454168
2017-08-03,0.006458557588805425,0.006549808410717617,0.004405827250505867,0.0034797482148667402,0.00319032302465061,0.004428472434172104,0.005616963972970401,0.004136384589684239,0.003984620191266108,0.006434865115020116
2017-08-04,0.0288770053475933,-0.00804796608355307,-0.0017056221739620847,-0.0030124289769635215,-0.0036448746194576165,-0.005102079810368698,-0.004908970544793445,-0.0029275995782536146,-0.0031810889576019408,-0.00869471985722614
2017-08-07,0.004158004158004269,0.008281013484291666,0.006530724083452455,0.005699427866148632,0.006468959255596207,0.007276985164518024,0.010070098312586317,0.010203616502330703,0.012895568664309076,0.02067124845226198
2017-08-08,-0.005175983436852882,0.014627718336161832,0.005528573363695166,0.003972811339764126,0.002664891891319021,0.0038137909272839554,0.0008707510044592137,-0.0001725112761788994,0.0032250303894525434,-0.0010183346843521957
2017-08-09,-0.006243496357960621,-0.006187865142096349,-7.432780549487816e-05,0.0017514986174715919,0.0032685262919365243,0.0012076986295490588,0.004723454462739252,0.004904278267276352,0.009030482523163075,0.011319872864100633
2017-08-10,-0.003141361256544295,-0.0027543367951264885,-0.007201541292172098,-0.006909224448916951,-0.007260643307936743,-0.008065518727275345,-0.009755260672586918,-0.009658531793604097,-0.0076131710370358485,-0.009038216666711008
2017-08-11,0.012605042016806678,-0.011896014410801903,-0.011400534015682529,-0.013086009932555376,-0.014191514668220662,-0.01512458775088199,-0.01886130324091706,-0.023204552024456593,-0.026357505774488477,-0.03805074339352943
2017-08-14,0.014522821576763434,0.01989481639480739,0.02102569746512528,0.019452038319227594,0.0176621978003646,0.019477277764501144,0.018997627131333683,0.016112350246423768,0.01661174670874832,0.016991332467285458
2017-08-15,-0.009202453987730008,0.0029191276588103054,0.003969952180398639,0.0027113510530041296,0.0021281302777931277,0.004262814545664684,0.0024807466923433275,0.003880785805959075,0.0003952531631556955,0.007234585919940306
2017-08-16,-0.002063983488132193,0.007610461286230219,0.006679197179020102,0.006897912319125732,0.00594966724374868,0.004481587914745067,0.002748586255626684,0.002072096344483798,0.000831929528236186,-0.007869870462751338
2017-08-17,0.02585315408479838,0.010744164139426804,0.011812850581499834,0.007702247309986365,0.008254603415093209,0.00958323264489036,0.009228045202878121,0.009144053840665078,0.01053056707088218,0.006946402171133403
2017-08-18,-0.02620967741935487,-0.0018498459864676464,-0.0045660440559316395,-0.004576723229690938,-0.003741686210396389,-0.0025957360818733566,-0.004087850586067976,-0.0016723424070057558,-0.0010115361389103628,-0.0025309234423992466
2017-08-21,-0.005175983436852882,0.012193950892856575,0.004298832194907787,0.0066541984378296615,0.007308945232348263,0.006793289423863147,0.00786460690358326,0.009281955604032666,0.010459864458309598,0.01804039701479465
2017-08-22,0.003121748178980255,-0.0007412242616330333,-0.007569484138295723,-0.008706808954451195,-0.0055579179558250535,-0.0065280614800617975,-0.00583274217711649,-0.005479484269117707,-0.007072827941375981,-0.0032166583474758648
2017-08-23,-0.007261410788381828,-0.004271391672584612,-0.0032041661398702903,-0.003450508176781386,-0.004491052092157499,-0.006027654410092453,-0.007059003658013596,-0.007860112996972202,-0.009784034980532264,-0.012324964338607858
2017-08-24,-0.03134796238244508,-0.005017587525468992,-0.0052659046430623135,-0.005653919915614036,-0.008285438841795889,-0.006867586725907593,-0.005663107447444915,-0.006463817652460735,-0.006594805676487847,-0.006597952962662745
2017-08-25,0.01294498381876985,0.010609554885418593,0.006440650764613309,0.009615662625698906,0.00921283471013834,0.008555636608695183,0.01086361460948293,0.010778971709064944,0.011197939174245608,0.015271880798563453
2017-08-28,0.0021299254526092604,0.015495492364761887,0.013707076427033504,0.010121318054911344,0.009949912572210451,0.010159844044595578,0.01086913901169373,0.009653025687859085,0.010341232994584004,0.010416739223369165
2017-08-29,0.010626992561105109,-0.0029794723677376567,-0.009329140545894288,-0.004331618095146039,-0.0023788799448714038,-0.0013987975203186842,-0.001774266117994805,1.1935688444264514e-06,-0.00129104364903887,-0.0010454250076142868
2017-08-30,-0.006309148264984188,-0.002335967825463414,0.0026297815085836174,0.004300898468525105,0.002878043782833295,0.003289361379785305,0.004490431765149294,0.0051804215956079425,0.01071335152936892,0.015310230885278608
2017-08-31,0.0,0.005583061802819866,0.004413289116129482,0.0040790553400238405,0.00327643958356183,0.002178999939177695,0.0031868506819017206,0.0035310193030722026,0.002926966194683356,0.002844038333691623
2017-09-01,0.02539682539682553,0.006037077860800544,0.0065342471143603476,0.008955973065996936,0.007083661879127234,0.0064422623397308865,0.006800052920587607,0.0073321745270256145,0.009969733557701144,0.014942232609440609
2017-09-04,0.015479876160990669,0.00609639281160157,0.009873371875351866,0.008417521152875418,0.005719641923275454,0.005881197442423103,0.005470190699006228,0.005213170350785612,0.004471244567034516,-0.0033989962680605057
2017-09-05,-0.012195121951219523,0.004359522241051739,-0.001328651468706199,0.0008499076779080461,0.0010896363204935255,0.00035655427960956665,-0.0006551722908889612,-0.0019244621403221585,-0.0016945173876631303,-0.001963182619392434
2017-09-06,0.00411522633744843,0.01232095695551183,0.0056759232370682255,0.006779843707295452,0.005383932894259091,0.004331608215152993,0.004084338618909555,0.005382756549592971,0.0035704263852003315,0.0021485364166942134
2017-09-07,0.050204918032786816,-0.005555017438402476,-0.004278414576201706,-0.004960211282213134,-0.002391058014221681,-0.005110886818105231,-0.0056514910938033625,-0.005859773357466458,-0.007614586088937503,-0.005490004336825449
2017-09-08,0.05658536585365859,0.005560020631935725,0.0011647155907332785,0.0023191966226505656,-0.0005875058042708048,0.001427750973662878,0.0037072897094119206,0.0032773276632855897,0.0056236883421498796,0.0063594798644410755
2017-09-11,-0.005540166204986097,0.007583475403198925,0.013840748406483305,0.008122420053575885,0.007824120407941892,0.008225257528214458,0.009739434289030457,0.011369542859308579,0.008021053085286,0.009154800617106273
2017-09-12,-0.0027855153203342198,-0.00381907322800934,-0.003702263984503351,-0.0012822059802611863,-0.0021159635100178598,-0.002858662164989645,-0.002495130509954091,-0.0016460399646931467,0.0017471133049478116,0.0015911783526254553
2017-09-13,0.08286778398510242,-0.0009146048220255443,0.0029239995050476253,0.0030607010153986813,0.004013366264167928,0.0036716762022981353,0.005413453651997857,0.005004809941608457,0.005641329214501889,0.007680487098359112
2017-09-14,-0.011177987962166847,0.002596549115122082,-0.004157591698746077,-0.002029353074710416,0.00032632838620094695,-0.001835744732957334,-0.0023019769543598523,0.0001106658479899103,-0.0030544783486674554,-0.0005013687548671708
2017-09-15,-0.03913043478260858,-0.0020649985022600514,-0.005257842547327307,-0.002114012897888151,-0.0027646240468782723,-0.004328562375685574,-0.005216626531682311,-0.006235212522219702,-0.013380511364646352,-0.018445704729230683
2017-09-18,0.0235294117647058,0.0031424622861209173,0.00793482016558622,0.0056361100757531535,0.005931518744722197,0.007651820376196383,0.005873758910075244,0.006800749400847073,0.006894777930832152,0.005401566134978664
2017-09-19,-0.010610079575597009,-0.006402827110575049,-0.004120576716902691,-0.004236569629661124,-0.004089839701755693,-0.004430565254331831,-0.003700959808329629,-0.004790681133004737,-0.0043907057321600496,-0.0063792839783078925
2017-09-20,-0.003574620196603928,0.008323100099396852,0.004969361748263124,0.006676620309220338,0.006238255226604483,0.006900369305366194,0.007767397668042797,0.009453523048958745,0.009830291391738744,0.008917435698404086
2017-09-21,-0.02780269058295959,0.005772515650581012,-0.008421841021190146,-0.011045411563440966,-0.009316602229143545,-0.009568371881477855,-0.013623703091673378,-0.01316011299363884,-0.013873838320547005,-0.015744418723168785
2017-09-22,-0.0018450184501844769,-0.00380225259641942,0.0026767096779949373,-0.005295262871010897,-0.0019375616427742548,-0.005077586804070888,-0.0049056782910036345,-0.007893398790916883,-0.0070156247662004345,-0.006744925728039086
2017-09-25,-0.004621072088724532,-0.018192220803234127,-0.013387656942198123,-0.013573133532517434,-0.012785908817868896,-0.014972143162155893,-0.0142193657362506,-0.014287403325621173,-0.01530701334956075,-0.013945125803448977
2017-09-26,0.0027855153203342198,0.0007728928256602874,0.001243049870495616,0.0033113643190376685,0.0003465813802274731,-2.84866560472663e-05,0.0006747075727011609,0.004116069875153228,0.00461502152256088,0.006102198147266424
2017-09-27,0.004629629629629539,0.007546437113129079,0.009234046494853931,0.0074070759392088625,0.0074405730322908425,0.005507999488907345,0.006531726350169409,0.005795215610038262,0.007397115795583886,0.011565547753375816
2017-09-28,-0.029493087557603714,-0.014597586656454609,-0.0019478261629881644,-0.00380297526029727,-0.0020838868507548902,-0.005182194379920402,-0.004211644723627783,-0.005796608379601387,-0.007076573061092217,-0.007942285519147219
2017-09-29,0.00664767331434013,0.0032143370281494388,0.0072513710363271144,0.00991442059336034,0.009918585548384762,0.007643953467165732,0.005691072893304838,0.00737026977876698,0.006541332413699363,0.008844716660602714
2017-10-09,0.015094339622641284,0.015818178978890707,0.012028617666382413,0.012283586366307553,0.012204543156892456,0.012163842460988672,0.0119086185546331,0.01035179105609263,0.011115223812872443,0.006915623084043476
2017-10-10,-0.008364312267657992,0.007139104941735308,0.008865159556147972,0.007984641883478583,0.007874463550320954,0.008335719925606888,0.006394564335875819,0.005533554297069143,0.002977843748783071,0.0007267984955259266
2017-10-11,-0.05248359887535148,-0.0006583821410791613,-0.006401940776341042,-0.004667934791005912,-0.0022976823980307426,-0.0026172174610760157,-0.002187206156971322,-0.00016663629755564457,-0.004332310828997987,-0.008937994405767924
2017-10-12,-0.0544015825914933,-0.005092803076534924,0.0004986776783650892,-0.003774100792748536,-0.0032319697704201733,-0.0014151413628999965,-0.0036412043328826194,-0.001664404715152723,-0.003016272870654424,3.0507631670229074e-05
2017-10-13,-0.02196652719665293,0.0010279493596296874,0.006144282928659761,0.004053351006963801,0.0035593092853416497,0.004175560838593162,0.005177829484835028,0.00289610593482581,0.005242264375076022,0.0019860790755761304
2017-10-16,-0.02887700534759352,-0.027221714139061826,-0.02052131980943661,-0.020180777964662333,-0.018911694022859193,-0.019158038603879546,-0.018083961491874523,-0.016279112989470268,-0.014558832203266703,-0.010628316524179726
2017-10-17,0.008810572687224738,0.004255249707870501,-0.0033487229586840472,-0.0014546635641603523,-0.002253147336575334,0.0006427278838714301,-0.0008422920708091031,-0.0006560569398410543,-0.0014151124036106966,-0.0041620609085051274
2017-10-18,-0.012008733624454315,-0.01232445686958239,-0.007608901048054562,-0.00869692823546675,-0.008760657213975565,-0.007168357773916889,-0.008704460237885625,-0.009398381437058734,-0.008028460914220159,-0.013486269245839178
2017-10-19,-0.023204419889502614,-0.008573156579898766,-0.007965373603177617,-0.011675890505263964,-0.009064445582373182,-0.010169328937662314,-0.009964864610265356,-0.010541655735788802,-0.012051063115173455,-0.010765241484602894
2017-10-20,0.007918552036199067,0.014406224049253957,0.011173412563032281,0.010223105927810394,0.011499152696192283,0.011775561457260997,0.012353530706620042,0.012018357991428141,0.012712099927770115,0.01579192458198242
2017-10-23,-0.00897867564534216,0.00848561898919642,0.0027285451913028336,0.005937243134368497,0.005688869618271752,0.0056602896376651834,0.005514833864220581,0.005688424460629671,0.005034735104143762,0.0019146108327694478
2017-10-24,0.005662514156285381,-0.01455372331545135,-0.00637700045248224,-0.003563334103344973,-0.0051802735063176675,-0.005354160768500926,-0.0032579894462479997,-0.0030199987233138215,-0.003898793101680731,0.0012582540989383162
2017-10-25,0.0022522522522523403,0.007875076515093893,0.005624160402041278,0.006487218035337472,0.006891758171807316,0.0068247441100082185,0.004625159079086227,0.005903164467678357,0.006119989845522422,0.0030011416607045316
2017-10-26,0.03146067415730358,0.012542528460033564,0.005889872230363302,0.00276314892259677,0.003005582785430283,0.003822059157028157,0.0026985018733700628,0.00461003447451569,0.006502323821543365,0.00962094785291634
2017-10-27,-0.003267973856209472,-0.003145544258666977,-0.008402090645004523,-0.006806450699010647,-0.005742884448531882,-0.005905706934446253,-0.007517306027990278,-0.006482959752559525,-0.008939752681158541,-0.006629633470950247
2017-10-30,-0.013114754098360382,-0.03483087405227203,-0.025819451971130336,-0.023772167754724682,-0.02124514242209341,-0.022802681757477905,-0.023402980424114372,-0.024546346143493825,-0.023679110643292645,-0.01824474335577697
2017-10-31,-0.005537098560354448,0.01391530219609649,0.0030117215125413654,0.005652688020648222,0.0074606517435691355,0.009535579580473907,0.007895995100935638,0.005555449669979895,0.008404494099387039,0.008829370067861442
2017-11-01,-0.0033407572383075124,-0.00812581741776075,0.0010122907607719167,0.001063861210823136,-0.0015583071986393637,0.000728184607334148,-0.0022506989414462497,-0.0012582913520671202,-0.0007289290319842934,-0.0016790845089752482
2017-11-02,-0.025698324022346175,-0.016139633283092092,-0.013065391706876928,-0.010119002304229685,-0.011350033636849166,-0.010119024522948106,-0.011205968105065245,-0.011214856494618841,-0.012418625849923703,-0.00993280652655748
2017-11-03,0.017201834862385468,-0.00690175191243525,-0.007249075989731901,-0.006527276853581565,-0.006941669916303628,-0.007947530002089143,-0.0070738772443902365,-0.008826878482121825,-0.008754244895590957,-0.011101086496041468
2017-11-06,0.022547914317925466,0.015844634637744326,0.010663083389798489,0.01035371130708862,0.009095714093146023,0.009864620833453186,0.009866951012085234,0.011591605376385372,0.01192799896714658,0.011558754729320997
2017-11-07,0.015435501653803696,0.0005905469154510179,0.004471496031717148,0.004665268532070277,0.006151669311099228,0.004214020336200663,0.0059933152193389905,0.005515626871342327,0.006123283428581594,0.007135558862247704
2017-11-08,0.009771986970684043,0.0060619830729031765,0.00576665870967763,0.004832159424290161,0.003353024341843147,0.0014051545182907077,0.003563672669739004,0.001627335211578318,0.0032822396045997237,3.322106527403612e-05
2017-11-09,-0.016129032258064502,0.002924339074053428,0.007783453475839863,0.004348708123644185,0.005756811767370751,0.006833553931844927,0.005859022567462402,0.006891425853198685,0.006728150349243345,0.0040726423298904635
2017-11-10,-0.01092896174863367,0.0018646493553915455,-0.002280797931754841,0.0012341296509510435,0.0033399893250456447,0.0019095599142897601,0.0020308549560770217,0.0008265331128465281,0.0005235440420094939,-0.0009894548817346305
2017-11-13,0.0055248618784529135,0.00469358130725861,-0.004779056189256892,0.00044673640674730564,0.00031772055139045463,0.0008153033666122855,-2.5046938981421185e-05,0.0007990731050999678,0.003611278536152396,0.010796219207509505
2017-11-14,-0.009890109890109855,-0.006436984520968081,-0.008180266848050177,-0.007034093017451393,-0.006704204421882576,-0.006373324745168496,-0.007983600821356518,-0.007995139620678549,-0.005913245207732953,-0.005035846316233328
2017-11-15,-0.02663706992230852,-0.01200008334227376,-0.009531726834502985,-0.007704222766145241,-0.00802637865975564,-0.009380489163650862,-0.009054652798246243,-0.007677704494913451,-0.008495646641726418,-0.00899949920766907
2017-11-16,0.0068415051311288,-0.005991163766065455,-0.0028480611471187744,-0.0007916378544317038,-0.0027963670004255148,-0.0024505919220529915,-0.0006972511048464192,0.0009797001566165253,0.0011336563102066766,0.0035933865847623814
2017-11-17,-0.04869762174405434,-0.041828174227417025,-0.03787259840167545,-0.03122806574830317,-0.035241327194729055,-0.03246206820874886,-0.03308110701749756,-0.032558725571837144,-0.03233147355255772,-0.03367012789941071
2017-11-20,0.011904761904761862,0.004190056457681779,0.0034193299918046094,0.0024334816443718488,0.0036229734208248487,0.003971227231225338,0.004016026694640518,0.003182047473603733,0.003858778440439581,0.0025164519815097375
2017-11-21,-0.005882352941176339,-0.0004607014131048359,-0.0013134402004615353,0.0009991225628758205,0.0012709458326072287,-2.5759126897284546e-05,0.0009812471121499744,0.0005223463129997441,0.002052746490806223,0.00040525485213804835
2017-11-22,0.023668639053254337,-0.006162148867247419,-0.0017586234415088997,-2.2038062155727012e-05,-0.0012416182873041803,0.0010185072612636237,-0.00048660700349112407,-0.001570524420590802,-0.0015741727757287993,-0.001416283251730377
2017-11-23,-0.005780346820809079,-0.02282816821162359,-0.02038599788423623,-0.022648261401587155,-0.024388508635387884,-0.022400690856423267,-0.021598917590461952,-0.023756597760461906,-0.022074125464248584,-0.02382590415064645
2017-11-24,0.009302325581395099,0.005341094252507617,0.000510655549382788,0.0010974495578062182,0.0014226125531449085,0.0014802678942371639,0.0008469825892643001,0.002642799953116226,0.004900113458755184,0.005533441514158799
2017-11-27,-0.018433179723502335,-0.010297764422588451,-0.011699220839228919,-0.01000839961088762,-0.01094886531756245,-0.01131368055359816,-0.011604077972883209,-0.010807935061011742,-0.008483992506485238,-0.007242766693457248
2017-11-28,0.0011737089201877549,0.015480004176023465,0.014293720757801331,0.014716063070109975,0.014360029332480151,0.014420595544408332,0.01286968353257123,0.015445235538940727,0.017311092917953852,0.020509449896712884
2017-11-29,0.0023446658851116187,-0.0006357321759856704,-0.0035252669417807914,-0.0016647974571158963,0.0005557163754996708,0.0018640433904977272,0.002182524110548867,0.004302917754651414,0.010660911967490083,0.012481969488886246
2017-11-30,-0.005847953216374324,-0.009063816705546235,-0.005245938695684682,-0.005788967078800833,-0.0053590495714893605,-0.005730152289179169,-0.005478599158348141,-0.00536013346285813,-0.005357665233116982,-0.006565362245157691
2017-12-01,0.0011764705882353343,0.008061420667215158,0.010164567842677164,0.009379089359359272,0.008616560581545585,0.008864061223058606,0.007213440241137015,0.006681063501969398,0.007268110116956494,0.003381622703497733
2017-12-04,-0.001175088131609825,-0.015979099633222305,-0.011441399704655408,-0.007631097221672434,-0.01135245708105348,-0.008440247643659249,-0.008506693997364478,-0.008263783652153744,-0.008494086942246293,-0.0022312604239941303
2017-12-05,-0.0023529411764704466,-0.027699825996407856,-0.029790557805974616,-0.025601733280994354,-0.026225780561405565,-0.025374084349841453,-0.0231450502529037,-0.02555970365136695,-0.023894329757607413,-0.024119594773446607
2017-12-06,-0.002358490566037652,0.006228505450828203,0.00813587370386526,0.010302875772410847,0.009699886291185011,0.008331475801547805,0.008727084045379918,0.007083884076509728,0.004462585665840457,0.0017879681468431219
2017-12-07,-0.021276595744680993,0.001550492722538932,0.0018485978622981847,-0.0014080207672445555,-6.231248395105471e-05,-0.002213045090628696,-0.0037586554830086882,-0.0036670131743526957,-0.005383259616433378,-0.008303977194228596
2017-12-08,0.004830917874396157,0.006566976910302502,0.013171792476623034,0.0088218503494919,0.009701549910639429,0.00837873659086763,0.010234441756403756,0.009588882483415162,0.014020056626402377,0.011633192332156872
2017-12-11,0.0,0.010587659282631723,0.011447725120290464,0.009758675827426622,0.011119169983662802,0.011540938406938261,0.011021520592112921,0.011149577678531086,0.010393311826223162,0.01133804554910145
2017-12-12,-0.008413461538461564,-0.009581143112603163,-0.01156615376821235,-0.009285860409570357,-0.008624797289793373,-0.009887791788034894,-0.009119978460376044,-0.007344978610600239,-0.009680980123571326,-0.008214994337263803
2017-12-13,0.00242424242424244,0.004169015521100938,0.006282611034764685,0.007320936823767887,0.007771968581320898,0.006441402193928081,0.005864328844642497,0.007788556823274284,0.008870291379797335,0.006419632502496331
2017-12-14,0.03506650544135437,0.0020427870230654843,0.001360402103324665,0.002039197582769159,0.001913324078040235,0.00028460329606416757,0.0014002931932559637,0.0016858516113560373,0.0006342612158292127,-0.001258361157879695
2017-12-15,-0.008177570093457986,-0.003752074941010486,0.00041948646822587143,-0.0031409489224661913,-0.003986540106481695,-0.0030788189589834314,-0.0030002736688286014,-0.0037987024652095247,-0.00875111447850152,-0.009121176886142557
2017-12-18,-0.007067137809187329,-0.006588473537347039,-0.009108945932582158,-0.0060811407626841785,-0.007835675272617859,-0.007585763471733564,-0.005450892037033417,-0.00224993915435423,-0.002126203328414289,0.001030723648001386
2017-12-19,0.005931198102016699,0.008409972027710655,0.004548618960575013,0.006688996556169835,0.006799899663800124,0.006623362735792115,0.006317650182128709,0.004790629734982899,0.005928683928777323,0.00682549471855598
2017-12-20,0.005896226415094352,-0.0026291449252258126,-0.01143060051654965,-0.009791824759759815,-0.008987675108204418,-0.009189439938821486,-0.009115422390962746,-0.007254211446366843,-0.009269022161594864,-0.01149483904418036
2017-12-21,-0.03985932004689352,-0.0003201973543239811,0.0020310813533590544,0.0013442093813125222,0.0025364963549163733,0.002457672881421402,0.0026421419576083682,0.0019393185669276392,0.005605500595600166,0.003799194406444162
2017-12-22,0.01587301587301604,0.008738710042218933,-0.0038953638892739173,-0.0017384312960879722,-0.0020797540798029868,-0.0026324626793042816,-0.0005940631545652275,1.5660779429049754e-05,0.00033655083129358054,0.0007733655611943391
2017-12-25,-0.007211538461538547,-0.011971379575088092,-0.014842300801416686,-0.011976029911798913,-0.012666264988420384,-0.012695693005900122,-0.011711499832681604,-0.01076459071674285,-0.011772504146654317,-0.008196546950815953
2017-12-26,0.001210653753026758,0.004699987263884431,0.009524838824829907,0.005074947972904198,0.005456768788602906,0.0053479753346044046,0.004288566758605672,0.004668673103647825,0.005352571991699806,0.00470255772150141
2017-12-27,-0.006045949214026569,-0.008490488366759363,-0.0011653160601783341,-0.006559820741031341,-0.006464691719794358,-0.007458670625199004,-0.00389303807238095,-0.0031527353267021274,-0.0059941247058741265,-0.0033806354357482915
2017-12-28,-0.0024330900243310083,-0.0020841299436861194,0.0010683105386930514,0.0014880712813944985,0.001930228294901859,0.0020859588249231287,0.0032245120670715277,0.003888682068910354,0.007612533119071951,0.009953389418159153
2017-12-29,2.220446049250313e-16,0.004813803336269018,0.006638590071057049,0.009607884416435786,0.008413388052083803,0.009555135825411343,0.007618958798371489,0.006375460914673781,0.006240619808704606,0.0034606964506720406
2018-01-02,-2.220446049250313e-16,0.006015457317926076,0.005038838616594932,0.010402788252519501,0.0076437809810872,0.009873655621108535,0.01077776514318951,0.012208767713329793,0.01758666191898084,0.019580633779864964
2018-01-03,0.004878048780487809,0.0165075531346055,0.009792122486414812,0.00781369842616364,0.009978248595947203,0.00855925777664579,0.009229167232024826,0.008593126446537092,0.008890243548577148,0.006125578581997582
2018-01-04,0.0,0.008896541087583865,0.0018534564532706188,0.0008443873046892758,0.0011084855647065517,0.002950253415410442,0.0028185976158543458,0.0031966034305472846,0.0076387760651339676,0.011301038190300705
2018-01-05,-0.007281553398058138,-0.0074632859265345575,-0.0017687256911291804,0.0012774085738240792,6.483603217066758e-05,0.0006490128711644783,0.001188789808875379,0.0022092273585017086,-0.0006610981213996947,0.0004003798062577335
2018-01-08,0.006112469437652646,-0.004949540975204281,-0.0013646356951217964,0.0005350022764787354,-0.0010488561106035688,0.0005402800266132157,0.0018902358335100011,0.004944097130641589,0.005946773410715034,0.010092405142643424
2018-01-09,-0.017010935601458166,-0.001260582971387758,-0.00026544322930843745,0.00047482984482738466,0.00023762414234296259,-0.0024278444898961915,0.0005590556125236734,-0.0006810648794796093,-0.0011000853219717,0.0010217507965153416
2018-01-10,-0.008652657601977864,-0.007443108065791626,-0.009950072513320585,-0.007646188078889948,-0.007509460669625878,-0.007460075027478363,-0.005335906506854005,-0.005758224613343299,-0.005132717130845066,-0.006555956687501863
2018-01-11,0.0024937655860350905,0.006633512328050317,0.007469288167972765,0.0043599091926525,0.006445965403392595,0.005806383529966874,0.0034734142148844516,0.00230983362964321,-0.0021421398395539137,-0.006192355878430478
2018-01-12,-0.011194029850746356,-0.004172219414638301,-0.006859023931343633,-0.005944721194006131,-0.005150253595523457,-0.005428203343741056,-0.002983877326798834,-0.0030659751056768547,-0.0025489715626811904,0.0003190842534437355
2018-01-15,-0.0012578616352202365,-0.027348242547333146,-0.026976701809803716,-0.024952175406516286,-0.025767422301948617,-0.026111762911352088,-0.022142484581993638,-0.022686897492411928,-0.023599546300442142,-0.02756623250689394
2018-01-16,0.0,0.0060975977740456155,0.004270213879951079,0.00473105133129037,0.004840810872250634,0.004788789899706991,0.004670858294265834,0.008461819146481586,0.006875042245085394,0.00881981799736753
2018-01-17,2.220446049250313e-16,0.002164759263243221,0.0017197188034026034,0.0003362987583959143,-0.002087279457121727,-0.0008713196008930391,-0.003701341845781636,-0.005119658561329676,-0.004894534055325583,-0.0027413756897145536
2018-01-18,0.006297229219143663,-0.0015702147824386836,-0.001105141529007203,0.0008044953974952751,0.0009113099458739615,0.0024374081368938594,0.0027036494224144114,0.0026023234436791665,0.006119811030736111,0.009182104354668486
2018-01-19,0.005006257822277815,-0.002998876151957819,-0.0011649689636871186,-0.0012201461560615856,-0.0012873970838237492,-0.0014974851969582481,-0.0022259785627725126,-0.002950097834310994,-0.003532165308145707,-0.002554401397677042
2018-01-22,-0.001245330012453305,0.009453765467393849,0.008475011210492323,0.00963961176052286,0.008894574680400114,0.008999488027821467,0.01186779052048803,0.0096683399925106,0.010424552153341038,0.011266543639539384
2018-01-23,-0.0037406483790524137,0.00021477502384859015,0.0016518226357198351,0.0002689794264736367,0.0006608964242797999,0.0023416899462560536,0.001618372358022313,0.0024442891232998587,0.0033365807242151657,0.0008284608252402403
2018-01-24,0.0012515644555695093,0.005554306020311817,0.008903162718804536,0.007921824778837738,0.007179138646090433,0.007301088126996369,0.005368515282742736,0.0005625281575110108,0.0019304409958071922,0.00027982948404581265
2018-01-25,-0.007499999999999951,-0.00360680534829505,0.0001488830147531317,-0.0018110115493984447,-0.0009807595004476255,0.0010192177122247958,-0.00352158600723973,0.00017935185372830453,0.00014092271063770312,0.004820566010861782
2018-01-26,0.006297229219143663,-0.002819676091570078,-0.0004197803735298544,-0.0009232608151095167,-0.0010342741743958328,-0.0014224344325363125,-0.0013025324280648842,-0.0010920318577649635,0.0011757878557565604,-0.0031102194971852626
2018-01-29,-0.017521902377972576,-0.012273927700624299,-0.0130197908793791,-0.012752780254583485,-0.012751437774408236,-0.013883792520911653,-0.013709328824450084,-0.010542394866448035,-0.007019730839013638,-0.009321268274771977
2018-01-30,0.003821656050955635,-0.0030480594850594844,8.778005511089759e-05,-0.002454792476743184,-0.0020985851464521144,-0.0004522979765027024,-3.756056959314247e-05,-0.0020110456970672264,-0.0058272019073575265,0.0010696535913814476
2018-01-31,-0.0038071065989847552,-0.031278916875941865,-0.028279636366760563,-0.028397974280370608,-0.020910024498149493,-0.02267120244085874,-0.019437923057617823,-0.0175926920989804,-0.019489792953707452,-0.019261651097268073
2018-02-01,-0.07006369426751591,-0.05675583467831724,-0.04031909012655355,-0.03816570050006585,-0.04012498079456284,-0.036772510002126335,-0.03716932609808454,-0.03908400681475699,-0.03713600323212707,-0.029564742872252414
2018-02-02,0.0,-0.012357226072172156,-0.012626989756628793,-0.006603879339438068,-0.006037922174381594,-0.002095403220503833,-0.0030108593669994077,0.0004203294167128835,0.006237367601584776,0.00808013702563648
2018-02-05,0.0,-0.001219531468794277,-0.01079227272681127,-0.006405731056362662,-0.005154236887316976,-0.002301370303966155,-0.005713591873268364,-0.0015403880083010302,0.0026581984909934686,0.0008557022010984294
2018-02-06,0.0,-0.04764529980180343,-0.047187700995683146,-0.047335086451312014,-0.04500595859781187,-0.050666826920696684,-0.04908433663988576,-0.049778887431509156,-0.05374928412244406,-0.0495965898801316
2018-02-07,0.0,0.006024388101522948,0.0025510182090158207,0.003230488825977984,0.0008379112008176648,0.0012930555103285446,0.0014063522958354113,-0.00044078717089823805,-0.0028626638507620594,-0.0034912008872340916
2018-02-08,0.0,0.0054712967528705025,0.01333519774887404,0.012578096286929519,0.013184571241484644,0.010143077025441594,0.011893794231940813,0.008838134511329532,0.0056952551976645616,0.004904413902494964
2018-02-09,0.0,-0.03481614377779263,-0.02665892495684652,-0.02997276954842598,-0.027282275240650633,-0.03126964473688898,-0.0329869619975699,-0.03629104074319178,-0.04320309987986681,-0.03729448431013338
2018-02-12,0.0,0.025336944271062256,0.024154125915602398,0.02358303888133184,0.023888494618383493,0.026195587310754886,0.025014357660098074,0.025080574214255025,0.021553219727112882,0.025392207302831427
2018-02-13,0.0,0.004040406040903832,-0.0005051985557458227,0.00010946114560383968,0.0030884052200510492,0.003529897536997062,0.004564754807719895,0.004691898098641234,0.004614415793611437,0.004722320928244761
2018-02-14,0.0,0.0036934095456131466,0.0010678573939328917,0.003477633033733163,0.002749692448265062,0.001968399758983441,0.0024795467253209136,0.0062336566403122795,0.007103248208393698,0.014685643888969313
2018-02-22,0.0,0.014025746340969869,0.01688950832470204,0.016002096694545997,0.015637525925814577,0.0190733021041527,0.0177928534039824,0.01951605334556783,0.022869083647094612,0.02007972806011238
2018-02-23,0.0,0.006569579040190954,0.0019808392428271038,0.0033395937718048163,0.0012771243985174596,0.00327988367340315,0.002621563683080197,0.002853262373596177,0.006492361318816364,0.005672427582324557
2018-02-26,0.0,0.02212488749470065,0.02679941046640355,0.02390891244981952,0.02001511364748998,0.0197886138992176,0.020420500449203516,0.01780971005979959,0.0215385943454236,0.018313784783848597
2018-02-27,0.0,0.0065349934022349565,0.007433919160375613,0.004004659918600106,0.004232885733426617,0.00035098636628960733,-0.001961332614060618,-0.0044185150639418636,-0.005135110201138882,-0.011923468592619724
2018-02-28,0.0,-2.324799402608768e-05,0.008150252716495165,0.005243756537467004,0.0027979055109759177,0.0022043300945919775,0.002388392625118696,0.0032706824637656062,0.0019761352732450277,0.0005730247644821773
2018-03-01,0.0,0.025780141989716787,0.017655339927655778,0.015864010631017944,0.014851364785201326,0.014478596363220131,0.012705899816713995,0.009438948258296831,0.010318955745044045,0.004546549479468531
2018-03-02,0.0,-0.0004035502765257215,-0.005171688398193264,-0.0032113578594971104,-0.0018901170669678447,-0.004786722050301506,-0.0049098603545693065,-0.0040470194900716905,-0.00822892005420528,-0.00998399949436568
2018-03-05,0.0,0.008210313493918875,0.008287080560118287,0.007839410705564154,0.007778586957305267,0.003696161365620787,0.00365456782426965,0.0029431751060624567,-0.0032330352709531995,-0.008237724930497015
2018-03-06,0.0,0.005608769386669765,0.006441092399009696,0.010438319155582132,0.008996247985860517,0.010854711866320033,0.011278444110691233,0.01303931273193526,0.015468851810656492,0.017159676043003058
2018-03-07,0.0,-0.008226178061866207,-0.00696056111090515,-0.007979942174406784,-0.005037878017028041,-0.007074133957221451,-0.006431766393611982,-0.006898784352458387,-0.008358122664522627,-0.012395330186843578
2018-03-08,0.0,0.0064858836872490055,0.004949455039997552,0.0063743179026078955,0.006524711255661675,0.006668343722539438,0.007155491290426141,0.007624158650373358,0.00622426537571652,0.006350458703743955
2018-03-09,0.0,0.015694399962566496,0.0200992518470422,0.016969269482001392,0.015392501663366476,0.016000743423255415,0.013269478122578837,0.012021612753898347,0.007478815265935745,0.007846030758563272
2018-03-12,0.0,0.017722677541667897,0.015190527096649031,0.015340475327586978,0.011691499938770056,0.014295078871338518,0.014380836940735442,0.014037505038095421,0.015881490299296086,0.013046423959754527
2018-03-13,0.0,4.1314329389807725e-05,-0.005845937186877426,-0.0053371040233172184,-0.003763264116596221,-0.005553176985180874,-0.004366736872487009,-0.005316791297268142,-0.004330235808766791,-0.007287829211018004
2018-03-14,0.0,-0.013541990705518203,-0.012057416922329867,-0.011064085975519,-0.011916594929574531,-0.011405367939996136,-0.01041240045988956,-0.007612807475248506,-0.002815327893155306,-0.0006357730997056388
2018-03-15,0.0,-0.01685228686921303,-0.0032601438022004103,-0.004577718973286737,-0.001397993814245324,-0.0023320349734153867,-0.0016335226750964216,-0.0037986793203573788,-0.0010119483743875612,-0.003594081299419738
2018-03-16,0.0,0.001984915805758325,-0.004051976035228333,-0.0013617833482725272,-0.0036700441956437624,-0.0029888037649036248,-0.0020519109920952294,-0.001480318241758094,-0.00599941502838619,-0.005571545831028923
2018-03-19,0.0,0.005130000092990139,0.004392634565848708,0.005380590060948487,0.002556999155968187,0.0025483211861254684,0.001542193749421772,-0.0018853682761490465,-0.005422840795440087,-0.0074028091165273535
2018-03-20,0.0,-0.0016396442787551813,0.0053983663132757265,0.0016594627024937303,0.001439801890048109,0.002652701768960597,0.001972865581931549,0.0017935102651536194,0.002814224891219963,0.001700444135799506
2018-03-21,0.0,-0.007632300016913618,-0.008696781109487906,-0.007877280818118115,-0.006754888433724182,-0.0061068153886489895,-0.005848026953724772,-0.005845317865708632,-0.0035551440243398735,-0.007139177626666382
2018-03-22,0.0,0.009532075063703793,0.004215829179422981,-0.0018120815802961099,-0.0003324467773498929,-0.000623270797412756,-0.001949282971140942,-0.0010423177223254365,-0.0015145653827259853,-0.003315501861186454
2018-03-23,0.0,-0.05922911631160199,-0.0461551096368652,-0.049981424406172814,-0.049881420668927645,-0.050831002163171046,-0.05181259258797233,-0.05137601554028548,-0.05199659666362699,-0.051038993219310824
2018-03-26,0.0,0.01267308180859894,0.022310094205537423,0.017963957470410463,0.015112434086854254,0.014829316418618843,0.0129576186275695,0.009927920963270775,0.010655553897437331,0.009437607519151348
2018-03-27,0.0,0.02881389419666691,0.029002433669273353,0.024087936161055534,0.026443525738865548,0.024336923834610724,0.022830953339153748,0.02224208814716766,0.019634559577685007,0.01598964385519963
2018-03-28,0.0,-0.0072037598883331055,0.0009702813715586345,-0.007529045673795753,-0.005719636981029508,-0.008020737141585799,-0.009736235597175291,-0.010254757027371664,-0.010805456422622317,-0.014692267285299598
2018-03-29,0.0,0.01478789383670609,0.00429785118513637,0.006611593822750672,0.00657674806399644,0.009357193569854205,0.01060376897446158,0.008708415191690744,0.012393951920076418,0.018484795446736202
2018-03-30,0.0,0.017849352519800465,0.01913825749708553,0.01793375513312001,0.017472700759935567,0.015516275297273063,0.012315772111269663,0.011312094373945536,0.010647881727536612,0.00705752132532278
2018-04-02,0.0,0.001742914956863073,0.005302855884384172,0.00794800898721082,0.003074581759125561,0.0038638300884601406,0.002915920698462582,0.0022697468502763662,0.0040521824020713915,-0.0002057513451373394
2018-04-03,0.0,-0.00265002156497407,-0.008110462558043041,-0.008036106988928982,-0.00909685649079306,-0.008952082515406135,-0.009616485771813066,-0.009792212996364014,-0.01010393064963755,-0.01268172767805742
2018-04-04,0.0,-0.004309098473487927,-0.005244223438299445,-0.008118548844977092,-0.007594484095576615,-0.0060615704207276355,-0.005028860831220561,-0.0050500479551420785,-0.002907897606811871,-0.005811547834539854
2018-04-09,0.0,0.006587532398256268,0.0031730968976997342,0.0018747510570273906,0.002036278665628277,0.0005527689328874708,0.0030609712453375515,-0.0014790947905771734,0.0003073987314583526,0.003264579186169181
2018-04-10,0.0,-0.007319971864368391,-0.004792077330444955,0.001226131493889504,0.0014179566878438354,0.0029102763387487407,0.003659067322176801,0.00476627449712641,0.0056367137864741235,0.012001303511342654
2018-04-11,0.0,0.0031011200366857228,0.007324375524734306,0.0020357436530853423,0.005168755356175225,0.00625688267505442,0.005186709148223834,0.002273968651204772,0.005166503856664839,0.004316254910364359
2018-04-12,0.0,-0.010649338433202038,-0.006201720316279413,-0.004658637450959846,-0.005548038420847612,-0.0065091022497711926,-0.006691958563821432,-0.006235194996682236,-0.006682802973681956,-0.007497190054864711
2018-04-13,0.0,-0.0010284975688743536,-0.0023941557659895585,-0.0033566636987457654,-0.001112501387317777,-0.0025931243218507705,-0.0025628055179428566,-0.0030265218870064725,-0.003530802062456151,-0.004388544577336062
2018-04-16,0.0,-0.007083770511654652,0.002090673048722902,-0.003983914746751638,-0.002576899395537069,-0.003495432147381461,-0.004675146717047829,-0.00704340098060241,-0.005770548265288444,-0.013056664871587631
2018-04-17,0.0,-0.023840240745635843,-0.018846771302183374,-0.02181020126285982,-0.022313556209090923,-0.022457454613969086,-0.023187228746081145,-0.021820561851027098,-0.01827874541669916,-0.016303349162380854
2018-04-18,0.0,0.012204869778225547,0.012142723979311043,0.01239850112557539,0.01345466976816967,0.012385972608024431,0.011060558664182096,0.00602387132902682,0.009531792166303621,0.004623801258049509
2018-04-19,0.0,0.008623152745527607,0.0008169749600841492,0.00253411511560242,-0.00017118384756065197,0.0019616304292948694,0.004092225685345063,0.006419361986212291,0.00784230654041429,0.014680687254007063
2018-04-20,0.0,-0.027192670434098898,-0.023511526258868876,-0.020093207506340804,-0.01911484842692379,-0.02016890123381998,-0.02059538337799316,-0.020019925594932597,-0.021632789995816193,-0.023681292810283194
2018-04-23,0.0,-0.004488796031753783,-0.014821788123974056,-0.009519326247812598,-0.010626054203779267,-0.011504820509855906,-0.00568003466446243,-0.005932725538225214,-0.0066992037880226896,-0.0032404399319315713
2018-04-24,0.0,0.020176582210456262,0.018171713798378564,0.020986853734519473,0.021312084664937725,0.0209385569605256,0.02289251411767035,0.018734377299061133,0.021661923686818962,0.024638664288969325
2018-04-25,0.0,-0.0003141802372336189,0.005201753444407542,0.006405358619974377,0.00503902923128452,0.0026043615376096785,0.003565583869609812,0.001432744080568149,-0.000522663272172097,-9.930865699703251e-05
2018-04-26,0.0,-0.017354216261038835,-0.01596507253661228,-0.0194554580416455,-0.01871042273500856,-0.017963443165721626,-0.01848349256501891,-0.018948386970952358,-0.01430063500303913,-0.01807340865574103
2018-04-27,0.0,-0.004501194121893315,0.0047853497509344756,-0.0010189477922375456,0.003527547019903432,0.0018236393279775776,0.00470083950493283,0.002339285212753728,-0.0008358814634273903,-0.006208010153012422
2018-05-02,-0.10000000000000009,-0.01435295765296718,-0.007667539008816782,-0.005716405477406594,-0.006349547873388595,-0.006270331682665553,-0.000511299261866216,-0.0033136863799755334,0.0011595689889603022,0.0018934407830151212
2018-05-03,-0.05479452054794498,0.012969077764420467,0.00646715132895892,0.007622342159965267,0.006970893621496499,0.010664335379618972,0.008108503481691676,0.00873961399096368,0.008628064404335722,0.010104188533852199
2018-05-04,-0.0077700831024931595,-0.008125291038717692,-0.006787665133685178,-0.007983643890757614,-0.006663935570541597,-0.005387904431090316,-0.004142273902243878,-0.00546866815150929,-0.008461224890716027,-0.006751845298863445
2018-05-07,0.012777777777777777,0.020953757203947543,0.021738217844679886,0.018018764370960838,0.017774362415210243,0.01828860997513715,0.017068771636286062,0.016316658506619452,0.016654024394317846,0.016607227257066315
2018-05-08,0.030718595721338282,0.0166775051802468,0.012393591669591641,0.008836630655004507,0.00799817933931024,0.0056863955076977835,0.0060168276888177274,0.006587613650066881,0.007351354123023235,0.004232303883748401
2018-05-09,-0.001064395955295283,0.003540973973345185,0.0026071367104054666,0.004361634845145623,0.0012554728928646508,-0.0008182045353399836,0.00019077626569652395,-9.320703302473365e-05,-0.0005423056898183898,0.00038552187769691493
2018-05-10,0.05487480021310609,0.010352745957462606,0.0008838072622618931,0.00653008949488143,0.0048200864241967345,0.006281199488433531,0.005850604291856243,0.0030190902203852676,0.0045778566632361795,0.007189076817679885
2018-05-11,-0.04444444444444451,-0.01655275597384198,-0.01710059406045472,-0.015212104242400493,-0.013717368138991604,-0.010463076968772134,-0.012397994563246084,-0.009847280392238478,-0.006148524058052884,-0.0078692326657116
2018-05-14,0.016913319238900604,-0.007239210281934527,-0.008621352211977351,-0.007430945872925587,-0.008658202041329943,-0.006291288923006344,-0.004936558210469899,-0.00834286757511793,-0.0041593695773300965,-0.008235275091627692
2018-05-15,-0.008835758835758933,0.014304420042233312,0.009878157195327253,0.011239283718287973,0.011978126311608994,0.011151418740206198,0.006509310857922834,0.009055983564806747,0.00728437168695284,0.00993897217343509
2018-05-16,0.01573151546932361,-0.007750246658666193,-0.010241241866726147,-0.006461379086931784,-0.0062680722519981025,-0.004269829824712357,-0.0023198303166104273,-0.0025852312365063357,-0.008043695463528566,-0.0026852604269442804
2018-05-17,-0.004646360351058365,-0.005279564802932346,-0.0027654226654023617,-0.0028211082797293674,-0.0053762362556979415,-0.00548024736781727,-0.0022596210999928923,-0.0030428891840178496,-0.003401961918107377,0.00041148334798402075
2018-05-18,-0.008817427385892196,0.008589060902006063,0.007651009764400474,0.003274448954668774,0.0039959330349876865,0.003380902465179636,0.005881752342202784,0.004440436159825367,0.007188864872082812,0.009796233152473244
2018-05-21,0.006279434850863463,0.010901240299198811,0.014097122496725456,0.0104705047519138,0.013252681307806657,0.010852934285084048,0.01104726024625724,0.012049723958260428,0.013154295959781459,0.014407011997024322
2018-05-22,0.0114404576183047,0.014627116854694089,0.004495704976301473,0.002651352619129188,0.006252389473680786,0.003149638287798906,0.0028786981336372808,0.003680324917046507,0.002258015011130654,-0.0006420371152733306
2018-05-23,0.03084832904884327,-0.018377888127114494,-0.011086742269948768,-0.011559454738791941,-0.01225332859370043,-0.01058035571556637,-0.012022345058457895,-0.011652272675369502,-0.01374524053465842,-0.022291209226919295
2018-05-24,-0.013466334164588534,-0.004125990020973025,0.001728121591726417,-0.005837998273440115,-0.003612514440771819,-0.0027140827793400435,-0.0017931570417329956,-0.003927929953405185,-0.003317307735715591,-0.002007089780527771
2018-05-25,-0.02780586450960565,0.0034353576904591065,-0.010396139616895339,-0.01133827684152433,-0.009981656596180999,-0.010290332806281555,-0.011076121567429986,-0.01108768641410629,-0.011172544302023857,-0.010767902902226512
2018-05-28,0.0998439937597504,-0.01687385265116781,-0.01589591572745719,-0.009864579619777492,-0.01237771959676559,-0.007905057341242694,-0.010468454528778204,-0.004729341957993571,-0.009311000091112631,-0.0056543219597255945
2018-05-29,0.10023640661938549,-0.009802903005906471,-0.005811185047840062,-0.01029117583263639,-0.011533337801999055,-0.011215182096498855,-0.008594484743509545,-0.00922598356673121,-0.006900950822135599,-0.008248912345330317
2018-05-30,-0.05500644606789862,-0.05860144979010107,-0.03989824957968002,-0.03846374211318615,-0.03631498249707332,-0.0399611387124198,-0.03361496335556757,-0.03429695048166004,-0.034364965663827185,-0.04358986460188963
2018-05-31,0.10004547521600715,0.016401280036745014,0.014888115562714521,0.014017349308461213,0.014763867538100106,0.015070456985695424,0.01843490946709836,0.01710359554402352,0.016421233589091644,0.015593154070810078
2018-06-01,-0.024390243902438935,-0.010282648678403894,-0.0137153815999429,-0.011567230066742207,-0.012346725830789884,-0.011655875810661298,-0.011945236088303224,-0.010710654942508002,-0.007153175230542708,-0.002295996008487511
2018-06-04,-0.0762711864406781,-0.00235139432650755,-0.0034174608313010113,-0.005067080265669044,-0.0015951788018622182,-0.006149157569901864,-0.002481850309247635,0.00017337125272964826,-0.001810181713240544,0.0037188191168529006
2018-06-05,0.006422018348623881,0.016980115640265803,0.014485164201077039,0.016218491902468157,0.013987433221052559,0.017118220636096027,0.012888089011664938,0.012830423283285208,0.010960677363452742,0.010542574778545033
2018-06-06,0.07566089334548765,0.0006705454851854142,0.0013244452887171132,0.002179254387531193,0.0012538093527021399,-0.002075673041301962,0.0011310687945531583,0.0004170959701821353,0.0023695436706097084,0.0027535318961693367
2018-06-07,-0.045762711864406835,-0.014803024150411459,-0.005986016223104018,-0.008769454816137112,-0.00962632148254905,-0.011521458340891688,-0.009027019509886047,-0.008804184921010427,-0.005366113808042194,-0.0041372243909302275
2018-06-08,-0.016429840142095697,-0.020118105089387495,-0.007736737099100943,-0.014489661017513145,-0.010957357461061301,-0.012529700118553144,-0.013473093818562543,-0.014362140391606215,-0.013631138080728022,-0.012982642850032255
2018-06-11,0.10022573363431153,-0.0016403904415744908,-0.0033044161810904527,-0.006713092269030496,-0.011534953245733948,-0.009104695398716056,-0.009379990804141092,-0.007458674305640733,-0.005367186508375754,-0.0042203408452934355
2018-06-12,0.0004103405826836326,0.01443466689074624,0.008916431522672186,0.0027043141195397524,0.0061008240364928135,0.007908745515427196,0.00782158171128744,0.009193838153965794,0.0042208574863566994,0.01331256079590859
2018-06-13,-0.0209187858900739,-0.018935060610562715,-0.014936356843846088,-0.01714371184817487,-0.01834662322229985,-0.018405987025494452,-0.017171732896433478,-0.015636037007278225,-0.016936858452451853,-0.013748080948104868
2018-06-14,-0.042312526183494126,-0.008563758555774958,-0.006655616789482233,-0.00298982239167489,-0.005940455038365378,-0.005429863403235258,-0.006537427338689339,-0.006434494522261303,-0.0024265699757017867,0.0016225682610671033
2018-06-15,-0.10017497812773402,-0.028476779466847235,-0.03477352497452357,-0.02528621398557529,-0.024274484491422,-0.023464474255476042,-0.021273071592043835,-0.026382144718310907,-0.018885125850099493,-0.015028159568155397
2018-06-19,-0.10014584346135158,-0.08254416632178208,-0.0745908694789219,-0.06944518426877277,-0.06807705436198086,-0.07108291591247873,-0.06594340631717932,-0.06918765732589527,-0.07109065163591088,-0.06544954293189298
2018-06-20,-0.0075634792004324325,0.007946340650770933,0.007559500952799336,0.008279040505460022,0.012342150433052312,0.009169592662267245,0.008521287300054414,0.009559679568178714,0.009950525421305922,0.014067168825618204
2018-06-21,-0.09961894393032089,-0.036109056634894054,-0.034102396423461245,-0.030871686547029098,-0.02720062864245698,-0.027021658764844858,-0.02253538207641559,-0.02226004536135795,-0.01860595353534611,-0.014605742461555438
2018-06-22,-0.010882708585248091,0.012123631280191782,0.010624602880833889,0.013731015523553491,0.01613420393548215,0.012015931875127839,0.010243644202309277,0.012361143627026339,0.013592408281291268,0.016184091885280028
2018-06-25,0.0006112469437653534,-0.0010551845400379456,-0.004380992412979179,-0.0019649893895201664,-0.004049419266709431,-0.0026344721259417003,-0.0031095320169559626,-0.005460535184240722,-0.006318754819001349,-0.006761527464517747
2018-06-26,0.02260232131948703,0.008298201819854967,0.01656826477985396,0.009230589093703223,0.01011079713208396,0.010564598642552214,0.007085427202865757,0.006178710570466928,0.002692656176563224,-0.0025585971204681313
2018-06-27,0.03524492234169663,-0.006611695928582795,-0.0048699847260560425,-0.007212390321049256,-0.007768345162366352,-0.005863224594222505,-0.0066314859060905285,-0.005793297503381978,-0.009569241654503124,-0.008022729222871394
2018-06-28,-0.04731679169070979,-0.02115721778706192,-0.013365182886577287,-0.011216386020178715,-0.010795490095609095,-0.011290472373429616,-0.011835405980903602,-0.008955214925993382,-0.009869965241164125,-0.011861722616197001
2018-06-29,0.029073288915808515,0.03656541860366658,0.031131404754142,0.028133443867051744,0.029930895537776392,0.02874766801782691,0.025749040543257218,0.02773862374003988,0.023559888739923984,0.024469782578508292
2018-07-02,-0.01353737492642737,-0.00777842845807597,-0.01060056822090405,-0.01102591180398338,-0.012923578380915512,-0.013762405545404865,-0.013101375074431876,-0.012800362791765774,-0.018976057631187926,-0.02055519111632942
2018-07-03,0.028639618138424527,0.0257748915190672,0.01965881828921856,0.014356852263675002,0.011625233121115519,0.013991300004978724,0.011587166597164966,0.010019006022625954,0.008289781351244807,0.007054200386809262
2018-07-04,-0.04118329466357318,-0.03000631396331277,-0.01919627365358545,-0.020375656555541632,-0.020468978544668892,-0.018006211966781094,-0.01565098910066609,-0.01538685879058943,-0.010244703367859653,-0.011410427441665982
2018-07-05,-0.05263157894736825,-0.03118245951740173,-0.02809604204764382,-0.025170495717359187,-0.02678775263322475,-0.028353845923328458,-0.026582568589977873,-0.027343481997187835,-0.02860574806691274,-0.027221212335152734
2018-07-06,-0.004469987228607919,0.003928747076333616,0.00335542591100757,0.0038791166792004894,0.00540659496269158,0.002850360966574872,0.0018066246859036461,0.00339567793521911,0.0018175353945659722,0.002552089272212843
2018-07-09,0.023091725465041568,0.02636479887734544,0.019968117347289427,0.016983372868475177,0.017378693812627244,0.02263448575798055,0.020758234494703043,0.0219841895650843,0.023668449151245996,0.02259838517514967
2018-07-10,0.04576802507837008,0.01691761011292181,0.006008867179245314,0.0067982110102053905,0.005731671972048602,0.008229801328137443,0.006403050832672896,0.007843204072605303,0.009694309973737214,0.009941722382780904
2018-07-11,-0.02458033573141505,-0.02550856213961017,-0.025169732466726935,-0.024086783081694763,-0.02301477276558317,-0.023972827106179317,-0.022469218124243073,-0.021515344356847765,-0.02287671769704036,-0.022258683512161537
2018-07-12,0.02458512599877083,0.027123178024543115,0.026505306698231257,0.025651761161737507,0.025951987357789363,0.024065299268012375,0.023267679039504774,0.025476302621338487,0.0241213553050994,0.021763964053422846
2018-07-13,-0.010197960407918538,0.0023305733970839793,-0.0006595158751919739,0.00303256238564531,1.572525629378596e-05,0.002691848389382079,0.0028770103658530832,0.006687431916513997,0.00505188788117894,0.007191511001652273
2018-07-16,-0.007878787878788152,0.001556287729233885,0.0019817783841082903,-2.4698981346049642e-05,-0.0009263750333076137,0.00013225497831981237,-0.0005854569490301165,0.0017498589105406914,9.597368887925839e-05,-0.0007304227429795196
2018-07-17,0.010384850335980467,0.004332955513675296,0.007481986466750135,0.0018248992458789193,0.0036539335456517996,0.003602169425135804,-0.000171938435766128,0.0014611352683373546,-0.00044303579856797004,-0.001645185151514017
2018-07-18,0.010278113663845234,-0.004463947670529378,-0.00469354392960597,-0.007214561215606596,-0.003288470911478991,-0.005630719283530761,-0.003491830515685135,-0.004359078442625397,-0.004815473559053096,-0.002630867734822462
2018-07-19,-0.04787552363853986,-0.01157469096377739,-0.012616835073867572,-0.013444096322208554,-0.010646651302093968,-0.012650062757992742,-0.010407791213935425,-0.007955101367727369,-0.00599117272634353,-0.0055322570243528935
2018-07-20,0.015084852294154683,0.01186919475017656,0.012153379063534864,0.01079969368086009,0.01188677434257035,0.011700055807886134,0.010116650985278142,0.008981405053902547,0.010099120354720936,0.010452199256372863
2018-07-23,0.00804953560371513,0.009358437149255883,0.009667592116838764,0.008509567275930108,0.008611380632717713,0.006103497420805626,0.007131046408695996,0.007438383621304334,0.01311935040700063,0.015425011784384157
2018-07-24,0.02149877149877155,0.014761838756296664,0.013181373350767966,0.012954173802916191,0.01615536620207636,0.017011251487889956,0.017422302791396227,0.01739882620434563,0.021389990619066657,0.021141315851400222
2018-07-25,0.0036079374624171656,-0.0026540709811186947,-0.002903115794835709,0.0021653614994288084,0.0009761388955300543,0.001161403484072565,0.002422649163518642,0.0030498034946562225,0.0032637920786908747,0.0046510632946954455
2018-07-26,0.004793289394847022,0.0005137407786099946,0.0009953293504956218,-0.0016702681868514535,-0.0033320936864520423,-0.0010431130468794292,0.000506977688861987,-0.002582921425766549,-0.00043424884170950584,-0.00035457585340059605
2018-07-27,-0.013118664281454917,-0.009589829020167029,-0.012662887355049723,-0.008591094952226208,-0.009082611373019134,-0.0029711852539529016,-0.0024501034064438043,-0.0028825759862632916,-0.001630348310633578,0.0020458026875518343
2018-07-30,-0.016918429003021207,-0.01083022939840772,-0.019984508761817565,-0.014666372632060165,-0.015355840863096604,-0.01712806515257903,-0.011575571308682142,-0.013499932341187737,-0.007991283688690953,-0.0031695987959333705
2018-07-31,0.006146281499692874,0.00617314574160166,0.002858052159448121,0.0020791445291967747,0.0012373368619291725,0.000420028228171887,-0.0005927606271259878,0.0017363977205060444,0.0006936307259812757,0.0011193316487052574
2018-08-01,-0.0012217470983508782,-0.018375706043534223,-0.017250938932155124,-0.014742039957516773,-0.01623267471426959,-0.01567899401466677,-0.01353229927314803,-0.01490963407925916,-0.013563858809457208,-0.01578071158392902
2018-08-02,-0.06116207951070318,-0.036391718825820596,-0.02874886390712117,-0.026883486235057985,-0.02655215711858938,-0.02582108878624645,-0.02294641400374453,-0.02285699683485032,-0.0203283707677564,-0.018435315660977336
2018-08-03,-0.03583061889250816,-0.011346249196090952,-0.014388477178586045,-0.010921009669759174,-0.012075499473788054,-0.011182385874152989,-0.011276054233751442,-0.01159978624795377,-0.008213425439992261,-0.008573330753435027
2018-08-06,-0.04729729729729726,-0.026565256789117697,-0.01804119808234861,-0.017026952400704953,-0.01908681984042848,-0.020371896449122295,-0.019164519214911913,-0.01925626299849925,-0.01582110746594223,-0.013472315401920731
2018-08-07,0.014184397163120588,0.016654771989565775,0.025263790634857397,0.023964326407424297,0.025503745632355912,0.025515158682354322,0.02556228107530245,0.02865596499583356,0.028593952046686688,0.03178591050190471
2018-08-08,-0.03846153846153855,-0.012448962930959206,-0.013331594515048173,-0.014246742837685122,-0.014690149170655031,-0.01424734550488127,-0.011781300908106251,-0.012560183604926722,-0.011647899719063437,-0.005848421213289767
2018-08-09,0.026909090909090994,0.024653080037530195,0.0247091748328776,0.021530971207674554,0.023852949344644436,0.022145815955076253,0.017781180594421242,0.0203185614926662,0.01756466524347533,0.014405980906035731
2018-08-10,0.01487252124645888,0.0069139480447992785,0.003978821039024805,0.00457238466724097,0.005602622851450523,0.006559737192596726,0.004217657344306014,0.0043311181566652035,0.0027162046102460202,0.0024533634905621327
2018-08-13,0.0013956734124214165,0.002863163991315032,0.0018079106310884274,0.0033200714488810235,0.004081933224793888,0.002547772385112168,-0.0007671518283501877,0.0021904430076185033,0.002859601465958317,0.0016373598493859554
2018-08-14,0.014634146341463428,-0.003834722724688877,-0.0007146755558924411,-0.0014911637280584644,-0.002003705870342598,-0.0007825781448211888,-0.0009698403168376668,-0.00020570295410271555,-0.0002445799883989963,0.00010735356033930721
2018-08-15,-0.02197802197802201,-0.020259505809274048,-0.02108010899131485,-0.017254678988292804,-0.020493062251120353,-0.0180952001825061,-0.017923687699090585,-0.01836897437012508,-0.019332446890596766,-0.019020697754497884
2018-08-16,-0.0217696629213483,-0.011284434835489243,-0.006902397292034457,-0.01104494454139704,-0.010349719874979346,-0.009582026614080918,-0.011568476147506779,-0.010085194505597639,-0.01226503140403945,-0.012422715821245989
2018-08-17,0.02081837760229721,-0.011581414836134174,-0.019621317863860344,-0.01555906701084564,-0.017663355289763483,-0.019156910504191882,-0.017531756129326226,-0.01581618240017768,-0.016001973137104608,-0.01250771750979407
2018-08-20,-0.04289732770745436,0.006438680063644675,0.008004522409628567,0.0050725770707900075,0.006345969917057825,0.004391107754734502,0.004097954910645019,0.0032033295780802273,0.006307625786505788,0.006924986013536527
2018-08-21,-0.005143277002204183,0.01601207013847228,0.01185723819506701,0.008819818551396796,0.010389428518363442,0.010708493391685225,0.013051115897284804,0.01253233360620909,0.011417962364371315,0.010426627472130745
2018-08-22,-0.013293943870014813,-0.009450230741103294,-0.01148696014976236,-0.008803743754256077,-0.012733252249458094,-0.012112370809192807,-0.008614877252870579,-0.010144823022486205,-0.010070798901731126,-0.007792781523386028
2018-08-23,0.01272455089820368,0.00872752876006544,0.004485142962775912,0.006206624845128905,0.0066313063482901224,0.006930599559318518,0.003624535651435057,0.005168381589766513,0.002003157798899702,-0.0006566224721128444
2018-08-24,-0.0014781966001476965,-0.004479923687711662,-0.005597854085714005,-0.004006621297137247,-0.0036475392434875964,-0.0023179606786917217,-0.0022843575484764456,-0.0029356381358190964,-0.0018406327130607858,-0.0031720452931364163
2018-08-27,0.015544041450777257,0.01965363656781749,0.020740884153633177,0.020359491657048645,0.020394017207963744,0.0207668060672892,0.019432767839041354,0.019961913011446564,0.018936093528565623,0.017519378986096124
2018-08-28,-0.0007288629737608465,0.0005056891929033913,0.0017958899873333767,0.0016595177586240517,0.0018779546874378994,0.0028569734589178886,0.00032220366479918106,0.0020748609364003023,0.0025623169784383393,-0.0014748169403689948
2018-08-29,-0.003646973012399801,-0.0026804674267711937,-0.0031904329812713073,-0.003170004984075714,-0.004938976527839145,-0.0058664950885564116,-0.003177429380112673,-0.005016699361197308,-0.005589093846143478,-0.007507210201671888
2018-08-30,-0.026354319180087793,-0.013441941538559932,-0.01968627398485856,-0.014336662588524729,-0.015278033963798898,-0.015123218445283415,-0.013932768655980254,-0.014868021915978358,-0.015804052519846512,-0.013930876768237677
2018-08-31,-0.0368421052631579,-0.013998043269531357,-0.01355547583492378,-0.01131990550490869,-0.010096365727141343,-0.010177735960372747,-0.00967260163646555,-0.009324214296888234,-0.009856140098630117,-0.008743197861243446
2018-09-03,0.030444964871194413,-0.003425843163793574,-0.003661268144166896,-0.000908000149629995,-0.0004219740437799713,0.0010459005297251966,0.0005946626124881949,-0.0006459823772837492,-0.0005089991729030352,-0.00523527870797913
2018-09-04,0.002272727272727204,0.012705322111126849,0.014027620312704103,0.013781354269414958,0.012089662238362164,0.011623959410452356,0.010507698022746759,0.009388067960254709,0.008760905442226408,0.010161251447034392
2018-09-05,-0.005291005291005346,-0.012377772442425994,-0.0138327588656032,-0.011870727760941446,-0.013240289734748112,-0.014429198007910427,-0.013788568717905236,-0.015141162168441857,-0.016844484657178915,-0.015326078619957939
2018-09-06,0.005319148936170137,0.006521566902722986,-0.0007816468238500685,-0.0023058440263257207,-0.0030123449732043506,-0.004249015131734146,-0.003389900563622761,-0.0055394696749131445,-0.006216427445531858,-0.003849554641767172
2018-09-07,-0.013605442176870652,-0.004621564944052081,0.0025226390433035206,0.002385733597069395,0.001039727283422387,0.0005336471141637045,0.002420834664261573,0.003299091536792531,0.0047295686914541335,0.005739393613595656
2018-09-10,-0.02605363984674325,-0.024577256669556236,-0.022131081962414645,-0.018185159858425504,-0.01934578263030018,-0.018401514859613277,-0.016931001465282036,-0.01850012907824472,-0.01926628001962738,-0.016190401283864286
2018-09-11,0.00472069236821393,0.007638085315730514,0.005305415398359159,0.004217516235811791,0.004727892119539279,0.0026957483679714844,0.001210623547392986,0.0002970287337111799,-0.0011804510076909303,-0.01018240283546723
2018-09-12,0.002349256068911565,0.0018344467784110474,0.004488425409940211,0.002660109621057005,0.0002612693001498023,-0.0005717692877067471,-1.2957549958336756e-05,-0.0021442174316146367,-0.0010902201311814297,-0.0031277144480508223
2018-09-13,0.00390625,0.009352058702526422,0.00972571706319103,0.008570241173361248,0.007392169633747558,0.008835287093496902,0.008224933674835233,0.010114418764516131,0.009370324718272816,0.007391609861502557
2018-09-14,-0.0007782101167315147,-0.014237512008589026,-0.010551991071619415,-0.009228136971662693,-0.008902321244634193,-0.008343400567586867,-0.007782885910820103,-0.008015320769030443,-0.0052356005990785714,-0.0029431717688070957
2018-09-17,0.010903426791277315,-0.019654290278611986,-0.017623151772484746,-0.013160476614412553,-0.014090043029849175,-0.014570579007780915,-0.01472767544325193,-0.014148210301523467,-0.016310217522754633,-0.017005225405867352
2018-09-18,-0.01001540832049308,0.012065550400175873,0.01654087919771352,0.015602748608727346,0.015906763635446408,0.016831505975815286,0.01766916250878947,0.01719422744653043,0.019090067086829032,0.020152637039482446
2018-09-19,-0.0015564202334629185,0.010132250873496229,0.01252438332071848,0.009785493691575331,0.011746222228348202,0.011567190705509711,0.010039081599294564,0.012166721227561794,0.013171716245776288,0.007692049334611539
2018-09-20,0.0038971161340608518,-0.0039684205985631715,-0.0034828779382423125,-0.00207398154593752,-0.002776834642946868,-0.0014677969798486679,-0.000980663170817353,-0.0016938971531346159,-0.0016707520140664123,-0.0007170698905808459
2018-09-21,0.10015527950310554,0.012037787046993653,0.010977934840602277,0.009750026159056402,0.011579571352958062,0.01248191367104301,0.01198597955389391,0.012340058640385676,0.01268528256197099,0.015846329484759503
2018-09-25,0.029640084685956136,-0.00040396803066999887,-0.0006256171731912064,-0.005763641359644578,-0.004307504354409852,-0.00477349809685812,-0.0040937723839824525,-0.0022298794614418194,-0.004163304276857516,-0.002864343013904036
2018-09-26,-0.020562028786840214,-0.0008169722254274259,0.002139305780725742,0.0028487474890812603,0.0029967559972712277,0.002515203218645956,0.002725042608216155,0.005967529489631529,0.004765065148254699,0.0020430646552451748
2018-09-27,0.015395381385584272,-0.026117132026941214,-0.020278689143660822,-0.020576090813845482,-0.01721701509825524,-0.01859328198748933,-0.01418280684238471,-0.011186185800417747,-0.012453907722841384,-0.010127942064736994
2018-09-28,-0.021364576154376258,0.0158298516330333,0.009481607789945112,0.007134382456475796,0.007698590035541297,0.008824579117993947,0.008283795696439888,0.010407547992084876,0.009773396759707342,0.01054167415147278
2018-10-08,-0.05774647887323947,-0.03027634209002006,-0.03297709379433511,-0.03398897120352007,-0.03487367877768599,-0.032488898342723505,-0.03079072974363184,-0.028016622521049417,-0.030338778874893668,-0.028144277881799518
2018-10-09,0.014947683109117982,0.003619856322594872,0.00030811866389024445,0.0007880594498190785,4.551239259087403e-05,0.0018777956786915073,0.002093416478291754,0.001977521843443464,0.006225768111881136,0.008669221506259595
2018-10-10,-0.00589101620029453,0.0028806273780808134,0.004224996968185124,0.00242007142462608,0.0017503292443725726,0.001225009095547458,0.002207197882378331,0.0025900675537957607,0.0013306233964012204,0.006513358582633133
2018-10-11,-0.10000000000000009,-0.08319730841946282,-0.082884209685261,-0.07653347346188344,-0.07665110957941101,-0.0738617290388357,-0.06977577540822644,-0.0658768109560226,-0.07063059728574406,-0.0668288764823034
2018-10-12,0.0024691358024691024,-0.017034677135786547,-0.011411373955804605,-0.012223493332219504,-0.010427050623684098,-0.007120430080486129,-0.007217067511294473,-0.0035901344126749724,0.0011813771700339704,0.00018440012301934594
2018-10-15,-0.005747126436781658,-0.01056407108391999,-0.014421853574189458,-0.01227217397074909,-0.011732539956991417,-0.012437480388547417,-0.015893626851804288,-0.014275353403467084,-0.01559536878171719,-0.021250767020378092
2018-10-16,-0.01734104046242768,-0.01701663923250263,-0.019567795964715473,-0.020683217135087473,-0.020426520460004594,-0.0198491504146473,-0.022587563300464852,-0.020628691678930444,-0.01887704370440768,-0.021224060030018532
2018-10-17,-0.01764705882352935,0.0188203854205935,0.01212976825984402,0.010861958250725445,0.010200084441251533,0.008190331492573533,0.006781354805184714,0.004523181350485128,0.004979218507168204,0.009173250550245093
2018-10-18,-0.07442258340461927,-0.030387850505332548,-0.03083698331603424,-0.028686800228963083,-0.02959853937934087,-0.030319277470691297,-0.030904680160317555,-0.03033003207385787,-0.033129446628181736,-0.03695730483131221
2018-10-19,0.026802218114602594,0.022208119377101543,0.025825308102179978,0.021913027076916336,0.02278478666734607,0.021564731253072456,0.02019642076280803,0.018643836002151692,0.020129469225340646,0.017968958454280592
2018-10-22,0.06930693069306937,0.050714586261841,0.0506789568499193,0.04514647287538742,0.04870802901563831,0.04886129885964796,0.04741049980278578,0.046644154481449096,0.04770771916468597,0.0495533946603528
2018-10-23,-0.011784511784511675,-0.006441461449984476,-0.013509565025428771,-0.00926918683379796,-0.01330503543728101,-0.014773547336261683,-0.013969454714552243,-0.016829027304965383,-0.016848931228605535,-0.014446395328394757
2018-10-24,0.022146507666098714,-0.0009365896386773764,0.001034678852671389,0.0016425381676350437,0.0011487445698965537,0.00034277766687873523,0.0020315790156739677,0.0012423776180594537,0.0025638932867257935,0.00022925101478210586
2018-10-25,-0.02833333333333332,-0.007660364216411697,-0.004070218096684841,-0.005197005394595444,-0.003581151337811117,-0.005723202963870744,-0.004698118117147598,-0.007189906262434875,-0.006024257443084657,-0.007214795664486018
2018-10-26,0.014579759862778818,0.008931739159370178,0.005557867584975007,0.005044040716579712,0.0037383317517956094,0.005610914475239204,0.00427722300386657,0.0034023388685591183,0.004699913096428032,0.00807270352089362
2018-10-29,-0.026204564666103214,-0.0004794353157646647,-0.011679274843167997,-0.010903493090685168,-0.013304400646005576,-0.014241727811891036,-0.014017337051302259,-0.01718026111427673,-0.016762250195239137,-0.018765624014247195
2018-10-30,0.02690972222222232,0.015006977320130899,0.012944821778096527,0.009107206959173775,0.011364636799409578,0.010902719216956624,0.009589286977606415,0.010226002638419995,0.011084724043719296,0.013308225173976895
2018-10-31,0.005071851225697532,0.011949399112632042,0.012179063922572508,0.012838118751788974,0.015296952175309242,0.015361298913129984,0.01456915277478199,0.01580381376780693,0.01752655541502235,0.01629381445528555
2018-11-01,0.024390243902439046,0.007462472175996826,0.006179188313466311,0.00517427741899823,0.004356069258226736,0.006017475432702035,0.004894445984930718,0.002519527328344706,0.003675368855339478,0.0019355141176229385
2018-11-02,0.018062397372742067,0.01992236523853741,0.027866805021242058,0.02544512236469032,0.02799271931850944,0.02671554610233451,0.027388223464914763,0.027037428341964098,0.026704751265711035,0.023925980141648706
2018-11-05,0.030645161290322687,0.007513180874118008,0.012187291445069581,0.007957041703841705,0.00582986137296837,0.008711837120404242,0.008138460891820243,0.006343103147692597,0.00355681736730018,0.005289408072209456
2018-11-06,-0.014866979655712154,-0.007289649847816659,-0.0029517674588158682,-0.002578576348784889,-0.0005629476107888998,-0.001263020405995019,0.0011105875721426628,0.0023268550361035256,-0.00042750691426640675,-0.00023981456594623918
2018-11-07,0.016679904686258906,-0.002433266390242439,-0.0011079436561277634,-0.0031933748179517885,-0.002701915700683011,-0.0020634308544857927,-0.0030981776129602734,-0.003432727130126434,-0.0034966207216764467,-0.006142283148671601
2018-11-08,0.00390625,0.0004229415085350574,0.0019714300586379796,-0.00029638977166590585,-0.0005515418430666053,0.0005394737398183302,-0.002161835678964774,-0.0036186217064504422,-0.0026372831203848035,-0.0005752864817439862
2018-11-09,0.005447470817120825,-0.0015894795713990995,-0.0037119733242968467,0.00024012192559341727,-0.0003630790631174996,0.0016072208802500043,-0.002938862475236781,-0.004536062894026083,-0.004989371457424063,-0.003933800538429066
2018-11-12,0.020123839009287714,0.030005199460687138,0.0360502572659418,0.029508631309925315,0.03192275273081635,0.029743990907270534,0.025921832762090258,0.02474211055506048,0.025086339944646152,0.0218532011434458
2018-11-13,0.02427921092564489,0.018094551649336488,0.022277857456642014,0.02368495628863032,0.020484464529521018,0.01993411149150992,0.019219874610009846,0.01666956390876817,0.016149864219348276,0.01808640138944595
2018-11-14,0.01703703703703696,0.004052335634538107,-0.0009246765542606505,-0.0009587760735908502,0.00018950786878924042,-0.0018809667643031602,-0.0013074013346586755,-0.0004073129634466488,0.00021021446913627173,-0.0030915623207293796
2018-11-15,0.02039329934450107,0.02241869906820071,0.016760544916980313,0.018945535115512335,0.018998354518884097,0.018088011907077872,0.015952432950970152,0.014181193583485685,0.01520358856120918,0.014368294711897267
2018-11-16,0.04925053533190593,0.013966646411265993,0.009272270572609376,0.010972441815309208,0.011208926787715345,0.01152709301076893,0.011115559497900884,0.00914448356023101,0.00930043407594261,0.006733546332758911
2018-11-19,-1.1102230246251565e-16,0.007352753698759429,-0.00031108634003762514,0.004005273985510982,0.006522484247785565,0.005416036269686231,0.0035640677946489063,0.007464483886562956,0.008559698858813247,0.004836876820905056
2018-11-20,0.06802721088435382,-0.0259731164323016,-0.029475745480053717,-0.02702252781790382,-0.02638748279175318,-0.0279010034471312,-0.02753981106846326,-0.02709147011635471,-0.023704962906877514,-0.024533553768424254
2018-11-21,-0.019108280254776955,0.00923356494195371,0.011059346183893926,0.011843012804489739,0.007610978867591545,0.007871393223082945,0.007038878229362444,0.0076958680745107255,0.005028428165173571,0.005363136836250337
2018-11-22,-0.038961038961038974,0.0024752098713149984,0.0012924363559676522,0.004293751485070274,0.0016216970412648024,0.0015995764978204985,0.001384115387339735,0.0010535435340985888,-0.0021991132934090496,-0.001573374495730362
2018-11-23,-0.06756756756756754,-0.04286437229655771,-0.045404993881486,-0.04253730321560989,-0.042945788035921306,-0.043766189580353054,-0.04210048332757299,-0.04016514259384307,-0.040164939811385025,-0.04375434980791548
2018-11-26,0.034782608695652195,-0.004825682996676739,-0.0043784817897708495,-0.0015649947096376682,-0.0019456818807336296,-0.0012970240280290035,-0.000995061779020312,-0.0029789536913028547,-0.0019875147219916567,-0.0012198604051475437
2018-11-27,-0.007002801120448154,0.012224271341722659,0.010422935390698607,0.011103401333107499,0.009065546837540905,0.008539483252524072,0.006928559001015966,0.0062685630602876685,0.004277003217172171,0.008191520017490683
2018-11-28,-0.007052186177715192,0.015371319144375395,0.016179671355854408,0.010154953565459035,0.011295669191442315,0.011580748025938892,0.011580744754813521,0.008058401086649791,0.011164378541744124,0.003958510536243187
2018-11-29,-0.034801136363636354,-0.029438580102573386,-0.028081676214875784,-0.027605100067115473,-0.02465427026813738,-0.02265450817908976,-0.022014508064549188,-0.019047166990434294,-0.021227532460083687,-0.01893384538990661
2018-11-30,0.008094186902134037,0.008023060997937037,0.010225352058629067,0.005039394558497223,0.006426079462350742,0.005720643529066871,0.006391568178851781,0.005853892772029745,0.0077467741378944854,0.007119730271427649
2018-12-03,0.012408759124087565,0.03550560425272886,0.032113799196281434,0.03146284546578926,0.031615031477171485,0.03230390662488314,0.029621537547492194,0.02928880396301725,0.02832258212568317,0.02736086116272296
2018-12-04,-0.007930785868781487,0.014295904289985062,0.010063221062622585,0.008108372759552562,0.00818678687831742,0.007543445117226488,0.007779642566263734,0.010190901470479075,0.007077349362545116,0.01246011064750796
2018-12-05,-0.02834302325581406,-0.00731857140910297,-0.009295293763011747,-0.008644721641281272,-0.007746832744376042,-0.008541358656129372,-0.005957308798371086,-0.0063813298092553206,-0.008516559161890536,-0.00876728729869658
2018-12-06,-0.03141361256544484,-0.010395395033236832,-0.016112007436690612,-0.017081987359418793,-0.020038371931082266,-0.01862359229992061,-0.016397758704866483,-0.015505329248189925,-0.01485780500467837,-0.015779653725113363
2018-12-07,0.00540540540540535,0.009573396825123925,0.002544950726949491,0.0038395278435474633,0.0004853235525210664,0.0007408588294182117,0.0005019438324420644,-0.0012260198458770022,0.0027962660357347957,0.0012917254152151614
2018-12-10,-0.025345622119815836,-0.016695617603885604,-0.010696454687323498,-0.012704600141118516,-0.00990854901129734,-0.011874402076610835,-0.011261957380694798,-0.011839976412096664,-0.012367333566044136,-0.009795319473672737
2018-12-11,0.011820330969267268,0.005260946732535965,0.013439690561515949,0.009697149234734415,0.009631748685909658,0.009693677995652683,0.007258922113732691,0.0067816859021170295,0.0066203067514625236,0.0037989612488171787
2018-12-12,-0.0031152647975078995,-0.0014838589649428524,-0.001853103263860345,-0.0005924224390982946,0.0004360802406839781,0.0003363934011584302,0.0007291764742560769,0.0001964516954968687,0.0027158558831967827,-0.0006389181420378698
2018-12-13,0.010937499999999822,0.014155442389197415,0.00980683683966288,0.0071358540369912404,0.008413754962431685,0.008208297860446967,0.01008256645232053,0.009862587689666746,0.010903958708480932,0.009186665059247145
2018-12-14,-0.04173106646058711,-0.019455204210171884,-0.029981201328421747,-0.02642484393775424,-0.026740515577191926,-0.02585348808461385,-0.02431169074642714,-0.020949611852669525,-0.02136527458708193,-0.023695027699484617
2018-12-17,-0.00806451612903214,0.003081353200903081,0.0019475126470953619,6.397650407041766e-05,-0.0015056093508408752,0.0005804632834474077,-0.0010565749489539478,-1.4346700766609821e-05,0.002243602679810497,-0.0014784431532524067
2018-12-18,0.001626016260162677,-0.010497572629246665,-0.005106550503096274,-0.006251391966437314,-0.006144414768447182,-0.0065094645736163415,-0.005218128087568719,-0.006231003636667509,-0.0067719986376094665,-0.005131893831576306
2018-12-19,-0.009740259740259716,-0.00971425670319781,-0.014120460076201269,-0.012531479625097153,-0.01400596093420059,-0.01217604948055484,-0.011472242790824927,-0.0112656729040439,-0.009269304058095118,-0.011878836395387227
2018-12-20,0.00901639344262306,0.007752119377207212,0.00605602174661346,0.006299224073655019,0.007145136661338203,0.0048873783125416015,0.0029555346547196493,0.0025769771073846925,0.0007461611082941744,0.003928088607580982
2018-12-21,0.025995125913891082,-0.00993050457983502,-0.007570483735846456,-0.007919042774255036,-0.006504904946767809,-0.006866522152079946,-0.007449709321970088,-0.009220960340848183,-0.006868349032416288,-0.010642609733916952
2018-12-24,0.052256532066508266,0.011397383052754062,0.0115186502630229,0.009276638172163842,0.009568770255898196,0.008872604751530844,0.008233470589696257,0.007869614760632304,0.007398724740688811,0.0034339017608326916
2018-12-25,0.02483069977426644,-0.008206957465003106,-0.011618103148545833,-0.01130777876262079,-0.009715435972297404,-0.00933237024544753,-0.011355298204135278,-0.01122741273672978,-0.01136818277336371,-0.01138639721074941
2018-12-26,-0.014684287812041008,-0.00014582402573615205,-0.0009144859468519506,0.000840452129488467,-0.0012667119605878074,0.00016971495911177747,-0.0009534002838980093,-0.001593122124406987,-0.0005118949397500128,0.0028022571639179095
2018-12-27,-0.04396423248882275,-0.01907386153277768,-0.019362212018593894,-0.015053654753267365,-0.014186362578319067,-0.018518405585953968,-0.012086335700134954,-0.013452889585859662,-0.013190167497178273,-0.015158034968952516
2018-12-28,-0.015588464536243074,-0.006166965741827957,-0.0006509146839419611,0.0033699981706423188,0.0008330451743721046,0.0006185813581383037,0.004303680605140858,0.002232367065076124,0.0023961938304057906,5.3328337098035306e-05
2019-01-02,0.005542359461599311,-0.004546368269078616,0.001550584980004155,0.0007889005998480414,-0.0024583606833529226,-0.001845726182295504,-0.0028234520333054736,-0.003021819551932703,-0.006753678889604986,-0.0067867697254692105
2019-01-03,-0.023622047244094557,-0.007425140394864416,-0.006225903923559262,-0.005235358074195506,-0.006531551841700511,-0.005132533789039995,-0.003932569510391781,-0.005886958049854174,-0.002599250243670914,-0.004070129570395098
2019-01-04,0.015322580645161343,0.02155230959943677,0.029116092634396296,0.0248895466494774,0.024408654443194733,0.025498728234722767,0.023497417366585616,0.021076047997525382,0.022495044541533504,0.02271620943577579
2019-01-07,0.026211278792692472,0.0342008138297234,0.02656077136608026,0.02443783469623173,0.020956557146952548,0.021239062959739874,0.018362081802568486,0.017439013733225206,0.017802928046724675,0.02035715498874957
2019-01-08,-0.005417956656346812,0.0024632962091037935,-0.0009298163611918264,-0.0006683721735616377,-0.0017053055595974698,-0.00022377667353612463,0.0009960636582280191,-0.0001557673498655543,-0.0023995704975249277,-0.0004326704325376962
2019-01-09,0.028793774319066268,0.0011223783130698273,0.003898817261394072,0.0013620731505701311,0.0033102576093577696,0.003613203111815455,0.002466802788410938,0.0035370564932222237,0.0010933419164396163,0.005877174084021108
2019-01-10,-0.0317700453857791,0.007347696728326136,0.002182648503073148,-0.0022220753362045542,-0.0004232072373268059,-0.0009428829997581989,-0.0020413561332980334,-0.0010610060962989998,-0.0028504004160726515,-0.003468854187275494
2019-01-11,-0.002343750000000089,0.012204415471353203,0.009957366057918193,0.0071459365819721565,0.007079538218816017,0.007473220774105949,0.006686919823579496,0.008176080936280306,0.00732454985796438,0.004940768826678488
2019-01-14,-0.022709475332811313,-0.009186358076758938,-0.002902257615671533,-0.004351370149059175,-0.006219167322502717,-0.005265764414476459,-0.004005854129620956,0.00014978067088100566,-0.0036172076167395595,0.0009895635882353204
2019-01-15,0.0064102564102563875,0.007749972514792702,0.01528191612250862,0.010558415766723561,0.010593062030983535,0.011862107592281346,0.011614807207805722,0.01044874016191133,0.01127972166933211,0.008834560519080714
2019-01-16,0.018312101910827883,-0.003337876958228403,-0.003082355466514808,-0.003195087291211318,-0.002615624062231703,-0.0033080497080417715,-0.0015453902428476107,-0.0011951748994428746,-0.0013436731098170895,-0.00015174692953934255
2019-01-17,-0.02423768569194673,-0.0175747985557273,-0.010386285561173048,-0.011456403331499665,-0.012088502443998617,-0.009223834951562204,-0.009193329206498513,-0.0070144775177224394,-0.005779030996073242,-0.0017333348778036939
2019-01-18,0.00560897435897445,3.5669622514555854e-05,-0.0015111861740443322,0.002197441996751648,0.004676063873077174,0.0041174473040717086,0.005476270698473007,0.008147169961205014,0.008803337946965861,0.012895974098969587
2019-01-21,0.0023904382470119057,0.00837127848124175,0.010895892352543068,0.006645116468914081,0.006084729433741831,0.00546855857991102,0.005004081431768004,0.00465898816348953,0.0066077130280257634,0.0034879100579638944
2019-01-22,-0.019077901430842648,-0.012813910829058583,-0.007597965480576674,-0.009331917923566468,-0.010929990885889307,-0.010411592387765789,-0.0094025278446217,-0.008597786311883349,-0.01119706309576951,-0.011159206647582187
2019-01-23,0.002431118314424774,-0.0004731085378110178,0.008542451778988047,0.0033436398747355156,0.0017321335864886045,0.0023585808293831168,0.0009813164191956325,0.003019258775618594,0.001922288612114409,0.004280336480091185
2019-01-24,0.006467259498787348,0.0020621261869355756,0.005207448408391935,0.006544964344948223,0.005707406376877389,0.0037690657951456874,0.004199248947287071,0.0027513559263800946,0.0029389348015183003,-0.00019414052521626868
2019-01-25,-0.004016064257028051,-0.012561046539642406,-0.006106997723640206,-0.008694468068369599,-0.006601327026454551,-0.006921165904381632,-0.005537052392346253,-0.004369648149054051,-0.0037407282904488026,-0.007049672360364467
2019-01-28,0.03387096774193554,-0.014263240465330007,-0.009976470864166531,-0.0076763792296914435,-0.005613043452266653,-0.006242018289434381,-0.007263868410420038,-0.005379779724435485,-0.0038595854467092794,-0.007278018053307411
2019-01-29,-0.0007800312012480326,-0.017957842551802772,-0.02328094590619978,-0.01955967029702499,-0.021382917790713107,-0.01849350407972128,-0.014873066815249358,-0.014632041598334422,-0.011679187637939403,-0.011820959459232117
2019-01-30,-0.0023419203747072626,-0.010513704844889338,-0.02243751147986872,-0.015470134303536609,-0.014557024239730043,-0.01318340227694692,-0.01298854768404678,-0.01368051802333603,-0.012723772531525235,-0.01292946755876434
2019-01-31,0.011737089201877993,-0.012701620485971787,-0.015446527097893181,-0.01799851998076274,-0.017167815736292114,-0.013959553337892117,-0.014492302288740655,-0.01598071468792428,-0.012186542524817434,-0.010834180177716535
2019-02-01,0.04253673627223509,0.02696267145043163,0.026344426362221673,0.028743926048611534,0.027794775030650865,0.027808102775223498,0.02405732264479199,0.023209827348562362,0.024038352000458563,0.022685110148572107
2019-02-11,0.017062314540059464,0.02354933138481674,0.029852849695757966,0.026728128476589452,0.02943030482038389,0.025632035251477614,0.024477408796043987,0.026077575480609294,0.024059499957262975,0.020811038200527765
2019-02-12,0.018234865061998562,0.009629351941802256,0.01376066603264281,0.014645928139524811,0.013445926422318122,0.012922036681717541,0.01478037827069234,0.01343296525443538,0.009189374190586852,0.010367393353574172
2019-02-13,0.05014326647564471,0.015678655478024828,0.01881470024671117,0.01740434818026193,0.01843125008174762,0.016935816176417484,0.015780796553827248,0.014709037849386819,0.015410547919414874,0.014589633896447296
2019-02-14,-0.007503410641200636,0.001769356253211729,0.007571721486097971,0.006507688659610267,0.005133683624870544,0.005456853208957169,0.006555364355646187,0.005054309027372694,0.0026117140030097463,0.0033972370203567692
2019-02-15,0.01718213058419238,-0.0004340476717074049,0.0010177054434992172,0.001424679627503922,-0.002409868577820773,-0.0010243211040480427,-0.001390387981013541,-0.0021077208522246593,-0.004571472383306352,-0.007819361056779828
2019-02-18,0.03716216216216228,0.031615193116010465,0.03827549756591608,0.03368758821291884,0.03485153711365818,0.033416785589511555,0.03407564622513215,0.031754941180996754,0.0283052612952166,0.03085998216239183
2019-02-19,-0.02931596091205202,0.0030488963781079015,0.008734125972136741,0.0022023432217721517,0.0044409770253375225,0.002188259601761944,0.00501415092634061,0.0012599199074054823,0.0016755885590482578,0.0007307601057744417
2019-02-20,0.05369127516778516,0.004664488951265033,0.0009417596888259272,0.003993855816643688,0.002498456547527894,0.0005138266057151952,0.0047104718107895405,0.0025514670109829662,0.0038234582906979675,0.006544231462597194
2019-02-21,-0.009554140127388533,0.006664838233398251,-0.0011191570225704828,0.00033197059727085865,-0.0018174186677811788,-0.0011953163519866639,-0.000834709366380415,-0.004221582658987977,-0.003785111777156458,-0.007298507181451086
2019-02-22,-0.006430868167202508,0.025172801943747602,0.02660998507691037,0.023007680783385887,0.023706290514793782,0.022287094635395466,0.020103729680364113,0.017609400488322713,0.017956716840076936,0.01630964863127149
2019-02-25,0.04012944983818767,0.048973895675944235,0.054227713854384296,0.04910417881040252,0.04941999513839468,0.04943692479497819,0.04794073920376407,0.04754723754019641,0.04772006855757294,0.04883661790050908
2019-02-26,-0.007467330429371533,-0.0019157992551678271,-0.00016859147066816682,-0.0018428775743689618,-0.0028133110777804893,-0.003045768142544869,-0.0032789739842113974,-0.004533808534086914,0.0008730956801767942,0.0037426034956962173
2019-02-27,-0.00940438871473348,0.0039116587382441725,-0.006208877802382995,-0.003527528264288371,-0.0018318850988702229,-0.0030641720333808298,-0.0022724187475868796,-0.0038672834942772294,-1.9033176836935617e-05,-0.00012057126220277326
2019-02-28,0.022151898734177333,0.01418565071481126,0.007323767976208595,0.003258746911058319,0.0036762949684574497,0.002145732090831798,0.005494510086006432,0.003294019622348321,0.004405647104695376,0.003538271612499644
2019-03-01,-0.011764705882353121,0.014009312641765748,0.007035672554005057,0.006420478624664883,0.005339318462073139,0.005735422734913342,0.007094174531883768,0.00828506524243755,0.009492607241252005,0.00868733978726599
2019-03-04,0.06015037593984984,0.02983886936211766,0.020293064149475848,0.020219241887990513,0.019658741835261395,0.01723034133515622,0.019106607887035,0.014612449662254834,0.016911145404985506,0.013967267456491683
2019-03-05,0.0851063829787233,0.03615853498211341,0.02851245459298113,0.03172830331424037,0.0314481676128433,0.02707948371145963,0.02488075805655665,0.02264563096785932,0.021203413203315424,0.01828519385186067
2019-03-06,-0.016339869281045583,0.022160743176684816,0.026058758394197357,0.022195824948814558,0.0228848463801401,0.017823978821908115,0.022295637480067576,0.018923811956150782,0.016839491865720868,0.020800028871763132
2019-03-07,0.007751937984495916,0.02562811534685494,0.016714292232477446,0.013721578194811901,0.017131405951707146,0.013343629130680768,0.019639371206711553,0.012915775266097329,0.012588501713682865,0.012360246635733985
2019-03-08,-0.019230769230769162,-0.045200489115249654,-0.04294948987547709,-0.04174549432660357,-0.040559620792498974,-0.043214282099368284,-0.0426658035752,-0.043697727531382236,-0.051815924487220166,-0.04904776976791203
2019-03-11,0.02408963585434165,0.04656630451429433,0.0500329183517938,0.047238559517715384,0.044851243479769876,0.04328943954139519,0.03739779270879584,0.038981715018366,0.037805163444115886,0.038398297026330575
2019-03-12,0.02461706783369788,0.022019461578958177,0.023694336751538314,0.025056391165581005,0.021292458528811675,0.022215345201089365,0.018630061566299982,0.015499426820808404,0.015751297175964796,0.013204216832904292
2019-03-13,-0.013347570742124781,-0.026164185427468678,-0.025055334853908318,-0.021752429429763076,-0.02068169591649871,-0.018227498339893455,-0.020088425698713386,-0.014353949679654976,-0.014585447177271504,-0.013889620877063136
2019-03-14,-0.0043290043290042934,-0.04035614494099371,-0.0368514245033863,-0.033899359461941,-0.03150128875930214,-0.030840334287381088,-0.024166152634787164,-0.022322498550547243,-0.021576530477891875,-0.020225657552348175
2019-03-15,0.020652173913043415,0.015068815628626497,0.011353463548820164,0.01729591015256382,0.012812140071159606,0.016833139013056053,0.015774831524795863,0.01949877769971642,0.01708551864648955,0.019898333510424804
2019-03-18,-0.0175718849840254,0.017554127595013513,0.01999484730713119,0.021839721677333834,0.019336292355802698,0.023364263448876876,0.0257950941247842,0.025325642676726323,0.026612640329518156,0.022969422774448134
2019-03-19,-0.010840108401083959,0.007228123043194534,0.008628698447256111,0.007283500220008454,0.004128030147472206,0.005291164747142751,0.0027916326325587715,0.0029126410751239007,0.003494150660217077,0.001544257596672871
2019-03-20,0.0032876712328768765,0.0022173198771389124,0.0031049749428844198,-0.0009369488175150487,-0.0019295893100483852,0.00032947240923686394,0.0035474928177476883,-0.0006592814463161067,0.004448779244693668,0.006558103566544737
2019-03-21,0.0021845985800108547,0.01946849094059777,0.01610596034550893,0.012990169946256014,0.01376474603733735,0.013446872786573971,0.012168811436599647,0.009048675445815002,0.007932973751862749,0.008802565756507397
2019-03-22,0.027247956403269713,0.0025583657019618844,0.005951633650608246,0.004979060429167292,0.005165027911108178,0.00929576626393569,0.0023571871805407874,0.010375958722680378,0.0043770816156407655,0.006814808993442334
2019-03-25,0.011671087533156488,-0.0014561433374070676,-0.005396331389796005,-0.006408970972624606,-0.010050115578279395,-0.00868492163429646,-0.007778551993984362,-0.005562553787191504,-0.00926188930404781,-0.011882299669710217
2019-03-26,-0.019402202412165725,-0.026676031335235106,-0.02897860567906496,-0.028285245698831063,-0.030670375023679974,-0.02503444200906979,-0.02504172577633612,-0.024219354139111693,-0.025914740318676577,-0.02713804636110373
2019-03-27,0.08983957219251315,0.002021759446852567,0.006326016522014921,0.005270882682125055,0.004615695032887945,0.007892789345104623,0.006841761370851351,0.009960125360835681,0.008058638989737688,0.017564314296255823
2019-03-28,-0.003925417075564042,-0.011959043103337619,-0.02010374558031358,-0.012874284463091246,-0.0110441224388369,-0.012839114574007993,-0.015698768107066385,-0.013553187923437515,-0.013305143109723971,-0.017415418588162312
2019-03-29,0.0004926108374383453,0.02940093906369423,0.025561270569685934,0.02572690521101828,0.026078675857844624,0.02617780349664023,0.02654379447444888,0.024771725822409385,0.026890001519510154,0.025159731782424366
2019-04-01,0.028064992614475814,0.04275302876075182,0.043472504265478884,0.03475410260012368,0.03517719777507167,0.037268619064047215,0.036344098808566594,0.035564173487151685,0.03506744052970201,0.03255322034245545
2019-04-02,-0.011494252873563204,0.011776588435831403,0.009429402109951246,0.0075711905910991195,0.005116971598246867,0.005618968533195767,0.006753155727345916,0.0033095941105643067,0.0065459340404587785,0.007495532012338879
2019-04-03,0.0019379844961240345,0.014733707648758143,0.009895177538062905,0.0103774322021839,0.010181241321737255,0.009486633819239199,0.010304906587528473,0.010032372735637951,0.01372600160191606,0.014464393313839752
2019-04-04,-0.0009671179883945502,0.005551624899702956,0.00337010345364841,0.004870205337097255,0.0019233816364063738,0.002919962597676573,0.007284141625962359,0.0076127383973325635,0.00477546198208656,0.0075173901566449874
2019-04-08,0.006776379477250849,0.003179857526415919,-0.0006798324340469009,-0.003591668239974588,-0.006364643192822039,-0.004532381832715648,0.0005315298904922106,0.0021286586633146865,0.005122271346213125,0.025426976163318793
2019-04-09,0.0009615384615384581,-0.010557024455525088,0.008766958996508922,0.006223089214606459,0.007324432075461962,0.005550392621145095,0.003909314965968358,0.0006124636248441284,-0.001085546204294574,-0.014879629133405348
2019-04-10,0.05475504322766578,-0.0011690312009817738,-0.00348111808005791,-0.00227152744582948,-0.0004064641079193354,-0.0005933066020776812,0.0015091782274709864,0.001705685160365178,-0.0027129480968709485,0.000460610139148665
2019-04-11,-0.007285974499089298,-0.011114090439056312,-0.010697027642431856,-0.018662131054377862,-0.016101859633797844,-0.017159308263034134,-0.01828347096702798,-0.018458922431642377,-0.020349635468238536,-0.020132289044675122
2019-04-12,0.041284403669724634,-0.006943585142694664,0.009007305344029604,0.0016982363485935625,0.001906657750489149,-0.0013699677897507367,-0.0012881903414504459,-0.0007127244755005258,0.0014577021641930532,-0.0022485454664917803
2019-04-15,0.07533039647577122,-0.009057506864228126,-0.00766444715435155,-0.008054328629723995,-0.00887539421991601,-0.007042253389701103,-0.009750218030153746,-0.007904399100549742,-0.009531533500135025,-0.006169994115453825
2019-04-16,0.09995903318312149,0.018946283656476437,0.0203251624524321,0.019319210662935626,0.020621847574328944,0.020026933822046455,0.01720065820697325,0.01899890980664365,0.017267240416189544,0.020931117178209835
2019-04-17,0.07560521415270038,0.006036554362251811,0.016139662550096467,0.009778222970343364,0.009089700356949004,0.009904766157003753,0.008406423047969014,0.010061438392247712,0.00500953099994339,0.009498067272854183
2019-04-18,-0.030470914127423865,-0.007978880835750823,-0.008667026707803283,-0.006819927024197203,-0.005859897377521017,-0.0060844459778448545,-0.005577422097065354,-0.005558024644348736,-0.0037894029314659017,-0.0026147321037799376
2019-04-19,-0.02571428571428591,0.013743337042049886,0.009202921840797185,0.007549059065961261,0.007872297411855023,0.007457036249696403,0.004912376381389416,0.005931927620368649,0.006235603967102543,0.009864152027724504
2019-04-22,-0.022360703812316585,-0.01362030497790001,-0.008780282599795797,-0.010868740649427888,-0.010706515531291982,-0.009609816667701998,-0.011735559714585175,-0.014795374054772492,-0.015440780028524892,-0.014338709852254716
2019-04-23,-0.004124484439445131,-0.021921150832373337,-0.0305336977840287,-0.0207694290764201,-0.018313263391990353,-0.01847307387321473,-0.017944318653458358,-0.01756069270514482,-0.013320323638441378,-0.016800295977941415
2019-04-24,-0.005271084337349463,0.015735571740011167,0.012640358912321847,0.009277588773475287,0.010754442761875982,0.011116523614884244,0.006836776126423638,0.008668339878881604,0.004762772703667428,0.004476501254856657
2019-04-25,0.004163512490537258,-0.04374807612851328,-0.044364385545796026,-0.04080180221033025,-0.04123977940788093,-0.04114854118321576,-0.03791916733471101,-0.03883900308754251,-0.03728596212609825,-0.04087657239708564
2019-04-26,-0.0011307953260458747,-0.01301750708325533,-0.010239267515198547,-0.009694458707456555,-0.012797043860057533,-0.011610310167313953,-0.013068073137246783,-0.013450267100573954,-0.015290246513307348,-0.01530322472785628
2019-04-29,-0.022641509433962148,-0.04670731014353513,-0.04607142167905376,-0.04003235003930894,-0.034816181401256974,-0.03486682596682611,-0.032114519956554344,-0.030521172536047136,-0.031825929947066456,-0.032662721760074453
2019-04-30,0.0108108108108107,0.008786279313391931,0.009777446983105786,0.015959750249299187,0.010303209985697004,0.009840422614013411,0.007356334060797387,0.013654198895794112,0.010105737420523564,0.015411984559577263
2019-05-06,-0.028647822765469844,-0.07253073073240623,-0.08265832086956848,-0.07223694643795231,-0.07517319937473255,-0.07607404005780971,-0.07274663513983792,-0.07490937610405912,-0.0733054993023402,-0.06906015231336271
2019-05-07,0.015336217066457047,0.009039511763026642,0.011108650252563468,0.01564275641976476,0.013246422642023914,0.01808584307818628,0.013095783054916543,0.015282976236413504,0.01544480403555859,0.01963386385437693
2019-05-08,0.0,-0.010039931393859277,-0.011099300410426113,-0.0058586359329305185,-0.00621386106510917,-0.005338911320887476,-0.004782660706966948,-0.006549098400716854,-0.010314328616299656,-0.007910169508172558
2019-05-09,0.0,-0.0017027702146960033,-0.007303395041740379,-0.004402768493919629,-0.007347445934005936,-0.008665920493828638,-0.008932428770426992,-0.01126674058120547,-0.009240503417224821,-0.00559170614752269
2019-05-10,0.0,0.04142172066966765,0.035218099772484246,0.03574191269524207,0.03537470729531411,0.03453714124677698,0.03502885607735551,0.034558542176834406,0.0352796883356139,0.03136785294862188
2019-05-13,0.0,-0.0028830799577693744,-0.004661073671938798,-0.007999984019315676,-0.005684917930463551,-0.006647184281111773,-0.00466440059624218,-0.00233102900456561,-0.0014536386341416074,-0.0011870099025302894
2019-05-14,0.0,2.1564886819591678e-05,-0.007039756948046927,-0.0076342465277793314,-0.006835456097572967,-0.008291496210273142,-0.006724097307372223,-0.008453686040652442,-0.010626300262128963,-0.008376051171941623
2019-05-15,0.0,0.017870630825522538,0.020675067203526742,0.019074231249021967,0.021984163724327876,0.020712799356682465,0.021839033628725746,0.021895960168574424,0.023399402210090292,0.022034955722256777
2019-05-16,0.0,-0.004207288040649626,0.0013219218713012015,0.006113667952321267,0.006275207164248231,0.006876021322624215,0.007813569506876838,0.0072094860206228795,0.010759772222229236,0.009758799017012043
2019-05-17,0.0,-0.04140328239030033,-0.03532010957854592,-0.036729946279425496,-0.03873686457130998,-0.03605364638051878,-0.03267544700566671,-0.03818610140649559,-0.03153346536602686,-0.03450566365127239
2019-05-20,0.0,0.004544525931751808,-0.0009774378876343803,-0.00310860181214323,-0.0030786548244065015,-0.0015930153003894665,-0.004250227347365021,-0.0040148173381981955,-0.005608300621073092,-0.00807895782847734
2019-05-21,0.0,0.017208571882932455,0.017826489343528706,0.018027852029563363,0.015747752017667205,0.019223443289141606,0.012905597888543507,0.01733868951145201,0.017296268804535275,0.021260999590155594
2019-05-22,0.0,-0.008198369407829476,-0.007970319968539807,-0.0041611522873280515,-0.0045579929778359896,-0.005250116167285879,-0.006236288440700122,-0.005108148087602626,-0.0083808226191453,-0.006609702823116237
2019-05-23,0.0,-0.023727094181532515,-0.026434241223470822,-0.025346517836126736,-0.02455607405116811,-0.025075347097123224,-0.021778571865738394,-0.02077445519673815,-0.02142445538722282,-0.01690848706883541
2019-05-24,0.0,-0.009723805491843152,-0.00946998584904657,-0.007444172157459628,-0.008015182964254852,-0.009700054481009968,-0.008552296531913917,-0.007087565466490031,-0.011657779630716791,-0.000727389966042491
2019-05-27,0.0,0.03893987919225106,0.027509136254207478,0.027826899861026044,0.02737475590355598,0.028224104500983893,0.02616493431987066,0.025911101044604035,0.02484206438326919,0.0200243783190599
2019-05-28,0.0,0.005716595555785409,-0.0012569212724724554,0.0006772998643362893,0.0001540648877647044,-0.00033654719940245936,0.0005653673618988275,-0.0003760439535424043,-0.000658727885563315,-0.002600149600461288
2019-05-29,0.0,-0.005516727693853585,0.006593086187554498,0.004961511378465566,0.00467178131111079,0.0038100753486223216,0.0007065196987279254,0.0007202184230934439,0.005250256865575231,-0.00311371980108599
2019-05-30,0.0,-0.01640535995316006,-0.008585565240091131,-0.012181702590431831,-0.007055062823813185,-0.006818444943480717,-0.007229633658056178,-0.005326610029906309,-0.005659205758040464,-0.00977182176855218
2019-05-31,0.0,0.0020579566458656107,-0.0009126860043927598,0.001156763727090171,-0.0002478910442078597,-0.0024347325987778,-0.0020544815731403654,-0.003534404053122553,-0.005697995065983452,-0.0005039385538244678
2019-06-03,0.0,-0.014389546497000194,-0.010895124962924108,-0.014367232769401883,-0.01664908072867599,-0.013761497834510195,-0.013386633620979471,-0.014918677779775957,-0.01207456152192321,-0.018141055646143767
2019-06-04,0.0,-0.009852371073508004,-0.017860801095516465,-0.017939808985615424,-0.016025142726690644,-0.01510152239344853,-0.01641775606672391,-0.016015069496671974,-0.016821430933542936,-0.017948356899547102
2019-06-05,0.0,0.007089825501880531,0.005362067114995872,0.0014703530281956478,0.003003352050589214,-0.0003359840925227786,0.0011136715745143633,-0.0034800302114873505,0.0016343414756687658,-0.004107230772269821
2019-06-06,0.0,-0.02285791835170181,-0.03114053055857502,-0.031434385960973255,-0.025236617029961383,-0.02453502427767551,-0.023906503297956516,-0.023929818149678872,-0.021602074146472083,-0.016206771064958936
2019-06-10,0.0,0.016815651235876805,0.01612755281974576,0.011533377113951415,0.009675166381333478,0.011432667499311933,0.012466168461132465,0.008800450772289636,0.012010653987422293,0.008584036655144178
2019-06-11,0.0,0.04486262269249708,0.034373732886534336,0.03236468241095092,0.03314994469167276,0.035732200408239656,0.03511753903936543,0.03532295267673802,0.03414776593364843,0.0368329937211036
2019-06-12,0.0,0.006046527055798334,-0.0068466707140276695,-0.0034698211528896294,-0.002273946492984402,-0.007384482952440652,-0.0038962750527621326,-0.005349000403514048,-0.008671677416216217,-0.005782613432168349
2019-06-13,0.0,0.004986428916039065,0.006381621604506282,0.006949236754843824,0.006517506694514896,0.004807385342450843,0.003266056889347224,0.0018797697561203641,0.0039286691826523334,0.0013049281467369944
2019-06-14,0.0,-0.04770586177339209,-0.029387337794347435,-0.024953813190436103,-0.022187774640320956,-0.022509492853434288,-0.021609099760239836,-0.017849747411353478,-0.018117419430093484,-0.017797920164538628
2019-06-17,0.0,-0.008269285366665158,-0.0005925365312942077,0.0014158971842146428,-0.00048304644328478474,0.0004925274608360564,0.0011800935690635672,-0.0005059026282328016,0.0038888948872224383,0.003334297604008052
2019-06-18,0.0,-0.0021825967717731265,-0.002727624153111785,-0.0034725871467466973,-0.005522776326762235,-0.003922620818168965,-0.0003262394460004092,-0.0011292520289332142,-0.001499091392388685,-0.004691820293657001
2019-06-19,0.0,0.018787533484416974,0.013679518949266445,0.012488815208365533,0.011786304753321541,0.0139356461778406,0.013299467958428846,0.010611102575999176,0.01206658334505839,0.010757618166529426
2019-06-20,0.0,0.005552664579844047,0.013622149727751998,0.00850951390966248,0.014529319434203991,0.014947635023097039,0.013835888658872975,0.015795000830070682,0.014531080311217304,0.01477049194836444
2019-06-21,0.0,0.02592252445314358,0.02424574955418568,0.021472043844458,0.01845813726321599,0.016595143683537872,0.01655147923448541,0.01432913270460534,0.011543002613010556,0.013113260246762959
2019-06-24,0.0,-0.0076178137575124705,-0.0018795402055103994,0.0005562271846901723,-0.0017778156220737973,0.00032878817873394084,-0.0004696621735613693,0.0011627874439701369,0.0007206503172703105,-0.0005661688481690685
2019-06-25,0.0,-0.011743054449569468,-0.011917246011634353,-0.009738791514972145,-0.011059877770358661,-0.00978887632251857,-0.010192353809995613,-0.009546838765820742,-0.01031864133644933,-0.00808128359462612
2019-06-26,0.0,-0.001909554825697879,-0.0025757420535299502,-0.0015896521352868342,-0.00047575380149944557,-9.731114461786206e-05,-0.0023899122698597397,0.0008190660961937546,-0.002315730997695664,-0.0006955585023810107
2019-06-27,0.0,0.00974780208012116,0.009540560686598143,0.006769612317883755,0.005418979142294722,0.0064211529206985585,0.005875664923870705,0.0056421575131102575,0.007279353668372179,0.0037962787923502272
2019-06-28,0.0,-0.020803690553539922,-0.01602014658028128,-0.016410765555943008,-0.017290627852910356,-0.015118274279433463,-0.014061372171869091,-0.009144365832001067,-0.011823190657266669,-0.009326036502349533
2019-07-01,0.0,0.03538877630166648,0.029251212608942367,0.029747055887779927,0.029672210370827568,0.026674383390026923,0.02591318950842192,0.027384699118790934,0.02530925810658613,0.026553878023638733
2019-07-02,0.0,-0.0003640349596559789,0.0007757807235913017,-0.0009004384012387678,0.0007438700097586182,-0.001811109765466723,0.00010559753620187351,0.000446208999120179,-0.0019275963106525351,0.0021516321425973928
2019-07-03,0.0,-0.023153804946521528,-0.012046755688058242,-0.010603624407926504,-0.009499215813278283,-0.01054869280308679,-0.00879939555610787,-0.008616440156031246,-0.00946390341697334,-0.005960389952288314
2019-07-04,0.0,0.0011938061498328878,-0.004355472658193471,-0.004290407989296807,-0.007437750142178734,-0.0050215186565993886,-0.0025666211025802133,-0.004322421203170501,-0.003362410647238634,-0.00019531583820275866
2019-07-05,0.0,-0.0023991062326534918,0.005251824634595836,0.0031396808734427406,0.0032447961691679517,0.0019123196904999862,0.0034061845761967913,0.0015927360716021521,0.0016624762693884243,0.00765426611826614
2019-07-08,0.0,-0.04189740770913408,-0.03698814127568628,-0.03405383140421325,-0.03349316942497971,-0.03445381538098924,-0.03297490241479739,-0.036065271788055964,-0.03228359152796423,-0.028019532141087877
2019-07-09,0.0,0.0067667673196822875,-0.0001590742167404402,0.004573613444404323,0.0016573925944820544,0.0035583353753136926,0.004409056378807952,0.004033452891850864,0.0035487373894145247,0.002054294658074385
2019-07-10,0.0,-0.004041421265361667,-0.004306804465980751,-0.008467546197056586,-0.006549314134017048,-0.0074757406919534475,-0.006889459611249871,-0.0076369671709330955,-0.0052885109850671075,-0.012663395137428868
2019-07-11,0.0,-0.0020988375500609058,-0.002870847587386094,-0.0010598403811685753,-2.591513892957753e-05,0.0016886328078413726,-0.0010744409688983048,5.405522619184033e-05,0.001356369038993499,0.002710066324020488
2019-07-12,0.0,-0.002631520444387081,0.0013939756772716194,-0.0010693641701019496,0.004046085689699774,0.002007026923171784,0.003714878180943959,0.0034861201161209276,0.006269327064821972,0.003972012974442496
2019-07-15,0.0,0.011904375578565718,0.008389027006528549,0.008013867852721068,0.00997542474904467,0.009251944228047426,0.010262813490117484,0.008538625886309159,0.008025083100727803,0.009827809258620146
2019-07-16,0.0,0.00683140309685637,0.005710601784431502,0.00515052174798547,0.002811955264224286,0.0022682926087751465,0.0005145470101775018,0.002501328271411918,0.00507740678549462,0.0016875375246365731
2019-07-17,0.0,-0.0010317901196744694,-0.00016920339377590743,0.001927668097695845,0.0008607389731427606,-0.0002668701905693682,0.0016332666971512477,-0.0010322380133143128,0.0003901353187139023,-0.0004486972693437119
2019-07-18,0.0,-0.01951504477888144,-0.018508341519010596,-0.020874760609957743,-0.017185744349038523,-0.0177212231056888,-0.016636999551956966,-0.017005354131015227,-0.018694211018079554,-0.01857293183878672
2019-07-19,0.0,0.009996070594491258,0.003312947574010794,0.004428844498840068,0.004538334557021795,0.004578079271112312,0.005420862649610614,0.005670767338610272,0.006295125472320917,0.004873799019137648
2019-07-22,0.0,-0.03719273983282634,-0.029010553548736717,-0.031056959180549626,-0.03046874184860704,-0.02639105363429417,-0.026296481298188734,-0.02398150607693017,-0.02452183843289002,-0.024435789033368294
2019-07-23,0.0,0.010526228096955803,0.01912055021799075,0.014755484097467297,0.012808137162519495,0.012563004658572297,0.01210451480700181,0.010939891475751473,0.010395346958679275,0.009942530975970865
2019-07-24,0.0,0.01587037059896379,0.0141143330043767,0.013924847406672214,0.012037184834014392,0.012077146360448765,0.011878557278343749,0.011685294075598263,0.008958655666240434,0.007405814033915936
2019-07-25,0.0,0.0033899000796984158,0.0035486237498847384,0.002351900799494322,0.0040489439426119045,0.0038507420864211106,0.0013901896602370734,0.0027920231026576925,-3.055664088413845e-05,-0.0007538582061754617
2019-07-26,0.0,-0.002796033149134458,-0.0008622663321198321,0.0012069379010726244,0.0004027185725141713,0.0012752107789628653,0.0002051708811032782,0.002256996827097124,0.002728328472449082,0.0015590284669793064
2019-07-29,0.0,-0.0030886227303941194,0.002940914993394772,0.0015931507708395465,0.0011185212288908897,-0.0007800034952165635,-0.001587075289898543,-0.0005716305228230523,-0.00044911398495373067,0.0028259042159410885
2019-07-30,0.0,0.002087197323505041,0.002613456687029725,0.004746667252471193,0.0057338663152719516,0.003580283246828797,0.004727354788215843,0.005377191613246124,0.00044849567238847143,0.003682497708951349
2019-07-31,0.0,-0.004539483369285446,-0.00532314891643948,-0.0051786005768854615,-0.005782138905253809,-0.004676957911472268,-0.00637490186296652,-0.005717054539680078,-0.007606729572980031,-0.00986904632718355
2019-08-01,0.0,-0.0038597127967960887,0.00025221266784858365,-0.0009472023155958631,-0.0021724270689998937,-0.002574577253129151,-0.006503124386788017,-0.005329905604615215,-0.0040413325862024285,-0.00448876551271038
2019-08-02,0.0,-0.02124130737231278,-0.017526011761685112,-0.014749267347789696,-0.015185273825103818,-0.01518372466491369,-0.01595006130105303,-0.013418900923567567,-0.016386127902446646,-0.01574069850711024
2019-08-05,0.0,-0.009194668175473764,-0.007200825956437229,-0.009674055233683254,-0.010683853213476091,-0.011132466833406407,-0.01134006781356034,-0.011518278195171261,-0.012228382202381427,-0.013412513702949047
2019-08-06,0.0,-0.03245326570204998,-0.028423337430453888,-0.026947992426015088,-0.029197381413384127,-0.02688700291329993,-0.029471202597189716,-0.025989346189975615,-0.028564213124489868,-0.026345195750910433
2019-08-07,0.0,-0.00405049400497659,-0.0078072072249586455,-0.0043218322304082735,-0.002015945459600932,-0.0020622766351650057,-0.0037960111096503324,-0.00288166751287533,-0.0019176555436816178,-0.0015580049678786123
2019-08-08,0.0,0.009809020898783327,0.004954486754878751,0.00624446911553922,0.0057878499554699925,0.006346559564346155,0.005264258106250752,0.006002289554620566,0.005885292814521659,0.004201081737342571
2019-08-09,0.0,-0.014446014824938791,-0.011574487842871406,-0.013173326353569492,-0.011594303430449981,-0.010387778466454334,-0.01086755309466092,-0.011465435279748526,-0.011894363849582534,-0.008916679644803471
2019-08-12,0.0,0.017970748554685168,0.021020638603338027,0.0167955773461268,0.017227504711773145,0.017409835713747324,0.017218787684142978,0.014824416988249656,0.016763498603827198,0.010730421228511755
2019-08-13,0.0,-0.004864658542947375,-0.005612915170381094,-0.004969998202529857,-0.003624690507160633,-0.005362858514410207,-0.004614881481550981,-0.0038437301869511664,-0.006743644824881656,-0.007430248350742685
2019-08-14,0.0,0.005225797874224725,0.005535861273696652,0.006431551970660365,0.006798344019065317,0.005942119386169953,0.004733043555921412,0.006938912970618771,0.006680425925163602,0.0059858604209119814
2019-08-15,0.0,0.0006027066074245635,0.004315724163039825,0.00444055200844562,0.004505562499131699,0.003196529850363339,0.003266987633122609,0.0043483850125911605,0.006060325022184676,0.002590271183857462
2019-08-16,0.0,0.00502499502664655,0.006058030055933639,0.005167903544312402,0.004839591589706371,0.004168425344980076,0.003315131819141781,0.006365932305788302,0.004576091823672135,0.006630287207765484
2019-08-19,0.0,0.0401335680489745,0.032579072218049454,0.03160135225990102,0.030629913562409294,0.030300955822988085,0.02844972121978251,0.027422413843881,0.028338831178460033,0.025390390623619696
2019-08-20,0.0,0.008881008204834284,0.003072731863455358,0.004661851205830514,0.0022522179376245344,0.0009167810020782596,0.002153615863067282,0.0023433634023930505,0.003903903040464618,3.969235184930753e-05
2019-08-21,0.0,-0.0013235457888221003,0.0029550269693943143,0.0008001335633640583,0.0023548167518461227,0.0003043994887366175,6.835630356105682e-05,0.000941025958734798,0.0019150236575025126,0.0010128490024183812
2019-08-22,0.0,-1.818118027874238e-05,0.0036693150279425435,0.003096387766303499,0.005787658838427356,0.003750211856480945,0.0030016089001216884,0.0065459843554176445,0.0006554534027456427,0.0063085078881710555
2019-08-23,0.0,-0.0131716032013941,-0.004641962044775627,-0.00675065384348672,-0.004160839870903987,-7.757388561513423e-06,-0.0016270295940999935,0.0005415743223906588,-0.003542345981968009,-0.003117572631181398
2019-08-26,0.0,-0.012837135402346656,-0.009253492150447129,-0.007424777452762044,-0.005080441871564423,-0.006886043887691207,-0.007838235049810183,-0.004418719480083877,-0.005225579614371423,-0.008788917760195636
2019-08-27,0.0,0.018292084681162057,0.017179393099312268,0.018368948729590162,0.018018380433312498,0.017364870729847492,0.017979908070565598,0.01659744626119597,0.017933080320748918,0.015966852836804657
2019-08-28,0.0,0.0038752862742574834,0.0009200008983301089,0.0001404102181554734,-0.0027922657497017056,-0.0008381164353875592,0.00026720709355210204,-0.0008537693264191182,-0.002124882232359182,-0.001026451341090695
2019-08-29,0.0,-0.0020067835998314187,-0.0005159661887775835,-0.00011645934840220917,0.0009084232470266684,0.0007277913728094276,-0.0012538680653938483,0.0008484375303270397,-0.00036631544254539516,-0.0006340374942210847
2019-08-30,0.0,-0.01963960782219054,-0.016896608285500103,-0.01634539804039059,-0.015915086120858124,-0.01297007078523671,-0.011693221921142305,-0.012355776855621836,-0.013288792894312396,-0.01146257297025377
2019-09-02,0.0,0.027459185332558977,0.025600654507289544,0.025659548238676333,0.024694351696128214,0.024267115689941,0.024492818844820574,0.021890470317545985,0.02410318587579119,0.02069300568002852
2019-09-03,0.0,0.013435404628182601,0.006316676121739251,0.009049044444241261,0.007598242727491877,0.006609949331338516,0.005684840187037965,0.003865246208746731,0.005637800205120946,0.004582436252771549
2019-09-04,0.0,0.005105853303016383,0.008758781024354345,0.0082605682568202,0.006852482410930172,0.00615945882634894,0.00959983042876944,0.007825986935544815,0.007483129531487442,0.01439465886995106
2019-09-05,0.0,0.010269777441228811,0.008839949606465725,0.009036276315460112,0.008409588480910557,0.010100333173230558,0.008672809995950992,0.007925563087775034,0.007043261421894709,0.002357124591901405
2019-09-06,0.0,0.013694069795555208,0.0037940030214216325,0.004159535380338086,0.003767929964167749,0.005687296735298553,0.003835789803694256,0.001613720434837651,0.0034533297624854686,-0.0014225079422175435
2019-09-09,0.0,0.025577820105389115,0.024111887101430085,0.024671807189356798,0.02379563130078899,0.019654039316202354,0.020716803753285662,0.017541349443332077,0.015615490989393965,0.015373296052085816
2019-09-10,0.0,0.00048785583340382743,-0.0018030397568015166,0.0017652988850767048,0.0015148142118950325,0.0012361472402178109,0.00041769691537996145,0.0014835621416173783,0.002364351715100854,0.002659008195601942
2019-09-11,0.0,-0.010449627865968814,-0.00550790998598738,-0.005782371928464758,-0.007677173099753909,-0.007875541687048293,-0.0065204494705891625,-0.005906206614854859,-0.004811507282616145,-0.005707830104187406
2019-09-12,0.0,0.012247965290112184,0.008754996481190824,0.006701606321672271,0.005997808112029768,0.005814605521131888,0.0057302654486690585,0.004838930436960265,0.004505525767225738,0.004306234632955874
2019-09-16,0.0,0.0075128139413349615,0.005707335301044614,0.005359239390776427,0.0044484037254151065,0.00429117788440303,0.005037207784844622,0.003379032375662394,0.0012094257855743695,0.001639600972262123
2019-09-17,0.0,-0.029699827856238925,-0.023835790045048655,-0.023762115651062343,-0.02176890093531003,-0.022038924619657063,-0.023296914531862556,-0.020220969024501323,-0.020457763653179417,-0.01915311079374471
2019-09-18,0.0,0.001685180903628014,0.0005377745386365707,0.0014643767449880052,0.0012337357817444605,0.0010126800079670595,-0.00011815995177211214,0.004021396066708149,0.0028569893877434804,0.0012180519074569407
2019-09-19,0.0,0.01629113505985602,0.01251918147133635,0.014290551922250705,0.012065978573966962,0.01017099969891988,0.010659670692140022,0.009434050289892859,0.006718404793813582,0.005483213318343116
2019-09-20,0.0,0.0003616786724061072,0.0008021767687667047,0.0015042210146050117,0.000667929045272242,0.002198301305954775,4.5914255991208464e-05,0.001229538798221963,0.0020807383702794446,0.0009858026524356411
2019-09-23,0.0,-1.5672190272431052e-05,-0.008342561154644046,-0.005964052006378395,-0.005281028937679788,-0.008655107732081335,-0.007603179126055348,-0.009706287234037103,-0.008539441679966231,-0.010532231593997077
2019-09-24,0.0,0.007206304561965693,0.0030004397574376895,0.0009865765234227108,0.0016750842755917095,0.002609118523341225,0.0033241546990208093,0.004014332166034862,0.0006481238833724312,0.0038041110859776683
2019-09-25,0.0,-0.026742964303333894,-0.024806791830265462,-0.02224365204349288,-0.02101408643284275,-0.017337700256107924,-0.018179980875076995,-0.01659189036942299,-0.01665987486429832,-0.006916343381346612
2019-09-26,0.0,-0.03823414775987999,-0.033983040060559966,-0.03273935040889853,-0.030217466139909943,-0.028115961370475895,-0.027022069203764265,-0.024543126933455395,-0.02273144020979745,-0.01592736002957662
2019-09-27,0.0,0.014168432659473096,0.014494101917706947,0.010041376948975556,0.011753730988249167,0.0071079459212890495,0.0088887809745255,0.0051473578575573775,0.003646534298529236,0.008031339561665796
2019-09-30,0.0,-0.0009994012115638329,-0.012977775689628213,-0.013072252121759664,-0.009918915865217981,-0.011555657998611135,-0.011213396648180551,-0.00997371589349838,-0.007041249178278641,-0.0024687855302069073
2019-10-08,0.0,0.01132344758256787,0.0032577661341870456,0.0006170899023008047,0.00040334730046143186,0.0001766798467770503,0.003228490260947625,-0.0005621744140894558,0.002935556307626541,0.01416976107224932
2019-10-09,0.0,0.008195904944020116,0.00849914751402614,0.013471367771821896,0.00989033688524188,0.01006890865937593,0.0090240863083213,0.009557473937918504,0.008273124636669849,0.016113460250311684
2019-10-10,0.0,0.0158309502777243,0.012479110665940318,0.014721388854819883,0.013781571740790755,0.01403048867143708,0.012230918872654373,0.01271500205422127,0.012264964672411116,0.012285184316864761
2019-10-11,0.0,-0.011002696911487475,0.0007362798130539083,0.0006029802964735431,0.0008501152914770493,0.0022406407191730704,-9.845596209512308e-05,0.005894882039199745,0.002902201250237768,0.01284415780433501
2019-10-14,0.0,0.018585586168754276,0.021042945607778973,0.017044789288217732,0.013523898779068011,0.014132975598586395,0.014777546247596307,0.012196543822678763,0.015052146197947591,0.011113170710969511
2019-10-15,0.0,-0.018412489233063156,-0.01063111100492753,-0.012769073821944255,-0.012081433088404037,-0.011339950015682887,-0.010335969009673818,-0.010915148601861824,-0.007426290823338677,-0.013340308525464861
2019-10-16,0.0,-0.013320166642475817,-0.006329352316709502,-0.004827606266935791,-0.006468015594698562,-0.006276522442279386,-0.004776690496902769,-0.004340976650658024,-0.007960057555346345,-0.009967797108887178
2019-10-17,0.0,-0.006038310254419366,-0.003341924428149956,-0.0030579117793592125,0.0015231658668684034,-0.0024866161102393702,-0.0003042600112950211,-0.0019070109063249463,-0.0009759276050904653,-0.0014775302942523494
2019-10-18,0.0,-0.01169873961168677,-0.010718235999500947,-0.012467978697081605,-0.01350138424949232,-0.01200947895170068,-0.01381813044084379,-0.011564969988285045,-0.012580185542661604,-0.010917560742779386
2019-10-21,0.0,-0.0009489429848372755,-0.004340691010855657,-0.004244934486707597,-0.005358634008498009,-0.0026580630833060725,-0.0026737804414836974,-0.0029702348866966766,-0.00296085893084419,-0.006136605873084289
2019-10-22,0.0,0.010751427804423619,0.013706195011974787,0.013084693526451474,0.013358598921672682,0.01119344964928759,0.011045406591019935,0.011540689092421896,0.01024873238239632,0.007328483291090482
2019-10-23,0.0,-0.0027434699686560426,-0.0060165586271687665,-0.00750475260607264,-0.00590763160612251,-0.005058449091714046,-0.005479408470910108,-0.006700215912392227,-0.007872647212601946,-0.005839881198766994
2019-10-24,0.0,0.000536515164232032,-0.002783678269234091,-0.0008186223712648433,-0.001571575155736804,-0.0013787832685904222,-0.0013066000881446493,-0.0005339055492129541,-0.0014447515058415572,0.0009047204720333824
2019-10-25,0.0,0.009082686029386444,0.004415214828098701,0.006136993282673142,0.006379983321108007,0.006127580048210346,0.008433428894764727,0.005723840982833295,0.006485403627033648,0.0037421526579239917
2019-10-28,0.0,0.019905436157477974,0.019724671434381502,0.01998156257208339,0.017138544643556797,0.019631147201153,0.01716578253436052,0.017427812062592363,0.014972654903774751,0.00959633432806739
2019-10-29,0.0,-0.01980383871742475,-0.017871115613275257,-0.01588810575935351,-0.016478695888954342,-0.013039015682638322,-0.011472194217010068,-0.013286603181036583,-0.013081113953709922,-0.011897950076916408
2019-10-30,0.0,-0.019920749933987625,-0.014341129923808538,-0.015112352469940027,-0.009707974758044524,-0.010215764724352816,-0.010972441234826324,-0.012200284320165844,-0.008807935211821216,-0.009717662676869132
2019-10-31,0.0,-0.00971157661908617,-0.01478599555888338,-0.01112254146083913,-0.011393865950841797,-0.010238980959399346,-0.009863730565999207,-0.008944222786099298,-0.010878234712283774,-0.009851748704752805
2019-11-01,0.0,0.014059200771856517,0.011998526483636418,0.011710648850892902,0.010321285946418124,0.008537307525650517,0.008704721690858452,0.010093875309987732,0.00684589891171461,0.013358264757642013
2019-11-04,0.0,0.0029089101235664216,0.004478901200764218,0.004455740713588341,0.0037351505937899265,0.0037894989760254294,0.0037056397103780725,0.006232144830509823,0.0033472208989682173,-0.000561838851978802
2019-11-05,0.0,-0.0035419907209996992,-0.0013539561807911493,0.0007096499357064356,0.0012215664661776593,0.002485811518847303,0.0031235142082877143,0.0017688544905027914,0.002205756989076102,-0.0028309534030251937
2019-11-06,0.0,-0.0027553016517074536,-0.009704053061469153,-0.0076776550504452645,-0.009258604134799175,-0.00849938940561723,-0.010104419465185699,-0.006578956640827749,-0.010041487562650664,-0.00938655767014529
2019-11-07,0.0,0.0009361833989465218,0.005259552882290963,0.008260549422034469,0.007823922024645658,0.005647476047684563,0.007179953645086945,0.005889370374262182,0.0053945206102774534,0.006659034365205541
2019-11-08,0.0,-0.004879922775261836,-0.0025154513244945997,-0.002084706110711765,-0.002463489078081804,-0.002370319103802032,-0.0011958075574924898,-0.0017014418146250598,-0.0029716742501586513,-0.003706242126758519
2019-11-11,0.0,-0.026115630362434472,-0.030078727134855376,-0.02494140371224507,-0.025650125641541233,-0.023472982560644784,-0.024418811633611148,-0.022717395649594407,-0.022532745336488635,-0.018391695126143248
2019-11-12,0.0,0.004245240862239985,0.0032312366404634307,0.0028499090676084027,0.0043245756468131,0.0023966863100233216,0.0024949026194032164,0.0015229783564765231,0.0036945271292592174,0.0046896084595580145
2019-11-13,0.0,-0.0027688035174499026,-0.00182750557335698,-0.003209887853754312,-0.0025745030553369075,-0.0031007885342149155,-0.003113991715151143,-0.004128711819084252,-0.005067819299909293,-0.0016857671882086755
2019-11-14,0.0,0.01082982180732217,0.010359407024679745,0.007936197036428227,0.007277853540354373,0.005889420081409469,0.003680147973528669,0.006858769035398282,0.006092154962765273,0.008947606560017807
2019-11-15,0.0,-0.01862383067921103,-0.010222106409659926,-0.01316906020961961,-0.012828815180823128,-0.012085103486912496,-0.012509381486781823,-0.010083051115289177,-0.012737886239251206,-0.0032518308511039207
2019-11-18,0.0,0.010934391501404406,0.009126131384273206,0.007925793255321834,0.005804099356305326,0.008207145036237318,0.007353046927683238,0.005078848528534241,0.006048332371268561,0.0033851336707590995
2019-11-19,0.0,0.016911302375043125,0.017147208298536443,0.017843136252638336,0.019250082804648905,0.01637254715393155,0.016954654338174224,0.01547792390881586,0.01427532723571101,0.02075218184666494
2019-11-20,0.0,-0.008433525856482604,-0.004090459283682901,-0.00751280163859358,-0.005635596627809769,-0.006745394132082305,-0.006358427101925801,-0.005543699004507241,-0.006091139299719939,-0.010632913456530169
2019-11-21,0.0,-0.0008304051877973118,0.0021017046155653585,-0.002030842664508814,-0.0019678551425796886,-0.0009544302728853316,-0.0016672173983351968,-0.0018838277621902044,0.00018307822288199382,0.003170641634478555
2019-11-22,0.0,-0.00850083899747045,-0.0130502075075698,-0.011131321116193083,-0.011274465138015888,-0.009441908595449688,-0.00843899704773976,-0.00833516679681301,-0.0063895839354635164,-0.010745581806643978
2019-11-25,0.0,-0.009777411144683223,-0.013708303219819973,-0.008352332455875078,-0.00836424804365754,-0.004588192079587383,-0.0012271238702697973,-0.0003580404293146433,0.005138696623449901,0.010671225413414254
2019-11-26,0.0,0.0023307613488725565,0.002994290325069704,-0.0016315574656226017,-9.085263467945026e-05,-0.002049784434442703,-2.3777466602203923e-05,-0.0011096536237764631,-0.004616976270780504,-0.003350771050736445
2019-11-27,0.0,-0.004876734605439248,0.000983306229643155,-0.0015550840604597882,-0.0006512899855247722,-0.0004103213297934616,0.0008418928159996675,-0.0005122936287281776,-0.0001645439450783659,0.0034239576018830764
2019-11-28,0.0,-0.0038250514273806546,-0.0051749004351800965,-0.0021802772584259555,-0.0018930684187254965,-0.002351635810757924,-0.0034921198594644043,-0.0030263754963550937,-0.004377993919685963,-0.0028158786343545072
2019-11-29,0.0,0.005278081042823013,0.0004429527050031634,0.0026557423333357644,0.0007243404985186608,0.00026959015488303706,0.0007726609909195492,-0.002491912767921156,0.0009124284175963115,-0.005360597575506554
2019-12-02,0.0,0.006602868050734401,0.00169494162826056,0.0034578121614845525,0.002011471418159383,0.0019768953248169296,0.002314010019561996,-0.00034143747916337563,0.002441324261884592,0.0031719302519148673
2019-12-03,0.0,0.009449359179070305,0.007661601011775154,0.00801442737357827,0.008128487787838035,0.0059563767957084846,0.005076613253560458,0.0049939766941113906,0.0033326624891039103,0.00034169957333318735
2019-12-04,0.0,7.264146384344805e-05,0.0036546594230690843,0.002868360581045337,0.0022021155973785955,0.001823514423928252,0.0019181528714646845,0.00036584243124182514,-0.0005713911773543856,-0.0019273298760101865
2019-12-05,0.0,0.011120288573515325,0.009932317362818521,0.013536777753208495,0.01070925744946738,0.011561723139787983,0.009724956084942393,0.00892401982860136,0.008542728543519562,0.008207464600378023
2019-12-06,0.0,0.008574697876953197,0.00750468287317263,0.009222246581852334,0.006921040367797504,0.007300347901038506,0.006897050963591722,0.006565812115915337,0.00521343612764924,0.004560638382628879
2019-12-09,0.0,0.005250506786856457,0.0016372198304321905,0.0006094330258550329,0.0032115581311356056,0.003007199049452236,0.0026582803755816897,0.0029287890120843763,0.004097233400775169,0.00868087645184934
2019-12-10,0.0,0.005912475730107891,0.004924799506411004,0.006166835811396876,0.006477465838160779,0.005740203380668607,0.00648261570561659,0.002134343930599414,0.0037222977490705134,-0.0011625470230441914
2019-12-11,0.0,-0.006307673343021625,-0.0020554582112782827,-0.0016600387266979544,-0.003682146195195468,-0.003165740480365664,-0.0030678320992897357,-0.002337958975699439,-0.0010817472615261003,0.003998426391974563
2019-12-12,0.0,0.0018925712066701905,-0.003027054380028038,0.0008585927515805114,-0.0011960612172252638,-0.0006801561449319982,-0.0004495521054043161,-0.0014316285615999513,-0.0015185616183711614,-0.0046835056524118235
2019-12-13,0.0,0.012830454849668715,0.010547619998470426,0.010492167059682256,0.010932835267432939,0.011003277445400306,0.01078132424188638,0.011462285739874067,0.0118776641382774,0.008696312806802275
2019-12-16,0.0,0.0217171748676821,0.020675294620234874,0.019590488284318086,0.019298473915730474,0.015536473076839918,0.015946130283668314,0.01428470831677009,0.011957249006144366,0.011165693694515477
2019-12-17,0.0,0.0102836794140857,0.013027611291457575,0.013733499790176795,0.011517727035283754,0.011901911945221944,0.010385227262831753,0.012008609672676807,0.007615956661327861,0.015808168798702615
2019-12-18,0.0,0.005478698594721942,0.005910646751426718,0.004599928105862183,0.0017032118560069698,0.0012191098428389058,0.0010709183427890512,-0.0002224426037424898,-0.0015335476549201976,0.003406864006793242
2019-12-19,0.0,0.002304563505308055,0.011111765060163759,0.0044458443538051284,0.005962044652407794,0.004888547507795327,0.003223149791019564,0.00409620425064694,0.007419366766300284,0.002152280163940201
2019-12-20,0.0,-0.014443507120135202,-0.009216641313697593,-0.01119154069146333,-0.008423732409301943,-0.009644441163964013,-0.008267448096554664,-0.006701920184835619,-0.011131095323207219,-0.009570439973972111
2019-12-23,0.0,-0.02118311877500534,-0.022387469807607308,-0.020242282530916533,-0.018738074210001954,-0.020956014160925962,-0.019656996617339884,-0.018906352099346546,-0.019100391692367324,-0.020412368383083246
2019-12-24,0.0,0.01960169249511612,0.017903753819074275,0.017590557345917857,0.017144838614896463,0.016361115851525998,0.016834317925819464,0.01417031074139552,0.014452455980185963,0.010570952927931643
2019-12-25,0.0,0.006080940059941975,0.005396959681891023,0.003746932146654336,0.004007826835424666,0.0033329395109857884,0.00697633483487059,0.0012093516963318507,0.00026416865612666207,0.0031344096534364763
2019-12-26,0.0,0.007964603602665488,0.007782227535508834,0.007312706499339461,0.008586564781930983,0.006595082950253017,0.009105044933129802,0.007788209383325473,0.0072369994716046104,0.008711058785277892
2019-12-27,0.0,-0.014923287844659572,-0.010206570312540908,-0.007217490865073062,-0.007701224486486913,-0.007338111951175619,-0.006276949259250042,-0.00373348729891243,-0.00449817383353579,-0.004881819672401755
2019-12-30,0.0,-0.003717926104391145,0.0011269174182271247,0.002819362794303615,0.0030856309923017466,0.005948078782311406,0.005066713429255243,0.00887330467715075,0.00883843967972342,0.00417987051055646
2019-12-31,0.0,0.003998383822325202,0.00757212769994875,0.004909052345599241,0.004267381662860448,0.006482726920977733,0.0050989242626149345,0.007529652803884401,0.005793009646173575,0.010929580986525078
2020-01-02,0.0,0.02265072696407855,0.02306264029612448,0.02141283390330151,0.021111092335481363,0.019981269079215824,0.01935128751695725,0.01533933611349303,0.014624924846937226,0.010171272664312392
2020-01-03,0.0,0.011020542086127127,0.002156515175319562,0.008706474195943281,0.006131574983756272,0.00395397159924582,0.004937824465981233,0.004263627096037448,0.0035854278552061025,0.0017729527956651392
2020-01-06,0.0,0.012231461248735753,0.007558023006599912,0.008515723556561827,0.010613543615171528,0.00911073086044345,0.006796221997366514,0.005361074738139626,0.004446073587766053,0.0015525078605858056
2020-01-07,0.0,0.023633644143558286,0.012462495023251252,0.013546919696332926,0.01384876599338658,0.011898002171157218,0.011676416083521435,0.01419426798266743,0.010700942776609157,0.016802489097870188
2020-01-08,0.0,0.00029621215485176045,-0.014849258431758328,-0.013344942806422844,-0.010549282089483025,-0.013802528104365552,-0.014058044913063727,-0.013275102809704897,-0.01708623564438383,-0.01730562863706986
2020-01-09,0.0,0.015534649444873816,0.020576371199940713,0.015592458873424864,0.015014260591306172,0.015533996751555756,0.01520560352331568,0.015981113623506182,0.0145021262061662,0.014084619864677572
2020-01-10,0.0,-0.010485818466194563,-0.0007365289920205909,-0.004926492229960444,-5.6702961477195224e-05,-0.002151186342534639,-0.0013219626910447868,-0.002016953389254339,-0.002267361410113411,-0.003685675607394745
2020-01-13,0.0,0.017129407470330316,0.01596934759032087,0.01331309100229161,0.013682376922897976,0.011438273832860668,0.011574540134511757,0.011765234949517867,0.008492307801727605,0.006455205595105928
2020-01-14,0.0,-0.0022874465002610256,-0.0004723422730394944,-0.0009912002675923626,0.0008369330672515218,-0.0008620385379189965,-0.0008213732493850268,-0.0019247884943436322,0.0007557729903324706,0.0001288033987896231
2020-01-15,0.0,0.004997826235443981,-0.001508433098942219,-0.004493048368535368,-0.002551469047149091,-0.003214831517085792,-0.0029405815065198793,-0.0012724581947813896,-0.0049629732722948905,-0.012577139285311567
2020-01-16,0.0,-0.0029821661249050946,0.0029320878665590744,-0.0011877916981738457,-0.0032400655662536693,-0.005238746204353606,-0.0018184524292660376,-0.0012811789245528171,-0.00305971179017106,-0.005280133276310828
2020-01-17,0.0,-0.004749848202106111,-0.003899801629344446,-0.004167288912327538,-0.0051883618458357095,-0.0040991075530154575,-0.002366783882758572,-0.003359318555722357,-0.0020779315048090607,-0.006522769561129849
2020-01-20,0.0,0.018149026923170775,0.009317349449797119,0.010132108183502186,0.013178851349858967,0.010610467208231666,0.012862045209848905,0.009199078775967706,0.010777365959449448,0.0047748491911219215
2020-01-21,0.0,-0.0047460893308004515,-0.015770284863084072,-0.012539740363820884,-0.009544250735561866,-0.010852586522345331,-0.009225230273116392,-0.011592248936434069,-0.00965342303573824,-0.010918259343155046
2020-01-22,0.0,0.012069357778389689,0.007107662454962638,0.0025902846967837956,0.0037973514735749614,0.0044798518671071985,0.002008239521812616,-0.0019765622483940426,0.0017076964534354921,-0.00333937200854606
2020-01-23,0.0,-0.026685234544529424,-0.04003281998800157,-0.03390820941282191,-0.032516948818771096,-0.03537649290926659,-0.034327186226930206,-0.032725860055404676,-0.03339723245212378,-0.03370106047565824
2020-02-03,0.0,-0.09290298971364508,-0.0911506204542547,-0.08703399616352414,-0.08528822525400637,-0.08749126566755017,-0.08954475090816083,-0.08305426505268876,-0.08668794920609124,-0.08824737417193318
2020-02-04,0.0,-0.00664908893262417,-0.005244412196858783,-0.005985339367923226,0.0026719263079026945,-0.0012140393178697861,0.003383066267710788,0.0029525670521111103,0.0002738619556024169,-0.004899988782984366
2020-02-05,0.0,0.03311474206494802,0.030556869119826358,0.030159965734081418,0.02667560656859158,0.026642178320303245,0.025783419534136653,0.02652765169592919,0.025415095421659872,0.027054388675045837
2020-02-06,0.0,0.03111669451941923,0.025822798441066386,0.030191853751856623,0.026686752995159324,0.027319197546666674,0.02775659988285173,0.028588142857802312,0.024883502485530506,0.0198312533620546
2020-02-07,0.0,0.013448792250794872,0.01488010606796708,0.01497432118674702,0.00963607169540115,0.012637436481685915,0.00957660336211097,0.00813568066252679,0.004702479635328105,0.003851757963454716
2020-02-10,0.0,0.02513033796488129,0.014941665149131866,0.014840325939262877,0.01182912775940581,0.015507911921279316,0.012043223723464669,0.01308465836681627,0.014701972598655022,0.022193580707413396
2020-02-11,0.0,-0.015533149522140688,-0.0053390529861885305,-0.008323141813406099,-0.003105222737892044,-0.005401543128423669,-0.006302137535619923,-0.007852229062568439,-0.004385958197162143,-0.00037296700367250857
2020-02-12,0.0,0.009025121195892272,0.019930833452334706,0.016758071331052227,0.02007533406423523,0.018100914004722135,0.016340031524393783,0.014498170298505864,0.012502572625350483,0.009388394157611168
2020-02-13,0.0,-0.016705384032084547,-0.011824992833465608,-0.009080945389900341,-0.0070239134151590665,-0.009871666718996974,-0.007250933209496324,-0.01174196764375246,-0.009991066638641133,-0.009836368933115791
2020-02-14,0.0,0.00012867269811578375,-0.0011457106425900587,0.004261670826530839,0.001359237626168186,0.0014609813266452942,0.0025859840049822225,0.002275114125761757,0.004932460156404472,0.001354171900808554
2020-02-17,0.0,0.0457302608812753,0.03625371341677219,0.036330696312821154,0.035517882927060374,0.033202943634010884,0.03420520959011508,0.029535824705081648,0.03146259909184623,0.028895108478024234
2020-02-18,0.0,0.02685952702442629,0.025032212213015548,0.022393999933133957,0.021980723250784928,0.017615579591968133,0.017996595368959145,0.01635144460653315,0.012203134067467758,0.0096283730033202
2020-02-19,0.0,0.014587013293872797,-0.0008624305848378144,-0.006314958650366909,-0.007044966948055897,-0.00902566739507693,-0.0048298676393170314,-0.00940033390414674,-0.0015246511086318693,-0.004844449937050355
2020-02-20,0.0,0.021648520849281372,0.022489928809939164,0.016665860254913012,0.020573046263607564,0.017314194965110552,0.01923161463061196,0.016132753388356846,0.017123170271261978,0.018224606550538924
2020-02-21,0.0,0.021754607110546775,0.016187280302233154,0.014681498529683257,0.014969285686641243,0.011963947547566134,0.012747574998033251,0.011237227757596724,0.011558961683400426,0.010775891257662762
2020-02-24,0.0,0.03073590060652931,0.017828827134183767,0.01922904434323014,0.018652122982492525,0.016141959387758975,0.014167697157969394,0.014543694581008904,0.01048069422004505,0.005250842076218953
2020-02-25,0.0,0.016836402532181882,0.002892785474506443,0.0005932564047641531,0.0010906427658257112,0.0017485965293995154,-0.0012972048342146936,-0.0015933999034447588,-0.0006967455581048387,-0.011755111242562455
2020-02-26,0.0,-0.03722648562968778,-0.021024063503125023,-0.025833266115314446,-0.02705680995742743,-0.023643803583577983,-0.022326220490502036,-0.015217270629778068,-0.012364525602695742,-0.003267579036052015
2020-02-27,0.0,0.001604788005594493,0.002546911647483441,-0.0005823839339145209,0.0032093026389885537,0.0034434299468628637,-0.0003011640737946575,0.00436647262260581,0.0003103838139268955,0.006077367021505964
2020-02-28,0.0,-0.05948982099437228,-0.06177369384169462,-0.05724847058023763,-0.05472577788780486,-0.05330208144377235,-0.0533978255782398,-0.04871487438479283,-0.04697704033137762,-0.04614918813662294
2020-03-02,0.0,0.048680477001238565,0.044594691642707796,0.0424558475141239,0.0377160857056964,0.0414244408741713,0.03913729118508935,0.03897939410765616,0.039485817921824484,0.045894276280316504
2020-03-03,0.0,0.024714397763424545,0.01951250745434563,0.0142789610253653,0.011168096722442122,0.01283949222342562,0.011190169820045837,0.011807920138636963,0.00924651960642442,0.00932218642992666
2020-03-04,0.0,0.0025278844271732215,0.011173433191004944,0.008977307913870192,0.004745051188440597,0.006753150344141812,0.005754105100542528,0.008371264022756009,0.006178560317292359,0.0171389059483682
2020-03-05,0.0,0.02439499445276394,0.011916299591208768,0.015464664518396676,0.016575485239355148,0.01738902639739992,0.0164648151268445,0.018307870427398232,0.01823568534511555,0.016138671272782235
2020-03-06,0.0,0.011216857390649704,0.0008474604617469961,-0.00020415383436878098,-0.0010447607017208815,-0.00060511076112435,-0.00211973894074724,-0.004018389414468193,-0.0058109216797600505,-0.006433402192668636
2020-03-09,0.0,-0.03939331604655483,-0.03670023597012517,-0.03635207389115913,-0.03707570341742428,-0.03094797374151681,-0.038215128848710145,-0.03384446664176155,-0.03389974310452548,-0.03250012935509272
2020-03-10,0.0,0.024456544993683993,0.02843032428981873,0.023669613030955494,0.022510113897359574,0.019443490057351465,0.02374852293411478,0.01658643100240087,0.0225089820222224,0.01800282160696476
2020-03-11,0.0,-0.020491354541548157,-0.008155837412461842,-0.011327786119024963,-0.011334889895894484,-0.009312077185355316,-0.01054146187258953,-0.008907646290905236,-0.009121474080181602,-0.008263904086126539
2020-03-12,0.0,-0.017960037714335297,-0.018097592859114386,-0.01760716118413541,-0.02108560243026658,-0.020898203173840613,-0.019284349923158084,-0.02033059363112555,-0.018351670907376105,-0.01562780402714381
2020-03-13,0.0,-0.00973076789101579,-0.002328342895910107,-0.010895184652724987,-0.011757667992624454,-0.012157341116931786,-0.009377798209531774,-0.011096820530351548,-0.011578940571199126,-0.011717700659289454
2020-03-16,0.0,-0.054930435760940144,-0.041862958807168615,-0.044510119084511524,-0.043605327389451776,-0.03898852405553754,-0.040408655758517376,-0.03610603604474394,-0.037206402768134805,-0.030804869263555412
2020-03-17,0.0,0.005503584599946487,0.003176745784598589,-0.0017048476847776328,-0.00173202198603839,-0.0026447591508318435,-0.002400433727453577,0.0003503328510390258,-0.004014940888700247,-0.0037390466496085573
2020-03-18,0.0,-0.014436552221929966,-0.022696586153172826,-0.015674231242628345,-0.01335100388558974,-0.01411056789401166,-0.015802054335767535,-0.01679347074301285,-0.01693635727659526,-0.013437091367703768
2020-03-19,0.0,0.012999787294871279,0.008065592513946562,0.011664002444806476,0.011778965797308416,0.008230806098221466,0.009520105444261295,0.007151546131213937,0.008077686612809387,-0.002497317629909568
2020-03-20,0.0,0.009932179214345638,0.0052888227689569245,0.013926340192547126,0.01306479219864043,0.011131106423322157,0.013810428987187207,0.01486675520411862,0.013558025784157213,0.016295459905491194
2020-03-23,0.0,-0.03980453827439978,-0.039105665066950124,-0.039880836946558196,-0.04291969669375495,-0.04094058113433596,-0.0436415865294677,-0.0349374137042503,-0.03325571689573503,-0.02505512357299522
2020-03-24,0.0,0.012207332584854402,0.014988899282679213,0.01671232046659754,0.0183786671062538,0.017971500338305635,0.01802028305293457,0.02183715408210074,0.020920136072636097,0.015666583307123894
2020-03-25,0.0,0.024456956085901593,0.02409399348098984,0.02426785610279314,0.02513884580257164,0.022709433575056615,0.02324249112882648,0.02462041589656483,0.019042652417787798,0.0185630361291651
2020-03-26,0.0,-0.019721021578019582,-0.009430239975928512,-0.009995630203313177,-0.011333851448936172,-0.009592908169518188,-0.009709090403997145,-0.006952861762023255,-0.008345257842926501,-0.012988441065157286
2020-03-27,0.0,-0.014373165549032896,-0.012182345394953109,-0.009491581311778297,-0.004999299165294957,-0.005000234628378397,-0.003415978760007876,-0.0008550872326181791,-0.0028108701634862454,0.0014840481956823748
2020-03-30,0.0,-0.03312971486570271,-0.030249897318186614,-0.024353117825085535,-0.020801025046322197,-0.023342350846867754,-0.020695324983786678,-0.01921193513603625,-0.020012127890610687,-0.010387497541717639
2020-03-31,0.0,-0.006087842029612767,-0.003384886872395021,0.0008897296831180679,-0.0007269862223928669,0.002275010954974288,0.0012373860602516995,0.00280243133832192,0.004745312531102552,-0.0002311069303246871
2020-04-01,0.0,-0.003991675585347743,-0.003715266447139487,-0.005804445604035369,-0.0035337889569405645,-0.0055919287496776215,-0.006102644906745502,-0.005745915374717581,-0.006863507452634199,-0.013671658119076335
2020-04-02,0.0,0.03502805097134076,0.029576927104234763,0.023822511537942237,0.024413825012550516,0.023267435628019806,0.022004499083798645,0.017883670163271415,0.01833321394589471,0.01418772336778007
2020-04-03,0.0,-0.010057896301957525,-0.009062330912964378,-0.004737421448728574,-0.005092802001219865,-0.003535409974488868,-0.004728378365319252,-0.002970430499539045,-0.0055238864797509946,-0.006003642240873686
2020-04-07,0.0,0.04355179236521112,0.03820879488955997,0.0348005723708531,0.03257730902702827,0.030914372420820735,0.03238927648940071,0.030915657528997498,0.030806510930332376,0.03162784516475248
2020-04-08,0.0,0.008359240616875985,-0.00012712339607545697,0.0063134936916950934,0.003020235540779126,0.0026515564381772716,0.004035487709970642,0.0062336845358417214,0.0028069879743699566,0.003286569824406671
2020-04-09,0.0,0.010452702304079242,0.010498440190032099,0.009757152044781892,0.008184707419255366,0.008970578524602368,0.008125497647403002,0.010875583464632355,0.00680179091910782,0.012218713341366039
2020-04-10,0.0,-0.036919066915142906,-0.02878006691760049,-0.028658701426924615,-0.025721352055547153,-0.023767988352880853,-0.02413717920886338,-0.019739149953821866,-0.02165796320746971,-0.018094299965324856
2020-04-13,0.0,-0.010611068814234237,-0.009930074015291446,-0.01151528975113092,-0.00844356629909282,-0.006084257628257261,-0.008050030526152607,-0.005296391369937203,-0.0036595407500186194,0.00039897934125465717
2020-04-14,0.0,0.026963469909110138,0.02459719212592515,0.01923494796009284,0.020208362688241,0.018547151207021217,0.019138571546955196,0.017281870459356696,0.014719787935653983,0.012246477751918672
2020-04-15,0.0,-0.0019695736885362303,-0.0025128049677637376,-0.004722919868162645,-0.003028606032087433,-0.0069271404734535524,-0.005912283884243141,-0.006464201312151752,-0.003933669230382075,-0.006214779300579676
2020-04-16,0.0,0.00824864934202707,0.008293115829580033,0.00421289315358675,0.006911576807776321,0.004907921135791415,0.005920667251012146,0.0023713957546813713,0.004178803663287267,0.003780875181076393
2020-04-17,0.0,-0.005514399510263335,-0.0005264853652574564,-0.0031598537524601955,-0.0006778081953986437,0.0006999560566847141,0.0009566917400398722,0.00019551680896623402,-0.0011978296808831113,0.0048377418482663526
2020-04-20,0.0,0.017912593962444046,0.015141908611497668,0.015036645485979161,0.01363742938093715,0.013195213305839504,0.012539980402619832,0.01296911010196955,0.009219093649736054,0.014811692767347617
2020-04-21,0.0,-0.00715974714700085,0.0023983532375444483,-0.005439862326427902,-0.0025975738463619447,-0.006607444713097266,-0.005357295702489884,-0.004702455523148519,-0.0029303776084381727,-0.0026249339854679254
2020-04-22,0.0,0.016057776166666038,0.009779104021675478,0.009073258745455393,0.008405250421188448,0.008338898342336698,0.009661808779960257,0.009986197745690983,0.012682521971117522,0.006386821897555128
2020-04-23,0.0,-0.017619510386710058,-0.01477167020363257,-0.007302288364404719,-0.0033594288199706446,-0.0039173357226145455,-0.002300775813870337,-0.0034460198463168723,-0.0011877974576937067,-0.006202317635533139
2020-04-24,0.0,-0.023651911356529443,-0.020135008771040575,-0.02126272004137364,-0.019836394893820608,-0.018955182568889062,-0.01800207623074246,-0.016302499968506523,-0.017053233315463046,-0.014444477913901688
2020-04-27,0.0,-0.005474987516741914,-0.007889278676292633,-0.011138959167144469,-0.005316292701327829,-0.002077729026627506,-0.008932208441385758,-0.0070162124965327255,-0.0034879427077166847,-0.0026798777321621614
2020-04-28,0.0,-0.016200541336285235,-0.022089487613823566,-0.017541272176557765,-0.016858865997046557,-0.017200734626272918,-0.016561845767856576,-0.015670932655285963,-0.013702718023521854,-0.018494026423134247
2020-04-29,0.0,-0.010715545985898522,-0.006835787607124,-0.003981234953925661,-0.002409456221275752,-0.00291405595156502,-0.001039663096220278,-0.0030244116292907908,-0.0016331226227875861,0.0016120776535071268
2020-04-30,0.0,0.02091935174117343,0.022526387052089758,0.023611200825895517,0.020850669515010356,0.020221427446637463,0.023970281709676522,0.015417347484838917,0.01276095533458621,0.017548262364156297
2020-05-06,0.0,0.023775499345052742,0.020096874546701393,0.018639183680650095,0.019710009030003084,0.017466297203009296,0.019326802278643918,0.014296744100307457,0.012265728320782987,0.01264764596179635
2020-05-07,0.0,0.0045431744069381885,-0.0017312198856355154,-0.0017965679195453,-0.0060745199171921005,-0.0013147344629742541,-0.0019794483973017973,0.001173885237505834,-0.001427902342643561,0.0019850780735144458
2020-05-08,0.0,-0.0009021249006442404,0.008531979654268034,0.005765361984441066,0.007872415358788078,0.005583370496214657,0.005410403163942177,0.006097005529923107,0.004660282308364635,0.0069285696413312
2020-05-11,0.0,-0.0016911587189319954,-0.002988093366442013,0.0001408843356187628,-0.00035888302663911187,0.0011652161715212106,0.0016663990573448917,-0.0003950268132664192,-0.0013557279918825493,-0.00027248138860169746
2020-05-12,0.0,0.0002221484317554978,-0.005499596606272417,-3.0561015833985294e-05,-0.0014551156150771627,-0.001582534298767868,0.00016538182491654396,0.0005540313020659937,-0.0016021633148047831,-0.003112096487284166
2020-05-13,0.0,0.010353105801673479,0.005228372703362183,0.004630312920866908,0.005290669922862978,0.005628359744414002,0.004896348633233405,0.006044360918639136,0.0031372500314559293,0.005107133277016951
2020-05-14,0.0,0.004137265981535743,-0.005249325367110869,-0.008775143600260438,-0.007323653253567541,-0.008134310530727884,-0.007505607942353221,-0.01083324215353998,-0.009255267477118467,-0.010579052726292448
2020-05-15,0.0,0.00353956371593922,0.0014133703147558574,0.0026791727731787507,0.0038443023713390367,0.0026964137270917288,0.001956200730657276,0.0019546776872376714,-0.001049891454874663,-0.0017603479806391764
2020-05-18,0.0,-0.013150846569412233,-0.004342208704207651,-0.007152350213274206,-0.0017649565838359083,-0.0026383989360591054,-0.002989916664366543,-0.003023443947416826,-0.0014925376062989715,-0.00560544004940744
2020-05-19,0.0,0.009529492164244369,0.013167138605031381,0.011019107275998863,0.010792644094507864,0.009924349471811755,0.010053904199972541,0.009655215271651585,0.009065630734097274,0.008453834365883539
2020-05-20,0.0,-0.03123672930157495,-0.004043922274252099,-0.009861930796230434,-0.010331104163778582,-0.008074077167778415,-0.009531398571947514,-0.009806816964768261,-0.009672897405709646,-0.0072595273079288924
2020-05-21,0.0,-0.013411269406519155,-0.015633866248365935,-0.010631477398424627,-0.009415280894076505,-0.009378302651887993,-0.010688792395833868,-0.008110237551971378,-0.007995060294902268,-0.008004173541370618
2020-05-22,0.0,-0.00515381036007978,-0.012064723144089573,-0.013823353832085217,-0.015922270451199094,-0.01648163785423018,-0.018299132861754774,-0.017255804087569104,-0.01664494703934205,-0.01771926914539801
2020-05-25,0.0,-0.00781258583167077,-0.0005380413598704559,-0.002442225812708254,-0.0003263129887491889,0.0011926416525351868,0.0008803631659963784,-0.001309136433277347,-0.0013758305185533892,0.003981131441353369
2020-05-26,0.0,0.010362300078367026,0.022625073789833028,0.02079356296524404,0.016760437785433346,0.017847948702891303,0.017973419171985805,0.019691245134430213,0.017101110827512533,0.017358037538898863
2020-05-27,0.0,0.011640491409975917,-0.003716357561253991,-0.0027377488947650797,-0.0012699095347631362,-0.003009957463579127,-0.0022114016492295052,-0.0035302997521597934,-0.004949135571327923,-0.001133166578244138
2020-05-28,0.0,-0.011082619951048422,-0.009280665188060366,-0.006427187659918787,-0.004058786216897481,-0.005474642869055413,-0.006780035187754385,-0.0030796229015185306,-0.0009296695315273995,-0.00017361830186157778
2020-05-29,0.0,0.011233417030050097,0.007867434629184489,0.008676601727721556,0.0070910911253625475,0.007547455867262132,0.0029505127339652937,0.007471705821287644,0.006632896491833407,0.0027406989130138726
2020-06-01,0.0,0.02841245338534515,0.02804458223995221,0.02737229603167779,0.023028926821295537,0.024961619387484424,0.02681660038730982,0.025917658968181767,0.02522768805377762,0.0249716162484932
2020-06-02,0.0,0.0008008470022293768,0.013003590413249277,0.007129981168195965,0.00484027834048506,0.003299826856003385,0.00335340245182425,0.002330686575958918,0.0021034382004976315,0.005068932274714166
2020-06-03,0.0,0.00045544138770381437,-0.0009366105635478794,0.0008931831655314415,-0.0005826303265166199,0.0008941103922199822,-0.0007494293888353765,0.0007372678781361053,0.002026015389694935,-0.003222028147496392
2020-06-04,0.0,0.0009027877921918837,-0.0012353166639095248,0.0025664732158026116,0.0034161755896449097,0.0027700288968579567,0.0012195149764879787,0.0045294916469742486,0.0015376887273657047,0.0016940754516627798
2020-06-05,0.0,0.00041938158727305996,-0.0007106864021192427,0.0010913049021863408,8.608780193819499e-05,-0.0010571571393644952,-0.0021501752995805035,-0.002341690955248832,-0.0058866246137960765,-0.0012780900387298066
2020-06-08,0.0,-0.0052047912871356905,-0.005531814749368924,-0.0023362871187669887,-0.0036038608006564443,-0.003566729709270633,-0.0021021879497271634,0.00028418783810169046,-0.0022323052391602927,-0.0016291790046251142
2020-06-09,0.0,0.006061907578807313,0.0009491920269253384,0.004488729169398464,0.002258580384776776,0.0052561022195176665,0.0038844222832161712,0.002590750594248181,0.007442843409199096,0.0016377886769256556
2020-06-10,0.0,-0.0062241583283846325,-0.006505086301108354,-0.003248167933592394,-0.0034621042507083644,-0.0040788669071100125,-0.0008125707227899515,-0.0005246370401321698,-0.002933101169458996,-0.0027125136594966515
2020-06-11,0.0,0.00020133316866499662,-0.002414531119847352,-0.0008474606340777013,-0.0043672673582808574,-0.00402710329255862,-0.004606064052494863,-0.0034220018236488237,-0.005143658499451198,-0.005738651924790172
2020-06-12,0.0,0.00262345483357862,0.00019142979085273737,-0.0020940045212659575,-0.0019513359459164548,0.0008597008247765991,0.0012480893846988916,0.0023200626869934737,0.0007631472484230795,-0.00015779212992850233
2020-06-15,0.0,0.0100488041308191,-0.00258103854833458,-0.0026713118409696923,-0.0008327611162889381,-0.00085533248449432,-0.0012650539116804138,-0.0019812865878964248,-0.0032557249172999736,-0.006336971532353464
2020-06-16,0.0,0.010732939199539437,0.015874593436423723,0.01499553281265209,0.014909565149913817,0.016479553809534808,0.017079986518440116,0.01793047284122129,0.014064155903624531,0.02121400187233946
2020-06-17,0.0,0.010964232893556636,0.001875373546508463,4.080298227071566e-05,0.004545672365035669,0.0035932512140035566,0.0052925774133283365,0.003564143058824909,0.005785782501703363,0.002992549427279556
2020-06-18,0.0,-0.010782359940382125,0.0012423732697455225,-0.0029767035633674332,-0.003196494670286376,-0.001833208410164433,0.0004865285233093264,-0.004291653169425591,-0.003163834649048458,-0.00259420958304335
2020-06-19,0.0,0.001897782368963874,0.004962622311231346,0.004965910207076707,0.002414443282982681,0.0034095059586807253,0.003521575919440245,0.007038966455616524,0.00455860579242251,-0.0005039705875947709
2020-06-22,0.0,0.0031672395419763966,0.00026853041987640047,0.0012724429829993333,-0.001193115193974803,0.0019755017221876336,0.0013914340474656672,-0.0011274809684207465,0.0006772240127315143,-0.0002478091095952095
2020-06-23,0.0,0.0019415870277434966,0.0017001434419590122,-0.004494206993950534,-0.00022013451558122732,-0.0007989866915933952,-0.0035294058366018843,3.917460915014992e-05,-0.003836571315691928,-0.003073380847755103
2020-06-24,0.0,0.0011474072074628694,-0.002671786273672372,-0.005277517792938169,-0.002879308157795357,-0.004907383811737609,-0.004006251901750524,-0.002269243205087923,-0.00544537035364856,-0.003919166141108099
2020-06-29,0.0,-0.0036424597384526747,-0.01104194055588359,-0.008151662293583772,-0.007603921005331804,-0.004064983772573694,-0.0038245156783811574,-0.003464079622860994,-0.0022744607780319503,-0.007873037009981543
2020-06-30,0.0,0.017523373476997506,0.01264747905249708,0.012789334629292659,0.014531970655408788,0.016581950596208372,0.01557468084863789,0.015134432700882217,0.01538097753882206,0.014860249404899717
2020-07-01,0.0,0.003949003046028521,0.0004644311174333282,0.003587657776669806,0.003127516028577082,0.0071641712012944225,0.005359760168935912,0.005376115247303526,0.00448614397791558,0.008529894879345967
2020-07-02,0.0,0.01110387653394529,0.014425709297436251,0.012487626307792876,0.012493737573826103,0.014158989238284958,0.01389883416047355,0.010225556039636485,0.014384349925768536,0.010042337308775684
2020-07-03,0.0,0.005690107535401223,0.012966620268796358,0.009428318356764498,0.010049513103494556,0.00980486583821305,0.011983670483208586,0.007628874807297015,0.010690324329771794,0.009943231019399645
2020-07-06,0.0,0.0317362218877677,0.03934079254496359,0.03566103432224943,0.03651876420881761,0.037754072291286134,0.0380745407774048,0.035581636677564754,0.03884212171902468,0.036619208969964845
2020-07-07,0.0,0.013594365630445138,0.012375382709703064,0.011747249831803419,0.012290280672868192,0.010367860424594921,0.010792635929076644,0.010327677931968537,0.006450950268039435,0.0038747962252072554
2020-07-08,0.0,0.022087213391834615,0.019782082314205418,0.02231296956717732,0.01978190982544259,0.019066922672498432,0.020118832644036022,0.020687222271956296,0.02081162091104871,0.025441095686349113
2020-07-09,0.0,0.023047434746567452,0.028109563681570027,0.02550564351824125,0.025618401924678347,0.023891572425581042,0.02457537761042894,0.028040267347937187,0.02778329056220019,0.029042704543237985
2020-07-10,0.0,-0.0008314264827178341,-0.009559798248153006,-0.0016211979816058708,-0.007427953774740814,-0.004013211005141959,-0.007287799942783724,-0.004384767548537671,-0.0070809794743450505,-0.010815087055231265
2020-07-13,0.0,0.025055097552320937,0.031432541168773254,0.031077131727736962,0.030777526411881473,0.03427996596846983,0.0339702557470658,0.03500913645200132,0.03189723258204635,0.041706254410986965
2020-07-14,0.0,-0.007403930401728154,0.0008359644371129793,-0.005856849296160482,-0.0064538913552852906,-0.008716676392415912,-0.006841258630123526,-0.006651577697961986,0.0015009791279774198,0.004071509939840068
2020-07-15,0.0,-0.03125049815325065,-0.02889825058585016,-0.021100653707151418,-0.02563211488824846,-0.025650413569095032,-0.02424688840964251,-0.025725748871796794,-0.023857294144137398,-0.025744675579907672
2020-07-16,0.0,-0.039339462587830276,-0.045791839515203825,-0.04540335399129658,-0.0428646775777668,-0.04572332748622454,-0.04740894834050591,-0.04776162879414225,-0.04204011962298726,-0.04420218353195504
2020-07-17,0.0,0.007139854844663951,-0.004629640937088952,0.0025495010305165433,0.0025135913901737084,0.0008696727745816091,0.001529506971687633,0.0030588265639226453,0.005694309365881667,0.0037411441533083956
2020-07-20,0.0,0.03610723468582577,0.03349426616029394,0.03471385338061972,0.03191330171306728,0.03516953990306382,0.036624786360898165,0.03346531958714971,0.03690968002607442,0.042345292121583666
2020-07-21,0.0,0.01858681548798624,0.0024066861549336682,0.002498063296681119,0.004022037833183445,0.005638823639764645,0.0060449127492197,0.005900587055000628,0.004963897760340341,0.008640059583640225
2020-07-22,0.0,0.0058748074570902364,0.0021527192869450484,0.007218821292559685,0.0070428107482849445,0.005850470764302562,0.0056034701498370865,0.006468587522280522,0.005616811994523463,0.0035924579296964243
2020-07-23,0.0,0.005211564740841945,-0.000774767269184462,-0.0012152051255027718,-0.0016719131524174369,-0.0027427187919882856,-0.002249854186433309,0.0018134842967720832,0.004777692362500696,-0.005791052817277764
2020-07-24,0.0,-0.031434250017395526,-0.04164558445752464,-0.03923314270778011,-0.0405331329753329,-0.042627132652499955,-0.042588216570335735,-0.041947374420299055,-0.03800881438478698,-0.04475679707078817
2020-07-27,0.0,-0.006193560901117223,0.0003499653107736922,0.0007645245404259704,0.0013787920680377042,-0.0020297935264177447,0.003212437645840005,0.002254833317785865,-0.0010835055453473075,0.0036008159752920488
2020-07-28,0.0,0.016131367017637732,0.012714627853410487,0.01326750128887455,0.013581321806477975,0.01188926339280072,0.009180768921926097,0.009512392467991848,0.009723400337447119,0.010656421296296292
2020-07-29,0.0,0.03584011263930065,0.026919604870717873,0.02491063803928184,0.02302363208431779,0.024677623724025155,0.025088694736475903,0.02410862995522045,0.025172341701336087,0.021560115652996092
2020-07-30,0.0,0.005252383305380359,-0.0047797040930455115,0.002952820649108956,0.002022708103998072,-0.0005963729543448926,0.0006490188080781056,-0.0002762940890372878,0.0032234782303208753,0.0019356628029065792
2020-07-31,0.0,0.01597109028116206,0.012493658255688489,0.01469538626010225,0.013983412381191718,0.012578823747053436,0.013985035328423212,0.01502240594529125,0.011173572018373212,0.010824971760002633
2020-08-03,0.0,0.02947884702474446,0.030482659307041526,0.031193636451471995,0.02847603535277443,0.029577077143325248,0.029392015301430208,0.03067159411011411,0.028930925396158713,0.03344554782975129
2020-08-04,0.0,0.0003197949030484537,-0.0013836199702258467,-0.006379907827653297,-0.007101445135043072,-0.00552176031327567,-0.006930155545869843,-0.006575452499502421,-0.007822452578915118,-0.005013176289006771
2020-08-05,0.0,0.017227344772567488,0.01071298057440595,0.011187706082931737,0.014116079574485463,0.009957027078786762,0.011327523234314851,0.01173882642768298,0.009996233529105725,0.015200420841768869
2020-08-06,0.0,0.01293958152886554,0.005834585066754938,-0.0012863643612539555,-0.002360470913409074,-0.002002759227667683,-0.0010611006993701544,-0.004152043096957714,-0.003151437978470062,-0.0016204688977738968
2020-08-07,0.0,-0.011663927567312049,-0.014968785378336236,-0.009753619887363896,-0.009638702658373521,-0.010161685385162711,-0.01058202682469378,-0.010082010071465586,-0.012953641725609866,-0.010764339649473098
2020-08-10,0.0,0.00045547745429841413,0.007348683999921057,0.003935904316449523,0.004889715758016111,0.00709105357329709,0.007058740662449159,0.006614103541491945,0.005650423253654946,0.009000171357582465
2020-08-11,0.0,-0.014596232639601636,-0.020909726004182283,-0.020662011964361016,-0.0192300619967527,-0.016606622125104553,-0.019369747594011333,-0.01671350032222174,-0.02262244925361967,-0.02244476102263182
2020-08-12,0.0,-0.02225660479870295,-0.003432373852668258,-0.009335685854292453,-0.005739191964079016,-0.009972539519227386,-0.007360022380404674,-0.012218666206560758,-0.010799451420437145,-0.005521073710308966
2020-08-13,0.0,0.012615001528639924,0.006300003725462133,0.003765646957618607,0.005137397343298655,0.004143000918080508,0.0062185012173214815,0.006452468027314362,0.007128458104445734,0.0012235241595166535
2020-08-14,0.0,0.011315517801243402,0.00920393327293434,0.006797130559167863,0.005978445140161215,0.007196534721508607,0.007703885866731319,0.006745556944337094,0.005156542109477247,0.007234143266648951
2020-08-17,0.0,0.0076787469562829,0.019966251644117916,0.01805363433522711,0.02094621968205579,0.01897934458003503,0.021310006853988206,0.018611328075166966,0.018008171023211172,0.0211291401138336
2020-08-18,0.0,-0.0025705322141714726,0.00531431725298992,0.009357530007258807,0.009469943027935468,0.008600779880222342,0.008818643311823138,0.009365910795674726,0.0096848624905439,0.007804982575047026
2020-08-19,0.0,-0.02274069093567599,-0.01424414669013696,-0.016583327489131383,-0.016201096141595595,-0.015969117193724847,-0.013552134489377532,-0.016495410609670746,-0.014522719596251732,-0.007843591858880838
2020-08-20,0.0,-0.016782532689447294,-0.014928176498739565,-0.01067402440927634,-0.011623858308697055,-0.011065724267418697,-0.011746957945513059,-0.014688842192280616,-0.012621707055427756,-0.006407948634257199
2020-08-21,0.0,0.014832088184568049,0.003826372578160875,0.004367687653479724,0.0066155898762410015,0.006291048486122053,0.008884609713928793,0.007570275054287645,0.005965152386070871,0.008517647231851111
2020-08-24,0.0,0.006872363815766835,0.011639724749737068,0.006242934846981241,0.00854105725571852,0.006932293618184149,0.009182673085674775,0.006528109912550928,0.007047068746685259,-0.0018782835582598079
2020-08-25,0.0,0.008540734683821327,0.002381269061104918,-0.0026212561176044424,0.001014482544913875,0.0012133930317055341,-0.005264818026891271,-0.0040797771938909655,-0.004342197512600232,-0.00540474121910417
2020-08-26,0.0,-0.02293014938223592,-0.017869495528256563,-0.020849890479422206,-0.019324099577313958,-0.021968353617646597,-0.018814042340881354,-0.02284901000675943,-0.01795502910814617,-0.01866125782486794
2020-08-27,0.0,0.0195271366218448,0.019652871757089407,0.014714553461943947,0.012670672011343198,0.010972912462488882,0.012037446618405001,0.013688299205375287,0.010676967177867258,0.013166011085472329
2020-08-28,0.0,-0.0007046199332709779,0.005132853795470682,0.011183854756264155,0.008671408036267314,0.011726536104741392,0.010411679783538075,0.013068210157183957,0.010476588331453707,0.007467761929938366
2020-08-31,0.0,-0.01094703779142625,0.0028756774896971926,0.0012949812166596075,0.004938825721395146,0.0021805037813349415,-0.00042539380062944776,0.0011564992140324915,-0.0003964977256096791,0.002991129054657371
2020-09-01,0.0,0.0057455417271696785,0.015819076218339667,0.0039195332867987265,0.008429164023589397,0.006716042919334697,0.006586838734318423,0.005907190741881729,0.005983132781480771,0.0038055362986584296
2020-09-02,0.0,0.00809364303277027,0.013111512907227452,0.008553601795579402,0.007961292954145271,0.0077043360593289645,0.004846271506459887,0.005076257937223438,0.0021202490881429004,0.0059410807236788266
2020-09-03,0.0,-0.002353208439031196,-0.013361621519495825,-0.009724041690061691,-0.009443752435428054,-0.008246305202488702,-0.010221536717900603,-0.008077451477365716,-0.01181372303166639,-0.01150197886821902
2020-09-04,0.0,0.009748200377414307,0.01271562443527241,0.004679075897624507,0.003722808212647921,0.0003116603170099097,0.0002482710471358729,-0.0028300138627368465,-0.0013466699628891243,-0.0030288585756687025
2020-09-07,0.0,0.0018750383397354575,0.0023577492448090265,-0.008672958065512493,-0.007561231286307812,-0.011257624496267327,-0.013674951691501902,-0.0116702991099914,-0.011802730093733449,-0.013029151816630002
2020-09-08,0.0,0.024903488443761335,0.017440318882414596,0.011121316173525297,0.01180439229445307,0.00823534202771059,0.007982442613817309,0.010384602979199187,0.012817646708209285,0.008717958528043468
2020-09-09,0.0,-0.025799616517255375,-0.03524433829319529,-0.02867310574602666,-0.02747739226569923,-0.027678557769262757,-0.02775760867282384,-0.02718968948943412,-0.02256244590716161,-0.02199981830436115
2020-09-10,0.0,-0.05489117025061574,-0.05233765790905032,-0.043040201631814434,-0.040973249403774115,-0.03813229600016621,-0.03300729792587198,-0.03713297751807543,-0.0341030065280582,-0.03949313758552464
2020-09-11,0.0,0.01242971766827794,0.017387347172956202,0.015025424062163895,0.014531650940195373,0.013144927845609056,0.01575906226028434,0.017386505816225473,0.012291256458364819,0.0136020302152422
2020-09-14,0.0,0.024919891118083903,0.0316507737448426,0.01905138776372861,0.01982097723103826,0.01481734294766257,0.012723819016067228,0.016048781803834622,0.014919011093177614,0.015746422679114414
2020-09-15,0.0,0.00023552175525676233,0.0015247762883974225,0.0031999507490152457,0.003445284447031849,0.0042089085653240765,0.003498381552233809,0.0028127690078920686,0.0015207667066328145,0.0007767727414520476
2020-09-16,0.0,-0.008839262541553317,-0.003656294188744913,-0.008908927635860375,-0.006083766505577737,-0.008303338288380036,-0.006772947962957132,-0.0066129068057912965,-0.00711568290895459,-0.00869716775558993
2020-09-17,0.0,0.0015821654954963904,0.0032915426348649746,0.00291035047440813,0.0016732224830682263,0.001370967390679212,0.0027230972518603735,-0.00015781511065726672,0.0017315280548562129,-8.000827712573155e-07
2020-09-18,0.0,0.004623998442329524,0.00788962217750444,0.011538224989078305,0.011344680890592818,0.014172482407221798,0.013751995350176127,0.013530448679053064,0.0140025789733913,0.017787324390852843
2020-09-21,0.0,-0.0032444919216009227,0.0010207646260711467,-0.00310136750291623,0.00048165295615132386,-0.002354302371905259,-0.004510259069058442,-0.0013331850203749385,-0.00245687574748632,-0.0025847761081150278
2020-09-22,0.0,-0.009838072046377322,-0.02017766244061847,-0.015730281226022602,-0.017762070118170104,-0.014761550748057406,-0.013323504229015737,-0.01628332151432088,-0.01701282484103228,-0.015255185505207214
2020-09-23,0.0,-4.373288005876663e-05,0.005365248854284355,0.006363034711057036,0.0050567123181797236,0.005768696274008889,0.005348750243818756,0.006597164391783927,0.007332748808881684,0.006042378664876669
2020-09-24,0.0,-0.034849195096455676,-0.03313759717293918,-0.027632765609318044,-0.028156284035870893,-0.026568378017745142,-0.027479977074611472,-0.029944072786129983,-0.02575279382753537,-0.029016039483725775
2020-09-25,0.0,-0.003500165954556045,-0.00834574436567348,-0.004574995981652452,-0.005220087572281429,-0.005644581137035698,-0.0040298406567926826,-0.004005273860040792,-0.003956255300873623,-0.008080127758852251
2020-09-28,0.0,-0.008068707532831731,-0.018659924501554404,-0.017693099669404466,-0.01514895181823106,-0.01514343462888279,-0.010850872334704387,-0.013438011922247362,-0.009549644154998482,-0.015487922239958762
2020-09-29,0.0,0.005844135967807418,0.012192077597521056,0.009066276016938879,0.010323682019148794,0.0063158449496538704,0.006414804621633907,0.010238034684496577,0.005733859381772621,0.004212987257949052
2020-09-30,0.0,0.001069474709430862,-0.0027892332996496405,-0.0029501468062710368,-0.003178098634922466,-0.00015749971083911518,-0.002674981612137195,-0.001311095939887874,-0.0036804291350606144,0.001627809725659679
2020-10-09,0.0,0.025944800124370504,0.03236186622493675,0.03091672871469342,0.03073826587111461,0.030474360312368498,0.03024387733955014,0.032106302836068856,0.03131517944821849,0.03532766933255216
2020-10-12,0.0,0.03656333801415168,0.037741093245638346,0.029063323122773266,0.03140634418016375,0.0286242239863832,0.03016611715575368,0.029563527506362375,0.02955081332058418,0.03323154075134438
2020-10-13,0.0,0.010342750985135707,0.01680949376502827,0.006742017589343785,0.005886667325840644,0.003225203216439043,0.006535227820678724,0.0050501283892365745,0.004659430552144572,0.0018859234878403353
2020-10-14,0.0,-0.005812743645748797,-0.006156798250892215,-0.006952081445679159,-0.005166443806308152,-0.0055269046529276,-0.004410762378893929,-0.0049732759394751636,-0.007159462858149279,-0.0045363573056194095
2020-10-15,0.0,-0.0017910648520597094,-0.016892321340681082,-0.004855914789094529,-0.0070247549996457215,-0.008546783755566167,-0.007658767856745907,-0.008693427523096209,-0.005416971386400404,-0.009800049047832493
2020-10-16,0.0,0.0008204164277865189,0.0004484232974575342,0.001128634047909527,3.2891323763717395e-05,0.00020517100128114585,0.001429217726689025,-0.0007472221483268982,0.00052404901217451,0.003238820609938964
2020-10-19,0.0,-0.006018335692174137,0.0011286214947237028,-0.0042022268382596595,-0.004086281767441857,-0.0052633061132122405,-0.005734914691355453,-0.00591046666907491,-0.008094135497490162,-0.0073812581744541195
2020-10-20,0.0,0.011761552804852249,0.011152079402291681,0.010250827705737597,0.012187218672750078,0.008458038026949222,0.010428496585457525,0.011008684073457342,0.008824918601554543,0.009806497337027098
2020-10-21,0.0,0.0033513175468165013,-0.019582269748880776,-0.014956876772267647,-0.012370551425502918,-0.01451236971944736,-0.010796101887776355,-0.013589084455093436,-0.012213303363170835,-0.012433202917331188
2020-10-22,0.0,-0.002657600697805962,-0.0017090916990200045,-0.006230815544662649,-0.0029899904603400973,-0.001353725991014576,-0.005848381665009561,-0.003886936841414057,-0.002545568793070885,-0.0025330218190604548
2020-10-23,0.0,-0.01478698416218338,-0.00895660437480228,-0.013466399416392716,-0.013474534379096625,-0.012130370714097394,-0.015010650643528356,-0.014477590386054562,-0.014698384410270382,-0.014668630486753598
2020-10-26,0.0,0.010573292686197666,0.008680060930158495,0.005199172131547414,-0.00037858021339132186,0.002971481071096349,0.004753085024133075,0.004095003413602916,0.004504220506999834,0.004967792292303264
2020-10-27,0.0,-0.0005316085835007645,-0.00507215981387088,-0.0009700300926912542,0.001376943092883165,0.0008204115538803514,0.0013156076073934653,0.0016734242449225611,0.0002660495289203979,0.004753632608079039
2020-10-28,0.0,0.008745012242697081,0.005633056448886897,0.00011766198427554109,0.0035676137996705215,0.0027311405046488435,0.0045771224210116035,0.003701777037032228,0.00194269750204068,0.0031067395612758286
2020-10-29,0.0,0.0011463433580012339,-0.007995797101910451,-0.002188283807313729,-0.0006251784772047797,0.0006007658865225807,-0.0015164942369798595,-0.0013136009494770784,0.000655761935346888,0.001992725638882309
2020-10-30,0.0,-0.030030600570903565,-0.02778660464270899,-0.024391636464403454,-0.02551689925563827,-0.025139081002616748,-0.02594687654113037,-0.027713414217800048,-0.027445958169264983,-0.027943465994034633
2020-11-02,0.0,0.008636654067037952,0.0061598541135727825,0.00022641740719020476,0.005826034817543402,0.004532837677723167,0.00504517002602034,0.005628269894786708,-0.0003532022636986154,0.007138360341566008
2020-11-03,0.0,0.01738595413337607,0.019527819640648092,0.01810574828495115,0.017273025101098405,0.017755806592754775,0.01625924939652723,0.019756638864510956,0.020695850942560545,0.015504697208097884
2020-11-04,0.0,-0.013186227031315667,-0.004141850806239966,-0.0030485127114904254,8.324017793936989e-05,-0.0029005117612356246,-0.0019977606752380472,-0.0013983131134144289,0.0009223337858734748,0.0015018838745599616
2020-11-05,0.0,0.013580141041778848,0.020744568265215202,0.017450523679048313,0.016649010550482624,0.020033035529798182,0.01874377707225139,0.01829342424283631,0.01581674497457297,0.018960163333626268
2020-11-06,0.0,-0.024102775020883205,-0.01497242586833547,-0.011298310306032788,-0.011751975964602202,-0.008451062641685714,-0.009929931252300572,-0.011539636093848893,-0.009472612645407441,-0.008054171873911442
2020-11-09,0.0,0.009027354191793568,0.02194558918852141,0.022149913996973192,0.020304337779431414,0.021145587911599373,0.019316501529549113,0.02083344125375408,0.018416808485076208,0.023989357121481092
2020-11-10,0.0,-0.005456123526074719,-0.015325375028994226,-0.005403265864364792,-0.00911255760859686,-0.009462299848752465,-0.009298588012945253,-0.0117489303592625,-0.011154341459947537,-0.007145397846866741
2020-11-11,0.0,-0.021396997300305087,-0.02113453422891176,-0.012202355804227238,-0.015725036193984243,-0.010929687150998735,-0.012646145599424896,-0.013338301685370535,-0.006550923528681585,-0.003626833795399298
2020-11-12,0.0,-0.0056872143657504814,0.0008217761271256396,0.0040916560572570315,0.004446478270367038,0.0032144622341254703,0.0009929458726947171,0.003501906231656804,-0.00039773799470244064,0.009356930276768649
2020-11-13,0.0,0.00782465816725586,0.006256368201816631,-0.0012033813474529031,0.0001417100597875809,-0.0003799193121462041,0.00025904006519272826,-0.0019876488918069146,-0.001745427839287328,-0.001204898383796893
2020-11-16,0.0,0.015648752647658526,-0.0008141813825800481,0.008796276608870057,0.007923742671800404,0.011553955991106646,0.010855745171387543,0.010237210463081015,0.011894942164632383,0.017731039608802623
2020-11-17,0.0,-0.001086558914860647,-0.012776871469938333,-0.009441878611423427,-0.006776807781112448,-0.007164433869732423,-0.006134391504470038,-0.008583800375685513,-0.004762140899307599,-0.00294810146988711
2020-11-18,0.0,0.004842197869538545,0.003570905087040943,0.004032215660024097,0.003861074417188526,0.004027537010380167,0.00314836095393356,0.0012753769319764352,0.006341004025686159,0.006382261930547584
2020-11-19,0.0,0.0006852235196039835,0.004652714710030148,0.0021613947291796443,0.00565919770216472,0.0028835499824257926,0.0036811586080556236,0.0043705854153073265,0.0038346904998938225,-0.002904925465042285
2020-11-20,0.0,0.00496933396609478,0.010241975105619527,0.006011754371579414,0.006395192231300362,0.007108796886228452,0.006527712654729179,0.0083461137600096,0.00747556837263863,0.008305708534764866
2020-11-23,0.0,-0.0002983854105165218,0.00787271125911504,0.00539433681953172,0.0038155001381385834,0.006369558886509807,0.00495887778335069,0.0027425284984501364,0.005482094991239084,0.005546196933633896
2020-11-24,0.0,0.005377203263511987,0.006585012067446883,0.00347604467116569,0.0015005293494285699,-0.00032411888933880917,-0.0014471359367438374,-0.0015368484792905868,-0.003672890732776879,0.000569020023072575
2020-11-25,0.0,-0.00833895829841258,-0.006835728164110155,-0.009961146345618732,-0.01317761948380336,-0.015706861635830793,-0.015184363474096019,-0.01582427984332946,-0.015699758138717823,-0.019304009378338427
2020-11-26,0.0,-0.006515507595112546,-0.005615719866534197,-0.009585792357101885,-0.0037532996849246603,-0.004869495240639066,-0.005090762667809057,-0.004002993867445626,-0.004363145935505686,-0.00981159606174109
2020-11-27,0.0,-0.002746640840324055,-0.005986681384187564,0.00011394614235804568,-0.0026957874730081377,-0.00016391298593732007,0.0005645784731622694,0.0010469758360220904,-0.0017933279005237779,-0.011160142900423331
2020-11-30,0.0,0.0058524247976061705,-0.0027138178491563636,-0.0028382250765603967,-0.0037356250264205526,-0.00457067451954718,-0.002891551426604133,-0.004281232426980197,-0.0023259037200795696,-0.004718774145585636
2020-12-01,0.0,0.030151848330771003,0.00864618245275528,0.013218997081128281,0.011864387849541025,0.011562598434705196,0.015082219048408119,0.013007844870197127,0.01244772263234628,0.009643475584825811
2020-12-02,0.0,0.015242750833453611,0.0010769272224464554,-0.00018063720545791195,0.00024688588026222646,-0.00017227899265104263,0.0014564023370924328,0.0022402923873361402,0.0011341851572024275,0.002375725548634078
2020-12-03,0.0,0.006346346156150595,0.00033007270505303055,0.0013695005147538186,-0.004885791004667572,-0.0056681952184908235,-0.0035115730607502282,-0.0015388921196203276,-0.00017567774945748127,-0.002812150130282909
2020-12-04,0.0,0.0017467265259840659,0.0025666847103074097,0.0036519204750429246,0.004739012748080862,0.001310959395695921,0.0018596981437406512,0.004209236825004625,0.004062979547776013,0.008479927370334206
2020-12-07,0.0,0.011381688847794225,-0.002021227465775377,-0.0034981853658616613,-0.0020999756288326843,-0.004599563097647197,-0.005477415929798779,-0.004579815105230978,-0.005590193232241525,-0.002698387885565867
2020-12-08,0.0,-0.0031317451945734875,0.006773705189660806,-0.0007369080869613631,0.0015342893765026844,-0.001922866591698713,-0.0016900483429371782,-0.0007743241957572922,-0.0022047766596779983,-0.0034024077545378173
2020-12-09,0.0,-0.007497664518133718,-0.015436101556785542,-0.016241553253707464,-0.017273190858613674,-0.018583876679172828,-0.01851578653341135,-0.019157288383617632,-0.018558825660191958,-0.015516743894545826
2020-12-10,0.0,-0.008132385526920416,-0.0004269369591980432,-0.0008577110207717009,-0.000987874910223896,0.001022344571799616,-0.0002099845840044523,0.00048493334104438013,0.0006829546316318158,0.006497042735164937
2020-12-11,0.0,-0.02027751478672657,-0.012030828344029243,-0.015557192018512467,-0.01535830815631023,-0.016953696619187664,-0.01476932277173304,-0.015279451684087175,-0.01600602946543861,-0.015265664182429917
2020-12-14,0.0,0.010278290454871275,0.011769941086941405,0.006530530794222278,0.009455796094785196,0.00773909708404652,0.00893677026756401,0.01140788478815713,0.003553036423539213,0.008268646232207466
2020-12-15,0.0,-0.006789652463703,-0.008179532601481632,-0.0003721374307597003,-0.002058593217134197,0.00040636409835514975,0.0014996425840898553,0.0021714785882613885,-0.0010408917426113495,0.0010305828169989706
2020-12-16,0.0,-0.01871052630176928,-0.013778725660850921,-0.009931579907008992,-0.004711443070455901,-0.008037187919792799,-0.009667940000184672,-0.0077340923878743695,-0.008877777716813084,-0.011701902115271112
2020-12-17,0.0,0.018368956218012933,0.008053106776025443,0.010139178050525999,0.00843295076020878,0.008790082419217304,0.009018010137809007,0.009692155170143435,0.011247271456544139,0.010701224457613456
2020-12-18,0.0,0.005711572903947859,-0.001041161050725492,-0.00017933744619580416,-0.0036683756807335266,-0.0011734828519365248,-0.0008839850283216544,-0.001689419486041177,-0.0020003810457036586,0.0007538131693041183
2020-12-21,0.0,0.01802644140293408,0.01637519814468602,0.014836011972992669,0.010730515890331471,0.012544873584204419,0.011075117706351056,0.015197124348881319,0.011793463428658724,0.014496400483328342
2020-12-22,0.0,-0.010792445553990282,-0.016473425692417054,-0.01411799755344234,-0.018752579439568873,-0.022003743564004474,-0.022134574062645296,-0.018048498862486384,-0.01732728149668128,-0.021240226283825603
2020-12-23,0.0,0.026357083469347176,0.006886220360970752,0.0066330051410321555,0.00851451357608135,0.006533610590892858,0.007408091335337819,0.009655653814014231,0.008398064083963819,0.0022225527256893862
2020-12-24,0.0,-0.0004695882856176059,-0.015216079659832848,-0.015003253170674746,-0.015523980676936278,-0.02027530310796566,-0.016318476663664483,-0.014075881816149938,-0.015072847439050241,-0.01617296145619862
2020-12-25,0.0,0.028487183997905507,0.006945093038303929,0.00876000606774019,0.008190489705540704,0.00863252848905205,0.010295803712326412,0.010507419199263346,0.011053379877402625,0.013111607090428468
2020-12-28,0.0,0.002122840075720278,-0.013230057015008345,-0.008601802397472658,-0.00934623832897874,-0.008159143362539645,-0.006923388229027716,-0.006444291623118215,-0.004556900743476366,-0.006943583552264432
2020-12-29,0.0,-0.013262719606411455,-0.007413944720231713,-0.011456650090576836,-0.007097726572272589,-0.006194909143996563,-0.006884488502434505,-0.00894418294774113,-0.008988154691300543,-0.0009520043119667365
2020-12-30,0.0,0.01591512205628498,0.009992778270784486,0.003973617918507921,0.00617437637022622,0.005797049431173651,0.007495461573916229,0.006978463102486954,0.003825722569725576,0.008378378239858542
2020-12-31,0.0,0.01948153975243816,0.015518603075774129,0.014653264028166912,0.013447068090036263,0.013958693439422687,0.013667176038468565,0.014562257363942566,0.013085945232291563,0.006765029641815357
2021-01-04,0.0,0.0006551422536074103,0.020993119074035782,0.021112118975705085,0.017492238344561928,0.016938262525846293,0.016618247058516555,0.021710390545688574,0.014525863888232848,0.016795163798980495
2021-01-05,0.0,-0.014955034542878609,-0.0009813163176595197,0.0032581902872907964,-0.0008604787631678601,0.002200204826410923,-0.0023675414693221652,0.0031264261235883772,-0.0006730683589740716,-0.0030852350845973486
2021-01-06,0.0,-0.0027637181406935385,-0.014660367651428197,-0.013082995232450378,-0.009971869861787441,-0.010721181800968815,-0.011599443747710159,-0.011321215298318199,-0.0046726729513892895,-0.006874094243008888
2021-01-07,0.0,-0.02584117749468262,-0.017368063731313055,-0.02098134373653282,-0.018367352767855505,-0.02014056429814448,-0.017865127831201533,-0.014152416723427264,-0.01728199519609619,-0.01348122845138644
2021-01-08,0.0,-0.0009356467953473002,-0.003655524837976598,-0.005205832475773331,-0.005269639818631711,-0.00030826360864888436,-0.0018522764219477406,-0.006126636350541448,-0.002381580295075847,-0.0010284593317017032
2021-01-11,0.0,-0.019632634627527068,-0.026521571033026325,-0.025093622097159707,-0.02268641272928562,-0.022058413674978516,-0.02047136419367679,-0.0210264844335758,-0.020165100814896197,-0.026762826978928733
2021-01-12,0.0,0.010048386792732567,0.008868570665077513,0.008384715604177861,0.01080583352966391,0.011022665596734482,0.011537365699503255,0.010428951667733832,0.010297100267406822,0.008273224067442575
2021-01-13,0.0,-0.006394955808968761,-0.01106903023104111,-0.017176349799977286,-0.01385593828649001,-0.012663362621194385,-0.010130817165669992,-0.010852393396662108,-0.01108565566262465,-0.003949991077969006
2021-01-14,0.0,-0.02115374717401497,-0.0062968989735392444,-0.0034112471415488343,-0.0026055179331915257,0.0004597092328213481,-0.005311374992439277,-0.006326561386250762,-0.005803053877228903,-0.007717150720172872
2021-01-15,0.0,-0.0008795271382158187,0.017938934230854686,0.012083896793296134,0.010611080833918596,0.006922594347015476,0.006551582956906499,0.005532856275668241,0.010610198518645753,0.006689390042183163
2021-01-18,0.0,0.015493143482087968,0.02426459608211018,0.0217013013280678,0.017086870840549828,0.017438373555494158,0.017729341984582536,0.01621316252686622,0.016562131619078935,0.017629225873818655
2021-01-19,0.0,0.003236690665098685,0.0005586523494591766,0.0017874150122676458,-0.00011116017734225103,-0.0012688855554178202,0.001222805964687046,-0.001644936257935825,-0.0016084093962749346,-0.002523070958361462
2021-01-20,0.0,0.02607902027911413,0.011462555853121392,0.008274544987302956,0.007147765005296014,0.005474182843250075,0.004947423289742625,0.00798101101593085,0.006341354034570257,0.009815391430342935
2021-01-21,0.0,0.016047666662926785,0.008356872534440507,0.010529165336744972,0.009180846962623335,0.009504529181040056,0.010438202493947113,0.010393216113635306,0.006127410217840579,0.00871785606127129
2021-01-22,0.0,-0.001932762785620823,0.0008732140152607482,-0.005446051210970415,-0.005328909364639034,-0.006032229998387373,-0.007749680128132486,-0.004949540733476421,-0.010154406520979542,-0.0063163787039460795
2021-01-25,0.0,-0.014136238958992076,-0.01268251917604546,-0.009219906495797736,-0.010538305493275613,-0.009833423402072494,-0.008533332718408504,-0.010668843351779422,-0.01151698126006917,-0.011716380546606953
2021-01-26,0.0,-0.019575236908153437,-0.010108590606653367,-0.00984983673532347,-0.013963676793902091,-0.011791669058252352,-0.011497817307775104,-0.016001030654632098,-0.012405188663818678,-0.007551560071837993
2021-01-27,0.0,-0.003690729052574171,0.0018111992820124545,-0.0010500921005135444,0.001144906811146429,0.0006676984528848351,0.0008051572784604222,0.003205902896272317,0.003504941152479679,-0.0019730771476635933
2021-01-28,0.0,-0.025435048813357675,-0.011278574266244124,-0.018487653784558966,-0.01748773622717137,-0.017703514422338307,-0.016113889556450656,-0.01676375550865372,-0.018073406984567275,-0.014858356063043088
2021-01-29,0.0,-0.01703525166354336,-0.026501873014940336,-0.014180408119626509,-0.014339389174916173,-0.014466137163424042,-0.012995925873405367,-0.01193013169731083,-0.014354107008099914,-0.011995276066498861
2021-02-01,0.0,0.00044237454669371346,0.0011478620238654091,0.003584823711159535,0.002194794308802539,0.005955424041891533,0.009369071166642318,0.005125063556444376,0.00564419041426234,0.006646271813443905
2021-02-02,0.0,-0.0032479075012037395,0.003937958248186435,0.007400058926135156,0.009759052486218334,0.004936034835700376,0.008362624699765453,0.009518305475006983,0.005911820658538902,0.009549970352970005
2021-02-03,0.0,-0.01801791247656548,-0.018967752814391226,-0.010993358398439956,-0.008869800723827148,-0.013736833677856719,-0.014061167946872288,-0.014068421889974592,-0.013172885086531139,-0.007728776219611655
2021-02-04,0.0,-0.0225158579744702,-0.027987468442488228,-0.01753038800164053,-0.01709296917639702,-0.019167186558780136,-0.01604218527390544,-0.018268295351641206,-0.017357166254241108,-0.014333037261263892
2021-02-05,0.0,-0.008700616956867968,-0.022061724953698403,-0.01830455240894291,-0.015548460839229783,-0.016500108938778624,-0.013953880555088838,-0.01585790804187881,-0.013120522064725137,-0.007603267356725674
2021-02-08,0.0,0.001197599500485591,-0.004324232680695483,0.00412698588758631,0.003738438198527483,0.007796799174156321,0.007044197625382997,0.004578784493277865,0.006598999779665382,0.009282940778324589
2021-02-09,0.0,0.02594254228003612,0.016293942772773518,0.022144311730210253,0.01959606072313269,0.02118070602563593,0.02181615494544742,0.022513881314424555,0.019893701205722758,0.022085077159818667
2021-02-10,0.0,-0.000980818654069071,0.0045981157830401465,0.007646709649786532,0.009520620028570681,0.007738574407542442,0.008818822831143658,0.0074168623366765996,0.007140199987996088,0.0033476593862342696
2021-02-18,0.0,0.012692140541049168,0.023710837642691995,0.02391355323960931,0.022459286677760426,0.021670908625482044,0.025483985659196406,0.01499463575024218,0.020856925944287008,0.019946630742295746
2021-02-19,0.0,0.009033955011453099,0.022662142368105487,0.019491503678343847,0.018535871726411912,0.02214511955460008,0.022756040045409875,0.019461598110110723,0.02448163862040853,0.027238961621899316
2021-02-22,0.0,0.004948736021389122,0.005361261533290751,0.007380675173130236,0.0055739856106620245,0.008028510290446489,0.0059586245173568475,0.0003790217421155706,0.005398239581844599,0.009017172490344727
2021-02-23,0.0,-4.530775532374243e-05,-0.008186986439309818,-0.009090022655878105,-0.004576940776201077,-0.00538323965316001,-0.006762633089501424,-0.0038863266380512185,-0.0035249175569722624,-0.0008617478061682116
2021-02-24,0.0,-0.0043927681394303475,0.0013001354148121091,-0.004607114700069026,-0.005527716286013229,-0.0065672719993333795,-0.009000123214398914,-0.0050549327560280854,-0.0032603989170877368,-0.010222289514561722
2021-02-25,0.0,0.006715306334278415,-0.0069838463918191485,-0.006250744784184192,-0.008551104353074712,-0.0032920239779485883,-0.007180948204432602,-0.0051147861181570775,-0.006815783832036293,-0.011777064000003334
2021-02-26,0.0,-0.005748339095728139,0.0001635847705221405,-0.005593313006511558,-0.007178303476348735,-0.007458556521006354,-0.008484575932408478,-0.008890540333003072,-0.007219896969307249,-0.008348073884746121
2021-03-01,0.0,0.028396035088559035,0.023773172820868105,0.02294876035735971,0.02431058955402854,0.024704988409050443,0.02384198912239066,0.021645395475659246,0.02219875431353846,0.023032604751627606
2021-03-02,0.0,-0.007789677795791428,-0.006739843133894308,-0.003781950950734636,-0.006673178542719205,-0.006390963519782966,-0.006102831201877046,-0.007675045091343313,-0.0037959296512418694,-0.0070618602566480115
2021-03-03,0.0,0.014993935634575406,0.01455998636527811,0.013894841855930373,0.013569537091128403,0.0141761791840318,0.015810414661128647,0.01363727475105736,0.014229607614352657,0.01613533172935222
2021-03-04,0.0,-0.011529900768348478,-0.01123231573082828,-0.011309275349650316,-0.011952524757231298,-0.01144585106366236,-0.011870270416282969,-0.014254158643113302,-0.009693071019798882,-0.011490497646807318
2021-03-05,0.0,0.03130222541260719,0.012213024457701671,0.006024461402609926,0.009103307258670812,0.004068701781697381,0.002767169237620548,0.005583150495050759,0.002985234979387519,-0.0010682544926710058
2021-03-08,0.0,0.007969773332684893,-0.02142687852995573,-0.015001666326993401,-0.018551959786428318,-0.014724135609358036,-0.015293129296239272,-0.016913470231802008,-0.014131614660360947,-0.023303579052174395
2021-03-09,0.0,-0.005950042201702588,-0.022009340661510723,-0.028693031445795936,-0.026447935242377985,-0.022206810802977595,-0.02671879380050668,-0.023865647693318448,-0.024414627682340373,-0.027065279941815956
2021-03-10,0.0,-0.013998741415084504,-0.008731886581550552,-0.004006973915571033,-0.00892156038019365,-0.008094806344853267,-0.009168163696378406,-0.008156322969956942,-0.00925171338176145,-0.005604868210669411
2021-03-11,0.0,0.013054788695899155,0.017868202038200387,0.019303263282171024,0.02224864408068128,0.020631228537677737,0.024119418693944406,0.023408529975240677,0.022851018319485217,0.029471130398479373
2021-03-12,0.0,0.010040711108434186,0.004744628713701848,0.0023200914451801946,0.0024808353114771364,0.001765382562278539,0.0039532246723625875,0.0045001763551011376,0.006036761586316608,0.007430825649371586
2021-03-15,0.0,-0.02838828515127023,-0.0009632505012338033,-0.003939269838979187,-0.003598520428087837,-0.0015981828328383019,-0.0016155322875528455,-0.003235474398843974,0.001247033162383282,-0.0009029559892842487
2021-03-16,0.0,-0.0026759077638793816,0.012279300543572402,0.00865090770460264,0.012522199853365779,0.0077648271939334546,0.01036767300918573,0.011953498561074083,0.012515180689849359,0.012147846812483376
2021-03-17,0.0,0.010221073057190333,0.010935835675229821,0.01082808627422227,0.005667299169402895,0.0032647439569863934,0.003532800083777543,0.005556945910785593,0.0008881622721594873,0.0029612981172930652
2021-03-18,0.0,-0.0061620059739514454,-0.0010156825500196032,-0.00022006457414702751,0.0028405858927407213,0.0025140604363642627,0.004871417379754606,0.004375399917565526,0.003023877439502609,0.0008975572038445456
2021-03-19,0.0,-0.0019068159357038539,-0.0016961102068521194,-0.00681687982389978,-0.007148821150475326,-0.007832147268638678,-0.006793446740538389,-0.004441669806464876,-0.004232016824489482,-0.010524483410426444
2021-03-22,0.0,0.008246859500901094,0.016832339482386605,0.013068551352038993,0.015608170853921077,0.01665229272151536,0.01783867844348519,0.01834433645687028,0.018122348336823135,0.01794216285106276
2021-03-23,0.0,-0.022696657199556936,-0.01487845932470222,-0.01340633813345904,-0.012707549580936894,-0.012371193224446242,-0.015137835238325459,-0.013417566263943637,-0.013998930015009736,-0.01671614284803513
2021-03-24,0.0,-0.02180608846687515,-0.015235807241767652,-0.009893042687729947,-0.011021986967902686,-0.011816631201089112,-0.01162993045782601,-0.011838278540046931,-0.01023423540913837,-0.011970180616954207
2021-03-25,0.0,0.016114390771207132,-0.0012909987839572201,0.00016162566003519174,-0.003733947128719106,-0.0017308201262973277,-0.004350514962365271,-0.006698245459166308,-0.0040605751923651345,-0.0014399422908858428
2021-03-26,0.0,0.010044868520101113,0.016917863836215297,0.014487878467453585,0.016784768252545268,0.015278993236495397,0.013412412429103071,0.01811273525551993,0.018288317874264548,0.014719049171407539
2021-03-29,0.0,0.004688873681439221,0.005142786754985806,0.006070639043432413,0.0020090605949381057,0.00212130975005409,0.003826995111869458,0.0033352882749337898,0.0049939908349379,0.009332908871203083
2021-03-30,0.0,0.0013359367935084077,-0.004007734766389159,-0.005291930201642536,-0.0017527621503261592,-0.005529247560372652,-0.004640657815311977,-0.003478250961327478,-0.004750882345237795,-0.002846641614841605
2021-03-31,0.0,-0.0023800972123121378,0.0018713067821312102,-0.002801811914993957,0.0004465613813176006,0.002474582873074338,0.0015351784223855969,0.0003198745692831739,0.0020229404120157835,0.0002915976554316302
2021-04-01,0.0,0.010175468555950085,0.006294011426244861,0.004945547370881931,0.0024004188875286214,0.003618480274316882,0.004398814856111155,0.005748427503406983,0.002781071474689867,0.006457496901426607
2021-04-02,0.0,-0.009181893537823393,-0.00023415135594895276,0.001997289414337189,0.003501552659349816,0.0022516089883950485,0.0004676859438463854,0.002364867906367918,-0.0005534945977416772,0.004528492604225942
2021-04-06,0.0,0.014106669586197551,0.01629754268445338,0.01070794140787279,0.011455712491851289,0.007974703489038726,0.008715116926059086,0.010202603121152842,0.007779208722901609,0.011167728168997249
2021-04-07,0.0,0.0160382067069742,0.006915900717724188,0.004423765527344692,0.0033419435349510973,0.004928488123915553,0.005658442584887569,0.0024309968451781128,0.0059258381833353635,0.005406136716042953
2021-04-08,0.0,-0.012709908825964567,-0.008050177406293213,-0.007841351932575735,-0.004639831294813157,-0.006276008621399098,-0.006224781555265846,-0.006064170504104793,-0.004425929413573226,-0.000395380102401921
2021-04-09,0.0,-0.0009544631209622567,0.002024845544738252,-0.0008631394320511854,0.00037579021879374785,-0.00024454137205554005,-0.001174173053172467,0.0010794378558141027,0.0003120568100019039,0.0010845000099182212
2021-04-12,0.0,-0.02053570939942173,-0.008845511855449795,-0.01605477433150615,-0.012627031828512103,-0.01527872352358528,-0.017149307987537887,-0.013167290018110567,-0.010477937710586582,-0.012905514447046462
2021-04-13,0.0,-0.007768297266128266,-0.005768328053777472,-0.0038108853029863443,-0.006171688370184891,-0.008376333308956263,-0.007705530465872079,-0.008843328625750546,-0.005830867166699449,-0.006336166244146568
2021-04-14,0.0,0.00870271992907301,0.011779615966064805,0.013516897785136539,0.011181197156141298,0.01343206747081882,0.013059161729735091,0.012880686088065696,0.008938938612872871,0.007237575369482885
2021-04-15,0.0,0.014994682515626856,-0.00533188526204087,-0.0011916721364565452,-0.004180856329270788,-0.00011308177003899189,-0.0020122698322083687,-0.0029589092581973064,-0.0020302264041099916,0.0007535706020249666
2021-04-16,0.0,0.005525731547467716,0.011585541957365164,0.015974904442092708,0.012274031950005648,0.016185259145245157,0.016129223789411284,0.01171265523263787,0.014950357545313375,0.011420260653071113
2021-04-19,0.0,0.014723931178938221,0.022239187027442542,0.015138986679244626,0.013975443016595479,0.015400979657435476,0.013969373793989881,0.013347246983175243,0.011482248392992167,0.00867197499609551
2021-04-20,0.0,0.00877418716056999,0.0005471073376122071,0.0009400424507117755,-0.001726865317985271,-0.00223655698211922,-0.001101927948744641,-0.00280821593048719,-0.0011003256010476692,-0.002984992845769696
2021-04-21,0.0,-0.0051144167146334185,-0.005552116529686346,-0.0019038537903308672,-0.0031873265343898005,-0.004014775981646679,-0.0009068543328859535,-6.90738720985351e-05,-0.004530356401403424,-0.00017677090241907667
2021-04-22,0.0,0.007128493989665419,0.002892106748588752,0.002781464863881755,0.0061993446523309625,0.0029014709668164773,0.0030358124008553755,0.0036129080095717026,0.0025736827493385572,0.002598590725840566
2021-04-23,0.0,-0.0020208622077424465,-0.00996399701457995,-0.004550251199406441,-0.005863813496286285,-0.004985332024945444,-0.006370508458071633,-0.005782244519685342,-0.00825552397376772,-0.005593927022469747
2021-04-26,0.0,-0.012076692425489144,-0.008502037736657031,-0.0039642340327630254,-0.0010238500720732846,-0.0062474969156682825,-0.0032044771063888255,-0.0043479961005853385,-0.005586028056828729,-0.005223319108242586
2021-04-27,0.0,-0.0075615284371779445,-0.02170302778741673,-0.00560756718529043,2.218833702771761e-06,-0.00583016506106615,-0.005762633455536181,-0.004690080009765452,-0.005568568630381021,-0.009570003160212281
2021-04-28,0.0,0.014139987427641998,0.006889958239050253,0.0037933071305844557,0.004498795191018035,0.005384020647998478,0.0047810020602434555,0.004682246685028479,0.006535005668637073,0.006676824335693388
2021-04-29,0.0,-0.007651776939832655,-0.0012586955963401758,-0.003910997048010123,-0.002763779117935572,-0.0032292087854320917,-0.0014912518517411488,-0.003423400345339722,-0.004237908838799265,0.002166518387817007
2021-04-30,0.0,0.0003562715387785964,-0.0007204678105122708,-3.202910018673677e-05,-0.0019200957725700185,-0.004493496949279363,-0.005693570630631695,-0.0047877028535763255,-0.006997052095379264,-0.0028731823021626024
2021-05-06,0.0,0.003605312293708751,0.007850323347481147,0.007116500134718429,0.006358897329752589,0.003100403722435363,0.006741116980363504,0.004529104106461457,0.005859239086444257,0.018499609664285765
2021-05-07,0.0,0.00558561660518575,-0.0073960226334061074,-0.0075158531116905625,-0.0025352444036127464,-0.004771119221141817,-0.0058559495082918245,-0.006488612220616252,-0.004047717675989215,0.001764166078379592
2021-05-10,0.0,0.015365903045825163,0.0038422189095559164,0.00013698797197685825,0.0005729955709876233,-0.00010685299290396667,0.0013557427961890921,0.0017212097739556752,0.003954746889188819,0.003891720180619968
2021-05-11,0.0,0.009397911007565707,0.007635372629682946,0.006892977095428021,0.0027909787399220676,0.003936260936620473,0.0046969087848254265,-0.0007030582548330777,0.0032210565370587307,0.010130123297945381
2021-05-12,0.0,0.010033210514036828,0.0067431476205692675,0.011548783058784373,0.009602963776506712,0.009809725439339667,0.011465964918424998,0.012527190960617274,0.010496362876198484,0.01558303576809017
2021-05-13,0.0,0.0038643763091141814,-2.7727794995713317e-05,-0.006566930137808291,-0.0020802973151837767,-0.0058541189981161645,-0.006449442759357549,-0.0062638979227512825,-0.008051288940672086,-0.008952694554925311
2021-05-14,0.0,-0.0033314518321194697,0.009890596732218482,0.011127419355501988,0.013381735957452845,0.012135461683470572,0.010761216256178763,0.012045807111802809,0.0097026839364871,0.012692616180955962
2021-05-17,0.0,-0.01616383374688357,-0.01637007637241361,-0.01051298176286175,-0.010200110749279956,-0.0077989956441955055,-0.006522834837840108,-0.005920332662458172,-0.004272481928596528,-0.007604612057795945
2021-05-18,0.0,0.004922748030204982,0.006917248423523148,0.0069715124093368,0.006193242199265647,0.0051427548307925175,0.002755274149395026,0.001965190268893746,0.00468465342587443,0.009056703705646596
2021-05-19,0.0,0.0015610569522483964,0.0031140097170447856,0.0009935951422528344,-0.0001667827327840321,-0.0013113516396289215,-0.004357726864962608,-0.0004952125943403773,-0.004526134049252617,0.0023200065151878224
2021-05-20,0.0,-0.0007664319621824012,0.0006968967306542062,-0.0017779574891324534,-0.005740423416246365,-0.0031515589615239703,-0.002958360486659206,-0.0048378998626754655,-0.008685025977082095,-0.010195846687241605
2021-05-21,0.0,0.03001357013119965,-0.0004777265259485741,0.004779427362417765,0.0012213588118639152,0.0014958389955752605,0.0008563093474067696,-0.00046116031136789193,0.0035817177999408756,0.0042883752124405206
2021-05-24,0.0,0.01059891215908526,0.01031312557713071,0.008139924108367946,0.006773441290647941,0.006579259458197262,0.005031397462557763,0.00694099145182947,0.0027592857874811916,0.008241231740770516
2021-05-25,0.0,-0.002778972004984226,0.007432442484130997,0.006849461062726769,0.005296363485474576,0.00735005805287936,0.0084584164188517,0.007069587943229871,0.0047387252612409725,0.006987579766443153
2021-05-26,0.0,0.015203887958525453,0.007966962617178996,0.007129858415247048,0.005995991458116912,0.004922010480360006,0.005136254597960743,0.004516335244667102,0.004375435395333582,0.006147779354806149
2021-05-27,0.0,0.003725042078231988,0.009237197465722602,0.007886765577702626,0.006409865126008052,0.007012514107358925,0.006197936894351885,0.008604580131760464,0.005851563575533625,0.0052670069629476846
2021-05-28,0.0,0.008021423957269791,-0.004241440090665516,-0.0051315858458039765,-0.0053803819437318046,-0.005146026408005433,-0.0032197741610060504,-0.002686533857191864,-0.007616733642775708,0.0014346746006992372
2021-05-31,0.0,0.022335736558985353,0.006925862500910762,0.012729113074547938,0.011586647304268949,0.011018944026016664,0.0110318763063455,0.01240547912487977,0.008112299076072471,0.012536500044534105
2021-06-01,0.0,0.026511187845501105,0.008495866840800392,0.009384532465654516,0.007899991363675252,0.007706614339859419,0.005609483212402511,0.005119608732534919,0.004149541173007476,0.004579556108055494
2021-06-02,0.0,-0.009445298824979576,-0.0062927414619804445,-0.009202784522260088,-0.01038772449202352,-0.007385901079627444,-0.010786404686680573,-0.01089224067996053,-0.007962084083317333,-0.003879752668763503
2021-06-03,0.0,0.015773091945914253,0.001523404756568425,-0.002703552710899393,-0.003169528166969915,-0.002675345596199419,-0.00035983537952244404,0.00038174389409340037,0.0009931822617845754,-0.004782389519875863
2021-06-04,0.0,0.012205466161490097,-0.0030716960628519585,0.0005189153205298336,-0.000617860816580662,0.0015891022399567856,-0.0009754957569368949,0.002188989466861413,0.00019022469120888452,-0.0028017430447279112
2021-06-07,0.0,0.011972291522637235,0.012424463015188625,0.006160773632232219,0.00839423610429324,0.0061241679183232645,0.008100131267070765,0.0086905922620506,0.010203716608405022,0.00928873297772248
2021-06-08,0.0,0.02580507861454362,-0.000142403823210846,0.0009806921111421563,-0.0022440152935052637,-0.0019152436809470874,-0.004725041491845938,-0.0041116853117736385,-0.000553325572209995,0.003908499875284965
2021-06-09,0.0,0.004956992994377574,0.002444156560024391,0.000615455843534507,0.0012323122291415523,-0.0010204024918823995,0.00482147487928275,0.0029316336197817705,0.002341642404698474,0.010489376903047853
2021-06-10,0.0,-0.0004745575654453438,0.006129539262067274,0.005833890766414829,0.005570900074050034,0.005251042730884059,0.005499495891497563,0.006989484233459908,0.0022304038885450073,0.010397870061616077
2021-06-11,0.0,-0.015703714546477454,-0.00441367898375622,-0.008475136129573069,-0.007505971544846002,-0.006930554654479226,-0.006247000381968015,-0.007886570554367589,-0.006917471176426715,0.004198352946255479
2021-06-15,0.0,0.01727874564995302,-0.004252995963509587,-0.008741120552548387,-0.0074222465075435284,-0.005885057108859448,-0.006884900155253004,-0.008737502331950697,-0.0093970168367008,-0.007675431911573272
2021-06-16,0.0,-0.011674414433148317,-0.006272866304530611,-0.014110253267135775,-0.010760494655626118,-0.013143432752953266,-0.01402113281849171,-0.018554637435647336,-0.011988798775239617,-0.011823611090700625
2021-06-17,0.0,0.008177196521107044,0.003959065623113878,0.0059100663289526345,0.005190803496041507,0.008413019762729013,0.009201729631946431,0.010543469202493716,0.002776684057397505,0.005805647568165373
2021-06-18,0.0,0.0005195156780040122,0.013218511765795027,0.009728901538025081,0.008330059744786844,0.008594589084299997,0.007491829687666929,0.007823757360316375,0.005406712664123736,0.009754276603713308
2021-06-21,0.0,0.015024113223784719,0.014971122512864588,0.01036701952228869,0.013158401382519891,0.0120089039940674,0.011497646966272868,0.010350983704288774,0.011990922714135266,0.010987053290793636
2021-06-22,0.0,-0.0015472340601296874,0.00547372754115405,0.003378531681558883,0.004072073309149715,0.00461395285921129,0.00472750842000913,0.0074609835687096115,0.005877789775775355,0.007483247166428786
2021-06-23,0.0,0.0012575643295755778,0.005768960596004513,0.0029611090432499765,0.003831915467824798,0.006391130612311446,0.004317803065114756,0.0018979318310490267,0.0023731072965900157,0.006348457513211558
2021-06-24,0.0,-0.01772182045213122,-0.009012800153734069,-0.010213489981028001,-0.006693107354562855,-0.005439757811407375,-0.0055845551998653375,-0.005581806164062564,-0.009624737114115933,-0.007520995869079505
2021-06-25,0.0,-0.004392125177158146,-0.000798610202098371,1.100172908707897e-05,0.0014832484747986374,0.000631971582668589,0.000735391555034326,0.006061980027699754,0.0013970934042000227,-0.002919940673726029
2021-06-28,0.0,0.012549411168319757,0.007272210308967075,0.005497040222275373,0.006492582235779976,0.004770397725850639,0.005612270199981673,0.00805446576616764,0.006054998502250664,0.006246570996475409
2021-06-29,0.0,0.0024092092815206634,-0.015704314100160155,-0.007923652921615454,-0.00538685742698064,-0.009075260463749069,-0.008837855549976847,-0.011621829124471073,-0.009777779439086198,-0.006765282601273626
2021-06-30,0.0,0.009542009028725706,0.008986708395591458,0.0057688886322369015,0.005943739697399808,0.009511777117171105,0.008871705492407456,0.006648439044443011,0.005824125145212022,0.015165781388835065
2021-07-01,0.0,-0.025933126552010077,-0.014035318658549345,-0.015246217124545769,-0.014368436312480082,-0.01542932028360533,-0.013935139315830902,-0.017554269663147215,-0.015578998892545659,-0.024035821293444615
2021-07-02,0.0,0.00478490915576657,0.00032605739162416825,-0.0031226041651978287,-0.0032391162199518764,-0.003374471639359111,-0.00484109820529266,-0.004005011579967133,-0.0037859162032053417,0.001251138752886627
2021-07-05,0.0,0.0064611734930204445,0.02335534331548561,0.012662337434422355,0.013538394182143199,0.01451432583931922,0.01308756734167571,0.013824302804655408,0.012922214162059298,0.018096342733108672
2021-07-06,0.0,0.0077876776473038145,-0.0016896790227817204,0.0007870069473601138,-0.0008720778370334692,-0.0013262413823296182,-0.0031110843206249017,-6.281286261766716e-05,0.0033465050958061404,0.0033372652954173354
2021-07-07,0.0,-0.0030025218337451642,0.007362438454985298,0.006856617400925025,0.006782097474628879,0.007468472372123891,0.009371002408617546,0.011263550829288427,0.006655295980910081,0.013799998884942655
2021-07-08,0.0,-0.011146188177716287,-0.002353504627608971,-0.0060237928520731066,-0.0037469392985906014,-0.0013525456637856204,-0.004800011201926746,-0.0022318280981681315,-0.005562919685654033,-0.0017633122106875954
2021-07-09,0.0,-0.0013921272452996902,0.00449988427295156,0.004794547360257528,0.006576503312352822,0.007018279209244138,0.007614240946658413,0.007446815691948938,0.008810329222052493,0.0074016217579429
2021-07-12,0.0,0.01903810110551718,0.009292434163503671,0.015624250383040605,0.013165800492996205,0.015320478992833397,0.015685430203594475,0.0165827765633364,0.011795437556632038,0.020470371658291242
2021-07-13,0.0,0.0073016448304272785,0.0056678428930456715,0.008042646255495223,0.006365223208329107,0.007012266609713214,0.004340393696353972,0.007186389865160292,0.0042492315550153315,0.010605028474062195
2021-07-14,0.0,-0.015552733320498668,-0.014995729580293493,-0.012445044462149446,-0.010526453920030931,-0.007189383560708196,-0.008948683963382886,-0.006729427195487192,-0.008052078545442876,-0.016967917117868048
2021-07-15,0.0,-0.0014196543094000535,-0.0078052802021726375,-0.008148662317864597,-0.005613309563908375,-0.00528975145359889,-0.005443975514070942,-0.00207864037528227,-0.005306349911836983,-0.006044747158195918
2021-07-16,0.0,-0.0017186914553504185,-0.0037598029584021697,-0.003299563667401917,0.0004758308312924342,0.0004207418155068865,0.0001249406849379575,-0.0021116511726840814,0.0023656149307549335,0.007650757286325582
2021-07-19,0.0,0.007705112640760348,0.008837915860212764,-0.0006417694051191747,-7.432807863050339e-05,-0.0026365083683114188,-0.0007936906640876318,-0.0015652095026390533,-0.005596872423787369,-0.01265496239919417
2021-07-20,0.0,0.011748641511718505,0.01033571041654957,0.0025719928077321264,0.0030627365711117793,0.0038000077601545446,0.00641386259245369,0.005743629629597624,0.00314319361631088,0.008844857970930153
2021-07-21,0.0,0.03085849888414227,0.01425841215021073,0.012618127760707809,0.015753073118845773,0.017040123539075802,0.01304111427579202,0.01607141646837884,0.00859029915754106,0.02232319539209704
2021-07-22,0.0,-0.010082364395385013,0.0062751957801157054,0.00294130031558848,0.0060648895118848856,0.008955857569576509,0.007118345083049871,0.008822149923354727,0.008416446517013343,0.009503487313200276
2021-07-23,0.0,0.01778159406440105,-0.015084695359638745,-0.014786394370269185,-0.008898153573785539,-0.007406657636897962,-0.013681804286096888,-0.009568733470458834,-0.006275171066437268,-0.004679933128189151
2021-07-26,0.0,-0.007082278425720734,-0.011926657028778376,-0.014187191934248888,-0.012608751175511412,-0.012124058629353285,-0.013128965682114968,-0.01169873094678009,-0.013636328129485897,-0.015120886483789397
2021-07-27,0.0,-0.027795007797061122,-0.024856438764447653,-0.02173731688085201,-0.018835722420861067,-0.021932614764354597,-0.019672833271903944,-0.024266412196147225,-0.023325831104331507,-0.028999372539609936
2021-07-28,0.0,-0.012436785863406796,-0.03379423536355952,-0.024110898047184803,-0.02543833228735559,-0.022512359807764337,-0.024044514337227874,-0.022840045524027963,-0.027937028072382408,-0.025386846605665037
2021-07-29,0.0,0.030521626470716212,0.03404156365154609,0.023779520385164288,0.0282607668394117,0.030226518626934595,0.02976031852188399,0.034149656263321004,0.026994213748443796,0.03536291719709195
2021-07-30,0.0,-0.004430187584832601,0.008803646059418746,0.007664318436979567,0.012308945886803313,0.009288643076891034,0.010801851894739922,0.009254136798740209,0.009515600195595608,0.017429695863199868
2021-08-02,0.0,0.008108813018105065,0.007094210670955725,0.019051738343632385,0.01919905056931226,0.017126727354623617,0.021217224374560084,0.019286835005432046,0.018939263536415174,0.022734100592568307
2021-08-03,0.0,-0.014292802602973942,-0.007372055838049119,-0.002416124500393302,-0.004475230053496149,-0.009919657389816372,-0.007412827306851777,-0.008069557274020478,-0.003525863193744816,-0.008168460500825425
2021-08-04,0.0,0.03295243447276497,0.013844127706256426,0.01224957505771651,0.013167549892527441,0.015409687300849129,0.014948422700927111,0.019751819903458534,0.011636627915358577,0.020108635090136495
2021-08-05,0.0,-0.003493596649655095,-0.0025174452725018615,-0.008669973273519593,-0.006730268114286897,-0.008988837691822793,-0.005794793587448055,-0.005453445420798064,-0.008623339062191482,-0.007970920574131957
2021-08-06,0.0,0.019955988345347953,0.004801779081553326,0.0035745621130733873,0.00027894317355037224,0.004867192236647888,0.001996012821317006,0.0058922851311487,0.0022978573031502414,0.004790902773794015
2021-08-09,0.0,0.016798423909502924,0.009505463090351274,0.009116143857809789,0.009511291488578655,0.005716435243442453,0.010673187898611713,0.006889727382257238,0.006903053618124044,0.003866491292616514
2021-08-10,0.0,0.01380780687521721,0.008873639359514351,0.012034403746402189,0.012094735547478086,0.00814531075201863,0.013310968530974465,0.006737229097699693,0.0064136704937436395,0.002635444518066077
2021-08-11,0.0,0.0109561161749403,0.006412489456241621,0.0058459507659816,0.008586076238386253,0.008162464939196479,0.007267856704959996,0.008687046297503942,0.012752271183240405,0.012394549054853155
2021-08-12,0.0,0.009412289672218854,0.0028419751835722096,0.005314876146999659,0.0038637248503841093,0.007158517504620265,0.003177492690439987,0.006005673168536063,0.006767212118900634,0.0031537911042140987
2021-08-13,0.0,0.0021724914759957414,-0.0002206025994817562,-0.0006682663547177281,-0.0016306419011591355,-0.0003182175658883457,0.0019044030128547718,0.0015897062157093078,0.001369960135246151,0.0036774239294985467
2021-08-16,0.0,-0.015268192055963414,-0.0003407668428113686,-0.0014853755042760763,-0.0019396721241329296,-0.003575439262726632,-0.005346079731822884,-0.008186820004141726,-0.002181929931179938,-0.0009399272323996621
2021-08-17,0.0,-0.02987635985442294,-0.02752557828555846,-0.022623576933097578,-0.02624087241332107,-0.027093906119771805,-0.026734207716491265,-0.02840947560843321,-0.028003802100711406,-0.02699594007872741
2021-08-18,0.0,0.001538148523587246,0.006568160118601618,0.008583604742484985,0.009420742076925004,0.008394752304706099,0.0070552261434495556,0.010727831429242718,0.004732651905316354,0.01059563163031596
2021-08-19,0.0,0.0005531342301181574,8.560477155850066e-05,0.0015025828442984945,-0.0005472891431790305,-3.3947220389074495e-05,0.0002975452411642099,0.001385653077810467,-0.004371445802519802,0.0049536499753481955
2021-08-20,0.0,0.0038079176488969857,-0.0024038217253794514,-0.002240670988086113,-0.002202518637893003,-0.0019298588671071704,-0.002476756686072279,-0.0029444203169151084,-0.0020060760282173407,-0.0004074731059233727
2021-08-23,0.0,0.04397402821266416,0.027331736380469485,0.024198202557887738,0.02614097085967404,0.027780792211348215,0.025328324055879925,0.02548841155108139,0.022940913315343092,0.026992463030357294
2021-08-24,0.0,-0.002966644565347787,0.005950467436783402,0.001416484095174031,0.006003947783209007,0.0037697596777919173,0.007583583672313043,0.008607129493985566,0.006943618539019258,0.004003984713002895
2021-08-25,0.0,0.01604956384031886,0.01009556288008251,0.008199586918199442,0.010082616094495345,0.00685310524132432,0.007822771338080514,0.007587202347011823,0.009848544341604759,0.002836843521638377
2021-08-26,0.0,-0.023499113148020112,-0.0038612675130205165,-0.007241624176629213,-0.0049087183827772884,-0.003769007396925428,-0.005804818234158127,-0.005205748167404711,-0.0023815863280509664,-0.007417736737029501
2021-08-27,0.0,-0.006785059711597152,-0.006716809381447919,0.0008023548096478539,-0.0013005185003157615,0.002343783982126091,0.00295560510840831,0.0018580379481665243,-0.0003667126958604161,-0.004050654769241047
2021-08-30,0.0,-0.0011526212156843796,0.0077503678873946935,0.0033843367245181,0.004759385191206444,0.004135095854715276,0.002077003596189231,0.005441825949207946,0.006401885564883969,-0.002784420497321527
2021-08-31,0.0,-0.0024098100736932304,-0.0006696796371329361,0.0005984950979907033,-0.0016444570990120644,0.002349041869501578,-0.00046806397527610066,-0.0021508416868973868,0.0037734639519579893,-0.003783039613278416
2021-09-01,0.0,-0.016505818872194933,-0.00930722938997175,-0.005554057861483885,-0.00785079228760821,-0.009739308607593977,-0.011853968677364324,-0.015175090917142309,-0.007716820096584254,-0.016667141421472187
2021-09-02,0.0,0.016650007737905925,0.011219526930367207,0.010347736942300179,0.01318319929676015,0.016121789215916893,0.014835274268013121,0.01684701113383613,0.015538217167672563,0.01544538787958638
2021-09-03,0.0,0.009301501581820526,0.002864601820222301,-0.0012503682105433622,-0.0005289284433773744,-0.003367551717917583,-0.002645853926676933,-0.0018002398094959515,0.0033249755272999337,-0.004551351368463519
2021-09-06,0.0,0.01524900895032899,0.008077843287593645,0.010401689582554718,0.008859606696877798,0.010238110621889618,0.010679981212292855,0.010252354681450582,0.010944001554716865,0.0057705656725750565
2021-09-07,0.0,0.016100692696813024,0.008335179067856968,0.013491566343015737,0.013552630460572646,0.01615642834016362,0.012743989201685402,0.016927141730921802,0.017208362523471354,0.014296189346570287
2021-09-08,0.0,0.014070996732658658,0.009599794353919,0.010313852444013616,0.006966305657835292,0.008519450541680351,0.00796870732496835,0.007197021638074563,0.013917693362465844,0.010718791745126577
2021-09-09,0.0,-0.00789032257309108,0.0014427307573017245,0.002298451144364444,0.00044677494946299134,0.0019280526649498864,0.001465611653665988,0.002398499312260105,0.004431471442514212,0.0007475722398797569
2021-09-10,0.0,0.0031386733073091033,-0.0014102842270842242,-0.0061094855017872485,-0.002285081545850831,-0.004713784468380777,-0.00525819106904446,0.0012057001388792177,-0.0052767433528095875,-0.006145578370070903
2021-09-13,0.0,0.008008224512036088,0.0011232911860343808,0.00227440948344948,0.007117314930938923,0.009380321743008624,0.005383964805085295,0.009092684614425472,0.01562130896165792,0.004702071374618644
2021-09-14,0.0,-0.011451417826250587,-0.004471794445476851,-0.0063256042175015015,-0.008915077356500767,-0.006468032521755984,-0.010049079665984229,-0.007667151093354474,-0.01180993826584087,0.00021402082838628544
2021-09-15,0.0,-0.00035288221854656854,0.011454580983463414,0.010238004134370815,0.009452672115088712,0.009783517132922137,0.009090109468002483,0.00825676760424443,0.012499018373592241,0.009850191206222103
2021-09-16,0.0,-0.02962905263893678,-0.01601062823674415,-0.014591322762980363,-0.01574598205301392,-0.01921387808295638,-0.015050144023831535,-0.02023758053298852,-0.014532701293604955,-0.025106864403712348
2021-09-17,0.0,-0.010726549178481926,-0.010125319997281279,-0.003859803023491537,-0.004906059465403678,-0.004727841714667447,-0.004632318584704698,-0.0028160699768273734,0.0012849071887628405,-0.0067194894532297544
2021-09-22,0.0,0.003697493728435308,0.005525790167915545,0.004648748225130062,0.004689537904016827,0.007647591154871236,0.007099016333304453,0.01113536838053264,0.014161683469032349,0.013489013030410169
2021-09-23,0.0,0.012740642996010187,0.007376307605964749,0.005210579977193763,0.004888333603452866,0.00014832482260751512,0.00552785525153765,0.0022164323850373258,0.005306978614291857,0.01364787261288436
2021-09-24,0.0,-0.031559615571425836,-0.01160994946511884,-0.014350566531622921,-0.018545429093226873,-0.020527617757720162,-0.018795579865611534,-0.01906288535429801,-0.026799205752090494,-0.02004339139834943
2021-09-27,0.0,-0.04218504323891714,-0.030567290733299446,-0.03092447487632244,-0.02926552868648513,-0.03399229559470518,-0.031464090180986726,-0.03426418097219175,-0.0404474709432735,-0.03590926912846504
2021-09-28,0.0,0.006161347240586146,0.00499616450293372,0.004372809863164351,0.001696966102268771,0.0034535826118948787,0.0050707498729891665,0.005223175679664571,0.007193641175186283,0.0018016667562559263
2021-09-29,0.0,-0.018748781864447395,-0.031414896304243434,-0.027247782995521885,-0.03146406189661999,-0.03496069171804539,-0.03387551354087481,-0.039082564854563406,-0.031723542610109456,-0.0338259040475104
2021-09-30,0.0,0.034888178222241883,0.027665025385583908,0.026677162516117292,0.02438962315315729,0.024711659459238478,0.024323390457880567,0.02657604492936394,0.024103339934747448,0.028073578303865032
2021-10-08,0.0,0.02616743833412949,0.017688185227051845,0.014285231669455056,0.0128513758514055,0.009176829744357295,0.010940771845200592,0.0067220246005164075,0.005831708378644773,0.0005297423246510835
2021-10-11,0.0,0.007639958683224313,-0.0019365931261445812,-0.002922290729852395,-0.004662991711079534,-0.004698312059607357,-0.004952206894873745,-0.00486701202028339,-0.006238574170385647,0.00026405921790817466
2021-10-12,0.0,-0.027911606066754246,-0.01645777256334069,-0.014642774871720166,-0.018027675892336226,-0.019426715292049535,-0.01811649861946385,-0.022551031167643676,-0.01907025174726007,-0.025211614105716595
2021-10-13,0.0,-0.0007566687729856358,0.0008999329912557918,-0.000826880449539602,0.0015355650843960067,0.0011695318827960044,0.002255820984939483,0.00048056844479238414,-0.005330637242334291,0.0025934747218776533
2021-10-14,0.0,-0.006571739112699371,0.007999423439353892,0.006659740478352827,0.009347860774901129,0.0068107128630383595,0.007640067154399688,0.008778791991950197,0.004054532226887009,0.0057376950482139755
2021-10-15,0.0,-0.0035762935165404297,-0.008320626725463298,-0.006897899030973376,-0.0061980732917518155,-0.005001265933316623,-0.0035550012943506015,-0.005561846858168185,-0.006899629357263293,-0.0076055872904818855
2021-10-18,0.0,0.011242339487791408,0.008428242543838005,0.011133735539450296,0.01126359451280412,0.01311762524836979,0.00917652241829714,0.012844775904695904,0.012638160531278197,0.018273772515282616
2021-10-19,0.0,0.0015464760808283629,0.004625020810533176,0.005240761072981215,0.005488041074266592,0.008012317629246368,0.008023415762621111,0.00860666475577987,0.0034795059837375852,0.005878582252359932
2021-10-20,0.0,0.0014540339796809132,-0.0018485297878971796,-0.0006679652039144335,-6.93240724480848e-05,0.00013116725192774403,-0.00016983924916591508,0.0009525612971625907,-0.0004869792497197434,0.004350666761557376
2021-10-21,0.0,-0.00873021388154549,-0.002823746730940213,-0.006803376412417239,-0.007172605005573263,-0.003284544839128989,-0.004577011086411065,-0.0022323046980182726,-0.005868439245902191,-0.007624648351947205
2021-10-22,0.0,-0.01617473734604813,-0.004770983236937698,-0.006904558547687123,-0.009996761924792819,-0.009633309315495775,-0.010962491209664638,-0.015450047553114965,-0.01129166744711485,-0.02250526153655863
2021-10-25,0.0,0.011211346990287252,0.011027150751532488,0.009904167394675367,0.010591251991012074,0.010791411229795544,0.008590446305083876,0.01520615377293888,0.009463873937793466,0.019842285889562605
2021-10-26,0.0,-0.004051150480003374,-0.007524658229395631,-0.00447690209523921,-0.005185962828446078,-0.0029530338946928136,-0.002959568838510118,-0.0001432699695477213,-0.004066773300895554,-0.0037180596617677475
2021-10-27,0.0,0.003067362768293558,-0.0159069527379323,-0.015173616070494056,-0.013387111252268213,-0.011288938603010945,-0.012640795167382035,-0.008797030247201798,-0.009898728608397467,-0.009616027058229393
2021-10-28,0.0,0.0008219157617228579,-0.018615197029560604,-0.01813634639602235,-0.019145028090976846,-0.019344589724160643,-0.021211243801579793,-0.022899245277942404,-0.0209204007698911,-0.02143379361403397
2021-10-29,0.0,-0.008699184264011062,0.014374228379990361,0.01670536555326496,0.015710018551581495,0.017661067739253022,0.016412834223816786,0.016436350128652855,0.015644117531122825,0.02506361618256303
2021-11-01,0.0,-0.0011991789230233474,0.013924017061198057,0.011918733204934862,0.009671333023052675,0.012037262431940476,0.014769415652230888,0.012311499699419803,0.012078364641212369,0.01603349797560516
2021-11-02,0.0,-0.023405198994206566,-0.011675022680224134,-0.01675734875511381,-0.010611618561827019,-0.014990283308604968,-0.011039220821477125,-0.016108326666677608,-0.016586749132364464,-0.009706771919925417
2021-11-03,0.0,0.012379679639193952,0.008653560281856043,0.00473533065513454,0.004526170114316663,0.004937497717717454,0.005541260846255502,0.0006635249900459605,0.006273795129526638,0.0086528339217542
2021-11-04,0.0,0.03417667739689101,0.017242075598744355,0.015486757468482715,0.01238407736551439,0.012873008843874212,0.017010447713640797,0.013394702193424424,0.013740205627983837,0.027270150511506275
2021-11-05,0.0,0.006128891610255982,0.0037837749698781398,-0.008035849939886264,-0.008396664482081428,-0.006813285740675523,-0.008561126227663918,-0.014938226044091896,-0.012101085312913207,-0.009414241912362287
2021-11-08,0.0,0.011649960143456983,0.010957456894154616,0.007819885098828472,0.0080293235724056,0.005916013458318714,0.00570716114575931,0.006433597149247738,0.004146122351387227,0.005869182538789541
2021-11-09,0.0,0.012935783916385946,0.012865374986750888,0.010568256710519641,0.008733351846346382,0.013167635169202496,0.012169554855947062,0.012414801815366694,0.01214201280060423,0.010296024970882556
2021-11-10,0.0,0.0032588511875282222,0.01683695831341403,0.004059320920209553,0.00436202032423938,0.00465762096110689,0.004664831936488811,0.0011659111632738028,0.007028255199576394,-0.0029104765539401667
2021-11-11,0.0,0.004813299663910087,0.005926445923802648,0.009510696321483714,0.01099669950777371,0.006812339166215375,0.009396354093377246,0.007268960450984574,0.00819104218558353,0.004087179015534348
2021-11-12,0.0,0.013710221340078155,0.008915822633708492,0.009464317205441608,0.009988560303506588,0.009642410091754927,0.011334256532830489,0.011113962415557177,0.007493895568817521,0.013923029049885294
2021-11-15,0.0,0.02968612838791862,0.0076892853427033,0.005584795513118523,0.003966773537088741,0.0030632392282750054,-0.0008084467263136386,0.0028644018212096167,0.0034956616282595387,-0.0026470907254799725
2021-11-16,0.0,-0.017385100951358146,-0.0005735084075491059,-0.011078391039103908,-0.009312603204185366,-0.008400127847350336,-0.00600357713441213,-0.010134809475081608,-0.00976938218661716,-0.007857745234036595
2021-11-17,0.0,0.008223122348010925,0.020032802468768596,0.01717508053585215,0.015564526335860585,0.017042705576615802,0.015499398466313874,0.020309389244814513,0.013667911807853095,0.017603319642554016
2021-11-18,0.0,-0.019263180196012142,-0.011137574614242696,-0.008199837309379343,-0.004995520756119309,-0.004043500114968901,-0.002942025766202949,-0.0022007452801222627,-0.0024922759808234662,-0.005933737360773517
2021-11-19,0.0,0.01714482563272468,0.011013425678532807,0.015052349566736956,0.010228516265340604,0.013741777470407834,0.01128856632800379,0.009606699559746357,0.009579431132295202,0.012012534458499369
2021-11-22,0.0,0.014872970818034181,0.00845486813954155,0.008168815381320638,0.010140766433146098,0.01243933985794099,0.011603064526565898,0.01218185326071497,0.011579975186045921,0.011151797898280025
2021-11-23,0.0,0.01916812246791988,1.7762593055081766e-05,0.002162618580908715,0.000909639341786006,-7.4578563364458e-05,0.0033491264984488733,0.0013301473926308205,0.0031066404538382386,0.006042986509020798
2021-11-24,0.0,0.01807167885449168,0.006988758735851697,0.0019597292823043677,0.0005541186366073703,0.00021027858132116606,-0.0009683668675799506,0.0005275584114867726,0.0036979863378472366,-0.003733070496588331
2021-11-25,0.0,-0.010504408587212244,-0.002066587516157403,-0.0003067354350841933,-0.001112135533935854,-0.0006111258621133153,-0.001470668598818503,-0.0017680963607697997,0.0037312503800162045,-0.0031489016418758675
2021-11-26,0.0,0.021476987107888812,0.0007097016067305617,-0.0006953252225762041,-0.0003130381523276382,0.0003313877365809237,0.00011996365945665666,0.001195776688378558,-0.005318272647006905,-0.006708664918214202
2021-11-29,0.0,-0.004398583881552343,0.004184557275915157,-0.0001151785701407615,0.003191203683289512,0.0027466688908683867,0.00419310982525678,0.0054910382508746025,0.0018499510846798906,0.002773956710532044
2021-11-30,0.0,0.02045866369662397,0.007724126507513196,0.005104552663102169,0.009904951605342882,0.0072328401044008395,0.008232023578564451,0.008409444053447235,0.007951683180673186,0.006912970294261855
2021-12-01,0.0,0.008360513380419432,0.0066379793362654205,0.011169344766277733,0.008905187314986351,0.008798176645050448,0.007137266000009079,0.007188856302426938,0.011971756070224382,0.011465552272223789
2021-12-02,0.0,-0.019514785096294784,-0.01303051861614668,-0.013552858589957029,-0.01220696391797671,-0.011241504014160353,-0.01271265864168214,-0.009630154952666392,-0.00819120996747813,-0.012544991638193226
2021-12-03,0.0,-0.004630221391262124,-0.00016781113270170067,0.004861750741787185,0.005762146660693412,0.006017166076974334,0.0050561974969540735,0.005653108596671119,0.007322450541532133,0.017022279492973746
2021-12-06,0.0,-0.02239309348672691,-0.014218595382456845,-0.014111034236260367,-0.01325807202592888,-0.012742117993860713,-0.01683076756628743,-0.013258229054069481,-0.010145244572704937,-0.014160974044376107
2021-12-07,0.0,-0.029011278325616785,-0.012347715869606035,-0.007365905387569649,-0.010571880284097834,-0.011211151564133437,-0.011680634258475209,-0.01341620389369702,-0.0044017697028414515,-0.009388047007373612
2021-12-08,0.0,0.010518295815866496,0.010284350964192779,0.009644231988152452,0.014293302977585354,0.01629215763681935,0.014804298418023665,0.016042871741560827,0.011631320840811865,0.016787610051442803
2021-12-09,0.0,-0.0034666876768971733,-0.00030518851077787623,0.0036248726944534404,0.0030166917168445995,0.0003623729022379507,0.0022535474223568386,0.0035139859762769454,0.002571755816424881,-0.0002612261665201343
2021-12-10,0.0,0.01912044880690722,0.0037064130853803334,0.005220324446961744,0.007077139041286706,0.0038754486257699394,0.0036330781862763395,0.005654779394633103,0.0005234402894074286,0.008678250909592178
2021-12-13,0.0,0.004265389638572037,-3.368227178446315e-05,0.0011664350763089804,0.004195050193657401,0.006754789207945144,0.005972096810464844,0.005173567318599526,0.006428598268245045,0.004368280457903717
2021-12-14,0.0,0.0023014908015033253,0.003654802559527104,0.0025443036450103484,0.0058537829844076406,0.00449550205799798,0.005568241707562205,0.001207569185292634,-0.001032137954537271,0.007306516639970839
2021-12-15,0.0,-0.007125416394872075,0.005877285149266553,0.00039306975656594467,0.0018834183023959117,-0.00016769702630814454,0.0002756130784709043,0.0026104890167473194,0.0041861086552297255,0.0020491100629500547
2021-12-16,0.0,0.0019428418679312554,0.010911003919483742,0.008037381905329877,0.010416554956340418,0.008496326710742963,0.007307319588844452,0.00988719533421345,0.0087341652953985,0.013493733677162334
2021-12-17,0.0,-0.010159554740237664,-0.004100114078270267,-0.006537591012901078,-0.006088744319756256,-0.007411820077186548,-0.00983549161662578,-0.009404084713099503,-0.005749824191017439,-0.008388479207411259
2021-12-20,0.0,-0.016164433695573632,-0.011463646574280228,-0.011459252474046555,-0.009408433981534126,-0.011126738096053024,-0.012415136109885316,-0.017698671486327866,-0.014111135001283026,-0.011497056757744817
2021-12-21,0.0,0.01365150820947636,0.014646541602786556,0.019092875125080955,0.015939960702494815,0.014228296514445349,0.013713810923704717,0.014018481539058936,0.013718635985195515,0.00586613842189232
2021-12-22,0.0,-0.0011158062169530636,0.0083942552956493,0.004065810732651665,0.0055460743800332946,0.0038056499939223,0.004617905092410668,0.0058433286916352856,0.0037354292838522873,-0.0012049273354264312
2021-12-23,0.0,0.005954981441179896,-0.010712205763755867,-0.002530521262643415,-0.005777960140579297,-0.003666583984187066,-0.00036102748623545455,0.0003633886580560741,-0.0019295318043980325,0.0033136064086192185
2021-12-24,0.0,-0.015972489696558623,-0.018866265814625582,-0.014369824324948377,-0.01867334322825953,-0.018907936667953207,-0.01788703425737348,-0.01964149286958361,-0.012469965099872526,-0.017765258634208858
2021-12-27,0.0,-0.013001737098867983,0.006037930176346462,0.002084963825826014,0.005802350498586462,0.0043161300477772,0.00326670080291791,0.002627095594119444,0.00109023644123174,0.00197844394900204
2021-12-28,0.0,0.0018548676698113553,0.002554441798853002,0.006342114648455466,0.006471211267611077,0.007594333607746417,0.005832695419754286,0.00975240789948062,0.006098172072846131,0.003743071320862157
2021-12-29,0.0,0.0046794346186180835,-0.006473290202005377,-0.0003419045062750259,0.0004898213384829653,-0.0012500318526590393,-0.0014844885977705058,-0.00026598889679929627,-0.0042307552037361695,-0.00648016945245955
2021-12-30,0.0,0.010790808892701342,0.008507089391579292,0.011583603206612558,0.00985190168589245,0.009773693322566501,0.00903903157228414,0.008277246114099635,0.011231754920683068,0.010944197422914748
2021-12-31,0.0,-0.001055340083674472,0.0038735655754102982,0.005902659536509036,0.004830829608176712,0.0055395750818274525,0.006175964877096485,0.008086470304998095,0.005804649908502046,0.009908591435469072
2022-01-04,0.0,0.012761269269306874,0.013863755497174557,0.012685458257748472,0.010038539039804117,0.0067572742316339696,0.005963950143270225,0.003082786361344958,0.010824551863472864,0.013170860596561251
2022-01-05,0.0,-0.010690657688304794,-0.01020985577104605,-0.012375550323717288,-0.016770509531691347,-0.016731916008585035,-0.019464646709784428,-0.020474270432683128,-0.019652426159995517,-0.01912384424060254
2022-01-06,0.0,0.013484306116700928,0.0061004139946660985,0.008502961506814621,0.008241766373197956,0.009600074699587458,0.009001320538316149,0.01244625221839013,0.006542426914428079,0.006164633495312266
2022-01-07,0.0,-0.021761463825168748,-0.021614876775929104,-0.018061909407552146,-0.022187947950574438,-0.01858698700296868,-0.017552352953487782,-0.01687126005444317,-0.016156187961289925,-0.02908743593273322
2022-01-10,0.0,0.0010771583600068801,0.002904001186823768,0.009558244401083549,0.008694799373295314,0.006329609859838881,0.007594923110211704,0.006913998343696548,0.006600311840786688,-0.0004950020322266324
2022-01-11,0.0,-0.0016157394711026063,-0.008247777859430094,-0.0040885280780246225,-0.005156249560372639,-0.006041349357314041,-0.0070335041674398635,-0.00420667639281902,-0.004287326063408092,-0.008663395540556507
2022-01-12,0.0,0.022339484200310178,0.016545309996472524,0.015498975882372257,0.01651797631140095,0.013886907078423771,0.01595087565874942,0.015541778067891698,0.012661080450181439,0.012424838952146633
2022-01-13,0.0,-0.009232349627176895,-0.004650436667044344,-0.008970124394151902,-0.010306302825131008,-0.011000602079033195,-0.010842049643578155,-0.010938766806955713,-0.011090870140580855,-0.01350600730390139
2022-01-14,0.0,0.0062270540374338434,-0.0019088465866263782,-0.00555585899164035,-0.0023104584962190255,-0.0008837007724509238,-0.0003726339785312671,-0.0009268167850920994,-0.004259397363006068,-0.0006438963944935816
2022-01-17,0.0,0.030200423641212337,0.02138868692505791,0.02222032846373012,0.015495902683583695,0.017807108036130614,0.016882234428572174,0.013522133140040582,0.013007501105573027,0.0156835336517398
2022-01-18,0.0,-0.023692995066900147,-0.01764292373898635,-0.012121754385672201,-0.014169641520122567,-0.012179644505964315,-0.009637128393919725,-0.011686051316479373,-0.012770592097039013,-0.013285226257574667
2022-01-19,0.0,-0.000629301772980706,0.001775687615358068,0.0036948003681411823,-0.003399308440919957,-0.0013169060974649316,-0.0033845763628873593,-0.00505381247776604,-0.00022229755843095056,0.0011014919786171973
2022-01-20,0.0,-0.025503666351533893,-0.025517599449949357,-0.020368441913494406,-0.02449804438846881,-0.02654837758203321,-0.02610575677072602,-0.020426591334502975,-0.02149379235240556,-0.021285182462841945
2022-01-21,0.0,0.005733183860744839,-0.01112506029478888,-0.009914779751040936,-0.009947702565699212,-0.011338903754285368,-0.010913903544392811,-0.013168886595236406,-0.01311202357558261,-0.01304963482502608
2022-01-24,0.0,-0.004578056280205245,-0.00492162101110416,-0.0008159073892981539,0.001208135050420056,-0.0004515177010231408,-0.0003798479052639081,-0.00025240041693064263,-0.0027535676057588443,-0.004608588093093724
2022-01-25,0.0,-0.04493332907907166,-0.04132987519957898,-0.040426096486835816,-0.039807226557142306,-0.042030991257993144,-0.041185732808392994,-0.040034893094554436,-0.044354819218131,-0.037782949767679264
2022-01-26,0.0,0.013321751950181815,0.0019614237646679022,0.002353196237842914,0.006663462617343852,0.009466848997019994,0.008520569106287512,0.004983009108058933,0.005757403415700413,0.005101898866135546
2022-01-27,0.0,-0.036837696538521314,-0.033000893095883055,-0.037235391629270365,-0.03267366650133574,-0.03090622247889918,-0.03153418198866442,-0.02975858897778505,-0.031068784276246153,-0.03462226658039358
2022-01-28,0.0,0.01643462026796927,0.022424473623768204,0.013421488162994821,0.012287115347253463,0.009001790046443192,0.008028982767332327,0.009516922980539189,0.011726126646631974,0.007414097990485979
2022-02-07,0.0,0.011832323655035948,0.005777210342101435,0.01467261103606221,0.013547699092239629,0.01590573191592992,0.017126106365278337,0.013573096129244844,0.015865231960465742,0.014641757541503875
2022-02-08,0.0,0.008685967543877515,0.01471271498521709,0.014429660337548,0.013870930245885482,0.013124496354779192,0.010803202170949433,0.011547698952356189,0.017427205624998,0.014490424642309652
2022-02-09,0.0,0.022528296699490413,0.015129921354307019,0.01869339294478678,0.01795954245601772,0.01563353065190931,0.015860693542901316,0.015731811452281974,0.016699462013947564,0.02202863683591838
2022-02-10,0.0,-0.01419729810883219,-0.0034662661315550958,-0.001622235355788204,-0.0012231436592814449,-0.003613747397008038,-0.0037903567519661507,-0.0035001256923559154,-0.0008655566176611895,-0.006721029900285669
2022-02-11,0.0,-0.02482130885895817,-0.02063104531531923,-0.01852781426142236,-0.0181296880870766,-0.019564446641995525,-0.02175086027859574,-0.02127209044631595,-0.02018157940796106,-0.025707818090521917
2022-02-14,0.0,0.003654135190281904,0.0035347702293981875,0.0003540740586096547,0.0055206918369163915,-0.0002699569639085242,-0.0007488478019742617,-0.000581465968489514,-0.0005336812135523505,0.006758724109110936
2022-02-15,0.0,0.01426786108270317,0.00021163429015969015,0.0035052713931607027,0.003946208193146283,0.006912557450423185,0.006790605858436827,0.008041653859831799,0.002938984593419791,0.010377790129919129
2022-02-16,0.0,-0.0007282385251445866,0.012179796121391417,0.010639295230222334,0.011392508450358108,0.011066634178358736,0.011816636850005224,0.014375292224951597,0.01022995198035126,0.009281480257499197
2022-02-17,0.0,0.011863704142744735,0.0014346410849528368,-0.006181599220704381,-0.0024299322210961094,-0.0012492947112597852,-0.0007683840838987877,0.0026543256966617967,-0.00011398341600210582,-0.003439454780920226
2022-02-18,0.0,0.00795750962608155,0.008634923328872945,0.007285578522676861,0.007471023634460394,0.007114359124522185,0.007245396281889915,0.007954467976416968,0.007073031828839449,0.003222832424675026
2022-02-21,0.0,0.025300064547276513,0.01797524362998315,0.018047839542085775,0.014439943280931677,0.01554552678280352,0.011691450873032805,0.015846597041533128,0.012267787683093445,0.011615344534704919
2022-02-22,0.0,0.000666781647533421,-0.007791941437011007,-0.010493936086192646,-0.006848973636686018,-0.009188718375402471,-0.009160841537348197,-0.008637092076159036,-0.009371672958919608,-0.012515209655421633
2022-02-23,0.0,0.03010336449928941,0.016642698070482354,0.016478575332923295,0.01575940378718732,0.018070933137785072,0.01849789339422281,0.016225309387601916,0.01215553415066517,0.020286173980186506
2022-02-24,0.0,-0.02620187298992982,-0.01702997419724883,-0.026232786874124336,-0.023255804353307097,-0.023184950079876976,-0.023112023703584783,-0.022384928261468984,-0.021715177443420997,-0.022010988900734607
2022-02-25,0.0,0.021024413957611232,0.00562379678455871,0.008187782623740647,0.00913535423751033,0.009714566041430839,0.010898387352357375,0.009283790262745839,0.012052927611589048,0.012130797812044625
2022-02-28,0.0,0.011742461911228963,-0.001402673443157032,0.00029515255274592533,0.0003729930720797192,0.00407102813575122,0.0019209285637074025,0.0028288109963010566,0.0026861879124870924,0.0017027351460707774
2022-03-01,0.0,0.014183706282933972,0.009051401685467475,0.008544252366968097,0.007518090825294532,0.007289701972281959,0.007269563455495565,0.006335008830418598,0.0057070516880481925,0.005636876123914947
2022-03-02,0.0,-0.005482457772214566,0.00413673793793623,0.008091618127548994,0.004824851580973233,0.004881473212992704,0.002417888451915484,0.002364543495938287,0.006537493826802132,0.005429583778017166
2022-03-03,0.0,-0.02446438823339092,-0.0008909266334392596,-0.0022428226472952506,-0.0034259063317664262,-0.0020613606186510314,-0.004345824957276645,-0.003969966841260941,0.0017938350233714928,0.0026423306942693348
2022-03-04,0.0,-0.003043670655637376,-0.01255307083187851,-0.015822307467588503,-0.013350869881829652,-0.014596132179279797,-0.012501906489866266,-0.014718332904671505,-0.007069230636676416,-0.022038701832046592
2022-03-07,0.0,0.004186656789939791,-0.016471562591807154,-0.01327624503124225,-0.015682011716817268,-0.015138192143078544,-0.01630747223333162,-0.01685434617231696,-0.012206563314765995,-0.017380334274869846
2022-03-08,0.0,-0.012218121677469163,-0.028269154550707887,-0.02896368749313305,-0.03248641413183151,-0.03332142495816448,-0.03329084076776134,-0.033708308303781354,-0.031589094276083696,-0.03567430488100354
2022-03-09,0.0,0.022884041588841386,-0.005273062482087143,-0.009268504290195545,-0.010335973319953728,-0.010702263848836324,-0.01144440812192693,-0.010018944001756624,-0.0156309497568774,-0.006470887442680873
2022-03-10,0.0,0.00845041596241769,0.014651941214311792,0.01554255166022811,0.018460839652373995,0.020017026340337418,0.01982465802990263,0.021344588067707893,0.019025528077019516,0.01987544237561356
2022-03-11,0.0,-0.01874692516234644,0.013128176319266327,0.0030528536293348285,0.006273627894383127,0.005295014660047004,0.004567096086701916,0.008793817394827208,0.005279588055525641,0.003619909135692545
2022-03-14,0.0,-0.015756319563718924,-0.026233765557228228,-0.030024463745386698,-0.02725220291532926,-0.02520839861195534,-0.026902601209206067,-0.027482983631029412,-0.02939346894663486,-0.02840719251506585
2022-03-15,0.0,-0.05352914561738331,-0.047410357699111394,-0.047368164298440485,-0.04575648194944548,-0.04800560005156662,-0.051720238036906285,-0.05238609940752159,-0.05739744525276391,-0.05396411631930653
2022-03-16,0.0,0.022041036791936586,0.028622103501350082,0.03711349213808335,0.03473436791999984,0.03289827940259116,0.032398970807247185,0.032723829032828,0.03101762714391043,0.03378064429612926
2022-03-17,0.0,0.010404194519939791,0.01794543858613107,0.01728865126629997,0.02131172544091453,0.017050506771426166,0.016758510954934858,0.01622099832781254,0.017061346070621042,0.0183806923622587
2022-03-18,0.0,0.023337939717696266,0.02070204510501128,0.013585097994377682,0.012008131341775474,0.01376019914431037,0.011265620820738231,0.010555414956702203,0.01915752692303596,0.016354088587029247
2022-03-21,0.0,0.022542827364802287,0.012854529174582296,0.014638726929106394,0.01469519357892679,0.012297280833219792,0.012799372165265277,0.014549682380895712,0.011830583022442331,0.01998034669581883
2022-03-22,0.0,-0.005366984280391951,-0.0017928776055334827,0.0023436749327176987,-0.0028430068054404734,0.0009257131870328283,-0.0007374787950852335,-0.004146635083084993,-0.0013883359823497754,-0.0010367227172428661
2022-03-23,0.0,0.011023827352799609,0.001777626592367687,-0.0009686701143327703,0.002785103218883922,-0.000366881320659318,0.006233708155517936,0.0060867478297581545,0.0034337218155380267,0.012974289390411009
2022-03-24,0.0,0.005892304753950306,-0.01198898298252582,-0.01298191839155105,-0.010146900120209468,-0.011140447543225518,-0.0120831876797024,-0.007780186860180227,-0.012322919833297141,-0.006342089233207671
2022-03-25,0.0,0.011291096838057069,-0.007505264351086338,-0.005182716587211367,-0.0013457104715223211,-0.005059880971803099,-0.007245329793476141,-0.007044506492567493,-0.0013014829784897541,-0.012839574346160232
2022-03-28,0.0,-0.021601229081056328,-0.006928157464695661,-0.002469459439044308,-0.004420808072954641,-0.004134977485273583,-0.005003096136387497,-0.0012379772503494646,-0.0002770552094411016,-0.006178832343749718
2022-03-29,0.0,-0.001999279602132975,-0.007760419640485794,-0.00846831637059231,-0.007917110130732374,-0.0068953410358282285,-0.008922676760009352,-0.004967402331873094,-0.003786328115507609,-0.014365062755350988
2022-03-30,0.0,0.010532484270779019,0.015465463577279515,0.021757452025434665,0.015598175949934623,0.015561118583959921,0.018029615992583015,0.015324482363469283,0.00961189787279948,0.01428928775465077
2022-03-31,0.0,0.006715130281377268,-0.0036313943542354288,-0.001692245218614552,-0.0041245752816759795,-0.0032341742635774162,-0.003522313824025791,-0.0072952802408539075,-0.0031548839848638544,-0.008939776684750544
2022-04-01,0.0,-0.015367308048147565,0.0011921460914976478,-0.0010587608495277179,-0.004568957995768508,-0.001206993298447534,-0.0011831635677268526,0.00013196890176048193,0.0008775111556542647,-0.008364943554558635
2022-04-06,0.0,-0.0009407761179819341,0.009477092162851974,0.010411683300092456,0.008637963921764191,0.008479080985882792,0.007093126852036669,0.003129858725580359,0.012942919115009,0.011252350046583093
2022-04-07,0.0,-0.012907987327170245,-0.02245145453812214,-0.02356768243888674,-0.024940812126652445,-0.02263129270871067,-0.024054938789507152,-0.02274346559836027,-0.023427108972775668,-0.028111664301889272
2022-04-08,0.0,-0.036540718342715106,-0.008172294700966476,-0.007005357886721408,-0.006053228431723734,-0.004784966027672977,-0.0027222107124561523,-0.005074976020533528,-0.0037598778761719354,-0.004589295681680761
2022-04-11,0.0,-0.027500621936588865,-0.027988019292462973,-0.027993819665592223,-0.028685771493023093,-0.030305303853040533,-0.030359224776364324,-0.027210177647310152,-0.023470850498365725,-0.02484775113122728
2022-04-12,0.0,0.018760192972613998,0.019046009948717746,0.018140347918965904,0.01632878186876785,0.01620120533260172,0.01547455076093307,0.015743818316990676,0.016605080206138823,0.013627468736269632
2022-04-13,0.0,-0.006876526893538015,-0.015408527577609021,-0.022273022102424656,-0.022933799294281965,-0.020638207805574682,-0.01970234425966455,-0.014846132848080562,-0.016996116834530617,-0.026853161337978992
2022-04-14,0.0,0.003816878966514281,0.005870642365569001,0.006541888327546319,0.006916238649753215,0.01067120191162707,0.010111859617908614,0.011589760640229985,0.009446544447324623,0.009525174041042028
2022-04-15,0.0,-0.01218704001090476,-0.018795205601033094,-0.021096707994273434,-0.01830148442268975,-0.017472714219752716,-0.014864734297742821,-0.019768312184048287,-0.018223495105024634,-0.017899456205398012
2022-04-18,0.0,0.01972342856487508,0.004394777649979087,0.0068351929513115195,0.00718500273937317,0.005760546443513759,0.0076664747558179425,0.00442125883827682,0.003099603521855121,0.004957544188552543
2022-04-19,0.0,0.006153025738865114,0.0022396301669147523,0.005038537899154205,0.0075529796615194655,0.006538268953142801,0.00643051079048762,0.006353374484547647,0.010382950937564361,0.004762853071323292
2022-04-20,0.0,-0.030053491667804688,-0.011350492507930632,-0.012048696998324115,-0.01247714096998953,-0.015703768079075364,-0.012453397435043922,-0.01717850002131016,-0.009201706363807904,-0.01568102036356689
2022-04-21,0.0,-0.05570884824558564,-0.03926480123854992,-0.03983165559577628,-0.04123532168887467,-0.040486742472710335,-0.03954103237755735,-0.041795540255394115,-0.04026289203262601,-0.0497031648384092
2022-04-22,0.0,-0.03032811073090058,-0.016336933804672493,-0.010262333063575824,-0.013114524162316288,-0.01162577014963262,-0.00934954620796602,-0.010434690772145983,-0.00972931204235894,-0.015533104530295994
2022-04-25,0.0,-0.08762007878850764,-0.07886702329342421,-0.07432437738097741,-0.07412484479215597,-0.07362583481209894,-0.07517342265477378,-0.07528501788310848,-0.07370329570800349,-0.07838201961428637
2022-04-26,0.0,-0.05122084799800386,-0.03754650789501601,-0.03226897145783536,-0.0338289392707567,-0.02881142263211145,-0.03224479976144656,-0.03340805660466184,-0.037042756484919837,-0.03003333479428405
2022-04-27,0.0,0.05078722450669493,0.023678461952709062,0.036489682254900346,0.034003920672829535,0.03611525311192154,0.03347925203054536,0.03856396341699653,0.03082016697321488,0.04052379250763627
2022-04-28,0.0,-0.014103223534318698,-0.014549388247458217,-0.011967679436187928,-0.013454978135879037,-0.011191166251866336,-0.009751240707507214,-0.014608461004850137,-0.006868209988426077,-0.013131188083046363
2022-04-29,0.0,0.04804105655014346,0.04466870776639653,0.0428967840625345,0.043221043608282717,0.040597063080973106,0.042790798147860354,0.043746721379123166,0.035141207407005215,0.04694178202827759
2022-05-05,0.0,0.004333899285461795,0.019709572936926767,0.01590807769304936,0.020206359747033886,0.015742963827629852,0.01710807975203843,0.017054931785618788,0.016904726415738702,0.019928694888876386
2022-05-06,0.0,-0.0038302036236348425,-0.007104915684555402,-0.011271982482239817,-0.00883079920605645,-0.013006263159630604,-0.013073080402800086,-0.014312470228536989,-0.008942865472587158,-0.006236198465073173
2022-05-09,0.013020365194727716,0.015393395746035824,0.008923728598808574,0.011981526625196928,0.012682834854356891,0.011783135004825633,0.011865733016147961,0.011662821649644863,0.009996248696918794,0.008526147968733796
2022-05-10,0.014703110589696644,0.018544293411305146,0.018694097479561078,0.01903441053352517,0.019812392344527474,0.019430836185963418,0.015482247186224374,0.015193085281113072,0.012440516023240367,0.0027216174305764174
2022-05-11,-8.698512752203236e-05,-0.001865499549127625,0.0033777948739839303,0.004841996827603223,0.004652638899397932,0.004843248110007581,0.001730093830740298,0.004085178994987615,0.005076320915101462,0.003252896531732219
2022-05-12,0.0021478380326065416,0.009276218765930544,0.009390161074191328,0.00892681618398461,0.008211087934849814,0.007425262582020586,0.007656756741040827,0.006505713471484764,0.005568336036545718,0.0017222692621288171
2022-05-13,-0.006776997144280594,0.0025262744621301625,0.005588095273170612,0.004665032265368074,0.005911364785105233,0.005744851823581643,0.006150376785531098,0.010033994182975237,0.007485940515792544,0.013057466876823298
2022-05-16,0.006698293602899863,0.0050431908371166845,0.001295429479053034,0.0013235802887490156,0.001074391581655787,0.00024990304064442803,0.0018856150037525055,0.00519371576508898,0.005847114293059619,0.012649536713941645
2022-05-17,-0.0029500551120069662,-0.0048749612092962025,-0.0002497687207042576,-0.003250394620823105,-0.0008173303525060849,0.00076908697824285,-0.0023689959682244854,-0.0013146413497411302,-0.001997837622938037,0.003139133893311552
2022-05-18,0.005985863382020673,0.018233479155750798,0.010830291132654324,0.007105675235298925,0.008230467917379691,0.00823052712870953,0.003821170517449124,0.004076395376945152,0.005467865954380757,0.00019974526016275362
2022-05-19,0.008517238012828887,0.008582222263594952,0.007485961438739475,0.009055737037764189,0.0070707491506285525,0.008395079894427893,0.0065926535434299716,0.005436201359851234,0.006100876140176181,0.00427038541042446
2022-05-20,-0.00012401609086132304,0.011627088351607195,0.0075800236706558,0.010168568205980666,0.01162693077451915,0.009754313992051067,0.011072684712095882,0.01251148393722068,0.01293841757886649,0.021457119579856077
2022-05-23,0.03120712159394201,0.019108613545378406,0.01278009953129322,0.012407208249007873,0.01204828604827779,0.012230290888084694,0.012304339777556406,0.0132012875187979,0.011566564781866129,0.020271161020549266
2022-05-24,-0.05547684535822517,-0.045854594106141455,-0.043616152980241574,-0.042377786190968325,-0.041502725997418444,-0.04088083629272998,-0.041448362884611845,-0.040231006915556144,-0.03895234757909405,-0.040670962123638965
2022-05-25,0.02437675795210814,0.018298416094111536,0.017075729503617243,0.015891385071882702,0.01772585802826354,0.0189872202704493,0.01998011692947821,0.020887927751232827,0.021051538536723813,0.02566855226371234
2022-05-26,0.0007891354629097069,0.00013175947014176792,0.006265863824656659,0.0015029972425741889,0.0016256653352442196,0.002132379645944038,0.005497961867718226,0.004651780755190016,0.0073203478245165154,0.007973389854566193
2022-05-27,-0.007844760816923424,-0.003735737780773629,-0.00021933678785457378,-0.0018263833964312637,-0.0033358942789866175,-0.000982943168338024,0.0006887507457611353,0.0014555159789024774,0.001973543716429438,0.0026432058297281014
2022-05-30,-0.0006965207681509655,0.0046171037364481915,0.011957144523403906,0.006559527285152633,0.01022393041079428,0.010072540305516409,0.009376339423021962,0.011707859416506317,0.009538379085038518,0.009210037767416024
2022-05-31,0.02206072661827796,0.01750400610964431,0.0070065743885021625,0.011872835043246655,0.012221008769149666,0.010044348900419164,0.010426012141904195,0.009246639962874115,0.008627034641430997,0.00787244198812509
2022-06-01,0.004275954000215965,0.011550099955636606,0.010436869847652686,0.008557776258877325,0.006403534468725214,0.007528150715062409,0.004465145591830755,0.0023792899792709488,0.004175459333340736,0.009307122083288322
2022-06-02,0.013149104570495673,0.021992006520332952,0.015119537079959944,0.012403154443233255,0.013004046926871737,0.008340162034982779,0.0051942091846068905,0.0045992357928688055,0.0021263660083163938,-0.0017618880685718041
2022-06-06,0.013330100513234688,0.020490274875995418,0.014406174294256502,0.019538624076928635,0.017842308607495694,0.014917176428645762,0.015725136227622283,0.012796843923525758,0.015087898868184402,0.01848924204991742
2022-06-07,-0.0059401608268376815,-0.01476401976344155,-0.010544915559301815,-0.010344696730715919,-0.007366998220562193,-0.00579878300060932,-0.0035625190466576084,-0.001612450099812035,-0.002710670690457162,-0.0027963959514109016
2022-06-08,-0.003877685194023206,-0.0005377263998775916,-0.004009101485417221,-0.0033800049288162937,-0.005639526974657638,-0.0033490810018700357,-0.004319340741982036,-0.000823120779001929,0.000675054448494361,0.012534609555840515
2022-06-09,-0.013913225940381357,-0.031063207498611578,-0.020895940316745243,-0.023373226468547448,-0.021598652482527347,-0.020999586339185305,-0.01893350521811199,-0.018385421410648917,-0.01609508566380824,-0.011385670831828176
2022-06-10,0.012499946078833313,0.017284931738703158,0.013800875682330682,0.014777021443107552,0.01593381764821067,0.019221440126842015,0.017241561172215647,0.017095291666328727,0.018365430482818246,0.01952887670497594
2022-06-13,0.02007519239196398,0.012914973801299912,0.0066606710085899135,0.004291144075065034,0.004258404197524879,0.0036752888374351755,0.002547920021725325,0.0029765628951303746,0.0027922944279250572,-0.001630879088486914
2022-06-14,0.007961145205284348,0.0029075185752294175,-0.0025195894594085555,-0.0025897348747833115,-0.0009101426260468282,0.0011217184389846757,0.000855718363551139,0.001879005276132828,0.004023691707768506,0.0019950775337738147
2022-06-15,-0.0022049794941159107,0.008675513501163135,-0.0023058413053144156,-0.001761583099050834,-0.004179894597541534,-0.003553068972699802,-0.0031822103814026503,-0.00188303208257945,-0.0035847514162853367,-0.01148032981664393
2022-06-16,0.0321974863112231,0.017068963536390314,0.008141102244651588,0.01169126645296914,0.007711036794928239,0.008108600042255443,0.005216860828139547,0.005739047608801728,0.0015561366936664989,-0.002684278937871487
2022-06-17,0.052915782471273376,-0.0039293338870664,0.006396983142837209,0.004875825938178924,0.008684679883410817,0.006942309480602038,0.0029212221362644453,0.002689888316003808,0.0035908577961705213,0.002914644213591222
2022-06-20,0.0393506959529315,0.011461161202467984,0.017154274026280003,0.015766117616867747,0.013852034418787795,0.012180129404902873,0.010916200256188668,0.008629083993082265,0.00488414381279334,-0.006320298665294266
2022-06-21,-0.03417502601427047,-0.0035453161937968325,-0.004737061636094553,-0.005158063451433215,-0.0062380791417915304,-0.007340352164410979,-0.004637661530633608,-0.0077392314697313225,-0.00930564495470143,-0.00813260204567523
2022-06-22,-0.0028813945228572946,-0.008560429695392058,-0.008861297157729764,-0.014415564417669113,-0.009801338818925975,-0.013389058571093182,-0.01410009046032068,-0.01176032279764383,-0.007911147370114335,-0.010554760015205056
2022-06-23,0.02180220183393633,0.031548559907804696,0.024330856412363877,0.019755559338182627,0.021030629262342337,0.0225416515525112,0.018008881172891122,0.018849551068131465,0.018677167620527513,0.016119058688008003
2022-06-24,0.029880637295836898,0.014540415405488227,0.01027744950519316,0.012529639795958003,0.012190642842340615,0.011978956527647355,0.00873703882628063,0.009120842431169285,0.008534936009518379,0.007890537293165911
2022-06-27,0.03127445275255947,0.011654949880770982,0.008489887174401245,0.00904004274044512,0.008510037358303801,0.008612531447987015,0.007341824149519116,0.00838846281076111,0.011855919593752429,0.015464647992405434
2022-06-28,-0.019066311285794724,0.016899839689201945,0.013772169888375041,0.012696481533737147,0.014785728727794822,0.014186197864507033,0.015962952682036402,0.014417780205846498,0.01535747164618928,0.015153812890160268
2022-06-29,-0.030665338416724475,-0.027426231089702102,-0.02632585526500031,-0.02367492395697879,-0.024984354363937533,-0.02360322826492156,-0.0223243052574702,-0.022653882598166808,-0.024185891229591694,-0.023945920456918346
2022-06-30,-0.006881861151377455,-0.004125337113187522,0.007913167997693371,0.009422493741733762,0.005476983192244322,0.007453704034422248,0.007972233909925075,0.009383038527401855,0.007038437698029476,0.0074862019617369935
2022-07-01,-0.02280668579588363,-0.004981310458096577,-0.0017160118845100936,-0.0023160498328941292,-0.0035438345824359008,-0.003143627613413913,-0.001270816946209341,-0.0007671197900895876,0.00034641791631062624,-0.0003328019255774972
2022-07-04,0.03990775507947286,0.008478402696438403,0.007812084564044142,0.005240862836458859,0.008488964657420217,0.005009386127749149,0.005486046603485617,0.007369382180649753,0.009775104463714435,0.003798997378133384
2022-07-05,0.009267300947576329,-0.010713315259769263,-0.008208691782175759,-0.0117935359437501,-0.011025833565750598,-0.009739688207919928,-0.006791103047420255,-0.005734650071847369,-0.0017243865849581042,0.004764951439018228
2022-07-06,-0.014475662443213744,-0.0012311690920410179,-0.0037379511867697834,-0.004968352762799388,-0.0065729596969645865,-0.008700050604290022,-0.0076997500113512585,-0.01420915841431547,-0.017183094973799884,-0.023955267894179566
2022-07-07,0.024442826324959643,0.016673077821873994,0.006751241825963872,0.006844776585974488,0.008218142177612187,0.011016258850176541,0.008507438623285513,0.005927908787852543,0.009801842683037743,0.00926793248502289
2022-07-08,-0.019098874703844304,0.010584108901767086,0.0025938067619744043,0.0047439804249018724,0.0007386492234608966,-0.0015431475519391835,-0.00023498671782551384,-0.003266969172341927,-0.001814463417211587,-0.002377478447626591
2022-07-11,0.005775106837324184,-0.010761453902425888,-0.008018916971474388,-0.0056964914834800595,-0.0089928286953741,-0.011004521259307953,-0.008614575997333285,-0.009899229578705149,-0.00912854684842268,-0.015286257277332238
2022-07-12,-0.01876874132345807,-0.023164911850692693,-0.02058303669215611,-0.019786516986929237,-0.017658131311411585,-0.014633449276566735,-0.016611204847724714,-0.014100582245714643,-0.012914367467310894,-0.01382456718459868
2022-07-13,-0.0024471306774327406,0.018745010657834182,0.016455652958714984,0.014205987817465404,0.014238381212595241,0.013163666115646011,0.012656790256457384,0.009980665159700974,0.011973149343538436,0.011184968442794263
2022-07-14,0.010620467466218031,0.012886411401761277,0.011698441291536188,0.010462756525431605,0.010699044127283175,0.008624550912531781,0.007029796660196208,0.0028632061985547352,0.0010257921268694847,-0.004743250737746729
2022-07-15,-0.02500120716879739,-0.010606122065236812,-0.014252665203918435,-0.015373476901830996,-0.014972617351785233,-0.01626356235128823,-0.017096427597509845,-0.01864837943778208,-0.017259564740051858,-0.022679227251528378
2022-07-18,0.030304132362728664,0.0212843441449857,0.02701920106651512,0.02575429245697025,0.02523956815835593,0.02422426316541504,0.025761483086406578,0.023327781591473196,0.02775175099198912,0.02758594296443606
2022-07-19,0.0020623446717602523,0.00816579250940297,0.012295578149214004,0.008444206392616449,0.012565677530787855,0.009238061523193952,0.01036147717626168,0.00881037134096152,0.006127919528326808,0.010712724222221803
2022-07-20,-0.00839983778469755,0.000440236153762541,0.009465869090306889,0.007531944162672888,0.010799216358266861,0.00853556898903185,0.009970444861130412,0.010237377921673119,0.009615832051490525,0.008276029530988271
2022-07-21,0.01173105813149955,-0.0009323344537482958,-0.0005559170629849675,-0.0018931916976095975,-0.0023638871974317466,-0.003189634829074528,-0.004637127270276653,-0.004961120738818048,-0.003464282271473218,-0.013917932377674913
2022-07-22,-0.01601163680517803,0.0037661162270414827,-0.002995370743021253,-0.0024230829803894016,-0.001735565675931583,-0.0008204625741482507,-0.0015956532441913085,-0.0021079556924645804,-0.0014288892696819877,-0.004332638468205419
2022-07-25,-0.013833171877243866,-0.021798786630378486,-0.014169397375731307,-0.011383933332376084,-0.009185253081318567,-0.012096004511516822,-0.010246694528154632,-0.00986337936874071,-0.008081656303938534,-0.009806862653291892
2022-07-26,0.01322669431159329,0.012983489806625004,0.01111544520182206,0.010957082000683016,0.010291967179784534,0.011654666633953648,0.011216110251676792,0.012132585099396298,0.01053917552326289,0.016109825289474022
2022-07-27,0.009047297454667591,0.013987420446894827,0.012803288936826807,0.011238734776795711,0.01173761764868253,0.01231633878490146,0.009441477726844116,0.008740725785301162,0.007048567533038064,0.0011593784088803627
2022-07-28,0.018910369973575092,0.014194216006755855,0.01204770997029403,0.011127884383771214,0.00922744882550841,0.007801902476405997,0.007654143696448568,0.006536872106710279,0.0037382781390831177,0.005187903595036403
2022-07-29,0.024357204836479962,0.0037522806350092086,-0.0008408264774918406,-0.0033691713338029894,-0.0033433921978212044,-0.0018664865537988407,-0.005979228764272593,-0.005438151914017086,-0.006274438189386444,-0.006069666661080331
2022-08-01,0.004494749870096015,0.012189468872362719,0.01062604995049421,0.008906307211067555,0.007078932576259911,0.006394615436850382,0.005577558901189494,0.004611463808912086,0.0030238329388476703,0.004411266288012916
2022-08-02,-0.04004891405316324,-0.031830519960203474,-0.034003431019409947,-0.03653256139893646,-0.03561470135064737,-0.03768380278201566,-0.03623670870967455,-0.0364078972293127,-0.04178973415318232,-0.04427684882613103
2022-08-03,-0.008100265098006654,-0.006760266862032016,-0.0043968463292402005,-0.006363077028757269,-0.007285902619622919,-0.008667323660527915,-0.005467605442435963,-0.0075674815459400024,-0.00784672331980485,-0.005227461534458522
2022-08-04,0.006993881796653945,0.01605357019315523,0.014164803108379642,0.01253696199060017,0.011833233884697147,0.012483217367019295,0.01267145011269033,0.011151935576425132,0.012346511590506148,0.013531513033602893
2022-08-05,0.009664402895465551,0.009927607620189294,0.0077741581609220844,0.010253142490977307,0.008937766855060758,0.011316596482185304,0.012884140183120119,0.010949237130116307,0.010523092531427025,0.007341711537181883
2022-08-08,0.012529846576521564,0.03041131745752157,0.018859275397456354,0.018516755790325634,0.016169535174461735,0.014392114449769844,0.013945066622652158,0.01255000662923167,0.014775369607471722,0.012214732837663389
2022-08-09,0.005115466060922502,-0.002071249322695201,0.006792497876933812,0.007023849344041988,0.003431243012765206,0.00302317896111326,0.0023887222811440623,0.005606941593011117,0.004549916263749454,0.005747810382269902
2022-08-10,-0.008935761696684863,0.007409618406056584,0.007878080062919679,0.0049414845334117,0.0051820632368841935,0.0048922260198946965,0.0036406840140585928,0.0035919390878611512,0.0024966277303857254,0.0014786589377653314
2022-08-11,0.04062232840486302,0.012262482239764116,0.0059625174656317,0.010420497963944841,0.010520506694410958,0.012293124208994088,0.010844244711611939,0.012311554601685648,0.013142688808530645,0.013088442303738734
2022-08-12,-0.014626121184394436,-0.007065732270369218,-0.006311931060918763,-0.007965739430510044,-0.00733242083917629,-0.007719434239719103,-0.004870721587319604,0.00018921388720394283,-0.0006388161343934273,0.005559919939023272
2022-08-15,0.008407707399332942,0.016814894969267247,0.00971341200775866,0.006917095064366663,0.006333959192321936,0.006131546028062873,0.006692182539800529,0.006137850273469692,0.005584918922859838,0.007140158981828515
2022-08-16,0.04385058948569065,0.02136278304738526,0.010209497906195297,0.010747668346152484,0.010463140049068675,0.009457242353901663,0.008396602031183642,0.004816434991847363,0.004696656456538939,0.005219940812152046
2022-08-17,-0.012242328116140677,0.003401840658671107,0.0033450249579856095,0.005842745307798047,0.0029890070305513827,0.003970243879332536,0.001452407696668434,0.0015685336295672148,-0.0005744584586182544,0.0016475659656010055
2022-08-18,-0.015064700057733194,0.016277115704375067,0.006877900369052892,0.00800412315912058,0.007459884978600062,0.005619389777573813,0.002602149701741885,0.0007993489307112078,-0.003929448723508089,-0.0065471985593698045
2022-08-19,-0.015983610979405483,-0.022801587567171322,-0.018409112664400373,-0.0178188458282732,-0.01759932330533387,-0.01525213258534297,-0.014801447192115957,-0.013676267672958375,-0.012999161402877712,-0.006244580359165086
2022-08-22,0.00088842171599679,-0.002571459355161898,0.003021324026433625,0.0013788264599026157,0.009221123098120954,0.004802811909515592,0.006305977467739199,0.008561988019767375,0.011983887773989066,0.013346389940277037
2022-08-23,0.00995324423935906,0.008961336113013196,0.010608910653230108,0.009042536271332446,0.0054719870958648276,0.004789379781080072,0.0045650716825118565,0.0023946925360873728,0.0056464219443765895,0.003878724944695655
2022-08-24,-0.016308552727073433,-0.034085603187831826,-0.03786000610476159,-0.037787133570221565,-0.03411361234216248,-0.03588000469136954,-0.031002233019859604,-0.029952956760158522,-0.027239978694894806,-0.02319000609839461
2022-08-25,-0.020374342004482404,-0.011244947557929263,-0.014296676936714214,-0.009935734154771891,-0.008019699742755071,-0.007338272149742586,-0.003215956149077881,-0.001400465507607307,0.0034688390417725312,0.00541848408579626
2022-08-26,-0.012549817468190949,-0.0025025639286855306,-0.004166136684151556,-0.005911797527150431,-0.009373414797627433,-0.005171579257929215,-0.004208802400303968,-0.006246626368224817,-0.005650230939246992,-0.0003669140167238405
2022-08-29,0.02204315969595183,0.009580387338067542,0.014865931792646725,0.009932285514286932,0.007159719806649534,0.007545066889281804,0.008629487669738367,0.007505117411072959,0.006977666519436543,0.006892583155731824
2022-08-30,0.0022991991853102967,-0.009917554795244587,-0.006238473604069705,-0.005733443788650372,-0.004266435380422373,-0.0038799687620185708,-0.0056444270966039545,-0.006354214446840145,-0.008260726706162402,-0.013487064857921838
2022-08-31,-0.0456624551634528,-0.04381327345255459,-0.032004254267977816,-0.033331258973670286,-0.029778955437762433,-0.03085961772439838,-0.029721439294379648,-0.02735590663203402,-0.030175527491066556,-0.02835560552287153
2022-09-01,-0.01814392635839912,-0.008158337613761169,-0.004434759030518376,-0.003773830024392244,-0.0047293197156287325,-0.002790432756366923,-0.005240741058478271,-0.005040896263450945,-0.0032934527865987606,-0.0063532938862155275
2022-09-02,0.019255583244263574,0.01802424340137221,0.014764342094294447,0.017561402126495373,0.01722924782418156,0.014311609596012076,0.016808999621450882,0.01167682766037581,0.009709091745616405,0.007295958618695808
2022-09-05,0.0007480769038465951,-3.585737995071003e-05,-0.00032087617999043694,0.0031568270160398093,0.0006957622103540562,0.002405952631529207,0.003748469050357528,0.0064359820953203695,0.007810842630017634,0.010246976722905865
2022-09-06,0.0025862423006239865,0.02522754828225171,0.01736834329063064,0.013324650113989867,0.014579229491898493,0.01612986617655876,0.014378727518973289,0.01631380137399252,0.016337290626357026,0.021141623321969227
2022-09-07,0.0015220601485017582,0.014381825526811332,0.0054530375418362365,0.007546694514713792,0.00725990491775419,0.006425267640602916,0.0031214361732825324,0.003935550820329148,0.002138088814471528,0.00030948635230254595
2022-09-08,-0.015593246716768872,-0.01523814022549741,-0.011163576226255079,-0.008315929618254558,-0.009843021206858427,-0.009861237177007931,-0.008925439803335933,-0.009503987293786653,-0.008795927155702543,-0.009328040499297141
2022-09-09,-0.005204380084256166,-0.013300434539313954,-0.005027795182727446,-0.004927085915816587,-0.0037586393981925426,-0.002163379821333411,-0.0021775641272815394,-0.0004994676820454513,0.0017802017389665359,0.002891740156700129
2022-09-13,0.008280521767783489,-0.002343156510228983,0.009387315295951826,0.0031056054501541475,0.00470888924039925,0.0016394177978575897,0.002359638824775967,0.000884884254986229,-0.00016534885487007323,-0.0022476248877820737
2022-09-14,-0.012050394639544382,-0.009153657748096289,-0.008193991269780043,-0.006626555785122834,-0.009505101612381495,-0.008676022544424788,-0.00931978933354849,-0.00993345344941221,-0.01179967095519785,-0.01171505427795061
2022-09-15,-0.02701295289633543,-0.024411688301676615,-0.03190107844644863,-0.02909299994332737,-0.030089081462514877,-0.026301737009235993,-0.02561436638169623,-0.0239408221898344,-0.02382480836524059,-0.018695060734392532
2022-09-16,-0.03238651435695872,-0.024506095233063907,-0.023208022702043585,-0.020562365570478858,-0.02088979331027585,-0.02333707213363756,-0.02196143367506498,-0.027026430815804137,-0.027818663102292862,-0.03470694878626723
2022-09-19,-0.012015202106330447,-0.0028083772265298235,-0.014319918708335377,-0.013314513737057276,-0.011683541065552694,-0.012757412567223736,-0.011911725711037047,-0.008890389463025339,-0.009819808036456101,-0.009788697404354618
2022-09-20,0.017521025323858463,0.013809797449829686,0.014494873116891016,0.016987304859710672,0.016169673791928574,0.015312847433417653,0.014269614091709792,0.01727670836791284,0.017306464208252992,0.017992849454352644
2022-09-21,0.010008904036517441,0.0005844315714476078,0.00044863098270142565,0.0020065112838794086,0.002163551432735167,0.002626700015526451,0.0015801848312753108,0.003541346977412152,0.007489998081479543,0.007775280641027615
2022-09-22,0.006775444580388035,-0.0045556077502953984,-0.00198397230367664,-0.002467948872250103,-0.003159604389440185,-0.003068016412657193,-0.003042312154428739,-0.005571190827468708,-0.002620841703761312,0.0002506065916310085
2022-09-23,-0.027515510788472586,-0.0308195810993257,-0.024606098135898313,-0.02182257009008115,-0.022386416357470962,-0.02234810026684486,-0.019717412711170113,-0.01934565502611907,-0.021096680077571817,-0.020529679120109945
2022-09-26,-0.0021759779936655343,-0.00927720384988917,-0.012570742732678775,-0.010681134772336343,-0.014222306825528608,-0.01467909388195987,-0.016337964354512735,-0.019948917969154767,-0.02015513851299211,-0.027382563538503102
2022-09-27,0.028487853709490585,0.022043145342134585,0.02572995289360369,0.02558107894246442,0.023620763383412013,0.021846747235541475,0.022765815448928306,0.02257064243799145,0.02154745386398127,0.01809557763760128
2022-09-28,-0.018734930981763487,-0.03066462807013326,-0.03095360014515436,-0.02817048835480629,-0.027646238499522302,-0.028442016539096948,-0.02741915754198998,-0.027452649369173576,-0.028879783314047835,-0.03243837774967917
2022-09-29,0.000349050394280237,-0.011970734628996782,-0.0051263229856174375,-0.006451995355079676,-0.0044191198168180845,-0.00408702793711746,-0.004131723335468629,-0.004856033418965344,-0.0026822933002619287,-0.004095964642930161
2022-09-30,-0.007432428314583239,-0.02494676038184196,-0.01830439167966813,-0.016610428810144517,-0.015586146645370502,-0.014981428229533744,-0.012280227649138498,-0.012434821321844813,-0.008570692229607157,-0.005239793523326264
2022-10-10,-0.015082333374083823,-0.011211164657826456,-0.019282701213194864,-0.021156091324163073,-0.01932498643392422,-0.01794564813224664,-0.017686748287921272,-0.016615266671155315,-0.016239413818469273,-0.01083259866845765
2022-10-11,-0.00010007048923188488,0.016995656340820897,0.006158145960770467,0.005993575707563759,0.006678600123157352,0.008644294158263843,0.006405384987764995,0.006007816964426871,0.008639417732890564,0.008077519143353085
2022-10-12,0.033426315450131305,0.04002605064021125,0.03214562824527212,0.032040553393449134,0.0305115342043889,0.030974277693422314,0.02589597472542038,0.023870975014287588,0.023831897355873988,0.019849669273728887
2022-10-13,0.02686088696716471,0.014343517239351788,0.013326928617305667,0.01426164784201478,0.012821404312997053,0.010506777213976415,0.00833432430419112,0.005684413910551855,0.004748191630423504,-0.005012229583372552
2022-10-14,0.031160396250409006,0.016845344133326057,0.020798217850150014,0.02386200694085705,0.022765783207134627,0.021588627962588536,0.021865520481333833,0.02190376834183727,0.023977306192215053,0.01922476640627724
2022-10-17,0.028107700104472055,0.013809122395238571,0.018619957433201773,0.019077430821721197,0.015103305069310125,0.013999072948322588,0.016465774116872556,0.014627489251601178,0.011626922523821692,0.009816882671092264
2022-10-18,0.0036120977612197347,0.004301816514966417,0.005852316833855786,0.00549091707941729,0.005207948633847215,0.003934116619923378,0.0030519357307157158,0.002931544389777496,0.004344779703055801,0.0028103780752815055
2022-10-19,-0.01021466951844352,0.002827817196855209,-0.005113275129536188,-0.008009202900183365,-0.008065727828804437,-0.008192333062526536,-0.007929228326454152,-0.007841975903153608,-0.004597649616371213,-0.009247459832608218
2022-10-20,-0.0012973091026236006,-0.01508559545196253,-0.0045785708471163256,-0.004345814003308135,-0.004275681399034004,-0.0031680484655544072,-0.004045966279868751,-0.004422837457099815,-0.0035732441351011834,-0.008270144321638195
2022-10-21,-0.0042570661044064595,-0.003913250488587261,0.004179592636923024,0.0028189083761807066,0.0044667936932532015,0.0014632093046713646,0.000864692305452941,-0.00048620461743964505,0.0011840323445151402,-0.002061698959676228
2022-10-24,-0.02496777361228275,-0.011910624409016246,-0.009411759347204729,-0.013506269992863196,-0.011708398504741369,-0.01256073776117761,-0.010088479230257463,-0.013366182986236486,-0.012660041971362612,-0.01513762003194763
2022-10-25,-0.004165761388622569,0.003929696825844431,-0.002459865373440784,-0.0013570451843812892,-0.001255997147888932,-0.0005908210303801065,-0.003541593345029126,-0.0015067755316336973,-0.002727445152696406,-0.002403378449404525
2022-10-26,0.03297990186145139,0.017619662441040296,0.01597808196421946,0.021633703481144018,0.021258931844452045,0.019610156421954184,0.020394446883011286,0.019708798544973982,0.017504718591141888,0.014023654388257478
2022-10-27,-0.017344512521492494,-0.010881928754166492,-0.003912292090808567,-0.006268518001608658,-0.007082098106315549,-0.0046157266188948665,-0.0024852254355732795,-0.001105393516858011,-0.0008191016348856328,0.004148498260641231
2022-10-28,-0.03702285946426043,-0.03145732359891307,-0.03606310443562699,-0.036622394617200515,-0.03529875935990878,-0.0370984949354809,-0.03438625062050582,-0.035728426863298024,-0.034299629276257515,-0.03913772768755863
2022-10-31,0.008381289156577765,0.02519182836563183,0.014281187033116316,0.013139979106135513,0.01135756561872614,0.009943564651490044,0.0102965953473233,0.006556135169312194,0.00492436890431347,-0.00048640482318584866
2022-11-01,0.02848085149472146,0.020924173549091263,0.024552238429299322,0.027008231020588358,0.02664884418125224,0.025020973246636657,0.024510187933893146,0.025859966985079863,0.02319771735181475,0.025531929976053025
2022-11-02,0.005744985018995008,0.02108134450525556,0.019411405644313984,0.016137109344783518,0.015808741399150783,0.012995542687237682,0.012510708236380452,0.012010409536523214,0.011071279006725998,0.010437334132319398
2022-11-03,-0.00575622493414607,-0.001636226923452444,0.006855654597957672,0.00627233831537044,0.005435823327631262,0.0051752905766695445,0.0037404686178341695,0.005272425192646368,0.002487705076855695,0.0015026118879966077
2022-11-04,0.009897414567688001,0.01791209977711805,0.01738020331586343,0.01636659873680424,0.016869766698997868,0.01865936975513449,0.017039866362630995,0.01794738386351935,0.019223273913755667,0.024447542972795278
2022-11-07,-0.002363691932563028,0.00017072099622450487,0.005480189501462895,0.00524774401619621,0.005612127126830568,0.004971876269412423,0.004966645413253756,0.007916069106770118,0.00835136899500033,0.011173533460811624
2022-11-08,-0.008636979624995766,0.0037349485817748107,-0.0015265447330107262,-0.0026627036343022104,-0.002553747078473001,-0.0011837325609822535,-0.0008302273120101011,-0.0006763606120836485,-0.0012899315681517143,-0.001191823273867243
2022-11-09,-0.00013102961367572608,-0.004228494690299844,0.0007041735765205281,0.0016052998183488931,-0.0005447934417469602,-0.0012664889340019414,0.0005943095645004615,0.001207517973527139,0.0029915997626035473,0.0013060538723530524
2022-11-10,-0.0047043085772477955,-0.011375209036622258,-0.007185839520649551,-0.00781654340572746,-0.006166017793393319,-0.0036388359675851856,-0.004028819938968309,-0.004004764839407815,-0.004097086120424032,-0.0006987753834130084
2022-11-11,-0.003382198347007148,0.0003502028027511095,0.0029399282087234635,-0.000759817244881611,0.003577485220623622,0.002833873672481335,0.0024844178165299713,0.005252142331522602,0.005198167792329844,0.009721727172603112
2022-11-14,-0.002554484586633321,-0.010908896111239685,-0.0024106615560212097,-0.002427026233202012,-0.0024259865183388074,-0.004378417333190332,-0.0017497195837398172,-0.0017864464001592362,-0.0004494808337357492,-0.006274164459270315
2022-11-15,0.0032257479712203274,0.026245621399662467,0.02285314030701935,0.022693928109244643,0.01959615541246662,0.019954839755005782,0.018197575875131378,0.017672567756736646,0.01796721946897817,0.015769758199933426
2022-11-16,-0.01416159400034589,-0.002901435499987892,-0.0038007741764609637,-0.0037870674779116875,-0.002020122439331251,-0.00227951310036667,-0.003107632631754842,-0.0019242790311730928,-0.0005535305666468648,-0.0014577899560893615
2022-11-17,0.008026059486021309,0.007034567581211126,0.005331967471137844,0.007698475980782549,0.004141801330213468,0.0032760316515760834,0.005748839039304787,0.003201150822957466,0.0023397973250833815,-0.003061940998882906
2022-11-18,-0.0041328081262287375,-0.012185482850144091,-0.005591430970342093,-0.007367006167182111,-0.006485290663913235,-0.0059375204676164195,-0.007056905172786454,-0.007470670168195026,-0.0053652709810746435,-0.011212913597103413
2022-11-21,0.0017261847584859602,0.005240717512831727,0.00621459036721439,0.00886117714057777,0.0056357150803276745,0.004086289492888362,0.004575992257189299,0.0010985344306815303,0.0025711462253434902,0.0010819011599068062
2022-11-22,-0.017079921489734806,-0.019530484006975213,-0.015208749379106101,-0.015516578388472646,-0.015128540072936625,-0.013798459639669969,-0.011998910735157131,-0.010213678560066608,-0.008836854649230785,-0.009643472565270206
2022-11-23,-0.007910780305715459,-0.006455968821929892,-0.006920108850048345,-0.004865508044926692,-0.004515161061771522,-0.005197963077890666,-0.006972473711140292,-0.00443587385621258,-0.0053392188616869785,-0.0011744879111026396
2022-11-24,0.0043120193549044394,0.008480933176218342,0.006146212740929524,0.0032190072204258957,0.0053382576925313785,0.0017219168287703202,0.003001871220846608,0.0019073302675274295,0.005217706178386683,0.004091716493650477
2022-11-25,-0.010310054758193687,-0.01761283907556932,-0.014184969232093447,-0.011966881673225238,-0.012318446823436191,-0.01103102977921544,-0.01004727981892084,-0.005519506225650339,-0.006121042563706713,-0.0017336961160498987
2022-11-28,0.018820429617096845,-0.002490236224335529,-0.002679476142831483,-0.0033680315167818886,-0.004352297094625479,-0.003513062540721701,-0.0033369803761322814,-0.0031276603111421997,-0.0017725317744475833,-0.005646825856842397
2022-11-29,0.0066000362024620784,0.011593920582529282,0.014382593005046962,0.015828688586879025,0.01606017316879016,0.01604177075419111,0.01890763289407138,0.018779763359485946,0.01864020624237317,0.021263281528165257
2022-11-30,0.004273471113021898,0.005645357552197083,-0.0012319100912249192,-0.002896305381833608,6.179119542637501e-05,0.0008308615808056974,-0.000294191097182428,0.0035022775510915594,0.001803841576910381,0.002142745632934151
2022-12-01,-0.002072211389518297,0.013268725000400217,0.009729626198824226,0.008813011821255046,0.010480250364662602,0.008791305940357041,0.007667040951677473,0.006569336618478694,0.0051364255574417594,0.005896329492479202
2022-12-02,0.013313172716252542,0.006030796315330766,0.009309187118217821,0.008422804872102008,0.008473609057913167,0.004469992036701953,0.005676892038227521,0.004187100402817334,0.000611026499087064,0.0028129071518860904
2022-12-05,0.0002578888410298408,-0.00044580554082662704,0.003785946016769959,0.004319433964125485,0.004789743577727101,0.0077174959643555585,0.0073422380175551805,0.010673646388422497,0.01237627750569259,0.01557221606974224
2022-12-06,-0.009565366851242985,0.0006217294121777517,-0.005758535755717831,-0.005306455796527998,-0.00424147464053537,-0.005029615131652121,-0.003619473752990654,-0.0037319685244161516,-0.005925971012321507,-0.0010436718534535538
2022-12-07,0.006285923881652611,-0.00470162996936796,-0.0004271659149989171,-0.001403060267676448,0.0013167580107893428,0.000655125974819093,0.002729713569918246,0.00040666632665664615,0.0019369336979777607,-0.0014996919894679772
2022-12-08,-0.005720700020041325,-0.005853698372356386,-0.002707869848704747,-0.003856965222791109,-0.004603019805851982,-0.00455826698452011,-0.005693277582903944,-0.0028860176456604325,-0.004164528264259282,-0.002805855411493696
2022-12-09,0.0022954626776194864,-0.008078997213920358,-0.004070522282001887,-0.00253255754323356,-0.0019036286787147416,-0.0025439663015351943,-0.002267916157142391,-0.0008459758812443541,-0.0004760509784718092,0.003133757826431216
2022-12-12,0.03433344377997627,0.004888442245895019,-0.0022277721032168962,-0.0012412382742235106,-0.000938498436489299,-0.0021835596320795014,-0.0019242967668376965,-0.0027312495961194783,-0.0046376446379848835,-0.009449888960790687
2022-12-13,0.014355105901332932,-0.014340182463108642,-0.007628826391835819,-0.004995859516678802,-0.00812288254562421,-0.004765969987562957,-0.0027922806419116153,0.0009449809736195025,2.2002477414462263e-05,0.0019306515951420522
2022-12-14,-0.01134447553713025,-0.001195521421154755,-0.004183509697384236,-0.003339644883391224,-3.3631620489305014e-05,-0.0037432529603184106,-0.0014694148500939974,-0.002277339672279166,-0.005186618165692325,-0.004051406857448203
2022-12-15,0.0016201668976889572,0.01638326567327475,0.006209753219124314,0.006315218231806696,0.006135545758941818,0.00473301052720787,0.0029907647618829802,0.0018673739978825044,-0.001070576521835065,-0.0031644870292819594
2022-12-16,-0.015664580491993707,-0.020313316387370994,-0.017903589817022225,-0.013659812093969492,-0.01410568191960615,-0.011759216894749236,-0.008696046960941284,-0.00710162576542217,-0.0049571528687524236,-0.006022667005562976
2022-12-19,-0.031159178606260718,-0.014546742334705653,-0.020828727699870098,-0.020216039268517005,-0.02086200400148497,-0.019054337045634084,-0.022655038570664643,-0.023582310774744264,-0.024194199840116615,-0.0272654235570694
2022-12-20,-0.01569838981646865,0.0001900682577120616,-0.0034361543527191563,-0.005252884832680937,-0.004944241669001537,-0.004657825698779594,-0.0045735036179040955,-0.005666139699226913,-0.004082919009871455,-0.0037271943454473266
2022-12-21,-0.006113856027919917,-0.016747866038178127,-0.010330374522977026,-0.006779881193897608,-0.009157058819704078,-0.008650044151592873,-0.006298331248700384,-0.006512727115159933,-0.002595388448331737,-0.005910534327449257
2022-12-22,-0.003935364127947039,-0.014442519384734842,-0.013978372994604915,-0.013568787007601002,-0.015391363987142692,-0.014038267135838889,-0.014345100620194118,-0.013851982153284759,-0.014207311173177861,-0.014614022849364527
2022-12-23,-0.01470483054339633,-0.005282418074958994,-0.002281987950944364,-0.0018215911827845765,-0.005244835465544884,-0.003454512221385153,-0.004287436382319432,-0.0015094235787854737,-0.00486567778586211,-0.004425188099030364
2022-12-26,0.009995324890990087,0.022559527986519612,0.02165724157747917,0.02056898839834087,0.019913154952083234,0.020063480280588353,0.015342247187838387,0.01462385576630143,0.014170595887581516,0.012007574131696952
2022-12-27,0.001466316919874311,0.0031931964715838923,0.003427295701622146,0.0037540841707683903,0.006071574371803612,0.005925395034642955,0.004738631331040022,0.005921560450630636,0.006183224728356196,0.008375987091197468
2022-12-28,-0.010596534017674575,-0.018840358854091743,-0.012694570913065029,-0.01210696648322529,-0.012006836783527985,-0.011240851728006263,-0.010988955012816826,-0.009115621071644764,-0.007055733727524882,-0.010747684975110028
2022-12-29,-0.014827490618819716,-0.002685550022313743,-0.0036125788069563125,-0.0031191366824833144,-0.004797679736487814,-0.003460527060347496,-0.002792474371995479,-0.004219593209020656,-0.0035103662003442837,-0.010462092548814583
2022-12-30,0.005117501950621328,0.005296522001399406,0.0044348617887404185,0.006731617119044131,0.005884964930552128,0.009222933788000764,0.00761594628288309,0.00763822599944608,0.007062831625927357,0.006651301410463661
2023-01-03,0.022016864734373698,0.02993203338472572,0.02644227853000447,0.023087418354752254,0.023338332717946164,0.023903683891118188,0.022359512643198354,0.017807674655272887,0.016146022441324792,0.016711877276406772
2023-01-04,0.003602140445656987,0.006108009668798209,0.005085877636108238,0.005379515620654862,0.006282462395422517,0.003971023065808321,0.004196133806473323,0.00301869240874586,0.0012770544950375662,0.0005648914402851535
2023-01-05,0.0047946876337794375,0.010132181523345718,0.009538457981197013,0.0076560181450562315,0.008095102701572987,0.005921042806916077,0.006019767923900243,0.005052315008410524,0.0036565961558250315,0.0029474170956507173
2023-01-06,-0.0062663061702400435,-0.005187484635472361,-0.0006467383752574163,-0.0020492723872406193,0.0007230927402992471,-0.0005832827772069837,-0.001372844512593785,-0.005015725607381283,-0.002570487330711413,-0.0017428527483048795
2023-01-09,0.010782628042093734,0.009930888321528997,0.007006000605229934,0.005365982979896211,0.006124439521377756,0.00622186846595163,0.005407313526305524,0.005205204208452052,0.009401666208922244,0.005914388051269537
2023-01-10,-0.0017370735315904717,0.0010651801895873447,0.0012502980954014475,0.00014047408385908788,0.0010326365283455097,-0.0001960749483695956,-0.001591306582506058,-0.0005600582063638448,-0.001755728212920915,-0.0061906670402922526
2023-01-11,-0.015821027017070888,-0.012550397112278122,-0.012814834528080299,-0.00985808052307835,-0.007037260030503201,-0.00869885208339527,-0.008275603335625048,-0.007079413054642103,-0.007603829159154474,-0.0020871073928164785
2023-01-12,0.003840807083688391,-0.0003575961045063636,0.0020185215877928098,-0.00019830404099441257,0.0007471823973506098,0.0012527516755487245,-0.00038226484449233045,-0.0009123541841293825,-0.001782282619224751,-1.703400839014879e-05
2023-01-13,0.003344665033125027,1.7266546099126145e-05,0.00020472545413174892,0.003424211843584768,0.00249270889919595,0.0018766597967074805,0.004252876231228386,0.004237944328876475,0.004256192630160971,0.004825300118491915
2023-01-16,0.020500606387069187,0.007109085293310224,0.0076184022555068065,0.009923976357801845,0.008895077138144858,0.008286604444830203,0.011357910942879412,0.009813908938591132,0.007141065520620327,0.008509469506251977
2023-01-17,-0.009072886666394164,-0.0015196889752563392,-0.002517074419741472,0.00047136308409245764,-0.0009892965118102337,-0.00023925785237466357,-0.0011699291466245043,-0.002005675361922865,-0.0013822947353850923,-0.004033415315489508
2023-01-18,-0.00028616470840936437,0.0038522973008909833,0.006157674072142294,0.003918698316300873,0.0032807875320643998,0.0038072474351840135,0.003281148178956972,0.004153911167671831,0.002351484118534364,0.007895500821186507
2023-01-19,0.0015683404143302937,0.002745052151695404,0.004972701658722212,0.005274751933276756,0.0039645902460339055,0.005077492860276811,0.005752646306832476,0.004956109153072985,0.005215357080078142,0.009677784785923071
2023-01-20,0.01115675344294842,0.01067392202098616,0.006160045963719218,0.006547454946804532,0.008484944941204553,0.008689430395272257,0.008830486470680077,0.01128791039789201,0.012080600651863893,0.013066853271097356
2023-01-30,0.02506546096246587,0.022076545740792763,0.015847355898733095,0.015240703929204846,0.016735980421556107,0.01468123246608144,0.013306846415860107,0.012957415743219958,0.007427159305993802,0.008697238330383383
2023-01-31,0.005252737429849219,0.008723649029293234,0.002016662686888049,0.0029001134548825025,0.005319763244566955,0.0029694026809554686,0.0038659553834534677,0.005485952678784267,0.0033210593707753144,0.004523326778958392
2023-02-01,0.013055300184540153,0.023192212056569517,0.019581938104425545,0.017489929820646344,0.01584679146375123,0.015411511377126041,0.0168950892519526,0.015561626738502143,0.01796560525770219,0.015993696264618995
2023-02-02,0.010869391515850424,0.004430944628490474,0.0018255721242679268,0.0034631964278044602,0.0036641889665822713,0.0017699994214850356,0.004099274430378275,0.0023415428662094673,0.003320478708868757,0.002559708393361726
2023-02-03,-0.010997029378775669,-0.00017429107804189936,0.001095455019546998,0.002910240185098667,-0.0009033938271423292,6.90541637859976e-05,-0.00019602018298203738,-0.0005830096519401362,-0.0037412380354142627,-0.0038436218619364304
2023-02-06,0.0035708879986695585,0.005139161410021131,0.0027558079207896657,-0.0008228683869704323,-0.0013853801167007518,-0.0012111895331238243,-0.0012088402915356733,-0.0033141720679288333,-0.003690075685627403,-0.004032021649729267
2023-02-07,-0.002335906411236155,0.007906672795551017,0.004354276587271277,0.006061293510751797,0.006716116429370755,0.007701421176601331,0.0072403726701177895,0.007634846827209607,0.004844464328548126,0.00906578488203258
2023-02-08,-0.0009023863110342312,-0.008949531546373679,-0.0018889320980569613,-0.005104004904154857,-0.0034434752729204376,-0.004509014494987973,-0.004309402885002367,-0.006034684193645723,-0.005481614048264971,-0.007968076636237997
2023-02-09,0.013882771193549415,0.00982775050859952,0.01091786786279414,0.0133203829215216,0.013119302276223266,0.01393510448870483,0.013741553896056136,0.011203401914410716,0.011528011659700965,0.010649521188495381
2023-02-10,0.006625141655614675,-0.004237425160941943,-0.002023857043123023,-0.0016475277203307215,-0.00367479832167672,-0.0023781410835165273,-2.1166211686018954e-05,-0.0010465645455873807,-0.0015722391510105682,0.001614170162669737
2023-02-13,-0.004495079088126519,0.0052370860869319635,0.011660537340967503,0.012580019723933189,0.010586697548468749,0.011258981282643576,0.011074705841687793,0.009595907869112574,0.010139719839071804,0.00685788950123678
2023-02-14,0.0035801835056306075,-0.010553397220885219,-0.0010787002089419628,-0.0011260268745767466,-0.000773561427848457,0.0007099791587727999,0.002377866140942153,1.9287132583034605e-05,0.002750084432729727,0.001984737247671342
2023-02-15,-0.0001406541819642948,0.008764720757073796,0.0025076541902468996,0.0049095382639048335,0.004304218888475431,0.0039202113540832695,0.0028521717555518578,0.00026902957922381177,-0.0006945650784945245,0.0017433423187260821
2023-02-16,-0.020533325439679007,-0.029418778345814856,-0.02750637778163434,-0.023707462699285253,-0.025984828458756604,-0.02300801658808882,-0.02179652977628954,-0.019237251812444955,-0.02042899232238915,-0.017140788680181318
2023-02-17,-0.0041120197926574065,-0.012105749686450507,-0.006247079348956408,-0.007646188874536164,-0.006451786097546375,-0.007777363090792133,-0.00562976300101381,-0.005902691804804405,0.0005815839620877394,0.0006622572472918531
2023-02-20,0.0021831465411299433,0.003474885826434848,0.012464966471226857,0.011751927632079218,0.01185726727077041,0.013181674462056092,0.012315024534965913,0.01423505486265153,0.013178171611849976,0.016426982694109915
2023-02-21,0.006448639558271019,0.005585776021746813,0.0033580734041784854,0.0023369341182815084,0.004341323568097133,0.004621993048967266,0.004793754206978695,0.004960159197052283,0.007073296352425373,0.009015265092357172
2023-02-22,-0.0019370503457066812,0.001533637252835618,0.0006602759110669876,0.0034368793837797895,0.0012647978382656078,0.0018126846394823648,0.001657526110854457,-5.662151091112566e-05,0.0009939591902381473,0.0007956965215754064
2023-02-23,-0.0019086726737495008,-0.0005238201058707093,0.0011915318438646683,-0.0017824852223646825,-0.0022606344776064935,-0.0034874108469666876,-0.0038055715985472194,-0.003682215863853644,-0.0016447425788997938,-0.002574256140596143
2023-02-24,-0.003151775317932537,-0.0068112858858740966,-0.0014493268549182758,-0.0013277281783349304,-0.004017074502078888,-0.0018956190766439285,-0.001344297064635347,-0.003129721173294575,-0.003796772622938205,-0.0016570545585398166
2023-02-27,-0.00818827187246196,-0.012987450652356514,-0.007974084084515054,-0.009419060168788462,-0.0075601835879293144,-0.008011599293677563,-0.007509522630586241,-0.007365723097490839,-0.006566740769214929,-0.00338804663221548
2023-02-28,0.011568819627657767,0.010791538306016202,0.0066743477658579575,0.01015532154296217,0.008544885217513398,0.009654228900815909,0.010059794481585893,0.010569334929101615,0.009953742441426439,0.005521220452451736
2023-03-01,0.0033602652661961496,0.01392724024980918,0.008155394646141012,0.009945072087073292,0.007880279183860806,0.00906587533027503,0.009567615299558963,0.009418568632352464,0.004799784370128846,0.008427294063062973
2023-03-02,0.0001341027907677539,-0.002311619147717825,-0.0016171420994749441,-0.004428670399992396,-0.005129956713210038,-0.0035472009656614123,-0.002057919290767929,-0.003612413879365839,-0.00473496735049217,0.0007582500014000626
2023-03-03,-0.0010799031896155942,-0.002123221419260579,-0.0020445286620268677,-0.0021742262869374196,-0.0019467914128430408,-0.0018533017846641409,0.0006727613677248723,0.000829733701642299,0.0026606550131216267,0.0011195515203747952
2023-03-06,0.0075594343133218445,0.005181852452771141,0.004072376593824423,0.0010717394417434356,0.0022606322524614253,0.0028494623337460556,0.003057953433325933,0.0014333547200393593,0.0027417407529595206,-0.0039296069348118134
2023-03-07,-0.01495384157873414,-0.023061093389503573,-0.022101916255214737,-0.02247723671674373,-0.021630175339452884,-0.02109847743219706,-0.020083035865252286,-0.019594513000692704,-0.018656832675792212,-0.016611748534838044
2023-03-08,0.01476637909310008,0.016491968385682565,0.011003236819923323,0.00921659008342357,0.0078118319799036495,0.00840042783635453,0.007724306995496866,0.007250077253362575,0.005133168525766063,0.0070859947013450775
2023-03-09,-0.009350137545379167,0.0008862634854680529,0.0032325093754952405,0.0013189424392281435,0.001297073366584467,0.00013304944535108554,0.0007386630872132649,-0.0010781925759002498,0.0012215409316875814,0.0009794692060269838
2023-03-10,-0.013008166316279213,-0.015271768639437133,-0.015929699010898912,-0.013659328160696815,-0.014153450923511945,-0.014786258584252643,-0.015057218606552292,-0.015325140122714132,-0.01357526873675352,-0.01638865824149982
2023-03-13,0.010869574282748262,0.004982049443980063,0.0021274557909214398,0.003813205701658884,0.0028434859770900545,0.004224752922726394,0.006384037889693994,0.00443908970811302,0.004461588017347751,0.003428854239107215
2023-03-14,0.014768049762390989,-0.012524822179851736,-0.012970545084000973,-0.013597353368982712,-0.012237650557189061,-0.012985009892398702,-0.011270614140782897,-0.009573050207502654,-0.010827907699407224,-0.015678858763404024
2023-03-15,0.02810533785165248,0.0005552306218834513,0.0035192957783158896,0.007440076904876358,0.008641462621918894,0.00815968055871874,0.007475653985812514,0.010033975206884538,0.01070009466840749,0.007967155990858288
2023-03-16,-0.03321378089282867,-0.020898183276207294,-0.018011349713002667,-0.016606799944657413,-0.01597286511267304,-0.014153846678713666,-0.015028893512503694,-0.01576047515368506,-0.017029520199219328,-0.019604626565059124
2023-03-17,0.0019756803167176873,0.00657409612733062,0.007270727807341171,0.007145727486632447,0.007181861459507388,0.010879239146337927,0.007538411621801799,0.007602891694320935,0.005978393020690698,0.009962331070106467
2023-03-20,0.002283391695449888,-0.0036157383783184116,-0.0005277390615502364,-0.0035651037005568487,-0.003680818044615619,-0.00021906265134907787,-0.0031599686329525367,-0.002789015066857803,-0.0032593187578537908,-0.004103452040557953
2023-03-21,0.011134766316685418,0.015860826368789605,0.018742515313027397,0.01822211319053313,0.016739162688078624,0.0171038559901191,0.014571416047303387,0.01366743319931718,0.011942182138003687,0.011564960998904139
2023-03-22,0.006805370146072631,0.009926110095523244,0.011461712548648695,0.006584862707278649,0.006446480137595412,0.006360703147787028,0.006226294386926234,0.0049381497327447565,0.0025234053821749924,0.006629114554591364
2023-03-23,-0.009065536492663062,0.0011915427543949253,0.0009098530650657466,0.0009191125191412297,0.0010800292230246367,0.001159525331023481,0.0017646223574365738,0.0005575089758658169,-0.002083514991439328,0.0057328053396235035
2023-03-24,0.008144186184311675,0.004982781295782557,0.003945575012031632,0.0029927848763593445,0.003763466316711206,0.002343263096147963,0.0017929334698347787,0.0009397385575702355,-0.0034827437020703567,-0.0032350908696431313
2023-03-27,0.010913968483349912,0.0025871997277793213,0.006364373728355632,0.0025121935867358225,0.0023199827204651857,0.0022169154112332556,-0.0014014824525786507,-0.0009397172477417781,-0.0007320823469131321,0.0007358260297232189
2023-03-28,0.010834645150050504,-0.016464296125124567,-0.011588458029479942,-0.013768848913234155,-0.008403539874265897,-0.009297896977148334,-0.008754650496447636,-0.00491459130027716,-0.0036352240983279493,-0.009907963335970882
2023-03-29,-0.0027878110122446786,-0.008487879370373874,-0.0028991502719285522,-0.00254741738025821,-0.004310371308409056,-0.0012344628500203791,-0.005348133514275433,-0.0035101674479499634,-0.006677906994810523,-0.007052640631587059
2023-03-30,0.0299014443916219,-0.010288111291599344,-0.006217878312149594,-0.004540798105802546,-0.003370604196993643,-0.003565200769254484,-0.005575944816607059,-0.0035814314524300617,-0.0039123228253071796,0.00039042276586109814
2023-03-31,0.014059482726796357,0.012832141694118171,0.012469878664834733,0.009101582068111735,0.01047931996004925,0.012840610059235757,0.011866246651846435,0.012303047253694688,0.01127094711160015,0.01408109274856284
2023-04-03,0.02494425074162021,0.014006542877233574,0.015533616143845519,0.0108617127866244,0.009958470143176523,0.013668703416465755,0.009506891267289763,0.01161179390488698,0.005566809976652598,0.013819007002651151
2023-04-04,0.020802536499469504,-0.00912383898081437,-0.010332281158837553,-0.012299648244876171,-0.010392056364261104,-0.006591836081240365,-0.00726510184164908,-0.005958283269109299,-0.004155936722356035,-0.007639850879016086
2023-04-06,0.017844027923243244,-0.004884375289050502,-0.002702335751351481,0.00272758808665996,-0.000659684762941315,-0.0016863189346567609,-0.0013700747359404186,-0.002532331816250677,0.0010979933260482078,-0.004879412021942975
2023-04-07,-0.011831957854929631,0.0063154741602273745,0.009744530719500322,0.010974777600099461,0.009604175733185727,0.008369965356331832,0.01015738757600948,0.008111797474614324,0.0076630262713885955,0.012667220205425878
2023-04-10,-0.012327530764738248,-0.014057646702657078,-0.01667795737305333,-0.014609222983734016,-0.012877154064329654,-0.013994240242247269,-0.01566335502017735,-0.013138567670087142,-0.00842297564912975,-0.015384566031911295
2023-04-11,-0.007791673825606971,-0.003756725826997709,-0.0006201740904345776,0.0002923941686605591,0.0003647830072879277,0.003439769055149089,0.004083300291342518,0.004334506848228781,0.004133519629294868,0.005182815823191689
2023-04-12,0.0029711118859365726,0.01877478227763696,0.0089071386882984,0.012330356123858577,0.008309253334031874,0.010272153994457467,0.008199830755217352,0.009982903744058857,0.008887046345124494,0.010395473430745428
2023-04-13,-0.016745127585819142,-0.014313470402805284,-0.009440186594293576,-0.006326204608865904,-0.005732329648823087,-0.0066429420205096346,-0.005791642722057344,-0.004438599726342418,0.0002783939969219773,-0.004930273580957767
2023-04-14,-0.004629780558167762,0.005793961782603052,0.008775958401805894,0.0027803789464104778,0.00038287017686000624,0.004341329638730462,0.0038931893348399527,0.0037361964596458463,0.005026010968185002,0.0013924956648208031
2023-04-17,0.0016325938114447602,-0.008395458722512794,-0.004869269443806501,-0.0020560302449883494,0.0002875922945491105,-0.0014596964901633092,0.0002433230054150748,0.0005238284514765823,0.001734784490795116,0.003959670607684984
2023-04-18,-0.01514389191912835,-0.002898159238436171,0.0018204540991397788,-0.004857550694658652,-0.005904712493988495,-0.0029991456499657287,-0.00453835976326511,-0.004806727912569642,-0.003944087417256159,-0.0018322454335618632
2023-04-19,0.007181017410103241,-0.0027120861366807247,-0.0030552460677627513,-0.000730315208253618,-0.003015490442543345,-0.0016020289481710748,-0.0011594078002867825,-0.003472823499896305,0.000977359546067147,0.0002676281984941298
2023-04-20,0.01972848878063327,-0.002541588025736341,-0.002360285460527578,-0.0021979888459155994,-0.0017734346264780543,0.0010947938119416634,-0.002966700552765933,-0.001957650353898055,-0.003939291402285439,-0.0012725538636565448
2023-04-21,-0.04520593788406202,-0.035231503482216264,-0.03316264730631602,-0.03220300892626493,-0.026648743109261686,-0.028024796798670315,-0.026831300167845407,-0.027292947237491205,-0.02123113951031097,-0.0239494305791772
2023-04-24,0.05868501690528993,-0.0035436860459842068,-0.006342408326940663,-0.0049065020210630195,-0.006870075458231595,-0.0013940231880036347,-0.004433596647490989,-0.0022412418358732644,-0.0036940825136941857,-0.006296718233441467
2023-04-25,0.019152320175564563,-0.03209583304291275,-0.026932499927263986,-0.02043797701829564,-0.019484631561936916,-0.017816945724626443,-0.017418229209466007,-0.01590168804256986,-0.01669077958487597,-0.01910065954871809
2023-04-26,0.02297877481537758,0.007577675313172438,0.014994853843206535,0.005978433333877486,0.009025558797283395,0.006974950945892955,0.007159865032380974,0.009196996537960356,0.006605997783500239,0.0072732871362628515
2023-04-27,-0.03943516191373431,-0.004506647247215612,-0.0017635430620088766,0.0017310650343504985,-0.0007222954372391177,-0.003719966500500438,-0.00017220488554847702,-0.0003019601605857014,8.450147976146738e-05,-0.010586697213515905
2023-04-28,-0.018502177770961525,0.028951319898067318,0.022311858195920076,0.01823261866490422,0.0200376644676874,0.02285736683059225,0.020914060201079776,0.020695998821381956,0.01780310370940441,0.027880483738008888
2023-05-04,-0.051860512775475875,0.010046663537985445,0.0031630262526742836,0.0003538566713487956,0.006341048734990862,0.008314185773127036,0.007633110062465365,0.012616641798090633,0.011896768528495194,0.0068348047261643785
2023-05-05,-0.06587445018474547,-0.001995209293452871,-0.009854490736021959,-0.00468612253737255,-0.01038156492040554,-0.009284266533889696,-0.008143554896636096,-0.006302861063712362,-0.009718861975628768,-0.00979012061513218
2023-05-08,-0.005144140958809992,-0.0005085929123742191,-0.002494074659658888,0.00040213173423878784,0.0006400707646532361,0.0009735307348031647,0.00031779413997484827,0.0036504570106795026,0.005590015412310384,-0.0007697551893627429
2023-05-09,-0.020540152937924216,-0.01590047627182023,-0.01598922994393359,-0.017693940004610553,-0.01569038601955619,-0.014754274222539832,-0.014087427557677779,-0.01595495124372659,-0.014036165413914059,-0.015614976938954528
2023-05-10,0.0057182977148781955,0.010216257873574053,0.010092745118859048,0.0056598829308593945,0.005954638565101478,0.0053226393519325566,0.004313492647884498,0.004448067143551615,0.0012256720784222797,0.001313225275765495
2023-05-11,0.0014823354465833827,0.007000367687803877,0.00848049178816046,0.006895989180860207,0.006407024985626508,0.003814852740293251,0.0022946806018144805,0.004861060252756122,0.00515609680099649,0.006646681576750746
2023-05-12,-0.01099930333766408,-0.00979153575176317,-0.009182818657101022,-0.012267523482295983,-0.009196895661213289,-0.00959838887559683,-0.011900810274024676,-0.010949113518045284,-0.009529997083377206,-0.01149634424113044
2023-05-15,0.018925788238224772,0.011489848545682024,0.010717173030753147,0.008770759058409183,0.008466829424093048,0.00804223293855344,0.008222214747680034,0.010035108792907144,0.008219544389533873,0.007696702371299935
2023-05-16,-0.004707789754837766,-0.007046913576731373,-0.007719746825058049,-0.006368817886596045,-0.007174028726536497,-0.006999581097619223,-0.007859580356939344,-0.009000305616931326,-0.007002320597431888,-0.008639934952122341
2023-05-17,0.020551353514742354,0.012298601837212209,0.01282124896566783,0.0108594620535154,0.008526366415261721,0.00865852551844104,0.008923539126813651,0.009279333090877806,0.010754308960101211,0.00637512819251107
2023-05-18,-0.016229633367641827,0.006171362451202533,0.004770790193547425,0.0038902676509875445,0.0035478544094762476,0.004524726229289566,0.003912658580221606,0.0053735700854173896,0.003482020465746194,0.005530443150848496
2023-05-19,0.019411294490256248,0.00017819370187166506,-5.054505620682992e-05,0.0024206941408519977,0.0016761560393960817,0.0007586335812836964,-0.001816489523088216,0.0002474424383267504,-0.002530887015715688,0.0036166210795425258
2023-05-22,0.0077698918782971305,0.0029231636234567926,0.004654474765789729,0.0043468657415592915,0.004513284564660269,0.003805160084054293,0.0038007403889059876,0.0037052182253363153,0.004296122025865712,0.0027963122177898647
2023-05-23,-0.004485914576562999,-0.009152163503918564,-0.0075130897904074345,-0.009271213936194567,-0.007791790164459966,-0.009727323513842201,-0.010758764641708773,-0.010851241019016467,-0.013575789452548337,-0.010350574889418263
2023-05-24,-0.0011306624510285523,0.0007535740961144288,0.0010396799517926603,-0.000311733194592656,-0.0013955825503412234,-0.000779169293173898,-0.003519958101117049,0.00010086729882852197,-0.005678650507542793,0.0017313894467720914
2023-05-25,-0.003470171833184321,0.0022896276059523046,-0.0005954676666695136,-0.0008833393500298214,-0.0016096019499558523,-0.0009800708206433306,-0.00019018800645387302,-0.002797545780415356,-0.002910260380150964,-0.004059386886280714
2023-05-26,0.013626104980196674,-0.0025935644067395236,0.005960657885700771,0.001768310562043185,0.004544178131997034,0.005173649638019029,0.002855189508974343,0.0056275636292797415,0.00487061844353831,0.0049116425753712445
2023-05-29,-0.002945350033244143,-0.009913466173449903,-0.007699072407854057,-0.004971615327963086,-0.004931461008391924,-0.004948089292770019,-0.004288836911265248,-0.002953197953642017,0.0006726142097235321,-0.0015268071004879147
2023-05-30,0.003406889601099472,-0.0006208943498816621,0.0018742669231930353,0.0035627237741879814,0.003395933794925865,0.0033581162050906332,0.0036552021182640893,0.006234786277993676,0.004703397854382008,0.003578874305318669
2023-05-31,0.004087422811734465,0.00020268595172057147,-0.003503426235226148,-0.0013716915358632509,-0.003700322569900605,-0.003170710932211551,-0.005148930538209973,-0.00518734660240483,-0.003948827226392115,-0.0032588836062212856
2023-06-01,0.003616333506292868,0.0018531498049028094,0.004744644071434045,0.001993249198141145,0.0006470473193338488,0.0022229516779139757,0.0034957070365841947,0.001796935265052202,-0.0004743251486519773,0.002039607191124171
2023-06-02,-0.0013994791538785023,0.002224698684211379,0.004475972756776692,0.005971869839240362,0.005203841224506345,0.007790230999102032,0.00596190157779275,0.0061717702961512355,0.0077572444631459625,0.009994728433544875
2023-06-05,0.003836238008423365,-0.00016904286045382744,0.0005328340029848722,0.0034851612534045895,0.004069563895502615,0.0029032707528333646,0.002689052758506838,0.006643435624060334,0.0024923806603438514,0.004044377877220784
2023-06-06,-0.03006069221633967,-0.017102506175438625,-0.024482559816125793,-0.020546862735863702,-0.020997346654689997,-0.02056496338859426,-0.020811094256597218,-0.022789253399048137,-0.020020831058653932,-0.015181630507274835
2023-06-07,0.00012679786827485273,0.006931065631882616,0.006734795256671644,0.006701035139168088,0.0015635705465784078,0.0017553441036550765,0.003001806656528272,0.001720817127625951,0.0023611061574424497,0.005344420356915736
2023-06-08,-0.014442730833971407,-0.00867861639271783,-0.0061175958185014645,-0.0045634181218681125,-0.0075209611259529074,-0.004631004120062787,-0.005988453161743457,-0.006315942202585356,-0.0048715996889157065,-0.0040870194662967485
2023-06-09,0.010323604164033107,0.002401297560777671,0.0016196984252652147,0.003156283910652702,0.004152912744645576,0.004050149772035994,0.0033402535990245674,0.005772333287035858,0.00852996103628767,0.014058814110837536
2023-06-12,0.010095955896877173,0.005442366784007557,0.006488791815437267,0.0072003278303680585,0.009175812820016116,0.007821323299631588,0.007489786256985154,0.008612945350001011,0.004596193706526419,0.0024169212402556095
2023-06-13,0.019299420163603864,0.006926746378758342,0.003277202772533183,0.0029038842342243854,0.005567230524891276,0.00488844266709032,0.0022981140683919765,0.0037235991666495494,0.003128873704592028,-0.0013113374471633854
2023-06-14,-0.004880905929530166,-0.0032343343362832844,0.0005471983798530644,0.0006969162814438601,0.0011060127805619935,0.0017213829886788545,0.0008945577514722913,0.0018864483833187506,0.000729787616472688,0.002666629951573851
2023-06-15,-0.00749309069927806,0.0010850214964808202,0.004420179724502704,0.00199828006244962,0.003967460789468857,0.003561237500565584,0.003111368644156398,0.0028324774750649873,0.0014680163765925514,0.0008273096111419687
2023-06-16,0.02046647838199145,0.003486413642777464,0.004654436449911925,0.005984274029380288,0.004949612769367562,0.00508673588323294,0.00594969016337199,0.003380349012320316,0.003649015455389204,0.0006002671538190008
2023-06-19,0.004599581984445988,0.005191108702830904,0.004441721173696234,0.00312003850307363,0.002231916487204444,0.0008385794171088534,-0.0017763358183847666,-0.002089933039645442,0.0012249003663660218,-0.007112990377856954
2023-06-20,-0.007517321796118526,3.3492326094508584e-05,-0.004249802263274094,-0.003056932562421344,-0.003046380341874322,-0.003427903051196002,-0.004483196668840672,-0.004885954791767011,-0.005067402501872098,-0.00830622933801739
2023-06-21,-0.03151399063831173,-0.01847708471646381,-0.018566375787663625,-0.0174367739774971,-0.016199580794227675,-0.016086872634563987,-0.015270736615870084,-0.015191791255877884,-0.01665636722641395,-0.015781342471929638
2023-06-26,-0.03071531333116284,-0.02151732682187646,-0.02047911436242844,-0.02133912524551662,-0.018930925376597352,-0.018168176629875687,-0.017460749124530328,-0.01546263115731017,-0.013939846792476729,-0.019826371944725252
2023-06-27,-0.001973727188091079,0.021141646736129616,0.01671867648518277,0.018692680949566887,0.016951706339573214,0.01714424722946939,0.020145306275331842,0.01844903928596664,0.018701097224643526,0.01808130088485771
2023-06-28,-0.00789593299937752,-0.0033908061281803237,-0.006845567123956564,-0.005473009445268295,-0.0023999028540337974,-0.0028740544041077065,-0.0022830864940363016,-0.0006713063230738836,0.00022473685226054307,0.0028273754494629877
2023-06-29,0.012723842194618307,0.016589297542932036,0.011089095642397462,0.008413993011243903,0.00988619177636152,0.00941545990029824,0.011134721890938115,0.005845444302277292,0.005528733987552492,0.006224958449496887
2023-06-30,0.01608953858602491,0.008111548558363824,0.012602522539614469,0.012048952251166645,0.011251681461328378,0.011626383370685112,0.010431799466912084,0.01056203827579627,0.010172594835950344,0.006530854194173319
2023-07-03,0.002282596637861234,0.001996141833964904,0.0031922244423105983,0.0029778277463989866,0.0023944378788698373,0.0025638087011237154,0.004048031216669967,0.003844927789338648,0.005446725665309238,0.0015513732975724892
2023-07-04,0.03836134821158632,0.009525559889206114,0.01045132294156037,0.007608854584399749,0.008323801790993013,0.005559031138234305,0.004071221187139207,0.005055577109265297,0.0023531271272825283,0.0026351255165952825
2023-07-05,-0.012455773506452106,-0.009278695723497155,-0.007879257476805068,-0.006736186929442778,-0.007195144329237402,-0.00655978152722092,-0.007372249893356053,-0.00798379057593035,-0.0035712871060574747,-0.0048735216100139755
2023-07-06,0.0003205585805474698,0.0013103171839556893,-0.0018347427214570056,0.000452558742568554,-0.0007690280566845509,0.0001425298752228965,-0.00013810620828558218,-0.0011187819804319155,-0.0030943999257421195,0.0008675006479510472
2023-07-07,-0.010914339506242099,-0.009741382465276893,-0.007671430180818173,-0.008025262686490398,-0.006909867392088209,-0.006492375754954871,-0.004760412846634865,-0.0029367392021515393,-0.002826765449465918,-0.0048606209811487
2023-07-10,-0.007133516006975316,0.001982138050780735,-0.0001995313622619177,9.328601418556737e-05,-0.000325705914324681,-0.0011008750271317425,0.0012725445986969675,-0.0010503686124205824,0.002282720072871447,0.00040950545504836455
2023-07-11,0.01925226262294144,0.006543842911325148,0.008549701091349116,0.010309278220824725,0.009530587563524318,0.007998707651505566,0.006804390861820053,0.006863660650055392,0.003985493210773239,0.0045670737229839276
2023-07-12,-0.009347652386043848,-0.014236580722847614,-0.013326707990269027,-0.012156604420421657,-0.011296309652467973,-0.013105160305782237,-0.011163532794428277,-0.008488090771318624,-0.008385097359447369,-0.00883266647198
2023-07-13,0.017741262571934202,0.005890712166886747,0.006929506381713635,0.010738088464594675,0.007128550125536259,0.009601837334799912,0.009187600862698764,0.009089727370445555,0.0071142881952301895,0.009828139227684884
2023-07-14,0.004358140375412045,0.0002882064906277737,0.00012832546375296516,0.0011478102696420578,-0.00040942265138610434,-0.002219610463904509,-0.001107837157753977,-0.0015950911359584596,-0.0033469226766794646,-0.0008117929880633312
2023-07-17,-0.0197694335514923,-0.0027230698088237526,-0.0017898038123947968,-0.0024289296838799768,-0.002868796938012119,-0.0012596545893577282,-0.0014436552706058592,0.0002178365341127808,-0.007744694797200857,-0.0028124755417178182
2023-07-18,-0.008254157083786295,4.3188990395792715e-05,0.000773003251003157,-0.0012733348621649654,0.0006895323063258463,-1.737293239922888e-05,-0.0003373158682783428,0.0003247924210294517,-0.0013481329323313807,-0.0007996081039427505
2023-07-19,-0.015709904039997835,-0.007116051740582607,-0.0033522442857846224,-0.001706623433655241,-0.0027450067854561944,-0.0021879548778097613,-0.0025721256092279265,-0.0016434784764997046,0.0010046996682935294,-7.570668850553908e-05
2023-07-20,-0.025155248200705804,-0.013857411527076757,-0.012262941531320792,-0.011390050329276646,-0.01150578645118483,-0.011756703948079261,-0.011129261879013752,-0.012863861692119283,-0.009301754020823894,-0.009225797449516349
2023-07-21,-0.005963951767032349,-0.005999358944883015,-0.0053205608528996695,-0.003356153160977593,-0.0041126147144697756,-0.003361532730439376,-0.004544386291472802,-0.0065295127769754435,-0.003232132839289914,-0.002583943473284611
2023-07-24,0.00040527831758607746,0.0009080247887085502,-0.0006604018567162306,-0.0006053547205370213,0.001131224381291096,-0.0009444406523355653,0.0005120605748816232,0.001027906010932167,0.0005246340438540553,-0.004926772897857146
2023-07-25,0.03310415863746807,0.024742877562744736,0.014572766908370838,0.016564442042374505,0.01474177394066567,0.014801505681039995,0.014444442057315765,0.014548631725185945,0.01515352103972667,0.01600550614612639
2023-07-26,-0.014315525940440055,0.002372985681415418,-0.004290562684717059,-0.002538778417350729,-0.004886637067273325,-0.005205347340444644,-0.005569168184557438,-0.007279106893495091,-0.0061825047846414405,-0.007641090580074672
2023-07-27,-0.0014939210470100717,-0.005945901439229906,-0.0071203566542207275,-0.006955012798175231,-0.007428806964808077,-0.005158963777007086,-0.007000440889995185,-0.004988952659013557,-0.006369833632397293,-0.0018506708037525632
2023-07-28,0.005958099319177013,-0.0005760289181284683,0.006903124448077946,0.005284208247837263,0.006528363865661246,0.006065898519386437,0.00792480739453949,0.0062323452317647465,0.007040062231083111,0.0010692478258611526
2023-07-31,0.009456934276758311,0.006129323282363153,0.01096523750855627,0.008924388480497258,0.008359242001715339,0.007835542074299706,0.007460570650031251,0.008472567281833987,0.008456549631242094,0.0034323483533220678
2023-08-01,-0.0025255405767049544,-0.006272175113791079,-0.0033954968937629504,-0.0036968294866854823,-0.0028180670257218488,-0.0022451654457262826,-0.0032513330632499837,-0.001918917943132037,-0.0019995842811738607,0.0009409815355647666
2023-08-02,-0.02017362114213961,-1.0996688058484416e-05,-0.0028096170846191315,-0.000331671253705923,-0.0013689747723856227,-0.00019700305873160406,-0.0009270431246904964,-0.0011985172213530015,-0.001811874841836314,-0.004881527868126123
2023-08-03,-0.003949154103748964,-0.0014981217694263194,-0.0026284046390264715,-0.002141661148212237,-0.0003378662469218918,-0.002636891847650036,-0.002204271442771133,-0.0018163456275392953,-0.0011027874170755902,-0.0025075559318560314
2023-08-04,0.00516241208369328,0.002628241779937479,0.0023618857181921804,0.00042762013255859266,0.00047765679256817073,0.0013139917376010501,0.0002892774552123445,0.0009446628968903248,0.000483489339247134,-0.0016687240826745997
2023-08-07,-0.009418080811028684,-0.004660874786609814,-0.005755243511386454,-0.006288192762805012,-0.006554899505485712,-0.006493154808946411,-0.00512651669289188,-0.00524921964629832,-0.00290798824575611,-0.0032813910490248066
2023-08-08,-0.01277525688738912,-0.0028556801033804424,-0.0017915456864158186,-0.0020874624426412414,-0.0023397867636911762,-0.002050373911107739,-0.002970951749227013,-0.0032449076854612624,-0.0026269208333836724,0.005746775551928929
2023-08-09,-0.00023676556937257676,-0.008239036321303184,-0.007079771329663864,-0.007064396981399934,-0.007666648700346723,-0.009678922078436458,-0.008814291080826209,-0.010200073030665058,-0.00877992034942432,-0.015305656753074937
2023-08-10,-0.003969620633318627,0.0026220047162346383,0.004907986582891599,0.002418204905534571,0.0015437140550409456,0.000901353725487164,0.0034278356801409338,0.002600559369705824,0.000501959433268917,0.004635509533748694
2023-08-11,-0.01761029000620329,-0.015433103909504808,-0.01825383049206808,-0.0160261457664862,-0.015281554396331831,-0.015820734517743462,-0.01655009198105617,-0.018177574979491684,-0.017647296819890634,-0.018280668222851792
2023-08-14,0.0013550802897634995,0.0009364915839185084,0.003348328900240949,0.0041233386367547364,0.0030035027919308455,0.004075910112544712,0.0049398541581056055,0.003642230168916072,0.0032840973785985828,0.0023357202694238577
2023-08-15,-0.011917329634453244,-0.010698209008095039,-0.008267715573766266,-0.005468320183082853,-0.006735009316482743,-0.006338882158277381,-0.005040440044258077,-0.007461892239276402,-0.005035861846833134,-0.007597420259024545
2023-08-16,-0.014834102909001112,-0.01037465236848345,-0.011226165691104129,-0.01037941147209831,-0.010049928576828182,-0.009790642882624545,-0.008424517171934265,-0.010251930770742268,-0.01116055187702325,-0.009964643769332149
2023-08-17,0.017360327644593276,0.01690953718636412,0.013450633950657709,0.013956224181622678,0.01280821843455282,0.013262726409752457,0.013916149667076771,0.013568840151784167,0.012013487815909496,0.009224329517900198
2023-08-18,-0.009444698791070905,-0.006777575018174775,-0.012883974446875723,-0.015681237386707347,-0.014239473758434373,-0.01360355623022913,-0.014540339309055406,-0.015770228669603537,-0.01745530747966273,-0.012412536608710889
2023-08-21,-0.006947324127519305,-0.005084267421142541,-0.003984940929141034,-0.005569163259271592,-0.006884328134025952,-0.006487761804391701,-0.007974304130472842,-0.006363091097584261,-0.00497452419968758,-0.0029920831301331052
2023-08-22,0.005715302289443169,0.010303014456031212,0.003844844523049673,0.004047972625413454,0.0020567967366531548,0.002383213468077461,0.0017216516368823154,0.006562776904180723,0.0036456124898385234,0.001591443772711587
2023-08-23,-0.013172408088403587,-0.014489318810780527,-0.016382648636545816,-0.016392143240097856,-0.016539455477067144,-0.01613803791095869,-0.015488941047136606,-0.01372231947577185,-0.012182836409509235,-0.012694066459106645
2023-08-24,0.009886950759602442,0.0009047732325806468,-0.002489187619507116,0.0014312836493437509,-0.0023523761656963904,-0.0006594041820601193,-0.0006011670986407758,0.0004790661779507932,3.879755366731352e-05,0.00022945557976838948
2023-08-25,-0.035381155119642016,-0.0223437601201939,-0.016406703956378443,-0.01968505761405459,-0.01890574330823458,-0.017916437415706477,-0.017596725789613687,-0.01683538001607554,-0.015745713771529002,-0.020234138061189788
2023-08-28,0.014683362887356166,0.008418577989302234,0.011707448962901434,0.007942686235491214,0.0077081618077690095,0.00976273697188601,0.009809972586842575,0.009331332223952105,0.011123650769758964,0.014296312666076894
2023-08-29,0.06630020166858852,0.04419023578470904,0.035195302015930796,0.03892124665842389,0.037248360301349814,0.034524847043429174,0.03260623501386695,0.030012952706948814,0.02508750494163836,0.026309206766242488
2023-08-30,0.013017889550973383,0.008827226446995518,0.00791685808473952,0.008517197539249732,0.00827128696414614,0.005586564857743337,0.006856101313470253,0.004903522036485253,0.0013999660512287182,-0.00110130398878161
2023-08-31,-0.012155630033516718,-0.0060685071983510586,-0.008666814461218197,-0.005205054200209225,-0.004664429437365891,-0.005623868916197483,-0.00549632811212819,-0.005001236271441334,-0.006277911644873124,-0.00693940290359063
2023-09-01,-0.008950889340464063,-0.008674480910909166,-0.004739617401621876,-0.001456945149371891,0.0010844274783059493,0.003263759110526232,0.0013827174798000108,0.0026770127099911,0.005613923671910603,0.010571011604431524
2023-09-04,0.01602486853741536,0.011829903582658341,0.013259908406855425,0.013597473749346278,0.011834245203741878,0.015339635670561735,0.01368628384136339,0.014441590589131525,0.017694847821990045,0.019455608770733823
2023-09-05,-0.015816326728851582,-0.005999498278233761,-0.004632927414563115,-0.004883846337275566,-0.004457563689910682,-0.004447156405452457,-0.004388919232255262,-0.003840693328329259,-0.005187775512271453,-0.005236851807454368
2023-09-06,0.025498489637595823,0.008426639107204537,0.004838720994948753,0.007663116732401498,0.004818110764766015,0.004710959159082595,0.003576566247755597,0.0038557131724270555,0.0024209665971819394,0.0004490826063914266
2023-09-07,-0.024560800339386235,-0.02021151260262477,-0.013777040418351816,-0.016516814454852313,-0.017542539908854127,-0.015282242323733986,-0.015645349359914018,-0.0174063355105033,-0.016498638645149,-0.015626673523740142
2023-09-08,0.02449125305911859,0.0027724371203907694,0.0032898987739455876,0.004136740058174659,0.0036170845519558625,0.0024127034750742737,0.0026496442302523793,0.001558727473746302,-0.00012787775385081357,-0.0050759879361554905
2023-09-11,0.00996923603606259,0.006472255825126005,0.007021693317963651,0.0064618806253526895,0.010090417567898413,0.010663420397645673,0.008679702592345073,0.009254002686102769,0.008844056075320683,0.014312744252890752
2023-09-12,-0.006930265418236381,-0.0031681991786348673,-0.002496745019454405,-0.0011661592844740554,0.0007591260197190586,-0.00037845371607025946,-0.0006627167789150512,-0.00016067487583004691,-0.00018911812602695477,0.000644815498117346
2023-09-13,-0.006698068807681756,-0.010453944940340687,-0.01205879898443496,-0.012382887862098513,-0.01154258937577013,-0.009332883283876048,-0.010691131966643397,-0.008951437337013757,-0.009101426171263194,-0.008628979352089283
2023-09-14,-0.012849642233193515,-0.012505310129323544,-0.011026460537719496,-0.010062479847035122,-0.006958939093510974,-0.00812036424585083,-0.005812438233862238,-0.004888203248407774,-0.003744318050632689,0.00038572730166142044
2023-09-15,0.0025150962371471852,-0.0015368281302636788,0.0017630530755183837,0.0025588168474173223,0.001563204954439401,0.0021835461689920788,0.0007256875735663915,0.0008678451219610306,-0.0006912128438085752,0.0013360224029503875
2023-09-18,0.0025080147261085095,0.008077576422446109,0.007703905548837264,0.006351997285030553,0.009122673177774931,0.006948643689502987,0.006357179429956172,0.007031706649258007,0.007785794689135095,0.009825594624366829
2023-09-19,-0.022988374630933395,-0.012735690949243539,-0.013057548833649624,-0.01083448896552397,-0.009684374649191141,-0.010512205941876851,-0.008727236991840526,-0.010383252704786794,-0.008687973223758916,-0.008472151085257784
2023-09-20,-0.006338752235369394,-0.00738653270069467,-0.009315232463533496,-0.006968808500340207,-0.007973251474773901,-0.006551445133999523,-0.006550475690333513,-0.00764622729268416,-0.006436594749441582,-0.008132052208685958
2023-09-21,0.0003481321993032971,-0.0029407960985246007,-0.007526653271306971,-0.006909440927287069,-0.00687325248667725,-0.005955771769248552,-0.007170525401463568,-0.006097438586424975,-0.005875280001408578,-0.006383634977096264
2023-09-22,0.026219442977216456,0.021128559639151945,0.019779819233660456,0.0202007108924398,0.018212742623897826,0.017601838603540143,0.016777316309739776,0.017145110701031196,0.013702657998123202,0.011650665975612817
2023-09-25,-0.0034980840180789396,-0.0049543569732291015,-0.005250383788997004,-0.0029958703215690052,-0.0013335702395079752,-0.0022854417754972767,-0.0039028060535839515,-0.005222975454638679,-0.0040779900923008094,-0.005995898627441543
2023-09-26,-0.021127156355251975,-0.0015233387371766938,-0.004014960230423803,-0.004159953246295367,-0.004583068833133641,-0.003566759018666543,-0.00391329083026748,-0.0038104408375083665,-0.006622443118578514,-0.008461856889883768
2023-09-27,-0.006006407986165696,0.002586094857031318,0.0025658615412795793,0.00391635260751988,0.0050283468922003305,0.0037933999989134826,0.0038189284259690925,0.004171553720339727,0.0037561635414062877,0.000941727823167593
2023-09-28,0.018353677249872913,0.009253109481782484,0.011607114942452146,0.01008432577423335,0.009426721692420648,0.011073911610079756,0.01081932724632928,0.01102877258368995,0.010463639073965414,0.012612759000692364
2023-10-09,0.013417425723677212,-0.0038249899452599267,-0.005356808477361974,-0.005839418056521994,-0.0015003602561931562,-0.0029479001779606495,-0.003911977656463117,-0.0012771023672581983,-0.00447912354430402,-0.004807091247877593
2023-10-10,0.0022721716430329497,0.0019187929655497538,-0.0005867002880223238,0.0006090131299916202,-0.002985361812405718,-0.0028363718453054965,-0.003644291942619615,-0.002277651880700282,-0.0026841171949564258,-0.006837261115713367
2023-10-11,0.01748628919135009,0.0013257016701782032,0.0037643716894228962,0.0021053305610587714,0.00216528375215308,0.0023945278530588254,0.0018768697187276917,0.0014234784481550466,-0.0019489903889855498,-0.0035818136889516072
2023-10-12,0.0049520641289144685,0.0023505013719755663,0.004734207187034878,0.005668029256694629,0.006030114295772382,0.004855735680746598,0.00576904403957923,0.008161816311531789,0.006508262264442788,0.007991240063847771
2023-10-13,0.0023705058068463902,-0.00862860772236651,-0.0067866125167630464,-0.004231740314675658,-0.0034884837223629894,-0.0049278986676872805,-0.007081698826483684,-0.00671454442289221,-0.00589811044172639,-0.007252847822834307
2023-10-16,0.0010889813278451843,-0.004855003246605372,-0.007656900048462645,-0.0060002655351800716,-0.005984036877458743,-0.005640383183871833,-0.005843301794297928,-0.0028177564242758413,-0.0030672960532711624,0.002231682687442449
2023-10-17,-0.01898165221462511,0.000576028658298533,-0.0015051495562597994,-7.884433409366398e-05,-0.00300757571096133,-0.003208175706819305,-0.0010161568561195544,-0.002559152945671772,0.0006202201482510272,-0.002155761536583034
2023-10-18,-0.017678354689160014,-0.020323909994788947,-0.020403781320727843,-0.018049751021227745,-0.01634071142041449,-0.016335170207327998,-0.01773370192249779,-0.01684825170234694,-0.015272295520360801,-0.015307783102139094
2023-10-19,-0.013771520815464733,-0.0047569122959238985,-0.006756504779453887,-0.008572089449687681,-0.011796336124811457,-0.011263853040974992,-0.009731799750280157,-0.01214127196667203,-0.012048599749300837,-0.012686653466452813
2023-10-20,-0.030143466941881192,-0.011310903012479168,-0.008880867592916841,-0.011219903267686182,-0.010025717509436705,-0.01047281313551962,-0.010221281505254143,-0.00839400997410844,-0.00472449429309485,-0.0066332575023252405
2023-10-23,-0.02414077232309686,-0.026121958781172072,-0.02520100524954183,-0.02233944379274111,-0.022468780593997595,-0.02223379746211851,-0.022625492532699742,-0.02247549893470513,-0.020371208450991274,-0.022670086208455564
2023-10-24,0.021289693787449382,0.03431306580490068,0.02714593128829912,0.02570999903384652,0.023087599972575035,0.023625407323160985,0.023949516331075227,0.022378023709983763,0.02324189788352249,0.022220704751369613
2023-10-25,0.01561436349351819,0.027855420931153896,0.019514920766141808,0.014370449270248553,0.016489362553603337,0.015778104093169265,0.013363036998910616,0.013763799002215693,0.010232524742847193,0.01410326677093554
2023-10-26,0.01831527080053097,0.0016182533700972446,0.0022676979261710972,0.004303325035682093,0.004664321019083095,0.0026509790004256573,0.004425742019097845,0.00233859498726674,0.005389351560067368,0.0015974807766929722
2023-10-27,0.006639192552324147,0.005369306028402798,0.013478769431665594,0.012956509916771664,0.01525066046781931,0.012750385722020807,0.015600626733819567,0.013050611996658468,0.012120865999516672,0.013907770832624733
2023-10-30,0.03811823462591102,0.01894462535307362,0.014096655659408874,0.01562208228342965,0.015156475337525288,0.01148654235579638,0.009828459883995944,0.011546607280348509,0.009524618760283099,0.005457983305440228
2023-10-31,-0.00442487598113972,-0.008017421504632694,-0.003829219520597671,-0.004137243514104161,-0.00478800209126784,-0.004481826278887602,-0.004844453773769075,-0.004948259644470654,-0.00430559777738726,-0.0016137287033839431
2023-11-01,0.011877250212932733,0.004864527187553813,0.0027865248211598193,0.0004114958240482025,0.0021048214261971676,0.0038531511152453124,0.0025818399332304676,0.0016374395339604497,0.00334209367306193,0.005343195330132833
2023-11-02,-0.019969353529983525,-0.01673390835499966,-0.010990957461526007,-0.011341701952938488,-0.009825127227999109,-0.010570397959003941,-0.009303187852017558,-0.010772223567160677,-0.00632567700221176,-0.007088911066515435
2023-11-03,0.016658538504192633,0.01497861569085468,0.014090784944944978,0.013762008414285765,0.012444279345038334,0.011945664153988123,0.010752364258831859,0.011753664804048825,0.005003045235371317,0.009549218464839582
2023-11-06,0.02533630027825562,0.022653127275473972,0.023567205009363823,0.02096784162516996,0.02050381211936947,0.019967702503196794,0.017335832471586876,0.018425232563384686,0.014704806876082221,0.013381300607626878
2023-11-07,0.009300713505292268,0.0088142689759807,0.006351753690959194,0.007413950648452294,0.005349449986618904,0.0054780090870028,0.00614202651326945,0.0052111440135134135,0.005518327775126508,0.010716623752550891
2023-11-08,0.003334205465343354,-0.001707473368516399,0.0027067473323751923,0.0028609657401565958,0.0026507758367873002,0.0021856824162633792,0.002455771127945372,0.0016271188280689852,-0.000290927095894733,0.007425064541248805
2023-11-09,-0.015513081600345813,-0.005136314470599035,-0.008592996604784076,-0.008382708498460234,-0.006854461052988592,-0.005957439936316811,-0.007293913660980866,-0.0055616425521913815,-0.004672633432006412,-0.003898803474738699
2023-11-10,-0.004684807270217695,-0.0012771886912862351,-0.0036041881582543622,-0.0012561559283962298,-0.0017146040931587114,-0.003170917079270308,-0.00041885769678429163,-0.0010622889055700302,-0.001793390165370723,5.0154594898765836e-05
2023-11-13,0.007521182810054539,0.01914404517301449,0.01416939946167406,0.01047154986132015,0.009897390469204348,0.008827086635662784,0.008958223498072515,0.008475924389184541,0.009392328494293167,0.008960603497508046
2023-11-14,0.014191906240760943,0.014041626375908,0.006407844963719267,0.007118434783619065,0.005725502528845627,0.004291674794537403,0.004362880150101667,0.004670039827656902,0.003944730748138614,0.0012813240732527653
2023-11-15,-0.00043404159626603267,0.0027627648394963344,0.006215363160410492,0.005044483965611191,0.007007261241471108,0.007083612538784312,0.0067622951187871205,0.006389443870418843,0.00794806076355381,0.006794918292777119
2023-11-16,-0.012360683542024797,-0.008143538445426368,-0.008409369565646196,-0.005814576208199473,-0.007047471860740284,-0.006577148962278345,-0.005949874033266522,-0.005587738381456209,-0.005150865700140117,-0.0028815437307950775
2023-11-17,0.007448154427978304,0.0010362150266736148,0.008840983243572964,0.007118503060676629,0.010010853735153091,0.007908091570167919,0.00694274585313881,0.009665807550054417,0.008162069436225439,0.011646884934674695
2023-11-20,0.007611357769775173,0.012463450779984786,0.010354195054665505,0.011264382540183693,0.009984647571443794,0.010046227491720128,0.01028862168787148,0.009546790588983667,0.010742711686388073,0.0033653057595695035
2023-11-21,-0.011545240212084473,-0.010596439650545797,-0.007413687374407063,-0.007738941279008427,-0.006567453278664259,-0.0048906223681915995,-0.0042899407312742,-0.004021901294064434,-0.001882031392290151,-0.0001710415351351413
2023-11-22,-0.018467737750249458,-0.01273993391322048,-0.011075392929159378,-0.011099252809734117,-0.009881680268702842,-0.010128836276150466,-0.008757780240920665,-0.009390095088436246,-0.01042198378943271,-0.006889921289772172
2023-11-23,0.008555424446594184,0.011371537216063432,0.01120027911022703,0.009653731023556489,0.012196502002267184,0.009284375977409054,0.008879943598196993,0.009354306810439361,0.006331932931537665,0.009251791311198021
2023-11-24,-0.021837308454149773,-0.01497913900781489,-0.01189725590781543,-0.01218103991193542,-0.010439336517341524,-0.012097639254461612,-0.010806015770182587,-0.01180113773036362,-0.011076374031574243,-0.005248151521186073
2023-11-27,0.009555586161341889,0.0027102415819710846,0.0012163587618518878,0.0020411480052309194,-0.0007203218848463866,-5.741908453515965e-05,-0.001883622197113688,0.0010437728951928626,-0.0011313176861672547,0.0037452891149121204
2023-11-28,0.018953318152693743,0.010531116940330376,0.008540035206799468,0.007223958461908486,0.010030921947524307,0.008514698708276702,0.006575461480774258,0.008923360624901289,0.004162972012560218,0.005987694571124358
2023-11-29,0.02176758410249202,-0.006873139045179388,-0.005581971077074144,-0.004880730110813913,-0.005647820193838471,-0.005126235800712031,-0.005493231092508766,-0.004145190323161185,-0.005250428398583473,-0.00670877837700401
2023-11-30,0.005875266390391376,-0.005286694638207634,-0.007239660836952044,-0.005822422743097966,-0.006092977848519809,-0.005461336793208371,-0.004256055397001912,-0.004846942668383369,-0.00243753843418526,-0.005889335344471558
2023-12-01,-0.007198800225338031,0.006609672985086634,0.006143425586500939,0.005270682584686215,0.005361042118946946,0.00466242837700559,0.005424976894422784,0.006826950591126257,0.0077598754415451054,0.010493805288190217
2023-12-04,-0.015180399075518047,0.0020019673675280014,0.0018923500708094565,0.001590275165467947,-0.0013334154230272288,0.00038069254443540146,0.0018096793451833904,0.0033856583863494105,0.00021271232544850527,0.007093662270612366
2023-12-05,-0.019371612868158916,-0.023893317432123418,-0.018041975250634668,-0.018178555955378428,-0.015774942001153813,-0.017329235585820446,-0.01650401153607628,-0.017862329276288724,-0.017932292257442084,-0.010958587495924044
2023-12-06,0.006084846526478671,0.0025980691077556184,0.0035716150181974715,0.0054603677066698,0.0024152632328973134,0.004209531846978143,0.004358372285602874,0.0050858468610595065,0.007706382849952176,0.001212854795379359
2023-12-07,8.562988891713808e-05,-0.0006066729948279725,-0.004736372585475546,-0.0017067634858750624,-0.004534420798724237,-0.0053127287264396195,-0.0033389348645823658,-0.0032498536004045286,-0.0032505544669860775,-0.004857125372583537
2023-12-08,-0.008923419547287259,-0.01021769209403045,-0.012349995348625575,-0.011399407550743201,-0.00887159817701777,-0.011344076552015192,-0.010635864323563227,-0.009518820076133472,-0.011835122470532866,-0.013393631087645241
2023-12-11,0.014290765794305216,0.010621567319437197,0.010463829957473969,0.010654758380793883,0.012043192495682309,0.01053222283625277,0.011999478625795312,0.013506179445872402,0.009133333212655748,0.015147603320916803
2023-12-12,-1.6590964071472314e-06,0.00638570291266416,0.003457356288669944,0.004876136915311191,0.005141467764117724,0.004786408893967753,0.005314352652639798,0.0038846688407374597,0.008280522155583947,0.00345661123950447
2023-12-13,-0.01121452330578454,-0.004216241958768463,-0.004133430719557851,-0.005262843298164954,-0.004804005918312981,-0.005263405140887745,-0.004799472538562499,-0.0030810313032063608,-0.0070365348846247455,-0.008433935042962304
2023-12-14,-0.010023050080348983,-0.0013823022675788499,-0.0013000969892792424,-0.0034063318282573363,-0.003514679317660141,-0.0034030283155180863,-0.0022691365740433733,-0.0024178148244848874,-0.0016868876472350136,-0.0015414995217063465
2023-12-15,-0.018330155851097096,-0.007864379046754633,-0.0025759578704130925,-0.002684303045817127,-0.005194161827092425,-0.005143549110796397,-0.004330350833240404,-0.004789231285710294,-0.0033201433433708294,-0.0023882613263302988
2023-12-18,-0.01646236871316087,-0.01466558632873316,-0.01706013718678412,-0.013035608256463771,-0.013161470319451363,-0.010633848287182057,-0.012342840435164648,-0.011838284558918888,-0.0104848698724187,-0.011979080343497928
2023-12-19,-0.0016405852155834122,0.009824893567801585,0.0029987467210148555,0.003084298794616469,0.001152930223329296,0.0005005951992596014,0.0019799812709262454,-0.000887084725204601,-0.0019111407385051793,0.0018392428572535646
2023-12-20,-0.008402311108867244,-0.007795405665511179,-0.01027853223512154,-0.01121376268908969,-0.011066991801355508,-0.009798589548997705,-0.00969862748235073,-0.009843216831620483,-0.009727892091694224,-0.005101274718389948
2023-12-21,-0.002482497719130561,0.0022953743507507784,0.007502165706002595,0.007814718689997502,0.005285036320219483,0.007538491112907497,0.0065787749922237015,0.008015688393625764,0.00718919186975242,0.007133784841010682
2023-12-22,-0.027461684490888483,-0.01635038320061377,-0.014042425905337885,-0.015359857861607318,-0.014592394347788584,-0.013750963645735914,-0.013061684621305303,-0.013294021386154542,-0.010635001018905021,-0.01645996220064383
2023-12-25,0.011351279427720185,-0.005066342451588102,-0.004179315773088499,-0.000940251977408102,-0.0025338932533466307,-0.0012687753652330658,-0.0017350250881136287,-0.002677532037885011,0.0005220377926451469,0.0041639587361230745
2023-12-26,-0.020177854924968264,-0.01303326839836716,-0.015046602330117453,-0.014095947026205202,-0.014257853252402364,-0.011661654593273174,-0.013321716743764922,-0.01036488463988372,-0.008915693091367971,-0.007400035858916354
2023-12-27,0.007469228743377299,0.003955110617502866,0.006917220568825266,0.007460046620448635,0.007797586729801909,0.007289038141071957,0.008773048273592599,0.006306774826875916,0.009318319753268911,0.00838274047629084
2023-12-28,0.019536638618670166,0.018642571799901253,0.020710908826646612,0.018227327239321633,0.0163979397462084,0.015623490268813489,0.016132283035451778,0.015275913677119668,0.012921616004455183,0.0011841295597352364
2023-12-29,0.024541591031582932,0.01801590278405829,0.017855735131546924,0.01770986047033607,0.01586234569324585,0.015130527383939496,0.015624470294011594,0.016406730590508012,0.01452243959470767,0.012797751884095154
2024-01-02,-0.000860265328501697,0.003868782227547829,0.0020812178939335624,0.0013523566051252267,0.0006645803001334993,0.001784071586968139,0.0028003790593558175,0.005790753318075215,0.006973627831335261,0.00547733032284925
2024-01-03,-0.013710626970575013,-0.001445214866956368,-0.00862878011772017,-0.007444330312638248,-0.005033612680230837,-0.005444005389814599,-0.0035210248244106346,-0.003365495967283527,0.0009508247560034988,0.004216992036687017
2024-01-04,-0.01733586877822424,0.0003957760957562506,-0.003939849525394279,-0.005344244424604128,-0.0038586275416570004,-0.001637319432115869,-0.0034100771947332964,-0.0014619076038709933,-0.0030404163960364716,0.0005143374342768681
2024-01-05,-0.02135765862830641,-0.02344491242844371,-0.017447565335075632,-0.019500314456893153,-0.017275372099661124,-0.01869670190360706,-0.016850878339647157,-0.01751049605264199,-0.01465833234230507,-0.0185440377712216
2024-01-08,-0.030371596443601878,-0.022904828399133992,-0.018383764456798235,-0.017015076973941112,-0.019809857346957283,-0.018452873941973036,-0.018988972576915897,-0.01943021783889398,-0.014209539584296604,-0.018157749215207297
2024-01-09,-0.0009284568743938015,0.00724741383085048,0.005870190698325395,0.00634086042324622,0.006503910293014226,0.006202225695368657,0.007297951356648236,0.006084678922866349,0.0034991701170625777,0.005257043684784524
2024-01-10,-0.012220212247066042,-0.012687128309907147,-0.01114848297023563,-0.011015133904003438,-0.008946138388126745,-0.009915760950053643,-0.00852599883388927,-0.010200773721334766,-0.008558861939736317,-0.01146301826863505
2024-01-11,0.022649030415660132,0.020673873850181046,0.019107202973391635,0.01743222915085485,0.01547723597451589,0.01609039423937708,0.014341792797339492,0.016167780844428492,0.014438660642562384,0.009559840540913411
2024-01-12,-0.014242886677357847,-0.0070929530459796775,-0.0068666551068466974,-0.00937000216556172,-0.00834881811802668,-0.006927621138822615,-0.007474082887629407,-0.006259775350940799,-0.004406190433475787,-0.007097348736061382
2024-01-15,-0.00935775025192509,-0.005250697989526487,-0.003316357893815014,-0.00042776562486290803,-0.0008247833872323529,-0.001164142804600643,-0.00012514302720856296,1.4995471493639556e-05,-0.002131692249615069,0.0031218751560266877
2024-01-16,-0.011726217816195095,-0.006143883934987104,-0.004145592052439695,-0.0028358175302862776,-0.0036041407873880216,-0.004500759998589343,-0.004667564941026048,-0.005038103441535213,-0.003912715337122341,-0.0025383088336236037
2024-01-17,-0.0447808851619127,-0.028068451020753837,-0.02767346744968313,-0.02612068180894611,-0.023483650209228824,-0.02446064860360153,-0.022719580979929876,-0.021094173824732,-0.02331789978302823,-0.0219528967010576
2024-01-18,-0.005240573435988161,-0.004149001158770038,-0.00785452907750761,-0.006601269211268135,-0.00722157321026673,-0.008434608743552285,-0.008483990257019736,-0.008266863371439781,-0.007714514571726672,-0.007302559647468954
2024-01-19,-0.017039846176448825,-0.015631560319633087,-0.011747121098193758,-0.012668761423032082,-0.01351438284806683,-0.013074890165867159,-0.011973231986675992,-0.01366851257613133,-0.01124255799061269,-0.00928829230830619
2024-01-22,-0.06939236617423927,-0.06438353573477351,-0.05919727572713385,-0.059095039850900366,-0.05702780922095618,-0.05769161375039267,-0.05791373587457571,-0.0549360608140792,-0.05425974138044909,-0.052877043549876324
2024-01-23,-0.0035966792265136327,0.0007324272192410497,-0.001075786103941767,-0.00042886744496573037,-0.0002859271577235756,0.002422815850818383,0.0020575170168906087,0.0031200485295626024,0.005181377358757455,0.009635700852418383
2024-01-24,-0.0006879155234689183,0.011936281119383052,0.015717738373556944,0.012519202396560347,0.013156289473522875,0.015789965106201675,0.017240853515627652,0.016782297702778948,0.018327978650381826,0.017857769031107917
2024-01-25,0.04378683315133158,0.044757777633095186,0.0344547475042567,0.03512085538514209,0.0361782271524258,0.036717014033287754,0.036076500649022014,0.03710969959179655,0.03435710208135534,0.03805094480717397
2024-01-26,-0.014845098813263569,-0.00445701761184103,-0.0048265616501677044,-0.0038125700490310166,-0.005152628148073268,-0.002259852161190734,-0.0013580141092666143,-0.0006393170136385073,-0.0007880762928493823,0.006435014234794867
2024-01-29,-0.04574974835490786,-0.03788016440565156,-0.03528501789288796,-0.03565760978296617,-0.03286104265065681,-0.029699927783277458,-0.028961450666033173,-0.029431560200791407,-0.02608297160080153,-0.022939119814381903
2024-01-30,-0.03423735158903829,-0.029724062808566876,-0.035333505728495584,-0.03440583603206071,-0.030814684674138948,-0.03178652755629996,-0.03030441014173868,-0.029902565850848273,-0.029601137935639787,-0.027047373577882783
2024-01-31,-0.06966107912948194,-0.05361601004319971,-0.053614593443970016,-0.05054531817058305,-0.04811249525114847,-0.044695907272130575,-0.04491247531560505,-0.04266304732758863,-0.03792124584136736,-0.034933419040266256
2024-02-01,-0.021270093570300297,-0.010565011090378218,-0.018203798368262802,-0.01538503424908233,-0.014942251588442423,-0.015607177038062026,-0.01480326899363238,-0.014196335313071295,-0.012197370945142727,-0.009927523463944099
2024-02-02,-0.060757871579188216,-0.05565147447387797,-0.04654954780355269,-0.0440807460373398,-0.043488482887827695,-0.04009143641504842,-0.038842119638916595,-0.03504260644148949,-0.03583636014526459,-0.028680548572907694
2024-02-05,-0.13335967525067827,-0.10554483565743988,-0.09324611254461324,-0.08514397456221379,-0.08152349958021488,-0.07896490606258677,-0.07495023744169693,-0.0705291634703814,-0.06575017331199917,-0.05708687387438249
2024-02-06,0.03714247117985492,0.004224265866066501,0.01435667315923661,0.017896022472474904,0.02803673221767533,0.027773747379608915,0.027459210073820906,0.029684460211592434,0.028757888937456455,0.021811521143111134
2024-02-07,-0.015313641097686514,-0.03664683497097676,-0.022537327284545827,-0.016826786912480296,-0.00838374199579539,-0.006841866288821774,-0.005320355722977954,-0.0006718903064817372,0.004963651471380892,-0.0019410134809186852
2024-02-08,0.10438658361948905,0.07756981801174012,0.07855956383289997,0.06880212651340734,0.06353943415497687,0.06043564372144483,0.05841157930352403,0.055541266421387236,0.04578790825691881,0.04192110292352669
2024-02-19,0.04659715357619132,0.041924366911576305,0.03585261386599581,0.03282055205584533,0.03156966330933142,0.02918422206560689,0.029671264817077603,0.030844828918975775,0.028101026016470243,0.030062375285754284
2024-02-20,0.019155954916971973,0.01694594647089054,0.013239835972403968,0.012696589012396009,0.013162954142336147,0.010753303875545628,0.010902297113097648,0.012410180369805568,0.007205280863993524,0.01337933427601845
2024-02-21,0.0337459336456587,0.023185331757988648,0.022557917803313066,0.014691242169817542,0.014235286196116137,0.014362481523417348,0.012309769027029294,0.010504398665956538,0.013433051896281745,0.011791067076925676
2024-02-22,0.023664608275248078,0.030279239656125556,0.023246732377407042,0.024436543373617114,0.022635275527270293,0.020912463405243553,0.021606738830558303,0.019562640985699264,0.02015212236082453,0.0277454091853091
2024-02-23,0.030775619330011716,0.03538723050598813,0.030065740903962412,0.02747352721796026,0.027955440313037982,0.024509270107607062,0.023300165411867635,0.02397601370457436,0.017878814984337854,0.010082288729332367
2024-02-26,0.025144152051325808,0.02286495869674643,0.021787949164435716,0.017705718859309272,0.015204595322114045,0.013527364523019392,0.011946289216296702,0.009987439813240906,0.007030663061591724,0.00014167819717836316
2024-02-27,0.03673404760046228,0.03019580021976287,0.02753902901468175,0.028054205555136713,0.0295227603911703,0.026943383732826565,0.025574845039350924,0.02402785410633701,0.023150785882107616,0.022671064344085723
2024-02-28,-0.09770262985032285,-0.07534364309857022,-0.07157081100779628,-0.0665457113119523,-0.06269509325450362,-0.06021128810139531,-0.055857277184169773,-0.054142354175105045,-0.04588769461117548,-0.04289342674585417
2024-02-29,0.05549011453488806,0.04384162917112522,0.03972219413870204,0.037824416521086146,0.03848692610796722,0.03804655347834851,0.03656520123796292,0.03630192607314631,0.03398090414658461,0.02940338681025856
2024-03-01,0.02078621002585379,0.009574366793708489,0.012557393224318592,0.013100896470076284,0.011753485180527656,0.011742171485764619,0.011994077582583085,0.01020153108047106,0.007377339227826019,0.011885036209414501
2024-03-04,0.010768282328980527,0.000754728157990936,0.003989182835145044,0.0023911226334960567,0.004337195156752571,0.004746019174631577,0.00524056508906523,0.006213432202482938,0.007984780881467701,0.00979540621689523
2024-03-05,-0.03848650590903335,-0.015017909851793299,-0.016683106891347554,-0.013003324657823057,-0.015369854186147891,-0.012346996055711212,-0.013950201805965179,-0.01203443261934467,-0.011528382610529575,-0.015011300477954848
2024-03-06,0.008271325721668221,0.010135928314758846,0.014168128073903219,0.008841496368329205,0.00993637127313085,0.009913693503660337,0.009749637412007184,0.007644202377141918,0.006717085288743485,0.005507674763432835
2024-03-07,-0.015276758414127234,-0.012947395964837294,-0.007313232906251188,-0.007676713558558257,-0.010440622938760247,-0.010126060802850723,-0.006917574390397863,-0.0070763994180323975,-0.004978276401775172,-0.0039804801152391045
2024-03-08,0.017709020968362577,0.012651880439578322,0.009989711393599832,0.014310489826482975,0.010023280821746638,0.011700304802515049,0.011633506651709258,0.010653212193908912,0.011152468103092339,0.010958578731480983
2024-03-11,0.0387021084535466,0.02215863680558683,0.01768282205614713,0.019696809927728376,0.02008465787528091,0.018937677033275424,0.01667179541859598,0.015978149278363718,0.013995204274546369,0.010687442083357146
2024-03-12,0.019823239092728207,0.01184207352998512,0.015989798853762283,0.014351538381780937,0.011069558880443475,0.012702620709647228,0.007577969411851182,0.005419477524666982,0.002033084958055875,0.0053734973528656305
2024-03-13,0.020932379938899404,0.002179442697322731,0.0011337549978298611,0.0021199453502580567,0.0027492304090328545,0.0021385251517060944,0.0012387465931140706,0.004738118629479704,0.0011836473548045845,0.004980853028259791
2024-03-14,-0.00953107505009343,-0.01098094418410045,-0.006940287287002023,-0.005080626488697559,-0.006325306530321817,-0.00410538133951277,-0.0034023657271564645,-0.003590423701571477,-0.00158194161757097,-0.00358171355494441
2024-03-15,0.016305879368014198,0.015112913494943703,0.015813114418604002,0.01429721525751515,0.014991708709886975,0.015448347944817309,0.012013970436436594,0.013632467517315394,0.012748361062450364,0.010967208665412675
2024-03-18,0.0254297092968383,0.026761965958603362,0.0215649570073011,0.02323619583633274,0.021582507755430802,0.019097634526693552,0.01728882239610563,0.017454002548517034,0.013103142770412912,0.01827186836482264
2024-03-19,0.0020996400142876404,-0.0019842109618893877,-0.003799895027939204,-0.0023352173102484386,-0.003967696962289047,-0.004018308287530692,-0.003181551765917945,-0.004230600278298247,-0.0023775663842909855,0.002498780041553683
2024-03-20,0.00654967009679841,0.012110398908073527,0.013578607662609432,0.011306625682856897,0.01098716143622358,0.010087030625371973,0.01037300393958307,0.009826026661207576,0.009651534743760681,0.013757334336269134
2024-03-21,0.014250090167633012,0.005237143814504908,0.0018142235520128835,0.002121824442314457,0.00102586674365579,0.00024531553381113014,0.0018296572199907324,0.0022763886299881353,0.0011380462631627175,0.0042238281218094365
2024-03-22,-0.005645053124604393,-0.014077369301257803,-0.01470720074874321,-0.014587376979384503,-0.01229300664101518,-0.014358483349998452,-0.011801438150477628,-0.009741274894946361,-0.011423578351852481,-0.013865402448310138
2024-03-25,-0.04485139631603785,-0.03354812186609046,-0.03029777722303295,-0.025363524496039513,-0.02422453569865357,-0.022056243195783254,-0.023878437026402466,-0.018579126182844186,-0.015582340864628952,-0.02119881315230887
2024-03-26,0.0037361979474404006,-0.005988535293085628,-0.0013368342637143371,-0.0005196121577670798,0.0004557210098679043,3.308648275823778e-05,0.000141735321308456,-0.0019854116805593236,0.0019893193433055956,-0.001575832551414802
2024-03-27,-0.047860044762768617,-0.035933338148714355,-0.03664389479205554,-0.034847713170564676,-0.03317777847258507,-0.030610127588907465,-0.027988019549898713,-0.029112490798611335,-0.026015208980188387,-0.026959061545861474
2024-03-28,0.02023291121852777,0.031868398318713576,0.028898917094492216,0.02560814342999751,0.02174659516878963,0.023356264371308777,0.023553288595743904,0.02226352688502309,0.018252204185717602,0.022066555247996833
2024-03-29,0.019689472401862362,0.014582824770417835,0.011473177459462747,0.012581966605009987,0.012299514061513195,0.012317611945608542,0.014550284465274954,0.01617752645759718,0.013963093541482507,0.018336585912586356
2024-04-01,0.028264466078801842,0.028363013473160725,0.019476689923193513,0.022598526469473912,0.02324053383052216,0.021793760543875607,0.02027126502409815,0.018809005238756837,0.018806755303458766,0.010934337304971287
2024-04-02,-0.015804921255947346,-0.007677352420755179,-0.004812963142617588,-0.0031906670811511217,-0.0029081907729353595,-0.0028785224178189406,1.658886253563807e-05,-0.00015943345521884922,-0.00043746254400245377,0.00031450062895710396
2024-04-03,-0.018659046331967022,-0.014578948337611641,-0.009803262624028086,-0.00957673456887942,-0.009941186172613858,-0.008323266579009614,-0.004891245321588578,-0.004846081416337578,-0.0017034828560310578,0.003408812588561627
2024-04-08,-0.03509551278163958,-0.029573042065654254,-0.025354051772990216,-0.02659018652631462,-0.02254413245288811,-0.021209288976709262,-0.02039157487994192,-0.01575916502638186,-0.010896340972858964,-0.016135221128014576
2024-04-09,0.01114392432615463,0.015134165651095044,0.013989068057880472,0.0148231296613488,0.011292104658854552,0.01361001859356481,0.01064037758485159,0.00741338403476699,0.006744251325553119,0.00690495638746591
2024-04-10,-0.03184054857649299,-0.02557941005561426,-0.02247910638892847,-0.020009398492566888,-0.01993152754917249,-0.020840365736517374,-0.01916410729247897,-0.017558924738985016,-0.01669165665270078,-0.014142496086959055
2024-04-11,-0.0027499458343420713,0.0025430732560320912,0.0007378500637227337,-0.0005974016260118509,0.002135958362175172,0.0033654529506976782,0.003801677873830789,0.004226765312630443,0.00541680860181426,0.0055565464659181885
2024-04-12,-0.01544226732782028,-0.014120986989335504,-0.007482613181212794,-0.0054968798981557265,-0.006208734358257639,-0.0061121044240974864,-0.004317104888200696,-0.004148366339131182,-0.0040591636175379975,-0.0035713290494396865
2024-04-15,-0.0693047184770319,-0.05075939801505658,-0.04628099488092541,-0.038709918703719204,-0.03532336013877557,-0.03016869057294802,-0.027198268735545206,-0.02322618317711289,-0.01626821872256623,-0.020011455399080225
2024-04-16,-0.08773965358172087,-0.07809715341377399,-0.07589808490843242,-0.06551363664049992,-0.06317826201077315,-0.06082493716596382,-0.05627301275734531,-0.05408868761533292,-0.0491635584312059,-0.04515871449749753
2024-04-17,0.07888114184838169,0.06863775134425865,0.0626994844396298,0.058429263020319366,0.05888529422212763,0.056810427658901874,0.05498510758041264,0.05572623755986972,0.04505053915708945,0.04669800020114012
2024-04-18,-0.010087242148390074,-0.0032207448894004953,-0.000501980304984051,-0.002937623662982891,-0.0008597266193106634,0.0009813648833647548,-0.0020293588346401714,0.0019905529937314093,-0.0002902638287866077,0.0036521506645088575
2024-04-19,-0.020887877537788535,0.003530586096647914,-0.009335732804284014,-0.005464229280824129,-0.006532425376515771,-0.005004482164041146,-0.0018303449259694515,-0.0003664354909735934,-0.0007868465033238348,0.00275518611244685
2024-04-22,0.007326303912468246,-0.005652389401956781,-0.003151443541776544,-0.008439912135235539,-0.007047729150713278,-0.007652537399761128,-0.01009520746638437,-0.009706676900895328,-0.011544356192633165,-0.023247345697456345
2024-04-23,0.04035311778287154,0.01740540644043631,0.013948115482296464,0.008097245421551325,0.006607297956268354,0.0031187387411939493,-0.00024971460490641473,-0.0007202477181826872,-0.007745808660597486,-0.008771083101970056
2024-04-24,0.02748243321243682,0.022700856381921986,0.020756767413528054,0.021754910507151948,0.01802823871035808,0.019916758753945274,0.01888427320431929,0.019745875571252514,0.015913964755162713,0.01921488180174702
2024-04-25,0.0013915013867613624,0.0009410700542831218,0.0019620215682980557,0.005072225122955576,0.0038325203862432655,0.0031294937461092687,0.002536586620003334,0.002527487472606449,0.004605997646780713,0.01189609880516218
2024-04-26,0.031079850146417343,0.014246393310351824,0.019130773512705535,0.018086071356580913,0.014495387954396755,0.014460313261303925,0.013486438187160221,0.011709828419915969,0.01222933537697335,0.008131511493615351
2024-04-29,0.03557528922043263,0.03253958702869819,0.031929872492656,0.029825717764272452,0.026242453107347075,0.0264378828568681,0.02140584466826745,0.01971312114656132,0.015727174835414637,0.019985687869243707
2024-04-30,0.0024490121496321127,-0.009358431683316182,-0.006428838042464746,-0.007081282482086393,-0.006932168954123741,-0.004893784160499903,-0.004122446055111695,-0.0036447149918590327,-0.0018273101164009153,-0.0062597041271410525
2024-05-06,0.011833323854377964,0.0195171746949776,0.021536385836058214,0.021663574978710853,0.021594224220608194,0.02411566635686513,0.022977242439931045,0.023839382822571142,0.02250104963384758,0.018926090094047776
2024-05-07,0.004346809811020869,0.014451090153588364,0.009733392824708531,0.008682803027840302,0.006581551131576102,0.005512209956105352,0.004366452150845523,0.005557079123880815,0.004531258227089996,0.001583126295081394
2024-05-08,-0.031739272287022995,-0.011688458782417371,-0.015110348946480542,-0.019161732902931404,-0.016284837301574567,-0.0171115814734229,-0.018420623451317637,-0.016350071898331698,-0.01665185355180876,-0.018432050427297883
2024-05-09,0.030416717907442825,0.017432683746334998,0.015886411670583245,0.014593387809702651,0.013114931659543583,0.01555196400748704,0.013223716033623711,0.013470398057827238,0.012143614391435742,0.011016959251396674
2024-05-10,-0.017644313147339385,-0.01921231022562564,-0.016533554625443148,-0.014388789590597195,-0.011976625726173529,-0.009278221446504142,-0.008234799439597262,-0.0075124759482227965,-0.006150581383506992,-0.005912935286693344
2024-05-13,-0.0347863111860367,-0.026953009066792766,-0.02202848526782386,-0.020033196934864272,-0.017774864630041187,-0.01641357425073986,-0.012674865788155243,-0.010576923125820592,-0.011876967505949132,-0.009750439179061154
2024-05-14,0.0032932876447606674,0.0054809857272961615,0.004829199309646315,0.006504973875478104,0.00613263295718669,0.00707746910472018,0.007749195803808284,0.010061704261772997,0.008430889602867087,0.010136002586241588
2024-05-15,-0.00782818896138604,-0.011701514169527694,-0.006441822938499375,-0.005513131116720471,-0.007211340404147171,-0.00668830328977621,-0.008696268942628427,-0.009350340385309241,-0.006802895677326615,-0.003554944572382701
2024-05-16,0.00718369953986242,0.009146758547109224,0.006021837767443472,0.006900212669473937,0.004815294635467149,0.00484058698249501,0.002684986355006691,0.002222017239563945,0.003170172387202186,0.002219131499690885
2024-05-17,0.014889889131324718,0.016228457799682294,0.01927965576268087,0.01648604764048911,0.014797249667288126,0.013478045743768208,0.01048400949287398,0.00969006216666446,0.009625879900980294,0.005999880394670365
2024-05-20,0.0029545866455826797,0.0006523563075526706,0.005492398957249511,0.00203712324088956,0.003936606724169511,0.005466875570525387,0.00364047935738121,0.005082389971999612,0.004704091724351489,0.0021853395323729874
2024-05-21,-0.012953567821907819,-0.00958772541562447,-0.012604368860023807,-0.009889237436207954,-0.00991545271179839,-0.011914205175604375,-0.010034960343244359,-0.011850393031653472,-0.009059255884662831,-0.0064010774047026375
2024-05-22,0.004862581583418679,0.010675091072268161,0.007132092927378375,0.009018515895875323,0.005667764333485925,0.004988177779910341,0.0024131804992342243,0.0010798999802006382,-0.001089339431808889,-0.0011078661302719173
2024-05-23,-0.022703674647403305,-0.022194663732319153,-0.0206623007256439,-0.01988723896236877,-0.021824786886465497,-0.022521534211662253,-0.020727237460159698,-0.02343965123577263,-0.02489558329196373,-0.024150196616732345
2024-05-24,-0.013640145414288374,-0.019732610655440075,-0.012985857749774454,-0.012499897128967485,-0.010824758170030924,-0.010014955210563947,-0.009854238778783442,-0.008994946553400607,-0.006714943766228276,-0.0024919634911058086
2024-05-27,-6.440686288722297e-05,0.011816471533377282,0.003324717623883977,0.0018169682932667186,0.004038264533822389,0.005228065617693289,0.008270434077448874,0.008481892236799737,0.006227699700980027,0.006352782533413537
2024-05-28,-0.009214497656435894,-0.007602500158439773,-0.01074649363920488,-0.00979262614503662,-0.011381586809030675,-0.011471748492281164,-0.010938307628475696,-0.009830802393902105,-0.007621448200938241,-0.010345609552208868
2024-05-29,0.010813855640848136,-0.0003361224137530261,0.004705393305577177,0.0004087659822704648,0.001211221163742282,0.002023174657268978,0.00026448986155536147,0.0009863913890022502,0.003404096021633496,0.0017708709818748947
2024-05-30,-0.004332148838090744,0.003097962248415298,-0.005912856989514714,-0.004749047678500817,-0.006402979035069478,-0.007596882500565005,-0.007730315260533249,-0.007581572731702457,-0.010179598982300697,-0.010389205627897247
2024-05-31,0.01679039044782038,0.009880658841360024,0.006309289529181195,0.009198210240848104,0.005106698499570239,0.0057990377305210394,0.004657860364937871,0.005684192494211482,0.004951373932738479,0.0012795317425786656
2024-06-03,-0.03222021327249458,-0.010905965318397715,-0.018926142417573955,-0.01920584470777309,-0.02041520398741259,-0.01932477739116667,-0.015633900482366236,-0.017158022761514014,-0.017784108331730608,-0.019065083006658434
2024-06-04,-0.031051723113066365,-0.01895580262864416,-0.019129901132508675,-0.011359609097143286,-0.009647492321143591,-0.007725119310761253,-0.0017448595311699844,-0.0015841748375914344,-0.001196043242524536,-0.00011966509488514632
2024-06-05,-0.014241095221681377,-0.013155430219413566,-0.017987531661367462,-0.016321509173067628,-0.01866385267464732,-0.01883184351068712,-0.02102393952254422,-0.020091386179552417,-0.022703183911511604,-0.021235819442416926
2024-06-06,-0.05226508700532506,-0.042534675543138833,-0.04439387805289463,-0.04201195151062809,-0.03652947288009445,-0.035599780660572455,-0.03345146128879406,-0.03033448141591233,-0.029288676848886808,-0.03183076079885028
2024-06-07,0.022610960355969212,0.00458788017396583,0.02159469190986818,0.015220027210800957,0.01788949534565698,0.014743490859616015,0.012233206915091444,0.015871216685658274,0.014942892662091367,0.023428809139896867
2024-06-11,0.016774095030270608,0.01609571089783457,0.013352394369769316,0.011622797697020015,0.007359426325176388,0.0050106115531354245,0.003721188840089207,0.0020166318294534413,-0.00015906883062477561,-0.005248306983098194
2024-06-12,0.018338059580601973,0.01586732598186713,0.015432641027768312,0.012419237472662825,0.013224650878086885,0.01233872865152863,0.011429842472210128,0.010392515740509811,0.01094500651938457,0.012391288788032417
2024-06-13,0.004091982041885656,0.006323603286414237,-0.002529722811747903,-0.00087865995860259,-0.003936804488941403,-0.006190143173050666,-0.004595056834565403,-0.006830259159334884,-0.009577040818137261,-0.00831989342895778
2024-06-14,-0.011812328376436199,-0.0026012700969693103,-0.004078952094432986,-0.0025061414874936183,-0.001523996634574476,-0.00027813137269439014,0.0007818345640095981,-0.0006023617616308652,0.0027826525746816877,0.0015602703567705323
2024-06-17,-0.009336275855262754,-0.007113554094069996,-0.0010640000158742557,-0.0027734383011117636,-0.0038416622081014484,-0.004920954717035575,-0.0035146717636980185,-0.006267286411328232,-0.006380332797595201,-0.00879547251454671
2024-06-18,0.013787339557322253,0.015994205674859208,0.01367543979815422,0.013223914922715352,0.012514727103138723,0.010396931277102173,0.009280472140966278,0.011580544245012314,0.009553496717226606,0.012646635710900522
2024-06-19,-0.008615663865707446,-0.0050552381290933646,-0.0023961381017755246,-0.006393881207770846,-0.007434294330153524,-0.007613548070944609,-0.0074782390195181625,-0.006769119544964064,-0.00664480285874447,-0.006081131764765879
2024-06-20,-0.01160514772295107,-0.0063056956258498165,-0.012895630209525,-0.01921899335185051,-0.017958007792879038,-0.022040106043612284,-0.02079429268889954,-0.021219416167985505,-0.023115285349075032,-0.022044170404203367
2024-06-21,-0.00768433531864543,-0.008766482569086964,-0.0050105425642215096,-0.0059001884839144925,-0.003996592677367294,-0.0014048478922684682,-0.00029045977441100046,-0.0005206458626234589,0.0012400928857974058,-0.00031889567628085036
2024-06-24,-0.05443076208397046,-0.04409131993040005,-0.041599918495385135,-0.03915910391049582,-0.03530132007941478,-0.03668618756060105,-0.0340981270721924,-0.03301449916192023,-0.03347451529490897,-0.03009222995461147
2024-06-25,-0.004755340191864299,-0.014054679027591943,-0.0007225532275452196,-0.005751427181328483,-0.002289131604819472,-6.526623388236619e-05,-0.000588427155792548,0.003652288511134749,0.0022490849763656673,0.003978881271177626
2024-06-26,0.042799372045453365,0.03239252825564076,0.03383889522180805,0.03191256002465148,0.028187815701639973,0.0286577082738102,0.026407576898114904,0.023453735335114967,0.023483446271963748,0.021745409890259415
2024-06-27,-0.025894771170291042,-0.024720675233658396,-0.019390279873246152,-0.018751148333675638,-0.01763834254981167,-0.01909712277364617,-0.019868916342090315,-0.01896944106862075,-0.021739422700497113,-0.013583258167507495
2024-06-28,-0.003528503614709244,-0.001200520632875901,-0.001296893610505112,0.004650226598247986,0.00410422722680015,0.0048513177534017515,0.006308295359992444,0.007170125854802922,0.0065080333968703385,0.007458404960603904
2024-07-01,-0.015661731895246667,0.002084911487452601,0.0005938124762467911,0.005658564722914816,0.0073274291850216056,0.008400576287408867,0.009756918973393924,0.010546307831153845,0.010495902651345368,0.011523272388457295
2024-07-02,0.006398070073833528,-0.00019596120452636256,-0.0008727018178351642,0.00035267883569245484,-0.00044304450976007104,-0.00023383062295889712,-0.0029160191414646652,-0.0035587937217075316,-0.0003259762555340995,0.0037267678451970987
2024-07-03,-0.0032912766510498903,-0.00907019249269525,-0.010479480095119342,-0.009846245910229201,-0.009004884680286596,-0.010849553836395631,-0.011002446810943534,-0.00986563334360202,-0.00836574423728198,-0.0036960973602873093
2024-07-04,-0.04054775997895821,-0.034726363599088206,-0.0350642820598589,-0.029854957684671612,-0.02774703581183191,-0.02519716600742916,-0.024712564699139627,-0.02319044695683481,-0.024318153342621884,-0.02566033162282777
2024-07-05,0.011667454358238238,0.01119465806720421,0.009970333025238531,0.010894311439314741,0.009859031974664312,0.008788012024992353,0.009960562538751105,0.009266555320386782,0.010074547680137602,0.00853465192457481
2024-07-08,-0.03224339891217198,-0.02782738814166197,-0.02599715945623804,-0.027663119773140843,-0.026217989449646484,-0.02719851086302938,-0.024869001976886573,-0.024548268309667942,-0.022190116088282807,-0.022196484201427058
2024-07-09,0.014980304759828034,0.02149752663713933,0.018961875450595578,0.019321500171203043,0.019305865317764237,0.017056772587135782,0.01951718269186098,0.01893579973130821,0.01709913624590742,0.01803621720804993
2024-07-10,-0.008857244330875202,0.0001684216362001223,-0.007115694685247198,-0.004850158135923377,-0.006720414422903387,-0.007761782245423454,-0.007674421871503467,-0.008232045170404545,-0.00709096886606575,-0.012584040696469678
2024-07-11,0.04784728418176343,0.03299327243871897,0.03394296971254196,0.03170825341548711,0.031189009925352007,0.03069214683470567,0.027569847070691766,0.02708912725007573,0.029487513510232155,0.02505705292306848
2024-07-12,-0.008409711378487006,-0.0005273913131101926,-0.005721888497658756,-0.002210029309528627,-0.005163852422992332,-0.004064736357475951,-0.0027071868623189665,-0.001981879680742704,-0.005388342152721215,-0.0021818806281439507
2024-07-15,-0.015871429430125983,-0.01726446955954586,-0.016324266529918696,-0.016212460655184224,-0.016745884120558996,-0.014150778169550904,-0.013428652671902186,-0.013407160266239448,-0.012964628277939538,-0.012201846617650003
2024-07-16,0.006618460645894109,-0.00035236592217657847,0.007556041510032863,0.003787330357657215,0.0008912274929526731,0.0011511563471455766,0.0009479322959100589,-0.0011602589305516053,-0.0011033424434976347,3.848254449323463e-05
2024-07-17,-0.015283434577004984,-0.014718020027012613,-0.01095808091458228,-0.015502784184595275,-0.012334544923455204,-0.010589759557776524,-0.013600389881490371,-0.012006518617152961,-0.010472775721922845,-0.012043212346446674
2024-07-18,-0.011383750571562157,0.0010033456139566521,-0.006223381848405984,-0.0023491350336932726,-0.00037202857895690666,-0.0005272376099201281,-0.0003310014646615844,0.0013314065194904856,0.0020216730297082375,0.0020614973249879487
2024-07-19,0.0225903936688443,0.013954100299252037,0.013255407371583594,0.010319469440385198,0.005577619031747139,0.004384788545648499,0.004219999946554198,0.0031915744381469935,0.0005138091254175414,0.0015425982745171929
2024-07-22,0.00820809862460159,0.008151082063249326,0.006992445794032243,0.007201053989147388,0.0042096851788131495,0.0031545260904546346,0.0056578532314137675,0.0019571131147548826,0.0016876199020019467,0.00202309607907436
2024-07-23,-0.023254094992334773,-0.02287447703572154,-0.023756246470404085,-0.022107222373195068,-0.020335192910468924,-0.02120437699017097,-0.01989742731382138,-0.020632509421836587,-0.020100229439239947,-0.012158910674935686
2024-07-24,-0.024095792763918156,-0.021953458094502554,-0.016192564898509287,-0.017595256159466333,-0.016739632462726584,-0.015002924122303751,-0.013157957112150287,-0.016426778238284645,-0.013760471387683548,-0.015081636534459486
2024-07-25,0.010886735686564508,0.006566959569661579,0.004804895501353101,0.006055837369656647,0.004176421813991693,0.0039699484974558,0.0033055369147223512,0.0035962565097571453,0.00689376606291181,0.004536109019734225
2024-07-26,0.00986323508727116,0.012644643344106976,0.015280632578748232,0.014103054329636544,0.01624159551391746,0.016317060440447895,0.016056244538803943,0.01774875322280023,0.01709668717259971,0.01383249512157625
2024-07-29,0.0003413799710958454,0.0012313331510309666,0.0028857927961940533,0.003967443219618172,-0.0002818429019765256,0.0008454904950090381,0.0015313138080337296,0.0013433407040004397,0.0027937161770441588,0.004492610372618833
2024-07-30,0.012533342659535096,0.0047327952034055265,0.009929239719203009,0.006058160574790472,0.004515834867712787,0.005711334728341511,0.004543377586319064,0.003500185601308381,0.0037802610679795734,0.003491308462918008
2024-07-31,0.04078820691773877,0.03422647887883579,0.034236585745546666,0.0328727799900872,0.0337641418687058,0.032367877707778714,0.031485023633479825,0.03288489627835567,0.0321905954986621,0.029496749321400895
2024-08-01,0.011316187883501083,0.0048076855251721895,0.003607261514036786,0.0011875493151152217,0.0017355583856950574,0.0007435493856893238,-0.0009298338678987994,0.0005741877409890517,0.0007299863434231391,0.0009038605374256381
2024-08-02,-0.027475058953222886,-0.019342694090282442,-0.018147616781674758,-0.015930156250493765,-0.013534103877645642,-0.013922365015687888,-0.012949306120997206,-0.010936940718479393,-0.0105484600070197,-0.00935272736155257
2024-08-05,-0.024903938949544235,-0.035704054402091456,-0.032966958402309454,-0.030620583739607743,-0.02722750376825589,-0.025731241844880626,-0.026007986154041984,-0.021454346051684614,-0.01954487332743393,-0.014601000805053554
2024-08-06,0.017490372463899506,0.02026292006832242,0.020616748216173875,0.019876310883929937,0.019819645871780533,0.018877195994309037,0.018149165561031078,0.017434618763086718,0.01406359883098851,0.01564204427785243
2024-08-07,0.0035889149228596207,0.0032550139919340637,0.0023964075075948443,-0.00029504862394202913,0.0011921110058559226,0.0005794333176036837,0.0010668984872517218,0.0007256332330312087,-0.00019166232888179202,-0.002265132734424302
2024-08-08,-0.0059592511564008355,-0.010864314618518889,-0.0021490428439722153,-0.004932445561561027,-0.0019943851319659256,-0.0014943415181963848,-0.0019447083265509146,-0.002312100164119868,-0.0019462757265938935,-0.002039797579248659
2024-08-09,-0.006052149660075501,-0.007524609932263893,-0.005653859378610737,-0.006231496557803529,-0.008483129543437329,-0.006376832284649359,-0.005734319203128502,-0.007268793156641862,-0.007158389732158432,-0.01027345006104241
2024-08-12,-0.010140248876735591,-0.006673634648218463,-0.009784503966743352,-0.009039284491330846,-0.006995681618086613,-0.005805686781622854,-0.006008295483581505,-0.00604504053846322,-0.0055742812669135056,-0.007557141793486655
2024-08-13,0.018569519508516263,0.009658773674888987,0.008337305799713368,0.008714508016748113,0.0077626382425055596,0.007000408157647353,0.006507484488284199,0.00637561184209523,0.0038245946488650873,0.002940413112848761
2024-08-14,-0.002865163126310466,-0.005376647187229855,-0.006124021568826077,-0.003694890355186109,-0.005802998859895769,-0.005073748691132973,-0.005160995287766701,-0.004992284268323766,-0.0037559791625030314,-0.004287276897845693
2024-08-15,0.001621874151156888,0.011358236228770524,0.010401607447463546,0.009485388663499128,0.00861551892619472,0.008076427586112711,0.009283028202360377,0.007584367737743181,0.008590756695446622,0.008661744862140441
2024-08-16,-0.015501976261327322,-0.005685668340971173,-0.005138931476197595,-0.0031148599456949366,-0.005300083752108109,-0.00394520871133941,-0.004597161860272703,-0.005480106466344559,-0.005554636848773664,-0.008619252359205687
2024-08-19,-0.011142544669780263,-0.00252717613571507,-0.007916762533048849,-0.006383810223826503,-0.0061530552034106956,-0.0044308425856454114,-0.0030156934713201355,-0.0033806350579568267,0.003320926260720558,-0.0018476251480586958
2024-08-20,-0.014184002676203011,-0.019165732991759277,-0.016467162351983422,-0.01646991420197297,-0.01752472437080177,-0.01831559967354157,-0.017065918399076563,-0.017061869790934048,-0.017899582275114678,-0.016189288183118267
2024-08-21,0.002756090730351435,0.00010311960284981048,2.608295045303244e-05,-0.0008111996367281549,-0.001340732204449857,-0.003581033363798003,-0.0026233423056509775,-0.003482381537432744,-0.0023372052963296364,-0.00407190714296235
2024-08-22,-0.01478062326593299,-0.01992101193680751,-0.016543168980923117,-0.016283567465385396,-0.014509710050906954,-0.015003669487523075,-0.013928449177549651,-0.014265229551386649,-0.01406452555732951,-0.012926728489701778
2024-08-23,-0.01633348069093654,-0.005399139199058434,-0.007063139801065321,-0.004025494469240942,-0.004121634549639985,-0.00562001862094208,-0.00445732311484448,-0.00315239824804181,-0.0031897675414009896,-0.0040856907449160484
2024-08-26,0.029917879323825503,0.01314548905596613,0.016739452026649282,0.013511833050642519,0.012400592894395102,0.009838352450919574,0.007666992448289056,0.007551005992398663,0.009543771215860808,0.005818826374809571
2024-08-27,-0.029467129749945142,-0.010054916905477773,-0.017071295529886177,-0.014341676417452542,-0.01369573424045667,-0.01333182758800977,-0.014172567780921352,-0.012965416187596834,-0.01394270604632919,-0.01156239878202181
2024-08-28,0.006184334222067989,0.001873606885824941,0.007265340943492848,0.00510740114211039,0.004894625220847271,0.004528382043607726,0.0031985633230429134,0.004207750509573449,0.00418888698036457,0.0030100331377500567
2024-08-29,0.015046022948993931,0.013861999521049384,0.014095789588950858,0.016276922101011504,0.014418641609402094,0.01506108629692049,0.014715753781483487,0.013810827419374005,0.011439775152609188,0.008733822050581042
2024-08-30,0.019092424386144558,0.024521924282547403,0.02491480502905019,0.023115772048901473,0.01969635996006347,0.018126542356795117,0.019654057436526706,0.016726884827747313,0.017840718121075794,0.01833843007191449
2024-09-02,-0.031060354127453782,-0.020794344638847884,-0.014092892609441687,-0.015634086190938867,-0.015603577976962324,-0.016760755240323277,-0.016724917036301967,-0.015209352720833347,-0.014740101151558771,-0.015826921133015315
2024-09-03,0.013972275412323931,0.010515973043620397,0.009386908688494566,0.012788173742762199,0.0107169233955553,0.008747952298631123,0.008578078458150173,0.007288420596427647,0.0068078757716030225,0.004817780808924477
2024-09-04,0.013158897165421513,-0.006885474997943453,-0.005986196929016807,-0.008062131465918165,-0.006748483884138734,-0.00646217193484544,-0.0076279521035188536,-0.006168559752021463,-0.006566103317500738,-0.00655216527304725
2024-09-05,0.012949503906189319,0.006816082162930837,0.011866014492695642,0.00983227059586489,0.00796350544161406,0.009057046623254683,0.007732901112618373,0.008730779524632304,0.01120848568805477,0.009034214175954958
2024-09-06,-0.038720491766439546,-0.019137848847701755,-0.01717620294648159,-0.021420915370058302,-0.01994179235435567,-0.01743887944984679,-0.01785560630304517,-0.016259985756004625,-0.01375996300055149,-0.011169183622293133
2024-09-09,0.0005329924849248879,0.0011685387133117953,-0.0036878452327783195,-0.002022335132745523,-0.002630828815503583,-0.003979718321950321,-0.0034061886506796535,-0.0019892507211227706,-0.0027731655313461,-0.0017638660790328942
2024-09-10,0.01823871679886424,0.006828865385741789,0.005142892492589368,0.007330463927342379,0.00559112998796496,0.005655580625960166,0.004554185048487813,0.003715668029652397,0.001734512637805663,0.0007881071458735178
2024-09-11,0.0008370398055059791,-0.006621410897166169,-0.004141636800655046,-0.003929367211858992,-0.003362815814196174,-0.004301339849374308,-0.005527815280674919,-0.005497199362269445,-0.009566222386903522,-0.012943167413395296
2024-09-12,-0.005359328885216397,-0.002699179054906242,-0.0024659425553055225,-0.0025843820444558796,-0.0017956410060492312,-0.0025453406632420794,-0.0028536871531187336,-0.003248849792760411,-0.00433112514971512,0.00027867719206442487
2024-09-13,-0.02231236993452379,-0.019285420513952545,-0.01897957545824902,-0.015870145419028314,-0.013193419618893976,-0.012424898825857955,-0.01061308418575535,-0.010175830873038083,-0.011083451810002254,-0.009594514685055344
2024-09-18,-0.016375355854619023,-0.006771134679904645,-0.01123081426771122,-0.010346313415290465,-0.007110517150212048,-0.00661941803648336,-0.005404756426708901,-0.004245018735833717,-0.0022814188329705054,-0.003867345377114084
2024-09-19,0.025057639311110602,0.02174888932140595,0.025623583338594935,0.022346774805331426,0.022461016695158653,0.022197890769174666,0.019835641244545954,0.02180305561010276,0.021870062804424384,0.025262695444397076
2024-09-20,-0.009661924372274866,-0.0014880969413822998,-0.004022563878488428,-0.0027647185173981237,-0.0033638202787107385,-0.0018827001537312649,-0.003185715671874423,-0.0033773528272407205,-0.003534166908360059,-0.0018808209954412902
2024-09-23,0.0031282280609705726,0.003044786389597931,0.0014445556929423287,0.00038186584685173663,0.0015526677437702752,0.0015145478180143002,0.0034099522590671505,0.0015709529451626292,0.0020254297463968562,0.002990283882100986
2024-09-24,0.03920493849389772,0.03199739442552785,0.03192276516083403,0.03349037965079238,0.03479187838915032,0.035364898117763444,0.03421499659954619,0.031940416115848524,0.03389143290805641,0.03226593989968385
2024-09-25,0.012265322970424819,0.012099443092343343,0.013196254008022601,0.011935497645058524,0.011128788952816882,0.011568181090630292,0.01182188270335538,0.011645254352392609,0.01085537521078006,0.011545670044446954
2024-09-26,0.03738816994758265,0.038673402472924945,0.03588777899847995,0.03161817365442321,0.03318191203326393,0.0344802037193781,0.033538725056557084,0.0325648336146207,0.03420105048113209,0.03543342957041151
2024-09-27,0.05795773720203812,0.0575629516487155,0.053259532275570676,0.053498362273530775,0.049968944492477574,0.04810668792545303,0.04897906277945885,0.04456882113533345,0.04267728857780795,0.038888429050455864
2024-09-30,0.13897371564532923,0.1318738587946202,0.1256043437213883,0.1185644777648569,0.11134459048837364,0.10946885618830171,0.10838606861377142,0.10023252719576714,0.09930181383154157,0.09277302472864046
2024-10-08,0.12100403204897647,0.12071480797297496,0.10655304703445578,0.09804026241818486,0.0879424577030512,0.08310996077594779,0.08116599021496462,0.06915990538001959,0.06468717036052452,0.05064090611817251
2024-10-09,-0.08054213595844095,-0.07885963654263406,-0.08602970138979305,-0.09060513946304982,-0.0907001255577572,-0.09098786816057192,-0.08315410193748352,-0.08889497516157041,-0.08708463587291682,-0.08396347210175603
2024-10-10,-0.00013587029541450857,-0.02163539125309666,-0.011217249146096897,-0.0029391585383509167,-0.002321757681450931,0.00015967278679407393,-0.001678276755470498,0.004120496472596047,0.004027807254849858,0.010917301154590664
2024-10-11,-0.06666544999272095,-0.05036655291536041,-0.0480597232701554,-0.04501946984462457,-0.03933198509862246,-0.03956810335469607,-0.039644141188669435,-0.03436591546390855,-0.034840028779989596,-0.03038196262350823
2024-10-14,0.028473648384652606,0.03540693111325277,0.04469247899440587,0.03836365726564184,0.035233066086982845,0.03256490649394661,0.03224826543462611,0.029129020406834627,0.027163471963182362,0.02295318745362973
2024-10-15,-0.020154156765711195,-0.02303840783635036,-0.012175593589399125,-0.01338844426792185,-0.01388150012328182,-0.01594905260695123,-0.015652571022398698,-0.015577978935154446,-0.016262355293561015,-0.016619206561947264
2024-10-16,-0.00014428968935742414,-0.0030628396962937288,0.005174899866870808,0.002252145709684239,0.0061483302126630335,0.004779276364286655,0.0034763291873924906,0.004647254831825265,0.005685951260812061,0.006834867377378373
2024-10-17,-0.008349933006596255,0.00041224991792510046,-0.00030655876664109627,0.0005443070765258629,-0.003506378230578422,-0.0052361757106006435,-0.004480718775887627,-0.00417167321538392,-0.005964347109657431,-0.008047939132370563
2024-10-18,0.04423064936676746,0.04908741430021468,0.043008278313604986,0.04102983073334676,0.035576415154536134,0.03223021652943081,0.03283366422575873,0.02975343639013639,0.026685578503511387,0.0249728908332969
2024-10-21,0.03364773660111031,0.01916411304362975,0.02856376150209483,0.027506508205288327,0.021294720278842716,0.018814413670556362,0.016348725686906596,0.017858810923862434,0.016846129259014297,0.01570822074479805
2024-10-22,0.015791630865639616,0.004338044324957213,0.005434539435083652,0.005382275207923337,0.006663659509480668,0.011430634242809434,0.008817398002099797,0.010638329255519219,0.012435085184936412,0.010505013239421768
2024-10-23,0.02436895733586275,0.0040972673017083405,0.004071269121683985,0.004502475897672165,0.004042344656184804,0.0026668065607009517,0.0024148328879758374,0.0014119939263341763,0.0024010476390432522,0.002557828384669447
2024-10-24,-0.020717264709161243,-0.003542762492364293,0.00015183590309963968,-0.0020319936473264244,-0.005144078459719648,-0.0027131880308390866,-0.005313956006093412,-0.001337358354959517,-0.004047753461700165,0.0013221887302836688
2024-10-25,0.06451068017977457,0.032450180267898476,0.02639733844093417,0.027476699684615635,0.02404832128162715,0.023040954201420938,0.0198467991604947,0.019582737578363263,0.019036451836623502,0.017163294916049177
2024-10-28,0.020230204545033104,0.02059327512758702,0.02475624638528906,0.026700341723570054,0.02564622997994359,0.026681476691873707,0.023167618168862703,0.02566694374716416,0.02855762532608286,0.02957725275796763
2024-10-29,-0.031477839414684294,-0.022632908136756447,-0.023500428534117046,-0.017406056604812314,-0.016678314266700633,-0.020167062063496166,-0.017733716514774622,-0.015851930721216156,-0.016545929063662812,-0.015099732665522447
2024-10-30,-0.011429139812771716,-0.0010667754422649667,0.006348937621158068,0.003188967513798824,0.0037985896958345755,0.0003572678254006867,0.0014731204875881865,0.0030691470816481825,0.0019017137871750744,0.009670458696848128
2024-10-31,0.02225526137675815,0.02448086074832223,0.018086359347874614,0.019423674153367987,0.017590586760918958,0.016541689764765444,0.01409851966704645,0.012631380907111467,0.016140773064862834,0.015058084801200966
2024-11-01,-0.04507361359531503,-0.04583975031931509,-0.04726480766898722,-0.04315019972552392,-0.03674587084663994,-0.03299384952129991,-0.03172844932010821,-0.030435498516602877,-0.027319959850928943,-0.027762977539574463
2024-11-04,0.016124730279895028,0.03149039877183979,0.021125123924134792,0.017326634083144832,0.019355726752686486,0.018027355637008968,0.019222084941329376,0.021154509494069274,0.016277514489298595,0.013475921283722547
2024-11-05,0.05137813826234838,0.048208398934887375,0.03517491088857172,0.03434861075772577,0.0353262582175069,0.028015838497150725,0.029215538742632274,0.027446846890031518,0.028128734494426988,0.025228756637200922
2024-11-06,0.040198334429065063,0.014548114470023688,0.005736404131454931,0.009219602478301114,0.004655554923053806,0.007046229707272644,0.006021364952733865,0.008582166374395017,0.007702580731509423,0.004775228164975331
2024-11-07,0.023603514023537997,0.026675584859914947,0.022696943447715334,0.022712099316321233,0.021405799432787642,0.02077136560590742,0.02417153219555268,0.022630100894539318,0.025693365339255703,0.032749329779578895
2024-11-08,0.024674644443495986,0.019085677787755495,0.004784298315801516,0.007412345609689952,0.002124354393404859,0.0005470239988916159,0.0013381362003879183,0.0032291613632802196,-0.0016053273573457538,-0.0031381238190512084
2024-11-11,0.03601878088812738,0.04245081531517969,0.029876162218341218,0.03037227253537278,0.02457561307758316,0.024364045143994595,0.02076687159531021,0.015125694008240043,0.010561447644480193,0.008672383986710663
2024-11-12,-0.01181360828642486,-0.0194710886685866,-0.016523320951175036,-0.01418369161866695,-0.009569124881651847,-0.011009043706835309,-0.008249009451975375,-0.009333073152133164,-0.007197824298207145,-0.005062846835008461
2024-11-13,0.0013985672822822703,0.0025849767493897335,0.0037049457910438566,0.0011845063134590106,-0.0007875286511310753,0.0008053735321620348,0.0021079837074522434,-0.0009925722852728303,-9.780088202704373e-05,-0.005494889136328895
2024-11-14,-0.039683545646782226,-0.03920024332907868,-0.0355181988231793,-0.03132038657796454,-0.029433717837066498,-0.029482928608850045,-0.029398859874704364,-0.027859089958072736,-0.028778471510748638,-0.02626253037331927
2024-11-15,-0.03133837953251595,-0.030086681070125798,-0.024547863275231174,-0.024386746447000673,-0.021229117294752298,-0.021402191272197002,-0.02120533188109819,-0.017253532332882293,-0.016945480734529617,-0.014788222910962712
2024-11-18,-0.004024472252144418,-0.036148017874716,-0.03333791374191686,-0.032558414651920775,-0.027838356778355777,-0.021667521103373666,-0.024845186188274804,-0.018972249962128096,-0.0176269893017873,-0.01413640011732642
2024-11-19,0.04386484604984786,0.028227213258419148,0.029063436914404495,0.028276069653390357,0.02749709575518855,0.0249804878035369,0.026299224373396157,0.021232767645466222,0.02312013295282389,0.019901977357260403
2024-11-20,0.032194740242681874,0.023465394418224372,0.026586925630307734,0.023747064497545045,0.023314832341211122,0.02246665630533018,0.02259993058056553,0.01936008166023573,0.020376221373851866,0.019801745140635818
2024-11-21,-0.003451452944606026,0.003755813553665721,0.001845165246895819,0.002955546562212419,0.005192823363001198,0.0036495426759866056,0.00220006052099464,0.002529329053674534,0.005150739654603109,0.0012787695839424629
2024-11-22,-0.04843709163135701,-0.043745126671551615,-0.03836525985216055,-0.03606290430753101,-0.0362050638860173,-0.03727708942818675,-0.03165055275519757,-0.033006871943518035,-0.0331162575793148,-0.029094730121729695
2024-11-25,0.04006906608270899,0.00999972877648192,0.011621131710343402,0.010436334456193075,0.012779957746890114,0.01169217971681058,0.012462557394199658,0.012618574764946544,0.016211725732925952,0.01595888943119972
2024-11-26,-0.026313811544828147,-0.019843022665668175,-0.012205924674208779,-0.013626920679538634,-0.009549689370341508,-0.012058415065841488,-0.009945405431386112,-0.009149179510311578,-0.008125739825671219,0.0030842482804083193
2024-11-27,0.037249943515407447,0.017574990625391473,0.01637817357649851,0.016820661803275794,0.01754688817142047,0.015502967758083575,0.018585250453801105,0.015923069078189078,0.01781477161331857,0.016326284566259508
2024-11-28,-0.0016888279566814601,-0.0007272791562182856,0.007883856564714797,0.0018371678213442433,0.0025842825324973173,0.0013050832608836327,0.0012133898114563557,6.637806625908738e-05,0.0042876576871833105,0.0021019432591773413
2024-11-29,-0.0027884972980001255,0.018034808370987587,0.012785582392219608,0.013636851514114756,0.016202918526170285,0.015435603323228353,0.01830689329165991,0.015795910646553057,0.019180899307648325,0.01097786017246527
2024-12-02,0.021383849538140653,0.022562057578080053,0.021600553875577244,0.023247648991017167,0.020806502456629516,0.020861686673802282,0.020665560125377347,0.024087575307192743,0.022902330343437693,0.027762538179216145
2024-12-03,-0.007183721543884247,0.003909727908524285,0.003525607227556904,0.0035736144306224293,0.002390544005709927,0.002029152887221608,0.0015725026774218165,0.001282320309603957,0.0020503100116571193,0.007160416207546705
2024-12-04,-0.029651481886031172,-0.012665650989208022,-0.015212486429009298,-0.014464472857631638,-0.01385404107402799,-0.014159005386005785,-0.013720805201287267,-0.014516087859146043,-0.016890469487166215,-0.01435078102310372
2024-12-05,0.03517494109307684,0.019646551536254053,0.01592963645485934,0.013697069698214825,0.016023857920044238,0.011930017387831393,0.011945726177555738,0.012052776701975354,0.011189731204638065,0.009907533334323482
2024-12-06,0.026757991652535562,0.010221891470542976,0.008269494392786791,0.00856905522840501,0.009724762129879494,0.009664377880052033,0.009946300616462178,0.009202909746215848,0.01138869016703925,0.009097773775701867
2024-12-09,-0.011730675377693789,-0.003825370561625019,-0.004848671369853896,-0.00356561451556181,-0.0003572808045989584,-0.0027837636968106594,0.000458876091065763,-0.002820653698157649,0.0014861611576333367,-0.003531597480445736
2024-12-10,-0.002354459763354022,0.00839029629914223,0.008168412390374247,0.008554698296610486,0.007530630730409493,0.007705868908010727,0.009485626190582241,0.006748234483309856,0.010056203323665969,0.00905960332837319
2024-12-11,-0.0070559584677690745,0.015914203868823584,0.015587465203641626,0.016250055763298743,0.01146150713519889,0.012782579217037071,0.014480295916859509,0.01489990154135068,0.018076444018530813,0.022813095641239567
2024-12-12,-0.0007741647904915272,0.0032396711333120276,0.006088358547093442,0.009539313725738907,0.009763709926587483,0.009067688055614864,0.011779377477272535,0.00896681791359133,0.01607111212946033,0.025769431335541437
2024-12-13,-0.030691103777446438,-0.016631104038476674,-0.01749298706407576,-0.01798540709179486,-0.01769049680786794,-0.018001430837552568,-0.016414916637842447,-0.01601359965141269,-0.017114532780909575,-0.010457504137482698
2024-12-16,-0.0023961357641472114,-0.016879977355559794,-0.009368308870796427,-0.008007722285984453,-0.007875899703566946,-0.006390308244957232,-0.008500424107843685,-0.002808370686890438,-0.006081895981362884,0.006811179070594697
2024-12-17,-0.03548042907795346,-0.037354460633210906,-0.03742317138531859,-0.038277815626139855,-0.03561943764920239,-0.034509967452320045,-0.03606809480945017,-0.03605867367398452,-0.03761113876865885,-0.043652097610591856
2024-12-18,0.002017636496181696,0.011852794417531065,0.009883327205317372,0.009788546137294185,0.008070066852616797,0.004680135472617808,0.007458420541776922,0.006444654640160641,0.0032959728142678557,0.0018558704108575519
2024-12-19,-0.002130075090985617,0.003050695513556967,0.00022951651247460347,0.0018212101626735588,0.00027421906610269886,0.0021433834580855127,0.0015808825647651847,-0.0006999628992730988,-0.002513792434778117,-0.0093663499952934
2024-12-20,0.01789213184691074,0.016803458817001182,0.0173015300153343,0.014133090917529012,0.011901270501480932,0.011808013629690972,0.009604343967284157,0.01045723625009054,0.007695638506948654,0.004664652432226468
2024-12-23,-0.05592330548672342,-0.04799988345472472,-0.043176054758471305,-0.04769926466976815,-0.04107919091071399,-0.04081534165894429,-0.03866274988583651,-0.0386711645513671,-0.039893002683463186,-0.04391661930587665
2024-12-24,0.008233274372216437,0.006574355492718231,0.0013818370198812602,0.006975929562081484,0.007930029531110439,0.009259298002406435,0.010495783511468515,0.010675949450449806,0.012896132182637965,0.008880475453988845
2024-12-25,-0.0319737894995612,-0.026151252754991194,-0.024100924099184406,-0.022355098644489813,-0.02238608390298702,-0.021030102691437458,-0.01763426086040798,-0.017592201110813055,-0.01422383917895731,-0.015807685830357743
2024-12-26,0.013202230602285425,0.0068260862196682925,0.014592698934874582,0.015885332455472634,0.012232839027155329,0.013613568036264567,0.012406949276351664,0.012208651437266571,0.00999374464582603,0.015771820383344126
2024-12-27,0.0067504024700049126,0.003919257266264742,0.005105407985835253,0.003007841709475434,0.00582498938295406,0.006272772106215019,0.005873591759332886,0.00790213717261068,0.0108595595360641,0.011075028413243704
2024-12-30,-0.019030961057758256,-0.004652836450798947,-0.01275821567441815,-0.010630956467436392,-0.00988954160853639,-0.00952135391139397,-0.008104599635368914,-0.008206539052707407,-0.008871459079618838,-0.008902294360719987
2024-12-31,-0.006601845515929128,-0.006541150437701426,-0.010034038379695076,-0.008457654713375562,-0.007728095961475057,-0.010615542054498328,-0.009705336757270144,-0.008770610755729713,-0.010892134883670579,-0.013343344043956207
2025-01-02,0.006043408677813167,-0.008293962132016719,-0.00816303603203461,-0.00596584547199297,-0.007840556541282573,-0.007849416355356853,-0.007412997846967251,-0.006318976072802296,-0.006948161080380322,-0.003553418859262192
2025-01-03,-0.015196681058447514,-0.012926675852622416,-0.013500387594278296,-0.014361106393401157,-0.01463430013016398,-0.01415098976557494,-0.014695609819704969,-0.016893639037619423,-0.021696600472829064,-0.025757459474028854
2025-01-06,0.0012214720393290968,-0.00541218181824088,-0.004460347533804532,-0.0020408132766145393,-0.002710474928116824,-0.00042424181395939176,-0.0028806891194477213,-0.003440432487337941,-0.006107631832701688,-0.008512113998739856
2025-01-07,0.008645165295182888,0.007692736639296038,0.008746500524639877,0.009674684601092665,0.00814368690813061,0.007231895040002989,0.0072252557318148725,0.007577033750404416,0.008629185389677607,0.007554950357536283
2025-01-08,-0.004508519763971264,-0.0025176037898065884,-0.0006561907708116932,-0.00026909958578591464,-0.000280819867094384,-0.0012888304411293738,0.00037100735968342846,0.0016211027111476817,-0.0004342688641065795,0.007456266238149656
2025-01-09,-0.0011211445816828869,0.0030200522177705746,0.001651348364148264,0.0013088753109984363,0.0009725587425044591,-0.0001881367990452798,0.0004572155656195065,-0.0008161420100178951,-0.00034545160831866983,-0.0015259764335235904
2025-01-10,-0.010536774474277588,-0.009034015729870837,-0.00942606822158687,-0.009743471163261241,-0.010902204575233831,-0.011667109916312701,-0.01083712658435343,-0.011144769016533496,-0.013188703006438707,-0.02259727375493681
2025-01-13,0.0033144374336406823,0.0006081684752432537,0.002941055789408731,0.0008370611439960651,-0.0002608257461624852,0.0003023160278148307,-0.0005927986266101026,-0.0011069718693532682,-0.0012153715451647118,0.000257628847433633
2025-01-14,0.014006352627624175,0.017403610838895522,0.01480981897931577,0.015518674807637023,0.01625709643459672,0.01747095373263763,0.017476815949291513,0.02014821945734302,0.024389646812141175,0.02835534752395663
2025-01-15,0.0011428557801351769,-0.0006757219973891893,-0.0007985478799616974,-0.0007257542959800967,-0.00027320731761426575,-0.0014631940491133255,-0.0015654075940245704,0.0003643946919982266,-0.0008757170998036079,0.0008686368027799318
2025-01-16,0.0023390674290550972,0.0008519283470611594,0.0036365747957796124,0.002640500746183827,0.0035221922878709844,0.003085883944633716,0.0030079635555504414,0.003940944815105318,0.00564821388520742,0.005562183817249933
2025-01-17,-0.0031499196274258345,0.00090168317506234,0.00029260913735740246,-0.0010725467808954114,0.0013167153387101393,0.00025841263362380573,0.0010107057757697824,-0.00012320946620714146,-0.0003452822993192939,-0.005975715138248128
2025-01-20,0.005362204662797687,-0.0005835115070045305,0.002436249790860101,0.002692262665576095,0.003046963196612573,0.0037627567601774548,0.004418138159025586,0.004519086908302938,0.005611301535215052,0.006655061853094724
2025-01-21,-0.004177167390564507,-0.004050759226210676,-0.0014842620954198527,-0.0006187915592457127,-0.0009569490318726004,-0.0003617528825548,-0.000505922206289422,-0.0002343985474865251,-0.00042050334020726776,0.0018842677591452972
2025-01-22,-0.003624449882093317,-0.005612957618294612,-0.0024745410115679656,-0.0029298719397394812,-0.004991785247463354,-0.0043012172830915185,-0.0031317507046629833,-0.0055994900954297044,-0.006666673877670837,-0.013113219269490495
2025-01-23,-0.0005289849617765574,-0.0016522391172604234,-0.0032153991362677825,-0.0016112801677722333,-0.001762903565101781,-0.00032170313855472976,-0.0004558622642637511,-0.0010096248451130219,0.0002765153831125744,0.002609092400556845
2025-01-24,0.005486162304852993,0.007006416632419077,0.0069991522465318035,0.004471599133350379,0.003933555370868147,0.004570322853187259,0.004416389031670409,0.004017177923578474,0.006308544114647097,0.0055648375810071204
2025-01-27,-0.00011902751475312279,-0.003250366236316693,-0.002896562974591732,-0.004002115875807455,-0.0033988437666677696,-0.0025356667885808593,-0.0029292508912807103,-0.0020746077372549854,-0.004463403006987887,-0.0065980629145827585
2025-02-05,0.016029352139998343,0.0056974061300734125,0.006287340802415775,0.0014764431586391513,0.001645125612496079,0.0013083889151086492,-0.0005529018599901292,0.00127596842055544,0.00025000115668616374,-0.004125792700462871
2025-02-06,0.0052275276178896934,0.01006542309692593,0.007616404768265861,0.007407278213173996,0.008627120210216388,0.008846865235572654,0.00769197363325036,0.009408453486172919,0.011163087397145777,0.008165749084392715
2025-02-07,-0.0007135512796473398,0.0035795779655525273,0.007018290533644667,0.006425806712140991,0.006147367553888783,0.006386067922776961,0.006194133123918588,0.005749957345228873,0.007471815919948721,0.006057918845545629
2025-02-10,0.004419086786080273,0.011726315771374507,0.009498937444135658,0.008666021604495366,0.006713851910650215,0.006171159380950364,0.006254126970890228,0.006400959593926947,0.00938475994772947,0.01311393092344404
2025-02-11,0.0003961293926892928,-0.0007979682872655269,-0.0012214747586640762,-0.00159958454564757,-0.0007124313673313454,-0.0007972982744829382,-0.0010954566895573503,-6.997897509708473e-05,0.00098624496209343,-0.0008571262338383789
2025-02-12,0.01313290519082777,0.003290957755746504,0.0038110203493055828,0.004600683312683929,0.005374295325104361,0.004897431540528796,0.004763775170965712,0.0042194659070822205,0.00586737215998645,0.0029477471438987823
2025-02-13,-0.008027153871944859,0.001489995951317713,-0.005997680643594849,-0.002468454669454778,-0.0033803351132085657,-0.002045044946669905,-0.0038337139987235647,-0.0029955984496098376,-0.0035766582768121946,-0.0023344408293138885
2025-02-14,-0.0010941916585738287,0.010336571636554437,0.0006394312622746146,0.0006571090563267656,-0.0014160818017027177,-0.000372719827501089,-0.0003042427902760769,0.0004316087046332129,-0.0001156200701923904,-0.0064522623713592075
2025-02-17,0.006516885719387355,0.00530710926361766,0.003131235571811164,0.0043488536446532056,0.004866580465167081,0.004553974312650366,0.004886761920464888,0.004264217731905884,0.005768577285188314,0.0038767232681855557
2025-02-18,-0.012207525929737506,-0.01102350418678999,-0.011011787864003808,-0.009827880885958984,-0.01023558313798234,-0.009520124969771726,-0.009737297151920177,-0.011217975022698279,-0.01470946093115666,-0.020574542466598955
2025-02-19,-0.0008452148745118349,0.010855916463197168,0.007481350775681017,0.007789051489245358,0.006864005330092127,0.007856251983644702,0.006774942508245063,0.007165050100509385,0.010964980440878902,0.00991751226046178
2025-02-20,0.0035249318587948775,0.004390452981714921,0.004322777650288545,0.0018811189695584485,0.003125205896936656,0.001885906710308527,0.0016843524724647896,0.005516602984994012,0.0053445292410121414,0.005993904952664497
2025-02-21,0.002099256380569292,0.007950030715554224,0.0029515521505267817,0.003065451115784379,0.00405360914908881,0.0035520781141840096,0.003747756304855576,0.002791007309702387,0.0030483085643875363,-0.0029324326216559893
2025-02-24,0.00021590506402668908,0.005358717054551931,0.0001670759927114851,0.000901358649763262,0.001020219364469499,0.0016848051028006683,0.0028182238578839947,-0.0007181668889993942,0.0005045314532228229,0.0024790395056901726
2025-02-25,-0.0015590233431475031,-0.0006029601988636335,-0.0018853905384960123,-0.0007504606073411857,-0.0019215748321879111,-0.0033125804436485717,-0.00345456059544591,-0.0033095648684977608,-0.004826004182443389,-0.005391331705170255
2025-02-26,0.00593341310564055,0.007475950821333122,0.004485462991425493,0.005625574479502182,0.005898417957923785,0.005788379154445078,0.006767466162032276,0.005565468265432916,0.006467389116167954,0.006899929850304298
2025-02-27,0.00020059834201546778,-0.002015978055873058,-0.0039455099567214935,-0.001833882506818707,-0.001721502157639776,-0.0009924161291587907,-0.0003458790798377409,0.00044414293567784924,0.0012996268354457108,0.006408727350857513
2025-02-28,-0.008382020365508391,-0.009286330028675183,-0.012463246831384112,-0.012608461616693711,-0.011738772006456899,-0.011684860250785967,-0.01221324161888726,-0.01321840972650623,-0.015816506675425335,-0.01610856317519893
2025-03-03,0.011852337946614888,0.0004274364641561057,0.0029849004597619633,-0.0014211441481463138,0.0023933134704472447,0.0014901311279515994,-0.00022892463216039882,0.0009408615309092205,-0.0008738910114649556,0.0018001270016116955
2025-03-04,0.0018596127341392599,0.005367479222302185,0.0053398826144408496,0.005547854676356545,0.0036953709331704054,0.004032897692845427,0.003566936388312403,0.006142208823433304,0.00366680350241122,0.004416690373574728
2025-03-05,-0.0002757191542018811,-0.0022745075466875653,0.00034489127867809444,0.001432090252923679,0.000762178037553074,0.0006363287048964938,0.0020246542458510763,0.002059950088700857,0.0015445038514754206,0.0021161863427043848
2025-03-06,0.026122187531252505,0.008167785663668381,0.006911781682942264,0.006537859443378924,0.007965080505823119,0.007526944865396956,0.00759030055297405,0.007359476610054205,0.010138968136840676,0.007264685911947399
2025-03-07,0.009176316714183841,0.0007357200304607403,0.00012771304466840938,-0.0025084517082800684,-0.0010705908576488232,-0.0014540507048800277,-0.001302685998691544,-0.0011149884680689004,-0.002761496626562776,-0.00611396888675797
2025-03-10,0.015901170828475975,0.007234012415747948,0.0023854205065581002,0.002138567687398618,0.00180745331972898,0.0020543818246170353,0.0018191164709453478,0.0006673738717499766,0.0002365501351906385,0.0032064275277163823
2025-03-11,0.001301352509703424,0.006346221015750775,0.0021718445894371996,0.003543877200512524,0.0026222385753251753,0.0017669140036478126,0.0030136450908415657,0.0018537068539017376,0.005153593935957268,0.006224585031024077
2025-03-12,0.009691043846481229,0.006107502775140272,0.0014769692073730578,0.0024393736001984134,0.0020565309305478063,0.0015492283690166087,0.0020398704243513865,0.0010878385799943935,0.003071672308929907,0.0039592540775672536
2025-03-13,-0.014014739868860149,-0.0012164164769267183,-0.0040275868861967545,-0.0031105831224158553,-0.004651914298696047,-0.004103966139324511,-0.004122904965100149,-0.00587645053375474,-0.0065754115423840576,-0.004506808158653786
2025-03-14,0.015409216226428768,-0.0005853103559556594,0.003547017907966632,0.004368845215075856,0.006696302198489823,0.007463675619471033,0.008683504481638016,0.00910060301818394,0.01264479404154839,0.014371496483080781
2025-03-17,0.003777815824902886,-0.0008324450515850845,0.001774166569160851,0.0015436848319307916,0.0014670636789584357,0.0032912035057801603,0.0022119460095921806,0.0029307636840871787,0.0027145026558106355,0.00043434306578538084
2025-03-18,0.014534567110962016,-0.00047264482738385016,0.0024955107899307105,0.001740437039345899,0.0013944472378024653,0.0013283920419293604,0.002992966286581966,0.0025320526717362846,0.003743456104126519,0.00019949717124445598
2025-03-19,-0.012052679958390766,-0.00367016431332734,-0.0030790679768178952,-0.0027824008508597897,-0.0035718218400596635,-0.0029608106679989143,-0.0022533182559192344,-0.0020361022431252263,-0.0016203249552340093,-0.0044555404087954775
2025-03-20,-0.006735446240274334,-0.0052251690260748385,6.416156236843662e-05,0.0007361040763489424,0.00036440880540022924,5.355878907797873e-05,0.00035852480270981424,-0.0004554900725367572,-0.0002875303424832998,-0.0012158152321078974
2025-03-21,-0.004374854804590322,-0.00994492910089273,-0.006952430540630661,-0.007015691572293203,-0.006251327983133881,-0.006349819771406806,-0.00591869362006292,-0.007436190423994016,-0.008909121079838656,-0.006980147696295291
2025-03-24,0.01265687959542694,-0.01081903216387281,-0.0103059154038041,-0.007616764510092522,-0.004412520567663947,-0.005425683894126454,-0.004780530462298316,-0.0034299161491819774,-0.00237872824627805,-0.0060887807914403735
2025-03-25,0.005804020516923414,-0.0029758813269060713,-0.001261847155336726,-0.001549964997322073,-0.001656176058585146,-0.0012566665878069871,-0.0021500808446934805,-0.002709235096322815,-0.0041121217941615384,-0.0005388400644140701
2025-03-26,0.006866777554861203,0.003980070360393162,0.003424060115857497,0.004390514933118261,0.0021349639039007773,0.004160990572464218,0.0022815247217133905,0.004945249589964451,0.004940952021875278,0.005994972075747507
2025-03-27,-0.007045161598826732,-0.002338074291599046,-0.0015763491587433842,-0.002490250725751375,-0.002280409659579985,-0.002801127898511613,-0.0038504024618833954,-0.00186618302949082,-0.0026847240051908194,-0.004854211877299841
2025-03-28,-0.004857713948276832,-0.004129899880519594,-0.003736716578040533,-0.004470507646578303,-0.005535403801242622,-0.006130060670790138,-0.005211358512742237,-0.0042664112531130005,-0.00546649500129881,-0.00874908058064816
2025-03-31,0.024634187777316185,-0.0030442104954363503,-0.002544909526880801,-0.0038159142341931407,-0.005332528481271415,-0.0052594937417809184,-0.0037185096935787865,-0.004824661890082127,-0.0042639733116225376,-0.00931846864565622
2025-04-01,0.011716958653560594,0.002577182614889706,0.0029176489575395426,0.003709638446852681,0.003743290214360151,0.0049647194105229,0.0035491190746967938,0.005161517652710668,0.005492826866734912,0.0071367044773771315
2025-04-02,0.016231372237958785,0.0013638440532326435,-0.0008277839355320671,0.0002897453719932219,0.0007667468863474802,-0.0004334309305089601,0.0005618411895127462,0.002632071412459913,0.001990080224050894,0.002817012146030251
2025-04-03,-0.005360910935417573,-0.0012591063590717821,-0.0015955482805019017,-0.002261853681030601,-0.0024323586778801642,-0.0014597820531568884,-0.003414978440541061,-0.0026837161692190303,-0.001779858112791577,0.0033765893855559614
2025-04-07,-0.05928317929799398,-0.03963737646322807,-0.0413369885984044,-0.03998028466638415,-0.04202436536065712,-0.04707212801190097,-0.04410281082283307,-0.04836967492235411,-0.051953509668103415,-0.060247032203463724
2025-04-08,-0.00778295539976781,-0.0028586246956592287,-0.00159778906577146,-0.0025683303771256716,-0.003061873453078956,0.0006324629408624993,-0.0018589299897048273,-0.0012188220346921463,0.0013475781798664155,0.005301364669318742
2025-04-09,0.010253236796305742,0.008657455556930094,0.011414328781298,0.009623610666277704,0.009372662674748344,0.009538722046357417,0.01032937232380271,0.010694421208614857,0.014273836356651026,0.016408264666544214
2025-04-10,0.03699916590356711,0.007961281848460677,0.008132706086477093,0.009485920397299008,0.010206595550336317,0.009898414228287189,0.010940643152796303,0.01466843046592925,0.016416289813777185,0.017641195096541384
2025-04-11,-0.005432237474000345,0.004335413258666376,0.0029818620388644135,0.0037528784786591274,0.0033362972002755065,0.0016385658906348244,0.0015747673172354926,0.0020678343327054094,0.0012427934279177766,-0.00030996349185341554
2025-04-14,0.008396247167968829,0.007157213263017992,0.006096910601221639,0.00809187931162958,0.007659451291987196,0.007771249306113059,0.007421972537186683,0.009289689612838936,0.011302906531943657,0.014307795336125029
2025-04-15,0.00363916179522894,0.0010524861126723906,-0.0005791760026784276,-0.0010236226858153508,-0.0007911642722150392,4.0136884935426664e-05,-0.0003236195385595275,-0.000300497987035242,0.001310847393670489,-0.004837771108629041
2025-04-16,-0.021694279079995105,-0.006865197544045687,-0.003929478122855934,-0.006091063471548419,-0.005513934710452806,-0.005139774971914202,-0.004367783314176532,-0.004388512872353423,-0.0028819730274569633,-0.002531886283980489
2025-04-17,0.009364830008195213,0.003264363942627302,0.0038765283631014835,0.002575085393949017,0.002594367157128019,0.0028238268654898757,0.003318908748485061,0.0016731142076522598,0.0028434433857327246,0.006116535363702935
2025-04-18,0.00302405096349756,-0.0008581748474709716,-0.0016774586827081883,-0.0003785574058223773,-0.00021667010160830724,0.000192356357867407,0.0010313940414714562,-0.003005713242068553,-0.002791503156105768,-0.005338530109140538
2025-04-21,0.010127425426605718,0.009356674394996212,0.006825517532814684,0.00796798880834082,0.007184649749742311,0.007003122020297292,0.00756254524579969,0.009679132234293286,0.01168367148825622,0.005658161091709024
2025-04-22,-0.01403061218384316,0.001784070869181642,0.0021863919815796606,0.0007871346341083996,0.0004390955212056902,0.001292328276413901,0.000899245406648097,0.0007274301706270414,0.0021347043718311642,0.0011125463897028176
2025-04-23,0.004267064207122084,0.0007666803279418044,0.0005788601379532743,0.001464726502893532,0.001612052093724392,0.0006307917165089272,0.0011736309547014656,0.0012993018842506476,0.0002130444750947369,-0.006000073986404786
2025-04-24,-0.002152037875308932,-0.0035418428723880124,-0.0016905964227268422,-0.003109672777435124,-0.002111878697110381,-0.0024357519538661387,-0.0021169076537999043,-0.0032661099080654177,-0.002334719595006196,-0.0036476415710422483
2025-04-25,0.0193797584132005,0.0035495745887501595,-0.0003027992832954629,0.0010136063896051262,0.0019103721584468047,0.002871941091487029,0.00220011726359437,0.0018976419462504168,0.0009822540498261034,0.005571154140295631
2025-04-28,-0.014538120348691952,-0.0018279154275003817,-0.003148783166280311,-0.0037905557187464245,-0.005448201270629061,-0.006533312886533582,-0.005566440768530079,-0.006996957944932158,-0.00897489115806882,-0.011417105363486724
2025-04-29,0.008567950422776471,0.004069444017863466,0.00365225199711694,0.003398395188338954,0.0032361062596883983,0.0026258320818191017,0.0009588207714141816,0.0020643595817773086,0.0023634431000338907,0.0011836386824493061
2025-04-30,0.011806812962093405,0.003265062941846475,0.006739376423934074,0.003939916212754246,0.004038760681993381,0.0014184101822469763,0.0022656404889125348,0.0018722067114742558,0.0008691509016367505,-0.0012275741558628317
2025-05-06,0.017166095146897264,0.014141028207383277,0.012628010966011294,0.009798547057552343,0.010488002965787446,0.010932272789368591,0.010842736859992153,0.010443438252876636,0.013220630362028585,0.0145623947677187
2025-05-07,-0.0016312388465861138,0.003766397308585523,0.005433272579877357,0.004492132557200046,0.0033232919561014818,0.003529180722069869,0.00427328032244545,0.0030069139410289214,0.002655480998750237,0.003271364652995823
2025-05-08,-0.005,0.0007586533972246028,-0.0017762471060104772,7.490905023878249e-05,-0.0001952962037547381,-0.0007498063199480789,0.0002734284156421865,-0.0012110473924365527,-0.0020163354480929145,-0.0026748978740918873
2025-05-09,0.0,-0.0029298240013466703,-0.003132210205001873,-0.002939797820001644,-0.0046703549305693315,-0.0027877140491223695,-0.004509787285067679,-0.004114589708336336,-0.005846843279861513,-0.003127268562557295
2025-05-12,0.0,0.009684990421442663,0.004261261021920593,0.005803823882724712,0.005370061359005973,0.00415442457425419,0.004862908249549935,0.003958665081309931,0.0037693057220953285,0.0038563893329870425
2025-05-13,0.0,-0.002512019769989271,8.510086804092154e-05,-0.0010986821068154073,-0.0011727396650400568,-0.00034141201998405535,-0.0004053431395766305,-0.0001615387528874912,0.0004641390220732067,-0.0003604556481165977
2025-05-14,0.0,-0.0011000081764759306,0.0008084906214333998,0.0008423864249669233,-4.0097432640662234e-05,0.0009530764339849007,0.000565867016565802,0.002017680133503008,0.0017973119009688787,0.0029114689391107618
2025-05-15,0.0,-0.004460345434585178,-0.0024413281510319296,-0.0035497689724252046,-0.004289823223683209,-0.0028986772057632004,-0.003164609147546571,-0.0035454232908570527,-0.004097779851755079,-0.00148560813815668
2025-05-16,0.0,0.0011361483080809531,0.0007528847830409191,0.0007925074665728893,0.0012092180793639162,0.0009393029999973379,0.0015424756781745597,0.0010032611558645765,-0.00012986393849112599,0.0016054501575393232
2025-05-19,0.0,0.004947552426401547,0.00459341663626156,0.00465773877942377,0.004624133843103007,0.0037471104609647643,0.005020549763920412,0.005808301084495815,0.005037395869309957,0.006587399160945084
2025-05-20,0.0,0.0013587907829313295,0.0031001144460569563,0.002434456437582666,0.0034163453152258327,0.002911299181353355,0.0049834074724710575,0.005132036027209352,0.004325779904262417,0.006385536768350519
2025-05-21,0.0,-0.00018943587469799628,9.484563725425943e-05,-0.0017837658281381064,-0.0026619064104210777,-0.0016895047933624951,-0.00042793953655106964,-0.0010516225538372836,-0.0010457027701855637,0.0035720543326898113
2025-05-22,0.0,-3.885625006494475e-05,-0.0033702573729204044,-0.004694026133098328,-0.005498020731086517,-0.004606012532823556,-0.005872725606190565,-0.005246809378143591,-0.007559648411336939,-0.007020504939194705
2025-05-23,0.0,-0.00353623273496273,-0.004075048277471627,-0.004700268364336124,-0.005082337704835571,-0.005600135761838043,-0.006077803784167779,-0.006518258488574458,-0.006061852423742575,-0.003398304609384395
2025-05-26,0.0,0.008162764666223676,0.005024779722517803,0.002884922348044494,0.003051783059678792,0.002702938267473698,0.0036537545876482724,0.003874703898102405,0.0033211784785343035,0.007751217389785792
2025-05-27,0.0,0.0013292596409875124,0.001073502883530475,0.00101830481635945,0.0008443916734837131,0.0011051974144486998,0.0009884094450141045,0.002153235784822849,-0.0006329132469883314,0.0021623695848040914
2025-05-28,0.0,-0.003100873165871043,-0.0012927761539160976,-0.0011350240040360893,0.00014172429359016192,-0.00013911948987888056,-0.0013480093580124919,0.0001781162827045879,-0.002737662163808441,0.0025033978562964965
2025-05-29,0.0,0.008345410816635646,0.004360123280174877,0.005413108380349918,0.006332189070275662,0.004358058771676054,0.0052022918943328555,0.005658800370521355,0.005779280846540447,0.003291195043951367
2025-05-30,0.0,-0.007133571242463277,-0.0033750580697063937,-0.0037642351935884832,-0.005023935203675833,-0.004146222710872838,-0.0061694390657882625,-0.006561989861579076,-0.0057559144018380914,-0.007671215554481137
2025-06-03,0.0,0.00023564261181374668,0.0029744573995600376,0.001964466455852465,0.0013832975829288774,0.0029554763922530203,0.003998555972104079,0.0040927065195615064,0.004923509831562978,0.0051523320987978405
2025-06-04,0.0,0.0007057709742723794,0.005129467320688308,0.0043450178951984775,0.0032908572882133225,0.004502652049318101,0.0066072184329399875,0.0046447290539193276,0.0066106778619348106,0.0069941205011225804
2025-06-05,0.0,-0.0007859889247354701,0.00048458544218843436,0.00018658598741394528,0.0003966695766037809,0.0004231346394907298,-0.00040467924808251787,-0.0005667446821185917,0.0007133235591476605,-0.00017122526856561127
2025-06-06,0.0,0.0007437654622821643,0.0014191760531614417,0.0012625333980291753,-0.0005677485719270958,0.00029344066314962447,0.000531819284738333,-0.0010791389953479502,0.0010439539585131996,0.0010426796401086236
2025-06-09,0.0,0.004617585995623674,0.003493622840881949,0.005425332904102076,0.00395522890716804,0.0031126555991003446,0.00423147551854397,0.004197126665384188,0.00423719089834429,0.005660006289001318
2025-06-10,0.0,-0.00224558430721411,-0.0028543819067605725,-0.002907350015465382,-0.00399813340175903,-0.0032929138818238446,-0.001806228867768933,-0.0030107192478711076,-0.002415501667521802,0.0007713650166469854
2025-06-11,0.0,-0.00323621191442669,0.002434937204605969,0.0027426902046017165,0.0022270070835377354,0.00248259209406676,0.002287330617152472,0.00266383045506835,0.0013757507219998022,0.0027808241385118837
2025-06-12,0.0,4.560271365972035e-05,-0.0004128488680980036,0.000504212550274552,3.173766543085321e-05,-0.0006062070597242508,0.0010466873996126669,0.0005034469845008882,-0.0010156566501291486,0.0035942462402471786
2025-06-13,0.0,-0.001664198587431387,-0.005183419574458892,-0.007521019483658686,-0.007142146631955559,-0.006568753261561033,-0.008558863512519777,-0.009050632758040744,-0.006477433379334596,-0.012342891395457412
2025-06-16,0.0,0.0017762040240134613,0.0037528671548225923,0.0031152829359717416,0.0023796419221977505,0.002092712175703948,0.003018772622253252,0.0032224210657729735,0.0033334604580583793,-0.00027984592450891466
2025-06-17,0.0,-0.0016887149217771347,-0.0006066934902853038,0.00035832200341157083,-0.0004779014127911374,-0.0006250297270433691,-0.0008126933428712624,-0.00032932492307713446,7.745866103414656e-06,-0.0011855767006683227
2025-06-18,0.0,0.0012919737104399864,-0.0013889443989851813,-0.0021736049837880467,-0.002291985099457272,-0.0026262592901074022,-0.0034962836714117485,-0.003000835198075036,-0.0015797883294623727,-0.003736047005323595
2025-06-19,0.0,-0.005312358840184328,-0.005405364114931754,-0.006926087309734985,-0.007652824451299556,-0.007252422049434215,-0.008534959919594076,-0.008305829871098513,-0.009064870246043744,-0.011149323769804598
2025-06-20,0.0,-0.003340889311445494,-0.0017159339252637018,-0.0031966715807989488,-0.0029697878741299366,-0.002849054661054562,-0.0032192704516587067,-0.003145540982272821,-0.003371237799903004,-0.003462612214278127
2025-06-23,0.0,0.004758584629911411,0.004680262213917263,0.006086988929071779,0.00500728659089833,0.005503166789654568,0.005481887325628598,0.005852191378813876,0.006077256499068984,0.005054486099969946
2025-06-24,0.0,0.003151707198540077,0.007472017191523239,0.0061924932283041745,0.008287675120809634,0.006216630953968183,0.00732655743092403,0.004944545802278322,0.006664384560083558,0.009261572561025666
2025-06-25,0.0,0.002274206936271117,0.0017469839188197778,0.0046905276930320206,0.005043366608338262,0.0033157895223523415,0.003630480507835987,0.003636307325156185,0.004038309202600621,0.004212577375790394
2025-06-26,0.0,0.003450455491613491,-0.0018768708177058224,0.0003972566539658384,-0.0009953414538543814,-2.9928505612897283e-05,-0.000510786908613059,-0.0013960293609819319,-0.0021006369796722213,-0.000926680498208432
2025-06-27,0.0,-0.0006615508808800463,0.0013529200396735774,0.002336197052333233,0.0027360177630901816,0.0014139543807205612,0.003530842357927666,0.0020206696661966284,0.001575496843820412,0.004188871735384625
2025-06-30,0.0,0.007062614432845171,0.004612321191859614,0.00633553770217965,0.005795045424588974,0.006092584746631324,0.005484074197336097,0.004657460551371839,0.003427407242138969,0.006152441055021773
2025-07-01,0.0,-0.0007329660219954626,-0.0004059889094560898,0.0016118858221412236,0.0009607825213877597,0.0011599788652905119,0.0021506712521155436,0.0030849667602574904,0.002895414222067405,0.0040800209656053354
2025-07-02,0.0,-0.002396271842695641,0.0010459454978111182,-0.0015267989333949128,-0.0010908480160070066,-0.0008270162562078465,-0.000426392855577884,-0.00016535585220878168,-0.0018692518740024422,-0.0004912410627022634
2025-07-03,0.0,0.001011786993470487,0.002103094457674759,0.002050675276395797,0.0016055408755304423,0.002111840527617481,0.0018159353016506952,0.0009095150395181939,0.004661259500011061,0.0036821887953066845
2025-07-04,0.0,-0.002693047165786,-0.002885016134062779,-0.0032522509955168477,-0.003002130878700826,-0.002686181692606593,-0.0031038181864806447,-0.0036969992477453584,-0.003644225611971752,-0.0015922874187177527
2025-07-07,0.0,0.0008660946205523157,0.0022734278235094774,0.002619655893789208,0.002554604137813943,0.0044602656549799224,0.0032077390760074653,0.0031650306044439525,0.0033248426433283296,0.0031554351957536753
2025-07-08,0.0,0.004657108669559484,0.0065443347333107305,0.003989229533605032,0.005123364560808197,0.005326675469294884,0.004873288937528697,0.00417602158764252,0.005960671957860431,0.0053745143860288724
2025-07-09,0.0,0.0014135690583181315,-0.001298607520588857,0.0003203500724180408,0.0008097142210254926,5.463746929534885e-05,0.00028400951073614955,-0.0011062298898051326,-0.0007283410728983197,-0.003260502252037334
2025-07-10,0.0,-0.0007790843912017786,0.004075564272123522,0.002278696071518871,0.001934306231270444,0.0028625430347333225,0.0010958760845733995,0.0008989090484288198,0.0006869577882173683,0.0006558277337642693
2025-07-11,0.0,0.0017778174746989617,0.001940810202246901,0.0017037632383123391,0.001445701854125181,0.0007815135576769716,0.001400839146064703,0.002127089203339594,0.001047645053504631,0.002306589502963252
2025-07-14,0.0,-0.0013907446647115629,0.0009153324644737282,0.0009412009774942831,0.0010020838651718655,0.0015400550589677042,0.0020278795499284463,0.0017773575804953534,0.0017682612423528532,0.0011332732150088898
2025-07-15,0.0,-0.0050325784785468786,-0.0032451188160664834,-0.0032343517347046546,-0.004115225604039097,-0.003835069008618963,-0.00372079519656654,-0.005060732789748501,-0.004609831185031998,-0.004534506684600759
2025-07-16,0.0,0.0018008158784073025,0.00045634173168918046,0.0013038571947572297,0.002754308277777673,0.0018287338689300103,0.0014895252389444114,0.0021802102284993463,0.0015397501137022207,0.0014935944747309637
2025-07-17,0.0,0.003754969867902913,0.0018744141405437897,0.002869117946063815,0.0043135209031781585,0.0035629718040592895,0.004106458457618922,0.0018780957322446223,0.003983655164114586,0.0063623285792104856
2025-07-18,0.0,0.0018143974505062666,-0.00017502334076735515,0.002432052656485384,0.0001223794034796999,0.0005721753980347799,0.0015532852064104041,0.0018394218805080076,0.0016320016304436358,-0.0016734161817787419
2025-07-21,0.0,0.002376686348679602,0.004702907531227263,0.007186881145849311,0.007053956428122454,0.006677916985991628,0.006850836082122003,0.0070481102735560075,0.008157111964854025,0.007534167482839749
2025-07-22,0.0,0.0012598813573068135,0.0033115624004180777,0.003254757590967383,0.00226636219519194,0.00260571651549113,0.004019715614267394,0.003966890680421997,0.0030453415244457993,0.0060153897684454005
2025-07-23,0.0,-0.004381092055086078,-0.003116462109222451,-0.0038818609108393076,-0.002548821280074942,-0.0024696645611966828,-0.002109885425019442,-0.0035546303436314597,-0.005123705865557326,-0.005208787972888151
2025-07-24,0.0,0.0075221802815648164,0.0045478947809620696,0.005917124762959247,0.006087382791533091,0.005783151873921533,0.006071138693586775,0.0059599404290942015,0.005217661440297672,0.006958077834861243
2025-07-25,0.0,0.0018816872019482567,0.001161000649923638,0.0005082597277146217,-0.0005385104941056928,-0.0007607915476933735,-0.0001523616182957932,-0.0013714263559210238,-0.0009207013878058667,-0.0011786612719979495
2025-07-28,0.0,0.0006933913762627864,0.00024241031409033553,0.0022895456051810203,0.001919761638193851,0.0013466465619473844,-0.00020528662205776538,-0.001121723661411278,0.0014892866217159906,0.003242776814083248
2025-07-29,0.0,0.0014561416925520376,0.0022365537836543936,0.0014695099751438345,0.0012154965099513415,0.0016829514317309169,0.0005530801842827948,0.0008300597406161181,-0.0006397182554370717,0.0029278267439840633
2025-07-30,0.0,-0.0023446864148793933,-0.00169549583072659,-0.0005652672898140976,-0.0033576616769804835,-0.0002985702777238419,-0.0011219213268651718,-0.0005745920628588141,-0.00017942730077746827,0.0011301964844623313
2025-07-31,0.0,-0.0009663965270851893,-0.006069626437686937,-0.0053814904669574615,-0.005582877640955997,-0.006797128519194562,-0.008193502819260345,-0.007928541013923818,-0.007654799777266463,-0.009361764675905104
2025-08-01,0.0,0.00037196728308352967,0.0014722932436928016,0.002235926102990282,0.0029750564995070228,0.00038191949449406515,0.0008767492756291961,0.0028291600591603405,0.0031336206027337,-0.0026138339114883946
2025-08-04,0.0,0.004521290669462497,0.0038447558571133023,0.005828247966363831,0.005088240460542348,0.004139829873875289,0.0038607434303610244,0.0032514055623851235,0.004468173037117218,0.005798130436945437
2025-08-05,0.0,4.3185823198843565e-05,0.002913543565297827,0.005079733695464661,0.002886113396684653,0.004454725625492317,0.00447561961944376,0.00452333350442391,0.0038395584423469575,0.0064346955003256046
2025-08-06,0.0,0.006069214686670987,0.0036597762003844903,0.004094766701781882,0.0034772368538222853,0.0029905422101634827,0.0031150308530432103,0.002570954480142662,0.0030672937740277018,0.00394628131461916
2025-08-07,0.0,-0.0027378526952245297,0.00021928385546576834,-0.00024390926087125564,0.00041057510105169115,-0.00016421892682838557,0.0011410515293337475,0.0013673865314431932,0.001697336416040418,0.0019440980946601183
2025-08-08,0.0,-0.0007879424173513616,5.213912398116527e-05,0.001123160021754277,0.000986996855324218,0.0019984059908861873,0.0019214217778966702,0.0011875462501560463,0.0016400277275829822,0.002619454992327075
2025-08-11,0.0,0.003757320139852416,0.004433431583465541,0.006222365429089383,0.00621847880863835,0.0053734486555474525,0.0054044896496290296,0.004664991940698471,0.004935325102820354,0.0056476552988846684
2025-08-12,0.0,-6.721317589308828e-05,-4.5029957044917523e-05,0.0002019581707997098,-0.00016754232399318614,0.0006570749576892965,0.0026405195401766335,0.0011081722318966314,-7.905195611146443e-05,0.0032583402189243493
2025-08-13,0.0,0.007768152559122665,0.0009467715716442449,0.003016082991925906,0.0028094259675606192,0.0023012107660835834,0.0049616700377455025,0.0031234197441316613,0.006116282915064941,0.009990615155462512
2025-08-14,0.0,-0.003334604997879298,-0.0066943791150346765,-0.00792528587590946,-0.007929692299934343,-0.00803437609932478,-0.006956362416944528,-0.00794526886041913,-0.009055415848731818,-0.007673107704932902
2025-08-15,0.0,0.009311757883390337,0.004367704593490451,0.004948553105775133,0.009119721094910105,0.006901161115782317,0.00821968154705166,0.006475879429104658,0.008931888084924067,0.010947118139790879
2025-08-18,0.0,0.009279312612078927,0.004607136909496656,0.005105349814722215,0.0075193563530142615,0.005691629007692711,0.006911250733649954,0.0059038301145004635,0.004712584621006766,0.004349278905750209
2025-08-19,0.0,0.0010725110383280612,0.0003593292751111754,0.003244334815707184,0.0033574659308439614,0.003946289873707709,0.002678472922892583,0.0008666759450262074,0.002355235559305058,0.005823873076630237
2025-08-20,0.0,-0.003617799926354248,0.0024540320076815725,0.0033400314752980442,0.002995070645957165,0.00381580121623859,0.004652190208670026,0.006010061330302241,0.0062126768320074355,0.0036631048611712735
2025-08-21,0.0,-0.003537682956777033,-5.718232433826742e-05,0.00032955961127068,-0.000384439668675407,-0.0013081632551662503,-0.000556641165112115,0.00021293355023255245,-0.00023793253197557096,-0.0004470366837215911
2025-08-22,0.0,0.0039037209299739306,0.005288838225990133,0.0006456621264165907,0.005215132805731049,0.002588340573589365,0.0020018830650674335,0.0027961220198855496,0.004315194218617258,0.005005646185782142
2025-08-25,0.0,0.004283973337142477,0.005446307603790501,0.006452275617947922,0.005573399044935368,0.005716324842589771,0.00782506745191669,0.00594915936565088,0.008831171194776388,0.010058184938295911
2025-08-26,0.0,-0.002826413225236468,0.0006333567176084465,0.0023916619005515116,0.0017306104785430598,0.0012740840570060197,0.002200075562606374,0.0024643559694004225,0.002094200846045169,-0.000554511282113257
2025-08-27,0.0,-0.009945721585995715,-0.01016684342519858,-0.009378675861193564,-0.011096253396749467,-0.00979762512614446,-0.010159029492687432,-0.010392397377539164,-0.014246777912834019,-0.01463483689101841
2025-08-28,0.0,0.003147189198185796,0.006410384917098888,0.0029180877866734622,0.003513496103222602,0.004449709340900387,0.005099647365303106,0.0030796759661466666,0.006472284255828464,0.007642268357694659
2025-08-29,0.0,0.00162567853762563,-0.001231403724756941,0.0013764642972009522,-0.0008076765694168264,-0.0001911277037158765,-0.00044051649734055953,-0.0023055551216186743,0.0017372011487959416,0.0006809444031095069
2025-09-01,0.0,0.0032339321442151903,0.0035301190345435884,0.0055024382789468085,0.003504431973625044,0.00421107829213363,0.006454271305625481,0.006610097589069053,0.003213815079428084,0.008598143504304101
2025-09-02,0.0,-0.006829800292105226,-0.005104784209486124,-0.007391744065570416,-0.009277423156030307,-0.009327965980297837,-0.00858781878128434,-0.005875977313553493,-0.00961805152941797,-0.0066749308341267355
2025-09-03,0.0,-0.010682831112760915,-0.007775547779633185,-0.009100806961496177,-0.00733617245819973,-0.00829758861982699,-0.008564479395346547,-0.008260423480949242,-0.008532283134858765,-0.011420578336811205
2025-09-04,0.0,-0.005749449399233608,-0.0029522730560488375,-0.004555386426212671,-0.005203872390421305,-0.003782262147052351,-0.005778338204712408,-0.003392237933245501,-0.007074132341960526,-0.01021576006804048
2025-09-05,0.0,0.0070701360611074016,0.009080241884551254,0.008491860384338246,0.011089259634909254,0.009051227415061813,0.01053516598251214,0.009149775265947957,0.014137089415218851,0.016292978218793497
2025-09-08,0.0,0.005619087483866636,0.00378228402031322,0.0049673469175071094,0.006042446480049923,0.005313895904715427,0.005298217994838872,0.005989618568293498,0.005679718990692972,0.004109963418024387
2025-09-09,0.0,-0.0056779878299572095,-0.0008698901236025014,-0.00205666415476502,-0.0033729825670058,-0.003293761466823475,-0.0030151623879854927,-0.0031945026864863557,-0.0041583044751847265,-0.0074511656885444255
2025-09-10,0.0,0.0023101802183769227,0.0010408980002070134,0.00225344088488022,0.0022416642957010513,0.0022080374759154697,0.00276129403809966,0.0010957309680161842,0.0011586678241530812,0.003620091373683687
2025-09-11,0.0,0.004993745411284056,0.004593221707714923,0.006897778363853968,0.007994312106281987,0.006323286119166882,0.009118009257359727,0.007077620875188151,0.010933169025848732,0.011221709747301523
2025-09-12,0.0,0.0038720004726242596,0.0014304260746480502,0.0005384255103120239,0.0009312285072342608,-0.0002659987285339449,0.0005476269624420382,0.001059060994134997,0.0010978619808399426,0.0005813033560879699
2025-09-15,0.0,-0.0024204470959929836,-0.0023360340957474524,0.0006746346954151772,-0.00014874575334622442,-0.0008131077452073754,-0.001687898101929819,0.0015411982983579708,-0.0009109314382714784,-0.0032406667834570246
2025-09-16,0.0,0.0050214042280334326,0.0028975299400268995,0.005677656644927032,0.0038588162587369634,0.003901654579478553,0.004379299261394021,0.0030151214840439255,0.0047588291646758485,0.0069730558058171965
2025-09-17,0.0,-0.0012485004316133974,0.001968922531543349,0.000671078777863876,0.0014704672831749033,0.001684789041596968,0.0020540226051561916,0.000711527923774824,0.003012758611977473,-0.0014352967727189192
2025-09-18,0.0,-0.005103615985551868,-0.004365940757866782,-0.004383028961968849,-0.005017284521087184,-0.004686481561002931,-0.008094256833892866,-0.007585069166457292,-0.004914934082243749,-0.012535912697031804
2025-09-19,0.0,-0.00016797710780025454,-0.0010895447076869624,-0.0004182340449568889,-0.0011529797496380167,4.221197907705587e-05,-0.00022314144841273365,-0.0011880618972077706,-0.003955274722858615,-0.0011073104674514944
2025-09-22,0.0,-0.0030695261682883723,0.00043977111282811343,0.0002099446325991572,6.765654944551613e-05,-0.0002891036024774696,-0.001596203986193756,-0.0016307617799354857,0.001174159474722991,-0.0036725791312794964
2025-09-23,0.0,-0.0068545419490172455,-0.0050298497238912,-0.006843803109947921,-0.0064749243333085404,-0.005843744518097105,-0.0053796429000085855,-0.0038174992831345733,-0.004758681488589933,-0.009239397085122558
2025-09-24,0.0,0.0034570059733227687,0.005778190744212486,0.0061305670644324906,0.0074293989746456734,0.005591880482995526,0.005510840082980639,0.005558058431280655,0.00542740927419616,0.007465873717662719
2025-09-25,0.0,-0.0009609114417459264,-0.0013156165681603715,-0.0007445328508726146,-0.0026570388498378117,-0.0023833540111530827,-0.001453387721282895,-0.002732239787755275,-0.0033911391776701993,-0.0023558967156178667
2025-09-26,0.0,-0.00151801989658229,-0.0024934160686106432,-0.002626694320173928,-0.0037023868415304584,-0.0032903705152649287,-0.0030530653834739407,-0.0019406281161733485,-0.0039544286069841394,-0.004458121752390243
2025-09-29,0.0,0.0013644300526398645,0.003621690064641525,0.004723914074314051,0.005514945932041382,0.0032511260794310104,0.005394832511896874,0.0051398912484084125,0.005317115051013621,0.009991356037439836
2025-09-30,0.0,0.007622397171238804,0.002732877535105427,0.004084346071167699,0.0024870990149272743,0.0019362308788977156,0.0028025055540248367,0.0016901041757029223,0.0004830701460127873,0.0030880459722988363
2025-10-09,0.0,0.001871661337164987,0.003955085910574363,0.0032427540248993747,0.0038220717439212404,0.004684504968095471,0.005055424276050324,0.004428809230731634,0.005632558010750799,0.007372590714475935
2025-10-10,0.0,-0.002792592326717358,-0.0015273523650916054,0.0005863778765653471,-0.0009073871741992479,0.0009236048382945672,0.0009559380385473215,0.0006136938841554418,-0.00033007808010809825,-0.0027411628738923666
2025-10-13,0.0,0.006306493110376898,0.0003303334418021109,0.0005099874818212946,-0.001315807457664686,-0.0013908733744780744,-0.0026097005975754817,-0.001483483063152935,-0.004679860153108839,-0.0015450668651926236
2025-10-14,0.0,-0.0021675765393663893,-0.0021638553704783625,-0.0039109281264312346,-0.0058964330534477805,-0.004028464776159035,-0.006021595384001932,-0.0029759060282702476,-0.00656392944398565,-0.006562944398680659
2025-10-15,0.0,0.0026321258422947746,0.00621444393602455,0.006200331592200126,0.006135613535359852,0.005589628128944479,0.007419368699016493,0.006019739604164354,0.010292061676476338,0.00970932785921308
2025-10-16,0.0,-0.0060898039062663445,-0.002009809967145504,-0.0034565662796510743,-0.004448637043001025,-0.005010660478509399,-0.006439829712382772,-0.0037046675087417658,-0.006982161267914178,-0.00598666611582388
2025-10-17,0.0,-0.008135686273943343,-0.007376573009434617,-0.010392195016309058,-0.0118027208173489,-0.00972069669582798,-0.011028725411996954,-0.010243180887445136,-0.011329361187376819,-0.013122032584145016
2025-10-20,0.0,0.0011957154254507163,0.0044831322049514455,0.005501424682388789,0.005806096422370066,0.004708052100606874,0.006287492261911387,0.005564281506238222,0.007210422936805072,0.0015621258154663309
2025-10-21,0.0,0.004488465631939498,0.007378504273867659,0.009435321706170008,0.007383347861495082,0.007577312697572447,0.01128124798462471,0.007613551887748926,0.009534839623070557,0.008090660905422986
2025-10-22,0.0,0.00033985162440375305,-0.0005367117780298303,-0.0010923277988149627,-0.0011080065315945964,-0.0007781673214626306,-0.0012300765868047403,-0.0004140094265147054,-0.0009750674189865638,-0.0025793776789416745
2025-10-23,0.0,-0.0021762200280698307,8.180675358659961e-05,-0.001005210744640661,0.0008280622896570389,0.0010543610719617735,0.0011403815940982387,0.0011852887527257217,0.0021105412783404276,0.003149365830253714
2025-10-24,0.0,0.0020955902677364247,0.0004133424763539395,0.0010737421691584537,0.0026810343618255406,0.00116853174244258,0.0032980669875042334,0.00025055889297487255,0.0038755141765141055,0.005132033188891549
2025-10-27,0.0,0.0022814511783564306,0.002582376240547024,0.003184694382612152,0.00425366770875768,0.00470028785487786,0.006681685678715299,0.0036280371461165917,0.004696570993865334,0.009234852377614233
2025-10-28,0.0,-0.0007986340972038208,-0.00033415165126748914,0.0010766523008263196,-0.0003241111069868241,0.000931599224062829,0.001109539508940438,-0.0004642179566044513,0.0024073747512796118,-0.002405282188355784
2025-10-29,0.0,0.0008099844270021972,0.0030229474311873616,0.0010524065653283454,0.0026391054943644132,0.0026275454671742526,0.004809490634387181,0.0037440986617702787,0.005936002794832973,0.007929655108214417
2025-10-30,0.0,-0.002773616633886422,-0.0023988588967884805,-0.006254344989886751,-0.005434642737116024,-0.00591254999839641,-0.008147953594154766,-0.004727781460424629,-0.006952149112994577,-0.005006560576977459
2025-10-31,0.0,-0.0007049397844992589,0.002896448173473898,0.00244945705897881,0.0030846369638330984,0.001047957752943418,0.0024481695589293473,0.0040340934021256825,0.0006977769711449255,-0.001806254368254545
2025-11-03,0.0,0.003507984804459463,0.006043496189662267,0.0028852550411559985,0.003672545896338475,0.0038830269082619218,0.005695476507179942,0.003941757743927798,0.0016292322375475177,0.0009389248805584671
2025-11-04,0.0,-0.0025651251493328253,-0.003373217713618648,-0.0027044490685503852,-0.0035012106066426574,-0.0022527421746934007,-0.0026683968915062195,-0.0029881438680492423,-0.002243148316294019,-0.0056042920406493835
2025-11-05,0.0,0.0008324029169453073,0.0034470649032196654,0.0033712719950960146,0.0043060275501767276,0.003394013763287518,0.005423598859648715,0.003476258448707581,0.004926208403232657,0.006812311175631969
2025-11-06,0.0,0.0004778195172194799,0.0011820879147252938,0.0008237623863172061,0.0030278449843030852,0.0026539125111078032,0.0025325106347022786,0.0035723111878755986,0.006141196073418342,0.005280978107234047
2025-11-07,0.0,-0.0013937824420469092,0.0010174334003785201,-0.0010915190939729813,0.00018255593472082943,-0.00024389502447441647,-0.0006471542458125201,0.000799982774163821,-0.0006676657164771393,0.0004552776924360291
2025-11-10,0.0,0.003432229851595414,0.0014650661096675677,0.0025243419483083063,0.003407599537342376,0.003611310426492098,0.00347876116428969,0.003917021479497018,0.0036776952155090914,0.006106331320687497
2025-11-11,0.0,-0.002215149380357162,0.004218196428561027,0.0012440368470378882,0.0013619328490741545,0.0008281583467619757,0.0006450569906295556,-0.0001637414573134599,-0.00016508474511012228,-0.00238572941670967
2025-11-12,0.0,-0.0033954994680004402,-0.004378108757641219,-0.004900249864198791,-0.0024416318947525495,-0.002370324056790385,-0.0011779412933410338,-0.0013968170433811267,-0.0009796244990900593,-0.0019961421312851835
2025-11-13,0.0,0.003310407555225048,0.006038272602633343,0.0047462820251154,0.006730527895214111,0.005322789585592069,0.004637914063476023,0.006481814309705181,0.005262294205336415,0.00947592778338402
2025-11-14,0.0,0.0006788595060505109,0.0004941090289043437,0.0005756069178233236,-0.002458505599594041,-0.0018223469216009924,-0.003288515620802235,-0.0033708039004820556,-0.0015523609709700015,-0.007538078058480946
2025-11-17,0.0,0.001854203668204324,0.00393521886117143,0.002853847010750199,0.0011544209965725916,0.0013108013300140442,0.0017110465789653695,-0.0002634794893124903,-0.00031727907019463153,-0.002572919791208439
2025-11-18,0.0,-0.005055314929675259,-0.00733288757477446,-0.005706324955689457,-0.007272396615615073,-0.006775065470196684,-0.005821929258208569,-0.007509184190911844,-0.006744224760282358,-0.0063223125512064104
2025-11-19,0.0,-0.0032324407142806377,-0.008431692972365679,-0.004322011404347625,-0.006812321696522683,-0.003962179473739003,-0.0031728196965664646,-0.003789252190370518,-0.007150167981050171,-0.000835372396911116
2025-11-20,0.0,-0.003511618142365114,-0.0026342688100412515,-0.003045289800061135,-0.003979404056548175,-0.0036576751683741193,-0.004155239940464517,-0.003299130826901253,-0.0017373167674804568,-0.003684458992623707
2025-11-21,0.0,-0.008158494022585838,-0.017148380874858593,-0.016898123163492595,-0.018209980989948193,-0.017232022740904185,-0.02163418673848594,-0.020144895407103958,-0.023671297244917233,-0.023135914205721475
2025-11-24,0.0,0.009517489043222138,0.004674978466164825,0.0077745094032677375,0.006777978683016661,0.005600845108872932,0.004982987396673133,0.003967249658558103,0.003103422163744707,0.0014896181041639256
2025-11-25,0.0,0.004582150849149924,0.005523660268735631,0.006058648994913929,0.007854295699082359,0.006405363031561473,0.009149666831814729,0.006358373027040898,0.010374158729727911,0.007957156577222957
2025-11-26,0.0,0.0014924100997237844,-0.0033519486329790515,-0.002850353176268805,-0.0006745518056346933,-0.0004320384725206017,-0.001295396147475536,-0.00014035939018886,-0.0022234714241597953,-0.0005603878981091936
2025-11-27,0.0,-0.0014532167316249067,0.0009967760896405498,-0.0013321507238961416,0.002198677621699119,0.0006145984394114734,-0.0002689738350912796,0.0006634539607623946,0.0002116944004231236,0.000562511197018889
2025-11-28,0.0,0.004130576473019509,0.005209809739986193,0.00728995325997972,0.006966771097276281,0.005338602845118334,0.008150697993681844,0.006472695031124909,0.007547155148871942,0.005564970922125934
2025-12-01,0.0,0.002185631747689376,0.0012187198913660158,0.002628139638997995,0.003081452838147536,0.001822318784564958,0.004463217780851236,0.004157031313354764,0.004975307416803076,0.008716111440991492
2025-12-02,0.0,-0.0034518929061259085,-0.0023942770174174566,-0.001224432495311567,-0.0008239118015864744,-0.0011077244695182342,-0.0017536734714641566,-0.0011244479663204965,-0.0013816336178585908,-0.002336471754512681
2025-12-03,0.0,-0.003822832953092825,-0.0041221503808288595,-0.0038693411867339877,-0.005252626527647242,-0.00180356345393351,-0.004890521189870323,-0.0037000379500936598,-0.001605394825905715,-0.0020210707635814895
2025-12-04,0.0,-0.003793190506063082,-0.004259905504719219,-0.005379655303238695,-0.0033780069998384787,-0.0026768589068216775,-0.003429901667392765,-0.004074298654178188,-0.0043410442249891545,-0.004652083780386618
2025-12-05,0.0,0.005947361607058221,0.006724875515058626,0.0072044773594341915,0.007591148424333616,0.007113285611081599,0.007216148604519468,0.0062874148264340235,0.007172615799031501,0.009486280972563543
2025-12-08,0.0,0.005266809979544762,0.002902614641714374,0.004790908881618705,0.0069848897711903835,0.004235632361495156,0.005368408438082728,0.00467945557422933,0.005239841783341914,0.0035321662174676582
2025-12-09,0.0,-0.0012641280383618447,-0.0019462916190466917,-0.003086963668811671,-0.0033261837959918106,-0.0025127811214757934,-0.001887857154561634,-0.004798800715098084,-0.00355744496859689,-0.005585787053766111
2025-12-10,0.0,0.0009522472423229011,0.0017688947085165996,0.0020479783774967064,0.0009377718320755513,0.002162949267564329,0.0016276655546172414,0.002493221350450492,0.0010692424803036005,0.001372184295302059
2025-12-11,0.0,-0.005029811784764471,-0.006012955454836932,-0.0079781242840673,-0.0072986674997498335,-0.008133795303506441,-0.010155069024884944,-0.006820316759961642,-0.010210644911891609,-0.008362402008273762
2025-12-12,0.0,0.003989224369024269,-0.0006732075351143507,0.0006480132391495363,0.002324338230918821,0.0017645897140690092,0.0004525746835741806,0.0024129144821196657,0.003589103478573552,0.0014088024033711566
2025-12-15,0.0,-0.0010954442283723775,0.0007252798231613955,-0.0014547703831931935,-0.0006512052174770799,-0.00039262542977291925,-0.0006631916643092817,-0.00017627825348953685,-0.0007982357827516218,0.0022917070966073094
2025-12-16,0.0,-0.0041567284324516285,-0.009434816478180563,-0.008174528121121516,-0.00826151356003857,-0.007140226112831938,-0.009089049759473888,-0.006310780678434713,-0.005558883979044915,-0.011439177777524234
2025-12-17,0.0,0.0025749940973944785,0.0023682353590581684,0.0023475251761402305,0.004319367093040816,0.004048878226324826,0.006702469387341425,0.004119298332615484,0.006398979695086071,0.006519894328790743
2025-12-18,0.0,0.0020335142706557896,0.0005010096728303992,0.000933025060658732,0.0011791895386417117,0.0011477982210730264,0.00030490272251881834,0.0020469895897401447,0.0008012462870203851,0.0011480928301552673
2025-12-19,0.0,0.005914167597034892,0.005683712344977776,0.006944151089372186,0.00722083431031062,0.0072145372400260754,0.009032589717677286,0.007246500611848505,0.00930973450624828,0.00913491364043284
2025-12-22,0.0,0.00013390127074131009,0.004380242493722042,0.002282374962019773,0.0029307157975131393,0.004072575948685264,0.00401446842752784,0.002953404885045252,0.00669907262415359,0.005049613226552729
2025-12-23,0.0,-0.005776490307356941,-0.0007890970635571204,-0.0041774697536777206,-0.0019181184705768795,-0.003120302467665037,-0.0023041810340330704,-0.0023183097350729653,0.0003059151662381243,-0.0032991031591891318
2025-12-24,0.0,0.0038818384314445176,0.006938875324403737,0.006534351119498183,0.007401342948562428,0.005674075310234894,0.006800472236757615,0.0055580301140460975,0.00690666719036237,0.0034724064328013338
2025-12-25,0.0,0.0043198711074128315,0.005272710825663607,0.004980756743921511,0.004372106817546628,0.0035670989135023756,0.0037539232606307316,0.004161456873198688,0.0030009503084516,0.0005911500310324946
2025-12-26,0.0,0.000608321671161649,0.006870631990415266,0.0025212497087307995,0.0003417346921135156,0.0005158701138114896,-0.00010254598315861951,0.0021063536179568576,0.002018649895402902,0.0029139818246850524
2025-12-29,0.0,0.0030870839604439926,0.00016325891165869244,0.0018076196541501055,-0.0011114901998872107,-0.002004102064501523,-0.0018191210318100337,-0.001933795147584516,-0.0039021744523662916,-0.000504029288327601
2025-12-30,0.0,0.0028935212393499388,-0.002583482016423666,-0.0018015994800748558,-0.0011233280202518348,-0.0022650258260591416,-0.0003780642984614335,-0.0011556323194549245,-0.0014657853221422545,0.0011924699937007066
2025-12-31,0.0,0.006124858536113109,0.002822112999558035,0.002794253073667985,0.0004315678249446897,0.0010713971848286263,-0.0007938523286473709,-8.831608273329739e-05,0.00031375256586629874,-0.0006444864797050531
2026-01-05,0.0,0.005390428946868697,0.004141338981103138,0.006917341845812386,0.00811386897877675,0.006487378845013492,0.0071202416361317855,0.0067762552210481886,0.0072043335663372066,0.011902178553991671
2026-01-06,0.0,0.00838175962217913,0.006071623316231012,0.005727600393856447,0.006757259466747767,0.006736971437701023,0.006804668278367565,0.006938973163244544,0.009156630768216267,0.009555179616206777
2026-01-07,0.0,0.006136144624339757,0.0004474313022060361,0.0026871832636869986,0.0017128779180684006,0.0023815838164071845,0.0031906349160437664,0.00041053741530117094,0.00025438806528210733,0.0004054529245263172
2026-01-08,0.0,0.011510545456734356,0.005747465258817863,0.006840333530080178,0.004892433283991027,0.004090353460287188,0.0020140982700389554,0.002408788747720214,0.0017858890214987877,-0.0012303329566462073
2026-01-09,0.0,0.008350464100098876,0.007227162994398517,0.006496123744069937,0.006945004516932585,0.0067852154683376575,0.00850170931500438,0.007129309428899333,0.010032145529171421,0.011140764522879154
2026-01-12,0.0,0.012722419142658037,0.013291633699898497,0.010990645913619757,0.012204396836642095,0.010184067939381425,0.011794544510275395,0.009375719073791755,0.009605697089553944,0.0065604963693775
2026-01-13,0.0,-0.008220604111111252,-0.008463859275843144,-0.009766641105167229,-0.006173161935954297,-0.007151672428147959,-0.004395951567887746,-0.00599732477437398,-0.005843359062579823,-0.0017780976342423038
2026-01-14,0.0,-0.0016797664564920378,0.0026990075677231218,0.0020686313966209458,0.002109084051158394,0.0027097295202611615,0.0051605074580540755,0.0009251762628470495,0.00668120560959351,0.006244567621699337
2026-01-15,0.0,-0.0008015992942960182,-0.009651482389500199,-0.003251417960015268,-0.003131347798530859,-0.0020895762716766075,-0.0019318980108647965,-0.0005706381860933751,0.002189250509737617,0.002588118133873607
2026-01-16,0.0,-0.003205015067296868,-0.004819831454325962,-0.0023083857692007825,-0.000982369322469978,-0.00104610845137465,-0.0009278388839656371,-0.0009627163407909256,0.0005631340799798767,-0.002500904146051086
2026-01-19,0.0,0.003778559167582296,0.006146221929557827,0.005165534274860217,0.004053245152800367,0.005369443139362495,0.006458044905227833,0.0069396179846665795,0.007465264853398379,0.00921838415134646
2026-01-20,0.0,-0.009598561622710222,-0.005235692033216721,-0.0034476865824047964,-0.0035678758510121478,-0.0006272337710405695,-0.0009612168174485403,0.0016616397611470823,-0.001666490410459076,0.0015613014962228
2026-01-21,0.0,-0.003349319893713787,0.0025118266683594737,0.0024921314150669893,0.003487725320298729,0.002524489262716534,0.005603972798042811,0.002184707785385598,0.0042836241010397735,0.00430312490672935
2026-01-22,0.0,0.006213854453859469,0.006829778235342365,0.006254303908442838,0.006421134130684347,0.005887375297655595,0.004868511456104452,0.003628538979561391,0.007724633066350517,0.0019027214850442231
2026-01-23,0.0,0.009569285634859925,0.011629842872280527,0.0085404883037421,0.006549363901135807,0.00672894596710738,0.005705696417972694,0.006437848064607898,0.008594377720279489,0.007879388316198721
2026-01-26,0.0,-0.0065303231237537895,-0.005861897646082692,-0.009257148155730421,-0.00665975325320467,-0.004839682852321392,-0.0047540256936460246,-0.003396603511327534,-0.005210422298111084,0.005106953936923286
2026-01-27,0.0,0.0004435725205047536,-0.0002513177344282136,-0.0007229709423411945,8.997365685781133e-05,-0.0006796691111170539,-0.0019799163930278585,-0.0008702086293005395,-0.001178128436364112,0.0006900835959491314
2026-01-28,0.0,0.0026856444284046876,-0.001929422358259436,-0.000772540751315054,-0.002275891386345763,0.0019952243103527056,0.0006672953510213908,0.002724129920411933,0.004859092968263923,0.01189989022273985
2026-01-29,0.0,-1.4747150938743125e-05,0.0012765663587113174,-0.0020114934070867285,-0.003241884406494977,-0.0013398012527585657,-0.002202805964971244,-0.000876689767484895,-0.0026301785514541987,0.004914157481775483
2026-01-30,0.0,-0.0007842721341750902,-0.0038271729649284048,-0.0018159117466454155,-0.0022410902098973784,-0.0028006783399362467,-0.0027036733904504118,-0.0029640840308692296,-0.003142712614360721,-0.011704086517634438
2026-02-02,0.0,-0.006017814724719295,-0.011835463414548553,-0.01045432119675438,-0.013245931546745804,-0.013959566529446077,-0.01620581481573058,-0.01805949672886198,-0.016126135687666854,-0.02390014135793761
2026-02-03,0.0,0.008228362838898606,0.010195970750224825,0.011494590275303862,0.014418114693206086,0.012053753939554657,0.01203625365410499,0.010661836601760788,0.01226038038184396,0.013077272798688977
2026-02-04,0.0,-0.0009261665674370478,0.003847358883810603,0.0012588106900153218,0.002614010276065004,0.00405194711264234,0.002126970206542067,0.003400240900348628,0.003469635917366487,0.007928505620960147
2026-02-05,0.0,-0.006914607771695613,-0.005387240662298454,-0.004026192827359165,-0.0049493646255933665,-0.0044838276623826445,-0.0051035342749130574,-0.004489812366308521,-0.006477729549058342,-0.012927674769652842
2026-02-06,0.0,-0.000486906143027932,-0.0003125560408990813,-0.0002157917444317592,-0.0010991176610503084,-0.0009893484552645493,-0.0013855448313507823,-0.0002696509811312975,-0.0008937160074561357,0.0006576582726312008
2026-02-09,0.0,0.012022347112568,0.009141854310049435,0.009664335555371384,0.009976242333121554,0.009559339831653801,0.009839747657376163,0.008156395018355411,0.007820509739804082,0.008452666006665943
2026-02-10,0.0,-0.0035590334972691595,-0.0006066600185552495,0.00027707840396584693,-0.0006207528804937912,4.693203978312077e-05,0.000800181638766162,-0.0003156173914050653,-0.0004105108853549311,-0.0013658931593557577
2026-02-11,0.0,-0.006405311869556618,-0.0018934784179635011,-0.0009012117728086633,-0.0003956007476209056,0.0007871457904091717,3.0639016772138206e-05,0.00020784068834012182,0.0023752121948961147,-9.832285535826824e-05
2026-02-12,0.0,0.0006650424240723929,-0.0009898863633535093,-0.00017439280336495333,0.0006848526182967607,0.0006765615116632873,0.0001559013312260049,-0.0007977263195974027,-0.0012183899989752778,-0.00019424783752897135
2026-02-13,0.0,-0.0024344348134698324,-0.0022013831689986496,-0.003032105708371202,-0.0038667828021580197,-0.006381520838577681,-0.006941785745006701,-0.007411804387025045,-0.006619943542856999,-0.007938538150227714
2026-02-24,0.0,0.0021203885275216106,0.004262841072997237,0.005663563268702765,0.008078800432171018,0.008368233523153856,0.011500897462663362,0.009424587177401467,0.01450832819887471,0.01701580643030498
2026-02-25,0.0,0.00910377086142189,0.008918538661076836,0.005958133857906223,0.006069459716046444,0.005405470081901065,0.007579280873455385,0.006807975250171516,0.007938404041361036,0.013503886123944486
2026-02-26,0.0,-0.0012364280010044304,-0.0007299152982997992,0.0024438951006979792,0.0031845286406220197,0.0021771685909135474,0.002925916899198633,-0.00024256590647053766,0.0037533988216791325,0.0032991847649121997
2026-02-27,0.0,0.004738276592179735,0.0061968611499583215,0.004803174676806243,0.002762296428491684,0.0048847386123220815,0.004240136405236239,0.004795782792965442,0.00624868382418553,0.011281734222583717
2026-03-02,0.0,-0.005403007155087014,-0.001042085152776151,-0.007108764338321749,-0.00693473930671662,-0.0025380480239811654,-0.0018056575666425267,-0.001718042227617289,-0.00305204315495744,0.002179021335268372
2026-03-03,0.0,-0.01909606256453633,-0.013924668614967772,-0.02052053680819832,-0.01936928693747808,-0.015310236121198972,-0.0152742430959798,-0.01289233163512249,-0.0166998481164361,-0.025171498191266406
2026-03-04,0.0,-0.0018723413001702216,-0.004972309666082753,-0.0009674544083428938,-0.0026332189887379176,-0.0033313685571377816,-0.004129868142184856,-0.004287689418979723,-0.002447018965866299,-0.0017871891635844461
2026-03-05,0.0,0.0010246659207122644,0.0038431974078989573,0.0055976870576959215,0.004083196649334431,0.004460304489699141,0.005239404159981698,0.00456575336993259,0.00426736106410841,0.0005589439568631782
2026-03-06,0.0,0.0019165749998326653,0.003936609629844989,0.006427115165277719,0.007468232788145457,0.0052305807780552716,0.005844763481578363,0.009971824385602623,0.004612333904446153,0.00492441696118151
2026-03-09,0.0,-0.004652631686953401,-0.0028462935125992406,-0.0030057544173347495,-0.003409026350038924,-0.005361274183681486,-0.0051883638724413705,-0.006218180432087328,-0.006608491695040408,-0.006868723199577875
2026-03-10,0.0,0.007595411201059887,0.004999959274232468,0.008562149122369078,0.009807447319389428,0.007950613727958578,0.008685229793232274,0.008743784699241308,0.00603749854993052,0.012179566797569263
2026-03-11,0.0,-0.0035186731598902954,-0.000572803801651034,-0.00031280762108576443,0.0007455829363076649,-0.00024214290184310094,0.00029262197923829447,0.000901481012441474,0.0004069577893401899,0.0012910427127361679
2026-03-12,0.0,-0.0041399606376850695,-0.001345114538651826,-0.0028667808966162944,-0.0018711453553647006,-0.0027040471365156193,-0.005237431501063927,-0.0031905546317643196,-0.001548098565649525,-0.006076624106675199
2026-03-13,0.0,-0.004835542901679202,-0.0034500553934865286,-0.003722085927767904,-0.0055038319673824665,-0.005530923431858681,-0.00612427148973127,-0.004761432335419924,-0.005096782283111279,-0.012708823377815981
2026-03-16,0.0,-0.0038249869822900573,-0.00132280062197776,0.00077210627143387,-0.00043466647573764394,-0.002720550283937473,-0.000825642769611501,-2.9800442331362476e-05,-0.0008596206755678848,-0.004161302255557664
2026-03-17,0.0,-0.004861940058129122,-0.006793439007502955,-0.008059035909020129,-0.009608938812237122,-0.010871288675438517,-0.011099571663936936,-0.00761518096636149,-0.010213313217692588,-0.013778043266066242
2026-03-18,0.0,0.004592486723442146,0.0011717917271547584,0.0040703951878291456,0.004936479545869732,0.004627219827016971,0.004542593184431176,0.0038612549672982777,0.003454807970202589,0.004677574049201327
2026-03-19,0.0,-0.007880248347167496,-0.013901935205111737,-0.011874978314820761,-0.012438153091446469,-0.01146637319695365,-0.014362944665154198,-0.01237552397304753,-0.014761437979352587,-0.01910875241606591
2026-03-20,0.0,-0.009994828138040868,-0.009042947963946113,-0.012105299404240766,-0.01124915564551865,-0.009413006432811177,-0.00994523874069908,-0.010958088146747924,-0.01276823354515233,-0.013093096298927742
2026-03-23,0.0,-0.014454699400445747,-0.017349989331785776,-0.022552110118283175,-0.025146450970223833,-0.023147445939522893,-0.028296803600332043,-0.026923454800147684,-0.028662291852096122,-0.03467819876297529
2026-03-24,0.0,0.007850280161580514,0.011899799876875505,0.014629852666249832,0.017068945064816043,0.016321279089179352,0.01838975284084632,0.01838722568540252,0.019580507597992458,0.021411443219763404
2026-03-25,0.0,0.005738274106781738,0.007416903443489442,0.010795501162433663,0.011853174389009125,0.011815899296841792,0.012087818614568757,0.014158833249684921,0.014624463135004095,0.014043956628404963
2026-03-26,0.0,-0.004429087044699576,-0.005358858854976556,-0.006495448200831144,-0.008148914040472133,-0.005259685772223022,-0.008781153251933738,-0.007660834658181348,-0.006991677124787432,-0.009865571557806652
2026-03-27,0.0,0.002674560384808622,0.006193699065243141,0.006334679690697564,0.00579630447707391,0.006943754744997088,0.006673969449998651,0.006240857176186054,0.005149035620893416,0.006271726927505883
2026-03-30,0.0,0.0030802371731668554,0.0024248225500225207,0.004828781127286685,0.0021341827025456173,0.003814413842188058,0.001614182818527654,0.0018042932010617907,0.005560819874397938,0.004516920376186118
2026-03-31,0.0,-0.003711476117141621,-0.007092909358035748,-0.00754634988078029,-0.008439508988153821,-0.0068869171417893504,-0.008568607817847518,-0.007829276718981593,-0.010881722374772251,-0.010226924510145063
2026-04-01,0.0,0.0031811298840920266,0.006662419198266933,0.0075172382365076285,0.008377028801757502,0.007250383510307712,0.008530190243292823,0.008882875292420378,0.007239768622119058,0.01129684465853642
2026-04-02,0.0,-0.008039965601946975,-0.006786549253537499,-0.006671262501015129,-0.00761081445853018,-0.0062179205093947365,-0.007816655196591471,-0.00481418049969784,-0.008275515390513966,-0.008914250459978068
2026-04-03,0.0,-0.009256297381364353,-0.009362222419558974,-0.009061106739872815,-0.00874446854221711,-0.009226430720328915,-0.011123909340012506,-0.01068503430165657,-0.01122922582122321,-0.009654858491368379
2026-04-07,0.0,0.004363834702854064,0.004988465430758815,0.006312540748083739,0.008102707038201595,0.004813309955978173,0.006950194182641978,0.007672052441174415,0.00728379631124354,0.007026744550587827
2026-04-08,0.0,0.01469764074258717,0.016037051575132022,0.017311318510698337,0.020287190130593435,0.017703743426264573,0.022228379477700067,0.017888719983955692,0.019973503691118832,0.02673059409636913
2026-04-09,0.0,-0.0028719152047922414,-0.0016250404291546783,0.0005003703999870712,-0.002913506366324703,-0.003191114378035098,-0.0034769248585707624,-0.00652685688539445,-0.0032220354703186294,-0.006801830127844299
2026-04-10,0.0,0.0031699452959494945,0.005671701707662624,0.0037447152282643614,0.0030165188717630187,0.0019122570041405496,0.003424937364411962,0.0009315157382114858,0.0061498267526558514,0.0009292056774725665
2026-04-13,0.0,0.003857454839256924,0.0009738820910203394,0.001443712642576589,0.0029646929461688565,-0.0008848584664891135,0.00037420883715943987,0.00010961094170847119,0.005285593685392831,-8.788425999362026e-05
2026-04-14,0.0,0.0062822026805435804,0.0038315085124041026,0.005578156546315993,0.005265395864381794,0.004120815363173991,0.004649588986459063,0.005470946390362608,0.004472221918083719,0.008869482817320362
2026-04-15,0.0,-0.000801619851423907,-0.0010427169941783498,-0.0012855568509798632,-0.0030232981580631257,-0.0020088852823089143,-0.003345602155767513,-0.0009310312566187529,-0.004211173313500405,-0.00490009144477932
2026-04-16,0.0,0.00901178102949829,0.009275778571830706,0.0069459711319663775,0.008034219406436671,0.007810994655917725,0.010068708750339717,0.006436865841885853,0.00855626702710044,0.0098620817160473
2026-04-17,0.0,0.003489753745941515,0.0007475857511751727,0.0013911097499346159,0.001921787232423533,0.0011208313828925398,0.0033483585760683,-0.001791643000381482,0.002645012371598421,0.001940017889334067
2026-04-20,0.0,0.010738887267065733,0.003917341682311504,0.005702817074814126,0.0038300921471787763,0.0055164915826422245,0.004374436358507872,0.004679211925280313,0.005222303123665117,0.001603258020396403
2026-04-21,0.0,-0.003057251112607462,0.00024543949037370005,-0.001855609598488961,2.2248289532900145e-05,0.0007655801294905729,-0.00028582737339899467,0.0015324851487401592,0.0027815041394312345,-0.004837349840404959
2026-04-22,0.0,0.005539298381250113,0.0034859394553090617,0.0016725577816141257,0.004404478342203699,0.0031329972308935528,0.004787011442042521,0.0020107577144181654,0.002827597110647062,0.004294591770158673
2026-04-23,0.0,-0.0037427917865785476,-0.00471880722868423,-0.005225897662503698,-0.005556220160141012,-0.0056477557758581876,-0.0034921968295933414,-0.0037568802722794947,-0.004421292477150174,-0.011559597300811686
2026-04-24,0.0,-0.0024112037960101196,-0.0025254855570461254,-0.002093544169197936,-0.003516799993600328,-0.005076769853501806,-0.0051797462587162,-0.003882956100102919,-0.004976806590971106,-0.001067144133076292
2026-04-27,0.0,-0.0008644662510663981,0.003620336115820244,0.003928399151043704,0.0037031868250592126,0.0035799891268331052,0.0013400864276686963,0.003194571595712681,0.004551276317685815,0.0030801708014529527
2026-04-28,0.0,-0.004406217660407941,-0.0027139062750726195,-0.004297657798341792,-0.003714799159151405,-0.0029687160054246986,-0.005303804931237055,-0.0015315735196562708,-0.006327074068623095,-0.008234407659810206
2026-04-29,0.0,0.0020238810649031436,0.00725766088130575,0.006891637130106654,0.008448077852318159,0.006448605626426129,0.007858072087754575,0.006790686371564547,0.011967856846598846,0.012114479049162297
2026-04-30,0.0,0.005701808516799689,0.003415801209841085,0.001988807751285515,0.0014818463617274347,0.0007178329497312674,-0.001375671251013233,-0.00010487736622788457,-0.0022296360275965155,-0.0007419083868677179
2026-05-06,0.0,0.0032385256343521185,0.00830535366571028,0.007944696653725325,0.012451116076765523,0.008790384807254803,0.009792367738665098,0.008923973567716015,0.011516555404923912,0.005670741582704419
2026-05-07,0.0,0.0059085303861632354,0.0032327522110653373,0.008906325040731522,0.0065237969949980545,0.006159262520549991,0.00838843303162573,0.005812330515456932,0.007059831541382566,0.006054308234281658
2026-05-08,0.0,0.0032363607802623484,0.00640259257365372,0.008437220047721405,0.00696528429099641,0.005375934746667532,0.004282211821823978,0.003265584391143328,0.004720972404250512,0.006940981284362824
2026-05-11,0.0,-6.001745401440495e-06,0.004881183535745848,0.006062342037795432,0.0051506526121614105,0.0071156506363541094,0.004072528270264497,0.004148975194633087,0.003992876407828971,0.0022863419156304854
2026-05-12,0.0,-0.0077920160185617204,-0.004113876347197287,-0.004106880388360157,-0.0037732814102247048,-0.003457274079675887,-0.003221243145317465,-0.005117017899369469,-0.006431051337555949,-0.004282047618899609
2026-05-13,0.0,0.001804943169221751,0.0020144629088680865,0.0037691850705243723,0.0070784575553290985,0.00609618882869567,0.005295974697832273,0.005529645091373547,0.0038293048829003418,0.003927695667374609
2026-05-14,0.0,-0.008339878032384784,-0.010470917392683576,-0.009151170766030337,-0.01020907893329348,-0.010804667823263503,-0.011152028179638673,-0.010269775973560047,-0.013413577042483915,-0.016733218198856092
2026-05-15,0.0,-0.002328101112215819,-0.009484580337770887,-0.003736833775629944,-0.003130606856147855,-0.005833471708812321,-0.009205009046819312,-0.006644433975323216,-0.008582081971270972,-0.012627716181233595
2026-05-18,0.0,-0.0010322693409232642,-0.0003392222525289146,-0.00045107120691201263,0.0016810661006798622,0.0012646258208031114,-0.0004992789360679373,-0.0030630793100081544,-0.0016920770271058316,-0.0034544217577636704
2026-05-19,0.0,0.0035794783184270873,0.0014961581591133033,0.0025886240904209323,0.004475304034081029,0.0008781696223914004,0.001820950503281571,0.003284453450475233,0.006769490671303835,0.0044181397958167334
2026-05-20,0.0,-0.0038413335936958726,-0.0039231555455498945,-0.0029436771919111315,-0.0016510759190935254,-0.0015890834728821135,-0.002047547988477616,-0.006777778120441558,-0.0019437228730827538,-0.003124628514518446
2026-05-21,0.0,-0.0059450024315851335,-0.01602394686780706,-0.014126109243478568,-0.016643308518167754,-0.016558033632680047,-0.018452922534124006,-0.014813937010418332,-0.014703451768655063,-0.009312483661869875
2026-05-22,0.0,0.0016538150858285139,0.007412264786379241,0.00782914114419997,0.011082148178610307,0.009964592622372814,0.009331330028284235,0.008612566356573925,0.01664832617904488,0.01334878840308762
2026-05-25,0.0,-6.244629020790704e-05,0.0026379310713073867,0.003215666970208142,0.0018757521603736116,0.0013541572712196803,0.0005424739639501297,0.0012533059393609047,0.0030412519430151885,0.00441091089947343
2026-05-26,0.0,-0.005435415954456402,-0.005773099215428568,-0.0036643768321368286,-0.006329940669065004,-0.0060608878467938165,-0.005411542281613668,-0.005207473551401942,0.0012058361575644216,0.0001400171878753742
2026-05-27,0.0,-0.008154870462935837,-0.008328685411790993,-0.010227260583860032,-0.009119216158979593,-0.008145858297063824,-0.011750000787217219,-0.008624265511033569,-0.014493151637802404,-0.014001790181696228
2026-05-28,0.0,0.0045133096707927756,0.0036038843740240356,0.0032107236487861623,0.004845586125699741,0.004109218408701931,0.004552112269762709,0.0020791097604109243,0.005432170485438537,0.0011170830525188968
2026-05-29,0.0,-0.015447128282998657,-0.010461152695466436,-0.0131944524836346,-0.011993682227158575,-0.008057305234843493,-0.008784591709518175,-0.004195721964917465,-0.005523378472654827,-0.012056292712106842
2026-06-01,0.0,0.00042534537416094587,0.003242034207216804,0.0006213318195824602,-0.0005341876061015771,0.0015591712963600735,0.003539676270783776,0.002423240494757728,-0.001498798862379802,0.00041595152849915884
2026-06-02,0.0,-0.003592278700026874,-0.001552353610594026,-0.0010424891637943468,-0.003193295998194512,-0.00011066308226381771,-0.001382657469075066,-0.004483256675723579,0.003289598185181264,0.004294647237175431
2026-06-03,0.0,0.0019325723948993012,0.0001265463541157974,0.0001870657236751061,0.0020112820726918557,0.00041335852309654086,0.00015923403275164283,0.001263995583961286,0.0004382221900973704,-0.0035134639081068064
2026-06-04,0.0,-0.004608734389572544,-0.0019535615844409326,-0.0020885639449311766,-0.0026725053500628038,-0.004915740485740949,-0.007113283122840874,-0.004587143795469761,-0.0058207620636725466,-0.009148569500321169
2026-06-05,0.0,0.0019576728149361955,0.0003321152985389375,-0.0013147428483113455,-0.0018989533108915158,-0.0011369000424046316,-0.003099489487076834,-0.005136993104844612,0.0017878863627485142,-0.008003052553949952
2026-06-08,0.0,-0.0098483519651692,-0.01227731082685879,-0.016114632645864546,-0.015073388898435569,-0.015565384566932794,-0.01794629779035195,-0.01721454030171299,-0.01374480251981336,-0.02241205591437212
2026-06-09,0.0,0.004964158608664837,0.005114256847626564,0.006292305163377865,0.00885942810249385,0.008121598870698188,0.0073638033260352564,0.005919534137651006,0.014654564749083665,0.011093392906622368
2026-06-10,0.0,-0.006576508114764956,-0.0038780239849516285,-0.005406693847382127,-0.0037271286410464066,-0.00659906655503828,-0.007723387557427741,-0.006400641724387368,-0.008081407890651038,-0.008035912935640765
2026-06-11,0.0,-0.005240772831065943,-0.002957844540857346,-0.0033922855355441595,-0.0018604718519230623,-0.0020224592365325478,-0.0067213669543556565,-0.005049003396934371,0.0004330997633770206,-0.0077362699785298306
2026-06-12,0.0,0.0013130058297057268,0.0031855857341944738,0.003710306322358692,0.0037674074566738103,0.003142710966290929,0.0060823818783626304,0.008491182048543822,0.0051813990385027875,0.009498378263215645
2026-06-15,0.0,0.0035257377295629944,0.00978446933281285,0.011116645056096663,0.01426933396054375,0.012129335953324327,0.014789076228675535,0.011255936722852189,0.01394769306386201,0.016339889896580972
2026-06-16,0.0,-0.00043104592652853935,0.006922073296137254,0.006775025898226872,0.006243014928256407,0.0046263755580824295,0.004145865280250183,2.570593933581833e-05,0.006819203778680727,0.0021622144072999117
2026-06-17,0.0,-0.0022891237002439224,-0.0009645983622296184,-0.0010859333188416587,0.00041689229884100953,-0.00016565796792011867,-0.0011610663143494238,-0.002009873871422374,0.004664729353077712,-0.00476408013162577
2026-06-18,0.0,0.006579172660186927,-0.0012841380938909408,0.0026145648368067764,-0.0010992442903476896,0.001499336067664503,0.0006461211757762264,-0.0037885060228928236,-0.00917342344869232,-0.0007917264625081355
2026-06-22,0.0,-0.0008566403601768524,0.0024164396242600805,0.0036651053591749694,0.006345257989074593,0.006799400890192375,0.007816256834410229,0.006885804916069382,0.006719823734693264,0.013896872736792076
2026-06-23,0.0,-0.0027969864181799364,-0.003899647492217606,-0.004341113695306986,-0.006547723435642361,-0.00498996423722875,-0.005746027723228075,-0.004697314261056018,-0.01089410379215694,-0.019212426250607817
2026-06-24,0.0,-0.0025772032848440096,-0.0009711119074066188,-0.0018476169381814733,-0.00011263939516081845,-0.0028791539252791543,-0.0027384880206798856,-0.0030093614817763292,0.002861513096262369,-0.009702206663221191
2026-06-25,0.0,-0.002842148133733069,-0.002979430752165446,-0.0012826945043872273,-0.0024253876254727302,-0.0025901360759239545,-0.0022464477120548443,-0.003792515555825493,0.002158027768694115,-0.00575861813100631
2026-06-26,0.0,-0.0017473479838830963,-0.006535786576908564,-0.009170053434261027,-0.012731271201744887,-0.015121910171787656,-0.018222220312098525,-0.015436152147793036,-0.002603199496484132,-0.01683244546591056
2026-06-29,0.0,0.0010326749164657478,-0.001116156416139713,-0.002413181882229165,-0.006339421984647764,-0.002569904696647085,-0.002044791389628653,0.0011336609900631789,-0.009186277504012241,0.00518709691248076
2026-06-30,0.0,0.007305933227966355,0.0032100215631216678,0.009156576348813505,0.004689003031221883,0.003199170630845183,0.005692048557447649,0.002196920461196239,0.0057224027342228645,0.001475220803636601
2026-07-01,0.0,0.004806333345768188,0.007288899815254046,0.001502464213003929,0.006507327539771124,0.002524662990807336,0.00425435032416055,0.007554823540622868,0.002629534186411986,0.006330626270480311
2026-07-02,0.0,-0.003978850177336679,-0.007463077472019797,-0.008364969300984071,-0.008081265442446361,-0.010461335332100363,-0.010299437567152125,-0.00787122536330831,-0.01669108087704696,-0.0055843093368009855
2026-07-03,0.0,0.006209241726331305,0.0012075729133422808,-9.601509837164901e-05,0.005394321908074096,0.0037537030603893573,0.00257158807616209,0.003465518997719297,0.004395360438248286,0.00791868463940637
2026-07-06,0.0,-0.005720166691231765,-0.008076531188392022,-0.008102159678891496,-0.009768998838457388,-0.00841117995463403,-0.007073278213051704,-0.0027165856406582423,-0.010867443341823213,-0.011805530891237814
2026-07-07,0.0,-0.005052904787258838,-0.01270479267276381,-0.012944476793347426,-0.016433819695004126,-0.013622691826402411,-0.01404437597616015,-0.0157436983594057,-0.01738444713171927,-0.014173774089758395
2026-07-08,0.0,-0.005705151772450567,-0.00523769296098342,-0.00876222179808761,-0.010990050464242396,-0.007066634651845649,-0.008948113654825729,-0.008318374829510922,-0.014785524429125618,-0.008869597075454094
2026-07-09,0.0,0.004498258214782558,0.006030835697084402,0.006107361122865473,0.005464134695294831,0.006897992155847632,0.0060491092045151795,0.0023419266478839074,0.003608780187491334,0.003088781930399298
2026-07-10,0.0,0.006235249671851628,0.0018651689175872566,0.0008280195799033052,0.0009400950567257649,-0.0007791505482260819,0.00010390853200559214,0.002792655484871176,5.574930420682023e-05,0.004451423593730297
2026-07-13,0.0,-0.01771549240748793,-0.01976660131072605,-0.024214922529230187,-0.025814211853045665,-0.019643444950338984,-0.021370862951130554,-0.01864486490142292,-0.02592761493232154,-0.019485586932424193
2026-07-14,0.0,-0.0046846557126496435,0.008204141261878739,0.006760416636631517,0.010854864063974956,0.010115866254630346,0.01060670289496124,0.010307702905536953,0.01891494023619944,0.018229681148755228
2026-07-15,0.0,-0.005692021310647277,-0.0008540782814199233,-0.0045804761778774905,-0.0024040126014256424,-0.001534292296547668,-0.0015837298644991726,0.001082189946740586,-0.005599519173065337,-0.003400868860826467
2026-07-16,0.0,-0.0013385464995653296,-0.006712549181072336,-0.0071775508348524975,-0.00938660854964668,-0.008128466064186157,-0.008202124137767663,-0.006044725461111677,-0.013701744770612034,-0.005093620540261523
2026-07-17,0.0,-0.01817069213590783,-0.02262900251036648,-0.024293096744871123,-0.026166626981234953,-0.023370931431882846,-0.025678269715165736,-0.022006613129148977,-0.028160898779634014,-0.025236483436290147
2026-07-20,0.0,-0.008843136063763524,-0.011070715598062053,-0.01293798454076367,-0.014810034804575878,-0.007765657024984662,-0.007221485248825155,-0.005799968461531191,-0.01407199714309948,-0.006181778445151442
2026-07-21,0.0,0.0034624360035926394,0.006246764739650912,0.007294200413692442,0.007470922297991844,0.010030512636974853,0.010399204947820984,0.005127426859459883,0.014223475333029256,0.013996676794077123
2026-07-22,0.0,-0.002281175593391027,-0.0013149524440413396,-0.0040226533420347765,-0.00563379126983754,-0.0045342516852301396,-0.004808095908050314,-0.0023106573331379554,-0.007756686730098328,0.004507389017768704
2026-07-23,0.0,0.002978050070312266,0.0032072999126142587,0.0051955576115345625,0.00567966864144287,0.004861242827233658,0.007378978646433332,0.005231150175477595,0.005659811609651788,0.008884845004623276
2026-07-24,0.7172281317623537,0.1313775616325319,0.2219767655669065,0.13035368608318776,0.09130917612355649,0.07132694808109408,0.023428850280453162,0.09528693710987102,0.06776946905590187,0.06181041808173782
2026-07-27,0.0,0.0019409067987159467,0.0007834904235832774,0.0014850311724619036,0.0025121585109113553,0.0015720717964124997,0.002262301385692833,0.0022133184037964604,0.007063932065835665,0.0027671655334251533
2026-07-28,0.008556826619638747,0.009747554886350596,0.006916587827202836,0.01205997085433319,0.010515416326045912,0.008645327834845062,0.009384315823800504,0.007226426910162287,0.0029691051240667843,0.011665090991095806
2026-07-29,-0.012725299356635023,-0.0035653880820354367,-0.0009805528593492818,0.0002890711722969286,0.006886746436066904,0.005042590129924696,0.011243882329933008,0.011291079094327694,0.005264238620573458,0.013571773903540585
2026-07-30,-0.058602923317219724,-0.04610935870806654,-0.04086178981991784,-0.03483883750607586,-0.030743806770051396,-0.02937614265944144,-0.02325653977865294,-0.025220078841296623,-0.02971504388382762,-0.026130740207515823
2026-07-31,0.03170587024710669,0.05049075472942466,0.0375093931956354,0.03193393316903581,0.030397519906826487,0.029530952841113844,0.025925227303727594,0.025733942317103686,0.021500161482431723,0.027262273580219487
2026-08-03,0.008228694952653548,0.012477367905792569,0.005848912353497049,0.004792786323844611,0.003034521185012906,0.004216240569861807,0.008936792427766349,0.008706370052771861,0.0036493968355462147,0.00849520191260611
2026-08-04,0.04870176813525173,0.03931496329652928,0.0419964464762459,0.035090922513988154,0.030050242537504213,0.029191343650567525,0.022373076876947007,0.024341685993358952,0.026224680049418136,0.01767363218568052
