date,0,1,2,3,4,5,6,7,8,9
2011-05-05,1.0,1.0031088481322035,0.9939570387783208,1.0056103400917733,1.0024906780561469,1.0006743646057,1.0039678023510086,1.0012062414451954,1.0024769823841042,1.0003028250856951
2011-05-06,1.0,1.014139474683421,1.0029505787000899,1.00346144639472,1.0052358791398184,1.0044612745204868,0.9999943366853703,1.0046837886724844,1.0044972638881773,1.0011864404659037
2011-05-09,1.0,1.0170332830561342,1.0108745099387808,1.0071388085553925,1.0126405220909438,1.011515465223446,1.006688244694216,1.011790745481061,1.0107878567265163,1.0048544519813483
2011-05-10,1.0,1.0236522919194697,1.0171226441327976,1.010468795992679,1.0194994933218122,1.0180547826026491,1.0156182736281458,1.019804880277544,1.0131704045904877,1.0104913838416725
2011-05-11,1.0,1.0290210127027837,1.0173418253248245,1.014051322311314,1.0185403372469128,1.0045570296033177,1.0184387816886475,1.0210137786246312,1.0097532415178956,1.0125374389618547
2011-05-12,1.0,1.0217843505607918,1.013072309129345,1.006816562589084,1.0045715525016348,0.9932758983661222,1.0075531497837404,1.0056545495053555,0.9924189121343161,1.0018174312762609
2011-05-13,1.0,1.0550403856931234,1.0255678024172181,1.015456300015257,1.0156765145115982,1.0000698735731628,1.017044461296304,1.011164989907402,0.998041288188107,1.012417733287121
2011-05-16,1.0,1.0484693520491744,1.0311335658656662,1.0147493570428223,1.0115250847663226,1.0017069571577903,1.0126001175277122,1.0091101380405114,0.991879230790458,1.0072378334240144
2011-05-17,1.0,0.9687420698822965,1.017021640117703,1.0117501141696092,1.0097370079945795,0.9968349966321867,1.0061784046269107,1.0068964868537567,0.9924606075890655,0.9997542474406816
2011-05-18,1.0,0.9708938511384465,1.0207781130052946,1.0191388990113495,1.0169416978756443,1.0023452751463713,1.0114673029523173,1.0126433198527471,1.0011783568017862,1.0027449955083023
2011-05-19,1.0,0.9572914981064767,1.0122776849276052,1.0090768408116675,1.008180946968658,0.9842132386743307,1.0048349986588132,1.0070017851735256,0.9944526369011418,0.9925514417677449
2011-05-20,1.0,0.9533140289049861,1.0144192744357414,1.0049355653020067,1.004737407262982,0.9804894002805333,1.002916198588751,1.0045814475225756,0.9914615201496787,0.9898584985504676
2011-05-23,1.0,0.9162291227728825,0.9714933752829302,0.9596343700147102,0.9672121205530453,0.9413289310048785,0.9642267593867695,0.9654007000480311,0.9604352467757425,0.9623491129619234
2011-05-24,1.0,0.9157161892658652,0.9745760940573732,0.9487969091265431,0.9704156402175822,0.9436028395454575,0.9714389565726074,0.963835085089267,0.9610772658442295,0.9715907437963103
2011-05-25,1.0,0.9045192233405295,0.9665022384062864,0.9320146885200199,0.9548655592053756,0.9298803126925497,0.9659985847517155,0.950631484761423,0.9511679821531214,0.9536828413441023
2011-05-26,1.0,0.8973057362998598,0.9607960377480355,0.9237208339168942,0.9456308118513449,0.9225704029041963,0.9615470046864729,0.9435611299369041,0.9429667359857992,0.9399517434977486
2011-05-27,1.0,0.8853841965532341,0.92400295019326,0.9009539121915611,0.9223364688892254,0.9018628967107553,0.9307697895718493,0.919310456441737,0.9239109765571601,0.9183773471747849
2011-05-30,1.0,0.8755062826265226,0.8993246563678801,0.8894867559495199,0.9027801631567846,0.886879459706282,0.9162153583877102,0.902039069828527,0.9186836020100446,0.9074712741045216
2011-05-31,1.0,0.8849523342082953,0.9194306888474664,0.9066073338054846,0.9206403597313048,0.9050504242232783,0.9358909083104987,0.9236754161298137,0.9335505837423512,0.923022965612878
2011-06-01,1.0,0.8821886214795378,0.9293197572817106,0.9103159919272894,0.9268416903099108,0.909538484762285,0.9467269658450274,0.9310303009283508,0.9415228858817589,0.9257667714434338
2011-06-02,1.0,0.8647617821142293,0.9169818006095731,0.8956222466969411,0.9124561283512685,0.8947214118982483,0.9301666795618356,0.9171204716994291,0.9333043771402696,0.9077622367692408
2011-06-03,1.0,0.8755404278317048,0.9297529821496148,0.9074451945554882,0.9211554615970081,0.9019921860501023,0.9410662605106556,0.9327739885406882,0.9430360365165361,0.918338237200499
2011-06-07,1.0,0.8765720166517886,0.9379643977503773,0.9140347639547108,0.9306103009185337,0.9067918695968319,0.9513781607429117,0.9404503049231732,0.9431174733616923,0.9236566070261145
2011-06-08,1.0,0.891646878058773,0.9396028463123772,0.9160678501989016,0.9392579779506716,0.9114586647446722,0.9535692905321144,0.9436944068335168,0.9442177777265655,0.9282366606843876
2011-06-09,1.0,0.8704552590687364,0.9212470039824431,0.8936201275542242,0.9206805261912283,0.8922733099702749,0.9309648061874047,0.924907506379971,0.9222297660516856,0.9069305654531725
2011-06-10,1.0,0.8836507355049443,0.9226743901389357,0.897084562280614,0.9251839013353411,0.8900867105446151,0.9345067633610485,0.926912121530697,0.9333193129412221,0.9068890940686906
2011-06-13,1.0,0.884516272828036,0.9276173777847179,0.8953965494078482,0.9179807514656592,0.8843487424545314,0.9359138032724986,0.9249302630092876,0.9268288236955988,0.904202561869595
2011-06-14,1.0,0.9140892586370691,0.9411296609349749,0.9128414354227397,0.9324624065671179,0.8990053573790826,0.9459832678261294,0.9387258171954265,0.9397226976590499,0.9106538113464149
2011-06-15,1.0,0.908373367966604,0.9372381373913616,0.9057384587828918,0.9149300766860812,0.8917519130106456,0.9376454321933595,0.9348119370489629,0.9334920302595573,0.9034288168330368
2011-06-16,1.0,0.8969331905403921,0.9195175402032575,0.8907390986141134,0.8913194386100203,0.8742083266025078,0.9071512033588969,0.9107563766969227,0.8975113740139001,0.881235410890895
2011-06-17,1.0,0.8935452390955511,0.9063968597848352,0.8836953836506724,0.8815504744243129,0.8644633671306065,0.8977013565939019,0.9002514886889025,0.8847663303961345,0.8715135674832922
2011-06-20,1.0,0.8417774837657267,0.8966181998877549,0.8771651961920127,0.8767383711199129,0.8534358158562175,0.8910170045359096,0.889181767441058,0.8798924787552987,0.8608576743037959
2011-06-21,1.0,0.8500400129217539,0.910325098760143,0.8907060866724739,0.8901496288637533,0.8649888015572799,0.907465963209849,0.9061478283025876,0.8927171406076164,0.871030415902355
2011-06-22,1.0,0.8453077358519858,0.9069635796221652,0.8862318325516981,0.8888297138352779,0.8637114404417517,0.9032363614180218,0.9032159882437044,0.8940031248637799,0.8623977787680499
2011-06-23,1.0,0.8555620044503458,0.9196900465175581,0.9029663043252044,0.9040926442561308,0.8787084294615708,0.9201759747115409,0.9183435041487024,0.9058550099460758,0.8731487900225714
2011-06-24,1.0,0.8683266678041052,0.9200974299829369,0.9173428725305004,0.9231163830561715,0.8981795433160602,0.9350235419768966,0.9377956479936044,0.9247201927591933,0.8946828363143778
2011-06-27,1.0,0.8706421141551409,0.9276072392900898,0.9247146416494122,0.9326612405491355,0.9022376209206971,0.945396215547163,0.9470642185275565,0.928519751879474,0.8989234071007703
2011-06-28,1.0,0.8762295341983928,0.9303926291417247,0.92950719087997,0.9386382302615258,0.9011196544475215,0.9479846699861415,0.945658559978208,0.9286967217890681,0.8973580167282715
2011-06-29,1.0,0.868238064188123,0.9181592921828958,0.9169632782280231,0.9253979507669804,0.8907174805311936,0.9369654270231882,0.9325051266864133,0.9189158659654301,0.896154594043303
2011-06-30,1.0,0.8940144113086985,0.9292465224744697,0.9282700560065528,0.9357854792161029,0.9013214836833022,0.9501922044766965,0.9431045158792829,0.9269093304553614,0.9030407581076402
2011-07-01,1.0,0.8222926961971463,0.9350963519387431,0.9319105291251216,0.9404754043266951,0.9051030805908498,0.9551416949911549,0.9464847229352188,0.9275554153832474,0.907076993957917
2011-07-04,1.0,0.8317864351211794,0.9522741730176614,0.9509348506853643,0.9569510658500266,0.9234689957222542,0.97173285676079,0.9640421980160093,0.9463407589995876,0.923280344707587
2011-07-05,1.0,0.8273731924165555,0.9494964698730117,0.9550838119505582,0.9600410570799023,0.9263424346349298,0.9790229360825917,0.9708032424401084,0.9503973440126046,0.9299018651944403
2011-07-06,1.0,0.8192522025165823,0.948298133573681,0.9562057682070527,0.9609681885861926,0.9254607289516467,0.9804445779041644,0.9714272456590932,0.948129295222543,0.9317809936907451
2011-07-07,1.0,0.8172138249944789,0.9435003777699875,0.9487953028701599,0.9573839538589427,0.9124115305369803,0.9776198704397817,0.9701571454609657,0.9405991149141524,0.9337154772676751
2011-07-08,1.0,0.8210148483493692,0.945965748454241,0.9462024542925779,0.9581153357900196,0.914230367859384,0.9796426534160599,0.9657793001587835,0.9379087611758723,0.9392704878992325
2011-07-11,1.0,0.8189227738018303,0.9533280675129017,0.9383200712229813,0.9640503841877085,0.9169282369356361,0.9875701108735235,0.9747307886864663,0.9444611570296182,0.9516905011302972
2011-07-12,1.0,0.7999519878636722,0.9369699179763274,0.9234088451935244,0.9428526245390836,0.8980814194905126,0.9721960040095455,0.9561222987930884,0.9306533318766512,0.9322546571360387
2011-07-13,1.0,0.8057155658763981,0.9531185061392786,0.9331738170896936,0.9577370858424132,0.9114797784051313,0.9893632839685499,0.9721600439638485,0.9423968953389644,0.9475824785686375
2011-07-14,1.0,0.8095869781666333,0.9509065832252291,0.9374929664619956,0.9655421486186779,0.917947908883965,0.9977975303639338,0.97876870801466,0.9457059274121189,0.9570250921505319
2011-07-15,1.0,0.8031097964364774,0.9492071324101478,0.935999624875131,0.9677233940650832,0.9212014118611569,1.0042150521622668,0.9864417413800989,0.9544374658716867,0.9522049288962273
2011-07-18,1.0,0.8013539216722295,0.9543676389220921,0.9348073354570963,0.9654053516914205,0.9209174101758731,0.9998376067083656,0.985072561096643,0.9523068685720488,0.9542158320160407
2011-07-19,1.0,0.8068652309740875,0.9462369846686752,0.9247844873698601,0.956275544255101,0.9125652980223667,0.987627350137873,0.9753071975486584,0.9469833229994276,0.9481905093076649
2011-07-20,1.0,0.8065358022593356,0.9455203464037658,0.9226867714940017,0.9571173762851255,0.9123560685294526,0.9890761675406804,0.9715990868798284,0.9461217354326256,0.9469451329104442
2011-07-21,1.0,0.7936942667788183,0.933670526066327,0.9063184484849671,0.9443265933001935,0.8990164464164914,0.9784530654414002,0.9562297101092921,0.9329793709455539,0.9306221813622568
2011-07-22,1.0,0.7908591158522259,0.9342205738743308,0.9093371850963009,0.9495935612205458,0.9012214291119683,0.9839566472372575,0.9591948177914765,0.9355452685346826,0.9316003417043899
2011-07-25,1.0,0.7590770284805384,0.8998728443238843,0.8721539725253132,0.9060453261012803,0.8630024621467872,0.9482617213600407,0.9236749256004021,0.9076142622614058,0.9025271789374336
2011-07-26,1.0,0.7659889344513375,0.9032376584050898,0.8776140969509688,0.9105100394529628,0.8655699780200916,0.9581037215948215,0.9282934027797394,0.9134528558630097,0.9098284695237351
2011-07-27,1.0,0.7671268680598027,0.9180362891279529,0.8852647098731882,0.9228184881806216,0.8758327968232552,0.9685421398415288,0.9411229247093374,0.9222506397119755,0.9114614370866565
2011-07-28,1.0,0.7612697260104098,0.9124448956615393,0.8780468554929122,0.921846428435856,0.8705092627555853,0.9674677604171394,0.9336679842502831,0.9221187562240665,0.8979513786574954
2011-07-29,1.0,0.7645111777785122,0.9090242576757703,0.8735500932760333,0.9153299446904242,0.8668162737438667,0.9586238663154233,0.923123975724058,0.9212363576413335,0.8894234852008103
2011-08-01,1.0,0.7687550335822013,0.9167685441734346,0.8753428624986825,0.9200472370810772,0.8708515539163894,0.9637456145660176,0.9262650452124019,0.9245374625948277,0.8961198419085604
2011-08-02,1.0,0.764564874803948,0.9129267433352928,0.8669826807300319,0.9136673791737941,0.863316376011184,0.954606032717683,0.9196336622090225,0.9223650210467704,0.8918366304403139
2011-08-03,1.0,0.7635695297140267,0.9097269259612496,0.8703471323747595,0.9147647334845942,0.8670654147676518,0.9558807631632291,0.9195669147086906,0.9259613401891589,0.8920697682608623
2011-08-04,1.0,0.7605756741132333,0.9101224387810625,0.873784732128301,0.9163690675878512,0.8691236741237437,0.9595697580860594,0.9252115759921707,0.9266871133003692,0.8964430227767646
2011-08-05,1.0,0.7396739047038438,0.886314193411186,0.8524703080144235,0.8934654307080971,0.846583387897248,0.9352402604863481,0.9035384209282863,0.9107528629653869,0.8719032142488002
2011-08-08,1.0,0.7045880848368644,0.835012004454989,0.8010964697047869,0.8417742673514959,0.7929896056795214,0.8835140195472674,0.8551367011928401,0.8773963994618953,0.8269596357185196
2011-08-09,1.0,0.7116261752934246,0.8265801381179237,0.7971086667147901,0.8399346978834514,0.7868101367365676,0.8793714594096604,0.8495973612271258,0.8731726316105517,0.8242391710761627
2011-08-10,1.0,0.7196059138144704,0.8314268804732212,0.8105519188014921,0.8512344375503692,0.7931729767776448,0.8916767563447917,0.8609491900123663,0.8830726133592434,0.8307531926787947
2011-08-11,1.0,0.7335605827853885,0.8426548870980575,0.8210761020944267,0.86663675789679,0.8062448491424203,0.907293335741328,0.8746723988232665,0.8888738125244457,0.8449552924584317
2011-08-12,1.0,0.7532925595225829,0.8490481243407935,0.8329392663532647,0.8779808023224352,0.815673194924551,0.9099487640563542,0.8822350338984384,0.8962619236964539,0.8576164178386171
2011-08-15,1.0,0.7782194854757238,0.8595496615453986,0.8416592961129584,0.8922482526126355,0.8274895647590887,0.924527819701428,0.8967023476805872,0.901425911425906,0.8658139751737621
2011-08-16,1.0,0.764282269800079,0.8484815857865484,0.8361815283004044,0.8835737232867785,0.8209382570354662,0.9229574439589434,0.888756815088852,0.8971642392764747,0.858283246966005
2011-08-17,1.0,0.7653779499952065,0.8513005910217574,0.8359739989700635,0.8821731158687097,0.8185853810600763,0.918929132156406,0.8860407703439802,0.896669533467532,0.8547791664160169
2011-08-18,1.0,0.7364779395070079,0.839463661377681,0.8223068896965013,0.867840593923444,0.8011359774728045,0.9006115068162496,0.8691728460316408,0.8978024532003595,0.8439510648316023
2011-08-19,1.0,0.7348881162397524,0.8295283779056805,0.8101439171991646,0.8610180182060185,0.791583629966337,0.8925681112526026,0.8614585505369564,0.8867903318892499,0.8360476091516232
2011-08-22,1.0,0.7252708671091904,0.8230171916122606,0.8098552818060533,0.8583777559168935,0.7885775565445913,0.8928878697252114,0.8589682393776086,0.8764962802602011,0.8362280142213816
2011-08-23,1.0,0.7411763592487197,0.8415656654491969,0.8314908121945529,0.8740275666815237,0.8036266935396003,0.9078399043735546,0.8716435330821177,0.8918973546127664,0.8502598880951917
2011-08-24,1.0,0.7319714206428429,0.8387126647453431,0.830107347724301,0.8732251540030925,0.8013361914572631,0.9046676351204203,0.8712824815774184,0.8842052283984307,0.8448853211807619
2011-08-25,1.0,0.759611036578538,0.8610793705855018,0.8504198718022884,0.8932618053226304,0.8222030855829265,0.9229609431818168,0.8934060777495054,0.9041474483655402,0.8666443273719004
2011-08-26,1.0,0.7623633056951973,0.8703126896230515,0.8519169960674421,0.8977121039786506,0.82441019467294,0.9255105909470639,0.8956828175131726,0.90611967680505,0.8644389791292111
2011-08-29,1.0,0.7584123469989715,0.8675419369260516,0.8390561915941398,0.8899156520479901,0.8156259614551556,0.9168179893911975,0.8864020527875551,0.8957383476116517,0.8517076420928538
2011-08-30,1.0,0.7486726369243712,0.8564401282142841,0.8316236291441538,0.8811124794749335,0.8104386262687256,0.9103985971312801,0.8784480354816635,0.8930897030499368,0.8433974969222511
2011-08-31,1.0,0.7442476627305233,0.8551592266193645,0.8326319181574575,0.8816485397639084,0.8101707101076612,0.9058420119225267,0.8748922715543388,0.891891235166283,0.8465838278299673
2011-09-01,1.0,0.7420912089308145,0.8479805954553697,0.8237003832529071,0.8773743058691683,0.8055286437736798,0.9000702232944021,0.8727431546326224,0.8870662938346556,0.8409241725421283
2011-09-02,1.0,0.7248119185047346,0.8389621063038094,0.8169438093179187,0.8657739237512656,0.7973371370174417,0.8895146411577788,0.8653025726685897,0.8767503221502101,0.8328876436123219
2011-09-05,1.0,0.7080338300964485,0.8260318028685468,0.8000085996467969,0.8445025886849806,0.7806405070821025,0.8700557241213078,0.8507783989558297,0.858158357444412,0.8140955347484622
2011-09-06,1.0,0.7088584511458187,0.8135608945675327,0.7973719581141411,0.8369367489560138,0.776277087126958,0.8670155438635515,0.8424855353701686,0.8539569098093248,0.8162104169045692
2011-09-07,1.0,0.7265617835858076,0.8397357041911756,0.8152075822168963,0.8578903584698557,0.7931994218930033,0.8901126837844381,0.8605066324973204,0.876474181894835,0.8310004376929254
2011-09-08,1.0,0.7148347187353072,0.8308184833453326,0.802955276504254,0.8474982105341775,0.7857781012490428,0.882751613287992,0.8498202529995231,0.8665040029315558,0.8216861881155596
2011-09-09,1.0,0.7168918866923,0.8290193642799292,0.7994557216708198,0.8454009351594212,0.7811818311242577,0.8831301676843386,0.846501780466784,0.8651810067456642,0.8177304522860598
2011-09-13,1.0,0.713769272587167,0.8138065752741694,0.7856255781742305,0.8390938725827535,0.7711404496283918,0.871907401525344,0.8330042960675162,0.8538116166909488,0.8077421910112174
2011-09-14,1.0,0.724000078207079,0.8268319243185788,0.7942666820326916,0.8500417599278826,0.779133352118427,0.8823226343697547,0.8422200368361837,0.8611080710558744,0.8162743241409517
2011-09-15,1.0,0.7226216073769698,0.8256052091969152,0.7951775002190474,0.8497436546059486,0.7803937224436107,0.8786284270078861,0.8430616495321471,0.8611206160479036,0.8119571319347585
2011-09-16,1.0,0.7167224997913652,0.8275089275911489,0.7956605351602547,0.8463353896537622,0.7817882852353667,0.8772527823640649,0.8436299277392225,0.8638611682832614,0.8100004296409561
2011-09-19,1.0,0.6930546312511116,0.8163871539879998,0.7819242910447712,0.8295542360640314,0.7643404747885029,0.860772381899826,0.8267400759750926,0.8481922033216446,0.794816720298871
2011-09-20,1.0,0.6907206823423124,0.824869604067325,0.7855037041605938,0.833122935702699,0.7674409621814151,0.8668627346185885,0.8310908716003764,0.8526880951119992,0.8001769560518942
2011-09-21,1.0,0.7075748814919924,0.8422947562183699,0.8076318881306355,0.8546382507000948,0.7885041894114203,0.8884668122159121,0.8522427214951187,0.8755740588596395,0.8197805408410351
2011-09-22,1.0,0.6789506026931101,0.8205290514381416,0.7853989618835991,0.8280472475834494,0.7666871067144875,0.8632839843569233,0.8294750311256084,0.8609884191598391,0.7979054176458866
2011-09-23,1.0,0.6746483773204264,0.8098416591512515,0.7817086511727771,0.824019741422798,0.7635060551456274,0.8556019447062628,0.8232502152856862,0.8546387747039345,0.7908623233294269
2011-09-26,1.0,0.6615287237484864,0.7955127746783394,0.7704361760484887,0.8089157936741657,0.7537221787412552,0.8437331702005215,0.8122375661934993,0.838985521210104,0.7815308647509518
2011-09-27,1.0,0.6665203284747878,0.802772690489258,0.7728614332103915,0.813533440148352,0.7583326875488502,0.8454410783110544,0.8194185981977756,0.8468488951707812,0.7885538299953527
2011-09-28,1.0,0.6564075991324816,0.7822913637090857,0.7621967156189353,0.7986367889809214,0.7449007168947364,0.8278658610068999,0.8072652188417836,0.833138305853992,0.7777034306429331
2011-09-29,1.0,0.6528317582289422,0.7582362144032009,0.7429685035973035,0.7769053625805756,0.727634327045344,0.7922088606300803,0.7869637011029863,0.8163586988807154,0.7581779365413392
2011-09-30,1.0,0.6578757228410631,0.7616616565242661,0.742163498438923,0.7754008985417348,0.7265550277525209,0.7914657050667492,0.7865192632770995,0.8166923170561723,0.7569407935908643
2011-10-10,1.0,0.6523818668344783,0.7592371250661859,0.7378505528377819,0.7701153385387514,0.7225913684199607,0.7887053502456214,0.7820519408501081,0.8167010409859511,0.7566670934346247
2011-10-11,1.0,0.6504894132348614,0.7608483906430699,0.7395624044318162,0.7682822522867087,0.7173312607514092,0.7939285490979631,0.7838049475081409,0.8174674670447538,0.7587014554655617
2011-10-12,1.0,0.6734262247624117,0.7891755121534585,0.7668592919872194,0.7935722503701724,0.7419985897494413,0.8207205906421698,0.8102586309298396,0.8415462029180786,0.7806128169547359
2011-10-13,1.0,0.6792015342643617,0.7930649413262805,0.7713288860685203,0.8016916313942234,0.7473785068920696,0.8299488997001923,0.81830135183152,0.8484347237926553,0.7929415356364283
2011-10-14,1.0,0.6760369546230173,0.7900894514109497,0.7727773398184621,0.7995506778053704,0.7449458785957638,0.8262366806762051,0.8133533820963936,0.8446223549297995,0.787708255032591
2011-10-17,1.0,0.6728374683911262,0.7956945798100592,0.7746225211980826,0.7994783890807788,0.7464226271159135,0.8289849010684431,0.8153305386705403,0.8430994035583083,0.7894233651328488
2011-10-18,1.0,0.6519870096050663,0.7712457968085545,0.7508548169380673,0.7760469469060203,0.7269647739836164,0.8012967886812621,0.7879067165164442,0.8187014268323546,0.7709484693136721
2011-10-19,1.0,0.6466766583907467,0.7734081912752897,0.745828291745213,0.7738155564563548,0.724684676655301,0.7984028436470951,0.7885640461521909,0.8191642074023314,0.7638729079405666
2011-10-20,1.0,0.6316843909165696,0.7500360100904895,0.7203910735308267,0.7505887949189759,0.7057375407645686,0.776888456622131,0.7705861342699699,0.7990757291172036,0.746105435033007
2011-10-21,1.0,0.6273352395869896,0.7483213097441475,0.7146406054918742,0.7433868414646709,0.6990702845716079,0.7649026465729104,0.7626339089998382,0.7868679462123928,0.7411677585075952
2011-10-24,1.0,0.6438365470434695,0.7634328794028754,0.7263358212508404,0.7559513307009114,0.7119865863336091,0.7812778354058094,0.7774652390496707,0.7983196861315781,0.7577064605827953
2011-10-25,1.0,0.6620118967167544,0.7787852067209056,0.743441660457466,0.7728898499524632,0.7284535017190908,0.7989488268640583,0.7930379131147234,0.8143428070625633,0.7716314253495973
2011-10-26,1.0,0.6778835315282277,0.7828519618924211,0.7475265229316651,0.777932456010238,0.7384889877009065,0.8034363503606957,0.7971592904346578,0.8208723398602904,0.7746057188321113
2011-10-27,1.0,0.6768636741973679,0.7839389812553367,0.748985005964111,0.7797761352392086,0.7428403741667472,0.8052678732384817,0.7986828428376263,0.8199971426015147,0.7798067724381179
2011-10-28,1.0,0.697137108101367,0.7955343439414221,0.7655185575054331,0.796143563415137,0.7573214793381418,0.820820347927861,0.8155560651040394,0.8340305881098764,0.7946073046170821
2011-10-31,1.0,0.6929479985856041,0.7936047843416111,0.7657369428527617,0.8027006441389256,0.7601710637307606,0.8242478012272707,0.8153971748949135,0.8309231489387656,0.7921415697538055
2011-11-01,1.0,0.6882324134257449,0.7925264803543323,0.7662179299601015,0.8070898460970194,0.7597870601249966,0.8250058851841331,0.8146127853563351,0.8283896012508397,0.7887290090272839
2011-11-02,1.0,0.6964597481140995,0.7994692807572101,0.778570739565025,0.8225026879406223,0.7710952040640487,0.8337575302626615,0.8237647524740219,0.835428547175355,0.7962348882462208
2011-11-03,1.0,0.6920686312483076,0.8041949532437092,0.7807133789845815,0.8253114700068694,0.7701456623573214,0.8373800035358637,0.8272065986463142,0.8425347843974373,0.8028365329155458
2011-11-04,1.0,0.6943196983471739,0.8118248737601028,0.7857406511959036,0.8306263579013439,0.7760941131765804,0.8424970801164955,0.8322181174365216,0.8492118361914767,0.8067546048130468
2011-11-07,1.0,0.6953278241888096,0.8080346061001102,0.7796143628445539,0.8249379202019247,0.7738632834589599,0.8399767632119699,0.8281710850856461,0.8464107444765697,0.8138845838628488
2011-11-08,1.0,0.6833880697615465,0.7978479254294641,0.769592032957198,0.8152798289182862,0.7677840401206003,0.8328655238292806,0.8224917422044121,0.837773644836163,0.8081430333061709
2011-11-09,1.0,0.6843307670885221,0.803549288740917,0.7781433044891461,0.8247695368522383,0.7773822065892411,0.8450397452344576,0.8292058409639185,0.8427351666566292,0.8119468440179142
2011-11-10,1.0,0.6684484500503151,0.7873591551578686,0.7671978768634984,0.817203018154453,0.7645685006361544,0.8357407318464587,0.8142537412696292,0.8298303022119051,0.798449704706637
2011-11-11,1.0,0.6713302390566779,0.7860954650550143,0.7652527738454151,0.8157905595230017,0.7674565458766552,0.8381532842205974,0.8146193162882467,0.8295087088800274,0.7933287750643511
2011-11-14,1.0,0.6862581272786853,0.8061136725596103,0.7805174480340871,0.8358569517657469,0.7853857607597544,0.8529509624356574,0.8329458305873975,0.8465881636064556,0.8093850940802472
2011-11-15,1.0,0.685368077714655,0.8119809240645101,0.7873463538001662,0.8420740083751954,0.7896762520612012,0.8566530104704005,0.8411258308253157,0.8505909713074479,0.8132789525693167
2011-11-16,1.0,0.6708511628777166,0.7967401912889969,0.7658073558750246,0.822245068104126,0.768471596441157,0.839179417690078,0.8196205159154831,0.8319124348556755,0.7945984526020622
2011-11-17,1.0,0.6643632989208267,0.795461525072996,0.7628494770816362,0.8209668258587339,0.7688787787377732,0.8365711506319176,0.8171997032305938,0.8339980904978835,0.7924241755065029
2011-11-18,1.0,0.6463597225505832,0.7797144006875434,0.7418000914209746,0.796552573274654,0.7492127011646524,0.8148974165199747,0.7957959980845403,0.8186044321227537,0.7739444184959751
2011-11-21,1.0,0.6483105457191947,0.7842863342684819,0.7424381299959191,0.7982515012507165,0.7485833446610848,0.8142216133485694,0.7943310072573474,0.8206703588615798,0.7777555840572917
2011-11-22,1.0,0.6490231001741343,0.7800599554153455,0.7429230052946008,0.7979698309361489,0.7478515049502992,0.8129311485460926,0.789823249481012,0.8166055436889582,0.7806254412681326
2011-11-23,1.0,0.6375670944693915,0.7792154617017052,0.7406934682491694,0.7943479570505275,0.7423421256548491,0.8081986626200851,0.7855697181653508,0.8071481743935622,0.7744506792578821
2011-11-24,1.0,0.6424534036698016,0.776987162617071,0.7389771473809387,0.7940655378909997,0.740781701865985,0.8048568679276427,0.7846755959978091,0.805408585460828,0.7755605533265489
2011-11-25,1.0,0.6365717493794703,0.7673000499727437,0.7333010932944664,0.7854558445214745,0.7346779304514783,0.7977378704454124,0.7790510700333704,0.8000187814748395,0.7697864047067552
2011-11-28,1.0,0.6368193455467794,0.7728855910703059,0.7311529043314686,0.7863029772552438,0.7334248469905629,0.8000600453625514,0.7801776708607825,0.8029146845562458,0.7686628902971517
2011-11-29,1.0,0.6464788480906788,0.7828122786716059,0.7404307368110312,0.7989401474215561,0.7436352140624385,0.8121571410140925,0.7896198382727001,0.8155025060810176,0.7776508527688349
2011-11-30,1.0,0.6284048827850905,0.7578123257917599,0.71287827196495,0.7591470435419198,0.7137046595826726,0.7789739333180866,0.752761295933146,0.7895973602243486,0.74440461499546
2011-12-01,1.0,0.6490379794508292,0.775537891724443,0.7300211813380835,0.7775050743949964,0.7264686524003551,0.791288239517078,0.7658184957889758,0.8044802640508184,0.7606726862070196
2011-12-02,1.0,0.6431036773975521,0.7673762801987939,0.7146249785202016,0.7639845864721303,0.714414141806001,0.7743418958576102,0.7501454456257841,0.7941725209209091,0.7517137505613087
2011-12-05,1.0,0.6369637447131777,0.7432503371844588,0.6936837324788813,0.7461426811875282,0.6959993638766614,0.75457836472047,0.7322296551668711,0.7750087104694504,0.7350017271797477
2011-12-06,1.0,0.6398163489350434,0.739719595489708,0.6927509031986898,0.7493657176065078,0.6975604669683463,0.7540345242150415,0.7327656964938888,0.7714024511670865,0.7419247643915474
2011-12-07,1.0,0.6419027016765333,0.738858835799486,0.691983468247581,0.7503507156971799,0.7013594524895471,0.757784812616035,0.7332424273410647,0.7767561111515614,0.7482828196609496
2011-12-08,1.0,0.6417497188083815,0.7370186616402318,0.6909508569012331,0.7520803875521176,0.7033291807450797,0.7564029726858658,0.7296591514208439,0.7761751351508033,0.7471884849898868
2011-12-09,1.0,0.6407077356386898,0.7338735749453946,0.6891159738980117,0.7477144014822152,0.6998576647347294,0.7474939878456003,0.7227238411528266,0.7668473589991468,0.7423500833959719
2011-12-12,1.0,0.6261807143292694,0.7247612704726571,0.6827768166485562,0.738013183097272,0.6919999756550614,0.7385799286272383,0.7152867210392624,0.7597992577574912,0.7431776340239233
2011-12-13,1.0,0.6066805908513112,0.7000005133049753,0.660571270674789,0.710695503977331,0.67259566371094,0.7101923100955603,0.6915303449102701,0.7377672785712897,0.7221031528352223
2011-12-14,1.0,0.5972686844747207,0.6908022968045043,0.648191412884255,0.6995726061327757,0.6685955327115101,0.7002564891538656,0.6799411319929892,0.7284311459632202,0.7161138583438836
2011-12-15,1.0,0.5872633491832863,0.6749390755085807,0.6333921264070049,0.6823215879305143,0.6574215156532084,0.6836825062864076,0.6627171702852401,0.7106033900749366,0.6928702131751211
2011-12-16,1.0,0.609115924127807,0.6907252721760824,0.6491174543804004,0.7026525021612907,0.6723984103495189,0.7010351164688684,0.6786104252502011,0.7277112899588337,0.7093470737713422
2011-12-19,1.0,0.6099885203965639,0.6868699896477457,0.6471606452084679,0.7050526425062896,0.6728309872819862,0.6988525628599445,0.6730752854346597,0.7309579883570289,0.7105011458330235
2011-12-20,1.0,0.6095762098718789,0.6862728528165601,0.6461194925497393,0.7030530290333792,0.6711197685031538,0.69810888170184,0.6729728806038654,0.7280741899293163,0.7062908195359189
2011-12-21,1.0,0.5977428002329973,0.6736250405141377,0.6339958869186204,0.6897604289272123,0.659114167007432,0.6819370470590648,0.6583644372229325,0.7178429760529277,0.6940112064775557
2011-12-22,1.0,0.5971131275879906,0.6600842798355592,0.6230444161272592,0.6797561705558967,0.6518048083446452,0.6698254050780859,0.6451107653752159,0.7100147875830876,0.6827536139578886
2011-12-23,1.0,0.602199345613449,0.6660054660645343,0.6302692952945187,0.6858411201045728,0.6581281134067288,0.6772789853647775,0.6539195927470096,0.7182156702157927,0.6869928049000427
2011-12-26,1.0,0.6000183795728017,0.6644817638734923,0.6261221328141071,0.6840630109185573,0.6551443428096659,0.6774768175206353,0.6494340125509109,0.7179593602128478,0.6857033754001052
2011-12-27,1.0,0.5876126175954176,0.6484410257053933,0.6090818929022197,0.6688322124097973,0.6398711657573478,0.6624551013041377,0.6342406485365005,0.7059223849469548,0.6766546840626019
2011-12-28,1.0,0.5847657351796011,0.6452396368353749,0.6027707089479617,0.6646083747711616,0.6367556748693498,0.6624121709189753,0.633868680102781,0.7012572604027624,0.6729688765193997
2011-12-29,1.0,0.5840531807246614,0.6419387600035742,0.5982336520441879,0.6624770038544762,0.6379164433593824,0.6618585506198218,0.6337033168443218,0.7021769072210253,0.6697586223783142
2011-12-30,1.0,0.5960875484510816,0.652877188424738,0.6080643407914921,0.671908234315928,0.6466185533787568,0.670768115506049,0.6423721240119941,0.7099838513954407,0.6804145047383239
2012-01-04,1.0,0.5911439189441671,0.6431620880312486,0.5938356088197352,0.659161633867839,0.6348073620105547,0.6560111056409609,0.6283223466269307,0.7004655298452127,0.6664731079853324
2012-01-05,1.0,0.5786972406930618,0.6247640077543452,0.572164136877466,0.6372847440126082,0.6198208664740337,0.6355007918159905,0.6105626735953879,0.6829643727294894,0.6605932725802506
2012-01-06,1.0,0.5794040733419525,0.6260495638050164,0.5789770376065762,0.6376527174950342,0.6225268642977505,0.6408284151201378,0.6153105347880824,0.6858455521725024,0.6688273068012585
2012-01-09,1.0,0.6021936238073999,0.6512312135445365,0.6016415011822509,0.6614598382664203,0.6452859415440808,0.6626121745872895,0.6385077184047601,0.7098417235983123,0.6896415426369846
2012-01-10,1.0,0.6251874677643284,0.6741639212263718,0.6241796349024665,0.6873953956168315,0.666273753680752,0.687202149526168,0.6621372122468978,0.7338210843261842,0.7088094214598707
2012-01-11,1.0,0.6179098893486147,0.6700459015866206,0.6206780367244393,0.6826219073887921,0.6642600503891029,0.6859719940548902,0.66055884469643,0.7332636295995775,0.7063094696537844
2012-01-12,1.0,0.6197077296490743,0.6691556388803376,0.6209010305484128,0.6823223001713806,0.6625233320950693,0.6863623153738027,0.6602289827510198,0.7322072614411442,0.7054538085467327
2012-01-13,1.0,0.6063895043917021,0.6561955182522792,0.5993156943469266,0.65836911693621,0.6415655956490098,0.6662781021943884,0.6396299701781532,0.7172208879002033,0.6908425645862482
2012-01-16,1.0,0.5984569797046791,0.646489763337554,0.5888455792032671,0.6403976169324256,0.6293282797403774,0.6484936327258011,0.6255062876596695,0.7041180121707098,0.6821394541323514
2012-01-17,1.0,0.6256597728747505,0.681077511228233,0.61863593017109,0.6715153384228728,0.6582900461174765,0.6814913791589705,0.6614724822874737,0.7380163306151739,0.7123942897034193
2012-01-18,1.0,0.6151931025767539,0.67215486934218,0.609410810493254,0.6570546463047533,0.6472636665551266,0.6713375306233904,0.6524821156886264,0.7280007257978481,0.7032159651265836
2012-01-19,1.0,0.6323788289661666,0.6807513666840875,0.6155903091952443,0.665821127032652,0.6541085961344235,0.6773864422412637,0.6593279313137101,0.7347397883337532,0.708875613880717
2012-01-20,1.0,0.6412368855620183,0.6891572150997397,0.6237826032671347,0.6771705220810689,0.6612990076581988,0.6844973624025522,0.6655781713504519,0.7400101705567173,0.7116835733651293
2012-01-30,1.0,0.6245755362917211,0.6784995658561874,0.6180695395911097,0.6697913813861825,0.6537978774988281,0.6752413180420882,0.657757479000957,0.7357845116698859,0.7011140059580125
2012-01-31,1.0,0.6295903161193447,0.6805926419178838,0.6160944212821771,0.6701435205867841,0.6553436492012598,0.6755385592971634,0.6575601087596028,0.737219810615183,0.7025216705061923
2012-02-01,1.0,0.6206738899544985,0.6738982429640756,0.6108368269326808,0.66544342460129,0.6502841333114235,0.6693574514876545,0.651861262298237,0.7301503424782946,0.7033083757074949
2012-02-02,1.0,0.6303565675997204,0.6902231248817684,0.6203231268588039,0.6776624541836499,0.6615375693435325,0.6823317020430967,0.6622719376441073,0.7373888410898473,0.713459874800689
2012-02-03,1.0,0.6362325000840027,0.6999997035592708,0.6297253784902324,0.6871970725654278,0.6686734671350355,0.6935106186699377,0.6726175264645732,0.7437850118538967,0.7200054277766942
2012-02-06,1.0,0.6318473929013858,0.7015720460573341,0.633823946624431,0.6887571743943026,0.671449196530959,0.6991212092824831,0.6765239161484042,0.7495992507789734,0.723973415383422
2012-02-07,1.0,0.6145446394968579,0.6882149973271439,0.6222927458180114,0.6743103234560706,0.6606560196124228,0.6857991365369892,0.6618584039537786,0.7375446708797384,0.7138249511673149
2012-02-08,1.0,0.629213200062332,0.7000498224644222,0.6375215243745763,0.6909469343230451,0.6755869810449765,0.7030691502594182,0.6789180106833402,0.7521054075555541,0.7288306856246752
2012-02-09,1.0,0.6366742832703112,0.7044384014385349,0.6411299163896692,0.6968125224867074,0.678018547630756,0.7081187916222628,0.6827120413015703,0.7537890674283733,0.7310469963285486
2012-02-10,1.0,0.6469353229372106,0.715693481396515,0.6495721671810039,0.7023156604452306,0.6827699263668806,0.7142850475079527,0.6873205402973366,0.7576175978884246,0.7342550184099446
2012-02-13,1.0,0.6423841642576015,0.7155257197056216,0.6507832637274388,0.7044170627927313,0.6859536559092246,0.7171792776172613,0.6913001495400015,0.7605932003441419,0.736562273742502
2012-02-14,1.0,0.6448247458319079,0.7120458133791053,0.6541506036853176,0.7054667739736125,0.685119372942697,0.7201181859197128,0.6955735594123592,0.7622002687171588,0.7348382405559888
2012-02-15,1.0,0.6561207097228335,0.7228129699740747,0.6635234555068239,0.7175116216292715,0.6960834672256829,0.7316678437241548,0.709454995326978,0.768278358979011,0.752062974468473
2012-02-16,1.0,0.6516303070143256,0.7277447679485195,0.6636685592788687,0.7188679030090053,0.6951876316458825,0.7314293354986503,0.7086137880027656,0.7666169212834714,0.7460640015321093
2012-02-17,1.0,0.6518195336126399,0.727143503285302,0.6627483639418648,0.7178270614829427,0.6917557156210458,0.7272087638351049,0.7064295425712143,0.7660348220704775,0.7463983814090324
2012-02-20,1.0,0.6568517667355368,0.7328083769961785,0.6664619666959545,0.719422231691397,0.693507411864979,0.7296787077086915,0.7056491633915051,0.766053031349917,0.7554705959939287
2012-02-21,1.0,0.6662868482134495,0.7367827732679231,0.6716790049857817,0.7258411529512875,0.7013153227290534,0.7368445425616013,0.7111488288645855,0.7708650599806068,0.7585574069248849
2012-02-22,1.0,0.6785688121071789,0.7603251028620531,0.6876203555026159,0.7395405062998505,0.7164872714903312,0.7484473074200155,0.7238800278439157,0.7825237618509283,0.7643573962051738
2012-02-23,1.0,0.6750982667295308,0.7597879892909143,0.6909314955747596,0.7425389222146557,0.7196967182902864,0.7495158724500524,0.7264904354019548,0.7859170671314721,0.7658375958744028
2012-02-24,1.0,0.6930142887462823,0.7728119429731966,0.7103035430941596,0.7577688772577428,0.7313757254743541,0.7639182183751477,0.737488177801315,0.794159669321124,0.7764580316354417
2012-02-27,1.0,0.6940619937220232,0.7854564577893003,0.7089713357487518,0.7641462324262323,0.7353111172990888,0.7636922619227219,0.7413157871671461,0.7949152534635222,0.7786180799900031
2012-02-28,1.0,0.6893239948462061,0.7822074243444592,0.7085018367475606,0.7654567854630211,0.7344206844763745,0.7606689076202013,0.7393032489006149,0.8013057096466472,0.776407038487142
2012-02-29,1.0,0.671531770913109,0.775262619241821,0.6906540045576822,0.7543136036374826,0.7227117374907042,0.747128636429259,0.7287012882031597,0.7919628705971274,0.7677764960332166
2012-03-01,1.0,0.6756098630969319,0.7787448803635445,0.692391208220251,0.7603540149324266,0.7252910274232507,0.7507855568693855,0.7319907011452436,0.7932404869515093,0.7735216077736821
2012-03-02,1.0,0.6973211866625251,0.7987630601531843,0.7086160263988128,0.7771623008855942,0.7404353041054341,0.7666037996768634,0.7468887768756489,0.8051272425658893,0.7835825311271659
2012-03-05,1.0,0.6945809369122158,0.8010827250468728,0.7083146036180346,0.7789476944384891,0.7380621740041761,0.767828067016183,0.7467488916407197,0.8054704205750854,0.7765713015011543
2012-03-06,1.0,0.6882168710389805,0.7934346521223354,0.6992543738322184,0.7693417671369576,0.7313631518349367,0.7618851506440063,0.7391981956053175,0.7985681485171433,0.7720904756294548
2012-03-07,1.0,0.6848458993811744,0.7864491566025434,0.6973450762763842,0.7658321718889128,0.7274804959128313,0.7589819637030437,0.7348985255348945,0.7968634715831503,0.7658908466602288
2012-03-08,1.0,0.7049955352015189,0.7970442990668561,0.7081201929409231,0.7766206734466502,0.7366310484935178,0.7708967833437975,0.7446897707826479,0.801300167217008,0.7719762487116337
2012-03-09,1.0,0.7167812574981399,0.8026899518993087,0.7144967853146027,0.7843247128564679,0.7435463308247812,0.7827789155580237,0.7558725217882384,0.8073468361004376,0.7802743398938006
2012-03-12,1.0,0.7032553030846898,0.8034867555848879,0.7133662903656983,0.7839456773285233,0.741924439998346,0.7830352708183036,0.7553138719056701,0.8061731308618767,0.775585037094137
2012-03-13,1.0,0.7067795454877739,0.8085870340891003,0.7212492306551933,0.7926128971612002,0.7473608061484123,0.792565578440235,0.7623702520370409,0.8147527336141703,0.7833796707928927
2012-03-14,1.0,0.6787692966864796,0.7601097576352499,0.686809312270904,0.7549880162304411,0.7151669223798632,0.7592576292597365,0.7311902525776786,0.7835440003880504,0.7544371307478526
2012-03-15,1.0,0.6701242175445166,0.7448111832232898,0.6715618616853534,0.7419250198138836,0.7014742373214481,0.745511109840559,0.7222901031476612,0.7718398037945436,0.7426660965438292
2012-03-16,1.0,0.6885524116829215,0.7611725187298172,0.6891792656306737,0.7585825313028915,0.7152786803733174,0.7611440516783299,0.7378978941584766,0.7846708717329127,0.7575026011861978
2012-03-19,1.0,0.6901670350682415,0.7684520944480231,0.6998019272331276,0.7674510526582272,0.721849654337915,0.7721664560917605,0.7440027089034875,0.7914682935863827,0.766722681842021
2012-03-20,1.0,0.678021362132755,0.7615577499124203,0.6938892979312633,0.7558627194129839,0.7108681751373253,0.7578247095844692,0.7334277239651797,0.7799767735792704,0.7515664479650956
2012-03-21,1.0,0.6775261697981367,0.7620858726179183,0.6935502224221596,0.7586591234038581,0.7127684962568763,0.7613108798715494,0.7369462072209622,0.7861306329528291,0.7613839516761196
2012-03-22,1.0,0.681485897827228,0.7574321897745294,0.6919744491482432,0.7600647623235364,0.7134187338579109,0.760705446735014,0.7336575897559772,0.787146185340255,0.7596674362769392
2012-03-23,1.0,0.6703298481756138,0.7432979470823191,0.6798298614957412,0.7422788721802466,0.7002894961900639,0.7466439391074529,0.7180600460121174,0.7731080098574581,0.74751254359881
2012-03-26,1.0,0.6696759511667946,0.7439349058796701,0.6780604708011916,0.7429752567762552,0.6983150623259762,0.7437679444182206,0.7151257713386103,0.770293489219053,0.7499556701128095
2012-03-27,1.0,0.6719152867764365,0.7417044393530653,0.6753427462956536,0.738368267419571,0.6974260101595742,0.7415652963816317,0.7151447228028651,0.7730761042950689,0.7487345922231987
2012-03-28,1.0,0.649563320461977,0.7120648854015693,0.6457293901313327,0.7098121333201493,0.6661275002644672,0.709156042294119,0.6864100672949704,0.7460809579611648,0.7242620763143576
2012-03-29,1.0,0.6475551769868614,0.7000498165602473,0.6381322157322848,0.7042712397141766,0.6597379886108736,0.6992713703536618,0.673566848986445,0.7358733441870564,0.7171434477059532
2012-03-30,1.0,0.6622365183040498,0.698872012602773,0.6384944689992403,0.7033495504570055,0.6598945810237175,0.6972351014728153,0.672902605944097,0.7373617869490529,0.719609736306831
2012-04-05,1.0,0.6748656520849303,0.7206612370323331,0.6560711432492299,0.7247827929270262,0.6753316905560857,0.7157305503531391,0.6919896215282946,0.7538207943805433,0.7349857349199379
2012-04-06,1.0,0.6760968618529366,0.7322210204825121,0.6620078718598308,0.7310388322108914,0.6792320910936813,0.719936256125933,0.6929844796704114,0.758082778502953,0.7379714838524917
2012-04-09,1.0,0.6692665005524543,0.7218902946174833,0.6562883305612899,0.7230018711633421,0.6743727782047044,0.7164166043578526,0.6864314007201656,0.756169066255491,0.7314625854073117
2012-04-10,1.0,0.6898401783867081,0.7306946405783514,0.6663011340724387,0.7348734893905093,0.6846449667478166,0.7227917214084936,0.6923052761840971,0.7585053558854095,0.7393293469220806
2012-04-11,1.0,0.6946902438569557,0.7452569740040628,0.6731415270742915,0.7400901036041869,0.6883514247897398,0.7309347978155306,0.6955469484264108,0.7596172483563559,0.7442010599251354
2012-04-12,1.0,0.7105553954770156,0.77611110086491,0.6876729261356338,0.7574115517328184,0.7021576824413722,0.7459969948234634,0.7095961260181428,0.7685657974027452,0.7583002018795346
2012-04-13,1.0,0.7104842451563066,0.7776489716597634,0.6905346321953828,0.7660146664395505,0.7075152948417297,0.7532708462788382,0.7157371198135091,0.7736442952814296,0.7604226114102758
2012-04-16,1.0,0.7202738433441618,0.7826187937112278,0.6985640476589755,0.7652726361761726,0.7119197942553843,0.7577081368433184,0.7202840870505038,0.7757910482594904,0.7619104469531214
2012-04-17,1.0,0.7039312405618826,0.7650957557527044,0.6843006941177407,0.7531264799249302,0.7030206819538559,0.7467247309539892,0.7106654494891179,0.7668680504235194,0.752671037098228
2012-04-18,1.0,0.7273166063442809,0.7883113648860132,0.701309767323114,0.7682987465155688,0.7177244264639001,0.7638295077678887,0.7256975947866794,0.783549642908068,0.7701098008822751
2012-04-19,1.0,0.7230969749044043,0.7938424592288432,0.7003593355580263,0.7675712359509161,0.7147801307810621,0.7602921282380369,0.7215999088972923,0.7870520034317774,0.7749349467650347
2012-04-20,1.0,0.7458980712279636,0.8102094677656313,0.7089518794223695,0.7733495528405591,0.7217905717007713,0.7668659497213645,0.7294249678836353,0.7948718786755632,0.78177989571163
2012-04-23,1.0,0.7604137511712997,0.799252510077859,0.7032632758840618,0.7612928265671404,0.715255957961438,0.762206680564699,0.7227255644080267,0.788962868200245,0.7738815636365084
2012-04-24,1.0,0.7557760874006887,0.8033013520019572,0.6933750236870833,0.7620619617972344,0.7104990466827861,0.7614848362293708,0.7222563041697598,0.7846951538393897,0.7683778794227166
2012-04-25,1.0,0.7705452709484951,0.8234921306566576,0.7108527052119802,0.7777789430450086,0.7105333673120598,0.7755875694702792,0.7373283686171405,0.7960401054466547,0.7759233695114995
2012-04-26,1.0,0.7668328512095868,0.8233205092009238,0.7050045910515729,0.7702715283172594,0.7065187224768672,0.7750395018236802,0.7296679093329185,0.7906889583989523,0.7677403180016072
2012-04-27,1.0,0.7583174775884396,0.8114600489339534,0.6986839511600472,0.7639540597676887,0.7023290157146921,0.7643636323955686,0.7241113923553341,0.7859885339966787,0.7610162030775076
2012-05-02,1.0,0.7784087438397895,0.8125369621661225,0.7063308616470655,0.772564820022398,0.7130292824082329,0.7680912269387203,0.7342340480968161,0.7985575469125185,0.7706400901276297
2012-05-03,1.0,0.7840608310123371,0.8070565741623417,0.7045722610601767,0.7730760599658284,0.7120125468515781,0.7696882847461257,0.7335943703390633,0.7998613042179779,0.7709945529880995
2012-05-04,1.0,0.7910586387442701,0.8094755201903238,0.7050699225003777,0.7755765005481083,0.7138455691838227,0.7720611622840808,0.7340122013743375,0.7975184533289701,0.7754912153023422
2012-05-07,1.0,0.8001533511128983,0.8126343817813055,0.7043365793466981,0.7806469791837118,0.7174445335303937,0.7764995740074654,0.7369564509227212,0.7949909051595152,0.781073762215144
2012-05-08,1.0,0.8080057077896886,0.8201347940464759,0.706571639155128,0.7819178905478616,0.7159386578248276,0.7747318679670667,0.7354532968626488,0.7957640683273796,0.781460465624279
2012-05-09,1.0,0.7876425948102831,0.8028917960071682,0.6961656239598828,0.7653062836557218,0.7009104169071809,0.7606304051130965,0.7195764397904072,0.7826318612472963,0.7641084222839161
2012-05-10,1.0,0.7918594445787719,0.8063650313398395,0.6877088111055076,0.767112415779797,0.7027234764877475,0.7622265971526864,0.7220587817474925,0.7800480893792505,0.7637583572905811
2012-05-11,1.0,0.7868104943425893,0.8018591179140323,0.6708928974333848,0.761047798880757,0.7004116578631725,0.7563885437755681,0.7196427394957209,0.7713923318813859,0.7574668479588893
2012-05-14,1.0,0.7819083952664726,0.7999692285020634,0.6691942415910203,0.7605525922950476,0.7009006419575814,0.7545290463152534,0.7204960983034583,0.7709655604926963,0.7560858253410386
2012-05-15,1.0,0.7840071640514755,0.7974928828871374,0.6673102172314586,0.75954093248322,0.6992954082112564,0.7519652908379039,0.7206717358289,0.7684682699940077,0.7532993467827612
2012-05-16,1.0,0.7738798131191196,0.7909834796006775,0.6583638235092573,0.7496533902129567,0.6809755382196678,0.7385082439749595,0.7091181854118022,0.7597438080898478,0.7490288226952122
2012-05-17,1.0,0.7885187500161825,0.8057497435784445,0.6717116083424984,0.7611094253733529,0.6898963084015377,0.7495390180868517,0.7234878314594176,0.771828027504774,0.7656725050282864
2012-05-18,1.0,0.7759333555448016,0.804308192569746,0.6645721531788495,0.7529391835661189,0.6836185444874733,0.7427176204779555,0.7148208334966697,0.7663227023823329,0.7662637933520754
2012-05-21,1.0,0.7679331466510169,0.7993718581930394,0.6533319359861643,0.7400503461258676,0.6761776211066447,0.7385937069791965,0.7090233435120433,0.7596253097336333,0.7572366169612722
2012-05-22,1.0,0.7574872527852078,0.8051244584734077,0.6632496695231237,0.7471548830293586,0.683676058059087,0.7456758591949212,0.7169465055192782,0.7721211293732548,0.7609219440697378
2012-05-23,1.0,0.7485727471432589,0.7939573818609515,0.662413149251238,0.7405121038253495,0.6820191174152368,0.7408827459146233,0.7127109558505828,0.7716067258382389,0.7500675562760849
2012-05-24,1.0,0.7507049301254481,0.7915756234023574,0.6602623744268761,0.7369794674922447,0.6782729606660699,0.7364734008363053,0.7049686322787605,0.765653124393178,0.7447122023972708
2012-05-25,1.0,0.7287000386384737,0.7824522732019058,0.6537492175484161,0.7266169551633962,0.670195616382155,0.7301003171238483,0.6975093556367308,0.7572073699074113,0.7365081020804005
2012-05-28,1.0,0.738214807317692,0.7934433620988464,0.6650746558360978,0.739910854031482,0.6778343880826365,0.7415781279131635,0.7066554123106861,0.7744219221946218,0.7474255939514062
2012-05-29,1.0,0.7518388689638221,0.8074648603292864,0.6760832668389171,0.7495926030323389,0.6867145653085451,0.7509324015861844,0.714740688933758,0.7913059625366966,0.7611597134213004
2012-05-30,1.0,0.7626407426813806,0.8113249910529843,0.6782783569817452,0.7516328363538806,0.6890842615186425,0.7515892377655047,0.7147635365188545,0.7954513011497067,0.755511190129133
2012-05-31,1.0,0.7396664280074057,0.8120767383391844,0.676883077101503,0.751410036259329,0.6830054242860448,0.7510404054455853,0.7133659846236492,0.7948006089570459,0.7519403310006046
2012-06-01,1.0,0.7344181154314162,0.8120847256101655,0.676188948250695,0.7496977342877581,0.6836939893025707,0.7486278922588219,0.7143846010895114,0.792953012139953,0.7510940370862891
2012-06-04,1.0,0.6990007186635779,0.7814450828939741,0.6512725957875785,0.7204530070428873,0.6592817385299007,0.7177849763308949,0.690293206969005,0.766736079964962,0.7317466297887911
2012-06-05,1.0,0.6750545902836285,0.7817711644296591,0.6485150521196504,0.7208019433879659,0.658729861580381,0.7191967939724414,0.6913238444684762,0.7638762267611461,0.7306504706246576
2012-06-06,1.0,0.6713248834906693,0.7812249924805542,0.6484423088728539,0.718182561448423,0.6556458150998234,0.7163562209205141,0.6873580599670832,0.7612108449736772,0.7278779995367293
2012-06-07,1.0,0.6669362998247477,0.7768327298650184,0.6431753084919963,0.7135594671741782,0.6531705710824113,0.7132068394453748,0.6854859613701342,0.7603167426728132,0.723932475096172
2012-06-08,1.0,0.6607002249473847,0.7763445657006341,0.6409028853281036,0.7100705711004172,0.6512678147225333,0.711055851097326,0.6842471391483309,0.7556024044342645,0.7238365046215715
2012-06-11,1.0,0.6750663700663722,0.792955551769098,0.6560815158461855,0.7207029427551828,0.6620834685636195,0.7219319444567258,0.69361353801565,0.7648363802267563,0.7310313255062321
2012-06-12,1.0,0.6696033096776112,0.7919476793584834,0.6546199919780489,0.717995085274149,0.6588529895329157,0.7155844585047617,0.6800163260209073,0.7646753212351156,0.7249181109201697
2012-06-13,1.0,0.6815801545379191,0.8019487442859503,0.6641413404819851,0.7316134926774341,0.6691551485485108,0.7290265797451588,0.6941538230836717,0.7760488259430026,0.7348906759700929
2012-06-14,1.0,0.6771280957873687,0.7936295060196165,0.6599115140665844,0.7251358861884862,0.665027296090036,0.7266071614124047,0.6913919834331714,0.7705613370039273,0.7260214690097035
2012-06-15,1.0,0.678101699107582,0.7972671560859305,0.6613921189971109,0.7269162245257427,0.6647417702740254,0.7278105766830636,0.6900522062748125,0.7670335782066282,0.7266554242543221
2012-06-18,1.0,0.6877155593260745,0.8058801487571058,0.6661024716660773,0.7329813422329252,0.6679888150602549,0.7330418550653216,0.6950952596071898,0.7741922089289546,0.7292058141798408
2012-06-19,1.0,0.6813517616574539,0.8024379518852284,0.6606002714318466,0.7237711380336079,0.6640334671390882,0.7294773465193283,0.6905134248273562,0.7670445179077711,0.7204649151550013
2012-06-20,1.0,0.6826682667183218,0.8014328709904186,0.6581109588041979,0.7232456325603651,0.6630774608044834,0.7276455579550962,0.6886063206044495,0.7638278328530199,0.7174710459072046
2012-06-21,1.0,0.6762930689370275,0.7878246243744133,0.6484493658696767,0.7121183623261355,0.6547762721946448,0.7165607689271896,0.6849681155438012,0.7548947995644418,0.7122610043720872
2012-06-25,1.0,0.6576738912911531,0.7748903635451316,0.6328941060743314,0.6952528454759496,0.638576512733792,0.6984921204091019,0.6744448390376256,0.7325194079846351,0.7045310386662075
2012-06-26,1.0,0.6580131285183745,0.7772935309353479,0.6323239217690122,0.6957540050116843,0.6369908951626765,0.6972580813731066,0.6731078987827468,0.734369254399705,0.7058557218251527
2012-06-27,1.0,0.6523596010930015,0.7767311213260255,0.6289603700580543,0.6935351597461548,0.6341263327962677,0.6927802771827383,0.6699465872225713,0.7275626185882899,0.7055187852551642
2012-06-28,1.0,0.6366382845394832,0.7665124920976228,0.6193340512569674,0.6808252405674544,0.6224572952085023,0.6848990003423353,0.6633114932996262,0.7173655169789979,0.6967182323414379
2012-06-29,1.0,0.6416751092312661,0.7786229695786644,0.6266747788374049,0.6903278626487644,0.6279669728869386,0.6890667768080406,0.6628568401119379,0.7272343841517392,0.7012287030532252
2012-07-02,1.0,0.6473532546531856,0.7821300128397274,0.6294068416579144,0.6945877142061231,0.6330942023482263,0.6921591171904262,0.6667828859726349,0.7266998631398567,0.7024394127279633
2012-07-03,1.0,0.6504094416850539,0.7820702403097036,0.6345390502014281,0.6965198238206113,0.6347621931686829,0.6947339896342143,0.6668250805087285,0.7311478302349352,0.7052664757065292
2012-07-04,1.0,0.6527714582035078,0.7795694307524137,0.6310299449301363,0.6929982580937556,0.6313162546128106,0.6923898296237575,0.6634236991471611,0.7238127523278391,0.704686853997033
2012-07-05,1.0,0.6353166309910816,0.7599331211108075,0.6199925333013828,0.6773985303188598,0.6165152971861898,0.6759671929742992,0.6496400481376458,0.7064563589285432,0.6916709031789772
2012-07-06,1.0,0.6482086231696553,0.7701787735387327,0.6314788076372428,0.6808539987418338,0.6268135944171639,0.6890857955956349,0.657482270333427,0.7238853575622755,0.6921467395592281
2012-07-09,1.0,0.6306425944825513,0.7484474760565079,0.613556098831655,0.6619988603243855,0.6030906564346529,0.673489647578149,0.6433731682787501,0.7039902044962135,0.6757066676268454
2012-07-10,1.0,0.6322910347822027,0.7442085829599255,0.605988829856298,0.6576686453798564,0.5990753350761272,0.6703540129840033,0.6448422349879734,0.7015709257642165,0.6729428920287309
2012-07-11,1.0,0.6366266527992881,0.7487312791662123,0.6122946964681474,0.6605582845389404,0.6045757870548221,0.6729982506226849,0.6490377385070208,0.7132053942708226,0.6763957032899349
2012-07-12,1.0,0.6459939776624707,0.7556753854786366,0.6197536529282812,0.6654400178875688,0.6092080675786657,0.6788936527634527,0.6567292971695191,0.7151168204748195,0.679670621627436
2012-07-13,1.0,0.6432301958250866,0.7539713597431266,0.614500025685134,0.6597893076925062,0.604782882768851,0.6738496218427732,0.6504565221318951,0.7130466307265558,0.6766792005480218
2012-07-16,1.0,0.6137915479248403,0.7253984771259853,0.5879954025562564,0.633317751217805,0.5839714812795134,0.6534096589577348,0.6264655705111861,0.6933826949296551,0.6575034394931344
2012-07-17,1.0,0.6175659341005256,0.7301955364878431,0.5916675599644579,0.6376966067742412,0.5903677674793568,0.660493527841595,0.6341084865581632,0.707895095103333,0.6635672754308585
2012-07-18,1.0,0.6288619038655785,0.732757673696353,0.5955407351130827,0.6425729799527723,0.5938273859050045,0.66784803136451,0.640847159207326,0.7171927923193184,0.6673461830088879
2012-07-19,1.0,0.6378564962651654,0.7377378963670921,0.602249942684937,0.6508559934631755,0.600838663672788,0.674570098776256,0.6461534834896069,0.7211292233278356,0.674679561537481
2012-07-20,1.0,0.6345312990933378,0.7351662070882449,0.5990794013035838,0.6469325628885971,0.5985670238830533,0.6705319146191487,0.645066031352292,0.7147224100498563,0.6712919665181993
2012-07-23,1.0,0.6327852372131426,0.7283216437575475,0.5927094505948657,0.6407062611881168,0.5903400771375279,0.6650281463968041,0.6415341314603908,0.7122131920480665,0.6662552114375933
2012-07-24,1.0,0.6378727132096317,0.7324493100291087,0.5996247452932174,0.6458480375006085,0.5940523343531154,0.6708631783927214,0.6447618147897957,0.7143499498033637,0.6686965996628598
2012-07-25,1.0,0.632697050107466,0.7276784338462169,0.5952209263526655,0.6414286031898037,0.5882672919482181,0.6653133489519457,0.6363316781565447,0.706605242293216,0.6607651042671817
2012-07-26,1.0,0.6267685251031874,0.7248983064781099,0.5893426059835394,0.6380951336834079,0.5836463400764776,0.6604844292244135,0.6313446486709671,0.6973539967288289,0.6551225224941798
2012-07-27,1.0,0.6209234106600908,0.7245193990132422,0.5875208420907272,0.6371788829251447,0.5843489724761388,0.6602176474171909,0.6285586582771121,0.6977266374450866,0.6544538088980024
2012-07-30,1.0,0.6019738137765805,0.708640661121344,0.5809247644857589,0.6260129205011867,0.5732415107565353,0.648289560824687,0.6171721120194136,0.6834515466465612,0.6488175630217907
2012-07-31,1.0,0.5857454900080942,0.6979572489764935,0.5713200078095543,0.6199905977858704,0.5644786542633841,0.6396711938077884,0.6070401734725628,0.6752671696638374,0.6460791199286375
2012-08-01,1.0,0.5927816093866782,0.7089059583200505,0.5814931927391416,0.6279123201453556,0.5729477813345092,0.6469791535704995,0.6157035458130043,0.6878307522424596,0.650826938420466
2012-08-02,1.0,0.5872513344602769,0.7042549491916884,0.5753101944328999,0.6250296961825944,0.5693676957294512,0.6429260003632408,0.6129193390939116,0.6890603040022827,0.6485102418495983
2012-08-03,1.0,0.5959924482388674,0.7163449807471924,0.5859848328339614,0.6345862646473172,0.5787438568581121,0.6507606056444254,0.6234142694966193,0.7007954967256248,0.6550211220734173
2012-08-06,1.0,0.609222956928858,0.7308923275244182,0.5988399703458064,0.6458993452988381,0.5903119009262147,0.6610317173858581,0.6352379486730284,0.7104004035135986,0.6608191647444842
2012-08-07,1.0,0.6214011916483321,0.7342900713391981,0.6072897313678087,0.649896680910985,0.5946683026446199,0.664573465929044,0.6393200905209807,0.7211797156881777,0.6671080231236383
2012-08-08,1.0,0.6182409718606805,0.7311109258626954,0.6064236672584699,0.6504164255081702,0.5921191857693482,0.6633995142886723,0.6351035077521626,0.7124067020945053,0.6666378761632128
2012-08-09,1.0,0.6230890404714277,0.7402449341603093,0.615608429508981,0.6569363890523005,0.5995958574126842,0.6702255643046737,0.6429900019878635,0.7241169916053541,0.6721522265443587
2012-08-10,1.0,0.6233090300639316,0.7370026427785867,0.6144805311468863,0.656343984632716,0.6000137003786358,0.6712831150318229,0.6445056720154182,0.7222793186854577,0.6696227943536142
2012-08-13,1.0,0.6133996984105609,0.7274732679349359,0.603083695095683,0.6406990065254521,0.5863412991296646,0.6593221866886885,0.6313848467207951,0.7117462274325582,0.6543084677123563
2012-08-14,1.0,0.6286692081630908,0.7362461241360185,0.6097200210177661,0.6475658030928934,0.5902764325459048,0.6612481579776922,0.6366023367206841,0.7209558879815456,0.6568630025621767
2012-08-15,1.0,0.6212580509066876,0.7374794588512785,0.6025029588286845,0.6429513919107368,0.5822631837334825,0.655177005145764,0.6304641305647296,0.7157198514574438,0.6523418041139291
2012-08-16,1.0,0.6151678788915624,0.7313815387351738,0.5988302857301482,0.6375805404482675,0.5804525793057136,0.6493140186275252,0.6248888462605067,0.710919954563427,0.6527247841015887
2012-08-17,1.0,0.611709174718948,0.7344565774580346,0.6009344330430441,0.6394455347189957,0.5814377173747161,0.6511625994475344,0.6264395744877863,0.7130864891309883,0.6520422804383096
2012-08-20,1.0,0.6132609449096236,0.7349249070245747,0.6023854403482864,0.6391620308655485,0.5820973923114059,0.6517705560166475,0.6263459127129881,0.7124183051255539,0.6518561357123794
2012-08-21,1.0,0.6126286990048573,0.7393873912802998,0.6117672069578287,0.6479565436201106,0.5887132663292408,0.6593286138805134,0.6343670278620884,0.7252304391961489,0.6532051806294664
2012-08-22,1.0,0.6101425580885922,0.7337095173426954,0.6062440225060985,0.6382212079314811,0.586658811457022,0.6572034415634161,0.6299894424444986,0.7195790954610197,0.6474136740473594
2012-08-23,1.0,0.6224529862237514,0.7404684725680181,0.6098605070295214,0.6439097843531661,0.5906155023220871,0.663395271628209,0.6316918878214679,0.7185689588989106,0.651256070494003
2012-08-24,1.0,0.6097139332530713,0.7246807495195068,0.5991040134762539,0.6351770436130115,0.5796688997328903,0.6513108711896104,0.6164406365743761,0.7037613888099904,0.6416080694194312
2012-08-27,1.0,0.593711256136191,0.7082284271145204,0.5868540489984644,0.6221649248504804,0.5693849582608184,0.6373341116407927,0.6023059356427,0.6869478783324869,0.6283907684338997
2012-08-28,1.0,0.6008363320510303,0.7080828511162754,0.5906839193867849,0.6261725841771808,0.5741821086089766,0.6429543162703181,0.6041255896674386,0.6911742177200764,0.6314643599972607
2012-08-29,1.0,0.5987810890423875,0.7050448388669864,0.5899222232020425,0.6250534665385765,0.5695128366550243,0.6361910107268566,0.5990723385830997,0.6882167079077076,0.6322150570572916
2012-08-30,1.0,0.587737490761344,0.6972319737484456,0.5847460132558506,0.6158319779240838,0.5628060255679244,0.6282005313366171,0.5908132836583678,0.6867562481199676,0.6299918574137108
2012-08-31,1.0,0.5904687167493017,0.698961743418072,0.587866292338217,0.6188978467084889,0.5650853683437885,0.6299668201462862,0.5905835176886011,0.6892896061278663,0.6318740236848369
2012-09-03,1.0,0.5973986653984598,0.7106039238551642,0.5952682170659185,0.6272303212194213,0.5720760596135522,0.6355742243458945,0.5965822338458282,0.7027115605256138,0.6325798586157159
2012-09-04,1.0,0.5887262082651189,0.7053759411746563,0.5902465968267218,0.6219696075810983,0.5644625604613117,0.6297496190910478,0.592067185358701,0.6905100068057016,0.6262570992596229
2012-09-05,1.0,0.5927347921331035,0.7076714036338516,0.59342342870467,0.6258124644899111,0.5666445109567708,0.6338195544861327,0.597310935996203,0.6950945046155914,0.6254118284158475
2012-09-06,1.0,0.6005574409411281,0.7144421849433483,0.5990377187027425,0.6327201920093372,0.5738018188373629,0.6404683113498754,0.6031483695886594,0.7026487360965128,0.6331171753688626
2012-09-07,1.0,0.6209184458133362,0.7405581071218816,0.6187587099151926,0.6544309072833763,0.5938950143594829,0.6605079220688745,0.6222521636172182,0.731148739780171,0.6518112512509863
2012-09-10,1.0,0.6252521295163096,0.7422595676579126,0.6229575252271027,0.6624933042592889,0.5972197275067909,0.6585681733803934,0.6268184169901597,0.7352334035612169,0.652403976224482
2012-09-11,1.0,0.6253334017376562,0.7394959415686685,0.6219920977489756,0.6610386627120082,0.5940013176781497,0.6538633274695701,0.6224559441939888,0.7290281965576293,0.6503760316873409
2012-09-12,1.0,0.6319921631408868,0.7418691974683674,0.6252426225789136,0.6655488442939259,0.5972044911745599,0.6570267387733865,0.6257712546081204,0.7377263053517877,0.6504953009878918
2012-09-13,1.0,0.6284630589354512,0.7326756368225218,0.6193072381661675,0.6552778462458267,0.5887326875923834,0.6479114911046547,0.619135931482957,0.7211398899641148,0.6416519864252421
2012-09-14,1.0,0.6280697805410523,0.73504125534881,0.6183934003977912,0.6576571534927657,0.5880522779604076,0.650072498104902,0.6185255969308222,0.7183525870703182,0.647398031965941
2012-09-17,1.0,0.6065891826325704,0.7147940377054286,0.597753313711218,0.6370018977973317,0.5708111823799922,0.6344258233047311,0.6021370751172609,0.7025927924443581,0.6311402978831543
2012-09-18,1.0,0.6076052952652877,0.7113147783159027,0.5973844844397562,0.6344843008897911,0.569183527723764,0.629663440216291,0.5992007008909496,0.7062023205029934,0.627233194999013
2012-09-19,1.0,0.6091882190520651,0.7195784947703799,0.6018248571672511,0.6383340535323812,0.5744603231032808,0.6319916005848467,0.6017674607384962,0.7099580546453899,0.6285064133501125
2012-09-20,1.0,0.5823411875293816,0.6995379643285422,0.5793443216562579,0.6173324952394333,0.5582715643604579,0.612404498933581,0.587920737717426,0.6828704201568511,0.6157595561084812
2012-09-21,1.0,0.5753946718506989,0.699601999760648,0.5737573236447698,0.6127849748209734,0.5541806423335562,0.6104341794573729,0.5889679409833951,0.6829237571319241,0.612889497326373
2012-09-24,1.0,0.5788710082367207,0.7007603076747917,0.5786196075957051,0.6148463731943077,0.5555098141441982,0.6127052561771632,0.5891905756352084,0.6869269503251584,0.6126821396408524
2012-09-25,1.0,0.5744429191059004,0.6946735807644341,0.5737095817403258,0.6116938241736551,0.5524875562127829,0.6088487592181996,0.58724496599309,0.6774635914856717,0.6084232980139861
2012-09-26,1.0,0.5587420129425411,0.6811317407523944,0.5592765437657485,0.5978098696526639,0.5415182311861273,0.5990660126325488,0.5748720752547827,0.6654693232942465,0.6025464581419027
2012-09-27,1.0,0.5706920117626135,0.6978997777418471,0.5741886640243361,0.6104187487076316,0.5544360124107821,0.6126746046848243,0.5868594420732972,0.68205099168064,0.6121284835069708
2012-09-28,1.0,0.5789091107830991,0.7058087908896798,0.5846241872657177,0.6207086993787055,0.5609408575667051,0.6229812709726278,0.5937489159568806,0.6891921231953904,0.6259083583218332
2012-10-08,1.0,0.5796715470312104,0.7017702039524458,0.5835219331558268,0.6174255717313176,0.5577533871120874,0.6188429873901985,0.5939334982415874,0.6888366577145641,0.62391017944277
2012-10-09,1.0,0.5960292197622903,0.7224064784482277,0.5987644185131376,0.6332547635506522,0.5716734683988421,0.6342777471676326,0.6079513600196529,0.7045470899518262,0.6354814562969119
2012-10-10,1.0,0.6023184033386411,0.7303267200895939,0.6055586536972637,0.639889559997035,0.5779605536251172,0.6414792402724345,0.6153992576972316,0.7111796712575258,0.6367546539593973
2012-10-11,1.0,0.591759537890861,0.7181116538113568,0.5947930482280708,0.6287301935413451,0.570618444844235,0.6336911994377652,0.6112975199602663,0.6947617436705994,0.6334057134915295
2012-10-12,1.0,0.5985792636308511,0.7231723760992494,0.5942629142104441,0.6280602378913789,0.5718099982009657,0.6329383828526078,0.6132721245681051,0.6929562557885539,0.6362913081922593
2012-10-15,1.0,0.5935586337079166,0.7210622055664196,0.5882140821652598,0.619830721069933,0.5684308602786339,0.6258720805915815,0.6053027154088693,0.6954254040201364,0.6293445868432569
2012-10-16,1.0,0.5947803481178309,0.7212655687410455,0.5896744439045427,0.6216511936611854,0.5689953498147918,0.6285009429380453,0.6027397716899014,0.6967450978876827,0.6288526730566079
2012-10-17,1.0,0.6034913987362722,0.7259482947523109,0.5914569048054634,0.6239609842820667,0.5696724532078398,0.6295702068165514,0.6065606244585294,0.6984688301898007,0.6312628891457599
2012-10-18,1.0,0.6124229378097866,0.7392346776282124,0.6022860897471155,0.6363898104423529,0.5797458297035197,0.6390873982801095,0.6170274321659918,0.7108695632884192,0.6453033319197203
2012-10-19,1.0,0.6041439119299236,0.7367800850857402,0.5995267192967872,0.6358554196901042,0.5814092992255242,0.6385828898053117,0.6125925080132533,0.7088541067524768,0.6439245103106457
2012-10-22,1.0,0.6045798523899603,0.7419975915593273,0.602863200504835,0.637693272838954,0.5847101030248618,0.6428932115503999,0.6164313072859139,0.7096629097399706,0.6426071726932878
2012-10-23,1.0,0.6017215224519171,0.7363164111574729,0.5981137331200066,0.6347898675809742,0.582131520728681,0.6402197548695547,0.617011477746596,0.7026884986718888,0.64243344176337
2012-10-24,1.0,0.6037823471863781,0.7341297598908466,0.6002547625204083,0.6399747480408592,0.585664303912048,0.6434822205923382,0.6238956935421218,0.7109808681529486,0.6457051793941609
2012-10-25,1.0,0.5980849745167122,0.7297369280322855,0.5926881175428848,0.6357083001673819,0.5801893818452969,0.6398916984403313,0.6199126220962392,0.7048529844808853,0.6441886632332359
2012-10-26,1.0,0.5810193626811069,0.7164134957219821,0.5766841468746292,0.6206561306002228,0.5678953758656458,0.6291419702307678,0.6059842886604092,0.6931457893885931,0.6282175590076189
2012-10-29,1.0,0.5806352024087559,0.7132320105765698,0.5760129995714136,0.6168796124409586,0.567312068292195,0.628188687368256,0.603282436185605,0.689220182996777,0.6324285605779096
2012-10-30,1.0,0.5802832633912383,0.7166926743918736,0.5777544737866327,0.6148223526679166,0.568590702095865,0.6274549501279373,0.6027018437618973,0.6880962254096852,0.6290644400966908
2012-10-31,1.0,0.5861107356560049,0.7190004419202739,0.5796758043724061,0.6172172190343261,0.5705131988976887,0.6280683584003349,0.6018143077548995,0.6882531712646499,0.6289438765856993
2012-11-01,1.0,0.5955184474217797,0.729481181532502,0.5911339984878381,0.6277922291629664,0.5809453406817628,0.639157522503959,0.6096392902299049,0.702414184849432,0.6364231101050773
2012-11-02,1.0,0.5942889829207016,0.7328199768527585,0.5949608603803089,0.6299842907646349,0.5855173029666468,0.6447991103305356,0.6127907469220085,0.7084501972930273,0.6387562390722309
2012-11-05,1.0,0.5955768182919775,0.7313608809030404,0.5924989469587546,0.6284139743094934,0.5861669638734643,0.6449799135266395,0.6115449868661262,0.7065195580068837,0.6371121586173522
2012-11-06,1.0,0.5948766996833623,0.7306880600386243,0.5878909594355337,0.6244082997125059,0.5796464653542991,0.6396339104284119,0.604448681277889,0.701090472724007,0.6312752555448166
2012-11-07,1.0,0.5963302580507828,0.7310630237045628,0.5866469656192896,0.6236799701003118,0.579140658436772,0.6365697357029103,0.6026357943223184,0.6976319481024443,0.6290350441709506
2012-11-08,1.0,0.571590778348476,0.7124882075548911,0.5745622556987727,0.6075256617511781,0.568007366097074,0.6243281641647209,0.5895707831681869,0.6756614313645913,0.6149721298669842
2012-11-09,1.0,0.5770117002685947,0.7109969953795369,0.5727276899456472,0.6074382403270376,0.5689843334158626,0.6226283652183146,0.591100849152829,0.6741421778368646,0.6162320133914507
2012-11-12,1.0,0.5843086343042883,0.7190073912026117,0.5798672156056424,0.6127587527241195,0.5767057862883502,0.6306062967021019,0.5998454422940591,0.679785016412712,0.620063601151343
2012-11-13,1.0,0.5662832810326158,0.7086110603469945,0.5651142191917333,0.5988228737256277,0.5645022589508384,0.6153188208229342,0.5878089711385255,0.6683396783446843,0.6127243384593692
2012-11-14,1.0,0.5674374527707867,0.7113885868634114,0.5661145151824026,0.6000949094200928,0.5656264778117652,0.6164443122150431,0.5903243714400229,0.6636814845399102,0.6156978065142231
2012-11-15,1.0,0.5581809089807046,0.7014178295720341,0.5587553525333154,0.5908596233205878,0.5552705052873836,0.6062228372321005,0.5772373280720016,0.6522289468427196,0.602740487409183
2012-11-16,1.0,0.5581546469913368,0.6989754066390813,0.5583809759230001,0.5873498825922392,0.5519546498350226,0.6019540493021287,0.5742464908864642,0.6492273436021246,0.6004500930784866
2012-11-19,1.0,0.5621472371947628,0.701364126857138,0.5622534210861369,0.592049459432599,0.5561059541499802,0.6053671528720987,0.5779814972405178,0.6529135009706067,0.6073303907157782
2012-11-20,1.0,0.5623905325647439,0.6967087408394954,0.561388573721917,0.5906275783611026,0.5552505580440508,0.6037211286108161,0.5761445078346632,0.6495988322502423,0.6040960100559359
2012-11-21,1.0,0.5674006214289098,0.7076880215233653,0.5693881686118317,0.5995010416698665,0.5621393531853613,0.6124671696753575,0.5829235569913763,0.6567450822017366,0.6115005421887905
2012-11-22,1.0,0.5598850103456808,0.7004913224587705,0.561509270743805,0.5933555983892249,0.557090761618446,0.6061639504398467,0.5777176417079833,0.646275650048588,0.6061671272683533
2012-11-23,1.0,0.560337072194439,0.703274220375336,0.5617797214335016,0.5953813995559414,0.5584580351647301,0.6084641376097082,0.5780584021816304,0.6507611461085309,0.6082501285423516
2012-11-26,1.0,0.552767922741908,0.6958552158541228,0.5560377635534519,0.589050894223245,0.5531458547660513,0.600974564687999,0.5718281085993335,0.645584786407792,0.6042431639231789
2012-11-27,1.0,0.5273925270005723,0.6715737832248061,0.5361449721255613,0.5701760128288562,0.5351988469268544,0.5826285839545611,0.5517831488519211,0.6217189182219458,0.5901719981545276
2012-11-28,1.0,0.5164592504801423,0.6563676550325057,0.5254413316659271,0.5600543017997829,0.5250238827485969,0.5735870810333163,0.543024666143365,0.6068703731487276,0.5857376567344713
2012-11-29,1.0,0.5120817771918748,0.6505767548745666,0.5201561889731494,0.5590595193713778,0.522704299640706,0.5718099932882876,0.5402963964987972,0.6026277858765994,0.586698190412479
2012-11-30,1.0,0.519596070642623,0.6595867209057296,0.5274246748489265,0.5680560088789622,0.5313927926891348,0.5796651213886623,0.5454578911262707,0.6164288775764174,0.5942903701394341
2012-12-03,1.0,0.505434116292976,0.6477330046720559,0.5166999986696218,0.5551166903108571,0.5224279023916759,0.5694347802448577,0.5344339185349629,0.6068544189313364,0.5864938679803341
2012-12-04,1.0,0.5134961276463462,0.6555357789011718,0.5226782432300918,0.5624775636635464,0.5299025284319552,0.5773770632764977,0.5415789325890286,0.6171088212542369,0.5926818069410363
2012-12-05,1.0,0.5302906287280875,0.677605360766204,0.5408744516988733,0.5830862378289736,0.5466765908838713,0.5955924524256346,0.559552582866761,0.6392842477493057,0.6088667095133456
2012-12-06,1.0,0.5292480333187113,0.6766672094761484,0.5410799236275785,0.5825139249886904,0.5455551983939304,0.5951933166695946,0.5586011923618733,0.6394406877284193,0.6034414673258618
2012-12-07,1.0,0.5410117533833566,0.6915526328614188,0.5515985892376388,0.5938284789066404,0.55710623560443,0.606655964984299,0.5701575810651224,0.6578098655264977,0.6140264204528592
2012-12-10,1.0,0.5521782028002524,0.7027577442243369,0.5591012252366319,0.6046745159056905,0.5650688596804435,0.6143859623123628,0.5800434914233346,0.6731263693057622,0.617164367151656
2012-12-11,1.0,0.5490417465271317,0.698396247963187,0.5550143258895552,0.6005135905588868,0.5610300353422881,0.6112580401077914,0.5765201669757248,0.6744521276670657,0.610820215577629
2012-12-12,1.0,0.547592563589078,0.697135446036768,0.5540790389962031,0.6009772436936501,0.5614395607393731,0.6093187924452205,0.5770602118819836,0.6725422584401602,0.6135755833954624
2012-12-13,1.0,0.5423316988855029,0.6869512141697851,0.5476708140552585,0.5950785666917422,0.5551257062106814,0.6058381926320324,0.5692891813866107,0.6644161783274039,0.6133909295845142
2012-12-14,1.0,0.5627533306019669,0.7139577366636103,0.5696369416144315,0.6179340071005817,0.5759634697849264,0.6300189589896185,0.5906655855984512,0.6965467535522313,0.6326332459954838
2012-12-17,1.0,0.5676199344154566,0.7168584003170854,0.5730124011949679,0.6220476635725337,0.5787767072668849,0.6319688527434543,0.5967180044183035,0.7001848166674693,0.6352014183782495
2012-12-18,1.0,0.5651627826150853,0.713902181575394,0.5718584485026891,0.619605883651194,0.5748914448831984,0.6288471862979323,0.5932530509381577,0.6957337665909931,0.6299876530841146
2012-12-19,1.0,0.5681722938435183,0.7151739260571297,0.5775718921421186,0.6200005221158383,0.5769523502136971,0.6303789456326625,0.5933033065683659,0.6964660936374515,0.6311523205539619
2012-12-20,1.0,0.5673084573165844,0.7163271476604713,0.5789343098400396,0.6199335950530758,0.5775764112595208,0.6311321438444489,0.5923453539992125,0.6949851893853477,0.6310152734864808
2012-12-21,1.0,0.5660895775946773,0.7169799626439779,0.5775270393091629,0.6205234997565482,0.5761110620678369,0.6282075465898831,0.5907407654436735,0.6910669127861858,0.633372892863147
2012-12-24,1.0,0.5701146857087992,0.7193864129449693,0.5838315598291927,0.6240970978509902,0.5769152854726322,0.6312737299193075,0.5925074686851965,0.6949160783029307,0.6319949341900422
2012-12-25,1.0,0.5805973020389009,0.7377094543310486,0.5983770539592854,0.6377979448442388,0.590603574296104,0.6462246454183288,0.6047228475266507,0.7137248377291784,0.6418122049327993
2012-12-26,1.0,0.5867247783750518,0.7465346667573894,0.6061479391730075,0.646052509008756,0.5972828968598283,0.6524806843202235,0.6108137476614329,0.7198466749804551,0.646801151825817
2012-12-27,1.0,0.5767278660879136,0.7373487187052128,0.5991937821371789,0.6425705848852651,0.5925566512776163,0.6476028942271268,0.6097208647240557,0.7120995616737109,0.6436009939966357
2012-12-28,1.0,0.5818825223835467,0.7475254035161218,0.6069685394852066,0.6527740024536709,0.5966029019928972,0.6534288525147597,0.6132917540086059,0.7187237608180275,0.6480709334870925
2012-12-31,1.0,0.5828458357091961,0.7556592301862933,0.6143988081735786,0.6593268536723064,0.6029998712368535,0.6590769084508193,0.6179807274202257,0.7268975873589985,0.6529929718869504
2013-01-04,1.0,0.583531051770165,0.7522444224302354,0.6132902764074707,0.6575285643270777,0.6020432037935062,0.6584814478983304,0.6181966035377603,0.7319710775653729,0.6520672747134312
2013-01-07,1.0,0.5965806423236801,0.7612852096266811,0.6219977103578734,0.6631689968339315,0.6068291365312021,0.6638185381208358,0.6247489952415487,0.7357748420083451,0.6552353404072271
2013-01-08,1.0,0.6054486933009884,0.7684993588788377,0.6272345729831288,0.6677307091070911,0.6098526754628409,0.6664161264747814,0.6255863417098116,0.7390169177616582,0.6549473788503668
2013-01-09,1.0,0.6111310823361874,0.7642310827448441,0.626843550096384,0.6667114975090711,0.6108873908099511,0.6664564756190586,0.6267397102661808,0.7332934071912349,0.654829352811537
2013-01-10,1.0,0.6178303026599329,0.7697545894621124,0.6299551257427001,0.6705374700402539,0.6148740126813872,0.6700154556452003,0.6267807376303589,0.7422449168614982,0.6565738399522425
2013-01-11,1.0,0.605427428227549,0.757208043005188,0.6155621749702791,0.6538767951462142,0.5984616242080419,0.6509407886650902,0.6093693218270123,0.7223114121407687,0.6433018528374294
2013-01-14,1.0,0.6269988649032106,0.7803405415670001,0.636932647865169,0.674388924430249,0.6152794296429049,0.6699310609078263,0.6264354987436797,0.7497569511783937,0.6573572013201915
2013-01-15,1.0,0.6364529845818224,0.7955027561279251,0.6458900835720734,0.6827055156062194,0.6242619939429722,0.6798746920982159,0.6371005902928181,0.7588767013445529,0.6605139648547559
2013-01-16,1.0,0.6385822873709919,0.7920387732746118,0.6430249434485208,0.6781448315030133,0.6235068086242332,0.6764406972472625,0.6383138477429373,0.7539487295101184,0.659161932302161
2013-01-17,1.0,0.6304817206590293,0.7897118013276859,0.6366297528005785,0.6732753935626782,0.619875773085103,0.6724182950581956,0.6346151032010714,0.7453774917459332,0.658774906255379
2013-01-18,1.0,0.6386742723632836,0.803599662495218,0.6497527915520648,0.683200037907971,0.6295318907573835,0.6839020900682343,0.6450496271230103,0.7571414286270682,0.6640381187893817
2013-01-21,1.0,0.6422896107302046,0.8093603171666366,0.6551340318751886,0.6913343646987016,0.6337033394425249,0.6876633638687711,0.651207722177429,0.7646743191831347,0.6768476272985474
2013-01-22,1.0,0.6284689676331524,0.7893984113895582,0.6433198289708814,0.6807655079485918,0.6234102513348266,0.6764883197694492,0.6413125976559316,0.7526243462784441,0.6686198858527157
2013-01-23,1.0,0.623825203535172,0.7911976621866067,0.6460318678037388,0.6804769817266931,0.6255449207507264,0.678681215806749,0.6439766956121211,0.7550409401944276,0.6657010862120982
2013-01-24,1.0,0.6083373710530456,0.7758094393057071,0.6297785646929479,0.6675987694752116,0.6144999989936537,0.6646914809087294,0.6319689511885496,0.7442712427040056,0.6559422280623617
2013-01-25,1.0,0.6098538638561958,0.7754352123289394,0.6332780299856691,0.6635312106160091,0.613086579569616,0.6614757683670349,0.6341435186578538,0.7395034631807578,0.6523663885952188
2013-01-28,1.0,0.6259826599065805,0.7972456660857631,0.654308409664441,0.6797366698227486,0.6269011001190707,0.6766360595960293,0.6491259923893677,0.7584377789366573,0.670736543847947
2013-01-29,1.0,0.6290861368877682,0.7992477836643264,0.6571740252618361,0.6853282919606192,0.631323279408618,0.6844779357352737,0.6542134637740893,0.7634494894568283,0.6701337621481716
2013-01-30,1.0,0.6280768926531508,0.8032927304522666,0.6591767401522763,0.6897500906405204,0.6365507046437602,0.6875363161038914,0.6592739155343186,0.7733113756447353,0.6807830663408864
2013-01-31,1.0,0.6282562078049021,0.7981765591565927,0.6515069273757873,0.6867113971657812,0.6350056960967885,0.6854380970152766,0.6620498654475939,0.7617353068471422,0.6749480711075603
2013-02-01,1.0,0.6279100948425448,0.810689634304623,0.6591234407365333,0.691981416696463,0.6382557070991572,0.6890589928635811,0.662380994950395,0.7680117444156636,0.6784452120390227
2013-02-04,1.0,0.624851600068151,0.8078225195906659,0.6577092278011639,0.6899383868834885,0.63907877623715,0.6877971887105429,0.6616779881972316,0.7654097220621647,0.683685203538162
2013-02-05,1.0,0.6323067618211495,0.8225480759440242,0.6613927080835832,0.697057661607923,0.6463661210913724,0.6937936569912605,0.6687279781378973,0.7754886875365121,0.6862779257013439
2013-02-06,1.0,0.6336718909002902,0.8241519826219655,0.6615809337685136,0.6950894594477978,0.6477494069822448,0.6943152399243517,0.6703507436867472,0.782226958681664,0.6832814945904275
2013-02-07,1.0,0.6345293929628365,0.827124276348325,0.6618445450693068,0.6956303692263823,0.6482255579559744,0.6939556460065323,0.6713123555715105,0.782347006856809,0.6835948755888497
2013-02-08,1.0,0.6485676340057197,0.8408286413225055,0.6720563204672173,0.7046966375964697,0.6537427353534391,0.7016629462242596,0.6792080928384394,0.7931814444371046,0.6875325194605761
2013-02-18,1.0,0.6570276057909569,0.8412986786026635,0.6753833004878993,0.7078148357551338,0.656210749581471,0.7062760606853795,0.6798118189692317,0.7936301219225707,0.688971570120175
2013-02-19,1.0,0.651144699945292,0.8306459779046251,0.6642584275916454,0.6974750531206017,0.6457747657219686,0.6920346080719341,0.6691574897416275,0.7750273640154463,0.6827298377523526
2013-02-20,1.0,0.6679077030530478,0.8426047269812101,0.6756307378527795,0.7084420147283773,0.6562421492924952,0.7025790320248767,0.6781003592738328,0.784922793806512,0.6875842653474108
2013-02-21,1.0,0.6597195016279293,0.8239695778737641,0.6585147264142973,0.6931499447472146,0.6420904147467827,0.6850401554768676,0.6644525695438176,0.7641591799623041,0.6714278024315201
2013-02-22,1.0,0.6542396615970537,0.8236119913633513,0.655872727950294,0.6917103970751319,0.6400361100190398,0.6830675582832356,0.6618595813555938,0.7676306395400626,0.6686221692780964
2013-02-25,1.0,0.656620161173771,0.8366312661221806,0.658569128392088,0.6959409500536434,0.6450715384964286,0.689385348828759,0.6678282460663946,0.7721168513990223,0.6737153128146811
2013-02-26,1.0,0.6475211728411921,0.8226156358176028,0.6486137373827461,0.6845961865433726,0.6352508096722264,0.675652917194971,0.6583415001444772,0.7579603814665552,0.6634841926104215
2013-02-27,1.0,0.6440033780678724,0.8288887718993005,0.6518223733196339,0.6894885935167729,0.6365572842173476,0.6781336236674782,0.6603040551587883,0.7580737500647138,0.6612793846764461
2013-02-28,1.0,0.6579657338539007,0.8424473265885379,0.6649633056862997,0.7010401387047669,0.6492595094653367,0.6929845873482366,0.6700957082274958,0.7759781231792766,0.6728488028248232
2013-03-01,1.0,0.6687824914677949,0.8551273020959267,0.6722246289266437,0.7069152656388782,0.6534402142334684,0.696803424809439,0.675274017947899,0.7833357247312578,0.6744934633525681
2013-03-04,1.0,0.6531744736822973,0.8212409306362334,0.6446821344202018,0.6828105263075497,0.6283760812411454,0.6783692617397963,0.6583316699294666,0.7471004663551281,0.6557364564691774
2013-03-05,1.0,0.6688651504114876,0.8358539421166843,0.6567465956510021,0.6930957220177483,0.6388831747971137,0.691709436724582,0.6681935696924031,0.7655758644157865,0.6609334223591513
2013-03-06,1.0,0.6830127010770858,0.8498682657577937,0.6678860805563769,0.705585503315388,0.6502805537173183,0.7030145862290953,0.6825993305640391,0.781593064998596,0.6752358925524978
2013-03-07,1.0,0.6755259713636683,0.8341974698493989,0.6619390849722248,0.6994787336819699,0.6480202245665334,0.7023283997728276,0.6787162896032793,0.7897569264404434,0.6705370864798345
2013-03-08,1.0,0.6669106189201631,0.8318251259722782,0.657746593043626,0.6964948328379309,0.6450219355449464,0.6981654150271187,0.6771463897798952,0.7893096120162696,0.6725852054013833
2013-03-11,1.0,0.6621940168376683,0.8320290053298853,0.6584762817082062,0.697193339069757,0.6438135577968591,0.6956910349096596,0.6758874593284661,0.7894100418413926,0.6717451097476442
2013-03-12,1.0,0.6467525118522823,0.8157161983744087,0.641631496911314,0.6767109849583643,0.6307480617529936,0.6866053471309899,0.6637729135352148,0.7743128919130168,0.6643979631365563
2013-03-13,1.0,0.6416312795071009,0.8074995096774295,0.6328922382338001,0.6694094376092241,0.626303362931133,0.6787091753510451,0.6597021240495634,0.7679887563010298,0.6652542698772518
2013-03-14,1.0,0.6421131111320245,0.8095696847432448,0.6365719419472653,0.6690589521615635,0.6276428619417994,0.6813310100014822,0.6612579501817182,0.777201163693256,0.663312398347764
2013-03-15,1.0,0.6485671916765607,0.8096744054690189,0.6349241233903963,0.6728548466882113,0.6281102734672744,0.6833485534908689,0.6587662227379848,0.7738475373546234,0.6632760947022384
2013-03-18,1.0,0.6439981232638539,0.7961184017322572,0.6280867897372719,0.6633632772727891,0.6198816997880441,0.6778075462754618,0.6478940475294842,0.7599295582142855,0.6614429300320566
2013-03-19,1.0,0.6448286046794778,0.7923566631974099,0.6288340986679205,0.6668353810867758,0.6262908952222396,0.6778601560154217,0.6512221623925916,0.7683714530111756,0.6648641363022982
2013-03-20,1.0,0.6615738265337977,0.8093170288117384,0.6437840810447538,0.6827193355015433,0.642248895914384,0.6909256652345148,0.6640176632768304,0.7917353607778935,0.6727152773142501
2013-03-21,1.0,0.672355277475157,0.8165310137021795,0.6488510796463683,0.6882838265884741,0.650999531038158,0.6956256595357959,0.6681833477741423,0.8106905752539815,0.677334373802576
2013-03-22,1.0,0.6788445404222734,0.819640241129142,0.6486159636711478,0.6890509859772685,0.6531947198020804,0.6986103943228463,0.6681914125118614,0.8212528222502318,0.6751483500379118
2013-03-25,1.0,0.6737841292746948,0.8188613189907429,0.6479502117184684,0.6883460701486122,0.65427148762241,0.7002162376546529,0.6669245688614466,0.8349486606720766,0.672029421864216
2013-03-26,1.0,0.668166020084015,0.8141869288372563,0.643566398930616,0.6835195702191588,0.6490694562544616,0.6960084968789915,0.6570976266082098,0.835967959693499,0.6639529222593632
2013-03-27,1.0,0.6673861927686443,0.812008726721406,0.6449925513023713,0.6867267156922203,0.651226313832989,0.6938474004397892,0.6547224777762088,0.8351395917358446,0.6637353981187943
2013-03-28,1.0,0.6514726373707879,0.7911226727746132,0.62540116295956,0.670355525506029,0.6319636787161823,0.6770140362112357,0.6373588095046142,0.8027482955905517,0.651843836543264
2013-03-29,1.0,0.6442281462380374,0.7855590798236237,0.6223682074066026,0.6691433017229798,0.6321914590400287,0.679427705701273,0.6387043183317389,0.8056024011222608,0.6519989836324118
2013-04-01,1.0,0.6506631784737639,0.7951342219690659,0.6296982767418006,0.6719753418062299,0.6329524493894195,0.68105436972511,0.6415315944307554,0.8076986180689896,0.6525345796933859
2013-04-02,1.0,0.6441477655621196,0.7878531009910393,0.6259335173206959,0.6589484006708247,0.6283953099334938,0.6786715476967283,0.6404741276567127,0.7811287255082653,0.6507907856161629
2013-04-03,1.0,0.6374349620745646,0.7804944380552701,0.6197016749741209,0.6541412522202983,0.6193583484507331,0.6732040175558438,0.6338825712924261,0.7725179923976513,0.6440917652881085
2013-04-08,1.0,0.6431023395995881,0.7781696597622259,0.619698414145599,0.6560941814591286,0.6182052831938138,0.6696049358882658,0.6298444730423861,0.7813388759427276,0.6333451571314552
2013-04-09,1.0,0.6488374380146467,0.7827895910126085,0.6288814888183303,0.6597324052888283,0.6259506561468489,0.6741035117809333,0.6347420513502608,0.7932886578464602,0.6386828526902837
2013-04-10,1.0,0.6523113833253699,0.7836361094612276,0.62568905769503,0.6577007649394028,0.622374491983121,0.6733943143433821,0.6330816732622455,0.7940637337144795,0.642106979634808
2013-04-11,1.0,0.643918711434405,0.7796537073718478,0.6253609814951042,0.6565829646533703,0.6210198509849048,0.672478357827864,0.6348563520714403,0.7950869145413909,0.6384321972285518
2013-04-12,1.0,0.6375395863817478,0.7761558031959452,0.6181597406846157,0.6518826858584816,0.6162823742452148,0.6646545604311814,0.6250684698192576,0.7890025779260286,0.630535904161316
2013-04-15,1.0,0.6215412727296538,0.768949532956711,0.6098443598825087,0.6438299247922533,0.6080950070666482,0.6568505735003277,0.6148379979813718,0.7812958814869133,0.620379030098906
2013-04-16,1.0,0.6259143653614392,0.7737088124436328,0.6200551463786168,0.6509441468920106,0.6165595117132371,0.661460825601585,0.6192945409349,0.7971193197465757,0.6229925337276233
2013-04-17,1.0,0.6314141728291419,0.7617551632035663,0.6244165258074538,0.6535757558093858,0.6145074385290825,0.6637877211823605,0.6193294688975046,0.7996842194442356,0.6226541225292286
2013-04-18,1.0,0.6343162058522845,0.7644583849703415,0.6261360824715435,0.653933828300819,0.6161685994304092,0.6649004742052138,0.6207224125526982,0.7970047371703829,0.6233795259226996
2013-04-19,1.0,0.6448011888207048,0.7760458489703574,0.6361996693452887,0.6663389751117611,0.6269078771462746,0.6774014166068079,0.6312553244342887,0.8235281837142565,0.6338716368890815
2013-04-22,1.0,0.6448313725837843,0.7827909718986763,0.6375116979285723,0.6674046741892884,0.6275609376490466,0.6802992110118279,0.6331060288106346,0.8276797068472653,0.6362086194262453
2013-04-23,1.0,0.6250604870279876,0.768687743331026,0.6163933615411742,0.6509962139993754,0.6094089813611956,0.6632200285806388,0.6139970281678414,0.8017601558916156,0.622760343602321
2013-04-24,1.0,0.6382499735130371,0.7769882087298345,0.6296275042928579,0.6569685584932757,0.6202302304262248,0.6733371594747249,0.6227533328285575,0.8177663328129595,0.6277185204891702
2013-04-25,1.0,0.6283438274849714,0.7637085535282281,0.6204818382447398,0.6474470854580248,0.6093106580701637,0.6646787393148715,0.6146248895378871,0.7927880237443435,0.6270016981703224
2013-04-26,1.0,0.6206767233852793,0.7465949364749237,0.6087909769163823,0.6365401451786965,0.6001187043336195,0.653078229733835,0.607864143070313,0.78160473177432,0.6212564698303676
2013-05-02,1.0,0.6279594996877348,0.7496137744217413,0.6152676321596668,0.6365968673296398,0.6026681916727753,0.6565708708959461,0.6100007738363491,0.7998822083663792,0.6203522583406113
2013-05-03,1.0,0.6383617366148244,0.7640668682957968,0.6256682979659909,0.6471514227044903,0.6100691771070538,0.6667661545704787,0.6204577991850614,0.8076382346826303,0.6258637788484178
2013-05-06,0.9802941176470589,0.6420354955079547,0.7714816957797641,0.6308878049523353,0.6543516358137431,0.6139074400824557,0.6723498227759328,0.6251804929536273,0.8169484628363897,0.6272307705442033
2013-05-07,0.9919991220368743,0.6407503016718195,0.775677997001067,0.6319037092585869,0.6566420684866829,0.6163823100379037,0.6735844044250081,0.6261998453717168,0.8154711141688764,0.6297536570270607
2013-05-08,0.9773678665496047,0.6434351439800906,0.7825723822969721,0.6358147348528088,0.6610739104155184,0.6187791055388597,0.677648479652889,0.6299686805344822,0.8193961867376279,0.6299980192183128
2013-05-09,0.9568841088674274,0.6420444384190735,0.7823716171875507,0.6337443684740209,0.6585886828888432,0.6147252962375243,0.6741456272506865,0.6290674719924628,0.820098927196677,0.6224818482980027
2013-05-10,0.9802941176470585,0.6499111530410617,0.7957191991727979,0.6390772155059109,0.6669944999641307,0.6218812484317273,0.6806674220586969,0.6366787657626835,0.8214848395479958,0.6285887483559877
2013-05-13,0.9715153643546968,0.6491356528694104,0.7948997099515379,0.6394583273867093,0.6687876049346304,0.623771493860893,0.6814292094977134,0.6381990450553373,0.8308976195805865,0.6285748311136325
2013-05-14,1.0212616330114133,0.6505757678926877,0.7844657771927525,0.6348833100679756,0.6614430791687564,0.618284882291192,0.6754474885314529,0.6308861881812127,0.8214415409316042,0.620373435679725
2013-05-15,1.0241878841088672,0.6548054738361639,0.7929327267421273,0.6377002909304431,0.6672064191585647,0.6212081298296162,0.6815300316787828,0.6345819974289816,0.8445869813675017,0.6226937116983956
2013-05-16,1.0095566286215978,0.667799029949498,0.8007745161887745,0.6431922415319667,0.6733867778385,0.6278306871379234,0.6899541582022524,0.6411064008752781,0.8511042912521198,0.6309136130047153
2013-05-17,1.0154091308165054,0.6768940641503896,0.8126191875809469,0.6500056939079231,0.6851004519716208,0.638381483193472,0.7011478420172622,0.6478246204131836,0.8595774585300999,0.6359811101220464
2013-05-20,1.0241878841088672,0.6898212752234586,0.8223277426106831,0.6562364159225927,0.6943113035296412,0.6430056212251343,0.7085900519961577,0.654592156034945,0.8728698774284744,0.642330926344339
2013-05-21,1.0358928884986827,0.7024315084603756,0.8399925492704734,0.6624658740982414,0.7051298393448865,0.6468781783692372,0.7143686669323813,0.6578107780393887,0.8821371179715572,0.6468198725807647
2013-05-22,1.062229148375768,0.6986423551873694,0.8411990077554335,0.6602769696696624,0.7033631399813659,0.6438446325233819,0.709544644106761,0.651735506244373,0.8718725774103334,0.6421932377857786
2013-05-23,1.0124828797190513,0.6862674301892803,0.8395158942855523,0.6533578788649212,0.6971668900101836,0.6379219064075378,0.7036924038048182,0.6454620371031786,0.8729153755566103,0.6364822678819152
2013-05-24,1.021261633011413,0.7000150070798933,0.8468280568239808,0.6596685619059711,0.7074916835948085,0.6427283199523879,0.7103023576565068,0.6508638604801573,0.8838133378151943,0.6425335368085259
2013-05-27,1.050524143985952,0.708911413440964,0.8277378557420277,0.6597572554690472,0.7124607215638283,0.6450508447265588,0.7100956087725561,0.6547534900007628,0.8882365752747173,0.6461315054640546
2013-05-28,1.0446716417910442,0.708652382969943,0.8275364190061615,0.6623216082365464,0.7136556453960923,0.6492102961580565,0.7168156954202217,0.6575505661566894,0.886441528836711,0.6523111343369277
2013-05-29,1.0622291483757675,0.7095005570307149,0.8340383598832345,0.6659304168822138,0.7192372375609227,0.6526148279496021,0.7182548444970239,0.6610963345197771,0.8911885762813698,0.6516722880184983
2013-05-30,1.0475978928884981,0.7046094557854784,0.8309237241585095,0.6672978992354832,0.7179489007667028,0.6534040385675401,0.7183034678129617,0.6588882922182594,0.899051804769967,0.6520032962669936
2013-05-31,1.0593028972783138,0.7093325394390416,0.8241075843457039,0.6648946245886249,0.7103636914229766,0.6478290014358943,0.7145466007126378,0.653853772605255,0.9008860994886054,0.6522740090779653
2013-06-03,1.0505241439859523,0.7190062022738108,0.820348645325163,0.66460403863143,0.708905977462748,0.6473121799980036,0.7157423885254977,0.6541139032946657,0.8947480106652226,0.6589037910474357
2013-06-04,1.0124828797190515,0.7084284057439315,0.8048217496956102,0.6517389547488922,0.6925540612155339,0.6356182810184478,0.7040924358015549,0.6451170935375372,0.8806597008424538,0.6456613626300544
2013-06-05,0.9861466198419664,0.7094758577423298,0.8051058541417896,0.6503214825442737,0.6944833543139436,0.636772500588245,0.7063047457293843,0.6456204914341385,0.8727376128595828,0.6446604931372616
2013-06-06,0.9802941176470585,0.6919089595182004,0.7877231159027791,0.6417922717320966,0.6851342941642578,0.6259876316963623,0.6957751782585768,0.6364415019217265,0.8660800391412975,0.6350530451202333
2013-06-07,0.9832203687445124,0.6675254048484873,0.7772523742028231,0.6317208655088631,0.6701787540519745,0.614159367302797,0.6837287083225712,0.6247192623286234,0.8505309027497879,0.628013415754286
2013-06-13,0.933474100087796,0.6405307679624404,0.7584145585659026,0.6077855774193823,0.6507474561631409,0.5937982108168708,0.6628119049721475,0.5992948556619011,0.8286720888566923,0.6116523766135363
2013-06-14,0.9393266022827038,0.651727217179223,0.7725118565172991,0.6129006701621076,0.659114753628859,0.6005994292682155,0.6663054109983199,0.6068260051942648,0.8376628786449051,0.613664814562273
2013-06-17,0.9861466198419663,0.6459069366291584,0.775032823135351,0.6156720604741546,0.658261568985997,0.5987030389739365,0.6648788310901701,0.6068700235495986,0.8266648991105867,0.6138210468312915
2013-06-18,0.9861466198419665,0.6511279562168973,0.7785643192619296,0.6174711624792205,0.658900256065432,0.5998008093907965,0.6673341874684218,0.6086716319028851,0.8330426571132711,0.6169132690968944
2013-06-19,0.9744416154521509,0.6438620278876348,0.773438132263024,0.6119745766835165,0.654509277898335,0.5959274487135672,0.6644824579558508,0.6052242301333595,0.8241751616133771,0.6089237749014257
2013-06-20,0.9305478489903423,0.6227747669716183,0.7570313425787557,0.5938663366663167,0.6352560734369707,0.5817194445167416,0.6448317719664719,0.5911142553666583,0.8001987554512839,0.5962056365844284
2013-06-21,0.9481053555750659,0.6196724790894919,0.7606854936878685,0.5896367917047848,0.6310964015113457,0.5785694555492311,0.6407588802853105,0.5915008640824166,0.794369816450549,0.5950980934589437
2013-06-24,0.9012853380158035,0.5801029317839024,0.7208572326715269,0.550720705652472,0.5922340296036592,0.5420816105674009,0.6027327291639201,0.559352269363776,0.7472863178584581,0.5599074651512003
2013-06-25,0.8808015803336261,0.5744935123107725,0.7175068195251281,0.5438234036984505,0.586285068718807,0.5348233306310749,0.5973622491123507,0.5560463370617434,0.7367717433841418,0.5523574250891783
2013-06-26,0.8778753292361722,0.5817494941073647,0.7233522415222905,0.5454419904737977,0.591281404031505,0.53846741292168,0.5988951186211751,0.5595564687887186,0.7445753704090031,0.5563419952865307
2013-06-27,0.8339815627743636,0.5675507685276844,0.716117365416646,0.5372910237884493,0.5823377012170232,0.5360686117888411,0.5910943331294563,0.5531028385538959,0.7332923039547482,0.5540944102447023
2013-06-28,0.8017928007023706,0.5675960792737248,0.7174018793545626,0.5354765289164398,0.5823467279700092,0.5385181397420956,0.5928747292371164,0.5519044162938109,0.7282108028409794,0.5567317772695127
2013-07-01,0.8105715539947324,0.5749076013114217,0.7257504123617269,0.5410200807628678,0.5883809565870921,0.542092901633255,0.6019931887172161,0.5588374646115766,0.743819906801547,0.5581146596740723
2013-07-02,0.8164240561896402,0.5806364973538395,0.7312755821078942,0.5438711781185752,0.5929072511698668,0.5473600284319409,0.6050319891097987,0.5622983128315446,0.7511704223617707,0.5593784350685754
2013-07-03,0.8573915715539949,0.5751273520027655,0.7299514486319743,0.5436214991144953,0.5873755308779628,0.5443103507616897,0.602233873941794,0.5599693504336247,0.7506246007665551,0.5565941265489983
2013-07-04,0.8456865671641791,0.5811651913156535,0.7298427052528862,0.5504754374475009,0.5940428287106905,0.5474178941586578,0.6093184833006744,0.5633174977722862,0.749335649839214,0.5625215863213578
2013-07-05,0.8427603160667253,0.5824585296859467,0.7263407938181289,0.5499370225657028,0.594727651691262,0.5456910069286045,0.609162842828446,0.5644170111133144,0.7564945755003685,0.5610969521897331
2013-07-08,0.8017928007023707,0.560282640749844,0.6930596387421757,0.5315388599886405,0.5731683225300849,0.5246565344608862,0.5847408454130185,0.5399600281394586,0.725990674119848,0.5469277912833457
2013-07-09,0.7988665496049169,0.5606847968213738,0.6972793990596083,0.5330860475852458,0.5765140510174703,0.5283670509249061,0.5888136758021261,0.5422724806215147,0.738502880275003,0.5481266447722223
2013-07-10,0.8222765583845483,0.5762863224759004,0.7165759762633541,0.5483915672744242,0.591511969173917,0.5449382663600547,0.6059109027638231,0.5565485040887573,0.7586671443550363,0.5674977730752973
2013-07-11,0.8398340649692717,0.5929815847212997,0.733572173801762,0.5600751198567575,0.608019907659781,0.5603425087909641,0.6216076081914216,0.5736066737051402,0.7751428090199173,0.5783860563322961
2013-07-12,0.8281290605794559,0.587590119808525,0.7324376799180884,0.5536026351984379,0.6002727894503934,0.5528099486502137,0.6123430032587229,0.5674405047191143,0.7590307203065593,0.5647073163845806
2013-07-15,0.8310553116769098,0.5947874805668767,0.7462425190214007,0.5623683146015628,0.6073691379028974,0.5609721167747541,0.6201063840477015,0.5735986412144468,0.7746543916565474,0.5665356875795884
2013-07-16,0.8515390693590873,0.6004102572894264,0.7549943061557615,0.5682189156224237,0.6139778913398415,0.566128853639595,0.6247037405531143,0.5771225750010531,0.7878415325177085,0.5718011308549574
2013-07-17,0.8427603160667255,0.593598347566445,0.7451272209239675,0.5621138266479652,0.6095174242453605,0.5607067826055602,0.6183893529237096,0.5692581426670414,0.7800583847322008,0.5646562738832631
2013-07-18,0.8310553116769098,0.5903771652024528,0.7445648839017793,0.558743909191208,0.6059564061754299,0.5571889555839287,0.6140994780932102,0.5661226893364442,0.7805424576732823,0.5634759641048447
2013-07-19,0.8105715539947326,0.5829750311334325,0.7274025864882583,0.5446224977698751,0.5919072372809222,0.5441380719434248,0.6025668191318616,0.5541152208292522,0.766112879700718,0.550923310993072
2013-07-22,0.8252028094820022,0.5929208023626102,0.7348471554775835,0.5506966766898816,0.60024600965717,0.550309464005055,0.6090957847861102,0.5573241795528542,0.7759003678837136,0.5481746060294207
2013-07-23,0.8427603160667256,0.608357948855802,0.748567527466133,0.562834788772197,0.6144611442390332,0.5627387103405518,0.6222562825587968,0.5701898211928325,0.7957940615522022,0.559022583586299
2013-07-24,0.8369078138718178,0.6017247989352251,0.749420251441846,0.5617516777490836,0.6140225111297152,0.5618612852082128,0.621672214853505,0.5726595465895936,0.8095248644267266,0.5531136296863517
2013-07-25,0.8222765583845483,0.5955647036525585,0.7423930773528626,0.5579687744683512,0.6072102683663912,0.5573566041466628,0.6142379130890718,0.564955772603188,0.7920264716905049,0.5522954187583887
2013-07-26,0.8164240561896404,0.5931917111536786,0.7402300808791948,0.5585850595525766,0.6076716949632298,0.556390623544112,0.6135527722058425,0.5652395276329398,0.7843358573105232,0.5375552633311338
2013-07-29,0.8573915715539951,0.581544319947839,0.7351062373543088,0.5489900236930398,0.5944025293532527,0.5481366955880317,0.6039225112803801,0.5538811602235684,0.7740649518397362,0.5296756232095152
2013-07-30,0.8252028094820022,0.5830084852529428,0.7356004962892655,0.5525871889663148,0.5962629136314244,0.5531695297564655,0.6060002728091824,0.5560992143988707,0.7664549151543454,0.5315364931953823
2013-07-31,0.8310553116769099,0.5901444251464636,0.7354198157835399,0.5544282378759803,0.5990620630643986,0.5548255136057475,0.606617960227704,0.5605208954727932,0.7670957828799098,0.5344491994992676
2013-08-01,0.8398340649692716,0.6012752478154796,0.7539315751181578,0.5654654188908719,0.6136985689774388,0.5664343595805096,0.6192710768051871,0.5735136003249013,0.7887180307899264,0.5415801392286069
2013-08-02,0.857391571553995,0.6064899753982184,0.7584826354532379,0.5657973511069949,0.6164482108712299,0.5671153759928816,0.6213817679693019,0.5779455461679894,0.7933666697757619,0.5431563034850553
2013-08-05,0.860317822651449,0.6130678613164555,0.7633697198076431,0.5744217796379292,0.6244445378882449,0.5749074041582093,0.6287158214825643,0.584675913646373,0.8026074693600885,0.5475029346948174
2013-08-06,0.8573915715539951,0.6213376342963717,0.768518748895693,0.580831051801084,0.6315856601691735,0.5807473057950379,0.6343006768770632,0.5935119602439407,0.8131101077866,0.551394786339879
2013-08-07,0.8720228270412648,0.6274203624550649,0.7568506761700511,0.5771481942106508,0.6269376935744886,0.5752592365488336,0.6315966704223316,0.5865374850116826,0.7997738332562091,0.5499886959187126
2013-08-08,0.8661703248463569,0.6293976779342205,0.7586205275276957,0.577827282184614,0.6295549942665288,0.5757971995826889,0.6319145786648505,0.5876120759066138,0.7972218813851418,0.5490837632574147
2013-08-09,0.8690965759438107,0.6326501561164886,0.7594707741754156,0.5850187380580151,0.6318231231680906,0.5793733443361373,0.6336645131572959,0.587400530094174,0.8044475758340887,0.5559810397586524
2013-08-12,0.8837278314310804,0.639248939339667,0.7708366063126764,0.5959055788972701,0.6439527187758227,0.5921800636283391,0.6456570587369863,0.5988816990216174,0.8187632840645958,0.5605705871327221
2013-08-13,0.9012853380158039,0.6488553824840009,0.7773482332474532,0.598429731871979,0.6493708310577573,0.597641765407056,0.6518988600692347,0.6024624213248578,0.8255780436596545,0.5653859151495397
2013-08-14,0.8954328358208961,0.6387065789054345,0.7711475930655747,0.5954839466662761,0.6450173116514158,0.5961827919369104,0.6513511314914011,0.6002385399218575,0.8145195552485928,0.5600926373894605
2013-08-15,0.8749490781387186,0.6303159771468059,0.7632858379586868,0.5922557832328754,0.6374372731797832,0.5923842463358224,0.648055413574324,0.594331566628369,0.8064437827641362,0.5540043188799795
2013-08-16,0.8632440737489031,0.6261030328182247,0.7522376824169846,0.5853915350824449,0.6263404634868321,0.5842801687848579,0.6387720127256552,0.5874142545515677,0.7889418000855721,0.5490420493683954
2013-08-19,0.8720228270412647,0.6368849479790512,0.7645779930232114,0.5934149002287264,0.6361744709816256,0.5936449448413733,0.6476192937337555,0.5957547310355009,0.8022538866342451,0.5529477804177663
2013-08-20,0.863244073748903,0.6328928911320536,0.7638842853066502,0.5935334606050363,0.6383434100797888,0.5937977008085903,0.6447364561145006,0.5904671758771672,0.8020792307066616,0.548577979029443
2013-08-21,0.8720228270412645,0.632778724458495,0.7702837033296258,0.5947853634544364,0.6422062279438965,0.5980453747886949,0.6487410924442545,0.5956831256605883,0.8113343002062304,0.5518541545346368
2013-08-22,0.8661703248463567,0.6305854659765868,0.7761129758486164,0.5942465414539828,0.6454729654675806,0.5967018784801726,0.650130536250459,0.595493049890787,0.812518630800181,0.5532555806496544
2013-08-23,0.8837278314310802,0.6237779050250973,0.7701297856167657,0.5906406325513752,0.6421943745601466,0.5940689867772709,0.6470378463065478,0.5930304111780239,0.8022038786317915,0.5454486693429239
2013-08-26,0.895432835820896,0.6341120278731509,0.7815291537574447,0.6024074935531943,0.6540239286074828,0.6070675745963722,0.6643400465998047,0.6071452906754968,0.8175378377176638,0.5551566428215042
2013-08-27,0.8925065847234419,0.6415020105157905,0.7869197124595805,0.6065983123156964,0.6609861126140405,0.6133273353557938,0.6751756698788626,0.6143720600483676,0.8181285568487704,0.561534255690461
2013-08-28,0.8866540825285343,0.6349008856916933,0.7874883656975369,0.6067329704098343,0.6556787607090461,0.6138384693575071,0.677528592766395,0.6136611224248605,0.8178136665288422,0.5639596836387868
2013-08-29,0.8720228270412647,0.6440742813120578,0.7865164904871523,0.6061094457833655,0.6589233292082421,0.6181992006057033,0.6842673215022728,0.6168134027751575,0.8086962126107464,0.5700930099925833
2013-08-30,0.8603178226514491,0.6496360260618876,0.7816350836965332,0.6074400453317377,0.6560505159741632,0.619644922176639,0.6927102985134691,0.615924309568161,0.807447993852438,0.5771885588771739
2013-09-02,0.8778753292361725,0.647369309809633,0.7852838016655338,0.6119600221148909,0.6584491045032677,0.6148722651562266,0.6850331226687919,0.6159128305414574,0.8257922763322717,0.5660806053105206
2013-09-03,0.8837278314310802,0.651574524000828,0.7992230084139211,0.6175157913415038,0.6696994992935589,0.6222331987670315,0.6929216150454315,0.6216701059855827,0.8314995505469888,0.5797981292553204
2013-09-04,0.9276215978928888,0.6517322239301422,0.8002434695816062,0.6218636582411752,0.6721583411589109,0.6243800086384791,0.6994256106623341,0.624100591416813,0.8379654553407664,0.576668895244893
2013-09-05,0.9744416154521515,0.6445729066930584,0.7954752626231052,0.6201195611533921,0.6714226735634128,0.6212249936043664,0.6963005463363591,0.6186494449395252,0.8395365359650886,0.5689701414358448
2013-09-06,0.9832203687445131,0.6452587317468285,0.8038791053621713,0.6232921912098838,0.6761416942558742,0.6280282320367923,0.7084519426825711,0.625246910919974,0.8391987174989128,0.5737746948134199
2013-09-09,0.9802941176470592,0.6520353831655575,0.8156682804453583,0.6311296941631244,0.6856274752842444,0.6389258668334347,0.7258704565627656,0.6337007331759449,0.8435566470456186,0.5856035521256882
2013-09-10,0.9744416154521515,0.654954647222267,0.825404177686578,0.6423871432763626,0.6960304010579211,0.6527053214554663,0.745188665746508,0.6435324681708763,0.8520509944811784,0.6066331904996661
2013-09-11,0.9627366110623358,0.665180261139316,0.822765909822328,0.6474657208004374,0.6953561934986858,0.6551938866320203,0.7458153311328021,0.6425284643411896,0.8562304169212311,0.5981408041301152
2013-09-12,0.9715153643546975,0.6669646356123777,0.8239236844629344,0.6465445040836544,0.6955231038602628,0.6561470414961493,0.7495449801030537,0.646074782665149,0.8491040418433227,0.6003187272840762
2013-09-13,0.9627366110623359,0.6662976944987057,0.8205196829944864,0.6376710183657934,0.6911551118643376,0.6543088549962569,0.7416489750997891,0.6417944753925998,0.8450026014409696,0.5976040049762747
2013-09-16,0.9627366110623359,0.6619281143872937,0.8182746877117303,0.635713712386927,0.6912319809829034,0.6531341609247377,0.7464034419232547,0.6432247225725559,0.8485311262238712,0.601353503756627
2013-09-17,0.9510316066725203,0.6460911725444027,0.800689429250348,0.6257889635564781,0.6786142892707709,0.6358103253123424,0.7270217904265496,0.6263469243052923,0.8286469451605815,0.5819699420761877
2013-09-18,0.9481053555750665,0.6506826359720164,0.8021141312313189,0.6280437486894695,0.6819125755773583,0.6402719764647412,0.7348352739705466,0.6316954739129027,0.8351640954092069,0.5838446914663639
2013-09-23,0.96566286215979,0.6619171851035734,0.8148168998993897,0.6376970819158271,0.6946712930185289,0.6524318679061705,0.7525411866487796,0.6426687641336746,0.8469044626282005,0.5919037340355621
2013-09-24,0.9422528533801587,0.6678802801013134,0.812060361767794,0.6346191862044805,0.694153495867698,0.6530836529833668,0.7580694117060647,0.6456230713111688,0.8404695727878733,0.5902454745138819
2013-09-25,0.9393266022827048,0.6575204083856908,0.809999941995608,0.6313475597210144,0.6897498217487299,0.6516375582858657,0.7498320064348828,0.6405185007148301,0.8324698772585539,0.5889785186782203
2013-09-26,0.9042115891132579,0.64465221421833,0.7890359861619316,0.6199345157538392,0.6774929618267133,0.6352026705165548,0.7235658364190996,0.6240990360223048,0.8111635539199604,0.574730594299943
2013-09-27,0.9159165935030736,0.652092131594412,0.7892944001353289,0.6204324412810567,0.6766261676655622,0.6329710078462454,0.7204822835638227,0.6217071459388185,0.809177732468355,0.5750476853060831
2013-09-30,0.9305478489903433,0.659691245324006,0.7995641717883535,0.6270319315569223,0.6851764978617477,0.6414839878880445,0.7288738821826429,0.6273786137119715,0.8204432471654799,0.5847802371521235
2013-10-08,0.9481053555750667,0.678124452479932,0.8107572901717198,0.6383912697346111,0.6974650847126171,0.6525670785693816,0.7414704070292251,0.6407836292077075,0.8288738422693511,0.5906705716655206
2013-10-09,0.9451791044776127,0.6838597003820559,0.8171867349127189,0.643334326757012,0.7053647525466367,0.6598871929965959,0.7520472808359431,0.650533385435058,0.8300993609251149,0.5995279111013707
2013-10-10,0.9246953467954354,0.6792514826418214,0.813767321299834,0.6392328886621413,0.7010737277568178,0.6581995777843673,0.7519477460053297,0.646830074969099,0.8309158170036905,0.5926598394356959
2013-10-11,0.9715153643546978,0.6955873784059482,0.8231331555926891,0.6485220154681417,0.7153981617645617,0.6716071615293019,0.7709623360054932,0.6558493299785645,0.8408370766900091,0.6006214991464542
2013-10-14,0.968589113257244,0.6981671035534618,0.8261617610058744,0.6589218425371208,0.7265324321990251,0.6767896124248625,0.780403484636453,0.6595505727447333,0.846023292415829,0.6022890494423864
2013-10-15,0.9598103599648823,0.6993539779535192,0.8267321548900515,0.6572452324673674,0.7232728355158681,0.6787220394965555,0.7828146971174051,0.6642123254393065,0.845822300570677,0.6083449069990542
2013-10-16,0.9978516242317831,0.6811140442865904,0.811509009617853,0.6401808653475309,0.702995351805789,0.6581928856749373,0.7555261263056093,0.6518013986345654,0.8220757105508406,0.5920117780191064
2013-10-17,0.9861466198419674,0.6966170897325248,0.8113563966472482,0.6391908818313856,0.7061902668919466,0.6571220117431933,0.7538431034344096,0.6499220904637064,0.8267070332721393,0.5925129357789753
2013-10-18,0.9685891132572441,0.6987571785086824,0.8093831537127922,0.6433069589188771,0.7082746036877537,0.6591478143795108,0.7550464463923431,0.6530100304257122,0.8332038451478793,0.5929398808589655
2013-10-21,0.9773678665496058,0.7136300769290093,0.8273054929560296,0.654535693534532,0.723628406374748,0.672426680029296,0.7716561842943962,0.6669718292235537,0.84535177415344,0.6042982691119188
2013-10-22,0.9949253731343295,0.7069376442122053,0.8293240742851875,0.6520721161746995,0.7183321755448524,0.6681432698858875,0.7613852262574284,0.6606474372370595,0.8495722898566516,0.5965563553869065
2013-10-23,0.9656628621597904,0.69790768005221,0.8123679962295789,0.6376594758381179,0.7059577782338957,0.6526551222956211,0.7365221944926261,0.6473328767934615,0.8232865716116669,0.5794637892134828
2013-10-24,0.9598103599648824,0.6908252466703084,0.8138193973771113,0.6333158328933439,0.7016018066492213,0.6497534623612613,0.7329443295518929,0.6451293920668443,0.8214979623440006,0.5790460970696988
2013-10-25,0.9217690956979816,0.6913482362503454,0.8035527947584143,0.6223154925344393,0.6892410864468099,0.6379696461018808,0.719396219341686,0.6344274772856245,0.8108981786586763,0.5694478641508308
2013-10-28,0.8925065847234426,0.6859670148123389,0.8032046938263107,0.6248807598786517,0.6887241338514043,0.6369309281752914,0.7235948278759466,0.6344699877484712,0.8142138267984508,0.5669017696513663
2013-10-29,0.8544653204565417,0.6694331918710944,0.7821301528401012,0.6087521086037111,0.6685488243135976,0.6210264179879237,0.7083875268495766,0.6204841635941153,0.7934120317634616,0.5569355924152707
2013-10-30,0.8661703248463574,0.6779953485550577,0.8002780755942617,0.6191659771465489,0.679442873197048,0.6341485777373053,0.7204731893761892,0.636605096420892,0.8073776426780668,0.5701905298861084
2013-10-31,0.8603178226514495,0.6759049669887415,0.7941488915831172,0.6160850031599041,0.6741311523894488,0.6348809887109403,0.7139378520722528,0.6307256672422229,0.8138718983429658,0.5723933576328445
2013-11-01,0.8369078138718182,0.6666024622369083,0.7881274296538335,0.614475664235244,0.6740940971256106,0.6332226471292041,0.7104664572171118,0.6292059007491024,0.8089960789706397,0.570077745920323
2013-11-04,0.8456865671641801,0.6763301552167347,0.7961704610043159,0.6173150952261125,0.6790146552124594,0.6346769035465356,0.7151480255764562,0.6324035820549022,0.8130759365025726,0.5696554273084358
2013-11-05,0.886654082528535,0.68181243277694,0.8105550890552295,0.6226445183971001,0.686335629779165,0.6403570281708667,0.7233261312236041,0.6365454068734266,0.8183607083747582,0.574213884080545
2013-11-06,0.8778753292361731,0.6761347094558499,0.8074411839592446,0.6188442048943307,0.6787239283322918,0.6352779109080955,0.7165486304347473,0.6307781288327566,0.8045887114392817,0.5717884561322192
2013-11-07,0.8720228270412652,0.6589590950036993,0.8047938266573985,0.6125588033541373,0.6704420238892117,0.6288919684006286,0.706087218446146,0.6239617282529956,0.7930992215226274,0.5690690695182686
2013-11-08,0.8515390693590877,0.6508269085480364,0.7944121294105965,0.6055069499597461,0.6613879364144248,0.6233372062854909,0.6958564607021905,0.6166394303069082,0.7825254880062166,0.5636937343310036
2013-11-11,0.8486128182616339,0.6575425071506239,0.8022771057359576,0.6109871195668347,0.6654734249308294,0.6263431143764026,0.6949943285613077,0.61944149886701,0.7859384947521264,0.5709266455488394
2013-11-12,0.8632440737489034,0.6675966889562653,0.8093264911621492,0.6181502077591359,0.6741899974152797,0.6328041202674148,0.7004465506113087,0.6242430958111405,0.7913205443489113,0.5733984895303794
2013-11-13,0.8369078138718182,0.6555689731757108,0.7941179930910793,0.6054443920460232,0.6602682226735512,0.6201466780557757,0.6860606850031796,0.6122707171126774,0.7822062060357142,0.5579410127000748
2013-11-14,0.8515390693590877,0.6616334042504309,0.8037620473091219,0.6149898764534336,0.6730596973761617,0.6271586139790312,0.6928727023045785,0.6176624638743913,0.7903496364709331,0.5597647574269795
2013-11-15,0.8749490781387191,0.6755349166142744,0.8178109457179296,0.6275117415702011,0.6862074075495164,0.6385522215136734,0.7068495434124257,0.6298744741110847,0.804250370991787,0.5674696215691214
2013-11-18,0.874949078138719,0.6871629232765238,0.836002901174387,0.6423770349876862,0.7008149487136158,0.6524917690773541,0.7255613063595621,0.6432086568033029,0.8196443119054753,0.5795210412449334
2013-11-19,0.877875329236173,0.6888134120966426,0.835614318447809,0.6446523044356084,0.7012762562901734,0.6545142968747075,0.7291836653454767,0.6451474839833137,0.8178688939765082,0.585881518592331
2013-11-20,0.874949078138719,0.6918597695219108,0.8456005527156927,0.6495656503559089,0.7082157487841402,0.6640070572116883,0.7365705798530087,0.6503005250541576,0.8211313208745935,0.5876588851240674
2013-11-21,0.8837278314310808,0.6948022069444955,0.8417408600339725,0.6474172753546924,0.7058412229369996,0.6637205755798063,0.7373185893321781,0.6469581806283228,0.8204464609442724,0.5873264308486275
2013-11-22,0.8778753292361728,0.6972606163397467,0.8426618434880017,0.6463216283420691,0.7023708210806895,0.6606237911551028,0.7286340340535411,0.6449477047830379,0.8260481072527447,0.5862189255611887
2013-11-25,0.8661703248463573,0.7017612514431749,0.8458309664922614,0.6486139280163001,0.7013951221496897,0.6630693961183992,0.7335500806015721,0.6449517691157932,0.8250390519452973,0.5881478600557947
2013-11-26,0.8573915715539955,0.7016444374220124,0.8540822179160686,0.6516633944770241,0.702868288743806,0.6637626699779108,0.7381061489051299,0.6468307379799529,0.8406419936552376,0.5900287197790645
2013-11-27,0.8632440737489034,0.7041630923555307,0.8644303965815533,0.6577438470363095,0.7103975167890845,0.669472168603297,0.7435551128947332,0.6505125537290157,0.8522043892255449,0.5921834727544644
2013-11-28,0.8661703248463573,0.7095800698670435,0.8627770329101714,0.6665253995210246,0.7153164437318281,0.6746459926756297,0.7489247457436208,0.6546544521992048,0.8599347592280161,0.5940257611918273
2013-11-29,0.8632440737489032,0.7259588319556561,0.8730105144646393,0.6715705381390937,0.7193192312716814,0.6776809382429213,0.7509419743274115,0.6597004626094903,0.8575558983794218,0.5954364780810969
2013-12-02,0.8193503072870947,0.6882546828796945,0.832183526904192,0.640371298159439,0.6887468459700758,0.6465236715498854,0.7258296568775513,0.6383186550085314,0.8327584025718033,0.5770259514087404
2013-12-03,0.807645302897279,0.7050456073394279,0.8449469986167186,0.6496386922811033,0.7052351755643127,0.6602107290330359,0.7415520362361914,0.6518270883402323,0.8574407803969921,0.5873588539633947
2013-12-04,0.8134978050921866,0.7142878133418803,0.8604415255365716,0.6574461375642525,0.7213584514058062,0.6732201767303146,0.7586745893838097,0.6625271294796445,0.8680209346019225,0.5946955845980791
2013-12-05,0.8105715539947327,0.7198895798817901,0.8593482516510808,0.6581373608218806,0.7257980065743994,0.6746872429138767,0.7595720090966539,0.6608797343554397,0.8788232163042834,0.5971317871856476
2013-12-06,0.8193503072870943,0.7176770932527339,0.8574235463078768,0.6574889492246735,0.7220362562357792,0.6722363456863991,0.7558766813402119,0.6630375993173566,0.8666497505272176,0.5966816719270962
2013-12-09,0.8134978050921866,0.7204432607348202,0.8639360873727695,0.6619181688209825,0.7268047471823285,0.6772363814751854,0.7607499578402556,0.6705994995990692,0.8730825303952602,0.5988874295657676
2013-12-10,0.8076453028972785,0.7224096307868751,0.8587617099700338,0.6647354979428465,0.7301739190959102,0.681950108507847,0.7637550114301752,0.6732241351147702,0.8722945436487215,0.5998882990585603
2013-12-11,0.7959402985074631,0.7199432980089646,0.8483792426697234,0.6572256258599711,0.7191997236421223,0.6729466610147109,0.7495390547513853,0.6645838575192764,0.8580451849235945,0.6011970822973791
2013-12-12,0.798866549604917,0.7312034776641778,0.8526970085510155,0.6611346002676225,0.7215888827474024,0.675513643345209,0.7521959437479191,0.6641853912769978,0.8560195140962134,0.6072747775198012
2013-12-13,0.8017928007023709,0.7256207124303834,0.8545064081952939,0.6676832251008966,0.7282462677486171,0.6776474962489042,0.7571150207607648,0.6669473095997207,0.8588552414763596,0.6125601726945272
2013-12-16,0.7842352941176476,0.711971402916869,0.8466449333140278,0.6557362300126988,0.7190006249097891,0.6640948441578073,0.7417389624746455,0.6587780632503477,0.8486266373983891,0.6020987966794725
2013-12-17,0.7842352941176475,0.7062229742620342,0.841098059002132,0.6508579444036783,0.7108962739358831,0.6611485849161335,0.7377395399651826,0.654410212315928,0.8515125118988659,0.6030950397041626
2013-12-18,0.772530289727832,0.7067778499718106,0.8367718586471016,0.6501766531859134,0.7084271062067491,0.6611610186847218,0.7375476925537998,0.6592255479948479,0.8558263783871164,0.5941510542110694
2013-12-19,0.7578990342405624,0.7013982995022335,0.8305110975702666,0.648368675686352,0.7011969829607623,0.6517259066941943,0.7318512050367014,0.6511378476559926,0.841164878358909,0.592551644099968
2013-12-20,0.7198577699736615,0.6893608807939624,0.8170888667138813,0.6417253671049593,0.691107878035821,0.6427653196839804,0.7226930041006963,0.6431746672843313,0.8212075788034312,0.5792318225615497
2013-12-23,0.6847427568042145,0.6904919957251421,0.8089813961764725,0.6400456344187659,0.689082918694179,0.6393936955332651,0.7169889074741118,0.6415618447788044,0.8202035467255433,0.5711867350727526
2013-12-24,0.6905952589991223,0.6965827979373806,0.8123522639189937,0.6484823151641964,0.6956300559321867,0.6438178383034817,0.720629844194514,0.6473751607065801,0.8217507633039278,0.5820642815285548
2013-12-25,0.6905952589991223,0.7025417180931748,0.8260634173835435,0.6587753715712955,0.7083737415236372,0.6525680369844737,0.729094080896754,0.6509363804686263,0.8344688826596723,0.5857859836622428
2013-12-26,0.6671852502194912,0.6855415944736752,0.8105434033568958,0.6467508754860255,0.7001780090284868,0.6411815000386123,0.7150182425382118,0.642063948602872,0.8146066506285371,0.5735519432596466
2013-12-27,0.6788902546093066,0.701203479798794,0.8289848379348999,0.6628608864046869,0.7139651560766467,0.6521530401138567,0.726631473383966,0.6542580296850798,0.8346105309192907,0.581716175596546
2013-12-30,0.6818165057067606,0.6971319647040167,0.8329249831052605,0.6625416924536754,0.7181053520104317,0.6549558812250841,0.7308639902971669,0.6588487677586005,0.8402258059097951,0.5808483303561643
2013-12-31,0.6818165057067606,0.6985703119742938,0.8293443308345355,0.6599780563749514,0.7194573604389157,0.6556764100624585,0.7330590342077955,0.6625394417622716,0.8443909414754661,0.5820207575492294
2014-01-02,0.6876690079016682,0.6967095566926,0.8360600112831342,0.6653026272326366,0.7261142898575367,0.6569309490752893,0.7352048310478602,0.662025928119123,0.8523502011151433,0.5845436440320868
2014-01-03,0.6788902546093067,0.6890605221727257,0.832683233926004,0.6587201883872663,0.7184454020466384,0.6475891747485595,0.7225546446256428,0.6547271959163766,0.8405993948368038,0.580546602619324
2014-01-06,0.6496277436347675,0.6616098903919808,0.8118177744227433,0.6355495004616083,0.6981851710488254,0.6274539981639798,0.6969185089832554,0.6334796765408105,0.825469556217404,0.5669096900747655
2014-01-07,0.6437752414398598,0.6650110722477879,0.8142789961791678,0.6388770154808648,0.7017495687746311,0.6320732499918924,0.7034295937888292,0.634036212446041,0.8425094711586042,0.5630734695610783
2014-01-08,0.634996488147498,0.6674462383181838,0.8168933892492363,0.6381124334371355,0.7026612837939699,0.6308906161057102,0.6994284498610471,0.6310128964384859,0.8400816139819831,0.5600170022035849
2014-01-09,0.602807726075505,0.6557987900893711,0.8054341321551055,0.6278387483930186,0.6919085444838419,0.6216629635757432,0.6923648288231968,0.6219026042731711,0.8208721003573668,0.552918523427059
2014-01-10,0.6320702370500441,0.6429597028700792,0.7932993350135666,0.6162466624070849,0.6827156696009433,0.615865529620164,0.6828445180742029,0.6132840703363156,0.8032419127210902,0.5464311321603439
2014-01-13,0.6379227392449519,0.6354698859818053,0.7924732702307857,0.6172787620529463,0.6840862355438744,0.6164325743422169,0.6797516929524765,0.6115469756206641,0.8097457366373769,0.5448238773019352
2014-01-14,0.6203652326602285,0.6474254876957766,0.8105216450108842,0.62972720168543,0.697847149557739,0.6300238856275124,0.6921461806099642,0.6225386941923691,0.8273529213245309,0.5537553537415719
2014-01-15,0.6262177348551363,0.6474535693657304,0.8169951005752547,0.6286803323784471,0.7033680435525282,0.6327996750472339,0.6946200571495059,0.6239282781348998,0.8264115528980387,0.5606527815949934
2014-01-16,0.6320702370500442,0.6468183302618898,0.8186688528791776,0.6284144566267237,0.7048105392447388,0.6338713007919173,0.6948889426414095,0.6289486359755547,0.8268576447261621,0.5670535268044655
2014-01-17,0.6145127304653207,0.6422144821259088,0.8095622332103847,0.6220621701936204,0.6982933983129103,0.6273936788141717,0.6863350062481874,0.6225902994468782,0.8236562715833837,0.5647564588024022
2014-01-20,0.634996488147498,0.6381683172266263,0.8125680165277573,0.6185217925777775,0.6933874688285427,0.625269269330234,0.6854392727158919,0.6168422438528113,0.8246904157041239,0.5644904481356254
2014-01-21,0.6379227392449519,0.6482181632739082,0.8334235207819802,0.6242543402704217,0.7067671106679476,0.6357172445932097,0.6955136436803007,0.6288360172233528,0.8331091392553831,0.5694248831624993
2014-01-22,0.6525539947322214,0.6660563040884536,0.8575299372876896,0.6388510553998723,0.7263639002321342,0.6513857562017262,0.7124221393784455,0.6438857630415916,0.8506538430722507,0.5770740404971748
2014-01-23,0.6467014925373137,0.6743020733673186,0.8730882458220859,0.6400850231478398,0.7311198390388498,0.6542541949083703,0.7150772800857274,0.642636820300583,0.8525169684803093,0.5800378271404234
2014-01-24,0.6554802458296753,0.682386433641977,0.8854005730259714,0.6483160626534554,0.7347470958037541,0.6601432632593759,0.7232975647553157,0.646080451205619,0.8639185152532562,0.5833093383394681
2014-01-27,0.6349964881474981,0.684393508086099,0.8855158979752589,0.6444503420164598,0.7318997669766695,0.6574872715728161,0.7180101893422616,0.6428085452471187,0.8603063854165774,0.582289925136217
2014-01-28,0.6671852502194912,0.6854847757054907,0.8837884604626454,0.6412781520369119,0.7299399482586039,0.6572938209303724,0.7200780062060317,0.6418495543605139,0.8590148647597083,0.5806951793312646
2014-01-29,0.667185250219491,0.6897958091168842,0.8989529506289377,0.6425553320966242,0.7362240579811486,0.6612426658833042,0.7213879977937901,0.6437508767525566,0.8664036950543618,0.5814716763702081
2014-01-30,0.6818165057067607,0.6921953907010311,0.9024679040331681,0.6388498358873524,0.7290924574191189,0.6547681807618941,0.7183424692416824,0.645381136967394,0.8540184021874475,0.5819960043086382
2014-02-07,0.6759640035118527,0.7041450504272544,0.9227811232287236,0.6465089680207138,0.742586762251035,0.6662756903531856,0.7279809248618192,0.6559749849292834,0.8681046980819612,0.5842481401424778
2014-02-10,0.6847427568042144,0.713648049196504,0.9490723410415329,0.6620385976343097,0.7657576856492264,0.6845155277958492,0.7482430333451723,0.6714579070466931,0.8967349409703034,0.5980459114241579
2014-02-11,0.6788902546093065,0.7105698308750126,0.946246858559604,0.6655869521046481,0.7661727758708982,0.6867188712720091,0.7551437838958617,0.679883499421669,0.898255279549047,0.6076361860815807
2014-02-12,0.6818165057067604,0.7225798240480438,0.9537987694691287,0.6769047889049641,0.7731103517310153,0.695463687249405,0.7610707226442507,0.6841448929247284,0.9263886530070452,0.612876975313398
2014-02-13,0.6730377524143987,0.7072946092695022,0.9395235728090197,0.6690581757689884,0.7582192257492408,0.6854650989186334,0.752549923692769,0.6697607996839047,0.9253335529791298,0.6123419484118171
2014-02-14,0.699374012291484,0.7271318018282302,0.9643698864422425,0.6842455283799123,0.7749026210483394,0.6967165312284427,0.7649449955343889,0.6805480839322483,0.9319363921686765,0.6192392627511009
2014-02-17,0.699374012291484,0.7466518440161235,0.9922978761143465,0.6960938593730012,0.7918421374612465,0.7087703298944151,0.7765885781176687,0.6926301851334947,0.9718241172351822,0.6206824784312295
2014-02-18,0.734489025460931,0.7509139789703644,1.0011889701618117,0.6930716712919177,0.7942234593847136,0.7098668643791073,0.7733065245215811,0.6980833983273795,0.9681745269309507,0.6201317620350341
2014-02-19,0.7578990342405623,0.7568214867863711,1.013205243161373,0.6917740385881965,0.7912366860728376,0.7113011983715332,0.7790650606906139,0.6961265483095006,0.9769369301859288,0.6299834965672224
2014-02-20,0.7578990342405623,0.7573382313343866,0.9928696449912495,0.6895149443456968,0.7793518543171146,0.7059964997591158,0.7712623642567001,0.6960988116824189,0.9613353649785779,0.6251264168233395
2014-02-21,0.7578990342405623,0.7386654780711097,0.996369891381043,0.6799862057813151,0.7786050508591895,0.6988713283418628,0.7615220214208143,0.6917454709550113,0.9458703416546482,0.6149034440186272
2014-02-24,0.7578990342405623,0.7400510329725687,1.007350221770278,0.6787960403418635,0.7784320084312254,0.6904832169318094,0.7521321189544694,0.687201206006267,0.9679853623731309,0.6220004389301625
2014-02-25,0.7578990342405623,0.7135631362180422,0.9738697479572054,0.6556330400518288,0.7468264592325201,0.6697680266847617,0.7294823496285107,0.6747704822041629,0.9170378572741471,0.6055467569132138
2014-02-26,0.7578990342405623,0.7249608768321195,0.9715981303864673,0.662054054472327,0.7493431470256119,0.674192043102414,0.7350196295967937,0.6816456390453256,0.9152556632402307,0.6108043554412755
2014-02-27,0.7578990342405623,0.7134116359475896,0.9579343618133257,0.6586243190521763,0.7423280873224661,0.6686881814923551,0.7325447018432539,0.684399311984888,0.9147737311561133,0.607560603050849
2014-02-28,0.7578990342405623,0.7293920485729205,0.9713371311740255,0.6637701575219273,0.7500067475339948,0.6763308173060236,0.742571655063692,0.6848266782633324,0.9301502387764361,0.6149066622978314
2014-03-03,0.7578990342405623,0.749562932362129,0.9892797783848818,0.6758521724036921,0.7668379831801287,0.6888813071093343,0.7581332431573541,0.6972216409471842,0.9425283856314233,0.6266828940467526
2014-03-04,0.7578990342405623,0.76175909712852,0.9874284220683296,0.6772773624122885,0.766334465625159,0.6874565221813057,0.7567185522286877,0.6966577981704998,0.9314824410011546,0.6259434844287253
2014-03-05,0.7578990342405623,0.7664107594060207,0.9905061966228536,0.6809524614856179,0.7671000645199166,0.6856618503359284,0.7580085787804953,0.6923082179059684,0.9290120548820489,0.6232287242828778
2014-03-06,0.7578990342405623,0.7735953431485388,0.996812025900665,0.6839673871987034,0.7720558411102592,0.6873688688004878,0.7636924583804506,0.6928817041790313,0.9463525312629194,0.6230724920138593
2014-03-07,0.7578990342405623,0.7675468881876555,0.9956426181374686,0.6823608058284463,0.7695767888351513,0.687342440288442,0.7561692644557021,0.6909049167365956,0.9557999164396818,0.6225032319072055
2014-03-10,0.7578990342405623,0.7433112356971676,0.96067103371303,0.6584145237023579,0.7381896201464425,0.663374679960412,0.7269358538551193,0.6617822602588042,0.9152871116631182,0.6091305577771643
2014-03-11,0.7578990342405623,0.7478438803938342,0.9475915905518263,0.65633724999246,0.7414102393367327,0.66265600378308,0.7251888346549754,0.6676536914283637,0.9084086806036611,0.6083633136744269
2014-03-12,0.7578990342405623,0.7629629427551115,0.934919571086017,0.6511600480182775,0.7403082498188243,0.6628490479571788,0.7227806691124282,0.6669300436189568,0.9003328978992743,0.6070407267073907
2014-03-13,0.7578990342405623,0.7672561060512223,0.9468819732261012,0.6555106969074437,0.7457949059956753,0.6677952574060106,0.7283875802383053,0.6760830603166917,0.917743802779862,0.6075821523293343
2014-03-14,0.7578990342405623,0.7586550371754616,0.9457790474107998,0.6532778584171488,0.7419841293718598,0.6684121926516139,0.7242912559698528,0.674421381913389,0.9140511788981288,0.6022980896674152
2014-03-17,0.7578990342405623,0.7729936865461229,0.9749379238475389,0.662854956496011,0.7557012697510938,0.6830185642920312,0.7361963089439496,0.6871820523772673,0.9295104510760899,0.6048705347865992
2014-03-18,0.7578990342405623,0.7725874986092717,0.9998251151988399,0.6659305267679494,0.7592838467561689,0.6864347410763031,0.7398870445465725,0.6881273105103936,0.9260581537892782,0.6058079284007103
2014-03-19,0.7578990342405623,0.7678146176242268,1.0024683883477128,0.6750687035403722,0.7629106011419464,0.687638333795084,0.7426859260701609,0.6904734865135069,0.9281196324421761,0.6062487907230557
2014-03-20,0.7578990342405623,0.7443673642972966,0.9631378106569551,0.6572024541052568,0.7432749864853341,0.6717967856338475,0.7279879313794859,0.6720646483036435,0.9015697613385687,0.5998401250901844
2014-03-21,0.7578990342405623,0.771584940138341,0.9878114393594428,0.6687431198809913,0.7618592132227994,0.68856802597825,0.7456419877574362,0.6891769957742889,0.9222683143874575,0.6063215195379436
2014-03-24,0.7578990342405623,0.7832628552480838,0.9982611358425044,0.674158479594825,0.7710200679833427,0.6991401296567451,0.7571503390610737,0.6975183906315833,0.9339650776748907,0.609334826979473
2014-03-25,0.7578990342405623,0.7988290230944927,0.9940763576489614,0.6766006283964365,0.7723357516182485,0.703492974542897,0.7636805890993625,0.6994464680631667,0.9353621329080954,0.6137093305119913
2014-03-26,0.7578990342405623,0.8007977997704633,1.0027400766926722,0.6812194302193089,0.7727511517542518,0.7050855451635131,0.7657404357628768,0.7021773071948221,0.9415379511948845,0.6131122359206275
2014-03-27,0.7578990342405623,0.7907577456336253,0.9706711936100899,0.6730979316629259,0.7583172275651047,0.6950196488946844,0.7580666607594078,0.6942916953818868,0.9273794109634597,0.6135530982429729
2014-03-28,0.7578990342405623,0.7818010406229984,0.9474664122293391,0.6617963950599267,0.7431976662122277,0.6876014823278268,0.7461040674490752,0.6784667198399171,0.9020367074172904,0.6167087207111657
2014-03-31,0.7578990342405623,0.761933557440779,0.9310398482054979,0.6525250326626646,0.7367346438995048,0.6787772841763076,0.7395024145316911,0.6734596431870196,0.9101117537731194,0.6187397402084064
2014-04-01,0.7578990342405623,0.7718740466271298,0.948916877062184,0.6606377125039578,0.7485374052326992,0.687549349989608,0.7498429439780829,0.6841827315562375,0.9271694412333465,0.6190939564735086
2014-04-02,0.7578990342405623,0.7787547979026918,0.9454470928515113,0.6623977092077382,0.7454833011443454,0.688610191114316,0.7513948454222515,0.682920955537963,0.9238222010071554,0.6259125073409026
2014-04-03,0.7578990342405623,0.7754447734801606,0.9469460623250483,0.6604816282056176,0.7432822460586123,0.6857136870659979,0.7459098380213606,0.6803726831949976,0.918835863818087,0.6161672950892222
2014-04-04,0.7578990342405623,0.7836377519135689,0.9625089618751415,0.6668069301578585,0.7509246346812702,0.6909850037344282,0.7537690303069255,0.689271310250368,0.9318828715485313,0.6215936727778046
2014-04-08,0.7198577699736615,0.7855279255980336,0.9739502362549066,0.6753035883734796,0.7571975815978742,0.6992207027846595,0.7616127840244158,0.6977486667977497,0.951201655653697,0.6283704719181333
2014-04-09,0.6847427568042145,0.7854565267174257,0.9825523019017914,0.6838488524879333,0.7605252548816605,0.7053758906999614,0.7678013024642397,0.701930110200231,0.9523264840003252,0.6265374364169765
2014-04-10,0.6613327480245833,0.7814084054158423,0.9883458977448022,0.6857611664969434,0.7639974264106557,0.710401514020515,0.7724849039571593,0.7029700284205275,0.9607897522357473,0.6275475588459755
2014-04-11,0.6496277436347676,0.7789516643531125,0.9781363475212641,0.6831742484137315,0.7611896227620915,0.7080119062809163,0.7696448611860197,0.7013279769200019,0.9549941326021049,0.6270649447965649
2014-04-14,0.6437752414398595,0.7821424352746235,0.9860971304951942,0.6862668609350306,0.7656378428668824,0.7125862830197326,0.777387534098663,0.7039401872753949,0.9668897322117359,0.625415976049137
2014-04-15,0.6349964881474979,0.7705979300403115,0.9826383641063545,0.6792269947857275,0.7618856931433968,0.7045090875073723,0.7722135510805708,0.6963448182771169,0.9618421320388943,0.6248467159424833
2014-04-16,0.6057339771729587,0.7737349781966381,0.9814461169253932,0.681194553210863,0.7618205345924283,0.706686481859874,0.7766765339999594,0.6978439124893194,0.9589604313766151,0.626266723606005
2014-04-17,0.6086602282704127,0.7770276286239586,0.9839277824026036,0.6838452294854722,0.7621463595640455,0.7075372625750909,0.7744165922434392,0.697868603411193,0.9694746003392567,0.6224893146648506
2014-04-18,0.6145127304653203,0.7772757997234441,0.9786602244655073,0.6824032626181882,0.766768488188684,0.7116413530793831,0.7738018810237679,0.7007987546631195,0.9817897769279172,0.6250895942687449
2014-04-21,0.6467014925373135,0.7704087035515481,0.9658959959412109,0.6720162943339028,0.7548171176356564,0.6974814854320935,0.7592723616850096,0.6866338737548808,0.9674395440896528,0.6203128375378343
2014-04-22,0.6145127304653205,0.7789612680232946,0.954949100154899,0.6667048580865879,0.7481350011314113,0.6956352188830882,0.7561099633609711,0.6846536893294204,0.9638588077056707,0.6182679007982386
2014-04-23,0.6057339771729587,0.7644712309728137,0.9585652095275264,0.6676412673948834,0.7445451428989243,0.6934760714645599,0.7533468436804319,0.6675879644237362,0.9728808875722453,0.6366361224899394
2014-04-24,0.599881474978051,0.7609055046938441,0.9388613449363417,0.661079152622598,0.7392436802969219,0.6870525703306837,0.7461603106207887,0.6663594351509918,0.9543153440387437,0.6638894802641545
2014-04-25,0.5881764705882353,0.7463456247923472,0.9161118855197042,0.6497072229919459,0.722913632807527,0.6731886301245125,0.7370351148571345,0.6545408566920121,0.9323480683331249,0.6888347448478406
2014-04-28,0.5589139596136964,0.7163999299050773,0.8826054704692663,0.6290051548703459,0.701299774282035,0.6527178261739046,0.7099862875910357,0.6317968703274633,0.8851812785832976,0.6648992764678386
2014-04-29,0.5589139596136964,0.7214802138960724,0.8972070319398063,0.6322123873720493,0.7103300003026028,0.6615494351300151,0.7223670970668901,0.6394661917108795,0.8241027351813577,0.6671360868704245
2014-04-30,0.5589139596136964,0.7326659648421513,0.8961163476069531,0.6375156454413943,0.7176426604561723,0.666683919060107,0.7302436454867522,0.6451518187737582,0.827500287999346,0.6648051875646951
2014-05-05,0.5589139596136964,0.7392611125393656,0.9073791381529042,0.6433570860514713,0.7240353026588044,0.6731580335293259,0.737547000836634,0.6495096032774078,0.8319342584784336,0.6738525905732297
2014-05-06,0.5589139596136964,0.7409515404572852,0.9114156084400179,0.6464679636868613,0.7304349668032216,0.6747180124460019,0.7376183956598096,0.6496272449483369,0.8380733709046227,0.6821373759471301
2014-05-07,0.5589139596136964,0.7292311505441911,0.8944719967896478,0.6326418989182995,0.7165468356028403,0.6628806905627181,0.725547917147189,0.6407437977806816,0.8236064354747815,0.6691423668370938
2014-05-08,0.5589139596136964,0.7377516812023276,0.908291540810413,0.6362404105070399,0.7208768358370763,0.6663094691080047,0.7284409321119699,0.6433935085501403,0.8243378174000556,0.6748493867449924
2014-05-09,0.5589139596136964,0.7402663392001179,0.9059199034701316,0.6349411948712627,0.7202838420155675,0.6622615796015653,0.724692476285731,0.6409868587048622,0.819420388297063,0.6739515273997055
2014-05-12,0.5589139596136964,0.7678046470820593,0.9264025496735575,0.657656532844689,0.7474381625338226,0.6823906152602339,0.7446233761268467,0.6574461698901257,0.8395130831033543,0.6907883705104075
2014-05-13,0.5589139596136964,0.7591262741835451,0.9287925599857894,0.65508941991953,0.7461077096169797,0.681648883349289,0.7430794258666708,0.6552135659995728,0.8376240739007759,0.6893284170347235
2014-05-14,0.5589139596136964,0.7550553211988548,0.9248473003372719,0.6539292362359925,0.745284297484346,0.6805592815781606,0.7403947072242071,0.6538893553036838,0.8367680658107226,0.6853473093969135
2014-05-15,0.5589139596136964,0.7555121294272371,0.9099766151308439,0.6413256627537998,0.7311202402879502,0.6676601938851191,0.7262522034130557,0.6427161744409933,0.8224492840012756,0.6724262104307743
2014-05-16,0.5589139596136964,0.7529625592828213,0.9221496213295098,0.644843042324245,0.7292097488782169,0.6695963337388768,0.7297531839390421,0.6461732609976418,0.8231924796706847,0.6780197120951738
2014-05-19,0.5589139596136964,0.7615529142342089,0.9248938453108432,0.6416214157647502,0.723138621129444,0.665607572355756,0.727437466372605,0.642564990594755,0.8191446991165221,0.6707605773502052
2014-05-20,0.5589139596136964,0.75568816532149,0.9182728351090554,0.643716767971211,0.7234667638266449,0.6646430752465409,0.7261489157731437,0.6424161213838958,0.8212233443604471,0.6726777604825397
2014-05-21,0.5589139596136964,0.75475635521085,0.9319159926684231,0.6492604869823698,0.7304353322792984,0.6713262927891994,0.7326052982967542,0.6495881531341755,0.8257697965437183,0.6781867456575114
2014-05-22,0.5589139596136964,0.7514328171961717,0.9276370462765519,0.6462204016342338,0.7257047893319816,0.6658516639654728,0.7286782845281644,0.6482721943618925,0.8124947467439111,0.6755015108045199
2014-05-23,0.5589139596136964,0.7562777380511244,0.9273201720397595,0.6511781787036554,0.729714199466758,0.6689288490685581,0.7332990117883328,0.6506340026437191,0.8189930178425523,0.6789766130033716
2014-05-26,0.5589139596136964,0.7578340330380245,0.9310307426980102,0.6532148468362123,0.734575948263447,0.6686505659436344,0.737235248553914,0.6541155550922535,0.8233797929652912,0.6815480930531636
2014-05-27,0.5589139596136964,0.7517932482310528,0.9288865312955504,0.6496159234905446,0.7317443744943462,0.6651411092472566,0.7342484831226666,0.6531784604889028,0.819509983740929,0.6770375857624359
2014-05-28,0.5589139596136964,0.7555917881279887,0.9310526179331093,0.6537892136564872,0.7370870268443483,0.6696078439823249,0.7391629771112053,0.6554944681546983,0.8260878524376883,0.6815417400072222
2014-05-29,0.5589139596136964,0.747695742346112,0.9189628775343085,0.6468240045477726,0.729697904689849,0.6623074592331987,0.731281240802018,0.6482484373283394,0.8171217428481368,0.6742988590587603
2014-05-30,0.5589139596136964,0.7447409946126897,0.9252486939864247,0.6466868392248731,0.7299274688617623,0.6629054877875248,0.733407126187857,0.6476700268699485,0.8164264116756578,0.6737918305593481
2014-06-03,0.5589139596136964,0.7427628035440329,0.9313011994695064,0.6485734811529917,0.7290378681189265,0.6628911482216362,0.7317892321114635,0.6486561119185495,0.8159510581255363,0.670299359938645
2014-06-04,0.5589139596136964,0.7488734126442558,0.921744000535437,0.6452280158171819,0.722089266802308,0.6557707959271627,0.7241205596244329,0.6417502372350211,0.810977870660638,0.6643206857701921
2014-06-05,0.5589139596136964,0.7506322964256589,0.9333637331290885,0.6503423465296518,0.7252419043026678,0.6585956257052892,0.7319207857929293,0.6474099145049694,0.8198338879666587,0.6690879491417636
2014-06-06,0.5589139596136964,0.7593903280249242,0.9269171607238437,0.6467884057454235,0.7223327106416777,0.6550730019300327,0.72886558435855,0.6443089673591788,0.8158093410041006,0.667760122720017
2014-06-09,0.5589139596136964,0.754571960070222,0.9231533167650713,0.6436302468431327,0.7195477268025416,0.6527248799973171,0.7286360865947825,0.6408937919402957,0.8131636871029481,0.6627598622357561
2014-06-10,0.5589139596136964,0.7593903280249242,0.9335109226332962,0.6493581062124868,0.7228162149411601,0.6585327761702264,0.7337359139982059,0.6475942498885032,0.818427253732698,0.6685944162082558
2014-06-11,0.5589139596136964,0.7601377429949362,0.9396173854685206,0.6486869539642568,0.7254155824036794,0.661764639329856,0.7355159086602902,0.6489107052699021,0.8196837653116987,0.6689915713992202
2014-06-12,0.5589139596136964,0.7607622278711962,0.9442259248487314,0.6461936298014358,0.7222010074255675,0.6617896377343084,0.7333683647680724,0.6465005736633119,0.8219719051226422,0.6638632536761022
2014-06-13,0.5589139596136964,0.7603137788891889,0.9489396385985098,0.6515005879832865,0.7263372189959517,0.6676996380321472,0.7390509615186428,0.6508812759509977,0.8271345761205183,0.6705535469693042
2014-06-16,0.5589139596136964,0.7659061147141535,0.9482647476009728,0.6535365902147452,0.7259589279168657,0.6706434346205563,0.7428148822834928,0.6549888599640364,0.8312123656613196,0.6736673268529177
2014-06-17,0.5589139596136964,0.7561813608576227,0.9359586179719737,0.6476436652636145,0.718542674918577,0.6632523840797879,0.736850720077101,0.6492032884853961,0.8143673271247629,0.6649005658526018
2014-06-18,0.5589139596136964,0.76350602756374,0.9332148038416118,0.6458619050156729,0.716422878102594,0.6583493019272708,0.7373049344588659,0.6467534658246701,0.8110690754670028,0.6612562896439391
2014-06-19,0.5589139596136964,0.746782125889347,0.9085295590403635,0.628027610806776,0.6982523610942472,0.6434869104190634,0.7199149616654483,0.6320519377770507,0.7964026904365781,0.6490411882407111
2014-06-20,0.5589139596136964,0.7499212687633973,0.9199097640849312,0.6319971513721852,0.7039577968130237,0.6483946886643331,0.7239930746428874,0.635478667872287,0.8009713837415263,0.6498758493422643
2014-06-23,0.5589139596136964,0.7541067925954644,0.9186593086590114,0.629860186688726,0.7084122431294971,0.6524661112434005,0.7280697094615474,0.6374788068288887,0.8029166324148689,0.6525813146822423
2014-06-24,0.5589139596136964,0.7559969657169948,0.9130323410443727,0.6342095791458312,0.7117201629134307,0.6559951535686164,0.7343431715787719,0.6421133167167028,0.8061757223602378,0.6572903502097134
2014-06-25,0.5589139596136964,0.7606574914313196,0.9150958727008824,0.6334967740191503,0.7094755356240005,0.6541695251900879,0.7319880204268321,0.6395851144811436,0.8033541720275046,0.6565340824538967
2014-06-26,0.5589139596136964,0.7673576732611769,0.9240373096291432,0.6398688328128402,0.7168411435030335,0.6609249834189461,0.7424159883253404,0.6455335505873789,0.8096326360279166,0.6628309433428502
2014-06-27,0.5589139596136964,0.7705051753816025,0.9355505923693533,0.6437603169720548,0.7212168174782015,0.6657058842780343,0.7535043241283883,0.6504443541927322,0.814381361302865,0.6691468673878652
2014-06-30,0.5589139596136964,0.7713943413403159,0.9490277159762343,0.6482573999078493,0.7225246442569823,0.6695422525826125,0.7626261245851628,0.6565070443146714,0.8188915904615283,0.6734211127639352
2014-07-01,0.5589139596136964,0.7646893732490057,0.9509441315443123,0.6518680147205277,0.7251931368298399,0.6719189422006976,0.770090628698656,0.6601253548347384,0.8199668984695578,0.6717473886808122
2014-07-02,0.5589139596136964,0.7651697886337904,0.9650038715515035,0.6565510263514897,0.7294365018219803,0.6777199313656457,0.7722161594386658,0.6632818899999251,0.8288275957135732,0.6771849753093176
2014-07-03,0.5589139596136964,0.7652483421082985,0.966032371895824,0.664559577400176,0.7336157506635032,0.6816614553573006,0.7746449676177221,0.6696384417639435,0.8340896555941935,0.6800478597637158
2014-07-04,0.5589139596136964,0.768368556037112,0.9565677441398805,0.6618163529657314,0.7311618438924958,0.6795180020365935,0.7709407239331454,0.6666579093192455,0.8295899533012343,0.6787989679242157
2014-07-07,0.5589139596136964,0.7718853264239622,0.9667502354196037,0.6635131592613382,0.7285249483565444,0.6806366688175804,0.7721334132835072,0.6666862958669985,0.829091568846424,0.6811720705520541
2014-07-08,0.5589139596136964,0.7816556701762678,0.9673765677597824,0.6658148108289583,0.732232778679191,0.6848604007848906,0.7746181606383912,0.6712750361998755,0.8359044193110899,0.6836410213246277
2014-07-09,0.5589139596136964,0.782700837857754,0.9574925042571846,0.6580140025961209,0.7214871144267468,0.6757338278105873,0.7651101810644826,0.6603971676723268,0.8223092125975746,0.672518968432338
2014-07-10,0.5589139596136964,0.8008490053091566,0.9614901885309936,0.6638676328739508,0.7229427425597154,0.6809122257069793,0.7681240060409212,0.6644336251729348,0.8304933416580735,0.686216390453157
2014-07-11,0.5589139596136964,0.8294502633859598,0.9730787931094226,0.6739652011881714,0.7299357549012551,0.6884075726322202,0.7741382014453508,0.6696807394149203,0.8380093279388696,0.6958015231589444
2014-07-14,0.5589139596136964,0.8426560321410668,0.9897485274144207,0.6795121647479255,0.7376503740037216,0.6993153405064546,0.7876827210584518,0.6763157428800467,0.8521433652885505,0.7020678968260263
2014-07-15,0.5589139596136964,0.8446855965429069,1.0050074855311992,0.6802102694356048,0.7408149108657524,0.701513493718308,0.7884505047761133,0.6766851526724594,0.8536511030775655,0.7039063065376648
2014-07-16,0.5589139596136964,0.8388948309438174,0.9864265600529664,0.6827369453687225,0.738466589580786,0.699060387089204,0.7888180494183625,0.6795865570901385,0.8557701206908169,0.7031390171959406
2014-07-17,0.5589139596136964,0.8481930105074261,0.9798518957648933,0.6808781865990119,0.7364041412241202,0.6960306432648588,0.785248465919567,0.6737007488059095,0.8525161198116208,0.7006455959793876
2014-07-18,0.5589139596136964,0.8479577200187838,0.9882147364925652,0.6846459972485611,0.7372611407522576,0.6998092293427457,0.7908995998348319,0.6675832678208761,0.8565072732617657,0.7031982527641779
2014-07-21,0.5589139596136964,0.859595518861886,0.9944505568587979,0.6844921635787948,0.7351171795506856,0.7004430598233201,0.7907792988781355,0.6645142059994702,0.8518173990065976,0.6989862134595098
2014-07-22,0.5589139596136964,0.85690003870839,1.0159192035137647,0.6921214681333623,0.7460725421446386,0.7091790847773707,0.8029448966746658,0.6705617097855643,0.8598114326461829,0.7057152763698641
2014-07-23,0.5589139596136964,0.8530901938212311,1.0369995012332656,0.6932817928159681,0.7457525789933049,0.7109828831515977,0.803594597278784,0.6726778912641213,0.8592599717125836,0.7100307654802279
2014-07-24,0.5589139596136964,0.857400488264655,1.0431637478129434,0.6979017617141365,0.7525540282809322,0.7172988814151591,0.8080365709774995,0.6779066074390019,0.8642603278597778,0.7173824589507902
2014-07-25,0.5589139596136964,0.8484863468923296,1.0517712472578815,0.7047793670176344,0.7625281573207494,0.7246494160165959,0.8134918921532811,0.6876411689345466,0.8734333088860514,0.7265479179513717
2014-07-28,0.5589139596136964,0.8548876707844693,1.075762466952944,0.7180562109827697,0.7758408522015775,0.7356569656470802,0.8266409592732413,0.6979625951668943,0.884833493958366,0.7351166798145855
2014-07-29,0.5589139596136964,0.8763319388030328,1.0937234520018322,0.7263720938822941,0.7798932155740961,0.7403256590299915,0.8297582478479822,0.7003048806042755,0.8871783686636676,0.7313571525438708
2014-07-30,0.5589139596136964,0.8748011995404272,1.0913779585590098,0.7243766128785785,0.7831754759182908,0.7373650193318216,0.8260036770602318,0.6983088783574347,0.8862927088597916,0.7315926781854568
2014-07-31,0.5589139596136964,0.8698587962657298,1.1052467115919522,0.7323309944775733,0.7901049329450336,0.7469955275018998,0.834294334292106,0.7056387278182581,0.8929784853110015,0.7353278300385907
2014-08-01,0.5589139596136964,0.8740064622073233,1.1010134971781265,0.7254852258901558,0.7845464673714269,0.7404434959421834,0.823152252019724,0.6976106847305124,0.8843399527767113,0.7295940243277032
2014-08-04,0.5589139596136964,0.9060565068953307,1.138449330124432,0.7402604954626271,0.7991140822078436,0.7589491702313803,0.8382427918509372,0.7093631004640764,0.9019334775810087,0.7486547708695016
2014-08-05,0.5589139596136964,0.911672557926985,1.1409628917287509,0.7416795448738308,0.8057063481524381,0.7620812193686837,0.8421016454249266,0.7139740690710841,0.9070403325832459,0.760689770789773
2014-08-06,0.5589139596136964,0.9097387434775722,1.156854440974829,0.7415201712787016,0.8113746699687157,0.7661020730741783,0.8463909210679815,0.7193496190830687,0.9108483164098509,0.7634845676655742
2014-08-07,0.5589139596136964,0.9021056463108317,1.1342754387095095,0.7330520989995012,0.7981414830687937,0.7564019311341547,0.8347032399489738,0.7102850267444512,0.9019288628531844,0.7467987473927905
2014-08-08,0.5589139596136964,0.9050953061908795,1.1338232276738016,0.7341117832606309,0.8034425811677998,0.757774977367412,0.8380301977415204,0.7117749082774708,0.9017015272949943,0.7465970148460818
2014-08-11,0.5589139596136964,0.9164465492624431,1.1514037071340784,0.7438202305955113,0.8158296448082075,0.7701261085952101,0.8515880996683364,0.7236815399897897,0.9140736014862971,0.7577289329369635
2014-08-12,0.5589139596136964,0.9162876017958224,1.1470096545055304,0.7454855972469125,0.8157926504588526,0.772989193350645,0.8549113155505812,0.726589152955565,0.9176881904182919,0.7592454832259368
2014-08-13,0.5589139596136964,0.9118674147161874,1.1450955697493899,0.7490609295922225,0.8185781105319566,0.7754652711755441,0.8573054951119118,0.7295592413866631,0.9220210577292037,0.7606906167192163
2014-08-14,0.5589139596136964,0.8971329010503868,1.130644594212688,0.7442219101234668,0.8115914087802036,0.7696353118150224,0.8523865045680504,0.7265092941350213,0.9145221640220027,0.7579475025435435
2014-08-15,0.5589139596136964,0.9088607744587944,1.1350130488809553,0.7488932504845348,0.8188773442915331,0.7739428226818841,0.8630275784103267,0.7321537593389967,0.9230378378163027,0.7611489367583401
2014-08-18,0.5589139596136964,0.9101702120822345,1.1459615369432223,0.7543955243177711,0.830225795038486,0.7832149654980747,0.8711279621811027,0.7399524345413842,0.9310412872797718,0.7702730773240636
2014-08-19,0.5589139596136964,0.8987602336070684,1.144632370939817,0.7576184805907956,0.8337399997758072,0.7845747605546244,0.8762608735189772,0.7410648780029785,0.9332619473447059,0.7786661497881865
2014-08-20,0.5589139596136964,0.89501369428439,1.143293392268085,0.7605968600218318,0.8364515633526939,0.7844853669981711,0.8815591521944924,0.7460411575626024,0.9342612194393393,0.7814736571863393
2014-08-21,0.5589139596136964,0.8983401780429163,1.1512087865697935,0.75882677473707,0.8366105034325934,0.7822643398320522,0.876367944877965,0.7452404370329192,0.934656301849548,0.7758886907996889
2014-08-22,0.5589139596136964,0.9184492320347689,1.162717651093131,0.7627655711796691,0.8396155636889078,0.7858031475559693,0.8804366440995921,0.7497213885991278,0.9430880552969269,0.7838262430396155
2014-08-25,0.5589139596136964,0.9387162363172866,1.147725262323152,0.7634271408787552,0.8310747741504582,0.7808982485782588,0.8749619516428412,0.7474972368062021,0.9348098298759199,0.7777566921742995
2014-08-26,0.5589139596136964,0.9167970744667527,1.1243102243428587,0.7440763823005875,0.8178115654098729,0.7642189351744225,0.8598561915240371,0.7340469330207433,0.9155506331587083,0.7553862230145515
2014-08-27,0.5589139596136964,0.917974009473535,1.1289770446263012,0.7449277764523833,0.8225874173440472,0.766219616775278,0.8624431025106091,0.7341863307627813,0.9150017574450875,0.7572674676535207
2014-08-28,0.5589139596136964,0.9444208199084523,1.112757334555674,0.7415669176007991,0.8187436585768847,0.7617768918578199,0.8552126293532666,0.7261186780951894,0.9086571776867914,0.7553459032130897
2014-08-29,0.5589139596136964,0.94071372168766,1.1209238080951998,0.748242430287956,0.8260638325401136,0.7717106493064436,0.8647124437526984,0.7342927024647954,0.917969448205572,0.76511780931971
2014-09-01,0.5589139596136964,0.9378444160923977,1.1476876184785045,0.7580692467777771,0.8405586710465516,0.7822722652708772,0.8767818588230434,0.7424689840083036,0.9320588125678347,0.7740731261496245
2014-09-02,0.5589139596136964,0.9576597683428675,1.1707004007811135,0.7688499654549925,0.8543762209323298,0.7954967646654898,0.8914871111977543,0.7542671768504067,0.945739219855513,0.7830408845846656
2014-09-03,0.5589139596136964,0.9549133928413571,1.1706897738281636,0.7738765710817818,0.8625608473278246,0.7997381943329779,0.8986946126866696,0.7593676092148925,0.9563255483223017,0.7885342051251274
2014-09-04,0.5589139596136964,0.9528832011984428,1.180935203027948,0.7819486962245819,0.869396870611371,0.8092991197620768,0.907754200577013,0.7671996057743975,0.9619855423512277,0.7948912394832356
2014-09-05,0.5589139596136964,0.9537990281076939,1.198054148950304,0.7862508702348081,0.8757039919102404,0.8133587699989113,0.9139032333144477,0.7741142930700298,0.9706178735400577,0.7977350380921352
2014-09-09,0.5589139596136964,0.9849932769778188,1.2128220210343894,0.7897126602142993,0.8819388818864122,0.8183629686226216,0.9247050613934937,0.7810902310110451,0.9834838967336997,0.8029723467431901
2014-09-10,0.5589139596136964,1.0318585278355503,1.2165911173604298,0.7939640627440531,0.8837983081723664,0.8249164841917573,0.931140143720657,0.7828675089081324,0.9934610446351136,0.8048480533242612
2014-09-11,0.5589139596136964,1.029094066730452,1.224505078273163,0.7920926117619065,0.8828600141074658,0.8223523462693434,0.9261928352515274,0.7820540195936364,0.9843996299992551,0.8070933069753374
2014-09-12,0.5589139596136964,1.0371618401302976,1.259703239061662,0.8058749136454717,0.8926443732881688,0.8365970564034164,0.9397299771508628,0.7942290631963611,1.0033805954581891,0.8160431932815563
2014-09-15,0.5589139596136964,1.040629555686738,1.2875179755719381,0.8179242160671713,0.9048480201466077,0.8477364137358423,0.9484547716624889,0.80797627038798,1.0144126021216113,0.8320730946397294
2014-09-16,0.5589139596136964,0.9925055006689869,1.2388650627028537,0.7980908798342559,0.8800544070030931,0.8256642949024033,0.9224228265929819,0.7910036351183395,1.0000854068350797,0.8235263240686238
2014-09-17,0.5589139596136964,0.9978680675581235,1.2595736638319244,0.8041361341485748,0.8903379315412951,0.8372596275589598,0.9321041866904196,0.7979712255645655,1.0088562867980655,0.8406056901674805
2014-09-18,0.5589139596136964,0.9952351576777468,1.262632744308175,0.8117397842299957,0.896228861859871,0.8420312365621887,0.9398536603594059,0.8011804921877305,1.0165026368155476,0.8402700498154776
2014-09-19,0.5589139596136964,1.0031868850690906,1.2766315575224683,0.8189313984824982,0.9042608402916649,0.8495596823326861,0.945869945481228,0.8053538235084429,1.0203215251296374,0.8452429068904498
2014-09-22,0.5589139596136964,0.973168723285697,1.252956503269933,0.8097760291832223,0.8898376680197336,0.8333644417128412,0.9318171018862417,0.7844789205277123,1.0009960152420225,0.8235309857021288
2014-09-23,0.5589139596136964,0.9825774227265911,1.2774266270355314,0.8206498376226059,0.8979108188635946,0.8440975859983756,0.9468129364843749,0.7920630866390288,1.0117874424907796,0.8328791925681076
2014-09-24,0.5589139596136964,1.0021385555431817,1.3006033469870437,0.8316196977127104,0.9113515621604531,0.8589363621300964,0.9642993552658518,0.8042792768111748,1.0262061254222647,0.8408223073202377
2014-09-25,0.5589139596136964,1.0040562787409184,1.305111825121962,0.8281398782055717,0.9092532951561436,0.858375230672056,0.9673916255566747,0.810051348769759,1.0301073661825733,0.8409557283326473
2014-09-26,0.5589139596136964,1.0120759899079086,1.314218571850199,0.833590186221552,0.9151140966811525,0.8645190312997889,0.974791142369253,0.8125066599543554,1.0347324859970666,0.8409504683446491
2014-09-29,0.5589139596136964,1.0196752801542668,1.3435662598871514,0.8436765531770815,0.9259670728759204,0.8730152691964375,0.9846813420794311,0.819410306269075,1.0416998610667554,0.8504080989075451
2014-09-30,0.5589139596136964,1.019258170333963,1.3565806087494823,0.8491344878606297,0.9321914738618611,0.879294528827745,0.9849584697943191,0.8194829562245989,1.0456247644863887,0.8593280117694925
2014-10-08,0.5589139596136964,1.022992407490462,1.3860766797097537,0.8593233247511063,0.9445582736229728,0.8940453484130738,0.9951568158149444,0.8287547323150926,1.0587804438931456,0.874784045825876
2014-10-09,0.5589139596136964,1.0333711448673513,1.407689144931946,0.8642581809998582,0.9545982013489965,0.8979195880699924,0.9944894906188484,0.8322632059986229,1.0702232722436607,0.8791603279185883
2014-10-10,0.5589139596136964,1.032720215141128,1.3977234400706822,0.8659448553319762,0.9526477012353806,0.8946827623464446,0.989957038679446,0.8281539964927556,1.0732701171536383,0.8747378173701301
2014-10-13,0.5589139596136964,1.0340237612768721,1.4159722464893874,0.8732509551138298,0.962583744398376,0.8984679915058744,0.9949631967721337,0.8317159057686138,1.0741647632439895,0.8751144547859182
2014-10-14,0.5589139596136964,1.0578253642436353,1.3963298944659404,0.8714516223477226,0.9629134805076152,0.8958630609628742,0.9914628971520659,0.8314595922544863,1.0790766702550612,0.8757103179023988
2014-10-15,0.5589139596136964,1.059965448522761,1.3735315337070166,0.877911342400663,0.965076704041154,0.8990582404587335,0.9967689082734331,0.8370485709987047,1.0853745031828965,0.8807418458449271
2014-10-16,0.5589139596136964,1.0228157443551347,1.3524860791645925,0.8651361006817241,0.9473533614415334,0.8875978298826489,0.9792414409635183,0.823911884703479,1.067806818243645,0.8640305898391759
2014-10-17,0.5589139596136964,0.999983335982718,1.3344196461426006,0.8481687364463749,0.9380878705859231,0.875054505813225,0.9661071822579282,0.811070506811341,1.0481756533144622,0.849105549916042
2014-10-20,0.5589139596136964,1.0301142280958837,1.3634422659352223,0.8564875902449982,0.94825461708913,0.8870974721363131,0.9759818620864519,0.8255446706934658,1.0623686289825325,0.8660795346828342
2014-10-21,0.5589139596136964,1.0150422633105303,1.349140900938268,0.847599146394005,0.934628040440321,0.8788672673930703,0.9659208198292523,0.8222144608333869,1.0598778093418504,0.8545609418610615
2014-10-22,0.5589139596136964,1.006865337144237,1.341119256876182,0.8353845470918795,0.9199555026032533,0.8685489354607171,0.9534301263542257,0.8114242554890114,1.0460807305554702,0.8466682991251645
2014-10-23,0.5589139596136964,0.9876988122177912,1.3028325831651522,0.8156606113858967,0.8994789569476791,0.8547487301131894,0.9357834486253928,0.7976176073745385,1.0224075993284858,0.8241634878954458
2014-10-24,0.5589139596136964,0.9846371175920056,1.298593929016522,0.8145365542353453,0.9006606609980606,0.853020850976373,0.9370993324797646,0.8044488829560866,1.0241210853660425,0.8274345838667055
2014-10-27,0.5589139596136964,0.9848491708591272,1.3065584788161526,0.8199287214082074,0.9056336347096287,0.8600286457991366,0.9398556638794201,0.805371533867503,1.0282754422457676,0.826135112888049
2014-10-28,0.5589139596136964,1.0186439978503714,1.3623458914409812,0.8415434608615402,0.9322979457087935,0.8898201551959215,0.9633303828705789,0.8262429882038316,1.058664006710196,0.849768352459314
2014-10-29,0.5589139596136964,1.0307121600718927,1.3852564836902268,0.8573374521434696,0.9484938383237896,0.9101829034881449,0.9809838660155017,0.8403029965793376,1.0814980346106944,0.8744223601146494
2014-10-30,0.5589139596136964,1.0278589457283065,1.4103862081122527,0.8660862011024263,0.9539669452811964,0.9156684635768503,0.989196068753491,0.8527147728505204,1.0968479147162191,0.8823475124737534
2014-10-31,0.5589139596136964,1.04246537310402,1.4182726621329247,0.8717984899830792,0.9608872008188173,0.9222820680862371,0.9957221198137544,0.856466537624401,1.0998020954542167,0.8883408955156042
2014-11-03,0.5589139596136964,1.0788262314262387,1.4281797342791434,0.8895714561850715,0.9754481846053401,0.9374361623297716,1.0130776898972387,0.8706143389843902,1.1264820271987481,0.9161471478744003
2014-11-04,0.5589139596136964,1.0710542209643574,1.4550028213910717,0.9024241367042912,0.9824275516713948,0.9441048125672368,1.017065267355682,0.8778499808108111,1.1377129498073402,0.921337689901019
2014-11-05,0.5589139596136964,1.0709545280921258,1.4620425532958317,0.8976543554478843,0.9737949927377517,0.9396628909262645,1.0105659244816654,0.8793159310841955,1.126556426306431,0.91082867756582
2014-11-06,0.5589139596136964,1.0692764082377173,1.4521590370433972,0.9050910012501606,0.9776264665973285,0.9422979945101522,1.0140185579421415,0.8833794782394283,1.1329138777094356,0.9081791223516567
2014-11-07,0.5589139596136964,1.0387407084704272,1.429705765532639,0.8987788867317587,0.966456691189283,0.9300873270953509,1.005168041436618,0.8777607450677821,1.1236971630676855,0.8907092628760844
2014-11-10,0.5589139596136964,1.0530594748483593,1.4481775105601473,0.9168555946008223,0.9807722601815492,0.9512560413700937,1.027424660026721,0.897208530775478,1.1474592661965917,0.9138953108359865
2014-11-11,0.5589139596136964,1.0203706533444028,1.3880276165954673,0.8926834878746591,0.95138934956441,0.9185599343196771,0.9954570642502285,0.8753228700764596,1.1092086819770184,0.8906608911550457
2014-11-12,0.5589139596136964,1.0319146508029695,1.4074826346915308,0.9121869947432194,0.9674609255769689,0.9387980751972544,1.0121106163252487,0.8909274149664071,1.136073991864544,0.9036758092356554
2014-11-13,0.5589139596136964,1.0236388751060936,1.3919420078668112,0.9106103316595389,0.9639647245975598,0.9321108442001395,1.0085946683546907,0.8848558032615914,1.1279049423073562,0.9020256314392092
2014-11-14,0.5589139596136964,1.018173412294685,1.3835129045450976,0.903328888115688,0.956588348623994,0.9273951339150521,1.003682807813947,0.878018924564422,1.1186849977258662,0.8921720928206004
2014-11-17,0.5589139596136964,1.015965344239913,1.3861537034071674,0.902208674068977,0.9611958993600545,0.929770186901253,1.0105722497393799,0.8841929011212297,1.1217968440894486,0.8938493511933074
2014-11-18,0.5589139596136964,1.0141308527278496,1.3940212657522542,0.9026889199364536,0.963957422965134,0.9357953170784155,1.0120524980185839,0.883605638193036,1.1220560082280695,0.8989022843449176
2014-11-19,0.5589139596136964,1.0188829693742234,1.3898022332113216,0.9066881204712314,0.9646020945503855,0.9399872601217477,1.0111840439379836,0.883827219705226,1.1238471184885412,0.9031997934564339
2014-11-20,0.5589139596136964,1.0170950649338908,1.3885797570537053,0.9075852806781504,0.9658869583353522,0.9444364564971812,1.0103550516700743,0.8845085981822558,1.1218763178105977,0.8990908745701403
2014-11-21,0.5589139596136964,1.0390279995333267,1.405231438970161,0.9203907304359623,0.975307183920653,0.9574356062647135,1.0200740021217551,0.8979042842477158,1.134662139201054,0.9082165016621506
2014-11-24,0.5589139596136964,1.045122625432161,1.4433784489629513,0.9422260445479608,0.9921987137038591,0.9773324617077208,1.040053460246137,0.918368257031802,1.1549773057185897,0.9288193329112514
2014-11-25,0.5589139596136964,1.0525484555932325,1.464122711249368,0.9549335223638871,1.0072922817440964,0.9913420438417991,1.0531876574952463,0.9326019092629532,1.1708142647408186,0.9379154879320172
2014-11-26,0.5589139596136964,1.0365715989539699,1.4692614565426299,0.9551148515630848,1.0096397398400438,0.9975993527235425,1.0599036013736998,0.9337292542630455,1.170061793099262,0.9413823452435851
2014-11-27,0.5589139596136964,1.033424832124906,1.479629020752426,0.9652495854492641,1.0170981538368076,1.0060739290940421,1.0685920860371105,0.9416553531597894,1.1712494615831244,0.9415758773469313
2014-11-28,0.5589139596136964,1.0382071827067394,1.472583492815419,0.9802023287043767,1.020813535992133,1.016100421818623,1.0770240608975783,0.9456788091476604,1.1768916311832986,0.9478494219857985
2014-12-01,0.5589139596136964,1.0480042286152003,1.4417904257159382,0.9891501228961196,1.0194189791621695,1.0106148144219584,1.0762316504457492,0.9450641203479284,1.1783751344845652,0.957230425263562
2014-12-02,0.5589139596136964,1.0488236783309501,1.4581488923275456,1.005532307866588,1.035244221972165,1.0241209869000243,1.0893343174962051,0.9601996821375859,1.1958518778087128,0.9680582517579913
2014-12-03,0.5589139596136964,1.0568113150448755,1.4837350157138431,1.0111537785612694,1.0528227240698345,1.0337714240000535,1.1051963578575836,0.9727952917168498,1.2108310982229085,0.9786173306527045
2014-12-04,0.5589139596136964,1.0613496459568097,1.5286953554574978,1.0370608465854254,1.080385723496728,1.0587606913307919,1.1294983815397297,0.9966908105557448,1.235414627865491,1.0060177907171428
2014-12-05,0.5589139596136964,1.0227600581672653,1.5217336048586008,1.0007058416672707,1.0448285145993959,1.0307606431247966,1.0890980138454318,0.976098283861797,1.202594494147401,0.9664650858942206
2014-12-08,0.5589139596136964,1.0152716577330743,1.5581934198170375,1.017783586715474,1.066475039513346,1.0582912860894775,1.1130685046402653,1.007479904373047,1.2367902339866979,0.9935064464342952
2014-12-09,0.5589139596136964,0.9888495551024006,1.4625894250562348,0.9779497726188457,1.024518259670737,1.0182280600386642,1.0711786042029265,0.9719240380474478,1.2050648778728092,0.9641224106943921
2014-12-10,0.5589139596136964,1.0093767829351825,1.4947530092197316,1.014265960858634,1.0637313567479896,1.0554923139471177,1.1116135003126915,1.0118276689326564,1.253738297697362,1.0105462052581062
2014-12-11,0.5589139596136964,1.054319524333724,1.5147810580123353,1.0478187832192905,1.085867789789785,1.0796036457800904,1.1420676013468944,1.0271606820990247,1.2892696263875136,1.0407180034992658
2014-12-12,0.5589139596136964,1.0419126308714504,1.5272596093812936,1.052333430750019,1.09484744224703,1.092304747022683,1.1450970468170103,1.0322807759454546,1.2908062514926097,1.049174786345763
2014-12-15,0.5589139596136964,1.0415113962022482,1.5334610387437781,1.0667037663365737,1.1065900379658402,1.10626114549859,1.1565914215772097,1.0470291200792734,1.306052132297098,1.0679950408162997
2014-12-16,0.5589139596136964,1.0646372490098552,1.5579787622139203,1.0821465257917864,1.1132978684090695,1.1171885841103428,1.1666953988328612,1.0546601092906331,1.326049760214925,1.0729428656774165
2014-12-17,0.5589139596136964,1.0348194655684784,1.5335017982843642,1.0855505381988044,1.1079353564584626,1.1098764504858096,1.1599864407970553,1.050627252441926,1.3168809222835225,1.063015629316592
2014-12-18,0.5589139596136964,1.036176117504723,1.5358651629116946,1.0887351422472218,1.1116527406116996,1.1193208328464472,1.154556241695176,1.0465641932795453,1.3301695651264143,1.05792858631771
2014-12-19,0.5589139596136964,1.050988963966055,1.540604167154184,1.1040156046529839,1.1198733591627534,1.1371895288693712,1.1712950350575386,1.0641416909445234,1.363250279858124,1.0873161725648266
2014-12-22,0.5589139596136964,1.0069829681955116,1.4912062635078553,1.0550955593634028,1.0935878403270127,1.1128016478949787,1.148639451439704,1.0544996784105527,1.3653805726554766,1.0782844162486231
2014-12-23,0.5589139596136964,0.9700462732653451,1.4341241632122195,1.0304030458390114,1.058952771874007,1.0823382433744908,1.118690296991909,1.0175380289468487,1.313161726158294,1.0358873838721672
2014-12-24,0.5589139596136964,0.9869368544116598,1.4432103727916343,1.031061149040511,1.0712192233120612,1.0801295149963261,1.1237636075844628,1.0151265600587416,1.3137903873186583,1.0329146863659457
2014-12-25,0.5589139596136964,1.0010133335870106,1.487032166697271,1.0632322606737947,1.0996655798029504,1.1124464349835552,1.1520088771600125,1.0438722273022456,1.356819851714062,1.065090068911898
2014-12-26,0.5589139596136964,0.9983681215404546,1.5367203106825507,1.07831519962865,1.1156352394876583,1.1349896167147913,1.1680251512797317,1.0610205374501402,1.3821189312307414,1.0833234165862207
2014-12-29,0.5589139596136964,0.9928479285115148,1.511812278244395,1.080745253985081,1.1110427820426163,1.1402937880648338,1.1676014961272476,1.0582446295386054,1.377318347032491,1.0987491706973043
2014-12-30,0.5589139596136964,0.98622125658852,1.48627527421926,1.054646304629821,1.0876303224690225,1.1176925227898005,1.140141167991292,1.0436582934580192,1.3537856862489572,1.0872886831051385
2014-12-31,0.5589139596136964,0.9956347422908671,1.525514916513783,1.0771467651404283,1.102037097288022,1.1324761517766029,1.160957278719475,1.0605576195426334,1.3767711931101816,1.0956943642839228
2015-01-05,0.5589139596136964,1.0223802614075965,1.5665938750872592,1.1123686495494267,1.1434329826779255,1.1531517352111358,1.2039206333578223,1.0869728067308306,1.4137192137955281,1.1330170959393497
2015-01-06,0.5589139596136964,1.0307425798904737,1.556298964283375,1.1126840752832383,1.147064565677406,1.1538776642529502,1.2063579318135786,1.085638926718917,1.4046372121008268,1.1363785340958725
2015-01-07,0.5589139596136964,1.0335740275952625,1.5559588219365281,1.1165007642731952,1.1545847283605257,1.1570752946788871,1.2095925086728512,1.089358673333184,1.4114501238427122,1.1341833982601806
2015-01-08,0.5589139596136964,1.0178164828216552,1.5259654411126578,1.0977313417170003,1.135955923309444,1.133627678111068,1.1912172339703488,1.0683953725873494,1.3729900604377718,1.0996354833234934
2015-01-09,0.5589139596136964,1.0084172478533795,1.514155357237416,1.085738440932906,1.120322965207182,1.1207534861552615,1.1773687623980154,1.061908196207504,1.3540176214701407,1.0899921131204784
2015-01-12,0.5589139596136964,0.9897722038306345,1.4814980527181936,1.0628410679987732,1.088426881611497,1.0888219731005395,1.1440209294119759,1.0382219179840424,1.310577255620957,1.0525541557221174
2015-01-13,0.5589139596136964,0.99202796418338,1.4860969585966053,1.068776539781088,1.0993521960132056,1.0964999213557838,1.1506262924692323,1.0435835779944835,1.3181061134825371,1.0597539646618594
2015-01-14,0.5589139596136964,0.983674004946878,1.4717966832449145,1.0534965690147453,1.0881654331910116,1.0879676957810205,1.1383996760325048,1.0371025550279775,1.3072987269416159,1.049559470203655
2015-01-15,0.5589139596136964,0.991649339494624,1.512363387618463,1.073917182130574,1.1078620840119964,1.1124835316479085,1.164322121985088,1.0632771900977407,1.338630465269966,1.0779137853876353
2015-01-16,0.5589139596136964,0.9970921923255862,1.5192857946253548,1.084201638026655,1.1195648658252915,1.117548380254908,1.1718376629792107,1.0717666069792515,1.3512298696770746,1.0823805285224004
2015-01-19,0.5589139596136964,0.9505883696786919,1.4077845020687456,1.0168405150680824,1.052712328581569,1.05065296802429,1.0956929732779546,1.002026497805731,1.2564170233693102,1.0093528273170316
2015-01-20,0.5589139596136964,0.9640651844107155,1.4698649972071778,1.0522390096643555,1.0865504019685444,1.0811020465342227,1.128551706045297,1.0305475039441323,1.2859312135690422,1.0326787947628437
2015-01-21,0.5589139596136964,0.9873253803525853,1.5292600959287257,1.0918180207494501,1.1214946891874567,1.1159220821833693,1.164088975298837,1.0603692929621857,1.3309860899775698,1.065713741167123
2015-01-22,0.5589139596136964,0.9984825019263082,1.5686527478926935,1.1042515814910396,1.1404635364699787,1.1264673035883792,1.17932041476748,1.067076061131711,1.3454125128935124,1.071549686092241
2015-01-23,0.5589139596136964,1.0016276443383414,1.5612505606002574,1.09781763894427,1.1338489362988184,1.1202643193541713,1.1739409177779834,1.0594048429252119,1.3374533157944537,1.0651506685414676
2015-01-26,0.5589139596136964,1.0250716081797648,1.5902377583574954,1.1225125677709211,1.1606478503047355,1.1422055913199232,1.1947407616671002,1.0819610508015522,1.3673255862847093,1.086243413735581
2015-01-27,0.5589139596136964,1.0685128974376266,1.5845277266840279,1.1176965038955842,1.1650337606450827,1.1512110071638368,1.1985817629176685,1.0849212794742953,1.377246363702787,1.0930390509382257
2015-01-28,0.5589139596136964,1.0859024117734632,1.5869654053974849,1.107038343632008,1.1576426150823769,1.1434934511313777,1.1889378909131814,1.0763142639583794,1.3655918639457152,1.0790971272105634
2015-01-29,0.5589139596136964,1.1019897425059917,1.558692505130196,1.1031473727076744,1.1491025672179014,1.1395934367339766,1.1834806065513217,1.076243567417754,1.3741002253701713,1.0769907729137196
2015-01-30,0.5589139596136964,1.1055187070087342,1.5427925422792734,1.089388434278554,1.134288003667294,1.1221242591615632,1.1695529608302835,1.0639554387959813,1.365779148957669,1.0652841933388142
2015-02-02,0.5589139596136964,1.094610761301245,1.5186162936033312,1.0643759988113066,1.116868695711724,1.1079671910469477,1.148518677773404,1.0435981585919767,1.3307524316834494,1.0453789819906154
2015-02-03,0.5589139596136964,1.0883200653366778,1.5301888072428615,1.0800454097383185,1.1361731191321385,1.1249380495892007,1.1626083527337678,1.056575020279251,1.3481905703463792,1.0588303138580937
2015-02-04,0.5589139596136964,1.0923415935560772,1.5187222415933885,1.0747189271258335,1.1302202820860927,1.1256434662490336,1.1579284500266007,1.052384948361724,1.3514835925703252,1.062060787030831
2015-02-05,0.5589139596136964,1.092414733528058,1.4990728804565245,1.060125624563863,1.120228954666631,1.1107138650468475,1.1396415156053685,1.034477163291662,1.3389460899683268,1.0480774611956527
2015-02-06,0.5589139596136964,1.079135829379372,1.4614531164961613,1.0368813671419057,1.092727177597126,1.0861387297377931,1.1132739882747247,1.0054446724966235,1.3011161286789263,1.0253434005816702
2015-02-09,0.5589139596136964,1.0939725036760828,1.4640508221794004,1.0333265292021165,1.0868562551904408,1.0783991685292462,1.1094817200344125,1.0057479625528318,1.2897021727498008,1.0242143639901842
2015-02-10,0.5589139596136964,1.0940216665567795,1.4854115726949022,1.048664020353826,1.0990005779741625,1.0923467275219696,1.124229655139083,1.0229094584970644,1.3143016279505475,1.03265101898167
2015-02-11,0.5589139596136964,1.1224811736448812,1.4917161960347258,1.0518322243406442,1.1105648192817377,1.0991129239238928,1.1303876688091783,1.0279783390476858,1.3237693660015906,1.0469508176622289
2015-02-12,0.5589139596136964,1.1337310994271834,1.5028769298611333,1.0614852821776881,1.1177703150578497,1.1109943671615203,1.1406715084200276,1.031105754395337,1.3345814147897408,1.0679980311497281
2015-02-13,0.5589139596136964,1.1497944988524476,1.5335055192576157,1.0753032737505674,1.1360487494605487,1.1256189114581066,1.1610070653771603,1.047498970079518,1.3595286689807848,1.091109631158436
2015-02-16,0.5589139596136964,1.156387841840229,1.5441570743444413,1.085511472707575,1.152534979277557,1.1394289826435575,1.1749186425062452,1.0567616428660953,1.374963532068003,1.117319217553942
2015-02-17,0.5589139596136964,1.15776710375692,1.5689592813331756,1.093948465147271,1.1656550921451607,1.1523538234405843,1.1866693611762587,1.0628548828678426,1.385642894750018,1.1203446295757529
2015-02-25,0.5589139596136964,1.1662486712983395,1.5682496958834373,1.0933870765984102,1.1638944080556504,1.160679277887423,1.186995516618146,1.0660668485538158,1.3867817324761853,1.1157422277683082
2015-02-26,0.5589139596136964,1.196658865162912,1.6069567768797008,1.1195184821952315,1.1862486846179578,1.1877847749467687,1.2067000087467534,1.087235635004009,1.410922187178725,1.1428031757872377
2015-02-27,0.5589139596136964,1.2157809054198265,1.6160014800495492,1.12590266369906,1.1945866563920924,1.1969907549908159,1.2130157316456172,1.0938534908194932,1.4303508560900344,1.1603351836420361
2015-03-02,0.5589139596136964,1.2409681809817639,1.64080283404725,1.1492464756653709,1.218552232546303,1.210899426180117,1.2348711802523205,1.1109596051930268,1.4610178888855587,1.1770905678425905
2015-03-03,0.5589139596136964,1.2254146955853826,1.632613773137754,1.1402513114741568,1.2081828817884934,1.199559187421661,1.2239057434130536,1.1069090936233896,1.4436574530821,1.1497385514231464
2015-03-04,0.5589139596136964,1.2458795692456197,1.6513685002642937,1.149609304013031,1.2235219652988554,1.2091265681779295,1.235989167327522,1.1142608075817695,1.4621901231371186,1.163058655178518
2015-03-05,0.5589139596136964,1.238159559357996,1.6428922491686726,1.1477410298363129,1.2240799472628594,1.2111287097484107,1.2336935892983487,1.1120998729913754,1.4501178053263177,1.156253874463741
2015-03-06,0.5589139596136964,1.2143899227940103,1.639438030663965,1.1401638025515208,1.2250113115720884,1.2089523385522545,1.2382331978978929,1.109091664621278,1.4428969418771262,1.1479660868518022
2015-03-09,0.5589139596136964,1.2264798516543292,1.6659552533448745,1.1536006276641646,1.2387261856728158,1.217969916745891,1.2572742438878914,1.1227483339057454,1.4586529177147312,1.1576349205064245
2015-03-10,0.5589139596136964,1.234948011803326,1.6723149915959885,1.1621650479104657,1.2505669901152876,1.2249835982058777,1.2647176276366694,1.1336273714130567,1.4696675269312096,1.160425470614151
2015-03-11,0.5589139596136964,1.2204597282599112,1.6628453978235056,1.1621541316640616,1.2511137581584884,1.2220143244059454,1.2643695204316823,1.1382895542625902,1.4646242390707789,1.160069100949926
2015-03-12,0.5589139596136964,1.2490032481090678,1.6608034865171055,1.1646974535812036,1.2508888293001417,1.2208362732910412,1.268463374781413,1.145378930279549,1.4635225041479358,1.1610920799820112
2015-03-13,0.5589139596136964,1.249500859971772,1.6852158212568782,1.180261548175331,1.2678786343726107,1.240507757960573,1.2813809537352643,1.1528223209586639,1.4798892372719916,1.1694868688573337
2015-03-16,0.5589139596136964,1.2790102129525256,1.7342277670392743,1.2136354854412312,1.299524067106191,1.2745027425303999,1.3148277529067867,1.1840745484397426,1.5220542751154864,1.1942592544275876
2015-03-17,0.5589139596136964,1.2862389758719082,1.7627566733724915,1.2446736034995396,1.3196396003365205,1.305565756142691,1.3336188315617112,1.208002857329247,1.5599008035523565,1.219147887803124
2015-03-18,0.5589139596136964,1.3459141285340508,1.8090211817706205,1.2753344746016027,1.3512241184489595,1.3350173047459948,1.3644609506404495,1.2361097608316898,1.6003473370822183,1.2740126987790221
2015-03-19,0.5589139596136964,1.34784852901892,1.831528356127409,1.2801926303302171,1.3604029304246728,1.357876395462597,1.383690206191087,1.2424620052451265,1.6207539314965311,1.269315423041165
2015-03-20,0.5589139596136964,1.3587713572799565,1.8578616564431305,1.2852145858787085,1.3652808011803839,1.3639692218702673,1.3968584456920787,1.2560686373005887,1.6264954475291478,1.2857790885220224
2015-03-23,0.5589139596136964,1.3802182011074864,1.9054425412786806,1.3114930295266036,1.3997868539461087,1.3962661158753649,1.433880973634555,1.294279180711241,1.675983127026322,1.317070005050275
2015-03-24,0.5589139596136964,1.3950047107691421,1.896201884314284,1.3225940051658767,1.4136585051006796,1.3960476564022706,1.442822488388685,1.3060643567666785,1.6970741858262866,1.3165808764103717
2015-03-25,0.5589139596136964,1.3818167703114308,1.9108876810302993,1.310371720207309,1.4189739243448622,1.3942023738512805,1.4501769187632343,1.2999898691142107,1.6853564135153132,1.3268564846019661
2015-03-26,0.5589139596136964,1.375865216728116,1.9685020722386397,1.3101977024019116,1.4171732579631864,1.3961773429100224,1.4549873345313136,1.2922198770274493,1.67798933360945,1.3345821316180004
2015-03-27,0.5589139596136964,1.3788017708076634,1.9749402513020957,1.3332028048215554,1.428318666233002,1.4176645634315088,1.4834368900148658,1.3052616667498804,1.6894069519877486,1.3374641034489798
2015-03-30,0.5589139596136964,1.3908951646026173,2.0292108637497814,1.3674541909316087,1.45690107846632,1.4524128202516877,1.520611408079433,1.3361610174477514,1.73249954303139,1.382771109986709
2015-03-31,0.5589139596136964,1.370224237213242,2.0067412139939678,1.3575959633351753,1.4397534827955645,1.4340983152135682,1.5008749265026784,1.3291758297136491,1.716966232904879,1.3635393671950151
2015-04-01,0.5589139596136964,1.4076668666252712,2.0331263566047144,1.3776982622911416,1.4687184170916865,1.4635233704026986,1.5296363148141439,1.3575138985071427,1.7455047176439662,1.3831364972882771
2015-04-02,0.5589139596136964,1.4471904749779418,2.069504010978337,1.3970034198451644,1.496095056895744,1.4832101166002922,1.5580026388239483,1.3830554115288756,1.7770189066785325,1.4024713659692956
2015-04-03,0.5589139596136964,1.53955783166744,2.1202941795007906,1.4287702980620163,1.5178654677552925,1.5093456363681714,1.5860493994516547,1.4169202848522473,1.8101593870422814,1.4230877566227949
2015-04-07,0.5589139596136964,1.5808302943540886,2.177827105181504,1.462500438366008,1.553873137541596,1.5492947206760401,1.6301846953539982,1.4404046874593714,1.8540121198909474,1.4545162988564513
2015-04-08,0.5589139596136964,1.6541371170391663,2.147120588449308,1.4527906062197342,1.5343349881988106,1.5450074261152587,1.624194633911409,1.4336009078468293,1.842863209722412,1.4478393799588052
2015-04-09,0.5589139596136964,1.6303256173986356,2.1341297389932308,1.463808605955647,1.514854299140084,1.5217042463219488,1.6203697830416364,1.4105132853274305,1.8187928894737266,1.4053541074846922
2015-04-10,0.5589139596136964,1.6477263286744082,2.1775844581684582,1.4940547536876596,1.562320073933354,1.560680443268985,1.6601303353501147,1.4328975707527378,1.8724883223516515,1.4280565651128716
2015-04-13,0.5589139596136964,1.6523054632206637,2.242740849851396,1.5336304689700493,1.605172477336834,1.6078489270159733,1.7045529440155716,1.4696551049196815,1.9385092035164995,1.473543387960818
2015-04-14,0.5589139596136964,1.6349047519448914,2.2378754271612116,1.5508728597311807,1.61460264594399,1.623932475890921,1.7312092703774753,1.4908359931237436,1.963431730473281,1.4987228653287927
2015-04-15,0.5589139596136964,1.6010191563025977,2.1381519080622384,1.507211337168899,1.562902619120244,1.5827870151735557,1.7005204546554256,1.4436081231783504,1.8895643192454672,1.4758717264683618
2015-04-16,0.5589139596136964,1.603308723575726,2.1866140054919083,1.5231775802097702,1.581986274823655,1.59922481699271,1.7242459200861096,1.4683840017797303,1.9259013958919158,1.4785770549833883
2015-04-17,0.5589139596136964,1.6010191563025977,2.2263638190632182,1.5657228920605257,1.6030745841463365,1.6382269929401059,1.769043068498562,1.4988799178842604,1.9604132147018116,1.5057404619008774
2015-04-20,0.5589139596136964,1.5827026181175745,2.183928958507996,1.56520641740953,1.5831732346160685,1.623387629043846,1.7458819784754014,1.4972263527475485,1.9243007834303643,1.4933981042608273
2015-04-21,0.5589139596136964,1.6055982908488537,2.229306944254929,1.5959611538266583,1.6271368469286565,1.6484375986806963,1.7767934597513588,1.5341615312447383,1.980645339187082,1.5401286376382084
2015-04-22,0.5589139596136964,1.617504040669119,2.316076710102078,1.6292540113413203,1.675494748851576,1.690979099293767,1.8358883989716837,1.5876251690060108,2.0424572059183794,1.5861598038820186
2015-04-23,0.5589139596136964,1.6110932523043608,2.3707390204948005,1.6289799270178058,1.7095133969758554,1.7023440987537812,1.8617923338309734,1.6092728793089162,2.057547103157015,1.6235270266991175
2015-04-24,0.5589139596136964,1.6083457715766072,2.3201061756438226,1.6331905080230953,1.7022991754164365,1.715469850687718,1.859644101808967,1.5957475882571022,2.0458680434392824,1.6267883739234423
2015-04-27,0.5589139596136964,1.6170461272144934,2.3560552987259697,1.6721269024241447,1.7181265742687746,1.7532833016034368,1.891736707149633,1.6293830722270288,2.099952756533204,1.6572774179236325
2015-04-28,0.5589139596136964,1.5978137621202186,2.3019338244271568,1.6423211960022943,1.6592412389446494,1.7260594456324387,1.825882671024958,1.5970167246275282,2.0602741209872137,1.6235190217550606
2015-04-29,0.5589139596136964,1.6069720312127307,2.3554779201529223,1.6477916519413367,1.6818358763710581,1.7241380585029302,1.8568620188820417,1.6037808162814442,2.1032344907701845,1.6515690215534349
2015-04-30,0.5589139596136964,1.611093252304361,2.388709792585379,1.6562895729336673,1.6577039287437534,1.720444814458452,1.8544643419658724,1.6190516906434533,2.098667136737029,1.6372968893840252
2015-05-04,0.5589139596136964,1.6120090792136124,2.4274995950119944,1.664296831615209,1.6733483419974766,1.7332517520181827,1.87630034659638,1.6533605978774102,2.166381261522641,1.6594021549720808
2015-05-05,0.5589139596136964,1.5936925410285887,2.304187177995131,1.5822749650046815,1.5989447170127389,1.6739770085063816,1.7974585798754346,1.5674614146769676,2.0464295778354846,1.5687099177141337
2015-05-06,0.5589139596136964,1.546361226469255,2.2315852120160264,1.5306249184246954,1.5597563012715039,1.62440374727384,1.7451858736304062,1.5206267620567002,1.9844640598514127,1.5086757072533226
2015-05-07,0.5589139596136964,1.5376309825820418,2.1664538842604535,1.4927584924042547,1.5205652312263491,1.5792052049313963,1.6951532617791514,1.4818284537665294,1.9422177792081021,1.4592535147875867
2015-05-08,0.5589139596136964,1.551881527886979,2.2414085383273075,1.533889823640716,1.5723685351724337,1.6266944672880357,1.740563793651665,1.534256305665674,2.013629206323311,1.5136399220891679
2015-05-11,0.5589139596136964,1.5756448119515851,2.321786124767187,1.596875457276768,1.628949286912349,1.6848861963051762,1.8075426733280147,1.5891261119075786,2.0839341598825185,1.5870376227608283
2015-05-12,0.5589139596136964,1.5992269333361127,2.3642693044070957,1.6058031497641403,1.6473159545601326,1.7105276653458625,1.8286357119788577,1.6088749574983063,2.1305377838512984,1.6135154644338745
2015-05-13,0.5589139596136964,1.5954907987350906,2.3828841883984078,1.623251107858833,1.6564009117978629,1.7209011287391114,1.840502943330073,1.6140177473871276,2.1406671365832826,1.5955441207270429
2015-05-14,0.5589139596136964,1.5976972278624282,2.439127863047646,1.6296731207418937,1.6679124874678604,1.7313685288581981,1.8380665210198919,1.6317527828638243,2.158233186019428,1.5969307063340137
2015-05-15,0.5589139596136964,1.5696115081039654,2.4162191022286112,1.6015286746828887,1.6443996453457448,1.711879375961838,1.8189761494675056,1.5953744631202007,2.1420871354193913,1.5639428512783742
2015-05-18,0.5589139596136964,1.5810508055621373,2.467568721282784,1.6074076515533027,1.6697065142768786,1.73970062499225,1.8382472019722302,1.601930422532879,2.193613144482646,1.5766867606826929
2015-05-19,0.5589139596136964,1.6117621337953754,2.5643516312036136,1.6519179473186387,1.7263016604889005,1.7923144440196799,1.8913484821013866,1.645023844729545,2.2624888047211957,1.6436012278188676
2015-05-20,0.5589139596136964,1.6180672941317273,2.6200161116710734,1.6625645187889562,1.7386437109003325,1.8076045509992706,1.9139169761573755,1.6575694732420496,2.315081585037747,1.6467541174659688
2015-05-21,0.5589139596136964,1.6655849176981834,2.702987331614379,1.7157214173410624,1.8060747836547744,1.8671376597655667,1.9720613677882104,1.7001349192569204,2.3740102254051387,1.6754891704765844
2015-05-22,0.5589139596136964,1.7029514163146389,2.7969473093021393,1.756957494344729,1.8579626745935272,1.9062264715678217,2.014144200061559,1.7327816878068614,2.462433417220038,1.7537127517892543
2015-05-25,0.5589139596136964,1.7633047807363298,2.8871544419713717,1.813869315751618,1.9303051880645477,1.9662863718609211,2.0662722725959353,1.792716423699153,2.561541832234392,1.8327761973453147
2015-05-26,0.5589139596136964,1.8581140731766659,3.007603390679952,1.8531440994849122,2.008649257808776,2.02041981491259,2.1210622948953666,1.8462750157596568,2.625695203361407,1.886272766304146
2015-05-27,0.5589139596136964,1.9763733449634346,3.14014791435478,1.8664739695370223,2.042985202475702,2.056708073577783,2.148100294421847,1.8828825726773586,2.656452159240608,1.9276240697855613
2015-05-28,0.5589139596136964,1.9096675610937695,3.0609303005837565,1.7724809253186982,1.9275158825087024,1.9336521460554483,2.025379232597518,1.7584907870070492,2.5537614494071414,1.825025517932318
2015-05-29,0.5589139596136964,2.0577764127818345,3.0551711978931437,1.7807783086872182,1.9325562995909673,1.9711081602310379,2.0348338432035478,1.767578890136134,2.5894035291356943,1.8309730816773042
2015-06-01,0.5589139596136964,2.212484981974291,3.214918213412084,1.8658478791631805,2.046753908179929,2.0935612392003007,2.146930732368899,1.870171753983628,2.718899748580301,1.9521605846422203
2015-06-02,0.5589139596136964,2.2804586845783223,3.346270401409807,1.9209225240797654,2.1310413354774806,2.170595234550683,2.2286515796113417,1.9497495487574608,2.818311803058066,2.0380283721627026
2015-06-03,0.5589139596136964,2.23859929188974,3.395031313061803,1.91500447741131,2.128540050884951,2.1877150274830246,2.241730245712485,1.9672742114030977,2.8520815653561598,2.051293954257657
2015-06-04,0.5589139596136964,2.3160977037849104,3.4236097055198598,1.9178429358046039,2.119632604175313,2.211918733486124,2.2415109522765184,1.985075320841025,2.808558934163867,2.055289048570787
2015-06-05,0.5589139596136964,2.29276380443731,3.5052178423465854,1.9845334524374931,2.171217723093007,2.255364752093479,2.2985359947148827,2.036649697520346,2.8825604817821806,2.1014128706917927
2015-06-08,0.5589139596136964,2.3000333673978384,3.434068378724779,2.016643875224039,2.161311306970115,2.257838967847754,2.313434566347259,2.041662754429746,2.8653941944774335,2.17314411923019
2015-06-09,0.5589139596136964,2.3503702639807127,3.4151315034526895,2.0396378949474037,2.161930475827103,2.257455196607559,2.32772669298219,2.0470083251077336,2.843939827113284,2.19260266358177
2015-06-10,0.5589139596136964,2.1624826445740783,3.456899457993571,2.0554222310842345,2.182385343131389,2.299496947614177,2.367667981783883,2.07464842683138,2.8780300664734706,2.2379236722361004
2015-06-11,0.5589139596136964,2.1735218583209055,3.505987820845848,2.0983862808598395,2.2162099790112646,2.3447055271392387,2.428660253233923,2.102710018741273,2.9199591789860935,2.26293123906765
2015-06-12,0.5589139596136964,2.2617033219588407,3.5511668692787115,2.1560224196681403,2.2815125887601737,2.4125911928821093,2.4832908007687022,2.1514882298475246,2.983829576935386,2.314793053810352
2015-06-15,0.5589139596136964,2.2353838128905905,3.53003192845277,2.1155710183206327,2.2901326485691422,2.4049530701530313,2.477126731210241,2.1477565712351794,3.007891713728551,2.322511916141651
2015-06-16,0.5589139596136964,2.0767083270036766,3.4031660949898406,2.0154443787379943,2.205733531308909,2.3163551564780143,2.388959271188215,2.047290337428762,2.891434561825197,2.2256520319693127
2015-06-17,0.5589139596136964,2.0961072401121545,3.4296027458187104,2.0455660041349826,2.2420556447776687,2.3704642710196544,2.425561556183652,2.0863738903327698,2.9315528202317696,2.304412592012238
2015-06-18,0.5589139596136964,2.0828047548076625,3.306540212722571,1.9940146433418364,2.191370829492949,2.2985037086004594,2.359953763413186,2.0352714666740312,2.8525965575165344,2.307477705066016
2015-06-19,0.5589139596136964,1.9389400726248867,3.07238245237151,1.8544474843304553,2.019612172326852,2.117277230919317,2.1899297713830066,1.8912534275941761,2.678493729568729,2.1498742120437493
2015-06-23,0.5589139596136964,1.892080349832891,3.068648260510713,1.863850977173589,2.0204252563991907,2.118375007872079,2.215366180452422,1.9041339995625088,2.701980684679805,2.1846981033939024
2015-06-24,0.5589139596136964,1.9425792575678997,3.1764986738460053,1.909388320714911,2.0894695370889047,2.1924863566834016,2.296709093159421,1.9667037517328858,2.7890674787101104,2.256250272027294
2015-06-25,0.5589139596136964,1.8554425105325263,3.0566773888370338,1.836010441818059,2.0038018677941274,2.107214079414512,2.205699836873038,1.8823043890646824,2.710297300769592,2.1697779954053527
2015-06-26,0.5589139596136964,1.6698801285962919,2.776437979286936,1.6840827361722523,1.8403460951146635,1.9317947540721616,2.009829475891924,1.724549831955221,2.5169592138229815,2.035251930670153
2015-06-29,0.5589139596136964,1.5300792546011261,2.548798030314629,1.6067238581872951,1.7189763022431037,1.8277235468688797,1.8926607864036944,1.6239024798805874,2.3654358737272516,1.9664016510632847
2015-06-30,0.5589139596136964,1.622676136940381,2.667518144410787,1.683155185344888,1.7991914527845267,1.9167980764512382,1.993703867740086,1.7022174120633151,2.460558260383279,2.032966412466935
2015-07-01,0.5589139596136964,1.502988704387956,2.3584164504548157,1.5724318636361962,1.6896123031305093,1.803119450189295,1.8717924563357389,1.5986471172384926,2.3514647252989507,1.9355330958794095
2015-07-02,0.5589139596136964,1.3528173583622272,2.1584187134155264,1.4591914447382328,1.5622646034478311,1.6751755267896538,1.7324503325769625,1.4891271297285047,2.211516670460983,1.845983827143674
2015-07-03,0.5589139596136964,1.2177502553678896,1.9724609788023824,1.3598355221889078,1.4447513348876757,1.5474634797911362,1.6043414813063333,1.3831742594989453,2.078224700997427,1.7619227258644559
2015-07-06,0.5589139596136964,1.138394345233951,1.9081970670352792,1.32812602603675,1.3819933139029297,1.498469791836289,1.5541385662145057,1.3394860143337393,2.0220513165850527,1.7695184057498707
2015-07-07,0.5589139596136964,1.0241083650528306,1.7543619258845526,1.2469791067889888,1.2911770751919942,1.4019713727162553,1.443178345841503,1.2521174606619856,1.9068059418935286,1.7170733546330117
2015-07-08,0.5589139596136964,1.0241083650528306,1.6596700496010035,1.2028026109514345,1.2373190420320364,1.3338388329983244,1.3726351391714064,1.1862211386599715,1.836640133268504,1.6382891519909129
2015-07-09,0.5589139596136964,1.0241083650528306,1.7622115672002283,1.2593703229763904,1.2893444135654324,1.4098558902028735,1.4488328473750562,1.2596353361542436,1.9170709457265174,1.6990186995722312
2015-07-10,0.5589139596136964,1.0241083650528306,1.8744561224183016,1.323762056283462,1.3506135073804528,1.4822134439750088,1.5358616011108688,1.3394575436690466,2.009185619800791,1.776528070389048
2015-07-13,0.5589139596136964,1.0922578963719625,2.028261209318275,1.3984285740478106,1.4353868486983405,1.578978276851382,1.6353251484423936,1.428723170109828,2.1206423415111146,1.8337216122618918
2015-07-14,0.5589139596136964,1.2016275912053542,2.116014838389871,1.3998811208764301,1.4493421981087529,1.5882969347086087,1.6526989750798946,1.4619941008579629,2.1398362988554935,1.834132128753448
2015-07-15,0.5589139596136964,1.163135501866384,1.9561973491526277,1.3362735722436556,1.3610224240405815,1.4940250500336922,1.5542508162832265,1.362071968849569,2.021442437552833,1.7874585087866455
2015-07-16,0.5589139596136964,1.2181441865387326,1.9821289917730431,1.3633838903944773,1.3777916662516492,1.5195121561563913,1.5721109908155506,1.3949828008682335,2.0323227773549197,1.804905229819329
2015-07-17,0.5589139596136964,1.3296018913709637,2.1148645374527133,1.4316363324267671,1.453492136005933,1.6102246047523756,1.6666239476798546,1.472162097248464,2.127797928585076,1.854052356041504
2015-07-20,0.5589139596136964,1.3874162386789604,2.1447727816116946,1.4510557150896688,1.4807099183332948,1.6339539662538067,1.6871485382749791,1.49694315101971,2.16506948196861,1.8471018414340536
2015-07-21,0.5589139596136964,1.3835174626371767,2.2007144127673213,1.4586115866322942,1.5216416650355329,1.6612912967168603,1.7235220288072148,1.5068008647406512,2.195549130915795,1.8721715693336323
2015-07-22,0.5589139596136964,1.3903649475999695,2.2440619850139094,1.4398949914758894,1.5397936387950941,1.6845977678232302,1.7301325676053665,1.526373222391793,2.2291707126494154,1.8594617263625532
2015-07-23,0.5589139596136964,1.4602403421919337,2.3135276634971063,1.4777361787060368,1.5999426042817324,1.7364510814570608,1.788231946622595,1.5709027903657478,2.292161362900437,1.8876283414376243
2015-07-24,0.5589139596136964,1.451991485433003,2.2809350165751137,1.4617797435446827,1.5884168538148202,1.7163200110647636,1.7569986198973349,1.5449201468948115,2.2971667433802176,1.8637336201179007
2015-07-27,0.5589139596136964,1.3070045306529015,2.0653962057077933,1.3624770152547494,1.4675377291572507,1.5795932834171849,1.6055852155097015,1.4165114476923175,2.130762136024537,1.796541087543514
2015-07-28,0.5589139596136964,1.3039878528040334,1.940386397329571,1.352394662392968,1.4247122552830167,1.5264630654717126,1.5532353299616477,1.3724138996906845,2.0667922801034724,1.7908899193724042
2015-07-29,0.5589139596136964,1.3967839369672435,2.066891127506029,1.4173587993184154,1.4912016426611243,1.6037492757271137,1.6427895407668738,1.4446248238480877,2.1675712794243043,1.8369130494649313
2015-07-30,0.5589139596136964,1.3331383443030167,2.0260557758518907,1.3930092144327395,1.4434884745757763,1.5581210244241535,1.597676310345359,1.412543002808978,2.1004968110323534,1.8099546736459384
2015-07-31,0.5589139596136964,1.2875194197105961,2.0031463790709756,1.40019797678368,1.4229905728750663,1.5416295912033586,1.5835695594689296,1.388600072074056,2.051611229453647,1.835692917548424
2015-08-03,0.5589139596136964,1.2405056248817856,1.9570604950839892,1.4047729121380141,1.3834681341047923,1.5132504451914752,1.5345287608243525,1.3512290018282416,1.994501900899078,1.841045574197179
2015-08-04,0.5589139596136964,1.3443845613857295,2.080370474108921,1.4639483241055937,1.4618952192345267,1.5941672619888965,1.627682870915626,1.4256862613081596,2.0964526131915027,1.8947426186561482
2015-08-05,0.5589139596136964,1.3328643352027854,2.066298464213271,1.4454264364676057,1.4458291787109165,1.5873599195266632,1.6072048097896288,1.4062806647056763,2.09351655187719,1.885506597809911
2015-08-06,0.5589139596136964,1.3459180792428809,2.063502327423914,1.4291979886742117,1.438996260150664,1.5848713301254145,1.5949210859355196,1.4049489115062326,2.0836569342238676,1.8747410626871588
2015-08-07,0.5589139596136964,1.3814999794726448,2.119996662508393,1.4607036237291129,1.4838129622858176,1.6310378781723507,1.6447569212238649,1.4449740009628582,2.1368902286073532,1.8847579962909722
2015-08-10,0.5589139596136964,1.451348638476851,2.2279303723524735,1.5262532073245216,1.5611722382568511,1.7106933497560843,1.7302968001828152,1.5209530966279687,2.243802688101743,1.9243843692670226
2015-08-11,0.5589139596136964,1.4412556510208923,2.2521304233546546,1.5535336567914615,1.5679529775660457,1.7222968650130634,1.7516958495910773,1.5446387301713953,2.2488519058269847,1.925081683193032
2015-08-12,0.5589139596136964,1.4183459315839662,2.223529218981807,1.5389117325398654,1.5501794214199314,1.7110022807464675,1.7174647048710359,1.5302817095393721,2.2347262455681616,1.9343029810605243
2015-08-13,0.5589139596136964,1.473323708431435,2.3008311360558755,1.5662691498463557,1.5917558891199879,1.7585983696552896,1.7638287438548144,1.5659432919827305,2.3037812295730715,1.9822275025586051
2015-08-14,0.5589139596136964,1.4689149353397062,2.3452980111228965,1.5905138981496543,1.607286315081782,1.7790099182424208,1.78255235508886,1.5835399745904208,2.3543444624038194,1.9916097873273624
2015-08-17,0.5589139596136964,1.5195550138219296,2.4132118526505795,1.610166242686571,1.651893457719179,1.842301556636441,1.8309555312574959,1.6279588818696016,2.4130696543992407,1.9994239897027364
2015-08-18,0.5589139596136964,1.368335337585258,2.2189156777371184,1.4951612208369633,1.519760989509784,1.7066938503396931,1.685014973270981,1.4961569185405301,2.2412274965465526,1.8926111420664313
2015-08-19,0.5589139596136964,1.400853497063078,2.296982550715811,1.510412806921224,1.5577199166249145,1.7451972326475569,1.730117166717724,1.5329361589453083,2.2880231739837447,1.9083252507962651
2015-08-20,0.5589139596136964,1.3269787329477725,2.211824608132864,1.4602957072002605,1.5127029704302002,1.6900481599028552,1.6784921812543239,1.4560420221472536,2.234159963787112,1.8531625317931777
2015-08-21,0.5589139596136964,1.2351094038327015,2.069361315985783,1.3995673348857993,1.4187866374124636,1.595607733234734,1.581083246524645,1.3736808977832053,2.1072957216661186,1.789329096595579
2015-08-24,0.5589139596136964,1.1115710685809366,1.8750524924298342,1.2897836527918696,1.297333477209494,1.4693012654296806,1.4402711831736479,1.2594607366601065,1.9465783337676659,1.681008903273597
2015-08-25,0.5589139596136964,1.0004470623353467,1.6321107610975076,1.1904961677881924,1.1940323232101107,1.3547693706963522,1.3198611194622079,1.161561268211225,1.804443207669534,1.5880345240095568
2015-08-26,0.5589139596136964,0.9514125205920742,1.5466137538354938,1.1489105143942107,1.1510314690952446,1.3160150410102909,1.2726904975023545,1.1198380251128137,1.745559252961486,1.578881659237708
2015-08-27,0.5589139596136964,0.9968743746808274,1.622525520292009,1.1887271283180065,1.1968862413731562,1.3708005801427074,1.3286570540056175,1.1727970207593292,1.8105973518411353,1.633268063519332
2015-08-28,0.5589139596136964,1.0808088298747291,1.7524722568264903,1.257025384153919,1.2717914505356167,1.4589204532875024,1.4164576447253565,1.2473331327246637,1.9017363804267722,1.6979584244441785
2015-08-31,0.5589139596136964,1.0333885834569043,1.6776570369607393,1.2247874597794617,1.2300742571530157,1.41243358343785,1.3599541754040025,1.2153429320261102,1.8501862405734122,1.6862764287223428
2015-09-01,0.5589139596136964,0.9689941434505961,1.5588020153854072,1.177594127015359,1.170085025868487,1.3477581835554822,1.2928250686811849,1.1620672483045422,1.7894153132326474,1.6340840388226863
2015-09-02,0.5589139596136964,0.9516961969729741,1.5244902297671417,1.160927694683232,1.1405565482325788,1.3086547396759058,1.2810936478508468,1.1539505964534678,1.7644385283304218,1.6092567021296906
2015-09-07,0.5589139596136964,0.9548354548864101,1.5479899306692486,1.1676698686397757,1.1491372259247576,1.3161697609690624,1.2927660543703534,1.156451806595195,1.7749017332920392,1.5997793931582185
2015-09-08,0.5589139596136964,0.9994802481802564,1.621974105853846,1.2120444132322363,1.1966310211250097,1.368698188368706,1.348237901459052,1.2018076133953424,1.8342335169585615,1.636444731379296
2015-09-09,0.5589139596136964,1.0337647550033384,1.6888927039426243,1.2464912938434138,1.237234868911089,1.415833487940139,1.3893589949305434,1.2377846756945023,1.8896018319824102,1.6733808054405757
2015-09-10,0.5589139596136964,1.0148077074594197,1.6417601224835872,1.2232203776572945,1.213684187673797,1.3935795211644229,1.3687805240295967,1.2115584769150036,1.8517273625202568,1.642552544819942
2015-09-11,0.5589139596136964,1.0471874988359458,1.652840588796209,1.2279083079670967,1.2245391646892554,1.4133036530483942,1.3808756502573332,1.2170470822334458,1.8550308013222452,1.631325409631234
2015-09-14,0.5589139596136964,1.018281216977226,1.52109093736083,1.1554258275593337,1.1268474476761328,1.3242164775835705,1.281777606489233,1.1378925201517323,1.745026139489387,1.5960290251674742
2015-09-15,0.5589139596136964,0.9523660814465309,1.421912801509828,1.0902262272198993,1.0662513914171265,1.2610855811609516,1.2070564638135894,1.0833807177307506,1.675513798454454,1.5426350939669855
2015-09-16,0.5589139596136964,1.01744022191958,1.531192178680738,1.1535998042265347,1.146888377281374,1.348845267992941,1.300919094130131,1.1575447568984152,1.7747875418444063,1.6027046654449746
2015-09-17,0.5589139596136964,0.9942185214853764,1.4956941911875814,1.116149035794505,1.1224303175497758,1.3254592440252784,1.2684496599558686,1.1345191784479294,1.7524261874317968,1.5268825133203763
2015-09-18,0.5589139596136964,0.9955392693577516,1.5188731258418455,1.123162558338454,1.1377226422018278,1.343286499031117,1.2867691136510684,1.1452781931174085,1.7744839751171384,1.472751005074168
2015-09-21,0.5589139596136964,1.0186476960517679,1.579459922638127,1.1531706049972132,1.1730093801918333,1.3822273896694455,1.326453203521906,1.182392108450049,1.8163107621304817,1.4473167698371585
2015-09-22,0.5589139596136964,1.0248645445312015,1.5894707102980932,1.166714455717349,1.1825386896451204,1.390672089010658,1.3382334146629116,1.1929597206659925,1.830888053271582,1.4241861934115474
2015-09-23,0.5589139596136964,1.0062519287361287,1.549127280303632,1.1416439321792313,1.1672983625400974,1.344175911541367,1.3174675825382998,1.1714306625780189,1.7867803935736786,1.3563742125656093
2015-09-24,0.5589139596136964,1.0145853566848453,1.5901242618783542,1.1562870765662412,1.1819151552073208,1.3571444581491912,1.325464603064823,1.1840472903726762,1.7963247816824026,1.3588877861406756
2015-09-25,0.5589139596136964,0.9918643875817192,1.5476974303772475,1.1154624563643385,1.146286817822373,1.3215943136311776,1.2739009766558502,1.1478277608315643,1.743214468320963,1.3256964482266926
2015-09-28,0.5589139596136964,0.9997418731034081,1.570318383061211,1.1280757241479578,1.1705670262746297,1.3376451265641696,1.2808105266194647,1.1629861768877932,1.75599766470563,1.3092960365621995
2015-09-29,0.5589139596136964,1.0085211549548636,1.5387382063897448,1.0986635220585717,1.1496188996877603,1.3071298552664858,1.2536164599199906,1.1426348810585276,1.7177108202463776,1.2868455292518381
2015-09-30,0.5589139596136964,1.0195384364149127,1.5519950489509673,1.103461770602118,1.1552929811511874,1.31197056542585,1.2609902437013578,1.149999813064787,1.7300224996915046,1.2822534360879903
2015-10-08,0.5589139596136964,1.0642303745604575,1.59953862868042,1.1466581122700257,1.2000297674334277,1.357959601786175,1.3111671269565868,1.1888400038238942,1.7791050990677697,1.3366216173585084
2015-10-09,0.5589139596136964,1.069811464161704,1.6418591943243361,1.1728315229572632,1.221244867483021,1.3751527573430096,1.3361243739800248,1.2059044212679852,1.8003883910041771,1.3564328661323626
2015-10-12,0.5589139596136964,1.12405906540647,1.7120624539605085,1.2193604303515369,1.2702620853306315,1.429701343971531,1.3934340587899083,1.2570124527561521,1.859775279530582,1.41272154181736
2015-10-13,0.5589139596136964,1.175183093292562,1.7068654511341081,1.2277968871708884,1.2872247536311068,1.4413062310181823,1.3961432254641681,1.2650397452660966,1.8725977397732263,1.412963024884419
2015-10-14,0.5589139596136964,1.1781335458760016,1.6894133775619427,1.2072639553611317,1.2701278353384917,1.420178045664154,1.3750230890466562,1.2470447726104064,1.8456946324000738,1.379441015148298
2015-10-15,0.5589139596136964,1.2071988659198136,1.73319631641196,1.2427428477366504,1.3089280524681774,1.4594545970544348,1.415967058898182,1.283186147112585,1.8919295764793402,1.415655390932316
2015-10-16,0.5589139596136964,1.2264460710376486,1.769426964382697,1.2648948672211555,1.3251055547171435,1.4848882045155911,1.44088716413503,1.2972543716830334,1.915539239927317,1.4295997329988768
2015-10-19,0.5589139596136964,1.2649600334373032,1.7664759213305945,1.2799824912853177,1.3213854578202946,1.4871281220266979,1.4406409675662346,1.294874883282055,1.9098481455331144,1.441871419480323
2015-10-20,0.5589139596136964,1.2654384947445922,1.7943517103048316,1.2901712768933187,1.3379984449992122,1.5078410320490676,1.4693970733056498,1.320374958659996,1.926561991636254,1.4491181247988254
2015-10-21,0.5589139596136964,1.1549601387784616,1.6895898441380548,1.210441857464158,1.2507304258537515,1.4142252591280886,1.374063243289044,1.2484957916220043,1.8174939481594992,1.3792865287082392
2015-10-22,0.5589139596136964,1.201580905560985,1.744796140565175,1.2512309010614566,1.296209531539569,1.4633131704845304,1.4304976830114369,1.2823107651425558,1.8618649054792684,1.3981295357152297
2015-10-23,0.5589139596136964,1.26237343753107,1.7928632167763598,1.2860667067536862,1.3356990053101507,1.497080201828028,1.4647592026091403,1.2946374009059758,1.8966349699121887,1.41273204017658
2015-10-26,0.5589139596136964,1.2874068801700105,1.7998195578522231,1.2851890327445423,1.3503391594769465,1.505175836121691,1.475849339014596,1.3044608561708064,1.9081993433070212,1.427345940978943
2015-10-27,0.5589139596136964,1.262428757484232,1.826889117989702,1.2822490733272829,1.3575627243478587,1.511142361142156,1.484658300579812,1.3111973280641516,1.9145982883839912,1.4139881455646295
2015-10-28,0.5589139596136964,1.2139331598474568,1.794555028805099,1.258972149855255,1.3360780235256247,1.4838360108334148,1.4544443566956513,1.2922219315536325,1.9005445893780841,1.3894119223885795
2015-10-29,0.5589139596136964,1.226730059234264,1.8039443992940143,1.2671602733253864,1.3504017455671575,1.4973036697862308,1.4676842430716217,1.3053653029791366,1.9149508557963388,1.405330363647278
2015-10-30,0.5589139596136964,1.2316765613191103,1.8007809087833142,1.2592921410848545,1.3421578574478126,1.4883137536626931,1.4682936124169987,1.293863091312773,1.890384836224504,1.3967637442283816
2015-11-02,0.5589139596136964,1.2089302906726822,1.7559070284109326,1.2327148873767135,1.3202781870695468,1.4582728890255645,1.4370796052649855,1.2648747565829326,1.8498646618478876,1.3699115173288652
2015-11-03,0.5589139596136964,1.2036124153899386,1.760729617519773,1.2378982904844755,1.3245466209006602,1.4667371638102198,1.4347914150045873,1.2681465840807482,1.841383395476168,1.3639500561646956
2015-11-04,0.5589139596136964,1.2747560447995143,1.8528455221116369,1.3039449814183726,1.387924287615704,1.5365347063159092,1.5072462611910715,1.3295674093698318,1.923927905075512,1.4161170593687022
2015-11-05,0.5589139596136964,1.289403036457518,1.8866617733787343,1.3163450213090173,1.392842331975416,1.5529628411448502,1.5241154074720429,1.3366284602796865,1.933233748748238,1.4387020069148142
2015-11-06,0.5589139596136964,1.3113226613796616,1.9154516240989479,1.3417120623721996,1.423046820054432,1.5878584843176846,1.5513260371055586,1.3582234963507098,1.9617972376602097,1.4664088580913146
2015-11-09,0.5589139596136964,1.3219918848605288,1.9305844768690033,1.3496230224759913,1.4405763106562188,1.6149790508039579,1.5622977578946864,1.378811820133278,1.979553176341691,1.4764141731914002
2015-11-10,0.5589139596136964,1.3109502257022103,1.9423038823231784,1.362398678708044,1.4187822184963055,1.633761428000741,1.571811837666731,1.3825632117008397,1.9985729851794352,1.5007494906718029
2015-11-11,0.5589139596136964,1.32134038307456,1.9624288964797645,1.3810375412344482,1.4398677487935652,1.662422797884361,1.5944419576191333,1.3964223816518442,2.0330603883494334,1.5378818955613756
2015-11-12,0.5589139596136964,1.3425114382134347,1.9555817661349422,1.3689797665676549,1.4412604447938764,1.6726418125638574,1.5843105826768331,1.393817192619751,2.032865687898621,1.5188853421409096
2015-11-13,0.5589139596136964,1.3345246860683764,1.9240050887633406,1.3394557496805182,1.424295503600114,1.6543069765730265,1.550349587674598,1.3500282958969134,2.0169412237978035,1.4771909332932072
2015-11-16,0.5589139596136964,1.3428147179686825,1.9555400765170186,1.360531965351587,1.459607597705899,1.690829751151342,1.5764874071921204,1.3764493210721276,2.036911225518326,1.489564143883733
2015-11-17,0.5589139596136964,1.3361339522298559,1.9498848861173248,1.3520163818097413,1.452025310057928,1.6897091800877482,1.5672903449001119,1.3701664209820739,2.042592024168981,1.4986755977390633
2015-11-18,0.5589139596136964,1.3191225196380783,1.9197122192540006,1.3488121205915349,1.4329073818284526,1.675606155957745,1.5403315486506202,1.3476037941990864,1.9973992745211373,1.4719546234102936
2015-11-19,0.5589139596136964,1.3448495585635962,1.9406678865966562,1.374011237088862,1.4623939938900357,1.7152790766118102,1.569499974751903,1.3750849201286182,2.0319423776029217,1.4903911593103962
2015-11-20,0.5589139596136964,1.3534740616391008,1.9695339078374916,1.3949207725501396,1.469751898713655,1.7392282659125582,1.583927615140543,1.3854165730780472,2.065353169612989,1.4976749557663906
2015-11-23,0.5589139596136964,1.3614039194848992,1.9792722414348642,1.3958806849746477,1.4679176880306335,1.7273233497958642,1.5838894133139443,1.38040513959356,2.0763090843804397,1.4765606983272468
2015-11-24,0.5589139596136964,1.380978177907188,2.0133202570358852,1.4078411716869754,1.4829872553367842,1.7442139249408717,1.5985087425829592,1.3928363877288819,2.0913430020740753,1.4812061849198297
2015-11-25,0.5589139596136964,1.4044166674816358,2.050095367139097,1.426348963914092,1.5095428343429422,1.7767505304184283,1.6278561904222264,1.4081522005318179,2.114881332901387,1.4869425017958136
2015-11-26,0.5589139596136964,1.4170568032468651,2.035808384436318,1.4232812007837694,1.5063396741157695,1.767240929246589,1.626895249730366,1.4057875979903423,2.123295685981713,1.4812725823968826
2015-11-27,0.5589139596136964,1.369718434492224,1.900332078144922,1.3452670216949492,1.403530005195274,1.6494834576290727,1.5233971417415546,1.3205473530148961,1.981627781346314,1.4125072028340153
2015-11-30,0.5589139596136964,1.4400303108319406,1.9101451634505837,1.3461864321495052,1.4037081717796336,1.6622552459278872,1.5405127325968213,1.3284509026070024,1.9899378674015458,1.407815287011775
2015-12-01,0.5589139596136964,1.4946087657410296,1.9583799714912375,1.3597174499826012,1.4213583627281865,1.657752745506921,1.5526959038836965,1.344484297089641,2.0160160770041333,1.4245316353337147
2015-12-02,0.5589139596136964,1.4549545431605186,1.9523748746789567,1.368802489734236,1.4272757531555373,1.6655849383450467,1.5547373207731296,1.348224161752449,2.0200450930064906,1.4937677200736412
2015-12-03,0.5589139596136964,1.4801648589718885,1.988691548059213,1.402936642274616,1.4584143675800414,1.7039560594735492,1.5817875732986448,1.371004041477659,2.06038476828995,1.509018534950885
2015-12-04,0.5589139596136964,1.4746799190774726,1.9611158747463153,1.3885150733224072,1.4471980933422992,1.692801691506606,1.572495417889885,1.3631906037481298,2.053935464137386,1.504209638881754
2015-12-07,0.5589139596136964,1.472320431361435,1.9596926717349104,1.4007502044471845,1.466051378755981,1.7084423508621434,1.5953109858850938,1.377580004584065,2.0989856814983843,1.5174015676736516
2015-12-08,0.5589139596136964,1.4429805804271463,1.9014253110662402,1.3604403155116325,1.4365646905333278,1.6803403000612562,1.5520813855104894,1.358457804083986,2.063743231993267,1.473902596857083
2015-12-09,0.5589139596136964,1.4588116887598568,1.8993743150655447,1.3639489066534374,1.4362917144782976,1.6745942046575286,1.5631133943749513,1.3604399182934819,2.053625644369052,1.4799975436465969
2015-12-10,0.5589139596136964,1.4129291206686099,1.887310187538531,1.3344090387488254,1.4259903882816853,1.6618762782269303,1.5505600888249895,1.3611679607457217,2.023199313528241,1.4713168088178168
2015-12-11,0.5589139596136964,1.3696013264438511,1.8800867385312225,1.3260584404451459,1.4121453759088642,1.6379157998994098,1.5432198273299245,1.3520013216326032,2.0116849106733063,1.4551241891231805
2015-12-14,0.5589139596136964,1.4007416949020435,1.9157726860693265,1.3578781770906987,1.4449750279202844,1.6748481572933425,1.5834904556301965,1.379375655225077,2.0588632651212744,1.4960170664653625
2015-12-15,0.5589139596136964,1.415863788534514,1.9371504792607808,1.3582310874598225,1.4585343913048463,1.697917372905175,1.5959669317448761,1.3953804056159242,2.065841527689146,1.4976235438856031
2015-12-16,0.5589139596136964,1.404248453937172,1.9370443500404775,1.3597158394761566,1.462781475871415,1.705326030901512,1.6142914534327255,1.4037068267305814,2.0842147586480793,1.5029181018105533
2015-12-17,0.5589139596136964,1.4412503909436472,1.996211284591456,1.4029027524404676,1.5057777065179008,1.7414605808473986,1.661703821372117,1.4343559127739594,2.1361660784057404,1.5304422933329207
2015-12-18,0.5589139596136964,1.4413710309791816,1.9709163607278144,1.3945182238337723,1.5147794270951516,1.7549551675029949,1.6565994343806,1.4336929120741835,2.1362409599902037,1.5398981354019383
2015-12-21,0.5589139596136964,1.457105909891812,1.9877545783313257,1.4144356156284266,1.5426098608381218,1.7675521777507266,1.6847294380462883,1.4491434726053436,2.173199085196196,1.5714428405292078
2015-12-22,0.5589139596136964,1.4427684362451978,2.0322299429997677,1.4278815953528308,1.5556464881393306,1.7917959300843855,1.6966176316978718,1.4668206221060767,2.191050731319372,1.5920004804986208
2015-12-23,0.5589139596136964,1.407513322403558,2.03863523036303,1.4053331474591582,1.5378314868611085,1.781793732316252,1.681457861238653,1.4557731426524954,2.1562775840978223,1.5617511822391683
2015-12-24,0.5589139596136964,1.4036917978641168,2.033206238850027,1.3866779717141606,1.5381187963882574,1.7633216198187456,1.678463074907819,1.453707290724224,2.129718861512041,1.5764898025035412
2015-12-25,0.5589139596136964,1.404963899786675,2.0540905999965364,1.399510508743816,1.5493685379902682,1.781999640495597,1.6909232619571157,1.4801232390179009,2.1546330466119117,1.5785744629238578
2015-12-28,0.5589139596136964,1.3848123696204244,2.016027956608668,1.3567864056125025,1.5193460310413995,1.7333011945053463,1.6469755206275565,1.4510700976797204,2.0820324803956716,1.5356330336644557
2015-12-29,0.5589139596136964,1.3985691529415802,2.0336624818020548,1.3719398750717635,1.5431196191620489,1.7577017602079612,1.6687664077066127,1.4620716362353656,2.1084188619792146,1.5638503504357428
2015-12-30,0.5589139596136964,1.424907471680001,2.041299060260907,1.383318410867233,1.5541797162983895,1.7773315903209368,1.6803058843188798,1.467136517794563,2.1132291297787322,1.5641377736220097
2015-12-31,0.5589139596136964,1.4292677132587093,2.0185285095060412,1.36928479868155,1.5294054349890245,1.7425532233078664,1.6644207759466148,1.4417281429957827,2.07843275027708,1.5427823234483535
2016-01-04,0.5589139596136964,1.2877627646378405,1.8525385340541054,1.2519090528540653,1.3989922661988063,1.5979209723411092,1.5274369107543202,1.3214189144297797,1.8923174579381976,1.418573298568651
2016-01-05,0.5589139596136964,1.2403798880114458,1.8154999166167385,1.241889820689502,1.3848020346871148,1.5819604515069605,1.5170983040003128,1.3010925523790273,1.8659663915585356,1.3904641450760449
2016-01-06,0.5589139596136964,1.2791178123326352,1.8684550001118156,1.2931156017623302,1.4298427625513748,1.6332568783481807,1.572991221234952,1.3487925864785582,1.924235006972695,1.4303370376196218
2016-01-07,0.5589139596136964,1.1528530337832823,1.7086726726882786,1.1872980370229724,1.3052111792481311,1.4928317347221765,1.4428785649887657,1.236333906264589,1.748275267469736,1.3153391245717634
2016-01-08,0.5589139596136964,1.1566288081330258,1.7492973225399155,1.2263908268211146,1.3259042927640095,1.5177045541391117,1.4888082694297058,1.2667636480257387,1.7874742008534228,1.337357013467455
2016-01-11,0.5589139596136964,1.0529978015057704,1.654244699878225,1.1500487854508188,1.2314688987262294,1.411352231998072,1.3949338193599845,1.189685278343269,1.6671747049866827,1.247682185427671
2016-01-12,0.5589139596136964,1.0582678295856343,1.6510346743085633,1.144017781083545,1.2242008676195768,1.4137607839240423,1.3841659942082436,1.183578036379081,1.6657606582642914,1.232922497142509
2016-01-13,0.5589139596136964,1.0101104457330294,1.5896846534131237,1.0998427733910732,1.184805662488123,1.3689513169498229,1.3339010113098855,1.1534420521468507,1.6213824790283158,1.1903956744974877
2016-01-14,0.5589139596136964,1.040955397394319,1.6299268717353077,1.1294547146937521,1.2263246354500497,1.4191426725521916,1.36936860711472,1.1858298309866673,1.6657460959561952,1.2180440642244568
2016-01-15,0.5589139596136964,0.9905486947983707,1.5640361208502391,1.0677340396505859,1.17497812395325,1.362515484499366,1.3087641468269706,1.136112457619481,1.5703581787389096,1.1638563052129827
2016-01-18,0.5589139596136964,0.9896851895799234,1.580751858062012,1.0757948807844822,1.1989219399728819,1.3817292524948745,1.3308852657077137,1.1524811692990167,1.5930030329628686,1.1696489890734976
2016-01-19,0.5589139596136964,1.024574642493534,1.6385402750330849,1.118095679890252,1.2459712484720251,1.431473341487552,1.383467565363275,1.1952346033599457,1.652930663573649,1.2187736749665035
2016-01-20,0.5589139596136964,1.0110368618587338,1.6324551516315913,1.1086284506856585,1.232213868457652,1.4268595280110246,1.37843500802259,1.1785191394871426,1.6433249845363591,1.1996042242417497
2016-01-21,0.5589139596136964,0.9814956167414998,1.588433152130711,1.0707152242442197,1.1874948162083525,1.3702326453558569,1.3185385654949096,1.1277022231562672,1.5800991734312182,1.1656593113018054
2016-01-22,0.5589139596136964,0.9842100385343397,1.6088656421955911,1.090599333755771,1.2040208907058105,1.3887790632171915,1.3424796858946735,1.1419538757407457,1.6081441811659385,1.1820298674266934
2016-01-25,0.5589139596136964,0.9855513151765558,1.6127302583610894,1.1072204333277365,1.2237252750183805,1.4123844550658164,1.3622012819711202,1.1603902258196175,1.6275721001134824,1.1912529013983557
2016-01-26,0.5589139596136964,0.9225770606406588,1.4825739525024326,1.0227899036467691,1.13551681045789,1.3054473706495866,1.2579289605176687,1.0750865047964537,1.4915131768779444,1.1026606129026701
2016-01-27,0.5589139596136964,0.905651414197754,1.4576516407754754,1.0164186946310667,1.1302336193937108,1.289219553310342,1.2556921139713968,1.067033426804259,1.4749598062481484,1.0800308633878506
2016-01-28,0.5589139596136964,0.8746363508893813,1.391152871340651,0.9625054029728569,1.088402655921199,1.2353441499655151,1.2059074704075263,1.018950793743569,1.4133267715043618,1.0326864118146415
2016-01-29,0.5589139596136964,0.8974177336193411,1.4385311431089425,0.9949589729575257,1.1271580362164668,1.2809125887066033,1.2484432325917205,1.0512014822525337,1.4635249547870377,1.065342386343242
2016-02-01,0.5589139596136964,0.8733092686925111,1.4190903070281096,0.9820373779150975,1.110811924688278,1.256896065446273,1.226307496267786,1.0310897425448526,1.442571209721239,1.060624668785091
2016-02-02,0.5589139596136964,0.90199237547346,1.4661619669026755,1.014479366641799,1.1473259114017376,1.3002510904426092,1.2668356385430166,1.060481065033742,1.4959608279443162,1.0820620004806198
2016-02-03,0.5589139596136964,0.9204675718497496,1.475713290144854,1.0190133025202643,1.1488232123142563,1.3075633346876985,1.2686553295473562,1.0621883268284846,1.510218160388953,1.0850707633041166
2016-02-04,0.5589139596136964,0.923187360524752,1.5008873213022127,1.0372586822232792,1.170236603381778,1.3316355409939327,1.2926115298027079,1.080652839483016,1.5419227686109218,1.1107823344279923
2016-02-05,0.5589139596136964,0.910836961910208,1.4930032938313609,1.031516802834958,1.154431683392552,1.31188407614649,1.2783840630454142,1.0732441472463319,1.5312487321121506,1.1068128538646493
2016-02-15,0.5589139596136964,0.9175319694586974,1.4984875291320339,1.0340796593976973,1.1528072566272192,1.3063598086180614,1.2729350087769804,1.0728249491015422,1.5295795878253406,1.0953983543027044
2016-02-16,0.5589139596136964,0.9562481004173998,1.5517706268559321,1.0698286802518508,1.1997755398114425,1.3614741670559198,1.32482035165822,1.1166569840916902,1.5862853969103354,1.1310343938943963
2016-02-17,0.5589139596136964,0.9657282012261837,1.5733013341900368,1.076834760323619,1.2168340805946314,1.390211920564419,1.3443086192789355,1.126740767067072,1.6085691486528302,1.1422455534603944
2016-02-18,0.5589139596136964,0.9725690190987305,1.5741881703595042,1.0772024015979247,1.2169159773229083,1.389973002717166,1.343590620947174,1.1238092558031307,1.5964992809899274,1.1456030448437229
2016-02-19,0.5589139596136964,0.9653514643110208,1.5700785017040597,1.0760434632420444,1.2167345851706297,1.3957035560771895,1.348430066461116,1.1240298574609664,1.6157457897261764,1.142590417066791
2016-02-22,0.5589139596136964,0.984763180232264,1.6012953633333045,1.1101885596920695,1.2480040788842341,1.4336302849156566,1.3839143510564949,1.1514385289134166,1.662411568483335,1.1692704859443452
2016-02-23,0.5589139596136964,0.968232251374955,1.5902167648076142,1.1077044062643044,1.2513067549023453,1.4213892019582737,1.384130100745751,1.1511610548246278,1.6604639159185144,1.1661060271509334
2016-02-24,0.5589139596136964,1.0103085894277533,1.6036200669705918,1.1223325940554028,1.2629087605549276,1.4303880241321856,1.3884449328096413,1.1610242754886915,1.6735147739317577,1.1752439773522605
2016-02-25,0.5589139596136964,0.9739069389332681,1.4719922610904197,1.0354649624156813,1.165191410678997,1.314982212011955,1.2736175247270414,1.0698967789775522,1.5367494056451418,1.1120396725458672
2016-02-26,0.5589139596136964,0.9677271696166704,1.4803568241282974,1.0425830000332976,1.1737663937304232,1.3295914760100367,1.2844505845388434,1.080290036373422,1.547905025126898,1.1194839976820419
2016-02-29,0.5589139596136964,0.9182348998575248,1.4137049093639187,1.0018195816728288,1.1177046906635824,1.272396392055464,1.2246026532337084,1.0287434259189272,1.4815587005088433,1.090197891993734
2016-03-01,0.5589139596136964,0.9623223285704504,1.4546858173152897,1.0319760429397795,1.1362095161934962,1.3040791943822148,1.254998162463668,1.0452958589848824,1.5048541775777897,1.1110558652839848
2016-03-02,0.5589139596136964,1.0059641609753864,1.536616834595233,1.097107340707613,1.1932882779614247,1.3741310534135915,1.3216450948992844,1.1013194031763431,1.5915236624446292,1.1559931142278834
2016-03-03,0.5589139596136964,1.0000457564808638,1.5438619001930671,1.096676963180149,1.1945317655329266,1.3762411173621545,1.3209167198116778,1.1077504312893796,1.5937659501575094,1.1557298511393255
2016-03-04,0.5589139596136964,0.9706689083323621,1.5150703915316426,1.080006294430438,1.1624516253164394,1.344525386257046,1.2906449846464438,1.0743454679503697,1.5507561215053973,1.1604144366381957
2016-03-07,0.5589139596136964,0.9784776645117621,1.5531001948027376,1.1041022304464356,1.1870087676850376,1.373418965232294,1.323432608844444,1.1017858088508883,1.590952589518652,1.1679492687098305
2016-03-08,0.5589139596136964,0.9702112159319266,1.5442193737074985,1.105638436562371,1.1943566373639707,1.371264835916165,1.33027248290463,1.1065475514580616,1.5973070966821337,1.1689076784867818
2016-03-09,0.5589139596136964,0.9457743447129199,1.5034357761520467,1.0661483348346141,1.161068216344486,1.3287145845021984,1.2916456923135702,1.0718871692814604,1.5462272981212883,1.1483288861365384
2016-03-10,0.5589139596136964,0.9208920203250591,1.4819321661471203,1.044980851982751,1.1351411844290336,1.2985548630877881,1.2721611711677792,1.0549493839482287,1.5197295483352227,1.123064907594761
2016-03-11,0.5589139596136964,0.9141252855883656,1.4720359931994262,1.0456197723575495,1.1259497064086779,1.2917717278984637,1.2762442955298572,1.0587036755690853,1.522998917907166,1.1252906508789107
2016-03-14,0.5589139596136964,0.9420097550782502,1.5127742319047528,1.076120528639838,1.1622423955039598,1.3345813516570042,1.3219839324977778,1.088810625201376,1.5732939419551553,1.1497412997123897
2016-03-15,0.5589139596136964,0.9360088765426005,1.501007343020003,1.06603428544068,1.153142208460069,1.3291126714139532,1.3098159233769902,1.076985030310721,1.5621553960597792,1.154221367698303
2016-03-16,0.5589139596136964,0.9257671293271711,1.480016432822326,1.0600722229316804,1.1289005408752477,1.3139868204204643,1.299397087438413,1.0702521204020017,1.5470284334339146,1.1596010373748766
2016-03-17,0.5589139596136964,0.9475980915856046,1.5150657281350952,1.0869287959958174,1.162557673204489,1.3575980280448137,1.3350373907942201,1.0987706191615798,1.5885724859859929,1.1734130904266593
2016-03-18,0.5589139596136964,0.9769013194333588,1.5709147106671668,1.116561324271691,1.1994223187416133,1.4046123138414623,1.3776327724269701,1.13439641690931,1.641573065028173,1.190261814411923
2016-03-21,0.5589139596136964,0.9964549352511306,1.6032258314337025,1.1425620301358703,1.2295754393579956,1.4409748903260962,1.41438856001985,1.160563826039888,1.6806670332082965,1.2088950503150722
2016-03-22,0.5589139596136964,0.983312103619479,1.5898310843010872,1.1358206733134193,1.2221835667862702,1.427502056448651,1.4141859191240032,1.1542232443899512,1.6731230953937828,1.1981225945524903
2016-03-23,0.5589139596136964,0.9903522109922768,1.5995365068634773,1.140191065178318,1.2295989603966522,1.438990715548393,1.425747252688682,1.1619937323232934,1.694205971430193,1.2001688683695866
2016-03-24,0.5589139596136964,0.9699916683451814,1.574737255278667,1.1120680578977011,1.2106178722949807,1.4097475437570324,1.412316981068582,1.1408551310848356,1.668346269799187,1.1776156550147172
2016-03-25,0.5589139596136964,0.964721160593413,1.5872788911463147,1.1214506697214155,1.2230005165398228,1.4166717783408058,1.426575905038673,1.1497930435244188,1.6794588987199102,1.181935919974519
2016-03-28,0.5589139596136964,0.9790954067954916,1.5655119134264386,1.1183855104823583,1.2134539251523582,1.4089203884103474,1.4207820274241105,1.1448552862399677,1.6741831618580103,1.1753667435957307
2016-03-29,0.5589139596136964,0.9642602127523133,1.5297384013649766,1.1087071226471854,1.1932714769163209,1.383794591134632,1.3702709790175205,1.1231343961043443,1.6602377613558064,1.1630353040919648
2016-03-30,0.5589139596136964,0.9979974075947393,1.577378635427557,1.1433856633539263,1.237539169531502,1.430646833675853,1.4186071071150763,1.1567046701452197,1.7106247074797634,1.1964704091794969
2016-03-31,0.5589139596136964,1.0031715534674064,1.5881740764065233,1.146685696581731,1.2409227630558917,1.4364735442893364,1.421831680446308,1.1612207140259185,1.716033909484357,1.1983442672033038
2016-04-01,0.5589139596136964,1.0107979450962392,1.60160486767108,1.151255870723927,1.2405662855521071,1.4353671749650407,1.4249053905717421,1.160106706702867,1.719669402149965,1.206476003288413
2016-04-05,0.5589139596136964,1.036314741223985,1.6423830458113238,1.1759205242918445,1.2745841617162519,1.4745290582060109,1.4586204820084618,1.1884297097189902,1.7627698293885345,1.2223627404179755
2016-04-06,0.5589139596136964,1.0263902298784984,1.6590583656048954,1.184317409151528,1.28469354790169,1.4728223601783832,1.457287332766014,1.1888949365624362,1.7624546061502324,1.2176668801272645
2016-04-07,0.5589139596136964,1.036703629092313,1.6383383691655167,1.1711648114979474,1.2676379166328535,1.4478536822214254,1.4379255792602752,1.1759262962378674,1.7296948298173478,1.203221869299655
2016-04-08,0.5589139596136964,1.0210956934100741,1.6201522434791198,1.1563439228322507,1.2594441383752382,1.43499901164556,1.4230641265099275,1.1655316149518344,1.7130552173268823,1.1945267789862626
2016-04-11,0.5589139596136964,1.0447542377789028,1.6513725542930273,1.1812059844902876,1.294192714587362,1.4652503378911195,1.449876164123074,1.1908930973239615,1.7601512224956462,1.2159641896173066
2016-04-12,0.5589139596136964,1.0335248347013775,1.650244929793583,1.1786315806516707,1.2914226046023067,1.4571316182004597,1.4439620609601285,1.1886063920850278,1.7561400173896449,1.2147846017399488
2016-04-13,0.5589139596136964,1.0378477145871787,1.6758562764866856,1.1973863701877405,1.3131174278650655,1.4799230356276916,1.4628992229972697,1.204485066786075,1.79022064022074,1.2352371834986486
2016-04-14,0.5589139596136964,1.046008817496995,1.6980150314022493,1.19932448053341,1.3264920242687823,1.492716210091255,1.472682712552758,1.2157496107591799,1.8063516793109964,1.244854969151654
2016-04-15,0.5589139596136964,1.045203770691617,1.710746123115696,1.1967599453304696,1.3334555587013321,1.494170144981531,1.473560979639853,1.216779974241007,1.8065153313559736,1.2477027861548153
2016-04-18,0.5589139596136964,1.0316195525463745,1.7033686080259614,1.1748368745647781,1.3161850311511454,1.4677647508288691,1.454347881377859,1.19902510565679,1.7802135612322731,1.2577093187974595
2016-04-19,0.5589139596136964,1.0453745902632607,1.7218070396231158,1.176794859711308,1.3170992368181704,1.4733301391284197,1.458733326839709,1.2052585467313108,1.7969880526500057,1.2618646082539886
2016-04-20,0.5589139596136964,1.0006516210011025,1.663054864755789,1.1398715991748802,1.2586825278384441,1.4070639909697162,1.3919281927011777,1.1610989401048426,1.726750561012401,1.2379969843709313
2016-04-21,0.5589139596136964,0.9849274758339812,1.6519964569618166,1.1339714432941617,1.2509055751391982,1.3941922028620557,1.3790296050901678,1.1557371742066909,1.7172557134025674,1.2303784309052388
2016-04-22,0.5589139596136964,0.9965113239948231,1.654830501199095,1.1436346594365894,1.2561653522001972,1.393285088292966,1.3885196428124085,1.162458163532264,1.7189059320123674,1.227177189259408
2016-04-25,0.5589139596136964,0.9852311853340403,1.6655561055835593,1.1444923864404701,1.2549879793319407,1.389497952383247,1.3892663826414071,1.1622349342319593,1.710644577562306,1.2221540082725508
2016-04-26,0.5589139596136964,1.0071588709396664,1.6715372715196555,1.1556144494564293,1.2695929319052186,1.4071955002956007,1.4089493297328297,1.170158692464929,1.727183487151691,1.2288261029787726
2016-04-27,0.5589139596136964,1.0102282137395262,1.6565783028023389,1.1483129524280162,1.2600457414346478,1.40493281899845,1.3834376548174956,1.167158105219419,1.7265450595469114,1.2270893272344674
2016-04-28,0.5589139596136964,1.023307246253142,1.6548414121098478,1.1451083341290047,1.2500874363078414,1.3980286324512117,1.3809134644815388,1.1582963221694005,1.7209418787938235,1.2204586407362379
2016-04-29,0.5589139596136964,1.0190674332941116,1.6660894189682827,1.140493877461325,1.2518636958784553,1.4023355300804161,1.3829526879484704,1.1568287540947402,1.7274504838160198,1.2205205481368453
2016-05-03,0.5589139596136964,1.0352190640482515,1.7053463312631663,1.147038928254701,1.2884435242999053,1.4401747061184997,1.420089979585132,1.184751477679313,1.771298945090725,1.233457214399795
2016-05-04,0.5589139596136964,1.0314983376474205,1.7049448087636498,1.1471273402103814,1.2901190739349049,1.4370591991000647,1.4155448501584535,1.1857020353843835,1.7677597124390174,1.2350698007481293
2016-05-05,0.5589139596136964,1.031962090306036,1.7132749882064364,1.149958681109046,1.2903725595454845,1.4355541778102219,1.4163758725999673,1.1853986964574947,1.7770290576408483,1.2358854500742975
2016-05-06,0.5589139596136964,0.973232540451221,1.6367188162804,1.1055921773614472,1.2476404831302508,1.3793593270623905,1.3577060774251979,1.1396517585404426,1.7089310401890148,1.1901157951370922
2016-05-09,0.5589139596136964,0.9438677655238136,1.563071297205241,1.0596950916880281,1.1961572630271453,1.325329383794049,1.307869905543846,1.097725593815448,1.6454942318940446,1.1418718827691186
2016-05-10,0.5589139596136964,0.9284862167523142,1.5587712546185983,1.0584637425365393,1.1960267569909167,1.325999600982497,1.2999863834458567,1.103933758108777,1.649503683287789,1.1499653788248134
2016-05-11,0.5589139596136964,0.9145029905964059,1.5542551351677267,1.0529415938985376,1.1939681497643515,1.3232582345979131,1.2971405144709325,1.1090750322661973,1.6492651246117593,1.1691793043094785
2016-05-12,0.5589139596136964,0.9033164096716793,1.5520604329083236,1.0392152942951802,1.183361708350367,1.319476614848003,1.2956677074298935,1.1070098414082334,1.6445995197770265,1.189554722612331
2016-05-13,0.5589139596136964,0.9005197644404976,1.5435560235251966,1.0370647840027336,1.1766789190215827,1.3137039492270046,1.2831832672508041,1.1017964941563838,1.639509646704841,1.1804260906641415
2016-05-16,0.5589139596136964,0.9242912489055416,1.5596430250961912,1.050471535437501,1.189064104689553,1.3259356417196266,1.297005896781637,1.1146259090683832,1.6541482211701473,1.1927381522066312
2016-05-17,0.5589139596136964,0.9312828619834959,1.5667406823782286,1.0489605638115251,1.1837091722047117,1.3193135626220316,1.2915784004048445,1.1097112299235488,1.6421393378364897,1.178575999439238
2016-05-18,0.5589139596136964,0.9214946036743601,1.5257413644920887,1.023870532748676,1.1550235631265857,1.2840558870907388,1.2590098294354188,1.0824251921212131,1.6015509656192097,1.1468309577952178
2016-05-19,0.5589139596136964,0.9242912489055416,1.5337603633153105,1.026451685963098,1.1540369148366556,1.2831483183723162,1.2601556341522406,1.0834407794635694,1.6026123779472459,1.142206266647927
2016-05-20,0.5589139596136964,0.9382744750614501,1.544285271511101,1.0353865704540772,1.1651254256820367,1.2991200221064094,1.2728128165133166,1.087616813244071,1.6152663519089223,1.153980168187155
2016-05-23,0.5589139596136964,1.031962090306036,1.5596646001540688,1.0463708411974986,1.1752311818773085,1.313295958756667,1.2791306402446605,1.097928720585069,1.6352402157999428,1.1691830751782506
2016-05-24,0.5589139596136964,1.0165805415345368,1.540631708076472,1.0364132198035365,1.1628305081063286,1.3000734730391676,1.2663911198390219,1.0850132132890897,1.6202368069953899,1.144511710059534
2016-05-25,0.5589139596136964,1.0067922832254008,1.5450057414614584,1.0355767389832737,1.1598356671983687,1.2983996756014669,1.2646184195850052,1.0838089576547343,1.6176079798642595,1.1351426229203065
2016-05-26,0.5589139596136964,1.0291654450748542,1.5576148525278475,1.03964108019703,1.1662608968525823,1.3032326233638196,1.265147912890195,1.085449581694392,1.6163751421637862,1.1339728412295818
2016-05-27,0.5589139596136964,1.0361570581528083,1.5599198689324694,1.0381449916266976,1.1690553699694206,1.3048037569072095,1.2661838688675857,1.0840766312513568,1.6209258721390978,1.1363444184868725
2016-05-30,0.5589139596136964,1.0081906058409915,1.5485165665178768,1.029233270195915,1.1649751687670777,1.2957656095783956,1.2632713979448777,1.0754494353121842,1.6089311812727987,1.1303068662731732
2016-05-31,0.5589139596136964,1.0473436390775348,1.6084344230129346,1.066547137077916,1.2074516612359323,1.3416458812146401,1.303431604069813,1.113342709399089,1.6582249415556158,1.1684614556924589
2016-06-01,0.5589139596136964,1.0753100913893516,1.6223440860425087,1.0681582656372959,1.2131306896775134,1.3478726035180908,1.304323873324162,1.115853156570893,1.6619197845658242,1.170744857817359
2016-06-02,0.5589139596136964,1.0753100913893514,1.645881730312619,1.0780412951334513,1.2257531443494811,1.3588906837557277,1.3097038748321037,1.1216444288207545,1.6688904925589199,1.1863142781734466
2016-06-03,0.5589139596136964,1.0641235104646247,1.642599117594907,1.0792352506721423,1.2279301692639242,1.3607065193069467,1.3120277396566684,1.1216361233953782,1.6758636476179762,1.1923208972930506
2016-06-06,0.5589139596136964,1.0711151235425789,1.6307649192109428,1.0806398784811515,1.2294493993618834,1.3654254620159911,1.3103837129877625,1.1245002907622446,1.6790737378304719,1.1980071662229643
2016-06-07,0.5589139596136964,1.059928542617852,1.6403194580386762,1.0662454457252042,1.229965182342934,1.3625155419482033,1.3091993443883843,1.1251766333291369,1.687510462605308,1.1919967028818894
2016-06-08,0.5589139596136964,1.050140284308716,1.6301680501312859,1.0648160371998228,1.2253507937176613,1.3553093442478792,1.3061380611024396,1.1163733982918536,1.6958835838979325,1.1814567864620564
2016-06-13,0.5589139596136964,0.9788258309135835,1.5642594767769886,1.0228746441325764,1.1837985852766935,1.304038179925689,1.2556886528269726,1.0728811573252852,1.6186354553904305,1.1298235793752047
2016-06-14,0.5589139596136964,0.9732325404512202,1.570268808901923,1.0244995535952253,1.1899267967399825,1.3039913550692959,1.25741374939848,1.0693973637331677,1.6287312467926,1.1275898255312753
2016-06-15,0.5589139596136964,1.008190605840991,1.6079255272348205,1.0508232474045935,1.2210908116568162,1.3381690217598619,1.2891889432505796,1.0949865834541064,1.662058030817532,1.1592356217436037
2016-06-16,0.5589139596136964,1.008190605840991,1.5946599879988645,1.0483203016680391,1.2167660607145383,1.3377419316471582,1.284864969572521,1.0899349287553128,1.6572670967449905,1.1509728841719726
2016-06-17,0.5589139596136964,1.033360412921626,1.6223019449053002,1.0593083781307189,1.2240024541251386,1.345422554950629,1.2970156673439268,1.100610726204794,1.668432071368381,1.160983505115274
2016-06-20,0.5589139596136964,1.0347587355372168,1.6116383859376981,1.0569615388224718,1.2226652074103206,1.3473564484229408,1.2945651674190126,1.1009063745282068,1.662468852953953,1.1691028515826254
2016-06-21,0.5589139596136964,1.0305637676904442,1.6011979703962036,1.0491770189746965,1.2137231560655146,1.3332983924898119,1.2912043190009308,1.0931440207455279,1.654804486060787,1.1604100744076258
2016-06-22,0.5589139596136964,1.0599285426178517,1.627445198685356,1.068761475654158,1.2314553908731165,1.3518293456120807,1.3080531598110854,1.1060284369370261,1.6761375136337495,1.1757364277502385
2016-06-23,0.5589139596136964,1.0431486712307618,1.6175700174448047,1.06516424998407,1.2162293590051545,1.3434417357731294,1.2964019430641749,1.097564221709716,1.6661006899483477,1.1690916498683
2016-06-24,0.5589139596136964,1.0837000270828958,1.5616687173844002,1.0522148008623506,1.2036905622372573,1.3288782650176694,1.2768971837611431,1.0745933216843395,1.6506510501876945,1.1453651073840414
2016-06-27,0.5589139596136964,1.192769191098981,1.5976335919142954,1.0632133950746985,1.2249995763426687,1.3542637977592307,1.3000121315174085,1.0938214590803261,1.6810153227561448,1.1662021239881226
2016-06-28,0.5589139596136964,1.2864568063435668,1.6034175939278108,1.0694374123583952,1.235523068627922,1.3651012317668727,1.308730322164872,1.0884603285661054,1.6947852945056874,1.1749647786665323
2016-06-29,0.5589139596136964,1.2389138374134783,1.6015821390225307,1.0739016340035925,1.2440578498453785,1.3656569390720608,1.3124200447208734,1.093295701763024,1.6962577897272184,1.179770130976538
2016-06-30,0.5589139596136964,1.2696769349564767,1.5976234895016503,1.0710710552246487,1.2421127472220224,1.3688094604018555,1.3130429304919764,1.094788588824788,1.7021883911947948,1.181937772253664
2016-07-01,0.5589139596136964,1.3018383551150658,1.6027497594582591,1.0721550781711486,1.244735980298665,1.3660918434216918,1.3148698145608386,1.0948765357141645,1.6889452465618873,1.185155827764597
2016-07-04,0.5589139596136964,1.2710752575720674,1.6528515550589369,1.0970868963092089,1.2745217878824833,1.3962497711609727,1.3446508089372808,1.1159511259895312,1.7207796556249646,1.207255189936446
2016-07-05,0.5589139596136964,1.2584903540317498,1.6491423425166625,1.109267814480122,1.2851205310196987,1.4078886850812187,1.3548499987205527,1.1307675903201615,1.7509117211822973,1.2215064066305845
2016-07-06,0.5589139596136964,1.2445071278758417,1.6460536756683284,1.1084021235117267,1.2819095651467927,1.411846601378407,1.358820061444145,1.1325555588033094,1.751968071282831,1.231312433286243
2016-07-07,0.5589139596136964,1.2137440303328433,1.6539121188857242,1.1136702942574275,1.2818300402406497,1.4052985028768328,1.3578335840697011,1.1344714633378112,1.7581269218398254,1.2285393386937058
2016-07-08,0.5589139596136964,1.1969641589457531,1.6398324210538278,1.1087420996323978,1.2751393883747257,1.398258551528247,1.354601428263772,1.1270209078381888,1.7544422463071803,1.2283184765325712
2016-07-11,0.5589139596136964,1.1969641589457531,1.6552985877302278,1.1105613730344552,1.278654779883391,1.4036185451633942,1.352579685039124,1.1275847208080878,1.7583430998287428,1.2229139410546002
2016-07-12,0.5589139596136964,1.216540675564025,1.688199434852566,1.1331741735112837,1.2989015193536804,1.4230306619598734,1.3778809863762196,1.1497813758248199,1.7818002543881888,1.2551023051378272
2016-07-13,0.5589139596136964,1.2151423529484338,1.6946235968384527,1.1364375791067576,1.3082889847322008,1.4350438379850927,1.384404492806543,1.1582378828465092,1.782988650717895,1.261920973330051
2016-07-14,0.5589139596136964,1.2067524172548887,1.6884810214795356,1.1388343192753363,1.3067046295219142,1.4368864633659275,1.3822836405547312,1.1540340595027954,1.7808467600508167,1.258300679393098
2016-07-15,0.5589139596136964,1.2109473851016614,1.6786890644897274,1.1369831686427085,1.3028291777137386,1.4315720158759544,1.3848861447839622,1.1519480302306804,1.7793275852342763,1.2563991309773432
2016-07-18,0.5589139596136964,1.180184287558663,1.6590621157617478,1.1270949043062708,1.2959321322448913,1.4202545191783233,1.3816830514664653,1.1464185415907202,1.7896650970271255,1.257710230659907
2016-07-19,0.5589139596136964,1.1913708684833897,1.6705762473000565,1.1271342550396777,1.2966818072386126,1.4252464153401958,1.3824437582975728,1.1484440889128273,1.7789954872363731,1.2563192786559902
2016-07-20,0.5589139596136964,1.1927691910989808,1.6697833587872453,1.1249908896148848,1.2993554393913687,1.4223080056501805,1.3811588503950174,1.1485049428224645,1.769924918492944,1.2598767117611076
2016-07-21,0.5589139596136964,1.2039557720237073,1.6837750021882352,1.1275018005250281,1.3008669475350407,1.4250176624765756,1.3879381603002368,1.1543755765259858,1.7672421610723894,1.2659791375332863
2016-07-22,0.5589139596136964,1.2459054504914324,1.6671549156305825,1.1113558929554959,1.2827249521339812,1.4164079817856114,1.371632665637156,1.1418151888784092,1.7480939772953927,1.253766158488657
2016-07-25,0.5589139596136964,1.2473037731070231,1.6746255951311113,1.1166062402489085,1.283868246949355,1.4256173286167335,1.3783408326398459,1.1495935137279572,1.7517509534868188,1.261094463941852
2016-07-26,0.5589139596136964,1.1871759006366174,1.6944131912531712,1.1303940776777692,1.3011631617852097,1.4469459232171402,1.3970600145433694,1.1641763996812466,1.7814194813516402,1.2759932965592278
2016-07-27,0.5589139596136964,1.1046748663167583,1.6280477408834306,1.0881711317307206,1.2562152094155925,1.3986318641344893,1.352696852049578,1.1287090000252524,1.7245791460400492,1.2388498894154485
2016-07-28,0.5589139596136964,1.0906916401608502,1.6356348033941277,1.0974817861418913,1.2642171992452784,1.404578504323161,1.3696042157965296,1.142240547552758,1.7458484082630665,1.251902893179103
2016-07-29,0.5589139596136964,1.0599285426178517,1.6253908888211008,1.0888481005104873,1.2581440811112747,1.3976223803740015,1.362500647327003,1.1345657163394578,1.735091644652292,1.2452448115823245
2016-08-01,0.5589139596136964,1.0655218330802152,1.6070788150318291,1.0835586899583887,1.2444985314018953,1.3781172329278455,1.3418397878240849,1.1186044414107112,1.7180158519297726,1.22443818766454
2016-08-02,0.5589139596136964,1.0641235104646245,1.619638591674357,1.0939222171983778,1.252220495977496,1.3938739694625768,1.3561783517960988,1.1277790965221486,1.7403649724269652,1.2332596803878033
2016-08-03,0.5589139596136964,1.0557335747710797,1.6334515912498313,1.0997970725790904,1.264376310830693,1.4044427904806904,1.3666539694363793,1.1365196748193978,1.75600013361672,1.2451124471066266
2016-08-04,0.5589139596136964,1.0739117687737605,1.6336566240963732,1.1013780405478455,1.2687631141898126,1.4112371886340107,1.3701388444807623,1.136408490759682,1.763942004055778,1.2398749664282327
2016-08-05,0.5589139596136964,1.0515386069243071,1.6306977204625186,1.104981260998534,1.2660306159937016,1.4100046559195163,1.3651499571185812,1.1331236347053668,1.7569654313773146,1.2244503013363088
2016-08-08,0.5589139596136964,1.0627251878490338,1.674847986032503,1.1294318801376095,1.2881613235555611,1.4324603756476415,1.3823692866974675,1.1462562832862078,1.7735436257263697,1.2369496954695363
2016-08-09,0.5589139596136964,1.0795050592361237,1.6742069381924731,1.1329297076274991,1.2976911664249484,1.4419116770035134,1.396338307353144,1.1547751979156196,1.7825187259623976,1.245419464002396
2016-08-10,0.5589139596136964,1.0711151235425787,1.6778888760058575,1.135088855674564,1.3038690658516907,1.4373652264845418,1.390469476503578,1.1503243595618324,1.772720346803221,1.2445112083046608
2016-08-11,0.5589139596136964,1.0417503486151711,1.6505035455780714,1.1194466048134433,1.2833121099771374,1.4152719148902535,1.3781808980206625,1.1358340445532007,1.7483092494396208,1.2232986733706122
2016-08-12,0.5589139596136964,1.0711151235425787,1.6701660927748039,1.1392946989662687,1.3092739539893636,1.4365729095596478,1.3970823588324737,1.1499366820447177,1.7736225777034362,1.2454872962329353
2016-08-15,0.5589139596136964,1.093488285392032,1.701852716252324,1.1661718379984123,1.3418524799758658,1.46599833247665,1.428859578474515,1.1760925529545012,1.8106021343237069,1.2783456847379842
2016-08-16,0.5589139596136964,1.0948866080076227,1.7145087007317346,1.1732899955045537,1.3514361194930196,1.4707068429982493,1.430557229928388,1.1771406566223075,1.8166318500150458,1.282815074667003
2016-08-17,0.5589139596136964,1.2039557720237077,1.7119645534818337,1.1762857420005637,1.3531075800605274,1.475037879722849,1.436428169150195,1.177706591175863,1.8290165148544604,1.2819690327956472
2016-08-18,0.5589139596136964,1.1648027387871647,1.715487802487522,1.1832182323524054,1.361104804215463,1.4792956332410991,1.4341978597139127,1.178946899242966,1.834750108945779,1.2993578987509726
2016-08-19,0.5589139596136964,1.1731926744807095,1.707796199407034,1.182821577241307,1.360113161204686,1.475781490255493,1.4379645498224138,1.1782780202619818,1.8496375194663417,1.3057669135193017
2016-08-22,0.5589139596136964,1.129844673397394,1.6973126555309825,1.1782073753718443,1.3402038467344197,1.4613829350400185,1.4218195766599233,1.1685415766931897,1.8243771642732916,1.2898792821542693
2016-08-23,0.5589139596136964,1.1410312543221206,1.702513800987307,1.1757811607727695,1.338892637824292,1.4630473868823335,1.4252109016307632,1.1706292182472953,1.8384775741827077,1.3011643718750907
2016-08-24,0.5589139596136964,1.1452262221688931,1.6961551237359325,1.1734097954417855,1.340165072499732,1.4644859171382256,1.4223148406928203,1.1732026366892179,1.8415078439970276,1.2904943852419406
2016-08-25,0.5589139596136964,1.1354379638597571,1.6857078440883264,1.166916482426832,1.3279498841437016,1.4469644690537913,1.4154024503974512,1.1616157336394106,1.8369777662698172,1.2788647389446761
2016-08-26,0.5589139596136964,1.136836286475348,1.6863897851022929,1.1698646183955952,1.3272097379538736,1.4502733795159146,1.4165567370161356,1.161313129439152,1.8453176602506884,1.2768305398399524
2016-08-29,0.5589139596136964,1.1382346090909392,1.6952568934505239,1.1728562251349366,1.3348941193737565,1.4600579424619158,1.4221190108614936,1.1629682573427311,1.8627273825877744,1.274301086060731
2016-08-30,0.5589139596136964,1.157811125709211,1.6944342949905742,1.1696796483916687,1.3356715092064009,1.4534483229003696,1.4190819502096728,1.1603037614246137,1.7914960769321946,1.2730124058902483
2016-08-31,0.5589139596136964,1.141031254322121,1.6969769947177662,1.1748176124568641,1.3407039418275326,1.452317979623922,1.421866126352804,1.162999314411319,1.8067615245993964,1.2782136969911886
2016-09-01,0.5589139596136964,1.1340396412441667,1.6804764526208094,1.1576847355240594,1.3251511100463902,1.4409818460454782,1.4100763748753216,1.1537782320516854,1.805716998401559,1.2604083142301221
2016-09-02,0.5589139596136964,1.1452262221688931,1.6846735851807135,1.158510016614308,1.3247559585345101,1.4394598313288671,1.4099176032223524,1.1530682613479228,1.7985528864547713,1.258047753040604
2016-09-05,0.5589139596136964,1.1787859649430732,1.6941899853206113,1.1759936358177687,1.3361546079655129,1.4521187823186812,1.4202864403197217,1.1593217313628474,1.795041733491019,1.2621914021944614
2016-09-06,0.5589139596136964,1.296245064652703,1.7152218284799616,1.1908539518107295,1.3518446499740877,1.4707593199235554,1.4363354243054118,1.1745912967255194,1.8288616742754196,1.2717342999646069
2016-09-07,0.5589139596136964,1.3689578406634266,1.7099537647680343,1.1925993295562396,1.349822107898962,1.480912771271339,1.4409559937047682,1.1774078897699463,1.8272489605344162,1.2648163453706298
2016-09-08,0.5589139596136964,1.3326014526580645,1.729948871209222,1.2024496287142539,1.3520526762805536,1.4889229919520606,1.445015534624426,1.1804265374988698,1.83896322306546,1.2635730440368933
2016-09-09,0.5589139596136964,1.314423258655384,1.7194024704435806,1.1925809923019077,1.338514673985618,1.4757994001586707,1.4345485566782141,1.171628833758889,1.817337608109434,1.2588196312059405
2016-09-12,0.5589139596136964,1.2724735801876585,1.664531047942688,1.1649791873718218,1.3015633728856306,1.4338937107393597,1.4027764528201003,1.1433890919557934,1.7649499999380687,1.2266242483514658
2016-09-13,0.5589139596136964,1.2808635158812036,1.6699663249595218,1.1782198821747583,1.3089007744534502,1.4482482990134062,1.4164684228918771,1.147711893014672,1.7638035559350431,1.23979827292593
2016-09-14,0.5589139596136964,1.24171048264466,1.6682404911099924,1.175544222515869,1.3045403056834666,1.4375587016380846,1.406746951128473,1.1428513654558001,1.7541609154768496,1.2322993487421834
2016-09-19,0.5589139596136964,1.2570920314161593,1.688176070511359,1.187000557601552,1.318334141557941,1.4450150115477638,1.4183819033303773,1.1525650915899517,1.7674117804663743,1.2475309109471207
2016-09-20,0.5589139596136964,1.2696769349564767,1.686484496261699,1.1920837839294263,1.3202524935034734,1.4508493360527046,1.4203372042890958,1.1562981658194729,1.769492989200193,1.2481397674235932
2016-09-21,0.5589139596136964,1.2556937088005682,1.695911288055652,1.195870957011593,1.3247980561508077,1.4524032344316709,1.4229336303602034,1.1563572977079077,1.7679778404423534,1.246823593389847
2016-09-22,0.5589139596136964,1.259888676647341,1.7001986455787705,1.2074565264216217,1.332478312194329,1.4629702012412091,1.4307438618318558,1.1638142567078222,1.7921867492686623,1.2565242154190637
2016-09-23,0.5589139596136964,1.2654819671097044,1.6995101841836344,1.204684460930936,1.327852592066311,1.4579454744702776,1.4263712192474356,1.1606148973090176,1.7733335922970137,1.2558533032480028
2016-09-26,0.5589139596136964,1.259888676647341,1.67593452997058,1.1792116849557812,1.299755346914871,1.4307268011830274,1.3995251173641754,1.1432899928069888,1.7363563731939813,1.2275823411389681
2016-09-27,0.5589139596136964,1.219337320795207,1.691556076751522,1.193042390774149,1.3081666521359854,1.4405386187533855,1.4060029827882634,1.1551452227791665,1.751315574604045,1.245337201864044
2016-09-28,0.5589139596136964,1.2039557720237075,1.6949215086577736,1.1872293901936402,1.3038926208098234,1.4379462564815573,1.4020632074526371,1.1528948082867234,1.7565164471495633,1.2474107458834232
2016-09-29,0.5589139596136964,1.2053540946392984,1.7083993656197793,1.1952517219073515,1.3098332419052037,1.4440502913702384,1.40920609469683,1.1581346973953937,1.7671846872302606,1.2518500053202735
2016-09-30,0.5589139596136964,1.236117192182297,1.7185600993540828,1.197703469016653,1.3139880640868367,1.449521390555961,1.418411012476645,1.1601312882492816,1.7754898093500886,1.2497495475478722
2016-10-10,0.5589139596136964,1.2556937088005686,1.7365617546318646,1.2063650010570124,1.3288020856380882,1.4694380546125436,1.4407033889468326,1.1770365770388238,1.8067114602829104,1.2614369981486422
2016-10-11,0.5589139596136964,1.2766685480344313,1.7514606932421295,1.2137649269597262,1.3419802806648262,1.4807105201401114,1.4484172556049402,1.1831703673992575,1.8180398329420049,1.2735136716002355
2016-10-12,0.5589139596136964,1.2724735801876585,1.7490658929053542,1.2126466528154551,1.3439506687407365,1.4801978507446063,1.4488343766731742,1.1824256851903836,1.820456370474886,1.2758198129619123
2016-10-13,0.5589139596136964,1.254295386184978,1.7581564617772798,1.2198240056193193,1.3473631135200141,1.4778149465851593,1.455681747707908,1.1843136562871899,1.8164609615575908,1.277198843139222
2016-10-14,0.5589139596136964,1.2277272564887518,1.746815141610278,1.220746385633599,1.3457006925315353,1.4749130414554497,1.4570189004787537,1.1850675144569651,1.8219542558468218,1.2663783447479027
2016-10-17,0.5589139596136964,1.2459054504914329,1.7443966680718397,1.2168646516080377,1.3354781863647447,1.4617443404380934,1.4455645051681179,1.1730118733794295,1.8167332930412068,1.2520807154112097
2016-10-18,0.5589139596136964,1.2473037731070236,1.7694239611088547,1.2390048582189646,1.3552217998296996,1.482951492840453,1.4747372717554206,1.1908018376909615,1.8450666960775426,1.2705515263974299
2016-10-19,0.5589139596136964,1.303236677730657,1.7683757361225623,1.2452878657698883,1.356207945234314,1.4829225094424505,1.4780393867854493,1.1896611524902587,1.8425834147533688,1.2744919995844997
2016-10-20,0.5589139596136964,1.293448419421521,1.761543718359129,1.244997918904087,1.3579673825629714,1.4850746498111742,1.4777516612157793,1.1881621250923073,1.8472015859190447,1.2754798899110882
2016-10-21,0.5589139596136964,1.2808635158812034,1.7596164944912989,1.2486430662746164,1.3529782972628082,1.4799652092033573,1.4800241212868943,1.1896542638794276,1.8421793218237583,1.2661135693339352
2016-10-24,0.5589139596136964,1.2766685480344306,1.801966220542672,1.2727450097187092,1.3726088116455117,1.4963510925850372,1.4976916689942616,1.2032927561284414,1.8519212114555332,1.2791863261390994
2016-10-25,0.5589139596136964,1.2962450646527024,1.8248712025540808,1.28516022890525,1.3818351209545072,1.5081421939680686,1.5050263253566638,1.2040625224245196,1.858332129924586,1.2752422085000579
2016-10-26,0.5589139596136964,1.2808635158812034,1.8044877643968278,1.2835993678170188,1.3781347691352532,1.5016965336539776,1.4915839935671613,1.1994930527817218,1.8601660485467104,1.2745105939532482
2016-10-27,0.5589139596136964,1.25849035403175,1.8015666725107242,1.2809816301152939,1.374771914916505,1.4978495005174717,1.4880965080298736,1.1955168293755596,1.85611285560265,1.2701795637233144
2016-10-28,0.5589139596136964,1.2305239017199334,1.776432620952032,1.2697948499384892,1.3601785555983872,1.4839162131873533,1.4718124555002166,1.1837628569666145,1.8367311217952584,1.2625029685979938
2016-10-31,0.5589139596136964,1.2375155147978878,1.7743204532723444,1.2780537005407324,1.362522373543905,1.4809357858060075,1.4708010265160874,1.183944135672164,1.8287215727303945,1.2550741206709846
2016-11-01,0.5589139596136964,1.261286999262932,1.7786795006479503,1.2954365075550867,1.3714873841492112,1.49230801467162,1.4893666497966198,1.1916599840325894,1.8424588939263058,1.2652288363236277
2016-11-02,0.5589139596136964,1.2403121600290694,1.7562295515793258,1.2921754751119916,1.3611257756318205,1.4785101093163846,1.4787450048723878,1.1833855321980014,1.829033184270026,1.2658910750120485
2016-11-03,0.5589139596136964,1.2752702254188404,1.766812552234808,1.2958742367954807,1.3687896616562736,1.4903136738577931,1.5007225127488009,1.194382730399968,1.8443366822255267,1.2765692143518097
2016-11-04,0.5589139596136964,1.2724735801876585,1.7702922381363402,1.2889866116518152,1.3669674454635747,1.488026505172461,1.4924814645734212,1.1877490945248879,1.8222164933456397,1.273603911130929
2016-11-07,0.5589139596136964,1.2990417098838847,1.789096616476049,1.307927184096137,1.3769087460665583,1.498795992527464,1.5004835524858005,1.1926466122985486,1.8174588113951549,1.2883151217047797
2016-11-08,0.5589139596136964,1.3032366777306572,1.7835923528966013,1.3076056485442318,1.377897106622451,1.5048800750945017,1.506849777653304,1.1994729601065388,1.8287932778715528,1.2921522213246714
2016-11-09,0.5589139596136964,1.3102282908086116,1.7787172093230732,1.3066841176843853,1.3706494123215769,1.4976972710744458,1.4976700768100906,1.1966129829521186,1.8123575167411603,1.3056235906042413
2016-11-10,0.5589139596136964,1.3409913883516096,1.8072790155711558,1.3230740633982432,1.3894467521336746,1.5193671122766614,1.523149144253483,1.2134524498137977,1.842002853806635,1.3260341041285568
2016-11-11,0.5589139596136964,1.3465846788139728,1.848550044467987,1.3324184785161663,1.40838692844358,1.5412997411724099,1.5338589375318814,1.2274972876032695,1.8583519748686006,1.3263382723986936
2016-11-14,0.5589139596136964,1.300440032499475,1.8711712107560143,1.3385567358641022,1.421689460074539,1.5516234706323582,1.5411243534358352,1.2367886183117238,1.869542117274354,1.3243700075558789
2016-11-15,0.5589139596136964,1.3060333229618384,1.8548853647774073,1.3387466173802458,1.4200393985328474,1.552095396807728,1.5395279267999538,1.239041887644426,1.872240200732226,1.3246785339733116
2016-11-16,0.5589139596136964,1.2598886766473407,1.8467852960054334,1.3314731776912088,1.4175346876465615,1.5549297046970052,1.5371827552038984,1.2405500898541222,1.8870665808506706,1.3170844450068842
2016-11-17,0.5589139596136964,1.2598886766473407,1.8591059825872556,1.3357758694260147,1.4231032224810907,1.5563143866693279,1.5416343887076138,1.249805715233926,1.8890917326441794,1.3231276241720933
2016-11-18,0.5589139596136964,1.2612869992629316,1.8358912556406322,1.3251472007038658,1.4146813906693232,1.546114015960833,1.5326760220240645,1.2395318777305226,1.871637507160212,1.3129770262361198
2016-11-21,0.5589139596136964,1.2514987409537957,1.8402733153475868,1.3291097306361486,1.417654169726636,1.5544816040959308,1.54261846671077,1.248501436112536,1.8778952105973228,1.3231880708034596
2016-11-22,0.5589139596136964,1.2710752575720676,1.8665871317333644,1.342803254570456,1.4350639695515113,1.5714320636397885,1.5595244828409818,1.2576891628039328,1.8908362837633095,1.3348274081984195
2016-11-23,0.5589139596136964,1.2962450646527026,1.8600490655847561,1.3420196553127886,1.4265153160598865,1.5626400135513467,1.549587112438733,1.2453576988231692,1.8821708748352555,1.3280904998700809
2016-11-24,0.5589139596136964,1.259888676647341,1.854530028948223,1.3372164269967615,1.43457863632328,1.5621423712310019,1.544583008657781,1.2483197607724574,1.8820911097224462,1.3286789523309332
2016-11-25,0.5589139596136964,1.2151423529484342,1.8568587072810103,1.3381317384210092,1.4405664978353176,1.56466281870441,1.556935022310987,1.2513786754156433,1.8853974284508355,1.3323912874937829
2016-11-28,0.5589139596136964,1.2081507398704803,1.865862063849102,1.3393914375764935,1.4536470272156699,1.5708540424361273,1.5680239996997807,1.2667499715927772,1.9079357792315679,1.3530587872706012
2016-11-29,0.5589139596136964,1.1941675137145717,1.8312993147091223,1.324922353738412,1.438650866097128,1.5506748050268833,1.560725343300607,1.2605691822208882,1.8935781451944682,1.3356290758996048
2016-11-30,0.5589139596136964,1.1969641589457534,1.799671269993375,1.3087292497896819,1.427022405076148,1.5357328931894512,1.5448270538173874,1.2473455131673457,1.8751885445039618,1.3234476506594288
2016-12-01,0.5589139596136964,1.1955658363301622,1.8238707492223054,1.3280177245257252,1.442412441698095,1.5531892114676895,1.5603169223705389,1.261880827684533,1.8864226155819426,1.3259328082150645
2016-12-02,0.5589139596136964,1.1578111257092099,1.8024442157588552,1.3071527997068189,1.4192388728090746,1.5258170021780486,1.540360772176025,1.2449228753926596,1.8560952627513194,1.3025423977282822
2016-12-05,0.5589139596136964,1.159209448324801,1.8147108208506844,1.288651523901453,1.399084074599011,1.5120760970660223,1.5238905913799363,1.2284815024722764,1.8411353031391071,1.2920673988253482
2016-12-06,0.5589139596136964,1.1592094483248008,1.8149891205635704,1.2967440607459046,1.3936012126748603,1.5101589058663145,1.529779690634002,1.2273578557646434,1.8448303620282196,1.2927673450425656
2016-12-07,0.5589139596136964,1.194167513714572,1.853608642716593,1.3223479758223224,1.409302823238909,1.5348962642318724,1.549039752905264,1.2413681640268772,1.869555920735089,1.308740297422032
2016-12-08,0.5589139596136964,1.1773876423274816,1.838951724621372,1.3138620124111604,1.4074186420843906,1.5297657439559094,1.5461087241837481,1.232042358559119,1.8623378910752173,1.3010510642399498
2016-12-09,0.5589139596136964,1.1703960292495272,1.8442629192068618,1.3085817340167218,1.4060167163501138,1.5322078968632638,1.5464482486437743,1.2364311290442151,1.869427535549943,1.3091285815273952
2016-12-12,0.5589139596136964,1.0948866080076223,1.7631462244050833,1.2508292925790414,1.3480119421992678,1.4678850901467082,1.4930313835040367,1.1893131081382502,1.7855756127468894,1.2406491904521872
2016-12-13,0.5589139596136964,1.0850983496984865,1.7813063988517117,1.2597117508613338,1.3603238403847708,1.474291855391874,1.499643119704753,1.197860284541231,1.802670704103509,1.2485664298877799
2016-12-14,0.5589139596136964,1.0627251878490331,1.7702421926530285,1.2524342401004112,1.3507595427340127,1.4689122779937487,1.4971982542670477,1.192129618443898,1.7998017615159732,1.2353128062167418
2016-12-15,0.5589139596136964,1.072513446158169,1.7784046732480492,1.2614339412330606,1.3572728404304966,1.4800228220646683,1.5072987607141353,1.1965677681333424,1.8080161910289938,1.2541607015798588
2016-12-16,0.5589139596136964,1.0864966723140772,1.7873299777371667,1.2804032923913018,1.364284943729488,1.4891851055122154,1.5155304673412877,1.2038435807779344,1.8183028076854013,1.2638170683511432
2016-12-19,0.5589139596136964,1.0837000270828956,1.790402286851978,1.2840293337623156,1.3682452046974194,1.4949113403290633,1.523345528677501,1.2109200217299037,1.8220700149344211,1.2676199246364737
2016-12-20,0.5589139596136964,1.0837000270828956,1.7711496909426507,1.2704287268921073,1.3620083928069353,1.4840243731176452,1.513089299409603,1.202696769478378,1.8210418636294976,1.2576739599799962
2016-12-21,0.5589139596136964,1.0962849306232132,1.7876927508814304,1.2796788915768886,1.3753086769266487,1.4933521726359011,1.5314520183319535,1.2181641419962288,1.8460795817766829,1.2732982267737616
2016-12-22,0.5589139596136964,1.0892933175452588,1.789618251530248,1.2742833349526363,1.3778752995444268,1.4956462973487334,1.5313651431789175,1.222495681999622,1.8475685738581742,1.272854671095572
2016-12-23,0.5589139596136964,1.078106736620532,1.7582800507194882,1.2598048595608224,1.3627818610535056,1.4778579170860633,1.5165185174041658,1.2130232128956047,1.82955436319169,1.261291567784541
2016-12-26,0.5589139596136964,1.101878221085576,1.7560923405981268,1.2677534832178383,1.3637456887595787,1.4804068266965629,1.522825376985287,1.2191759662608228,1.8465018144577434,1.2664915977567508
2016-12-27,0.5589139596136964,1.118658092472666,1.752886913359798,1.269320829905976,1.3634298288023017,1.4850139779250255,1.5272426986367713,1.222213154803346,1.8406726585403321,1.2657944451733827
2016-12-28,0.5589139596136964,1.2305239017199323,1.7450036981570503,1.2661567408045065,1.3609409946333473,1.484182246080222,1.517540879404603,1.2160475619468507,1.822655709907178,1.2553162112546454
2016-12-29,0.5589139596136964,1.191370868483389,1.7496972975110356,1.2613479138798844,1.3584539156015318,1.4797457242565295,1.5183050561045524,1.2174210406045396,1.8250178779535686,1.2582988916451616
2016-12-30,0.5589139596136964,1.1703960292495266,1.755771969854283,1.2587129834162225,1.3638367880050952,1.482203444559138,1.515919319461965,1.2175753083693075,1.8357970915563573,1.272325483926171
2017-01-03,0.5589139596136964,1.1717943518651177,1.7872952092131644,1.2733156465365538,1.3802597278918447,1.5021193354471711,1.535465195769881,1.2304179526812817,1.8621871940709214,1.286815574104255
2017-01-04,0.5589139596136964,1.1801842875586626,1.8159877599103678,1.2893091398926317,1.3931531858029926,1.522831139432153,1.553654168909491,1.2388603470132553,1.8801439981718526,1.2944354646393235
2017-01-05,0.5589139596136964,1.1578111257092094,1.8293706928964684,1.2964105535554846,1.3982123239241857,1.5280086591251771,1.558536061227607,1.2425883939756328,1.8739165614103412,1.3002675921768654
2017-01-06,0.5589139596136964,1.1717943518651182,1.8425107152604503,1.286511841877125,1.3955377216302929,1.5284382007186017,1.555557722801302,1.2460214713718616,1.8740322118311727,1.3057356851891964
2017-01-09,0.5589139596136964,1.181582610174254,1.8684790494994155,1.2918578291872294,1.409383618907002,1.5388182760776474,1.5742579616311174,1.2573606372701487,1.9032834337057047,1.3221704449234206
2017-01-10,0.5589139596136964,1.1578111257092096,1.8514025738895457,1.2913985889714994,1.408069945327918,1.534687153347925,1.565748561474465,1.2539108482856804,1.8955599071199007,1.3176658829124501
2017-01-11,0.5589139596136964,1.1354379638597565,1.8445272057222009,1.2759213713129982,1.3939985629246359,1.5197898262156768,1.5502337672836186,1.2408091301245767,1.8782816132279216,1.2973968127143274
2017-01-12,0.5589139596136964,1.1242513829350298,1.809660034806627,1.261560672852769,1.3805971090105873,1.5053609687902645,1.5360661601462529,1.2304041988825132,1.8731558331863465,1.2921271923726114
2017-01-13,0.5589139596136964,1.0683184783113968,1.791348144017404,1.243919283874695,1.3635368815530635,1.4816693995200316,1.5250513444351919,1.216198544109711,1.8478437419584024,1.2757308708608397
2017-01-16,0.5589139596136964,1.016580541534536,1.7573552583646568,1.2071460060368207,1.332345593132207,1.4424979289415385,1.4985946600542621,1.1926168612973524,1.810649132358873,1.2376689772199378
2017-01-17,0.5589139596136964,1.048741961693125,1.7792023737063623,1.215488724534745,1.3452034128713983,1.4541522342224014,1.5047992680209499,1.2015819665786782,1.8225590264047813,1.2487341254354003
2017-01-18,0.5589139596136964,1.0305637676904442,1.7846647584531465,1.223928478921544,1.3493945794027151,1.4557112029804344,1.510449898962842,1.2045310721596247,1.8205791491548502,1.2551998378428049
2017-01-19,0.5589139596136964,1.0291654450748533,1.7804367714021443,1.2175851345685633,1.3395316723618034,1.4481547464301319,1.5026551311850727,1.1996715658983397,1.800932588623441,1.2487493320096983
2017-01-20,0.5589139596136964,1.048741961693125,1.8053595967492102,1.2353788639437713,1.3581898798327627,1.4637615845083642,1.5207664575980484,1.2115635196517776,1.8147991120076965,1.2630053997545962
2017-01-23,0.5589139596136964,1.0599285426178517,1.829175627929424,1.2458603573783193,1.3729982163880785,1.4825232611720554,1.5336570280677402,1.221002060670022,1.827211778985288,1.271131958594509
2017-01-24,0.5589139596136964,1.0501402843087158,1.8254690264817266,1.2512592596931642,1.3816614885175584,1.4852381610400656,1.5377562840951788,1.2215284987532122,1.8244590060817487,1.2639617650475505
2017-01-25,0.5589139596136964,1.072513446158169,1.8091714073376548,1.2566531187614969,1.3826106754803866,1.4841619980250376,1.53930857114312,1.2222539154316252,1.8251944808076326,1.2701606174953135
2017-01-26,0.5589139596136964,1.0781067366205324,1.8278943684916973,1.2618967228709799,1.3897238613630472,1.4944824469383564,1.5410074515245733,1.2279706524761156,1.828906642916845,1.2705326292056411
2017-02-03,0.5589139596136964,1.0627251878490331,1.8251326118134938,1.2553739693120787,1.3819328270516869,1.4914538876637011,1.5348521899466319,1.2238999602348979,1.8294748452554581,1.2616573261839337
2017-02-06,0.5589139596136964,1.0767084140049414,1.8392129087515314,1.2636669791353536,1.3926332974071067,1.5045404033955112,1.5475718059930716,1.2331871468224784,1.8375531092729531,1.2689032644915401
2017-02-07,0.5589139596136964,1.071115123542578,1.8494921403839812,1.268231401384105,1.3939340621647587,1.5097086094595726,1.5526997473763264,1.2345277769536254,1.8562337214051192,1.2667240243573414
2017-02-08,0.5589139596136964,1.0837000270828954,1.870129304833719,1.2804272903553557,1.4010104709214395,1.5175491164324457,1.5640225584533909,1.240275811366925,1.8900938668360534,1.2731837553372067
2017-02-09,0.5589139596136964,1.0892933175452586,1.883789802793928,1.2975049615424958,1.4120803102011943,1.5309211174700137,1.5731797781572747,1.2477273342903958,1.9200374902967912,1.2827311528635255
2017-02-10,0.5589139596136964,1.086496672314077,1.909855500375022,1.3162083235897086,1.429694601678269,1.5418431416790375,1.588427095025307,1.2608132733822814,1.9226903392479744,1.2888293654286882
2017-02-13,0.5589139596136964,1.0906916401608495,1.937095565792267,1.3241128835074336,1.4361573310671056,1.5450909242179316,1.5963592324522424,1.2698279616393444,1.9318767253254439,1.3009002140959864
2017-02-14,0.5589139596136964,1.0823017044673044,1.9520350586714392,1.333854626378934,1.4458085515747916,1.5488757113897034,1.600224702869267,1.2769141671904956,1.926838169370455,1.2933732276564125
2017-02-15,0.5589139596136964,1.0599285426178513,1.915301195579708,1.3118850062299883,1.4249634275662897,1.5309527636736198,1.5793049848872611,1.268305992896601,1.9146686253381284,1.2897656534196558
2017-02-16,0.5589139596136964,1.0683184783113964,1.9506946453372715,1.3254314073332785,1.442258649499837,1.5495878222799535,1.59585351620526,1.2782734559680746,1.92820762144683,1.3147053763756356
2017-02-17,0.5589139596136964,1.0543352521554878,1.937994907418431,1.3108591422838334,1.4265561164745217,1.5315672961723632,1.5784616312777366,1.260633876455166,1.9269644061818363,1.3019918162340105
2017-02-20,0.5589139596136964,1.0655218330802145,1.9691581332953745,1.3333985937101647,1.449785192624909,1.554183987911419,1.6083961480012654,1.2870074857508647,1.9466320343302717,1.323960265837378
2017-02-21,0.5589139596136964,1.086496672314077,1.9782749474916586,1.343774445450536,1.45818141848136,1.565174403942636,1.6155573907417706,1.292216361820328,1.944465537302586,1.3470227450565924
2017-02-22,0.5589139596136964,1.0823017044673044,1.984121975433147,1.3559768327844761,1.4733997934688488,1.575694710543315,1.6291663562771552,1.3012118431151871,1.9469807970529163,1.3503391600337866
2017-02-23,0.5589139596136964,1.0990815758543944,1.9628736600320291,1.3409429232239212,1.4643223694299652,1.5616951199911515,1.619381225776227,1.2887115194938232,1.9246423333895508,1.335615298388896
2017-02-24,0.5589139596136964,1.0976832532388034,1.9499928408900056,1.3341645763870764,1.4613896355694238,1.556642059520188,1.6097688096505371,1.2898818965354646,1.9283387141210655,1.3460230361684893
2017-02-27,0.5589139596136964,1.0795050592361226,1.9308020929623544,1.3215251531043817,1.4458726995975557,1.5413173697565183,1.5936364332329658,1.2771090560268308,1.910578935670543,1.3304935157119773
2017-02-28,0.5589139596136964,1.1228530603194387,1.9427163127447407,1.3268511737114381,1.4550094751159115,1.5480956473554799,1.5999204856985412,1.2837065440426474,1.9210326838435656,1.33053351816651
2017-03-01,0.5589139596136964,1.1172597698570752,1.9587455532761968,1.3402183655466862,1.46369723186524,1.557784238898032,1.6029254210826949,1.2851800321997522,1.9240393829050397,1.3320594956856424
2017-03-02,0.5589139596136964,1.1172597698570752,1.939905687207822,1.332580906917087,1.4458444586416104,1.5456354901223432,1.5889805683484655,1.2751862942081682,1.9074530698625192,1.3177933544863139
2017-03-03,0.5589139596136964,1.1508195126312553,1.9293084160022793,1.3245038756872989,1.4433176958220113,1.5384868743180418,1.5884251543529488,1.2714536798113598,1.9087106417846624,1.3156201132235805
2017-03-06,0.5589139596136964,1.1592094483248003,1.9587073947599547,1.33532059935508,1.4549313094817613,1.553355347858092,1.6011081084475338,1.2837978297118853,1.928132368315081,1.3323071306636394
2017-03-07,0.5589139596136964,1.1564128030936187,1.9434645341544305,1.3297642037200452,1.4528491620346076,1.5497021777684088,1.601288065058289,1.2817481518781584,1.9229017353665772,1.3336479379994453
2017-03-08,0.5589139596136964,1.1564128030936185,1.931951375071093,1.3266662714489357,1.4492585417800408,1.546658351414695,1.5962538186734232,1.2764638781139337,1.9105851408280157,1.324771255924258
2017-03-09,0.5589139596136964,1.135437963859756,1.8999894453919177,1.3163073440495983,1.4341046921872627,1.5318774404564983,1.5805642516470328,1.2629703230968448,1.8937321682225579,1.3098966387636588
2017-03-10,0.5589139596136964,1.1438278995533016,1.9066498750677812,1.3197600032100105,1.4345880185908875,1.53250110583303,1.5780795128444196,1.2647624203581467,1.8904682634367473,1.3170175340314623
2017-03-13,0.5589139596136964,1.1480228674000739,1.9269505415836596,1.3299536726381327,1.4476215628538982,1.5419503028990196,1.593195599364329,1.2728781220554448,1.90658398562921,1.3186854153677414
2017-03-14,0.5589139596136964,1.163404416171573,1.931070024081661,1.3369722192188507,1.4451590862838395,1.5380747742573113,1.5902434234531238,1.2678062608732572,1.910488102101946,1.315142901720906
2017-03-15,0.5589139596136964,1.1494211900156643,1.931196728416056,1.336126518867369,1.4463491371100723,1.5396016850067615,1.589658559912899,1.2674877987530302,1.911071097381004,1.3083936947817796
2017-03-16,0.5589139596136964,1.1745909970962993,1.9639879465972638,1.348980319429538,1.459148511396855,1.5551343510752809,1.6050963767780502,1.2836497302916425,1.9309280019537165,1.3235322925615836
2017-03-17,0.5589139596136964,1.1634044161715726,1.935449045815052,1.3390881049839447,1.443656439908275,1.5404008473492097,1.5919953590384703,1.2708647270207167,1.9113474570026012,1.3121157460659816
2017-03-20,0.5589139596136964,1.1717943518651175,1.9445583564742943,1.3451598794738169,1.448208898535036,1.5491422608727778,1.606539482013638,1.273011543508137,1.9052124441925637,1.3172900311714848
2017-03-21,0.5589139596136964,1.2053540946392973,1.939029536877531,1.3408021541299782,1.447099916043663,1.548174347623329,1.6123920941508516,1.2834610852163035,1.9059645142914796,1.3180259538421952
2017-03-22,0.5589139596136964,1.2011591267925248,1.9270681898110207,1.3362720732349014,1.4361236290164756,1.5451115973522427,1.6021114474475873,1.2801134880089826,1.896497360104454,1.310478567133115
2017-03-23,0.5589139596136964,1.191370868483389,1.9180618372086677,1.342716786869881,1.4385385071092271,1.5485155075143207,1.602995904558096,1.281492833794263,1.8920762007923801,1.3084431651880597
2017-03-24,0.5589139596136964,1.1913708684833888,1.928889280122198,1.3499970338544083,1.446226143318738,1.5607563792581243,1.6165847622225658,1.2890494639876853,1.8997310352074364,1.32305369899432
2017-03-27,0.5589139596136964,1.1675993840183447,1.9148780122693845,1.3284591216062271,1.4418731031185927,1.5574259390796312,1.6118591981455344,1.2884178010205845,1.8957192085867283,1.318233535118073
2017-03-28,0.5589139596136964,1.1731926744807082,1.9044357997313288,1.3243541370027938,1.4393750384722603,1.5521827759801505,1.606200707337926,1.284660531812368,1.8824446737408005,1.3097557617914712
2017-03-29,0.5589139596136964,1.1424295769377097,1.9168910780398767,1.3243524507821172,1.4405194037013218,1.5619995099055701,1.6098991917468017,1.2887359990200793,1.8982885429376009,1.3062586087463088
2017-03-30,0.5589139596136964,1.1326413186285738,1.8962995347873093,1.3073473985084847,1.4204124067565569,1.5416200653234136,1.5896932439712261,1.2757893785698025,1.8730728983199532,1.2822899964071461
2017-03-31,0.5589139596136964,1.1424295769377095,1.914130976964647,1.3037917299085762,1.4239922705977022,1.5351150163012302,1.5901106084916161,1.2708328484566405,1.8740377450666397,1.2777979188270314
2017-04-05,0.5589139596136964,1.1773876423274803,1.948423718536698,1.3430678133102216,1.461729459552918,1.5666352469212375,1.6191636082333196,1.2971125320064694,1.9145444710147197,1.2972583934942143
2017-04-06,0.5589139596136964,1.1927691910989793,1.9482568563904452,1.3497979655240309,1.4638219662323022,1.5777556903563064,1.6329291965970136,1.3101113341158863,1.9230621069414084,1.3031293211335229
2017-04-07,0.5589139596136964,1.187175900636616,1.9456052888927637,1.3470049614008095,1.4651390489293707,1.5799692837639152,1.6375913108123907,1.3125956864232828,1.9124033427503921,1.3145293767877801
2017-04-10,0.5589139596136964,1.1899725458677977,1.9475602729692165,1.358700698535042,1.4721922395300313,1.582985062345101,1.6411951555506175,1.3194476885416944,1.9223476648982278,1.3213250957289095
2017-04-11,0.5589139596136964,1.1899725458677977,1.930739984423488,1.3787742099180609,1.496186899787584,1.607495713361042,1.660798192670448,1.3321803367412477,1.9397203743066909,1.3534040303328478
2017-04-12,0.5589139596136964,1.1703960292495261,1.9064640269062216,1.3600096883963124,1.4790075736078214,1.6040750654741787,1.647451413330896,1.3175535349310532,1.9207586890472719,1.3696639588049655
2017-04-13,0.5589139596136964,1.171794351865117,1.9159505210043495,1.3680048414801877,1.4969926180949134,1.619080665110476,1.656465045271398,1.3230220971957098,1.9459362595904843,1.3973578679102363
2017-04-14,0.5589139596136964,1.148022867400073,1.8865330349670648,1.3475698987428697,1.4729258306213515,1.590353568527877,1.6268706641914943,1.3024990361857722,1.919476856242031,1.3787778302869247
2017-04-17,0.5589139596136964,1.1466245447844823,1.8694315138724138,1.3256527619140968,1.4594266500176936,1.568691181107364,1.6110450059324923,1.2881339517975416,1.9087970993020908,1.3608772276276326
2017-04-18,0.5589139596136964,1.1326413186285738,1.8498376123291291,1.3120624002817676,1.450383430194146,1.553501629372236,1.5954166521204205,1.2756434520414799,1.8977109073975382,1.3485604023306919
2017-04-19,0.5589139596136964,1.0837000270828947,1.799988222965137,1.2870502915409712,1.4307602005329358,1.5262065739229127,1.5743426001120342,1.2619720609071732,1.867829751026252,1.3320329970378195
2017-04-20,0.5589139596136964,1.0613268652334416,1.7997416623472215,1.2734862205255588,1.425987706732478,1.5220127588305354,1.5656206546731513,1.258916874814734,1.8563923936293645,1.3101295605814287
2017-04-21,0.5589139596136964,1.065521833080214,1.7993503652863345,1.2717964740725753,1.4203657707048747,1.5159590794654936,1.559006626572334,1.25523012500702,1.8381039501115526,1.2986680085570776
2017-04-24,0.5589139596136964,1.0347587355372159,1.7412810672052348,1.2355978988144225,1.3760205269347452,1.460989536660225,1.5107316296807276,1.2211896281632364,1.7878504360772773,1.254819358590237
2017-04-25,0.5589139596136964,1.040352025999579,1.7513916874480977,1.2423898924306436,1.3852632942839338,1.4678092992560985,1.5147188781095764,1.229079388986061,1.7936127942619522,1.2569736999934171
2017-04-26,0.5589139596136964,1.0599285426178506,1.7570042609776566,1.2490283741864954,1.3924960109226414,1.475295712795635,1.5128963890631273,1.2319813722492263,1.8024834194313635,1.2638692185531346
2017-04-27,0.5589139596136964,1.0948866080076214,1.757349459116663,1.2488463663162337,1.3966645123091395,1.4841393670274468,1.5186492567924592,1.237478625643364,1.8062859176193633,1.2762045914359634
2017-04-28,0.5589139596136964,1.1018782210855755,1.7743384063966696,1.262136500216457,1.4020277977944449,1.494840653003918,1.5281455277890748,1.2408442767391494,1.8234875941738187,1.286006656882852
2017-05-02,0.5589139596136964,1.0962849306232123,1.7653677671801433,1.2690111931948775,1.4054534229420559,1.4980141386128942,1.5299615937096658,1.2370277637928988,1.8308488812407144,1.2977759846303214
2017-05-03,0.5589139596136964,1.099081575854394,1.7590706781408152,1.2613436679164134,1.4016349220932809,1.4925528249500821,1.5197408313333796,1.2286604177825828,1.8365652744124799,1.290834874757283
2017-05-04,0.5589139596136964,1.0951587441562256,1.7451904250733072,1.253346187130433,1.394756583545082,1.4813588455270905,1.5110906477284378,1.217754311274998,1.815710952877467,1.2646354506726443
2017-05-05,0.5589139596136964,1.089852965235424,1.7184369137384292,1.232878924743579,1.3774121350144979,1.4659046616585731,1.4922802164817641,1.1985432472113662,1.7839025616467359,1.2396453315408358
2017-05-08,0.5589139596136964,1.0698266258174862,1.6714762481343166,1.2149372257778388,1.3541244093197822,1.4399775198970073,1.4624747566191996,1.1770494547449444,1.7494409452163495,1.2139402645192379
2017-05-09,0.5589139596136964,1.0701097374050392,1.6931304401453746,1.215420805713486,1.3642489356209861,1.4519520425233927,1.47188099408235,1.1820092648189169,1.7612033233185331,1.2259300605806438
2017-05-10,0.5589139596136964,1.0468697718110613,1.650669634410957,1.1844581080701837,1.335955824819205,1.4187604852602023,1.4378859467260527,1.1537299045227798,1.7201758929457813,1.1943187705012688
2017-05-11,0.5589139596136964,1.0264373487335938,1.638869730704658,1.1743273863029753,1.3323404158773289,1.4087579212785324,1.4324772998019528,1.1436769312619404,1.7121079776154742,1.1853939836292728
2017-05-12,0.5589139596136964,1.0331447317397462,1.6309277240301856,1.1708894010037563,1.3319237986474026,1.4074720278889388,1.4294169421848057,1.1405703554578528,1.7123447674574732,1.192506513967298
2017-05-15,0.5589139596136964,1.0386750828819895,1.639259632548142,1.1755208970510378,1.3359718226440014,1.4098075811356146,1.4354950041684758,1.1466494742840476,1.712347224014922,1.1954924934940248
2017-05-16,0.5589139596136964,1.054839682937072,1.625855385820422,1.1984315567899544,1.3575374312132251,1.436138378470655,1.4631194294651322,1.166539004978068,1.7432493032437137,1.2176980252812355
2017-05-17,0.5589139596136964,1.0561410745488888,1.6238244205540164,1.2012093921869993,1.3623826100595275,1.442597803798022,1.4652887452898844,1.1684389464795575,1.754283832416939,1.2223980105856314
2017-05-18,0.5589139596136964,1.0608623078327595,1.6125473548486953,1.1965220764464792,1.3498632968870694,1.432021744630783,1.4590415631000708,1.16175609442862,1.7380188703488444,1.2121558375705057
2017-05-19,0.5589139596136964,1.0709443216865095,1.603939403702837,1.2003313660016945,1.355803011098759,1.4362681097115293,1.4586432813734749,1.1607003701031444,1.7454566652723256,1.2126994955186445
2017-05-22,0.5589139596136964,1.0530335199225345,1.552961400864941,1.179729189962645,1.3314553890957355,1.4103849737030916,1.4346279572353309,1.14299671358445,1.7176322603520537,1.19479424369969
2017-05-23,0.5589139596136964,1.026986739913615,1.5168431450960371,1.1464925023395791,1.303165419360897,1.3818499310316266,1.4019297870042675,1.1159123975814262,1.6812091160291298,1.1637341043037288
2017-05-24,0.5589139596136964,1.0276180211053454,1.5076123801204488,1.1503353951643989,1.3077453017697866,1.3887590583973746,1.4104849006974702,1.1208527147731435,1.6659315829693073,1.1728184321424302
2017-05-25,0.5589139596136964,1.0401015623432825,1.523699281924543,1.166221832276263,1.3227314600516955,1.408298558007677,1.425662432359236,1.1420563596991216,1.691833369519313,1.1932522066239932
2017-05-26,0.5589139596136964,1.0395734060313602,1.5362631612921585,1.1670001731762794,1.3194158651662067,1.4076272922622668,1.4239940317357789,1.1411502079804023,1.6903910445618475,1.1900278089195562
2017-05-31,0.5589139596136964,1.0421959336563527,1.5463976568875504,1.1707250043333755,1.3209284357664113,1.40287195249989,1.4229314544067568,1.1391092316421478,1.6963509688771776,1.193688741318953
2017-06-01,0.5589139596136964,1.0460218247243331,1.5139325008375062,1.14540368807401,1.295023000390879,1.3763009074661081,1.3969925026075518,1.1189041040220793,1.6545955508146757,1.1754071386694958
2017-06-02,0.5589139596136964,1.062168136581194,1.5156128941134335,1.1602629102057023,1.304590697836051,1.3915086178448497,1.4126734765332651,1.134804544420434,1.6710986167079709,1.191999377149755
2017-06-05,0.5589139596136964,1.0729457615417308,1.5183668915360224,1.1633975043993117,1.315455279459182,1.3814961173391866,1.422402101641162,1.1396904262038006,1.68065818167163,1.2010695273720542
2017-06-06,0.5589139596136964,1.0728631091648497,1.5230412779577005,1.1664705886642146,1.3208016206064728,1.3859186736000575,1.425144531839356,1.1436974393164512,1.6893567125611682,1.2044133435028388
2017-06-07,0.5589139596136964,1.0881704338672258,1.5705998641513015,1.191416639934556,1.3423010511256075,1.4125673101837914,1.4519013696085497,1.163060299591439,1.7174129063062056,1.2297930864304147
2017-06-08,0.5589139596136964,1.0909999393534036,1.572608338971962,1.1828200478045268,1.3390975135561645,1.4071866674746822,1.450054475859977,1.1548227448688677,1.7203307778686272,1.2345810833143307
2017-06-09,0.5589139596136964,1.0789216508826183,1.5705320155861167,1.1818574430732434,1.3413985775413453,1.409496262838797,1.4535188376377806,1.1572659687772,1.7188973927672895,1.2336800102655756
2017-06-12,0.5589139596136964,1.061964799227851,1.5382708823470301,1.1703361635496354,1.3285774421899077,1.3946463739798065,1.433158283219469,1.1432626373643457,1.7055420496276226,1.2206496717303161
2017-06-13,0.5589139596136964,1.076808957107723,1.5562630843878762,1.1826258223206834,1.340056457406954,1.4113267182986677,1.4533570133297176,1.157897657681648,1.7236762872253784,1.2421987810885478
2017-06-14,0.5589139596136964,1.0726407212481133,1.553455383477941,1.1791710211967994,1.3355308315819994,1.405400720198573,1.446541038693041,1.1564130807656223,1.721763807041882,1.24243951379304
2017-06-15,0.5589139596136964,1.0832325689519602,1.5804981926048667,1.188738044583538,1.3475221344701964,1.4167753983196905,1.4567821581003721,1.1651930262085306,1.734050327663918,1.253695047688096
2017-06-16,0.5589139596136964,1.0831520666161814,1.57579099369015,1.1854703449522561,1.3441564526500764,1.4123662884987762,1.4543238878159426,1.1638495385258292,1.7295992582622897,1.244590794418477
2017-06-19,0.5589139596136964,1.0888236095014172,1.591973872646036,1.1943666504603947,1.3522937591733686,1.4148271317971053,1.4609230013395809,1.172184873388225,1.7445195977658483,1.2689808917275929
2017-06-20,0.5589139596136964,1.0775792800013435,1.5867978698406657,1.1922667631477033,1.3532770979745694,1.4148703280795925,1.4641300106284845,1.170580379905765,1.7393377574051618,1.273343204516998
2017-06-21,0.5589139596136964,1.0720891457633863,1.6056034489509357,1.1965867209841201,1.3581302254254703,1.415651436038926,1.468160071387222,1.1727259915104542,1.7436454054521449,1.268921982996033
2017-06-22,0.5589139596136964,1.0625946242164444,1.5623542199357032,1.1756697986146523,1.3450369053597995,1.4010782839401414,1.4494557371089063,1.1589604402889424,1.7153584876658896,1.246719629334422
2017-06-23,0.5589139596136964,1.062473176874811,1.5806972581536451,1.1763779533051575,1.3451655398829585,1.4014117553539769,1.4570881489535277,1.1607042861403372,1.718612827723683,1.2516522557253764
2017-06-26,0.5589139596136964,1.0725156676622403,1.5966877917571762,1.1943352077045182,1.360268704632442,1.4201007019711036,1.4802062858674483,1.180418334738965,1.7467064194758604,1.2759941531198418
2017-06-27,0.5589139596136964,1.0751381952872325,1.6106864487310206,1.1965058306922172,1.3637037392004432,1.4234242962053731,1.4805318661933353,1.1808950905525348,1.7515728628306877,1.2797714786918355
2017-06-28,0.5589139596136964,1.0741835513400597,1.6114555043464898,1.1888009443020267,1.356862068471501,1.4165651375052886,1.471602659179565,1.1726334538756766,1.7502375129485868,1.280682123397955
2017-06-29,0.5589139596136964,1.0750577272150572,1.6171719683857195,1.196448798766783,1.362218317034215,1.4221173782323815,1.4766821424561125,1.1795699528147323,1.7640507787835784,1.287953439516887
2017-06-30,0.5589139596136964,1.0799180022008177,1.6158747767589319,1.1973273322568276,1.3622509384063755,1.4221880392390893,1.4740133855367772,1.1824829360715097,1.7634031577555982,1.2840573841420884
2017-07-03,0.5589139596136964,1.0931133612298671,1.6126366232006972,1.2065585535376195,1.3673462193795902,1.4306897313633822,1.4858897202067123,1.1935808587162866,1.7905669620273499,1.3155453479625105
2017-07-04,0.5589139596136964,1.0998646359117519,1.618416342087733,1.2046441202635902,1.3619726073602043,1.4246737105231666,1.4773531646045788,1.1857341934965075,1.780433758075147,1.3025361870834513
2017-07-05,0.5589139596136964,1.108219498620003,1.63457964077214,1.2123113608214264,1.3703755051089093,1.4362903564677427,1.489017029263035,1.1840747389638224,1.7953234160146485,1.32486159248305
2017-07-06,0.5589139596136964,1.1118793225690493,1.6296125290147314,1.2118654060866159,1.3715032970969891,1.4333536490403977,1.489743457647054,1.187499300915492,1.8038125945668448,1.3370647916567415
2017-07-07,0.5589139596136964,1.1208844827688216,1.6370818597540369,1.2175997036746742,1.3743602609516423,1.4391979455246973,1.5010707015423053,1.1930729373909998,1.8223126303623358,1.3674314437258894
2017-07-10,0.5589139596136964,1.1117133239773218,1.6185015736406443,1.219500079012246,1.372044901395141,1.4435944231046098,1.5064626216533992,1.1943922358967822,1.8336703556878355,1.379707958003623
2017-07-11,0.5589139596136964,1.1078508565128977,1.6083172290319034,1.2113692879932547,1.359194119899284,1.4285020485753324,1.492442479232187,1.1813314175274878,1.8065637007181847,1.3653616724764295
2017-07-12,0.5589139596136964,1.1091091530777575,1.608105575203193,1.2079338071170753,1.3494525359822536,1.4218468340123467,1.4927309825684938,1.177132241215806,1.8064496018460603,1.3738264621589562
2017-07-13,0.5589139596136964,1.1093527415989894,1.6072378095913098,1.2161090630183784,1.3573453545816963,1.424116636675155,1.5003142259430358,1.1865383613367881,1.827466771759698,1.389012719734883
2017-07-14,0.5589139596136964,1.111343294194286,1.6032845157689666,1.1959640119470045,1.349667053462206,1.4218262177279728,1.5017142350581576,1.1843770250268097,1.8253631868325673,1.385308455622026
2017-07-17,0.5589139596136964,1.089403957846953,1.5175693448277772,1.1443553956315102,1.2964372855033317,1.3646371399186683,1.4443495820855463,1.1400440330538417,1.7697232938796632,1.3320864300143773
2017-07-18,0.5589139596136964,1.1076396128331105,1.524553975711397,1.1583643831554447,1.3071241200973076,1.381904146188017,1.4694289408847088,1.156208046896815,1.8181649027967555,1.3710363458536694
2017-07-19,0.5589139596136964,1.119392388507351,1.558102341814406,1.1833390368303474,1.3279143183171673,1.4107578465206363,1.507612872527605,1.1846495134672033,1.8789819888965018,1.4497766264473686
2017-07-20,0.5589139596136964,1.1248415434758503,1.5767910917585415,1.1911795875103341,1.3400914591360447,1.4213019856875548,1.5159042915712508,1.189446752119451,1.890017254269744,1.446045747832215
2017-07-21,0.5589139596136964,1.1333842992182903,1.5808169967549957,1.1948440556005229,1.340154594444525,1.4261056899127231,1.5100259771099027,1.2027595956218888,1.8894227083263961,1.4552861831227237
2017-07-24,0.5589139596136964,1.1503645357822592,1.57767729584287,1.2091989789872692,1.3527655829208474,1.4344468375429045,1.5211028446994317,1.2130441308993725,1.8999323081393995,1.4465789958374593
2017-07-25,0.5589139596136964,1.1458502803595738,1.5750500627696258,1.2021186099774035,1.3453398597474422,1.4269334020479796,1.5202376049486388,1.2085750715758425,1.8854517828628405,1.43863399772319
2017-07-26,0.5589139596136964,1.1421699496439968,1.580862965486643,1.2083467280604712,1.346828770950792,1.4324953320590759,1.528459680635415,1.2131277925781243,1.8872611607690841,1.4339365239985036
2017-07-27,0.5589139596136964,1.1436951853756872,1.590518550411923,1.2161812127155545,1.3570440555181937,1.4350520882679583,1.5288731597879957,1.2138134551487068,1.8714577298453146,1.4113028448698357
2017-07-28,0.5589139596136964,1.1509979670150923,1.5952218006425123,1.2180618803414776,1.353396016204101,1.4399436265020393,1.5419390782956073,1.218555236391461,1.8850391126813402,1.4200322567219645
2017-07-31,0.5589139596136964,1.1742789461421315,1.616572392910814,1.234737842245142,1.3553013855404674,1.4588976077326101,1.5738323642899577,1.2405810168173763,1.930825377828146,1.4662192193753751
2017-08-01,0.5589139596136964,1.1635437223905862,1.6326369699113683,1.2326524330675765,1.3631937238930394,1.4571437347922882,1.5717779466740627,1.2369265473768891,1.9113738638420295,1.4560955893885592
2017-08-02,0.5589139596136964,1.1518523984887308,1.621945449214097,1.2217738322793372,1.3566858434915368,1.4506060110380499,1.558190988742507,1.2316708264945846,1.9033686047157106,1.4768186005574364
2017-08-03,0.5589139596136964,1.1421756716657356,1.6149249704968727,1.2307075044960425,1.3602945267579902,1.4548317337909178,1.5662654300217285,1.2388184151949468,1.9185064528879245,1.5064523423995828
2017-08-04,0.5589139596136964,1.136072578697873,1.6043400051906198,1.2256924489831014,1.3585502306613197,1.448519864203555,1.5597418471784243,1.2359507747217229,1.9205030641105452,1.5068562668141505
2017-08-07,0.5589139596136964,1.152563453914672,1.6233132276813693,1.2350190887337837,1.36254531435165,1.459798977399954,1.5844216919835346,1.2529898364315906,1.9572788798482161,1.5499125886186578
2017-08-08,0.5589139596136964,1.1384953409501588,1.618475977193116,1.2316397049431083,1.362426282906099,1.4582784392092947,1.5816508977491248,1.249653090807491,1.95357651380004,1.542023586520272
2017-08-09,0.5589139596136964,1.13013763436284,1.6293340956976077,1.237084109070484,1.3665236603818252,1.4657576313298286,1.5904934073721575,1.2584248279181178,1.9840624268269282,1.5771603957860936
2017-08-10,0.5589139596136964,1.1262539662939202,1.6013347973276297,1.2279827118472724,1.3549916745712465,1.452220177143984,1.5672262882043708,1.2417296748733075,1.9689936203893421,1.5673669958508263
2017-08-11,0.5589139596136964,1.1177140886941515,1.5577972086549037,1.1943444779879027,1.3285230922874631,1.4198026947189462,1.51804719369849,1.1995990273963566,1.8854030015389658,1.477036696483996
2017-08-14,0.5589139596136964,1.1302188648001872,1.5782039333945967,1.2126029780297307,1.3445643707258634,1.4409046594305,1.5430622450343812,1.2167858123099982,1.9109590513016774,1.4862369854458077
2017-08-15,0.5589139596136964,1.134244486977271,1.580805202885288,1.2174504020389425,1.3463245492942588,1.4428107100768741,1.5450148557638677,1.2197684199450922,1.9117216926457337,1.486006527819229
2017-08-16,0.5589139596136964,1.1359928387272658,1.6030760195852525,1.2144406721370191,1.3515187138612335,1.4467817219638544,1.5421520883139863,1.2211513683728779,1.9163286261363084,1.477392298369797
2017-08-17,0.5589139596136964,1.1474617404487815,1.6438706892468984,1.225896195733398,1.3671891643320628,1.464438457939817,1.561787598198466,1.2347272947001289,1.9512111629927174,1.496244456144737
2017-08-18,0.5589139596136964,1.1509768006741996,1.6499725728720787,1.227406316485443,1.3694708487975003,1.4643229511944922,1.5525736777875303,1.2328810603237021,1.9585977113801312,1.498169294824092
2017-08-21,0.5589139596136964,1.1553286294857936,1.6515598606569009,1.2356943177960868,1.3798641948134365,1.4734771845577603,1.5682316731602544,1.2459021323188324,1.98370366261695,1.531875580721839
2017-08-22,0.5589139596136964,1.1434141895656336,1.632738986701958,1.222995529455672,1.3703621842523914,1.4633008754061212,1.559098085277356,1.2410477871141654,1.9663523967045125,1.517573578436275
2017-08-23,0.5589139596136964,1.149166928624613,1.6160762218968283,1.2159506620554372,1.362639872315588,1.45162185085173,1.5407959100783573,1.2261046983815391,1.9313968428472872,1.4860292849438974
2017-08-24,0.5589139596136964,1.1405663273540272,1.6052432050755603,1.2083499776140019,1.352831899943212,1.4374554125836791,1.5331841745537442,1.2181982238339004,1.9179012277192002,1.4687077258149768
2017-08-25,0.5589139596136964,1.1516454206275457,1.6201546291673152,1.221426385805982,1.3635476606793435,1.4571251585107639,1.556800480978286,1.234858322353257,1.955401966166266,1.50759639100055
2017-08-28,0.5589139596136964,1.159535694573759,1.6442397394733788,1.2331389027168764,1.3764911785453045,1.4737435075870602,1.5721173423474912,1.2486486836571635,1.976433977368646,1.521906614517525
2017-08-29,0.5589139596136964,1.1527434748860195,1.652142285300868,1.2261933911776186,1.3769721763935192,1.471574624593127,1.5686312040399795,1.2510505395812435,1.9728970135327362,1.5203180173258417
2017-08-30,0.5589139596136964,1.1565057298769092,1.6598337613394385,1.231673781326585,1.37851145970571,1.4781815611984288,1.5809827722145553,1.2644525865014853,2.0097809995736418,1.560570378582011
2017-08-31,0.5589139596136964,1.1556082033563133,1.667240367173539,1.235217343502051,1.376127337685178,1.4777437065121342,1.5881658725952417,1.2723042153028474,2.0119963918806114,1.5628489730801807
2017-09-01,0.5589139596136964,1.160121764941033,1.6827460376317758,1.2455732723973707,1.3842322319896434,1.486891295717227,1.6018712974426939,1.2874912817807278,2.0446102545182803,1.6018819958085346
2017-09-04,0.5589139596136964,1.1686206975349474,1.7013275016750649,1.2473983929154073,1.3850679118674472,1.4894880967086712,1.6072623887487438,1.2912756893273967,2.047971119109731,1.5827264834539758
2017-09-05,0.5589139596136964,1.1731144804547051,1.6974734970200138,1.2432724419056995,1.383056158475289,1.4897595007732456,1.6014956296608611,1.2853667997357827,2.038941906722531,1.58173847988834
2017-09-06,0.5589139596136964,1.1714049236694626,1.7082315960397523,1.2499339125974367,1.3856416433182146,1.4953294375846584,1.6129036041075495,1.2925327774645774,2.0419339628569873,1.581569614362729
2017-09-07,0.5589139596136964,1.1731504315403893,1.6944186598365978,1.244251955553193,1.3793104971674657,1.4892219682386512,1.6031993317325128,1.283004155563452,2.0298845289533056,1.55873934172188
2017-09-08,0.5589139596136964,1.19931661164065,1.7287219356296497,1.247843315314469,1.3795011352288673,1.4927352570484953,1.6076166041309048,1.2862546495695975,2.039299299078774,1.5659448782558367
2017-09-11,0.5589139596136964,1.217473948595734,1.7454279323295592,1.2602248317273799,1.385589786088004,1.5034640850883185,1.6256962176334966,1.3005446941294139,2.055679534185539,1.590608570971155
2017-09-12,0.5589139596136964,1.2282741961003005,1.7290115644116713,1.2616683532960973,1.3818679670282448,1.4968229351806166,1.6263299340333097,1.3024060026326747,2.063897785151863,1.5914250131442216
2017-09-13,0.5589139596136964,1.2356348575314546,1.7346463158587715,1.2641852592547438,1.3831224669259103,1.5007773869618797,1.6308928134663765,1.304929373714666,2.0745103617330014,1.6108129408309888
2017-09-14,0.5589139596136964,1.2212800267351491,1.7288633665448823,1.2646052115564068,1.385598524333473,1.4991610543730145,1.6286307785987513,1.3009441960680825,2.055150764266488,1.6055762855555644
2017-09-15,0.5589139596136964,1.2262193478535512,1.726660675254363,1.2569774921676364,1.3828629153579193,1.4942766401368972,1.6164761433202943,1.2829705266584883,1.9979202063459063,1.5592511714704387
2017-09-18,0.5589139596136964,1.2426290268966063,1.7535068476439304,1.265283304423434,1.389983337256641,1.5063305894094061,1.6193770048054474,1.2885840806728486,2.011277859073587,1.5607765584667321
2017-09-19,0.5589139596136964,1.2506407139208497,1.7508356555086935,1.2608583882218165,1.3916693254910832,1.5047597731463387,1.6156266747035943,1.2821705130382195,2.0032601319246184,1.5585680025063433
2017-09-20,0.5589139596136964,1.2483839502602916,1.769022098530912,1.271427883033373,1.4001265317521576,1.5157362247273967,1.6298354052563886,1.2918064760609205,2.0263127618521524,1.5793823279588641
2017-09-21,0.5589139596136964,1.2608265464923736,1.7624011759843425,1.2603153095176893,1.3898209732932578,1.4972878215360108,1.607362950223281,1.2748672405962316,1.994538295520072,1.5572720683940007
2017-09-22,0.5589139596136964,1.2733488141678562,1.8069550401807606,1.253806032092485,1.3832938224572047,1.4889711863315913,1.5959361029856052,1.2685295225126814,1.980450679914187,1.5517953493470578
2017-09-25,0.5589139596136964,1.258869760678056,1.7773737046172506,1.2290549302981113,1.3602144616246792,1.4637731416270823,1.5607683545084279,1.245437554776134,1.9529624945882265,1.5210206993702806
2017-09-26,0.5589139596136964,1.2495763921797514,1.789611908442526,1.2377011033078205,1.3651616164022702,1.4737398962028028,1.5668508805072214,1.2546796881594682,1.970485781101987,1.5390818971837041
2017-09-27,0.5589139596136964,1.2630994483100513,1.833845263917103,1.2474844245658867,1.369611595566019,1.475503239708975,1.5748272399192937,1.265385727008657,1.9918070185525611,1.562604429836744
2017-09-28,0.5589139596136964,1.2531205250725062,1.8507224293425424,1.2436831135427058,1.3636977625301372,1.4678452192399813,1.5633405923458956,1.2545339549598309,1.9681113047343461,1.539711619781665
2017-09-29,0.5589139596136964,1.2331379060122845,1.8606301759424175,1.2476076013005297,1.3745604815277686,1.4753173434506075,1.5695215888815444,1.2607772253797387,1.9775022056323956,1.5536135490382241
2017-10-09,0.5589139596136964,1.2465980541670618,1.9060035730117,1.2645250027154407,1.3924939993891414,1.4927476224825962,1.5873418221266455,1.2708841448617787,1.9949653320447838,1.5644695460846625
2017-10-10,0.5589139596136964,1.2368189305658266,1.9045448382548955,1.2692376974681094,1.4032434639334224,1.4983141197392322,1.5930302025839553,1.2710807643581243,1.9850408048085781,1.5557592212911993
2017-10-11,0.5589139596136964,1.2515951865500061,1.9011940297835217,1.267287739956029,1.4069850486376196,1.4957471333707955,1.584836853096826,1.2670277366982259,1.9684287972066,1.539924060958249
2017-10-12,0.5589139596136964,1.2431174202969846,1.8914247886431805,1.25944336022307,1.4024628552261271,1.4920573872609095,1.577985832534718,1.2632098543847172,1.9584812346121743,1.5322797373665715
2017-10-13,0.5589139596136964,1.2373843913757607,1.9029339441771533,1.2663459302627895,1.4052986398821514,1.495185819411049,1.584767116070802,1.266686616586808,1.9673826541949433,1.5397220488380383
2017-10-16,0.5589139596136964,1.2160558637172314,1.8795847192643593,1.24234477471582,1.3840849390478076,1.4714421319415043,1.5601660881777002,1.25198856952866,1.9459224695515127,1.532548645330041
2017-10-17,0.5589139596136964,1.2296353091725398,1.8792607037075857,1.2431951072173262,1.3814111182928943,1.4704102683053122,1.5562611576803493,1.246539336119225,1.933964380417274,1.5306774159320073
2017-10-18,0.5589139596136964,1.2090398341732218,1.853323551656536,1.230050023927928,1.3688601206125026,1.4606810030319124,1.540754567340706,1.230303685018064,1.908887032131386,1.5125226927754842
2017-10-19,0.5589139596136964,1.1948517643338157,1.7997034935805813,1.2122765836134988,1.3516659179785009,1.4420743970369154,1.5243252185077272,1.2185522413158842,1.8813459666630041,1.4886303119814828
2017-10-20,0.5589139596136964,1.1972299410724043,1.8353870716767642,1.2280971342097633,1.3667397933796317,1.460510689514067,1.5447657947268185,1.2352709637207755,1.9138330069946548,1.526594794880308
2017-10-23,0.5589139596136964,1.21551156924819,1.8302478874306642,1.2307904359994477,1.3725450668400065,1.469529036520643,1.5525081450110068,1.2399840585943556,1.9165527630140082,1.52473675779303
2017-10-24,0.5589139596136964,1.212909514126125,1.8105114122577552,1.2260314575581435,1.3662507859056872,1.4658066182277587,1.5489311443863802,1.238613487968732,1.920595602898543,1.5243298799392215
2017-10-25,0.5589139596136964,1.2268795303946027,1.824407888346154,1.2346427341860187,1.3737906593875528,1.470464240652826,1.5591771008614836,1.2464463984929484,1.9268025245988143,1.5358651658625224
2017-10-26,0.5589139596136964,1.2530669110993586,1.8415416508686422,1.2361733924676057,1.3763969684142523,1.4771885528007007,1.5681556083332266,1.2498015023072147,1.9375310494456182,1.543030155308795
2017-10-27,0.5589139596136964,1.2237485908590469,1.8426641937564008,1.2277088954891406,1.3640293426205,1.4645754000911098,1.5550260213173692,1.237088356045763,1.908030922848147,1.5220067774898156
2017-10-30,0.5589139596136964,1.2063836425580603,1.7985543806849256,1.203403749132727,1.3354601060190867,1.4347017458492326,1.5210769454274502,1.2101785115573143,1.8567615170618432,1.4866773288434083
2017-10-31,0.5589139596136964,1.2094326578183037,1.8214460507178867,1.2107171346408887,1.345787908689852,1.4447046728053967,1.5317961969457992,1.2159409622317072,1.8697762770044222,1.502419735826009
2017-11-01,0.5589139596136964,1.2038422768432089,1.814706716141059,1.2082727685426682,1.3430191494667418,1.4456014521883211,1.5257374197512745,1.213919644879359,1.8640341406540701,1.493081751172929
2017-11-02,0.5589139596136964,1.2021348358354655,1.8044111738890602,1.1964429843387545,1.3283116805927009,1.4336643208624702,1.5063153785116767,1.2047195820025611,1.844911920114956,1.4746883705672031
2017-11-03,0.5589139596136964,1.1885920353038066,1.7986049716130235,1.1869944008460032,1.318509814668895,1.419125166515967,1.4913749566572403,1.1889993858981993,1.8124205669959226,1.4481175290724173
2017-11-06,0.5589139596136964,1.2047376533227019,1.8253422146872573,1.1937956566121757,1.3246782533199801,1.4313069368855218,1.5065672635373806,1.198256713702931,1.834941294989207,1.460805978008196
2017-11-07,0.5589139596136964,1.2047581258256292,1.821165755528119,1.201836482101226,1.3330687859389068,1.443068599196898,1.5174591229584822,1.2081621371720905,1.8590199651279569,1.4771062072124514
2017-11-08,0.5589139596136964,1.2167332894166059,1.830030511670728,1.2101442451717703,1.3356613056153142,1.4448703835759136,1.519154787096295,1.2101632684896855,1.8629113834984765,1.476805928980176
2017-11-09,0.5589139596136964,1.231986374835076,1.874041089502875,1.2111895726866089,1.339664492372857,1.4516314659755334,1.530790885174516,1.2193945873809353,1.8812229591944984,1.485363090877971
2017-11-10,0.5589139596136964,1.2767258948630842,1.867689070973534,1.2101789091990705,1.3381034383010704,1.4515508650113307,1.5303023544632417,1.217693978376299,1.8760961343520481,1.4667714901468958
2017-11-13,0.5589139596136964,1.330534245431559,1.8757299491872874,1.2088213978963607,1.3347725388314602,1.4522042219953593,1.5310702875817668,1.2215626233911372,1.895282314300743,1.4894525943378976
2017-11-14,0.5589139596136964,1.3033688701340314,1.8579216426845087,1.1964167146108864,1.321934882057922,1.4433224816983603,1.5178536092683497,1.2145444892273718,1.903886055509828,1.5006415843779854
2017-11-15,0.5589139596136964,1.286611783851971,1.8398678459903477,1.1900915120858138,1.3192167518816673,1.4356832796180368,1.5055042277422641,1.2061023535162738,1.883998306927595,1.481795947028086
2017-11-16,0.5589139596136964,1.281141428278976,1.8489476531202118,1.1858200303401134,1.3166828212292168,1.4335887191080876,1.5064517373388209,1.2086834881838304,1.879191379546451,1.4731439700198266
2017-11-17,0.5589139596136964,1.2434464536787615,1.7841029401701272,1.1534023637012358,1.2777070735706673,1.3982917568802742,1.4638205439575958,1.1764577408285253,1.823945223172577,1.4235202353629206
2017-11-20,0.5589139596136964,1.3026015281738919,1.8237439885120665,1.1574328908205864,1.2822973160422533,1.4069244124727516,1.469416355804582,1.1810749104001683,1.8304144930881074,1.4240225056354099
2017-11-21,0.5589139596136964,1.311998021552005,1.8206007808939575,1.1621528115577617,1.2879878139602283,1.4145641556351136,1.4758239254196321,1.1809978466174305,1.8342366580205909,1.4164607880882352
2017-11-22,0.5589139596136964,1.2866227396391021,1.8150168128526993,1.1582182340190774,1.2880942590118847,1.4132370233576175,1.4771664561248192,1.1846901351722505,1.8453982212671949,1.4270238359567349
2017-11-23,0.5589139596136964,1.233365998818958,1.7836872961508874,1.1348654517905448,1.2643194943807086,1.384009687223304,1.443536667801557,1.1605254621041519,1.8210491197950007,1.4131402135376894
2017-11-24,0.5589139596136964,1.2495715781434982,1.7879134097469163,1.1351032902578178,1.271527425460709,1.3904005449183012,1.4511549744370469,1.1635595911381396,1.8411163800629988,1.4162691501065783
2017-11-27,0.5589139596136964,1.221037603176427,1.7321048306999296,1.132838398897227,1.260556221992602,1.378623924567456,1.4397663506361895,1.15691597539624,1.8310624903412331,1.4091194949487282
2017-11-28,0.5589139596136964,1.2452753762917415,1.7731080959854792,1.1468904479767945,1.2780695986621424,1.3961065756134825,1.4575066660770168,1.1756109606611929,1.8818725524965672,1.4508381586462438
2017-11-29,0.5589139596136964,1.238707728825444,1.7887944867851295,1.1506291237975272,1.2820441050447733,1.4033068339270212,1.471744233302615,1.1884329186581195,1.9205540265659797,1.4864721907979743
2017-11-30,0.5589139596136964,1.2105212638881884,1.7650734448344696,1.1490574138181555,1.2743698439063107,1.395228144254913,1.461540630669463,1.1792154562951693,1.9082623932727196,1.4713557249469371
2017-12-01,0.5589139596136964,1.2234129702995509,1.77409110229481,1.1564337698733596,1.2849817070931675,1.4024567546345614,1.4667609906877235,1.1820579083520368,1.9116924762064889,1.4693617752308257
2017-12-04,0.5589139596136964,1.2081005831497984,1.7830025598227492,1.150464463085271,1.2734569770923896,1.398657960385211,1.4559003967926583,1.1714731637186349,1.899012994085771,1.4630910234334167
2017-12-05,0.5589139596136964,1.1868123751863646,1.7391564627185867,1.1259185744122384,1.2459624657640578,1.3700893840477983,1.4267202050037233,1.1447996106590055,1.8589573193955207,1.425918329169689
2017-12-06,0.5589139596136964,1.1800991673676637,1.759907579522526,1.1344007350047143,1.2543988600902052,1.375019916793964,1.433120006927074,1.1484503064315859,1.865109127109657,1.4195971580690814
2017-12-07,0.5589139596136964,1.1905497890649153,1.7508903397449769,1.125035098240037,1.2504560011944355,1.366701283135366,1.4232528924443568,1.1390168850981615,1.8386720426903451,1.398235197470808
2017-12-08,0.5589139596136964,1.1982352351910457,1.780061761589059,1.1365925309877334,1.2573079893845516,1.3732834418622037,1.4365152355959696,1.1483742787970972,1.8588047138603634,1.416885695595872
2017-12-11,0.5589139596136964,1.2226178062935917,1.8206437265777624,1.1446724881605372,1.2698414848347863,1.3866550459635294,1.4511918920852895,1.1564774860403195,1.8696294985599604,1.4258061706946947
2017-12-12,0.5589139596136964,1.1937683748975225,1.7973184278064909,1.1346090925450643,1.2559369888985947,1.373309824358026,1.4360171455910797,1.1418898258883456,1.8420754788990132,1.4055461555118827
2017-12-13,0.5589139596136964,1.1988334091761594,1.816203801960995,1.1434189315153482,1.2639974836608163,1.3826429996885201,1.4445591996063258,1.1509894484109924,1.851329223937449,1.4064819063786533
2017-12-14,0.5589139596136964,1.2001699895084892,1.8193849923836862,1.145408143586179,1.2666335164777376,1.3806847865827185,1.45030501577469,1.1496991164464083,1.8529671159114645,1.411637472577864
2017-12-15,0.5589139596136964,1.1862395305699351,1.8198791945301467,1.1362857599446516,1.2574591530789407,1.3741562441152497,1.4394130352850278,1.1436294864505165,1.8198584558355242,1.391935589814483
2017-12-18,0.5589139596136964,1.1780287377473477,1.8038994593887983,1.1342669180846245,1.2538738985099243,1.3671800731271004,1.4339739940677931,1.1464496444571508,1.8326482401620432,1.4098144797850183
2017-12-19,0.5589139596136964,1.1906521173159492,1.8063413217184834,1.139689591219194,1.2600917323064273,1.3756246251160602,1.4428653150873996,1.1527427679104267,1.842880074063558,1.414823808943704
2017-12-20,0.5589139596136964,1.1902615807663832,1.8000833090943889,1.1285423048635,1.2488863340343732,1.3687394722709354,1.4273952455445822,1.1450008088098282,1.821346039285588,1.3945392724428993
2017-12-21,0.5589139596136964,1.2162096045049058,1.8189148608478738,1.1305929169821216,1.2522056002370578,1.37171283607255,1.4338599412352482,1.147286508995354,1.835810506395752,1.4016389191315526
2017-12-22,0.5589139596136964,1.2643858667272587,1.8131752990513903,1.1321858253902306,1.2538438564759755,1.3704906648531932,1.433734983635223,1.1512208525515197,1.8377972219244354,1.4010463334284529
2017-12-25,0.5589139596136964,1.273002743209377,1.7779103492193802,1.1195956279040473,1.2408819767328965,1.3620294945257008,1.4164777781704554,1.1406169478850334,1.8102856029225147,1.3828681809488816
2017-12-26,0.5589139596136964,1.2752376124274738,1.788461657091419,1.1267499377742953,1.2520845166049057,1.367091784530092,1.426231122974821,1.1500855977201174,1.829513181115062,1.3910929378124202
2017-12-27,0.5589139596136964,1.2641168460465324,1.7881273402744358,1.126031920652314,1.2421619367663064,1.3599004491247981,1.4231063455638335,1.1508575586179988,1.8296621144149328,1.3931555961558457
2017-12-28,0.5589139596136964,1.2573458269632891,1.794631912958503,1.1293768525536838,1.243120925574965,1.365173642397688,1.4364296695515273,1.1595600417571825,1.849974675480481,1.4079430030696953
2017-12-29,0.5589139596136964,1.2688973125344793,1.800346339107966,1.1364389645004311,1.2541022205656165,1.3756944038136627,1.4469443263444555,1.1643011192932664,1.860193040549582,1.4095932538504334
2018-01-02,0.5589139596136964,1.2669603053851242,1.7788285954339202,1.1561602285664312,1.2681603551737826,1.3945629522179268,1.4657485670725512,1.186479518733123,1.9192817111772793,1.4557050851201534
2018-01-03,0.5589139596136964,1.2803414074072599,1.7903924615779547,1.1652995635344503,1.2784276408420743,1.404646218802087,1.4760040498240274,1.1947769216126882,1.9375144694971302,1.458117238370867
2018-01-04,0.5589139596136964,1.2793648347540225,1.7936781537780262,1.1680826102428201,1.2822662680059138,1.4081842825982305,1.4814665292741394,1.1981047234202054,1.9613668504917665,1.4729567671187584
2018-01-05,0.5589139596136964,1.2571606750173583,1.7878284891778906,1.1786494306445738,1.2870656668899434,1.4142339013048308,1.4840779258490993,1.2053518951479878,1.9624320454535702,1.480726176946778
2018-01-08,0.5589139596136964,1.2239960597333452,1.7782089855946448,1.190312412000484,1.292167202357609,1.424573817636721,1.4967490908468983,1.2213349634600563,1.9992075274753365,1.5112685727463135
2018-01-09,0.5589139596136964,1.2350363237785076,1.7867596711711038,1.1867521889733255,1.2919515420053755,1.419777312027149,1.497812660774386,1.2167412850550865,1.9960348790863083,1.5055388335013429
2018-01-10,0.5589139596136964,1.2093990623553417,1.7585387348414743,1.1815084136052805,1.2827527302162798,1.4083433842440227,1.4916952311410856,1.2073904454187736,1.9847462536560583,1.497581196378768
2018-01-11,0.5589139596136964,1.2088913785463467,1.7611555784408905,1.1791749132635272,1.2875468150311349,1.41443744583943,1.4898387629729946,1.2080594384223273,1.9596994688721594,1.4712109083006337
2018-01-12,0.5589139596136964,1.2134451570353524,1.7481210819243165,1.1755859514043403,1.2874169874502552,1.4108657498114123,1.4900899582762548,1.2066894932976684,1.955452315004459,1.4745682614488016
2018-01-15,0.5589139596136964,1.1763969079460226,1.7166440040943847,1.1536177186104177,1.259569918901074,1.3813211318092504,1.457656191617205,1.17995901939155,1.9063852534742163,1.4326411890707862
2018-01-16,0.5589139596136964,1.179874560882619,1.7605017565662375,1.1729523858927808,1.271982417853188,1.3982811214069581,1.4781947675098437,1.1929875051954488,1.925365204719134,1.4527321479186133
2018-01-17,0.5589139596136964,1.1838380374493522,1.7510053298466979,1.167886579963823,1.2677578994697072,1.3999600660994524,1.4742108492851187,1.1883309173273215,1.9230998442464768,1.4575238505264083
2018-01-18,0.5589139596136964,1.2003296065041162,1.7434108465960734,1.1686387555322264,1.274406109853846,1.4094200381983806,1.4793906139346353,1.1938015514446287,1.9453837852891853,1.4813581600832806
2018-01-19,0.5589139596136964,1.1914063363160534,1.7316395669963174,1.1658573035488828,1.271880649178621,1.4097669377430093,1.4784320786828118,1.1938285727319475,1.9422124884363907,1.4884943287851555
2018-01-22,0.5589139596136964,1.199235158489882,1.7436365002520835,1.1709306725373694,1.2785465691606088,1.4254301364603605,1.4936967643718884,1.2049950768738837,1.96869495650375,1.5067551676288484
2018-01-23,0.5589139596136964,1.1877691349110373,1.7618506350798395,1.177427111103123,1.2795843316232918,1.4334077649429116,1.499100819609656,1.2069132067729345,1.9733995958923205,1.5039333272655615
2018-01-24,0.5589139596136964,1.181587723912101,1.7714332877389694,1.1788054021423553,1.2887511741617923,1.4407015569679515,1.5053069434080877,1.2066267847488557,1.967603189693577,1.4949437168186628
2018-01-25,0.5589139596136964,1.1860193612215084,1.7546145787951284,1.1754849810455121,1.2881205507038986,1.451425721884921,1.5007079082457921,1.2108428128277784,1.9735232737274626,1.5147493317131895
2018-01-26,0.5589139596136964,1.1780302624776915,1.7486281583628605,1.1756022771692736,1.28760580855052,1.4527039426573443,1.497463312528059,1.2135941273165347,1.988641001177332,1.5198731080328032
2018-01-29,0.5589139596136964,1.1635328179988598,1.6934090841519875,1.1650498470382422,1.2763149538381238,1.4417115408611025,1.4797882779875164,1.2146870652548043,2.0041279344724487,1.5364989530961688
2018-01-30,0.5589139596136964,1.165076410455978,1.693864162166739,1.1655135888388262,1.272187631750907,1.438548250636152,1.474135236040223,1.2109713287099446,1.9884247416473964,1.5197525701347814
2018-01-31,0.5589139596136964,1.1440544478214094,1.6318410459464132,1.132730944921051,1.246069155712951,1.4145286013607676,1.4510550058470602,1.1934158939582213,1.9627554170693338,1.5106174182297172
2018-02-01,0.5589139596136964,1.092219886380353,1.5159384981055308,1.0874273081871288,1.2000392596555138,1.3725107532384957,1.4071829303509582,1.153058568797218,1.9084238206232902,1.4835865064829228
2018-02-02,0.5589139596136964,1.0774943319630466,1.4948089873143833,1.085854372187419,1.1925184279476975,1.379652059015971,1.4189885421989232,1.1614224542124472,1.9535845332211725,1.5360490059594671
2018-02-05,0.5589139596136964,1.0673260937517792,1.4943791687063597,1.0890588554248946,1.196280423616848,1.3862602649996167,1.4259014801795682,1.1728943572420225,1.9846994501402317,1.5638634739708799
2018-02-06,0.5589139596136964,1.0452851572549813,1.4254586428585783,1.0381982871772149,1.1481785845129526,1.3261112842081182,1.362023714213426,1.1208743422437553,1.8768140096181185,1.4802534377030812
2018-02-07,0.5589139596136964,1.0447145654704642,1.4255276188160824,1.0391986693575004,1.1471538671115689,1.3148590486598102,1.3596940724813864,1.1196907418830244,1.8634313184665268,1.4727494261256033
2018-02-08,0.5589139596136964,1.0584599752538968,1.4553073211966268,1.042680608623526,1.1549807965241068,1.3164806962368742,1.3635081861273353,1.115644691253839,1.8540728891378389,1.4468204954410757
2018-02-09,0.5589139596136964,1.0252339767247047,1.4178322757191781,1.0011627796056666,1.1116104502242077,1.2593108614374149,1.3027904150604703,1.0659326142610235,1.7405927697362271,1.3526106847640433
2018-02-12,0.5589139596136964,1.06368674230566,1.4549480091875229,1.0199081842477322,1.1302794451438927,1.284256955508404,1.3269532269889597,1.0844218219882829,1.7697398179931805,1.370338952620674
2018-02-13,0.5589139596136964,1.0713312091623322,1.461208325774759,1.0262317350487846,1.1326263018058205,1.293078563414006,1.3364686882496433,1.0896101583924838,1.7837863484198038,1.3796648166382415
2018-02-14,0.5589139596136964,1.0782441480901364,1.474618771626459,1.0344934243158541,1.1342988725387468,1.297549014346064,1.3443836639635016,1.0976242548699482,1.8010091368933259,1.4007620122557678
2018-02-22,0.5589139596136964,1.086459206731326,1.4899275768004303,1.0506776298237284,1.1520173980694264,1.3291189200799325,1.3688580964284942,1.1167639239706677,1.8489360598786932,1.421959270848058
2018-02-23,0.5589139596136964,1.0787525600006997,1.496606870013169,1.0539348732280958,1.1565196555704564,1.3379605997746806,1.3777114662691008,1.1245507435083248,1.8762418148380675,1.4432481526614613
2018-02-26,0.5589139596136964,1.1017115640482271,1.5439218863320565,1.0696859211857932,1.1769330121787824,1.358543536815362,1.3992831354299349,1.1399663972795095,1.909327634041612,1.4524230386436523
2018-02-27,0.5589139596136964,1.1036025637443514,1.5533613642566242,1.0651140157923984,1.1733962025421556,1.3448982429187315,1.3910143811448241,1.125245466161648,1.870888385918471,1.408511051061315
2018-02-28,0.5589139596136964,1.1012836202098393,1.5459529803682084,1.0652405852918987,1.1704638215477352,1.347138063296212,1.39343648136196,1.1254581999270918,1.8708322403820243,1.3996839503460528
2018-03-01,0.5589139596136964,1.114663266028838,1.577450279653004,1.0759469908487627,1.1797177192165527,1.3563561649025633,1.4038680423134047,1.1297191807550462,1.875185165806584,1.3958748630707638
2018-03-02,0.5589139596136964,1.1081160910654677,1.563351000958217,1.073728567527856,1.1784723768834147,1.349395850769712,1.402039504243905,1.1235318495635425,1.849986327352482,1.3797043935577944
2018-03-05,0.5589139596136964,1.1069566192982119,1.5652238791220332,1.0788435110217331,1.1803215713984065,1.3428219082983786,1.402406232789438,1.1225940098555265,1.829838436690514,1.3660018923362127
2018-03-06,0.5589139596136964,1.1131380302971479,1.5895935820918072,1.0925797106372723,1.1990597854468459,1.3616214393172876,1.425185737435007,1.1375157433221934,1.8740726631503475,1.4018325410323171
2018-03-07,0.5589139596136964,1.1028893240137048,1.582428879556721,1.081778126524862,1.1910679431117752,1.3489413204737448,1.4114728087064332,1.1256900433108228,1.8413852175595986,1.3748064425676743
2018-03-08,0.5589139596136964,1.0993304406397613,1.5818043211713515,1.0860406266156184,1.2012068091678783,1.359473047825665,1.4205153709136555,1.1333651153397135,1.8486199293907595,1.3824568558273007
2018-03-09,0.5589139596136964,1.113280678243277,1.6142720701762232,1.092578665387552,1.212909497387568,1.3703849055947355,1.427630248927685,1.1416451808041514,1.8489257009291948,1.3771999428827055
2018-03-12,0.5589139596136964,1.1380685021129748,1.6486472313842766,1.1034130875107437,1.224749587520688,1.3854469699378062,1.4424813411996522,1.1564418830777414,1.8769867041090889,1.3942735897426781
2018-03-13,0.5589139596136964,1.1403874456474872,1.6448027901074573,1.100386709875297,1.2169436545389107,1.3759887419773766,1.4326163725813037,1.1532537794361333,1.8704621720682486,1.3872324731321999
2018-03-14,0.5589139596136964,1.1263567399717958,1.6579854832092968,1.0980858274950118,1.208291491393009,1.3659606723452022,1.4246506232214409,1.1469932836130106,1.882180087560006,1.397364893586675
2018-03-15,0.5589139596136964,1.1190158572056035,1.6490086863450293,1.0895622000367038,1.2102721460306063,1.3587907400667554,1.4183791484856427,1.1421631872743332,1.8786803548081519,1.3852270840511496
2018-03-16,0.5589139596136964,1.1188732092594744,1.6395004228538919,1.0892892462926869,1.2071161861040258,1.352973877061027,1.415855077227985,1.1393596851719003,1.8578966230436318,1.3733317930765054
2018-03-19,0.5589139596136964,1.108053911191514,1.6263685831581736,1.0847628040279824,1.2034723393247233,1.3463509483923832,1.409530850530708,1.1278919853241742,1.826998523173841,1.3456683541258412
2018-03-20,0.5589139596136964,1.1047803237098293,1.626112655211109,1.0815606776102413,1.2049254646544496,1.3452979451187728,1.407689114230249,1.1299871140280555,1.829940506203211,1.351267946636614
2018-03-21,0.5589139596136964,1.1080539111915142,1.6182408561749486,1.0800865565590068,1.2018554595093547,1.3398528767854236,1.399344316718691,1.1252968139205177,1.8198582291677132,1.3372910210435995
2018-03-22,0.5589139596136964,1.107260203388692,1.634966575235882,1.0819480722960402,1.203348366406263,1.3373603997084602,1.3966226635363301,1.1257479462767663,1.8133829444874332,1.3316952670786273
2018-03-23,0.5589139596136964,1.0710459132700738,1.5553203861024494,1.032035039707895,1.1425647028314405,1.2722680892924423,1.323365019804702,1.072402350656386,1.703168301416588,1.2604598874932809
2018-03-26,0.5589139596136964,1.084915682801414,1.5864348554176877,1.050290639135994,1.1521098615996341,1.2799897102334166,1.3314469030689715,1.0731871936523392,1.7067954939286798,1.2577676226339642
2018-03-27,0.5589139596136964,1.0963421490503347,1.6351970689110937,1.0660383365282045,1.1741983473670026,1.3021310526256256,1.3547340296714963,1.092939120087128,1.7353553931904875,1.2776732057142235
2018-03-28,0.5589139596136964,1.0930685615686497,1.6374617372043798,1.0532200288049955,1.161844172356826,1.2904870502272994,1.3366696782520684,1.082175144359595,1.7132522423398824,1.2576976776376552
2018-03-29,0.5589139596136964,1.104048795780961,1.6425694227026,1.0644328387769226,1.1766480822383183,1.308347035085815,1.3589462179591763,1.0963604486332645,1.7554531301684613,1.2869018329890558
2018-03-30,0.5589139596136964,1.1145206180827087,1.6802651574591743,1.0695800097063983,1.1839069995989928,1.3157220377222687,1.3666388771413183,1.0998291728916096,1.762982287826319,1.2862513251388172
2018-04-02,0.5589139596136964,1.1099449108876382,1.6818616661277288,1.0676339159633321,1.1879864806886673,1.3141247651584604,1.3717032808734029,1.0961041304997463,1.7638684454285358,1.28619660314242
2018-04-03,0.5589139596136964,1.1039866159070069,1.6868699513096523,1.0566500970496353,1.1747371627425707,1.3011787305018843,1.359510144738654,1.0815794020211211,1.7435724938045514,1.2709768175273253
2018-04-04,0.5589139596136964,1.098108788998551,1.6864507824929038,1.0564569240521604,1.1652094481470898,1.2948922845043562,1.348109362535614,1.0744890748581786,1.739452757537242,1.2596396607396636
2018-04-09,0.5589139596136964,1.1014006646784582,1.6640091852925634,1.0632578214192907,1.1615244651704655,1.2925982164370002,1.349924156505143,1.069362814837152,1.747075156634262,1.273781758908092
2018-04-10,0.5589139596136964,1.1124613669629446,1.6442192359684022,1.0651079212446117,1.1672426945105319,1.3068753418236483,1.3689968678849789,1.0884561092149734,1.7794405998407192,1.3019147438930863
2018-04-11,0.5589139596136964,1.1088220155168256,1.6747549529083077,1.0672495583464194,1.1684341703805305,1.3148477548291755,1.3715859764093794,1.0927821679487655,1.7845066449159968,1.3008070206605236
2018-04-12,0.5589139596136964,1.1078051916956988,1.6707534366219685,1.0598964328917815,1.1606623144143244,1.3045994661549487,1.3587277205332216,1.0803890987739897,1.769490180336211,1.276855399671878
2018-04-13,0.5589139596136964,1.1055484280351406,1.6427836340049393,1.055166606434195,1.1575267967584983,1.3012151185565384,1.3541829127873368,1.0792725645509018,1.7688967583166526,1.2786309313802708
2018-04-16,0.5589139596136964,1.0961556094284735,1.6913437686671595,1.0508476781996139,1.1475218532226563,1.2894701862870803,1.3397179143551166,1.0665559353693195,1.7455951780319332,1.2485481625601555
2018-04-17,0.5589139596136964,1.0960934295545195,1.661412961242917,1.035692494793355,1.1222514384270619,1.2633836871768098,1.3146847003226565,1.0490325476944837,1.7249440458403869,1.2389609561259975
2018-04-18,0.5589139596136964,1.09320389423549,1.6275582818109955,1.0376487085757664,1.1352914224168587,1.2729544440008338,1.3258758065272584,1.0554122892201718,1.7426226582472983,1.2498803129357419
2018-04-19,0.5589139596136964,1.1288914842453237,1.6177683093899202,1.0375770490583818,1.1355201111696016,1.2844770178287093,1.3358235211057319,1.0615123953439205,1.7708735472768318,1.274015780079146
2018-04-20,0.5589139596136964,1.0984489494854748,1.56887888370911,1.0049190689604446,1.1124140192588994,1.2573663204052874,1.307344237324481,1.0379937680171207,1.7253891567558421,1.2489261933743283
2018-04-23,0.5589139596136964,1.0895828309875928,1.559390987482978,1.0016977819986788,1.1072827602373074,1.2525565409761434,1.3043170845954566,1.033403532198958,1.727439633161277,1.2542289670007063
2018-04-24,0.5589139596136964,1.09700418182596,1.5826495588787346,1.0180110872047239,1.1250417795441965,1.2796954737458641,1.3325816116822717,1.050943145225461,1.766742899133481,1.2778244890006771
2018-04-25,0.5589139596136964,1.0856581836492147,1.5922726033836643,1.016390763010768,1.1250468233998754,1.279329094242544,1.3308367892610657,1.0488461097269102,1.763366035728763,1.2710392033040185
2018-04-26,0.5589139596136964,1.0732953616513428,1.5575554919284345,0.9990068218670463,1.1035846204220572,1.2556209424659026,1.3091676716077651,1.0309068527464418,1.7376658503173446,1.2576911897066243
2018-04-27,0.5589139596136964,1.0634307075305558,1.5548261169314241,0.9968304558214517,1.1054689698043179,1.2642886601173182,1.31199327713824,1.0324830533781166,1.7376959759149238,1.2533880488284648
2018-05-02,0.5589139596136964,1.0478564779249526,1.5347322577958695,0.9889641364493007,1.096153616515059,1.2668740279872979,1.3125420254236857,1.0299410606367019,1.7406575934334478,1.2369010572026151
2018-05-03,0.5589139596136964,1.0569457124411394,1.5612590703800233,0.9993689799128292,1.102074359809736,1.2758387258425439,1.3237620654580757,1.038239634201385,1.754104577262222,1.241813531625685
2018-05-04,0.5589139596136964,1.0516609838789337,1.558076691438343,0.9906860416892531,1.0955483897121947,1.2678647572448178,1.321213141194675,1.0313609403398152,1.747344155642102,1.2334699711864383
2018-05-07,0.5589139596136964,1.0516609838789337,1.5873574735187417,1.005077075966608,1.1097605217021633,1.2875794957450386,1.3400458151830368,1.0476483326789148,1.7672339461837057,1.255948637729959
2018-05-08,0.5589139596136964,1.0516609838789337,1.6113719215778675,1.0125710236437033,1.1152963944660654,1.2944475558929969,1.3513072226193323,1.051964520459708,1.7767361886743813,1.2624704644142641
2018-05-09,0.5589139596136964,1.0516609838789337,1.6012739383421077,1.0142958055091735,1.1129757889282927,1.2942930918526891,1.3494478292526066,1.0511391991725567,1.7688218095157473,1.2608105490056984
2018-05-10,0.5589139596136964,1.0516609838789337,1.6013140515718232,1.019818476542969,1.1200948220924962,1.299200269108581,1.3551191226237682,1.0554125881095273,1.7760216733260705,1.270022687957132
2018-05-11,0.5589139596136964,1.0516609838789337,1.57777811882804,1.0124215284466958,1.112385256057028,1.2921111435472599,1.3440377140139483,1.0498168450529781,1.7708146658849802,1.2656225044993343
2018-05-14,0.5589139596136964,1.0516609838789337,1.564296189749287,1.0069553836922849,1.1051439186899337,1.2874083007843515,1.3360944505496537,1.0372446135818603,1.7668472102759818,1.257056533018111
2018-05-15,0.5589139596136964,1.0516609838789337,1.5725625489673807,1.0124075904465588,1.1138295374652762,1.297456123899168,1.342702403969661,1.0469148324763065,1.7653011305516524,1.2662451322764576
2018-05-16,0.5589139596136964,1.0516609838789337,1.561316917051972,1.0046867439328877,1.107087467507856,1.290979435210258,1.342844934263263,1.0427128101391638,1.753444470442157,1.2577629027442185
2018-05-17,0.5589139596136964,1.0516609838789337,1.5563985108601965,1.0076249170627443,1.1014599370240237,1.2894407700785973,1.3449941579141615,1.0434153158462254,1.7498058405408252,1.261482508792137
2018-05-18,0.5589139596136964,1.0516609838789337,1.5688165835847303,1.0136844409409453,1.1084807009336006,1.2984667423989404,1.35829628031668,1.0567805626744269,1.7647788576674746,1.287076846431617
2018-05-21,0.5589139596136964,1.0516609838789337,1.5845526858540624,1.0219352294381534,1.120801182959504,1.3123818052474936,1.3692596770691199,1.065783680641954,1.7853345375100005,1.2983612957852217
2018-05-22,0.5589139596136964,1.0516609838789337,1.5903178377353988,1.0226278258392887,1.1247049126999333,1.315396112981266,1.3702997294141928,1.0672169150237576,1.7828324434286529,1.2980687010602958
2018-05-23,0.5589139596136964,1.0516609838789337,1.5740989346864107,1.0113949224823897,1.113011326946948,1.3033684362770217,1.3592860581094137,1.048262976634742,1.7518980246017588,1.2634221790586941
2018-05-24,0.5589139596136964,1.0516609838789337,1.5656630218326406,1.0065312548790406,1.1091646764231082,1.2988899186138712,1.3538657606328088,1.0448617164536735,1.7476060784017273,1.260742610792858
2018-05-25,0.5589139596136964,1.0516609838789337,1.5453986478638937,0.9946163453810755,1.1011769595806105,1.2866180422464615,1.3416306902148338,1.0335064718060398,1.7338550080423303,1.245596967268693
2018-05-28,0.5589139596136964,1.0516609838789337,1.5184619586891386,0.9836802226676159,1.0878459421488527,1.276092647626165,1.328184110799771,1.0254569087673193,1.7225625741804622,1.2375038855308267
2018-05-29,0.5589139596136964,1.0516609838789337,1.5113527531992283,0.9789919416316777,1.074912344070237,1.2643217001782892,1.3224872725299415,1.023566549367022,1.723356561647395,1.2365694213548621
2018-05-30,0.5589139596136964,1.0516609838789337,1.452568994350912,0.9454082431082086,1.0378928764867796,1.2213017388668597,1.28132746343966,0.9862625397153177,1.6660410876133591,1.1864631485246202
2018-05-31,0.5589139596136964,1.0516609838789337,1.469825045306952,0.9565786662709614,1.0512366094031529,1.2383906789297612,1.3023181256007752,1.0012875822312186,1.692089147263382,1.2012775445045403
2018-06-01,0.5589139596136964,1.0516609838789337,1.4615870972503744,0.9532551376980135,1.0471627244631538,1.2323687599694264,1.295725219646434,0.9951788825412854,1.6882595978190533,1.2033427327418613
2018-06-04,0.5589139596136964,1.0516609838789337,1.4554100140873618,0.9532555698090183,1.0455621939914292,1.2283179984437484,1.294970562782949,0.9934383919554673,1.690468534986699,1.2089064420096602
2018-06-05,0.5589139596136964,1.0516609838789337,1.469839545002047,0.9625613618717743,1.0535481360042578,1.2413791984912517,1.306433471806867,1.002253207087316,1.7012843134622913,1.2212983315777313
2018-06-06,0.5589139596136964,1.0516609838789337,1.4673819907586856,0.9627711008823003,1.0531699094226479,1.2396677186186944,1.3023860731178418,1.0017188294481472,1.7062111925496137,1.2253620379061516
2018-06-07,0.5589139596136964,1.0516609838789337,1.460361858607709,0.9607013422678976,1.0436443013159276,1.225476181674883,1.2921114973213712,0.9952565513232097,1.7023148162586077,1.22866155504089
2018-06-08,0.5589139596136964,1.0516609838789337,1.4303418396507763,0.9449227347056177,1.025485849657292,1.2054273305451368,1.2701159557352915,0.9790586745169183,1.6761072669023207,1.2140395107891757
2018-06-11,0.5589139596136964,1.0516609838789337,1.424956344019235,0.9334778451905588,1.0206259779080251,1.1989393869140694,1.2619225998938435,0.9742831696674041,1.676790978953186,1.209138144965816
2018-06-12,0.5589139596136964,1.0516609838789337,1.441475934791415,0.9370407252609398,1.0239087725512943,1.204972992650334,1.270798831805858,0.98262850473395,1.690744992064382,1.2239262078324231
2018-06-13,0.5589139596136964,1.0516609838789337,1.4106132497047834,0.9232079581005381,1.0074833688276958,1.190223538312775,1.25270041408636,0.9699569437700425,1.6671724905526142,1.2090692152753348
2018-06-14,0.5589139596136964,1.0516609838789337,1.4039158473371154,0.9201194809317517,0.9976341968244643,1.187366592746857,1.2478168459978876,0.9657044787393857,1.6672783382298704,1.2171613882969299
2018-06-15,0.5589139596136964,1.0516609838789337,1.3752538400654521,0.9025318676051689,0.9870760864662081,1.16426839144941,1.2309151425697336,0.9526984981177286,1.6617082390502729,1.2080852899469268
2018-06-19,0.5589139596136964,1.0516609838789337,1.262943295371007,0.8417529197326563,0.9163124997892025,1.0768790826968717,1.150177229188392,0.8851514246881176,1.553476249040519,1.1296985488772102
2018-06-20,0.5589139596136964,1.0516609838789337,1.2718826298058783,0.8539880653857044,0.9238261280450811,1.0883593068615371,1.1618847201171039,0.8933643775200779,1.5762962564060679,1.1457202321741529
2018-06-21,0.5589139596136964,1.0516609838789337,1.2420582933913331,0.8318741392322737,0.906975544334742,1.0655547902287041,1.1453829028225548,0.8820624991768913,1.5649411595015588,1.133506927647597
2018-06-22,0.5589139596136964,1.0516609838789337,1.2595645310034749,0.8445247234488745,0.9205905493245874,1.0748981948376517,1.1568057959699802,0.8937930012315027,1.578838755536245,1.1485348312386146
2018-06-25,0.5589139596136964,0.9993271434489391,1.2507603941042063,0.84374894665808,0.9165024235579186,1.0702759706537768,1.1531197938162607,0.8877391776038321,1.558089615499067,1.1367884896241365
2018-06-26,0.5589139596136964,0.9494853906584685,1.2617957862436513,0.8464878698902827,0.9202316589061384,1.07573648240397,1.1571726255256758,0.8895453003563247,1.551862935885215,1.1301204478948146
2018-06-27,0.5589139596136964,0.9021357255075213,1.2689817200066438,0.8409500162738714,0.9150509726760013,1.0719895758859255,1.1532302267869807,0.8876201612924706,1.538457262721968,1.121457039677207
2018-06-28,0.5589139596136964,0.8572781479960975,1.259532363225579,0.8302389590816561,0.9096336707495043,1.0576088400767867,1.1419670730118845,0.8812560488709374,1.5235075793106374,1.106285954476329
2018-06-29,0.5589139596136964,0.8149126581241974,1.3009250623728363,0.8508609683281311,0.9248551056878378,1.082949307955715,1.1666134920239182,0.9014812092085996,1.5502732289713264,1.126164198566266
2018-07-02,0.5589139596136964,0.8149126581241974,1.2905498889460816,0.835838304644041,0.908253085195186,1.064866851569172,1.1510648641249712,0.8874988978690825,1.5192798050116678,1.0968331527415411
2018-07-03,0.5589139596136964,0.8149126581241974,1.3161641933815798,0.8461991587126132,0.913170080540823,1.075056075883844,1.1634951191993832,0.8966136002879049,1.5283922024549883,1.103645448242038
2018-07-04,0.5589139596136964,0.8149126581241974,1.2933993574807772,0.8315988061328655,0.8997065698991725,1.0605308814406862,1.14662169905876,0.8848423076287286,1.5204152076926478,1.0973972416734759
2018-07-05,0.5589139596136964,0.8149126581241974,1.2558272218738171,0.8085258259051484,0.8771065280677878,1.0339164029426444,1.117998038670795,0.8620751437879668,1.4825558369368284,1.066326577877227
2018-07-06,0.5589139596136964,0.8149126581241974,1.2554604316023261,0.8136313002005289,0.8780875298379825,1.0311409192273622,1.1199647539377526,0.8621670077538282,1.4853194584455458,1.0728889961968209
2018-07-09,0.5589139596136964,0.8149126581241974,1.2789918832226068,0.8271700496887624,0.8925267466084936,1.0488910846361539,1.1388221585475224,0.878713562582151,1.5133380629945543,1.0977003533070322
2018-07-10,0.5589139596136964,0.8149126581241974,1.2862344948344857,0.8324172039720016,0.8950444109351358,1.0543421785378138,1.143319072659623,0.8851069921888026,1.5293747726597309,1.1038988152450007
2018-07-11,0.5589139596136964,0.8149126581241974,1.2510197870263278,0.812645473154562,0.872861597175453,1.0281526152779394,1.1185440096081618,0.8663927365230493,1.4971244761635893,1.0775832539139572
2018-07-12,0.5589139596136964,0.8149126581241974,1.277154004412506,0.831419103251575,0.8917985904184269,1.0525197417749255,1.141208183910957,0.886195582475583,1.5253149581957728,1.0989858213528865
2018-07-13,0.5589139596136964,0.8149126581241974,1.2798543092191523,0.8338697192159658,0.8920727529174532,1.0532302610469522,1.1430335725026881,0.8871148014015573,1.5245195502621267,1.0999960081727818
2018-07-16,0.5589139596136964,0.7874996940894385,1.2787265159289205,0.8273382664271475,0.8891801167571737,1.050680462720296,1.1415183724047515,0.8879961953829035,1.5149091091740894,1.1007256700706651
2018-07-17,0.5589139596136964,0.7825155188103913,1.2934569380789391,0.8310930457660262,0.8924744873442416,1.052406139939537,1.1431297246983718,0.8878565305038333,1.5090944939356938,1.0930936761594623
2018-07-18,0.5589139596136964,0.7825155188103915,1.2936222921897063,0.8280086726613456,0.8943593884316425,1.0515094670386647,1.1442847851768245,0.8874131817269578,1.5039563514076448,1.0894415619915279
2018-07-19,0.5589139596136964,0.752610467136109,1.2744935716958838,0.819534867846093,0.8843336944114352,1.0420973750710996,1.134837587790887,0.8852048187733178,1.5017685460278982,1.0860733074290885
2018-07-20,0.5589139596136964,0.7650709053337269,1.2849635883158375,0.829004264190706,0.8960994009083602,1.054988501196303,1.149397497206181,0.8926549174877816,1.5140220051351203,1.097327413669749
2018-07-23,0.5589139596136964,0.7650709053337269,1.302755380125307,0.8430890181346002,0.9081950732217493,1.0638072142319988,1.162020485118635,0.9077735787462493,1.544314856858262,1.1163834823500132
2018-07-24,0.5589139596136964,0.7850076064499152,1.3308284780736264,0.859832958743307,0.9263021360873777,1.0857249118557968,1.1839661653680913,0.9289304251507124,1.5884952680034852,1.1403875107614023
2018-07-25,0.5589139596136964,0.8248810086822916,1.3347513807526166,0.8619685578794115,0.9274939586246472,1.0849852219671505,1.1842915696845429,0.9291560606040973,1.5916046045322598,1.1454668233120966
2018-07-26,0.5589139596136964,0.8373414468799093,1.357613307197812,0.8647520526513595,0.9350781673096308,1.0882324182358956,1.1955516120579799,0.9334388427982634,1.5954886151898948,1.1439734705189073
2018-07-27,0.5589139596136964,0.8797069367518096,1.3405346112213468,0.8585920604430078,0.9287145859982089,1.085365700272403,1.1927273803762772,0.9344625519535195,1.595875529709476,1.1461058691934942
2018-07-30,0.5589139596136964,0.9245645142632335,1.3144212352798166,0.8488203489461104,0.9202932194425214,1.0769245856032652,1.1874246876995211,0.9284212734805573,1.591491139567469,1.1434001545628414
2018-07-31,0.5589139596136964,0.9719141794141807,1.3282553580945213,0.8526578384597743,0.9230828975028083,1.0834996798269647,1.1870194433419603,0.92887502297002,1.590602191302123,1.1439585382750939
2018-08-01,0.5589139596136964,1.0217559322046514,1.3012768499995098,0.8355629022932607,0.908774049084828,1.067174733113313,1.1708773743431078,0.9127588835855247,1.5681775076242237,1.1205947539862153
2018-08-02,0.5589139596136964,1.0740897726346461,1.2703104214936476,0.8154418583228958,0.8872463857712398,1.0409751123208992,1.1480656720312619,0.8985941746784578,1.544418895184346,1.1059148802985792
2018-08-03,0.5589139596136964,1.128915700704164,1.2574079382538441,0.8069609212241116,0.8821143643044201,1.0387486413872038,1.144097813992586,0.8944830647116264,1.5362382677753008,1.1046684208264852
2018-08-06,0.5589139596136964,1.0715976849951225,1.239791042985017,0.7949137950357162,0.8721084092546105,1.022266279314914,1.1267844718658344,0.8860855805782558,1.526957989009278,1.0943966368652895
2018-08-07,0.5589139596136964,1.019263844565128,1.2794833234269516,0.8149655763377391,0.8953895666686414,1.0476089057412903,1.156875594584674,0.9144767204468399,1.5759826787238111,1.1300517540280246
2018-08-08,0.5589139596136964,1.069105597355599,1.2773393713872574,0.8102224917683867,0.8897797458012153,1.042815614358327,1.1518842111457048,0.9082535309709305,1.5663895726343084,1.1267622762031122
2018-08-09,0.5589139596136964,1.0840581231927404,1.3058362097311975,0.826310514192042,0.903244134123092,1.0596866446540123,1.1665820777282103,0.9201306960220771,1.5898296925168631,1.1399347151545807
2018-08-10,0.5589139596136964,1.064121422076552,1.3042429469974328,0.8287940640141753,0.9035724901107425,1.0626183583693727,1.1649616568480976,0.9188257512858108,1.5834694713321968,1.1398542392975688
2018-08-13,0.5589139596136964,1.0915343861113107,1.297789584083488,0.8246588313203238,0.9017133217767802,1.0563349225848282,1.1573660965888217,0.9192059046319225,1.583161864092398,1.1393254191087008
2018-08-14,0.5589139596136964,1.0715976849951223,1.2999939582969622,0.8232057715476544,0.9036740180839964,1.0560411703917418,1.1567834935741845,0.9188687384490491,1.5796594049168413,1.1415617843868786
2018-08-15,0.5589139596136964,1.0541530715184575,1.2764073125382225,0.8094023163756346,0.8901677034536652,1.0377247757665347,1.1382452828409888,0.9043367784148988,1.5438952654997602,1.1149059583710232
2018-08-16,0.5589139596136964,1.0167717569256045,1.2734039732181892,0.802186100897793,0.8814358072502428,1.0285205480457116,1.1209278367230442,0.8956942712214917,1.5302531270833957,1.1044974628511393
2018-08-17,0.5589139596136964,1.0491688962394103,1.25684333454211,0.7927912617375067,0.8652147397877666,1.0134732201439838,1.103534914416937,0.8835912875495429,1.5120376254002685,1.0962927661957844
2018-08-20,0.5589139596136964,1.074089772634646,1.2599476993815772,0.7950484585426645,0.8678066976007226,1.0154350998859503,1.1064846988942756,0.8874580880633295,1.5214696081260837,1.1047150531000136
2018-08-21,0.5589139596136964,1.074089772634646,1.279119384338864,0.8012598658928669,0.8745907622753853,1.023771256062892,1.1175542062228991,0.8937167261575538,1.5372236251164026,1.1134929060238035
2018-08-22,0.5589139596136964,1.061629334437028,1.2703502243374583,0.7969196413121072,0.8674467991190047,1.0130402008392867,1.1102337472143442,0.8876421236958572,1.5232122362306246,1.1045421599593799
2018-08-23,0.5589139596136964,1.046676808599887,1.2645392952157486,0.7965241592204728,0.8697604672189304,1.016335698295176,1.1124799981071722,0.8895502155454261,1.5215255974480675,1.0998674905120172
2018-08-24,0.5589139596136964,1.0242480198441752,1.2578303963310016,0.7985717085591935,0.8695597318041416,1.0141054066158095,1.110018685769732,0.8859288306281501,1.5181371140952866,1.093908219609142
2018-08-27,0.5589139596136964,1.0217559322046514,1.274540421660152,0.8138520028073281,0.8826986563359571,1.0296087634609468,1.127331089041359,0.9005981040629281,1.5419511422658099,1.1098522999219087
2018-08-28,0.5589139596136964,1.014279669286081,1.2767197574618252,0.815640977377167,0.8845570881227606,1.0326733917899114,1.1283042011519582,0.9038731477678179,1.5435642045543136,1.111508246910866
2018-08-29,0.5589139596136964,1.014279669286081,1.27863552800573,0.8138271001591412,0.8795098152994749,1.028587905324343,1.123818492437183,0.8998215154352993,1.5350442987537734,1.101568546473813
2018-08-30,0.5589139596136964,1.0641214220765518,1.2527124843207333,0.8040867848827041,0.8689762930358681,1.0181152090944139,1.1088054486559735,0.8871170564739759,1.5075228706475432,1.089463636716937
2018-08-31,0.5589139596136964,1.079073947913693,1.2381019040417796,0.797665199865583,0.8621105691291829,1.0131022077037937,1.1023850547214025,0.8814964193628234,1.4942799466919547,1.0826053576026877
2018-09-03,0.5589139596136964,1.036708458041793,1.2365701568926968,0.7979998709387738,0.8626302041647516,1.0169879979299183,1.1041774227431715,0.8809773240045448,1.4893583891182574,1.0756849967868292
2018-09-04,0.5589139596136964,1.04169263332084,1.253952374044737,0.8058337020928534,0.8722864446943592,1.030441312383319,1.1138988911356797,0.8892066167525731,1.5003932827458124,1.0868919607564698
2018-09-05,0.5589139596136964,1.0591372467975049,1.2398447865403364,0.8015033327678853,0.8622838465849676,1.01672959211526,1.0996962891941218,0.8771386054479207,1.474266760221423,1.072773901942874
2018-09-06,0.5589139596136964,1.0691055973555992,1.2406526683617474,0.7960442885658345,0.859307717720948,1.0096069322300822,1.09486004951379,0.872860641564346,1.4662834081733505,1.066960140417934
2018-09-07,0.5589139596136964,1.054153071518458,1.2508620129604986,0.7974165781985038,0.8631448169520733,1.012711082499455,1.0980794940144347,0.8753994501714286,1.478490929724673,1.0773634316156746
2018-09-10,0.5589139596136964,1.0541530715184582,1.229612005662865,0.7895124304004277,0.8509587333786015,1.0011934351778453,1.0844301525394546,0.8645963542232292,1.4613894439995996,1.065455584375176
2018-09-11,0.5589139596136964,1.0591372467975053,1.237453230550288,0.7914888329494683,0.8539150947207823,0.9994656046285091,1.0869493042022382,0.8629955732894995,1.4494391490199448,1.0541938917399838
2018-09-12,0.5589139596136964,1.0566451591579815,1.2448109638419067,0.792330447211127,0.8559989533274981,1.0007668105236012,1.0880433418418294,0.8627581011784208,1.4473418706554837,1.053539773702738
2018-09-13,0.5589139596136964,1.049168896239411,1.2623818358544368,0.8018873701242281,0.8627120534236619,1.0093415206573462,1.0991931339962047,0.8715231708356536,1.4609020224289937,1.0624240890317045
2018-09-14,0.5589139596136964,1.0441847209603639,1.2518604569460379,0.8000160347808581,0.8597699974062804,1.0054540353866677,1.0945074625719338,0.8684284950281326,1.4583553394338111,1.0604529177170945
2018-09-17,0.5589139596136964,1.0192638445651285,1.241609462101067,0.7900604290746699,0.8487115503566262,0.9978547006019065,1.0826264801095624,0.8586183400301908,1.4352947963269773,1.0405955605905228
2018-09-18,0.5589139596136964,1.021755932204652,1.2615172701776176,0.8001714224136293,0.8607045043523219,1.013699215131083,1.100319549075773,0.874873945681211,1.4677062593154464,1.062689567292571
2018-09-19,0.5589139596136964,1.026740107483699,1.2714176799648276,0.8068496612778521,0.8689219115075857,1.0229205151747893,1.1109470880041772,0.884021042070595,1.4803056535898074,1.0724353248714753
2018-09-20,0.5589139596136964,1.0292321951232226,1.2685916506420203,0.807416997644596,0.8693787157360872,1.021194811001135,1.1101068865522714,0.8831419638398705,1.4830374424020956,1.0696252690933266
2018-09-21,0.5589139596136964,1.0342163704022698,1.2819753865108008,0.8192039664189976,0.8791298244419743,1.0346588369284733,1.1216320219433247,0.8940148615438493,1.5066672260942926,1.0867475215026932
2018-09-25,0.5589139596136964,1.0242480198441755,1.274483704102046,0.8123007290503437,0.8759926463178913,1.031676023608337,1.1180465560117716,0.8904894174840974,1.4992470648712413,1.0857919898606108
2018-09-26,0.5589139596136964,1.016771756925605,1.279928121317236,0.8135289311265491,0.8768125204116637,1.0313237986431487,1.1191057740775605,0.8948083557341149,1.503203603916272,1.089912307688326
2018-09-27,0.5589139596136964,1.011787581646558,1.2560862286750023,0.8007090558017003,0.8662569295477868,1.0181884707232316,1.1082672705970573,0.8891491277756833,1.4918527674365427,1.0812689249943026
2018-09-28,0.5589139596136964,1.026740107483699,1.2663090591440138,0.806734965056549,0.873176551547415,1.0265688667683082,1.1183307686980601,0.8976415287714581,1.5053589246662686,1.0934894629322878
2018-10-08,0.5589139596136964,1.0192638445651283,1.233673803463911,0.7835908157758967,0.8493009968018145,1.0035809490087886,1.0891141420003096,0.8771461052300104,1.4674406274424785,1.0694702754955556
2018-10-09,0.5589139596136964,1.0192638445651285,1.228681941574249,0.7840011914408561,0.8495285115367225,1.0068277938421337,1.0918869529789275,0.8817508614479663,1.4780024405388177,1.084053840625941
2018-10-10,0.5589139596136964,1.0167717569256047,1.233604120464323,0.784438362937599,0.8492233313956169,1.0084012971361052,1.0920545819859486,0.8839715368744105,1.483406450812498,1.0840184025591528
2018-10-11,0.5589139596136964,0.9918508805303693,1.1259832874344633,0.7257941069539541,0.7837796277784485,0.9361166226430362,1.0113478255135075,0.8235967739546375,1.3861494073450087,1.0087158310106876
2018-10-12,0.5589139596136964,1.0117875816465576,1.1126681174424276,0.7181407544334968,0.7736389540367747,0.9269609926836786,1.00343319119252,0.8209351076039203,1.3923867327988932,1.016181784542682
2018-10-15,0.5589139596136964,0.9893587928908459,1.084092298795924,0.7051901134729952,0.7615038568761785,0.9120895179738963,0.9895231860844258,0.8074322416657687,1.3628501100921715,0.9926806584903131
2018-10-16,0.5589139596136964,0.961945828856087,1.0684768086701746,0.6911536342160494,0.7453311091751434,0.8922226698866538,0.9684344758157177,0.7887631588919352,1.3396170677762447,0.9724160053335889
2018-10-17,0.5589139596136964,0.9744062670537048,1.0785383727200488,0.6972828918347135,0.7519933288688709,0.8989790541933391,0.976049034966861,0.7984847899281579,1.3541731168530413,0.9826991393361123
2018-10-18,0.5589139596136964,0.9669300041351342,1.0464835578681213,0.6761658017877592,0.7294780811875098,0.8723872628802422,0.9459746879050586,0.7724804701100025,1.3096926248440461,0.9443584564664255
2018-10-19,0.5589139596136964,0.9768983546932283,1.0673162845397544,0.6910249492697104,0.7430468021769656,0.8863153470450227,0.961900821826805,0.7872364811701958,1.3341311686851205,0.9598900923442923
2018-10-22,0.5589139596136964,1.0043113187279873,1.1193726066730723,0.7221463048246946,0.7784469910459123,0.925876799585412,1.006417321139859,0.8223557749469981,1.3931009038102622,1.0036434015399995
2018-10-23,0.5589139596136964,0.9968350558094166,1.1097261951034658,0.7108361183523715,0.766848683446635,0.913834200478444,0.9910575869248252,0.8094144806440003,1.3640584097435615,0.9831082252038041
2018-10-24,0.5589139596136964,0.9943429681698931,1.115891265876059,0.7137615413097014,0.7708727601745938,0.9169978097487916,0.9938388715003239,0.8094293460146993,1.3716706799376794,0.9857020406813808
2018-10-25,0.5589139596136964,0.99932714344894,1.1156643748694648,0.7131304698093422,0.7751161819395826,0.916514320121463,0.9929755672102153,0.8066091588769447,1.3721493260767947,0.9845661734033553
2018-10-26,0.5589139596136964,1.0018192310884635,1.129650776313611,0.7227381618323189,0.7813714009636219,0.9254177029300494,1.003117159455677,0.8138465921861926,1.3857895310247865,1.0004096082529514
2018-10-29,0.5589139596136964,0.9918508805303694,1.113608955047882,0.7139108938244271,0.7731787225626839,0.9122443714186839,0.9890985950779071,0.8023018579272725,1.3681141079736905,0.9825407096526397
2018-10-30,0.5589139596136964,0.9943429681698929,1.135276506431006,0.7226466152782604,0.7845343752803015,0.9235234707120447,1.0006290488360365,0.8121957897481554,1.3753700005378349,0.9933695032281824
2018-10-31,0.5589139596136964,1.0068034063675104,1.1453437188052065,0.7298155586995551,0.7951595224394259,0.9342969847584451,1.0138222892573217,0.8236701573240871,1.3935504272797006,1.005954256713009
2018-11-01,0.5589139596136964,1.0068034063675104,1.146491174654981,0.7313165355374194,0.7941832511403109,0.9364563124671504,1.0135047647986133,0.8228680002890313,1.3966621069741247,1.0039271285245897
2018-11-02,0.5589139596136964,1.0018192310884635,1.1736742007125798,0.7485688529697617,0.8123154733896475,0.9571256050473715,1.0333868012628764,0.8399739201931413,1.4289464426513123,1.024562916991603
2018-11-05,0.5589139596136964,1.0367084580417931,1.1876529781834344,0.7578854865045072,0.81881391498248,0.9686043998338348,1.0406894928478372,0.8415548389085242,1.428963851993436,1.0271450649781533
2018-11-06,0.5589139596136964,1.0192638445651285,1.1811715992352823,0.762131946444713,0.8229319465495409,0.970742344992894,1.0465813562438948,0.8446015352215129,1.4280752106724866,1.0302776867592462
2018-11-07,0.5589139596136964,1.0242480198441755,1.1839387497396037,0.7573754432828436,0.8181085098691603,0.9688858041545525,1.0404356880380299,0.8388242673357431,1.422568102388065,1.019677954310306
2018-11-08,0.5589139596136964,1.0516609838789344,1.1916806839563523,0.7603196890195274,0.8183877926833565,0.9695908292156376,1.040071722244524,0.8365459763949259,1.4163589338224924,1.0178982627574062
2018-11-09,0.5589139596136964,1.1039948243089286,1.1822535995096823,0.758456538311789,0.8174893437964097,0.9699246730913587,1.0345478239786623,0.8327701794749478,1.4043538647096971,1.0145203020861255
2018-11-12,0.5589139596136964,1.1588207523784464,1.2351019140916992,0.7822909803908185,0.8463133442157215,0.9985583626189772,1.0664134834592,0.8531910557605493,1.435507486054895,1.0356422713053919
2018-11-13,0.5589139596136964,1.1638049276574938,1.2728805983781442,0.8030663550898467,0.8661706927075334,1.0228458148337543,1.0883354600748494,0.8664804341409009,1.4561810384991565,1.0507790012876501
2018-11-14,0.5589139596136964,1.1413761389017816,1.2783762508364465,0.8037870837664566,0.8651918895309478,1.019000457543183,1.0851774994562293,0.8656488895277051,1.4560878748430552,1.0486195040330712
2018-11-15,0.5589139596136964,1.123931525425117,1.284512593345818,0.8154366129129242,0.8774013843149581,1.0352824276117936,1.0993648144815307,0.8767050996768112,1.4753424253149117,1.0628173308516802
2018-11-16,0.5589139596136964,1.1563286647389228,1.3009968512991772,0.8284818868600146,0.8924716714613962,1.0458109126920236,1.1126876796595981,0.8836238859146488,1.4841408955777327,1.0663789157601504
2018-11-19,0.5589139596136964,1.171281190576064,1.3046225944536745,0.8363505549473873,0.8999580287353112,1.0550749868150513,1.1231171929044657,0.8902758290431849,1.4995200696383082,1.067377329225809
2018-11-20,0.5589139596136964,1.138884051262258,1.253353270313949,0.8132863232034978,0.8689647597794046,1.0231236006171025,1.088819910744509,0.8685246287749072,1.4631779579261095,1.0394154450508075
2018-11-21,0.5589139596136964,1.1687891029365405,1.2681809727546787,0.821978566140038,0.8745464730900696,1.0312401024822897,1.0978722996851806,0.8731145874324419,1.4692754348520718,1.0457584148014494
2018-11-22,0.5589139596136964,1.1613128400179697,1.271961533863569,0.8229374737839915,0.8759024573235992,1.0296927635054036,1.0960354650061712,0.8696183720650972,1.4625243291668568,1.04014486786301
2018-11-23,0.5589139596136964,1.1363919636227346,1.2183414922304991,0.7875841570709746,0.8393186608000077,0.9855803332944988,1.05027659057246,0.8377739365733443,1.407294656407241,0.9991238784466441
2018-11-26,0.5589139596136964,1.1538365770993992,1.2206927865179376,0.7910388323558861,0.845362225952081,0.9899860534041942,1.0513195169670315,0.8372942487538018,1.4043240371860484,0.9922187343565627
2018-11-27,0.5589139596136964,1.1662970152970171,1.234704968025241,0.7969045254402314,0.8497808693903172,0.9964114893732782,1.0574532727539308,0.8380161554717016,1.4090133379394008,0.9976809964836033
2018-11-28,0.5589139596136964,1.2236150310060583,1.2520633410306565,0.8071811148602281,0.8559422119775949,1.0073333227332257,1.0716110277901423,0.846934229486917,1.4226426308026427,1.0069841280389624
2018-11-29,0.5589139596136964,1.2236150310060583,1.2140290967912413,0.7881398862505011,0.8359160757173326,0.9858932340135937,1.0480526014760103,0.8305832188300816,1.3942484835912146,0.9883641248152775
2018-11-30,0.5589139596136964,1.218630855727011,1.2178624938703286,0.7914650783314106,0.842938688198878,0.9917594629708989,1.0526364263059735,0.8357084786579875,1.4020780768493095,0.9962891140861312
2018-12-03,0.5589139596136964,1.278440959075576,1.255176145682208,0.8152075467215684,0.8676360770583144,1.0221789383619087,1.0833279074396636,0.8576685081922543,1.4369789899976173,1.023264133210393
2018-12-04,0.5589139596136964,1.295885572552241,1.2790785200020889,0.8190122634625084,0.876991358502882,1.0293248013067557,1.0914411172519853,0.8667352558983287,1.4536953046022554,1.0329885045984035
2018-12-05,0.5589139596136964,1.2909013972731938,1.26698874650563,0.808899631587713,0.8687846259325755,1.0187070009777235,1.0829425509356108,0.8602350823446614,1.4404509600158697,1.0230483031993653
2018-12-06,0.5589139596136964,1.2759488714360525,1.2468360642636551,0.7970159650224836,0.8559092523256089,1.0019990840047577,1.067077258719925,0.8472705198691486,1.4173403452054174,1.008019711402688
2018-12-07,0.5589139596136964,1.295885572552241,1.256891711626831,0.8007445505010388,0.8570999719768726,1.004359325717771,1.0684551655959378,0.8478169189638861,1.4297218336496305,1.0112781625180152
2018-12-10,0.5589139596136964,1.360679851179853,1.2414437893569834,0.7904839748497828,0.8500437781750936,0.9906524760931097,1.0563635677082688,0.8380149694390862,1.4105919867614765,0.999014375215321
2018-12-11,0.5589139596136964,1.3856007275750886,1.2513368141349723,0.7979085484777838,0.8570033420481757,0.9964991717638874,1.0618650048122162,0.8418731123954253,1.4135221459533112,1.0007551580304521
2018-12-12,0.5589139596136964,1.393076990493659,1.2518719707569141,0.7980389681289819,0.8581782070624185,0.998080048806717,1.0651625146590535,0.8422955948809837,1.414920589520112,0.9993517370421634
2018-12-13,0.5589139596136964,1.4628554444003183,1.258138826890252,0.8043546544820234,0.8648516420541196,1.006942452413221,1.0744620602959487,0.8508201666216945,1.4324583077287154,1.0078127556722822
2018-12-14,0.5589139596136964,1.5151892848303126,1.2229103108483728,0.781349089995437,0.8442906519142037,0.9820886189244212,1.049743906231081,0.8328717992642055,1.4064963838697193,0.9863970847126223
2018-12-17,0.5589139596136964,1.4728237949584124,1.2214469581107508,0.7823049165908522,0.8441445527614275,0.9837987263283248,1.052017429445834,0.8351246245010086,1.4140043341859514,0.9859967882512689
2018-12-18,0.5589139596136964,1.4977446713536477,1.2120069665691378,0.7765384338093199,0.8378621847877064,0.9768889486256622,1.0450722900748117,0.8290628632031355,1.4065199667465185,0.9791900233443083
2018-12-19,0.5589139596136964,1.4927604960746006,1.200456437971758,0.7689085999248554,0.8289615175585608,0.9669661195873644,1.0374901028392074,0.8205686730546895,1.3938610411404377,0.9671528502838378
2018-12-20,0.5589139596136964,1.420489954528418,1.2036792545844015,0.7751153812325507,0.8336925220672947,0.969660108218597,1.0395054480494523,0.8229939061170275,1.3935164477213418,0.9665979233382613
2018-12-21,0.5589139596136964,1.3507115006217587,1.1940931687376708,0.7661257297490474,0.8271267985182251,0.960623643461818,1.0314140745038118,0.8165669567049334,1.382306707931705,0.959161249812464
2018-12-24,0.5589139596136964,1.3781244646565178,1.194557831864892,0.7709270141011255,0.8299578643676606,0.9660512901900501,1.0368104824075919,0.8224196221713871,1.3904337344947961,0.9632873524884218
2018-12-25,0.5589139596136964,1.425474129807465,1.168174087954356,0.7618584755987408,0.8207765931288641,0.9521454619685753,1.0226871414553325,0.8105104690160199,1.3701544862594057,0.946868917661544
2018-12-26,0.5589139596136964,1.420489954528418,1.1729866279251573,0.7661175895064776,0.8220915306705721,0.955389985161247,1.0217167235942048,0.808843254939339,1.3714592750273087,0.9470845110073929
2018-12-27,0.5589139596136964,1.393076990493659,1.1513082958344647,0.7541407981572337,0.8136839714961345,0.9412182692767491,1.0114636066737999,0.8014421467800589,1.3580072622461592,0.9371409647150875
2018-12-28,0.5589139596136964,1.410521603970324,1.159048341332386,0.7565702798607398,0.8180011218982344,0.9428137870921277,1.0160635838556062,0.8031681383106563,1.361601267683656,0.9372650831223874
2019-01-02,0.5589139596136964,1.360679851179853,1.1539194676691034,0.7526697987061122,0.814302549979253,0.9381727611510969,1.011823231876369,0.8006871286778734,1.350322411984315,0.9307441503142384
2019-01-03,0.5589139596136964,1.3656640264589002,1.1564792686174519,0.7502003473694464,0.816261124241534,0.9366767327811998,1.0106748011587576,0.7991053318858669,1.3481908769941917,0.9330181712451027
2019-01-04,0.5589139596136964,1.3806165522960412,1.1969546449649975,0.773028142926373,0.8362742467431191,0.9606952425393941,1.0344077548175334,0.8160334146000212,1.3751699059887914,0.9549191878065757
2019-01-07,0.5589139596136964,1.4503950062027,1.235057526792305,0.7900898138638659,0.8510962460694174,0.9782308049376818,1.0498147915510834,0.8294506225368565,1.3959310778116623,0.9703439975486231
2019-01-08,0.5589139596136964,1.4803000578769827,1.2320797213793924,0.7889922765870768,0.8495506990534302,0.9811830872117736,1.0522921909203506,0.8288449948797172,1.396167026807944,0.9722643343236167
2019-01-09,0.5589139596136964,1.4877763207955534,1.2407596929501983,0.7951477667261582,0.8559307719836503,0.9859303413267582,1.052819919994461,0.828830140074368,1.399853695373645,0.9826354209342295
2019-01-10,0.5589139596136964,1.5625389499812596,1.2471117796849327,0.7937549217217824,0.8554955710059597,0.9862975378267609,1.0519443849995103,0.827721232929925,1.3981655449614308,0.9804782431317983
2019-01-11,0.5589139596136964,1.5575547747022125,1.2567570423074657,0.8030564546079184,0.8600973035802069,0.9932672779815344,1.0585216693531945,0.8350918564922512,1.4089911628598306,0.9836752108743644
2019-01-14,0.5589139596136964,1.5575547747022125,1.256674176561807,0.8033142527658359,0.8586814244091353,0.9885122478016947,1.05832587707399,0.837589628844529,1.4081280207295237,0.9856383629636531
2019-01-15,0.5589139596136964,1.5575547747022125,1.2850511785763084,0.8091791939060318,0.8626627791335801,0.9983390394253273,1.0659060146746728,0.8434505154357178,1.4154776077403242,0.9887376313264725
2019-01-16,0.5589139596136964,1.4803000578769827,1.2737669280357018,0.805752597307673,0.8615124195947933,0.9967505910239243,1.0621313423794507,0.8436175851726382,1.4122468919882827,0.9885969132989235
2019-01-17,0.5589139596136964,1.4055374286912763,1.2719823618833357,0.80262889997868,0.852304243288042,0.9891313654792324,1.056990687936471,0.8397546569365217,1.4100274455876582,0.9897647527659297
2019-01-18,0.5589139596136964,1.3357589747846175,1.2709541572184435,0.8040693760725697,0.8556244681465669,0.9932286404074708,1.0648099102073896,0.8505360651472309,1.427312677769742,0.9989104720092621
2019-01-21,0.5589139596136964,1.2933934849127173,1.287615926577069,0.8085968683130421,0.8570746864642429,0.9979401745792603,1.0688774967282164,0.8534133717640614,1.431286516008009,1.0004204775828511
2019-01-22,0.5589139596136964,1.2285992062851052,1.2715319554973787,0.8043772220812782,0.8454878579701964,0.9870403663319198,1.0568071052721886,0.8448701193672216,1.4146287633175805,0.9858539944789547
2019-01-23,0.5589139596136964,1.1662970152970167,1.2901283365801144,0.8107023068132276,0.8477630523675196,0.9899345024793201,1.059490213599395,0.8493033170943789,1.4173261372500572,0.989135380352324
2019-01-24,0.5589139596136964,1.1089789995879755,1.3040972541127116,0.8137875755796866,0.8494316038611324,0.9949770210582018,1.0632819550011419,0.8491589908781687,1.4162394003116876,0.9913327399468987
2019-01-25,0.5589139596136964,1.0541530715184577,1.295531678792534,0.8062288132223147,0.8455820179113371,0.9903039833566928,1.0596872440641834,0.8437691973895586,1.4102844388040412,0.9858370875018051
2019-01-28,0.5589139596136964,1.04169263332084,1.2673048829432914,0.8013089337386112,0.8417830079141959,0.982813435022145,1.0522119832734846,0.8397908898522783,1.4057847191974775,0.980625916058329
2019-01-29,0.5589139596136964,1.036708458041793,1.2459379804424533,0.7881638113383932,0.8243866404956492,0.9695757495247409,1.0372388162103858,0.8306265010567767,1.4043524162696437,0.970748823228857
2019-01-30,0.5589139596136964,1.0890422984717871,1.212759844524731,0.7792565629873478,0.8166713086475582,0.9602043945465333,1.0263847377862063,0.8182252117247212,1.3872413048507695,0.9601431330328918
2019-01-31,0.5589139596136964,1.1363919636227344,1.177348377951058,0.7689426831301924,0.8035219728387004,0.9470606611152912,1.011951010786273,0.8111654430663919,1.373121372945351,0.9562475019588976
2019-02-01,0.5589139596136964,1.1089789995879755,1.2048137091867277,0.7860415532590139,0.8218986192846467,0.9696597322039708,1.0324776309143637,0.8267125743543081,1.3986068502907796,0.975350389229044
2019-02-11,0.5589139596136964,1.1139631748670227,1.2378490047509145,0.8070860700289869,0.8411544496743402,0.9931906172088883,1.0534492761009568,0.8461570610329426,1.4252595171497995,0.9924250877340559
2019-02-12,0.5589139596136964,1.1139631748670227,1.2656991552604349,0.816351258111353,0.8531006356677802,1.0051889422028284,1.0673198627501155,0.8561887892549287,1.4363792220102054,1.0012684003190895
2019-02-13,0.5589139596136964,1.0940264737508345,1.2908289079906277,0.8276370935694433,0.8661817195496944,1.0195634784644598,1.0839237881071255,0.8681635719300109,1.4591542593179767,1.0138456690912356
2019-02-14,0.5589139596136964,1.0865502108322642,1.3054604680231836,0.8322930263664683,0.8677283459121307,1.0275426468171442,1.0872627178262784,0.8689401090351027,1.463466832209207,1.0161075763632577
2019-02-15,0.5589139596136964,1.103994824308929,1.3034014983338245,0.8309975033430917,0.863964561202652,1.028082018625674,1.0841092230038396,0.8699933365167578,1.456003444643817,1.0047424329013286
2019-02-18,0.5589139596136964,1.123931525425117,1.3562812304272691,0.8578757880428919,0.8876073543540329,1.0606768139520941,1.116199832985578,0.8959582490496502,1.4927943716812575,1.0317749193785295
2019-02-19,0.5589139596136964,1.133899875983211,1.3735654017500345,0.8591846321215078,0.8895650047342348,1.0616163075456015,1.118998902910514,0.8963388858615476,1.4902531941442727,1.030567423030191
2019-02-20,0.5589139596136964,1.1912178916922525,1.375511634661339,0.8679228902657399,0.8935166120747844,1.0667107219060734,1.1230318867610969,0.9026369349818351,1.4964205449470032,1.040033345199511
2019-02-21,0.5589139596136964,1.186233716413205,1.3731051920344333,0.8725204767081902,0.889090661229904,1.0627654764437262,1.1177077953739873,0.8967217297937906,1.4865345020361822,1.0329023978128247
2019-02-22,0.5589139596136964,1.1787574534946346,1.410562547640543,0.8950273648932867,0.909049439652561,1.084028792554277,1.135736943152147,0.9104805489841168,1.505812581277977,1.0473640929010843
2019-02-25,0.5589139596136964,1.2211229433665347,1.491961852596753,0.9368956248199408,0.9552240221087184,1.1383004624332773,1.187986062675459,0.9553422918808435,1.5854594930252828,1.1005033346383049
2019-02-26,0.5589139596136964,1.2236150310060583,1.4862582659087844,0.941852139387207,0.9542469209397657,1.1382565092742953,1.1877400336621642,0.9570244685380812,1.6007066756664676,1.108181374548454
2019-02-27,0.5589139596136964,1.221122943366535,1.4847789289046354,0.9449813797837453,0.9580665034966938,1.1348027653380015,1.1872690459033959,0.9535605445584641,1.5997522276744491,1.1084515924850264
2019-02-28,0.5589139596136964,1.2335833815641526,1.4770707938303849,0.9348597070042921,0.959174008399416,1.1344026238672238,1.189971753929291,0.953715293236075,1.5966949847613647,1.1102993893664344
2019-03-01,0.5589139596136964,1.2360754692036762,1.489185781365851,0.9453678729166539,0.9663319803463148,1.1436037176994458,1.1983093674773413,0.9609389632999276,1.6177575505870443,1.1188621008303108
2019-03-04,0.5589139596136964,1.2335833815641528,1.5149139526568876,0.9730867693907482,0.982862593825901,1.1605452347459653,1.2202466005918564,0.9736182361870548,1.6400640003305844,1.1287161850996419
2019-03-05,0.5589139596136964,1.226107118645582,1.5551556258698966,1.0078988219950746,1.0064975108172098,1.1864503149624899,1.246255143167913,0.9936254625148581,1.6695966704423757,1.1480714593810846
2019-03-06,0.5589139596136964,1.275948871436053,1.6001235170678576,1.0318843068009913,1.0308400817923802,1.2114526866827573,1.2744160579286075,1.013236038867578,1.70021534627168,1.1734824600332392
2019-03-07,0.5589139596136964,1.308346010749859,1.644461403206679,1.041948576279909,1.0510927936557872,1.2337178302792264,1.2952917179513976,1.0296635027166696,1.7208148095908697,1.1978818039393706
2019-03-08,0.5589139596136964,1.243551732122247,1.556015685755408,1.0008903446540376,0.9905800346039837,1.1693313530698888,1.2255148990395126,0.9765589441248711,1.6192119114157977,1.1340294130341766
2019-03-11,0.5589139596136964,1.2460438197617703,1.6226873024291846,1.04179760502614,1.0324951787575947,1.213826020963983,1.2699595766417984,1.0146073076407778,1.6732337774163102,1.1734889513680677
2019-03-12,0.5589139596136964,1.2435517321222467,1.6634211729981616,1.0770263681386298,1.051420635755971,1.2339034522856192,1.2875908208625777,1.029239339710306,1.6986437353362132,1.188021535709987
2019-03-13,0.5589139596136964,1.2086625051689173,1.631915473194303,1.0583674908783345,1.0433149372094779,1.2141276853041092,1.2700644666084224,1.018134961419662,1.6693995004710405,1.1748297594646442
2019-03-14,0.5589139596136964,1.1538365770993992,1.5846154212193972,1.0131832366060491,1.0132668236682316,1.179354919822448,1.2390583060846254,0.9980829650834546,1.6409084936871825,1.1573484284675986
2019-03-15,0.5589139596136964,1.1762653658551112,1.611503326757102,1.0371499785400824,1.0338557852416925,1.2041337797494134,1.2721591366643616,1.0154625618032453,1.6731788479667788,1.1752021214945247
2019-03-18,0.5589139596136964,1.2111545928084406,1.6501074369749944,1.059512882836899,1.0556309876617347,1.233491337845184,1.3022311059738287,1.042026799854124,1.712722925733407,1.2027705726280462
2019-03-19,0.5589139596136964,1.2385675568431997,1.6667510568967003,1.0652973606611347,1.0587254773392727,1.240807156616874,1.3085391716648558,1.0459546207259025,1.711045268784744,1.2006523426790532
2019-03-20,0.5589139596136964,1.3008697478312883,1.68813089682785,1.0612000561341781,1.0598455381283705,1.2474945782286921,1.3120063763114964,1.0507494047730666,1.7277058662123488,1.2136170730431455
2019-03-21,0.5589139596136964,1.3656640264589004,1.725048383740716,1.072591967041376,1.0727730717008517,1.264762251281795,1.3251945500057802,1.0604621400461332,1.7327446908720907,1.222214824948098
2019-03-22,0.5589139596136964,1.340743150063665,1.7400760554529062,1.0751904003601278,1.088140651145467,1.2714167516049424,1.3290285479512742,1.0736138907701889,1.7379184372542016,1.2368998291654043
2019-03-25,0.5589139596136964,1.4080295163308008,1.7181119568955228,1.0640453792856779,1.0728885688987295,1.2572262325404029,1.3163048558405048,1.0691936865758955,1.7050797935242477,1.2197094622917506
2019-03-26,0.5589139596136964,1.4080295163308008,1.6572908985251584,1.0345832520605842,1.0370922488044951,1.2221802911912423,1.2800086420832706,1.0445620004731613,1.6661579399205935,1.1808709612161032
2019-03-27,0.5589139596136964,1.3831086399355652,1.674028891453366,1.0335828203906872,1.0392584629151065,1.2353125647241137,1.285925932710802,1.0568099890790015,1.68292680369577,1.2010449086274497
2019-03-28,0.5589139596136964,1.4130136916098477,1.6210808156014513,1.024437534010482,1.0248998631089052,1.2136052223086227,1.26377031930333,1.0374699669193177,1.6636357992184767,1.1736489933282075
2019-03-29,0.5589139596136964,1.4528870938422243,1.6598567927538033,1.058858461611888,1.057695564579268,1.2423650584801909,1.293924958090281,1.0595623032794803,1.7056259228948765,1.2075380252754138
2019-04-01,0.5589139596136964,1.4803000578769832,1.7291760236240443,1.1031099381941485,1.0945102412706222,1.28501158202901,1.3349879912747298,1.0948271551998527,1.7608684836697068,1.2496959696046763
2019-04-02,0.5589139596136964,1.5102051095512654,1.7658465001588823,1.1091047928853868,1.1011136909342796,1.2916332158077288,1.3383180466823894,1.094925093949903,1.7660308081696101,1.255821024877827
2019-04-03,0.5589139596136964,1.5849677387369716,1.7857780881860856,1.1240444976478314,1.1243541370102779,1.3040015966163854,1.3612629533607887,1.1092713175448177,1.7925983201622244,1.2666147997472086
2019-04-04,0.5589139596136964,1.57001521289983,1.78170023422371,1.139299276842581,1.1305555857925342,1.3090303526518021,1.3718717550770456,1.121505056476487,1.8020321007237976,1.279866471894877
2019-04-08,0.5589139596136964,1.6447778420855361,1.7779146595275708,1.1384735994263642,1.131153680684059,1.303686193086591,1.3759072020396252,1.1272444443675365,1.8241524834249985,1.31203876718428
2019-04-09,0.5589139596136964,1.727016734189813,1.8097150582019592,1.1439103047535122,1.1380888515120708,1.3113309692159105,1.3781399930852312,1.1217529053390538,1.81387449913556,1.2890907850001925
2019-04-10,0.5589139596136964,1.6921275072364836,1.8086261796840803,1.1362548169468372,1.1468037843690404,1.3108038694478383,1.385216521716028,1.121308662877872,1.8052790893925774,1.2859486667202251
2019-04-11,0.5589139596136964,1.7020958577945777,1.811260987390913,1.1211141343540856,1.1392749289969926,1.3036558498302877,1.3676377876058332,1.1049202121461672,1.7698026220951582,1.2654051513602103
2019-04-12,0.5589139596136964,1.7868268375383782,1.8200495885098764,1.1325363276988054,1.1439615472028741,1.3075478404395986,1.3658921726114848,1.1099221547553852,1.765218497454629,1.2600607318206594
2019-04-15,0.5589139596136964,1.7369850847479074,1.8111751919772954,1.1172539478733376,1.1304623147149064,1.294713761482788,1.3531249729004302,1.098876383260546,1.7588277946262694,1.2519977184595805
2019-04-16,0.5589139596136964,1.744461347666478,1.8444537624565691,1.1319148046454752,1.1542260155902766,1.3085864054073195,1.3725079284875206,1.115628679163422,1.7937505808055343,1.278461302277316
2019-04-17,0.5589139596136964,1.7245246465502897,1.8862824408670755,1.145797499249177,1.1693754217929362,1.3214677915653823,1.3850939517874388,1.1288128818581376,1.8046852159161155,1.296158114446362
2019-04-18,0.5589139596136964,1.6721908061202952,1.889331347604248,1.1336129597996316,1.160059096807283,1.308136591324236,1.3750191755955934,1.1207788271207846,1.8069805238128416,1.2860945472165817
2019-04-19,0.5589139596136964,1.7195404712712425,1.9499937537810796,1.138627928635967,1.1717834446330135,1.3149932060359022,1.3809313131316614,1.1309286965710006,1.8317658594805497,1.3070937182794227
2019-04-22,0.5589139596136964,1.8067635386545664,1.9457482502031398,1.137429836345097,1.1550509915449727,1.3027762770408016,1.35770625770533,1.1179780294386041,1.8017265182120512,1.2888544902633066
2019-04-23,0.5589139596136964,1.776858486980284,1.8526058261517586,1.1219929170737968,1.1305610450147543,1.2835921100680774,1.3364298712445366,1.0967628561014489,1.775547529970075,1.266866089436499
2019-04-24,0.5589139596136964,1.769382224061713,1.8630356094020244,1.1394531193371742,1.1347064281950967,1.2967838132824934,1.344991687841931,1.1095350085050555,1.7781114603033867,1.2816609383856543
2019-04-25,0.5589139596136964,1.6946195948760068,1.7736988262659619,1.104400246347476,1.0822046440994633,1.2394701831052841,1.291315511941817,1.064119088354349,1.705653118844664,1.2250122807014256
2019-04-26,0.5589139596136964,1.6971116825155304,1.7471088986043974,1.0856283353425262,1.0668902120028547,1.2240158314284009,1.2775385104593342,1.0452982661089,1.673992049899459,1.1975859947651328
2019-04-29,0.5589139596136964,1.6273332286088709,1.654096925071404,1.0381313533449559,1.0320951940791017,1.1883716324722193,1.2379762141665054,1.0131981512227417,1.62649921886067,1.1620028945637366
2019-04-30,0.5589139596136964,1.6397936668064887,1.6773437137727794,1.0653235499988785,1.0470757999726243,1.2073132190788671,1.2535100033048991,1.0350581531115475,1.639073782745979,1.1836251379185092
2019-05-06,0.5589139596136964,1.5575547747022118,1.5337850373264188,0.9939138973531528,0.9703340094746962,1.128052812571622,1.1664044296974603,0.9683678700853459,1.5283995271956778,1.100126350988204
2019-05-07,0.5589139596136964,1.4877763207955528,1.5635747071844062,0.9999129983837768,0.9881484278369436,1.1524356741468909,1.1861968583917983,0.9829215217967459,1.5524639359587986,1.1183642731601162
2019-05-08,0.5589139596136964,1.4732211065864578,1.570466735187401,0.9956850785501987,0.9857596392121449,1.1433270839751657,1.1784792392023815,0.9748079298188068,1.5404408304972381,1.1045324291189609
2019-05-09,0.5589139596136964,1.4632698597852214,1.5571597222570597,0.9896169786204595,0.9794449931188578,1.1323587848574252,1.165891893976104,0.9640196166449078,1.5216301741915959,1.1037843205991762
2019-05-10,0.5589139596136964,1.496366980280496,1.6002096712831257,1.0229983515676564,1.0075192702804299,1.1661415855376907,1.2003621284863155,0.9905887735412171,1.5683150010587887,1.129820785548233
2019-05-13,0.5589139596136964,1.4751539075217042,1.5941329914090707,1.0177227710984234,1.0002677284835093,1.160426133942953,1.1938804999725996,0.985978443087154,1.5616046350031352,1.1204366516343145
2019-05-14,0.5589139596136964,1.4587192158890563,1.571432629684283,1.0034083693388638,0.9933546853254261,1.1486341972028027,1.1838085364513096,0.9765407461127331,1.5400932579581257,1.111439317963699
2019-05-15,0.5589139596136964,1.4922711272261788,1.610436108400213,1.0251774761294945,1.0113329574321201,1.1752819398996814,1.2057075432763709,0.9951742361542627,1.5695898941774193,1.133351769025883
2019-05-16,0.5589139596136964,1.5361380438472076,1.6168688282375105,1.035668434389616,1.0207006987941718,1.1893546876694903,1.2179320972736452,1.006093064626069,1.5952473248230294,1.145720562817873
2019-05-17,0.5589139596136964,1.46977326022695,1.5563412620501398,0.9961022480121073,0.9862729566068699,1.1456296265141173,1.1739811975557852,0.9689709956246684,1.5465755655687454,1.105399919509455
2019-05-20,0.5589139596136964,1.4464282261382075,1.553532807239867,0.9902261892287835,0.9789458570896903,1.1348901513224945,1.1693085134050114,0.9629505774800117,1.5384221467066073,1.100096074330349
2019-05-21,0.5589139596136964,1.4859390008691764,1.5828429648161422,1.0091211438424854,0.9940416973569107,1.1562507131807467,1.1867876568336284,0.9818415151560002,1.56912922657067,1.1205613076434247
2019-05-22,0.5589139596136964,1.4649098232728142,1.5650833915475277,0.9950277015650473,0.9831763972258819,1.144717382257005,1.1761596203211588,0.9730823262909443,1.5511414319554442,1.1109687364884138
2019-05-23,0.5589139596136964,1.4441873807962053,1.5284748800768984,0.9748461018870717,0.9629474848363005,1.1208790207708548,1.1574141243051987,0.9579551958801957,1.5264466388891949,1.1034776228424017
2019-05-24,0.5589139596136964,1.4614406812456218,1.514412169933132,0.9706759623276486,0.9614647577695732,1.116514002457569,1.1531246280587046,0.9538326141201188,1.5157293090434125,1.0980013617129603
2019-05-27,0.5589139596136964,1.5015527350469418,1.5566034952883254,0.9950541186057621,0.9820621383451545,1.1414223455659074,1.1782499894830667,0.974934065769565,1.5478756170581032,1.122761990947558
2019-05-28,0.5589139596136964,1.5025704934070263,1.5526660574871234,0.9947757424174607,0.9812262495500701,1.141336951590677,1.1770891664775416,0.9768356575277154,1.5430143313338174,1.1215420513423326
2019-05-29,0.5589139596136964,1.5261845216369836,1.566181341591497,0.9954753190207064,0.985240951686332,1.1419753837496749,1.180336259672414,0.9775976060235381,1.5426763755144988,1.1079387137189856
2019-05-30,0.5589139596136964,1.5323691032728635,1.5589129682555165,0.9842315130577369,0.9781903902672189,1.1337340650923837,1.1710500635114867,0.9740933780410225,1.5343275184847647,1.1056742075473875
2019-05-31,0.5589139596136964,1.5259412034296782,1.5512498229643477,0.9844871994423389,0.9764648604091265,1.1294490207659014,1.1691094513472935,0.9669148198449834,1.5268965398280383,1.0964123870939704
2019-06-03,0.5589139596136964,1.499320932857876,1.5398726368369218,0.9688289106378214,0.9614365297414686,1.1168090884306665,1.1550718781569809,0.9515699425592477,1.5139850717934569,1.0903369562571876
2019-06-04,0.5589139596136964,1.4692955091322224,1.5035191951236542,0.9523537287450355,0.9465944572035013,1.1038767324155048,1.1416168274045242,0.9406321508808804,1.4936849365693539,1.0735349481475234
2019-06-05,0.5589139596136964,1.4948872792410213,1.505673674519525,0.9539923998287602,0.9493910561446224,1.1060523084666556,1.144474724814319,0.9351981157507588,1.4945924505789712,1.0741475301754677
2019-06-06,0.5589139596136964,1.4856628877602645,1.453860590054771,0.9304771376880802,0.9312797900134288,1.0846768736861627,1.1229437422672475,0.9191382510504744,1.4661513320895267,1.0584229646678174
2019-06-10,0.5589139596136964,1.493276472751195,1.4743028722476343,0.94520795796222,0.9399766366909021,1.0942761395319391,1.1340698804248417,0.927231358703289,1.4794424139923437,1.0668664665742154
2019-06-11,0.5589139596136964,1.5276862876421256,1.5289409806017709,0.9769649503346075,0.9716818987128629,1.1311136694615445,1.1724418227812312,0.9566420773950315,1.5271260091975234,1.10524681796678
2019-06-12,0.5589139596136964,1.522852791089752,1.5243070491772441,0.9697304241147079,0.9669830769179676,1.1235422502983579,1.1647803260559788,0.9489071093188204,1.5059135309807994,1.100381144894572
2019-06-13,0.5589139596136964,1.5290815569712193,1.5351535420589384,0.9781065057268056,0.974730707944626,1.1296010142500814,1.169205296468164,0.9508180450589102,1.5123127721824041,1.0902003695576359
2019-06-14,0.5589139596136964,1.4989608197007276,1.5135373171336661,0.9565549146021459,0.9577203264929544,1.1079876075697923,1.1482786126984266,0.9331611654312647,1.4909703325206298,1.0725033735540543
2019-06-17,0.5589139596136964,1.4916872888379444,1.5281394157261328,0.9551182576518642,0.9575406685982223,1.1072801756431458,1.1517701093417851,0.9353164900693699,1.499275710040395,1.0721519539470796
2019-06-18,0.5589139596136964,1.4602583086487624,1.5330890900230476,0.9519884386448983,0.9518802539039911,1.1056960336101604,1.1505672066756032,0.9357038623535378,1.4963646466932121,1.068596135071836
2019-06-19,0.5589139596136964,1.4834432611418547,1.5639778431440277,0.9644068618079363,0.9611431539852319,1.1211764367135995,1.1630799069568145,0.9438537919470371,1.5127391094172102,1.0763964270392885
2019-06-20,0.5589139596136964,1.4941183793959794,1.595241393090287,0.9756593797327342,0.9764024842162303,1.141311388470804,1.1827603871472692,0.9584807079913832,1.5357852056648083,1.0945096357359883
2019-06-21,0.5589139596136964,1.5365796462120567,1.635594037926403,0.9920787562263825,0.9892577103713296,1.1594780149926758,1.1984653544693624,0.9697374510175699,1.5495860414554272,1.1006372370760895
2019-06-24,0.5589139596136964,1.5379596773140891,1.646151740504917,0.9924973525358542,0.9889197732389544,1.1630607419322336,1.1963677106079453,0.9733141610628466,1.5492402755728367,1.100224224939567
2019-06-25,0.5589139596136964,1.5196841473489906,1.6465732920391187,0.9829891256407578,0.9807457212724504,1.1533621179465083,1.1839591884473872,0.9647883168287175,1.5361664202442333,1.0888275865806416
2019-06-26,0.5589139596136964,1.529161102347705,1.6299705766959491,0.9718665465685541,0.9741804709328394,1.1489221779445071,1.1837464013412813,0.9624404901813062,1.5336233973389473,1.086460954945085
2019-06-27,0.5589139596136964,1.5339130537550592,1.6257451076554696,0.9775964055480644,0.9760081130079994,1.1506779839044972,1.1867757760525992,0.9626208414948104,1.5375129798113725,1.089653096845736
2019-06-28,0.5589139596136964,1.5195444693389535,1.5966294427169645,0.9620534112833575,0.9608690350944653,1.1364431579721797,1.172484369623966,0.9549248784813387,1.5158049651844445,1.0814679824133568
2019-07-01,0.5589139596136964,1.5609057797175248,1.6410277437334768,0.9892709046586811,0.9887812229042289,1.1643529231892882,1.1999815979250124,0.9760135607098114,1.5478232470007496,1.1040272505694562
2019-07-02,0.5589139596136964,1.5625125359482879,1.6403703519028898,0.9917020557001499,0.988866049920721,1.1631254679187564,1.2002285946731803,0.9736041205224358,1.5484486757656675,1.1053395400884318
2019-07-03,0.5589139596136964,1.5446311271414117,1.6321803327011488,0.9869568192827841,0.9833105367625107,1.1578593114419067,1.1970038578142101,0.9665773042128691,1.53672484458821,1.0962813371194007
2019-07-04,0.5589139596136964,1.5442827031698512,1.640362200610546,0.9933543197874984,0.9835897989286695,1.1535185872732348,1.1959602107262,0.9655238884350614,1.5374935457567163,1.0977614125847985
2019-07-05,0.5589139596136964,1.5390516545319435,1.6355714398461263,0.9931903569500246,0.9823766129988952,1.155719883036475,1.196106945391157,0.9618497940662933,1.534690552014881,1.1045049946070904
2019-07-08,0.5589139596136964,1.4857217836227035,1.568951607852098,0.9607341860080993,0.9502692133900723,1.1133567335326204,1.159046637292104,0.9274579325543817,1.4778951939850877,1.07238661912374
2019-07-09,0.5589139596136964,1.5032306982531407,1.5737348974057215,0.9636869583075537,0.9511036791733365,1.114142533501936,1.1617131104143072,0.9284744153053529,1.4830752563351632,1.0702983539849311
2019-07-10,0.5589139596136964,1.4895790716836417,1.5691653214215078,0.9548404850393395,0.945127277749899,1.1052630625135509,1.1513131475949805,0.9216460115524862,1.4703110280327853,1.0578819596002031
2019-07-11,0.5589139596136964,1.487576415750794,1.564304979229388,0.9587768282078251,0.9432183556589407,1.1049602943267134,1.1520371060345724,0.9232774323089873,1.4735365248296048,1.061186865900322
2019-07-12,0.5589139596136964,1.4968399457976724,1.5637103062080746,0.9590788046905323,0.9455844868750216,1.1057085179401174,1.1561550355073087,0.9273642272593963,1.4824025880589369,1.068495731729712
2019-07-15,0.5589139596136964,1.5068841437536684,1.5780028255829806,0.9636299238307375,0.9533344078502473,1.1147251747405122,1.1672363807668056,0.9335824874771005,1.4959479529961957,1.0769798457050015
2019-07-16,0.5589139596136964,1.5169092058614058,1.5839965652552204,0.966066660225281,0.9570259542798158,1.1163714407123988,1.1688036124211565,0.9372252185304871,1.5044268673622752,1.0802497312757298
2019-07-17,0.5589139596136964,1.5182044938920347,1.594586999495706,0.9679015518735904,0.9620979387239377,1.1176605680372187,1.1712408327871042,0.936148561678941,1.5015679965693192,1.0762080913397276
2019-07-18,0.5589139596136964,1.5002068355426788,1.5758000655822098,0.9497746430485688,0.9476340361190401,1.0985656388914755,1.1538242978405986,0.9217814520448782,1.4786693324587612,1.059358492220954
2019-07-19,0.5589139596136964,1.5192343104250807,1.56937198190689,0.9540810379274147,0.9507267553803019,1.104514878995929,1.161767449010225,0.928165184992361,1.4905389614484954,1.0635029398997369
2019-07-22,0.5589139596136964,1.4538601157389468,1.533473762438731,0.9305189163043492,0.9266152614405812,1.0765740372914714,1.1370808376987263,0.9111589266250283,1.464129895299242,1.0373055203105113
2019-07-23,0.5589139596136964,1.4502708124818466,1.5494253627109258,0.9405612045406508,0.9347473235852851,1.0847290563244496,1.1454860141407703,0.9169788376452167,1.47422764384358,1.0452114024648989
2019-07-24,0.5589139596136964,1.4602994059438872,1.5598869781424636,0.9476651199276515,0.944550606636578,1.0941473298546582,1.1540135260756639,0.9261240259240874,1.4831538942073634,1.0498803526655989
2019-07-25,0.5589139596136964,1.4585730120597538,1.5648260682976525,0.9478761811547578,0.9459223497129247,1.0946472651678594,1.1526571206673017,0.9285941907933783,1.4783070849038589,1.0470869243885144
2019-07-26,0.5589139596136964,1.456083553684475,1.5571971349801705,0.9475346697445606,0.9464982853369066,1.094904192967785,1.1540545015428862,0.9286357965260325,1.4810368906961808,1.0500139213046835
2019-07-29,0.5589139596136964,1.4398451699983983,1.550323200856047,0.9475371511764633,0.943589554155251,1.091888178909757,1.1508681098996565,0.9270129714347201,1.4717028195106694,1.0485990041938265
2019-07-30,0.5589139596136964,1.4430299878925577,1.5605156153946,0.9536093227347017,0.9472069879235312,1.098638375012949,1.1574652091726656,0.9310409752783504,1.475830514753243,1.0499256009913194
2019-07-31,0.5589139596136964,1.4270720729072797,1.5383471112020404,0.9467196543310827,0.9414625099569617,1.0914836951377145,1.1500159551898048,0.9258392735162994,1.4645769700075326,1.038830579861491
2019-08-01,0.5589139596136964,1.4222369253555445,1.5268852026165325,0.9440120667069307,0.9355390140993693,1.0872338278102494,1.1392907706155528,0.9211995769690399,1.4541481720661986,1.0351821504683032
2019-08-02,0.5589139596136964,1.3963657719165126,1.5094746920333995,0.9300324308742044,0.9197814845969055,1.0679631124762843,1.1186959754366552,0.9047739876317582,1.4258646485657323,1.0199052385794138
2019-08-05,0.5589139596136964,1.375378851484272,1.4927871459094175,0.9172001835539338,0.9048457482859581,1.055039151951557,1.1045505087648286,0.892822702500827,1.403699942352444,1.0060012967407115
2019-08-06,0.5589139596136964,1.328558490934457,1.4388140812330454,0.8913396220742053,0.8753806538194087,1.0241189056182753,1.0730183604702317,0.8682165867821957,1.3620466316146052,0.9794567852992505
2019-08-07,0.5589139596136964,1.328764267947383,1.4253283320205825,0.8847346015422395,0.8749630957217432,1.0234561883125228,1.071799893059673,0.8678375734887537,1.3629309007882546,0.9756375727066132
2019-08-08,0.5589139596136964,1.3274687957838094,1.4391408242364112,0.8842289185158264,0.879288601592985,1.0298171633788602,1.076198506200712,0.8696299487180555,1.3675510273960383,0.979000986594231
2019-08-09,0.5589139596136964,1.323443567545257,1.421841708816202,0.8725501666234122,0.8700899217777459,1.0214466973752527,1.065169747064739,0.8608086783043518,1.3528202082477956,0.968649541229671
2019-08-12,0.5589139596136964,1.338696744435035,1.4432287798210055,0.8827329592141745,0.882223806501973,1.034820809752428,1.0789604776730433,0.8706724553106729,1.3686053526113051,0.977447763504939
2019-08-13,0.5589139596136964,1.3399208725543525,1.4313181729814815,0.875350541512031,0.874829947266178,1.030862235877607,1.0725159619057432,0.8640955203879278,1.3617379425925664,0.9717187053912654
2019-08-14,0.5589139596136964,1.34157304977236,1.4481619913524526,0.8781279872354759,0.8805224276637261,1.0344308887047784,1.0773049429258565,0.868051441032995,1.3698536497097673,0.9751378151253716
2019-08-15,0.5589139596136964,1.3391710557267695,1.4503523389823119,0.8772171749326962,0.8810934513974562,1.0350628212017503,1.0767642320798554,0.8674717590877022,1.3702176597457012,0.9767734312289839
2019-08-16,0.5589139596136964,1.3498619562714211,1.4566510029124746,0.8798395095269843,0.8819202813972818,1.0375126662393706,1.0797134079039672,0.8684041261211702,1.3715991913469985,0.9803047956178712
2019-08-19,0.5589139596136964,1.4188084989324883,1.4932765946285456,0.9038059377671329,0.9054557817835308,1.0658761940005412,1.107086929788092,0.8895765338857139,1.4072497035186595,1.0043205329049703
2019-08-20,0.5589139596136964,1.444268241311774,1.5040207109322297,0.9069947281487425,0.9049866224925123,1.068789811670097,1.1086171471169923,0.8934437914081038,1.4112711447682085,1.00758204224764
2019-08-21,0.5589139596136964,1.4513440867445226,1.5023646640099246,0.9057637805395286,0.9084129149026847,1.069487967841032,1.1096285342470154,0.8931496853485301,1.414667629427709,1.0077855301857432
2019-08-22,0.5589139596136964,1.4648628060170068,1.5129121031458002,0.909575658268207,0.9118520323533378,1.0722116991572348,1.1123797513933915,0.8969886066098735,1.4137823411337165,1.0125842441581445
2019-08-23,0.5589139596136964,1.4414464048341045,1.5010936777376465,0.911280424809248,0.907390038256882,1.0708980771533985,1.1131678199367736,0.8974465145043041,1.4122581288432852,1.010435320915109
2019-08-26,0.5589139596136964,1.4463621150781527,1.4926618362241704,0.9042025590448014,0.9018498552359557,1.06190443008565,1.1001662491755044,0.8912366892333834,1.40009163853265,1.0041692456588127
2019-08-27,0.5589139596136964,1.4558450138881773,1.5269310460850338,0.9202989169739608,0.9181812549135775,1.0814207821943507,1.1196474229393454,0.906794258426447,1.4244893331447188,1.018292003923586
2019-08-28,0.5589139596136964,1.4724918298963303,1.5288200449621103,0.9227734985781624,0.923901087673527,1.0823314684829672,1.1206108347566401,0.9100027815284862,1.4262146325464526,1.015570654699342
2019-08-29,0.5589139596136964,1.5022433131459214,1.5175184158108634,0.9204325278915111,0.9225446614197269,1.0824778740452803,1.116880736508555,0.9106284167428571,1.4228820358977117,1.0196363303322906
2019-08-30,0.5589139596136964,1.4652723488726307,1.4880660526446117,0.9063251836759937,0.9119241611006383,1.0691619484143937,1.106842365032582,0.8988901415988578,1.40955465018275,1.0078453688202813
2019-09-02,0.5589139596136964,1.5111901044474856,1.5270502622735223,0.9248633694459831,0.9306013850320851,1.0889063020968262,1.1311621714612419,0.9140345700649156,1.4463673065053417,1.0275980491414725
2019-09-03,0.5589139596136964,1.5416012571903968,1.533821039675444,0.9266817916194013,0.9368036409966806,1.091749153428694,1.1338280623773098,0.9179938320744291,1.4509219083669573,1.0323320101181315
2019-09-04,0.5589139596136964,1.5751512351925225,1.5489619828001073,0.9401432405068806,0.9421984653145308,1.1001295050700823,1.1459868962653923,0.9268092612656851,1.4680452774850403,1.0471060458847032
2019-09-05,0.5589139596136964,1.5601005021687904,1.5553536637275402,0.9446707442838095,0.9490421386203213,1.1064354802319225,1.1522128131442058,0.9301869536584643,1.4700647154173547,1.0492251479894905
2019-09-06,0.5589139596136964,1.5634045939879917,1.5664719782349508,0.9517112699492648,0.9529859837727259,1.108369897227161,1.1517554922257842,0.92999587109731,1.4753704872366762,1.050589445108756
2019-09-09,0.5589139596136964,1.5765273692129294,1.5931742395318318,0.9685659427122711,0.9722861889727994,1.1255960911703269,1.167572435629386,0.9421200767813289,1.4926725131192549,1.068244093922801
2019-09-10,0.5589139596136964,1.5730305196061483,1.5848635213257742,0.9713093318404259,0.974053906084145,1.1259142003406324,1.1685381876606262,0.9448008496177667,1.4957448948253642,1.0665864934920122
2019-09-11,0.5589139596136964,1.5459517859439302,1.5787646879835455,0.9691568313754454,0.9739164588741722,1.1222356939370095,1.166146035520015,0.9409016284830256,1.4926144262183345,1.069653060872853
2019-09-12,0.5589139596136964,1.554314895034639,1.6005874289534732,0.9777819364275826,0.9819491550932059,1.1321567810028026,1.1725505163165708,0.946475958450579,1.503297299440641,1.0743552581517442
2019-09-16,0.5589139596136964,1.5673857499589,1.6130013298734245,0.977632044690711,0.9835255874950453,1.1351980854185109,1.1778423550818413,0.9483656547066278,1.5037806930891784,1.0732049023291343
2019-09-17,0.5589139596136964,1.526036554297267,1.5668938692085117,0.9558653288051246,0.960065267807639,1.1106689256597069,1.1494651538652707,0.9297349937771983,1.471555556070693,1.0495621624372298
2019-09-18,0.5589139596136964,1.5312149282379406,1.5728708685578925,0.9544954216042756,0.9578031525875104,1.1090921480271283,1.1490536066713442,0.9276727607739088,1.4741503315271443,1.0485176424920215
2019-09-19,0.5589139596136964,1.5407089543674188,1.5818764320033456,0.9641167345002246,0.961782171975992,1.1148640837404082,1.156909829738192,0.9339529748748386,1.4782193902700531,1.0512446171459153
2019-09-20,0.5589139596136964,1.5394593652099953,1.5830963891597396,0.9653313721325455,0.9637311186790157,1.1191841481611258,1.155268278857799,0.9360914129244062,1.4788961606308562,1.0489120611517093
2019-09-23,0.5589139596136964,1.5453904998409913,1.5733686287641084,0.9590088899960583,0.950546882192856,1.1079101154336657,1.142497404885435,0.9235741793602246,1.4623880794680555,1.0296688541162953
2019-09-24,0.5589139596136964,1.5765357948756062,1.5698615093261967,0.9591832921282178,0.9473914403103035,1.1087266029669913,1.1424663310104153,0.9216434856765539,1.4614476642432062,1.0313795082116313
2019-09-25,0.5589139596136964,1.545666075424855,1.5318064606106305,0.9458282650413905,0.9290108850073121,1.0922038271971695,1.1259558227188315,0.9075050958131116,1.4434441972403018,1.0193366204143113
2019-09-26,0.5589139596136964,1.4963103632940902,1.493776485600966,0.9267449758597286,0.9107808140631114,1.0736126357945617,1.11025797168827,0.8903816465318309,1.4221863187116728,1.0046355084511112
2019-09-27,0.5589139596136964,1.4949499957680425,1.515223800819487,0.935157833350588,0.9180238640026015,1.07904700875132,1.117138032714054,0.8964090966380277,1.4242511496707866,1.0120334408130225
2019-09-30,0.5589139596136964,1.4845698745431406,1.5015946565201437,0.9252014736357188,0.9106807165881449,1.0684440521561955,1.1067474009250482,0.8899297015439951,1.4145769861147584,1.0090406498038986
2019-10-08,0.5589139596136964,1.5048992929355038,1.493213461937736,0.929717225368573,0.9154962910195381,1.0704099668461466,1.1124533992063723,0.8912962294044248,1.421683740443602,1.0189657235331908
2019-10-09,0.5589139596136964,1.5104884470162607,1.5106374831388476,0.9413140689301046,0.9234746555812191,1.0832217379587774,1.1207084924273105,0.9004323597704771,1.4286653313797006,1.0288603108488936
2019-10-10,0.5589139596136964,1.519134831803658,1.517476599743989,0.9537685191503533,0.9318961597459708,1.0985856649688905,1.1336618074437004,0.9076155964843241,1.4418222640120457,1.0342442786568025
2019-10-11,0.5589139596136964,1.51616164650526,1.5230426944474185,0.950869386682581,0.9344110070140652,1.1042857297523585,1.1393546067744826,0.9144384430944008,1.454424494803993,1.045692032028728
2019-10-14,0.5589139596136964,1.5441229446408198,1.5407064006927707,0.9648569649371211,0.9463348345136426,1.1230665664731783,1.1528692728149703,0.926561476306526,1.4702494599624019,1.060883408431732
2019-10-15,0.5589139596136964,1.5463934557166972,1.5237995906127342,0.9555023076996628,0.9380863608370291,1.1157029846772708,1.139983694659752,0.9189145728155445,1.4601194337291292,1.0535984300100238
2019-10-16,0.5589139596136964,1.5345396557263205,1.5130685172903822,0.9481305705446029,0.9350215438434608,1.107055263866072,1.1326512488312208,0.9134430727226222,1.450440186927176,1.0450919819407394
2019-10-17,0.5589139596136964,1.5359890195129617,1.5156047489691218,0.9457352821747184,0.9327150985377699,1.1033420526003177,1.129455289888151,0.9098589890088047,1.4453447078480681,1.0379781188294834
2019-10-18,0.5589139596136964,1.5088361825316081,1.495562859851934,0.9354448680008762,0.9186942993703927,1.089339541600795,1.1135364063603868,0.896842209251161,1.4292075887591715,1.0209056520267865
2019-10-21,0.5589139596136964,1.4836990109638428,1.4917038207672093,0.9318691714331149,0.9138273083982618,1.0841989864543535,1.113737272438636,0.893815357233913,1.4319629497848465,1.0184185844168314
2019-10-22,0.5589139596136964,1.4833441378186254,1.5034398761623866,0.9397856664451898,0.9226251281173647,1.093270373522567,1.1212875005648304,0.8996872409788491,1.4416074870519902,1.0275105450292625
2019-10-23,0.5589139596136964,1.4808093165366256,1.4973011658972524,0.9321804699077575,0.9179585417953181,1.0867866944615836,1.1177750774445157,0.895311553664843,1.4314069717993476,1.0203979461139037
2019-10-24,0.5589139596136964,1.4735443127253396,1.499186843393073,0.9339532903240816,0.9189538074337449,1.08716324963988,1.1190852717105444,0.8991713656582885,1.4345900575935193,1.0185397537008458
2019-10-25,0.5589139596136964,1.4957284403932714,1.5057379501858115,0.9404957056011977,0.9235458617011436,1.0920840790156499,1.127831348623473,0.9019290306867082,1.444231192971063,1.023703147701134
2019-10-28,0.5589139596136964,1.5109314821650652,1.5402070407842683,0.9536735687736856,0.936614117527451,1.1044991748173325,1.13723094824966,0.9119655627543,1.4587396394135097,1.033215434372641
2019-10-29,0.5589139596136964,1.4851357971005075,1.5191119023839712,0.9367729642291615,0.9220325422405693,1.090176643262794,1.121490793260361,0.9009506442351625,1.4401586240041322,1.0225802420273173
2019-10-30,0.5589139596136964,1.4544652367801754,1.4893932940008008,0.9244746103500807,0.9114408663628006,1.0793685894477647,1.1077612630062112,0.8881518354251939,1.431035131451233,1.0141195078307075
2019-10-31,0.5589139596136964,1.4202295384568384,1.4646527226867012,0.9191873343043842,0.9031979645049,1.0697542228359003,1.0994940861871436,0.8798114104226549,1.4138643446782115,1.0051548276973923
2019-11-01,0.5589139596136964,1.459630056335357,1.475762045893945,0.9275579013609425,0.9114717908277081,1.077313009187417,1.1098552120546437,0.8866729964613563,1.4258150392532922,1.0202344375841446
2019-11-04,0.5589139596136964,1.449078284748031,1.4741675363888807,0.9296011882406946,0.9124667073348898,1.0785429637420214,1.111451790261452,0.8914771145580705,1.4274251318559985,1.0224867139629639
2019-11-05,0.5589139596136964,1.4522990489556962,1.4702942734586368,0.9260451292061438,0.9125519459489452,1.0804082769939212,1.1171272987184775,0.8950894524747339,1.4313806382815892,1.0256008769273361
2019-11-06,0.5589139596136964,1.4635302263069017,1.458660159558742,0.9190336460845626,0.9065343877710502,1.0697850725439642,1.1079001364869094,0.8915460380264341,1.4260224647559037,1.0230029536348797
2019-11-07,0.5589139596136964,1.4627565848961412,1.47370749711143,0.9268267440010172,0.9129875230869459,1.0730413795114546,1.1118394503100741,0.8938655909436802,1.4290756344989684,1.029191456723217
2019-11-08,0.5589139596136964,1.467350582608147,1.4651576445798045,0.9218225911122478,0.9093249343177559,1.0701066036325357,1.109600422360359,0.8906570160757951,1.4243676314916431,1.0217081058257984
2019-11-11,0.5589139596136964,1.4250328553981981,1.427824450933111,0.8960757385139433,0.8869130030203068,1.0469010710925188,1.084004358143167,0.869477539788218,1.3886885626648622,0.9946417746304974
2019-11-12,0.5589139596136964,1.440522045958505,1.440716685417756,0.896734549527044,0.8919170815516826,1.0521620794847715,1.0851025821662277,0.8719128989683698,1.3929351617887191,0.9977762634415377
2019-11-13,0.5589139596136964,1.4271790358255305,1.434721700235754,0.8872970565824302,0.8853525556554055,1.0495029724570348,1.0808422310276031,0.8650315635540023,1.3828760833853193,0.9916006104701688
2019-11-14,0.5589139596136964,1.4512496957066419,1.4494442802163854,0.8913566118265506,0.8892446519944915,1.0495814073076326,1.0826531622494358,0.8673974212675327,1.3849965251332057,0.9974276254148402
2019-11-15,0.5589139596136964,1.411302949620337,1.4330588575288434,0.8805833783404047,0.8794265133856494,1.0369711099842085,1.0689673136989097,0.8561966543784381,1.3696459614106165,0.9868251390083755
2019-11-18,0.5589139596136964,1.4250132724532587,1.4333265149419263,0.884585002558875,0.8851885219901255,1.0467672034612707,1.077746037443467,0.8613324883430171,1.377768669534998,0.9995329627538143
2019-11-19,0.5589139596136964,1.4276900387008593,1.4533861256408924,0.8978990511568696,0.9004885090700468,1.0609083687379628,1.0918922678557867,0.8713224356906752,1.3938068242948953,1.0144510871902623
2019-11-20,0.5589139596136964,1.4118197043530847,1.4461809910939663,0.8938490941130801,0.8954297016121513,1.0558534909139565,1.0840011412508062,0.8674534104454977,1.3850866400663642,1.0136627050130569
2019-11-21,0.5589139596136964,1.4071664640084642,1.4538140213742201,0.8948748217195637,0.8937266969737415,1.0587320422214272,1.0853741187410597,0.8677550109932737,1.3922021084622929,1.013813860036539
2019-11-22,0.5589139596136964,1.3998016614918816,1.4513843700417932,0.8921763505482063,0.8909293654063034,1.0566707247231828,1.0821798619988483,0.8675481175379388,1.394731533526189,1.0116358454371208
2019-11-25,0.5589139596136964,1.4150099786456425,1.4535210576809086,0.9000907505912528,0.8990210233572643,1.0663507755936812,1.094070309974014,0.882376675523783,1.4288972738181431,1.0345115759407444
2019-11-26,0.5589139596136964,1.4187491431010666,1.4632147133095372,0.897503112414946,0.897477388020469,1.0624584069025145,1.0911461843705224,0.8769588533597424,1.4140454289488236,1.0245660041065145
2019-11-27,0.5589139596136964,1.4136521948114669,1.4582907718898597,0.895781733067375,0.8935204092864271,1.0604135865283006,1.0892648308074087,0.8752894338642688,1.4146147936606863,1.021512570111257
2019-11-28,0.5589139596136964,1.4121133908579846,1.4553564330228792,0.8929812873510327,0.8915860290440059,1.0549766619231031,1.0846151040555552,0.8702385709320232,1.40485311993634,1.015103270104564
2019-11-29,0.5589139596136964,1.4154369361094985,1.4574357183755622,0.8921508613536469,0.8968502863232813,1.0567395268440027,1.088321173863946,0.8718751387098578,1.4061671531329756,1.0130993139903444
2019-12-02,0.5589139596136964,1.4239042380955356,1.4619291906722531,0.8942247992392084,0.8953054474625376,1.0580727650114976,1.0901289262360023,0.8712805444747285,1.4086478667351396,1.0160326193336984
2019-12-03,0.5589139596136964,1.4407259560233472,1.470503944714584,0.9017345012974742,0.9006551302411273,1.0641385097732436,1.095104804810327,0.8766599271156907,1.4129502650706667,1.0184355908441003
2019-12-04,0.5589139596136964,1.4374956831559949,1.4756894261250009,0.9032694561844491,0.8998176130903595,1.063067697309966,1.0970588874826446,0.8775675160606452,1.409833459115172,1.014472259804424
2019-12-05,0.5589139596136964,1.4509994123584553,1.4793457647030934,0.9103977672795222,0.9083798115211007,1.0695395329556334,1.1043203276193994,0.8821616918292826,1.4181609894915173,1.0206392246322713
2019-12-06,0.5589139596136964,1.4568007987250535,1.4876114064083634,0.9135971227616269,0.9137063158086415,1.0752593618417179,1.1072357001562694,0.8848243357624015,1.419393329735372,1.0296506556823584
2019-12-09,0.5589139596136964,1.458061061128819,1.489187160007954,0.915940113959302,0.9192516287921375,1.0766481270485468,1.112153733683381,0.8871156509627396,1.428907005969502,1.0393096831124793
2019-12-10,0.5589139596136964,1.4551022607260138,1.4833901680505668,0.9179729737573153,0.9212086465622998,1.0793700177702863,1.1151985840449445,0.8858175894366731,1.4245982666478598,1.0435272819896868
2019-12-11,0.5589139596136964,1.461346079510158,1.4953132910090248,0.9196506268417556,0.9191138461453529,1.0771196175743596,1.1158507448356614,0.8852457979405653,1.4303137624011586,1.0409213788248466
2019-12-12,0.5589139596136964,1.457052160021829,1.4872145385615636,0.9157777361196057,0.9151065824872213,1.0727521093015837,1.1105541282026816,0.8827293666511632,1.4230496860186757,1.0353077014341567
2019-12-13,0.5589139596136964,1.4704541418100872,1.4980218563004215,0.9248578854313065,0.9247464528667558,1.083804885033102,1.1222598486383661,0.893102982604697,1.437282500037431,1.045673103960738
2019-12-16,0.5589139596136964,1.4854819201581946,1.5212650560070238,0.936851127726989,0.9404156760530713,1.0964239905159965,1.1365111541443862,0.902674399245095,1.4496673358272811,1.0604208165316806
2019-12-17,0.5589139596136964,1.4959743699771695,1.5460617798462462,0.9503100607060111,0.9535555597487232,1.1089896194961584,1.1491306078954309,0.9147916109781202,1.4662728720888036,1.0806125471037644
2019-12-18,0.5589139596136964,1.48944578603493,1.5418677082225873,0.9475274191541201,0.955738584724999,1.1106385716315028,1.1494564922400343,0.913064233953234,1.460435951196167,1.0804955920908754
2019-12-19,0.5589139596136964,1.4944736203737217,1.5581078782201336,0.9561811884466196,0.9612830271586881,1.1197413450401126,1.1552475017509676,0.9162205784450816,1.4702312715304198,1.0854313637388433
2019-12-20,0.5589139596136964,1.4901264620238042,1.5560544410597115,0.9477306029827208,0.9519706007612053,1.112941515536493,1.1516484318333184,0.9091758229746055,1.4618099055312235,1.0823138256972642
2019-12-23,0.5589139596136964,1.4635975097494835,1.5278750491635233,0.9265498461563149,0.9319586077951479,1.0942259633992382,1.1298872713294055,0.8902562602894181,1.4367904690040687,1.059140319887091
2019-12-24,0.5589139596136964,1.4972014191389311,1.5389167772498622,0.939713089074158,0.943837492314098,1.109375706867807,1.143687284295306,0.8999371285116328,1.4537573591799033,1.061436970708391
2019-12-25,0.5589139596136964,1.4967461434611133,1.5429222770395998,0.9386856051604529,0.9458753802928321,1.1080353720865348,1.1430219661675023,0.89949100092164,1.4477362288191165,1.0649662614023732
2019-12-26,0.5589139596136964,1.5086851880472438,1.547341058967508,0.9475189629176356,0.9538885409686508,1.118176986887069,1.1557695986577237,0.9070502872975984,1.4612375006789085,1.0730779424592112
2019-12-27,0.5589139596136964,1.4912421485484677,1.5412612186505863,0.940817020181897,0.9470340559392206,1.1152196054885388,1.1521857446579946,0.9081201666628689,1.458436598555596,1.0715719048178218
2019-12-30,0.5589139596136964,1.4926155164255563,1.559452443167344,0.949955653496435,0.9527450208541852,1.1235476518767162,1.1629170695462838,0.9173554230770828,1.4818107302154118,1.0830683063850348
2019-12-31,0.5589139596136964,1.50657379963094,1.5677019363204308,0.9532529066397087,0.9558129174452902,1.1324549042246057,1.168270591404761,0.9238678363831979,1.4903248065986472,1.0985818388182487
2020-01-02,0.5589139596136964,1.5229925437897573,1.5939457721830033,0.9675363927543632,0.9733411850978526,1.1525707304497013,1.188968325608893,0.9341710513757411,1.50460710378102,1.1086801120022163
2020-01-03,0.5589139596136964,1.534149443663098,1.619692480501684,0.9730520928469171,0.9770147415453116,1.1532422643642142,1.1933787433646077,0.9390446719300084,1.5033792141668985,1.1110920236472894
2020-01-06,0.5589139596136964,1.5782472566949055,1.6296147704254924,0.9792856830566133,0.9812292132777211,1.1619508674033274,1.1989923045302255,0.9445449725432336,1.5041137034838317,1.11634499854871
2020-01-07,0.5589139596136964,1.6150785102056275,1.6537366515021847,0.9954859417802668,0.9940191801147296,1.176545793347288,1.21131800561692,0.957376905779532,1.5238428712236172,1.1309435158861911
2020-01-08,0.5589139596136964,1.625798134890853,1.6500347155375028,0.9850693371430668,0.986484004596276,1.1622725135381626,1.1949906377978734,0.9478696378572645,1.4945146958810964,1.1072598554702422
2020-01-09,0.5589139596136964,1.6791246929442618,1.667223412368584,0.9993316017639307,0.9941133341742664,1.1727721758667982,1.2070737252050907,0.9572933854802635,1.5115020947836377,1.1205121939580516
2020-01-10,0.5589139596136964,1.636090565728913,1.6374536181411483,0.988389440358805,0.9924818044823266,1.1678651488626057,1.2049020516416504,0.9541021758532539,1.503008837506267,1.121511121977974
2020-01-13,0.5589139596136964,1.6351536830053612,1.6488053508226568,0.9963401804195228,1.0011210928220013,1.1752297292908613,1.2152125732736139,0.956743751019446,1.5112550924757575,1.1352340447992215
2020-01-14,0.5589139596136964,1.623526563990902,1.652326705848869,0.9945930608800525,1.0040636152016023,1.177956798973025,1.2152769207459304,0.9592376065790826,1.5133188790735002,1.136442067349706
2020-01-15,0.5589139596136964,1.60048879274964,1.6303420928048764,0.9846620414010899,0.997176319530428,1.1714641827933352,1.2017072402652789,0.9509736690329283,1.5015194465704162,1.1224505432573195
2020-01-16,0.5589139596136964,1.5984796756372686,1.6310666475378517,0.9774148125635859,0.992175442585511,1.1615487463423397,1.1965430983842904,0.9478931187036171,1.4910520945073724,1.1132327729536582
2020-01-17,0.5589139596136964,1.5825844226283095,1.619720262437522,0.974633945562339,0.987920726894676,1.1564337150948925,1.1909497535223263,0.9456724902260144,1.4865119212918643,1.1062114689359615
2020-01-20,0.5589139596136964,1.585155826401451,1.6241375088231664,0.9795349087675507,0.9970992521312582,1.1640430668742576,1.2040474541572987,0.9492681399306154,1.497162441517848,1.111943614022415
2020-01-21,0.5589139596136964,1.5599645781713003,1.5934335749270818,0.96087105344563,0.9835519278408856,1.1466638881725735,1.1858011157437436,0.9393845020043228,1.4749287930492045,1.1025916561457674
2020-01-22,0.5589139596136964,1.568199998802983,1.5840487074421452,0.9623641715119051,0.9869098231200085,1.147716553951965,1.1862181471863218,0.9323732914910138,1.4757411193003367,1.0965092318048977
2020-01-23,0.5589139596136964,1.5250601620273176,1.5172728345290631,0.9312679945535771,0.9546558526674704,1.1070125720258066,1.1442622126931983,0.9015017338508903,1.42746330077075,1.0600757667600649
2020-02-03,0.5589139596136964,1.38514525380679,1.381908707382225,0.8427910206334469,0.8651397816131248,1.004070090284785,1.032868694076453,0.8172718755977276,1.294887904344106,0.9677050227862998
2020-02-04,0.5589139596136964,1.4166577323447789,1.3342903209587496,0.8280803421968026,0.8592371094172665,0.999162213992561,1.036013844750542,0.8156425766126406,1.3065247099399884,0.9667081819519155
2020-02-05,0.5589139596136964,1.4547380773667622,1.3654391435345103,0.8499028098737739,0.8824406140402424,1.0246987778696963,1.0573162408065762,0.8321524092274679,1.3354845342987334,0.9858592240777557
2020-02-06,0.5589139596136964,1.4942569710327593,1.397801887791803,0.8721822775695504,0.9049251035556788,1.0485065824143829,1.0809677807008453,0.8499314606821591,1.3629860518145789,0.9999216537418931
2020-02-07,0.5589139596136964,1.5044588603352747,1.402729911309663,0.8875155077724064,0.9176630770895526,1.0600283062941125,1.0837944981020198,0.8546547571778642,1.3632301133199634,0.9992246198125614
2020-02-10,0.5589139596136964,1.5356295408824634,1.4325699054297452,0.908673093132135,0.9302089912312909,1.085425784819654,1.1040406584068176,0.8666491580671613,1.3915404548403707,1.0209711245850122
2020-02-11,0.5589139596136964,1.5330926726781307,1.4244565116248578,0.9022542003184632,0.9214642477500671,1.079020864831176,1.1023945605514411,0.86399691040741,1.394708239447893,1.0248913589867266
2020-02-12,0.5589139596136964,1.5253957915011265,1.4373291507649055,0.9127154139334457,0.9348817990886373,1.0924497150047556,1.1140905793269114,0.8763070930810511,1.4025896591494253,1.0348699611500176
2020-02-13,0.5589139596136964,1.4866983523212676,1.41405971820874,0.9033581657873441,0.9329896313988565,1.0738037692552478,1.10745604966865,0.8670453994525709,1.3924299532922564,1.0253255364215623
2020-02-14,0.5589139596136964,1.4774529956567477,1.4109424813471,0.9054034580936268,0.93443764325362,1.0732869744504985,1.1086893658054615,0.8693136029538763,1.3960615126378952,1.027958456608813
2020-02-17,0.5589139596136964,1.5252784849354053,1.4627450223124983,0.9327830795800109,0.963839122462681,1.1059220267796528,1.1378675665691587,0.89291496209006,1.4286730349147154,1.057315267415718
2020-02-18,0.5589139596136964,1.5534089206297443,1.4803691418801457,0.9435619411718961,0.9753388844991225,1.1194483623118368,1.1509156525799356,0.9037026205596238,1.4344482851115268,1.069845276788368
2020-02-19,0.5589139596136964,1.5957128375827936,1.4852696768582065,0.9431033720554513,0.9697719878604475,1.109736714075657,1.1491798082373867,0.9033058836536506,1.432956931395872,1.0680988629038208
2020-02-20,0.5589139596136964,1.6500321151139559,1.523103144088375,0.9576531531871161,0.9851288016204385,1.1294086437845443,1.1715472450205202,0.9190855665861458,1.4505162265181626,1.0848776237692515
2020-02-21,0.5589139596136964,1.6859984925470541,1.5452423819306846,0.967845397471809,0.9936992942881282,1.1367386010422025,1.1767911091292533,0.9277626297195224,1.457031733944946,1.094398156711286
2020-02-24,0.5589139596136964,1.7541852444856885,1.5494941152899713,0.9759607527657178,1.0074471766260853,1.1418142690656483,1.1828661150576891,0.9280898466745968,1.45601575630536,1.0921097770074277
2020-02-25,0.5589139596136964,1.8160255522678674,1.5399291892717522,0.980096941245381,1.0086248999972465,1.1406544890155819,1.1766621714128997,0.9237213939752368,1.4478322155287817,1.075841138134323
2020-02-26,0.5589139596136964,1.8621082868962886,1.546768206922172,0.9841725686392575,0.9983634164000328,1.1384465871547689,1.1774228802473738,0.9213061688694439,1.4594172334465048,1.0733175920777416
2020-02-27,0.5589139596136964,1.8139013300259355,1.5469671708705095,0.9837717744266666,0.9985367951277652,1.141681595255006,1.1778340185468736,0.9217971881839825,1.4578045035463618,1.076479665544026
2020-02-28,0.5589139596136964,1.6929293840812558,1.4562609205981039,0.9296526952180979,0.9473238268282517,1.0915269406418207,1.1196726671442894,0.8828831909810364,1.400560622389345,1.0335428381151428
2020-03-02,0.5589139596136964,1.7182415932189392,1.5117646975487624,0.9688751787649776,0.9900618490610313,1.1398449036074059,1.167694353776277,0.9184180008352764,1.4618004471600425,1.085309438021573
2020-03-03,0.5589139596136964,1.7094347649096058,1.5355382586753188,0.9759082459552171,1.0009909916202613,1.1565476311728793,1.1755785081279093,0.9259053581182772,1.4684178146757927,1.0899487612815446
2020-03-04,0.5589139596136964,1.708598156676559,1.570940360297669,0.9891209150131322,1.0138099762413382,1.1767942950053567,1.1940415824456767,0.9391653428661646,1.4803796021929296,1.1076434602485052
2020-03-05,0.5589139596136964,1.7422755103477636,1.5971227365264762,1.010187816237454,1.030715379798108,1.2022526696029137,1.2182632076914,0.9577088437589586,1.5049447283149593,1.1264781192647815
2020-03-06,0.5589139596136964,1.7264255114963918,1.607013243589956,1.012414653957002,1.0276846183160242,1.2067388496708975,1.2125932567899331,0.950387404057534,1.488194084669797,1.1125292377776783
2020-03-09,0.5589139596136964,1.6637619292124295,1.5550822937407127,0.9741925310934421,0.9937283730701554,1.1803474262522806,1.1707047494642846,0.9206709923126739,1.437538178293833,1.0866410810113878
2020-03-10,0.5589139596136964,1.7084098141463753,1.5780479690739135,0.9954120975917123,1.013095885228633,1.196641601570868,1.1944361154079273,0.9355555480152061,1.4592778776091397,1.105625968806829
2020-03-11,0.5589139596136964,1.6361947938970354,1.5620784623989694,0.9863142639746445,1.0008723488570566,1.188520615642496,1.1826620049625804,0.929629506237571,1.4454999248953844,1.099723461719996
2020-03-12,0.5589139596136964,1.5896621409513092,1.542078740865623,0.9715857992426186,0.9815847260636394,1.1653781041103675,1.1606928555726779,0.9161518953025387,1.4147842171933356,1.0814478380627472
2020-03-13,0.5589139596136964,1.5586930687062224,1.531753962273016,0.9666915549109858,0.9676889112349863,1.1502374281202588,1.150997283346665,0.9047729673573628,1.3963811165283366,1.062992905289588
2020-03-16,0.5589139596136964,1.489311868646784,1.4843148976093925,0.9311158354529809,0.9297154999615849,1.119094043191453,1.1102680718715334,0.8808754801154671,1.3567400310000632,1.029994899214259
2020-03-17,0.5589139596136964,1.5090758752638798,1.5059966450858595,0.93613228715575,0.9248178179141618,1.1195393980524146,1.10694441421116,0.8782961989177658,1.3605589381708012,1.03794421426751
2020-03-18,0.5589139596136964,1.4732382834477389,1.4786158987869051,0.9181232953938331,0.9038851403228251,1.0939354448256726,1.0844466954175511,0.8621979750953825,1.3404870329809577,1.0269667793022985
2020-03-19,0.5589139596136964,1.479077183276299,1.4853625213091861,0.9210380913378095,0.9102503060333406,1.0916285288463472,1.090716060982831,0.8656732067501305,1.34163871470688,1.0339487229178266
2020-03-20,0.5589139596136964,1.5004438193751748,1.5025462761091177,0.9354306420627219,0.9246396212907273,1.1047451962042734,1.1091916025357373,0.8802236950859332,1.3604870600362688,1.0503203860892845
2020-03-23,0.5589139596136964,1.4211088254963715,1.4579188278446722,0.8961857080419147,0.8851083958384919,1.059571081613563,1.0690698348656074,0.8516318456260433,1.3244269946378624,1.027172127188131
2020-03-24,0.5589139596136964,1.4515137387117052,1.4729022146938238,0.9117346923551527,0.9024566115454709,1.0753424844270294,1.0874632449149226,0.8673287749204339,1.3519212056716685,1.0401333847730214
2020-03-25,0.5589139596136964,1.4862704207099184,1.4955326012058299,0.9333682046350158,0.9222599243411174,1.0997924573033728,1.1116499878229509,0.8830702118128922,1.376604283000279,1.0522304773959679
2020-03-26,0.5589139596136964,1.467730450262981,1.4718132145401306,0.9206933357557968,0.9100804565377836,1.0865581856257087,1.0990961450924805,0.8751619215173573,1.360015146779394,1.0422252728593904
2020-03-27,0.5589139596136964,1.4607298335706687,1.4733734979481428,0.9225759951378832,0.9109075934701173,1.0859274533522818,1.1018572526966026,0.8816709603832945,1.368834615562517,1.0405018834734752
2020-03-30,0.5589139596136964,1.4127165171680067,1.457910706314055,0.9023026711967035,0.8971044514279616,1.0682604085592877,1.0872894962624904,0.8739061333528385,1.3529084908399334,1.030260029128067
2020-03-31,0.5589139596136964,1.42849365643909,1.4590023122559392,0.8961501483536144,0.8933588966782307,1.069113575264633,1.0829111040366828,0.873905323053421,1.3529872707487607,1.0225683684146962
2020-04-01,0.5589139596136964,1.4085757135887105,1.4401495577715648,0.8911136834471014,0.8866911714861685,1.0604468001035947,1.0764322258891899,0.8663735946557082,1.3474908456916506,1.009573453244082
2020-04-02,0.5589139596136964,1.4648562354374954,1.4663920763776717,0.9033295942683061,0.9028779229445452,1.0779436506358755,1.093948478741105,0.8811704113438715,1.3655820002681556,1.020332290161866
2020-04-03,0.5589139596136964,1.4607954775493535,1.4491280683953884,0.8952221102362901,0.8953295236898859,1.0714460699862982,1.08632313528183,0.8768574579799149,1.3579417897267232,1.0095804740200296
2020-04-07,0.5589139596136964,1.4878465475519564,1.505661168090305,0.9187281153231249,0.9189528656574232,1.1028597810450556,1.1171947847135675,0.8995970368368219,1.3893352407035853,1.0397210255023883
2020-04-08,0.5589139596136964,1.486746829719531,1.5096106711973714,0.9257207256738306,0.9189817376765363,1.1097590560025041,1.120725774566892,0.9055977483610492,1.3945317885427124,1.0428766806860101
2020-04-09,0.5589139596136964,1.495882212551759,1.5344011009145306,0.9283298921453078,0.9241093048893693,1.1131269132639883,1.12697313088667,0.9113599677927072,1.3996048697269423,1.059279041225155
2020-04-10,0.5589139596136964,1.4287746086394673,1.492448762639836,0.9096758485414035,0.9096521279182769,1.0946893647097913,1.1082317556229433,0.8974751537870828,1.376723545415099,1.0443845403626932
2020-04-13,0.5589139596136964,1.402816629306412,1.4869957046021998,0.9055713486610032,0.9012291504463676,1.0932474335227769,1.1026602540981991,0.8971495001839995,1.3759449720064076,1.0419464913206473
2020-04-14,0.5589139596136964,1.4463912428093835,1.5155819528675363,0.9203543692023705,0.9147166576172555,1.1125691602231766,1.1220393425586004,0.9057238461599728,1.3979338608745173,1.050941386120916
2020-04-15,0.5589139596136964,1.4587699283930495,1.5226401893056418,0.910867845465137,0.9074141656223718,1.102980065569093,1.112266629969401,0.8962560192305514,1.3894863766367822,1.0488413933530112
2020-04-16,0.5589139596136964,1.5096303900607349,1.5498066547706508,0.9155746087390141,0.9064909342419543,1.10489311184411,1.1172290591825556,0.8977345907557636,1.389555665585737,1.0590281590282162
2020-04-17,0.5589139596136964,1.4929671194527372,1.533190871116478,0.9185410301655246,0.907129303163912,1.1027052141730496,1.1150108446361522,0.8992242247111899,1.3998317480957463,1.056695330275281
2020-04-20,0.5589139596136964,1.4994637616881343,1.5322365119768746,0.9269301337615914,0.9097522392742509,1.1171844442514705,1.1212551785111282,0.9046330117383075,1.4074815236460656,1.0719821061988513
2020-04-21,0.5589139596136964,1.4833241167972082,1.547055577968898,0.9235551208333421,0.9012667338863463,1.1114042426730821,1.114402978348917,0.8993460097249808,1.404435716101404,1.071810566939039
2020-04-22,0.5589139596136964,1.5015712963662542,1.5647445533071072,0.9285209434669146,0.9096683720130457,1.114905848693036,1.1254575853856683,0.9075884495543008,1.416145449874931,1.0876142937470765
2020-04-23,0.5589139596136964,1.4881983622902872,1.552579514630206,0.92174362718059,0.9086647180339443,1.1165269933901838,1.1284969709225807,0.9037971332511119,1.4080910744660524,1.082014962432227
2020-04-24,0.5589139596136964,1.4676150998249118,1.5168926469722699,0.9056701673537704,0.8919736230411313,1.0918288162661198,1.1181348625132133,0.8925619500179538,1.3935911497782696,1.0627475327624836
2020-04-27,0.5589139596136964,1.4202378468333536,1.5092565021985742,0.8975067412085435,0.8894252961339876,1.0936269629969186,1.1127085781958455,0.8875217237969489,1.3966684559038978,1.0683128225699179
2020-04-28,0.5589139596136964,1.3839174576037043,1.4853078901407444,0.8831740169906973,0.8743875791577006,1.0708173156247616,1.0944924568679708,0.8689228182874966,1.3722060804176646,1.047711113222328
2020-04-29,0.5589139596136964,1.3600525816792937,1.4647539028040328,0.8828656804902499,0.8750579845192008,1.0716246421518287,1.1017151236858789,0.8722086050839178,1.3785330776935711,1.0550624606709218
2020-04-30,0.5589139596136964,1.3935016397052695,1.4828679895823798,0.9033666173863527,0.8924147166339473,1.0843843875586454,1.1203213820405047,0.8863171457268667,1.3732073339770121,1.0768920937860547
2020-05-06,0.5589139596136964,1.409596801908844,1.5088124574053379,0.9183154758664814,0.9037046806701486,1.0948056144179856,1.1326492763241265,0.89356911406269,1.3766436916266247,1.0892424861679422
2020-05-07,0.5589139596136964,1.400169134293292,1.5102881510926782,0.9106448812773257,0.8979614748347148,1.0922711513672225,1.1289899508969972,0.8905588274433586,1.3722613476474377,1.0854389689938213
2020-05-08,0.5589139596136964,1.3790729871940617,1.5066259870581857,0.9109036285559498,0.8999518137391169,1.0957582303398727,1.1337132342036718,0.8949239047437029,1.3736278130953978,1.095470156745728
2020-05-11,0.5589139596136964,1.3847803331556836,1.507379992117712,0.9091704416522799,0.897963516835053,1.095981558891372,1.1347816432458209,0.8943950689275433,1.3678040175717823,1.1051083220645979
2020-05-12,0.5589139596136964,1.3844269362514843,1.4806520015400346,0.9021024191505522,0.8922666463742988,1.090102374414822,1.129602725083223,0.8884629395026471,1.3599418981997566,1.0945668982759904
2020-05-13,0.5589139596136964,1.4053696644491251,1.4817563381938232,0.906954288322962,0.8937133618906093,1.0951621105812699,1.1304675641070518,0.8910907110416855,1.3649045850773973,1.0933430726356983
2020-05-14,0.5589139596136964,1.3685085500088814,1.4710180720597503,0.9013475301706408,0.8840476499827296,1.0879147554898734,1.1209290806109677,0.8806670180434465,1.3540513956383917,1.0790419856104088
2020-05-15,0.5589139596136964,1.3785726792371686,1.4658169596076622,0.8988911801507239,0.887170355024898,1.0905440838018412,1.124972002422575,0.8846291973866814,1.3539030846916063,1.0788465756309553
2020-05-18,0.5589139596136964,1.377484526480953,1.4499250027312653,0.9001962313066376,0.8897236206368331,1.0943199214812596,1.1266377363763254,0.8873527555316473,1.3546203412638487,1.0793812955253752
2020-05-19,0.5589139596136964,1.369572912963282,1.45507538690263,0.9043609394968751,0.892200252445468,1.1011202146146695,1.1339658490107067,0.8916722346791143,1.3634776402599895,1.0805923171839427
2020-05-20,0.5589139596136964,1.3475420320094251,1.4474935946538778,0.9027726621191291,0.8852791689668595,1.0923107266316396,1.1275074532431397,0.8868401016579465,1.3523612622699368,1.0695768051099332
2020-05-21,0.5589139596136964,1.349722509763659,1.438450650548178,0.9003035671959215,0.8824047847260358,1.0864218231393894,1.125194603993198,0.8829991665196149,1.34672549735486,1.0691931684912488
2020-05-22,0.5589139596136964,1.3518078283106318,1.420195130130386,0.889750963280686,0.8660675630617718,1.0730882380853655,1.1125340429387447,0.8735447369457656,1.329703119063903,1.055095799976112
2020-05-25,0.5589139596136964,1.3345150895712574,1.4363781671782696,0.885527699149081,0.8633446438655552,1.0755765042310743,1.1152857115519237,0.8723914667902961,1.332741926175903,1.0693784664883323
2020-05-26,0.5589139596136964,1.351120652062246,1.4640592246161115,0.9000756593754791,0.8750038496881538,1.0868496499585028,1.1306550483828868,0.8853257905551207,1.3465037283067443,1.0811915591113057
2020-05-27,0.5589139596136964,1.3485350255583801,1.466481455996085,0.9015112010774692,0.8772665480699121,1.091549406561498,1.1306416042102867,0.890149019512971,1.3462665742576923,1.0864839368250585
2020-05-28,0.5589139596136964,1.3518791977160776,1.453858719029751,0.8981656163884537,0.8760695611210678,1.092500209759241,1.1256804415313613,0.893027445320758,1.350671189778371,1.0855281652528936
2020-05-29,0.5589139596136964,1.3587740278829785,1.468532640170373,0.9073336896046819,0.8843851157368379,1.0980247875521234,1.1270019655511463,0.898796310077176,1.356949863083289,1.0946059884889268
2020-06-01,0.5589139596136964,1.38701256275535,1.5011188521186059,0.9259770095976153,0.9027105423555966,1.122152248096751,1.1543188143943584,0.9201909534270319,1.3812574698382765,1.1146095765437907
2020-06-02,0.5589139596136964,1.3852848133543785,1.5401152931906943,0.9384103797677862,0.91341366038007,1.1313852982130885,1.1667907228984316,0.9242533340945219,1.390170627643695,1.1194412173788908
2020-06-03,0.5589139596136964,1.3801415223902642,1.5353752333638162,0.9362653442393953,0.9122809958359629,1.1327963800034622,1.1703015549682119,0.9252766863894415,1.3882632407902664,1.1151626255074991
2020-06-04,0.5589139596136964,1.380065980743016,1.5246396374685984,0.9429689044064455,0.9180835755482609,1.1382198841172053,1.1723585564584666,0.9316222590249963,1.3899548549816225,1.1168217363030837
2020-06-05,0.5589139596136964,1.3815117026452335,1.5172176172602574,0.9396071498426217,0.9144138205623562,1.1347871853803004,1.168072023655425,0.9279338763676721,1.3822462175271748,1.1158599400736742
2020-06-08,0.5589139596136964,1.372535726173162,1.5164772699429827,0.9323628572866324,0.9145104148388784,1.1369819906095078,1.164567186842006,0.9268551230192396,1.3778241581920394,1.1279420756297274
2020-06-09,0.5589139596136964,1.3869370211081018,1.5164152671912736,0.9308152751924209,0.9146067707171753,1.1418015409504185,1.1667346976678439,0.9294862663476442,1.3853219813826791,1.1259471123361202
2020-06-10,0.5589139596136964,1.3876241973564876,1.508348004116067,0.9252479418343087,0.9111502726763988,1.1367242709039826,1.1637924972789513,0.9249261587090306,1.3763492227927427,1.1217726898479559
2020-06-11,0.5589139596136964,1.3663280722546471,1.5071577862635437,0.917449644911924,0.9072756731734912,1.129392631499855,1.1572710704987499,0.9245329137118391,1.3661249975722878,1.1070185613324268
2020-06-12,0.5589139596136964,1.3664511935055257,1.502061288931877,0.9160698615380402,0.9061495461425871,1.131043778104393,1.156898790220556,0.9238436384666638,1.3653402522365985,1.1045014151764792
2020-06-15,0.5589139596136964,1.3824569160020101,1.4988528477809777,0.9165151638074146,0.9077291241448311,1.1293718191156905,1.1539445308783893,0.9196036147108619,1.3627579010203799,1.0879557908860968
2020-06-16,0.5589139596136964,1.3848438796077498,1.5148314744420097,0.9279436397382709,0.9220527845201103,1.145221140605665,1.1669187160163494,0.931767337502631,1.3775071837594242,1.1136356363584166
2020-06-17,0.5589139596136964,1.3889823824162757,1.5125828929338845,0.9288205594912766,0.9274355009017158,1.1467137496493374,1.172698591271766,0.934151696479713,1.379365905399946,1.120083610926601
2020-06-18,0.5589139596136964,1.451909376928037,1.5223260684217166,0.9277382249044185,0.9299837509320102,1.1499891428577096,1.180709060124495,0.9386679863616638,1.3792393098451265,1.1292466127317287
2020-06-19,0.5589139596136964,1.4503881133785714,1.5183883589977145,0.9292675067878876,0.9288010906181656,1.1464492965030395,1.182460542400288,0.9464687043278307,1.3796672630884594,1.1269209620871947
2020-06-22,0.5589139596136964,1.4124310232287325,1.5104664470718938,0.9241606187294497,0.9229378666212121,1.1432656208034155,1.1756927468729759,0.9415316603950425,1.375970264235772,1.121435514328119
2020-06-23,0.5589139596136964,1.3849748238120074,1.5001994686358096,0.9197877331083039,0.9188863722642937,1.1378997636542896,1.168656799054594,0.9344649233862514,1.3735931420876453,1.1176419451909745
2020-06-24,0.5589139596136964,1.3576655354479763,1.4960953772642454,0.9177133482251075,0.9150628086295549,1.1298781523848642,1.1609365550710535,0.9266627763620857,1.3673219449386345,1.111469062101872
2020-06-29,0.5589139596136964,1.3688975313215295,1.4805247903646221,0.9089334827176273,0.9047745227092948,1.121980155323714,1.1515183184857245,0.918861270183211,1.3530138951576105,1.0899485663260942
2020-06-30,0.5589139596136964,1.3992689643445049,1.492189646314699,0.9166045442933652,0.9130218941323285,1.1356406526725036,1.1633902364554944,0.9291730886126285,1.367917099843818,1.0995639518761844
2020-07-01,0.5589139596136964,1.4405386138968466,1.499732618537749,0.928131455792392,0.9207915881200452,1.15163835096329,1.1777390988941672,0.9401232467740895,1.381024147861819,1.1124601722314609
2020-07-02,0.5589139596136964,1.4927064799785554,1.5216192727725313,0.9458887023568583,0.9411389151212656,1.1785633874256942,1.2050978488811466,0.958824638626689,1.4122158078649236,1.1260016027084843
2020-07-03,0.5589139596136964,1.527224238763436,1.5312240800314234,0.9623022591475445,0.9554109097255757,1.2025004619329096,1.2280034000778535,0.9764078926816162,1.4384222048306312,1.1413638346500228
2020-07-06,0.5589139596136964,1.613703177189971,1.5956038283304748,1.0044659038474835,1.000342075300864,1.2607000096725436,1.2878276050943263,1.0256746499797333,1.5100691484036175,1.1924724370788164
2020-07-07,0.5589139596136964,1.5613526150585721,1.5977320505472032,1.007083581838244,0.9973596924628506,1.258595215990605,1.2912751946146839,1.031381727942628,1.5079646972103489,1.1901645237550778
2020-07-08,0.5589139596136964,1.5650977637240995,1.6189594899183528,1.0267789146126143,1.0174367782314564,1.2813276705401995,1.320129741241486,1.0545251113870904,1.5435977288290925,1.2195629059274982
2020-07-09,0.5589139596136964,1.5934196631970983,1.6454663713809865,1.0488089394524445,1.036836356548597,1.3039603075450636,1.347495345971382,1.0825858979677239,1.5754989050095727,1.2557222535722146
2020-07-10,0.5589139596136964,1.610140523985586,1.6339760750527024,1.0467235482981692,1.0236919292769326,1.2919765481389627,1.3287147111820203,1.0716406153980589,1.5577061395583036,1.254282760730099
2020-07-13,0.5589139596136964,1.6581818824539503,1.6682274503051127,1.0713477134742728,1.0512022045829452,1.3324737908628155,1.3629837330816588,1.1088239884785847,1.5968941294708725,1.2985337127944314
2020-07-14,0.5589139596136964,1.6841805653618247,1.6577511809777397,1.0668011656495004,1.0460624138162036,1.3228996030367708,1.3567398679445288,1.0995967406203846,1.5929657212455666,1.3020542814673843
2020-07-15,0.5589139596136964,1.6831203746492258,1.6060941846142833,1.0372842637130506,1.0205880176659334,1.2904002844733258,1.3234761535616082,1.0629509025308088,1.5592975808158858,1.2573578827106098
2020-07-16,0.5589139596136964,1.6533409586673762,1.5495652082216247,1.0035710542358323,0.9841357731037106,1.2357417222498834,1.2726906726013734,1.0222483167753957,1.5174149371576313,1.2183155862998862
2020-07-17,0.5589139596136964,1.674970863113403,1.5252582636101368,1.007874564809034,0.9843891142691559,1.2317415103973082,1.2636209600581345,1.0153798636684628,1.5174433438179946,1.2114751561437775
2020-07-20,0.5589139596136964,1.7498050345519212,1.5887492495491078,1.0524173895035043,1.0244247532089914,1.286990442211229,1.315349700229817,1.0584273384542673,1.5771071442185762,1.260705831846206
2020-07-21,0.5589139596136964,1.7665974653344025,1.5976391159370675,1.0567727076708444,1.021963869285085,1.2908070711738986,1.3173014978877151,1.0657422786484565,1.5793682544339271,1.2619101349572859
2020-07-22,0.5589139596136964,1.7998365523599975,1.5850581788681568,1.0534753675440875,1.0197426256636637,1.2932960671646656,1.3192293006394606,1.066821706097889,1.581759940305009,1.275205899342713
2020-07-23,0.5589139596136964,1.8227890574573633,1.5745130983795854,1.0476869629570387,1.0106111902221486,1.290785008233399,1.3085538230395912,1.0623876440184845,1.5817577562794776,1.2662404595241148
2020-07-24,0.5589139596136964,1.823945129495996,1.519318250307961,1.0125437243119488,0.9789615634582839,1.2477647659550635,1.2623820563753962,1.0233995559051607,1.528256041331906,1.2118518824024125
2020-07-27,0.5589139596136964,1.8614458405809955,1.5152919660303212,1.0153900924517123,0.9818644158670633,1.2437337308522578,1.2601580141400195,1.0269239879431826,1.5264452986638877,1.2136271280071387
2020-07-28,0.5589139596136964,1.9040898426301087,1.5281140552448376,1.018851823978735,0.9975763511969133,1.251758276035718,1.2655730562477892,1.0320196509418464,1.5335044080277835,1.2176319377699427
2020-07-29,0.5589139596136964,1.9688123052367092,1.5564479870590298,1.0346320398395703,1.0131283551174484,1.276118051951679,1.2889087919915567,1.050813723791433,1.5610838010612658,1.2443368639880519
2020-07-30,0.5589139596136964,2.0095340672285276,1.5502903350778683,1.033301265457672,1.0163743052164624,1.2820044599063336,1.2972538286966664,1.0546054588700253,1.575751281106164,1.2387298632794124
2020-07-31,0.5589139596136964,2.0644982179074107,1.5599845102911976,1.0407692583957533,1.0270167894832296,1.2946102264030304,1.3083111762443065,1.0686462036333455,1.5854077625600993,1.2435667218485682
2020-08-03,0.5589139596136964,2.13672714528205,1.5943242432002644,1.0721656923541762,1.053221268683716,1.331810347411608,1.339520112958846,1.0997431980137855,1.628914098322835,1.2916975509023223
2020-08-04,0.5589139596136964,2.186830032495572,1.609571390254071,1.0691989600588532,1.0551141124735468,1.32370828834648,1.3380382858229773,1.094223109948663,1.6196412634237294,1.309186422318084
2020-08-05,0.5589139596136964,2.24195308942233,1.6129779572987908,1.073044771324434,1.0625713449676188,1.3229028004996082,1.3397738076504662,1.098315695445856,1.6213961708330913,1.3284140547939154
2020-08-06,0.5589139596136964,2.303359341914851,1.6256287610674618,1.0731212769126304,1.054506237659946,1.318542482515986,1.34431949926308,1.096241623789752,1.6218959465236422,1.3287220779407891
2020-08-07,0.5589139596136964,2.215589215003624,1.6110645254888878,1.0667466606869442,1.046105249796968,1.309121976262341,1.3315201761481945,1.0828833311001123,1.6000331909389356,1.307970401675548
2020-08-10,0.5589139596136964,2.1716939817086165,1.6469935507220417,1.0769936962821411,1.0571201908509902,1.3304611719298405,1.3506058231061138,1.0985019625848964,1.614109894498713,1.3174090655385247
2020-08-11,0.5589139596136964,2.0983251497323283,1.610058611158607,1.056312112895776,1.0428716677799048,1.3106745380322755,1.3268615614976726,1.082568775852044,1.5821344181473962,1.2941536747532778
2020-08-12,0.5589139596136964,2.0508554686263034,1.6099108132151303,1.059965259108565,1.042592363818074,1.306118373576605,1.3256563274867939,1.0794859585362266,1.574379305245156,1.2855550876466584
2020-08-13,0.5589139596136964,2.113961508476178,1.6211101789712783,1.0670148106248265,1.0491750644489162,1.317858125043329,1.336175647264762,1.0861145736047044,1.5949169325671615,1.297235287028765
2020-08-14,0.5589139596136964,2.061654353706607,1.6169651735416628,1.065719588248563,1.0545846136012424,1.3191858556714136,1.3391850904846416,1.084609612230217,1.5978931141983452,1.3098689407754103
2020-08-17,0.5589139596136964,2.044774386081696,1.6428488133636865,1.0847032671768124,1.0734499607977486,1.3481766822035075,1.3668567632883364,1.1020720777014004,1.6191559467383343,1.3282351289899017
2020-08-18,0.5589139596136964,2.0222348526873413,1.650158918250296,1.0941116712027446,1.0784883426142837,1.3616193970683825,1.376157097719845,1.1131266938059743,1.631915452842441,1.3409091607954668
2020-08-19,0.5589139596136964,1.96369625419744,1.636974015238574,1.0861918485477169,1.0677659472385015,1.3490710316751806,1.3650322147553011,1.1022509512269558,1.6247957696296877,1.329180365930507
2020-08-20,0.5589139596136964,1.9251473475950243,1.6119048315792428,1.073241333114219,1.0549759371934109,1.3289576502023293,1.3523975557444903,1.0840381857692925,1.5934033791797677,1.3227273199239347
2020-08-21,0.5589139596136964,1.884401795801391,1.6170398756726716,1.0774668564393823,1.056475181331372,1.335333301890828,1.362784905166433,1.0868753122681607,1.6004115310015121,1.3287070017478906
2020-08-24,0.5589139596136964,1.918351848877187,1.6192993781854998,1.0801489849884363,1.0569948184190125,1.3390808094322912,1.3594773905789996,1.0884068284849293,1.5963580847032848,1.3217425893082608
2020-08-25,0.5589139596136964,1.9533424751055681,1.6092031645427958,1.0730389748702573,1.0456153064134368,1.3333745476064816,1.3451323648690514,1.0734139006710566,1.5833217075506607,1.313102084409101
2020-08-26,0.5589139596136964,1.9880034942315654,1.5863488583242193,1.0589319715126928,1.0263995705264433,1.3064420726893562,1.3235433937354788,1.0502628654986157,1.55539169102018,1.2867598057855443
2020-08-27,0.5589139596136964,2.054648196895461,1.5945908441154555,1.0699045170409802,1.0346882152770633,1.3168031792338701,1.3316770556323734,1.0608837720284692,1.5717300720826968,1.302697298632887
2020-08-28,0.5589139596136964,2.0312191736430174,1.5991533647187006,1.080800581545093,1.0396992787980661,1.3333553668813898,1.3444301174845876,1.066567500427146,1.5841378393098855,1.3139903595240614
2020-08-31,0.5589139596136964,1.9684189510937113,1.604157291887892,1.073885656137344,1.0435235381014198,1.3342251793630582,1.3413563704151372,1.064952386453939,1.5856145218589257,1.3216666798744696
2020-09-01,0.5589139596136964,1.9480520725002113,1.6264933922702194,1.0736384450943892,1.0478654341790872,1.3410315504760397,1.3507777973529147,1.0659614061411575,1.591351957554477,1.3229803501806159
2020-09-02,0.5589139596136964,1.9540652357624022,1.647584040386398,1.0784980520577478,1.0486032961991698,1.346222323059099,1.3509743453706642,1.0631464514160562,1.5892044627694424,1.3238602728486377
2020-09-03,0.5589139596136964,1.9902749589512572,1.6397481995615413,1.0765944948969124,1.0411979679816437,1.3326261878600951,1.3412191224743601,1.0543183775479077,1.5783807426435847,1.3080836164172305
2020-09-04,0.5589139596136964,2.0184462966599854,1.6513417935483272,1.0734986444689396,1.044600067551631,1.328262761715391,1.3384294934283716,1.0507446807654195,1.5712970531704251,1.3016106818919668
2020-09-07,0.5589139596136964,2.0613485364060375,1.6603143943107874,1.0659720469580511,1.0356949040551298,1.3173785452796913,1.32277631068227,1.041103609590708,1.5556921814687883,1.2859722151300965
2020-09-08,0.5589139596136964,2.097196518207088,1.6968949811775236,1.0797700953215255,1.051235704693146,1.3370804027884107,1.3428779388849683,1.0615343344521027,1.5834348688112654,1.2895397503053145
2020-09-09,0.5589139596136964,2.1974017711039067,1.6630277259605102,1.069492120722113,1.0366271146161963,1.312424916644751,1.3296008505660253,1.05263737140812,1.5696984245260066,1.2848315074512076
2020-09-10,0.5589139596136964,2.1814083647442812,1.5920099375068701,1.0393431845273897,1.0029625434596274,1.2735350494651532,1.2958585441640085,1.0191220914268677,1.5298140452844007,1.245727911290605
2020-09-11,0.5589139596136964,2.1751928878723867,1.6079551566396861,1.0461565509082615,1.017699938795892,1.283541746047267,1.300747354693199,1.0305493847476925,1.5359237124495595,1.2588763208535747
2020-09-14,0.5589139596136964,2.1299870491212225,1.6145146248169182,1.0542663573221436,1.0226467623569848,1.2935639509879941,1.3087163419244343,1.0358733419840485,1.545743434786611,1.258224111492617
2020-09-15,0.5589139596136964,2.171824925912874,1.6010503445853848,1.0570846555892395,1.0203710288485166,1.3006184664993719,1.3127546768438376,1.040386048706432,1.5421134693394536,1.2592995514643468
2020-09-16,0.5589139596136964,2.223826263381876,1.6035515553093957,1.0595540241575083,1.0172282483658361,1.2935995744133824,1.3135779085250052,1.0374582699246733,1.5395695540000964,1.2515564464188866
2020-09-17,0.5589139596136964,2.1938837689103488,1.621556429464068,1.0655847888341423,1.014327474472522,1.2934710634650666,1.311031551615831,1.0353272484438638,1.541472443786415,1.255602360885235
2020-09-18,0.5589139596136964,2.2167207751216673,1.6371309051612946,1.0808388629250143,1.029088267802128,1.3167906056398153,1.3293964789371941,1.0520757420856033,1.5627176991806189,1.2727652221579464
2020-09-21,0.5589139596136964,2.177349575824805,1.6586582761373405,1.0769178770897343,1.0294972609629485,1.3142352029203062,1.3271379512254282,1.0499627828370275,1.560240381320868,1.2673314749180018
2020-09-22,0.5589139596136964,2.194312707461796,1.6361702716631128,1.0628957739043772,1.0127333861144516,1.2878222972717746,1.3067487178460002,1.0297189150378825,1.5345524074906656,1.2448880813799028
2020-09-23,0.5589139596136964,2.1333116037189073,1.6368158186416708,1.0630184777363072,1.0161550874956509,1.288910274199254,1.3057034510776402,1.033910751897474,1.5324341450294656,1.243679786753152
2020-09-24,0.5589139596136964,2.0566979310339852,1.588104590943543,1.0380108104073027,0.990124109476205,1.2576420302213362,1.2724352221546649,1.0078141750164868,1.497435342547832,1.212947072526748
2020-09-25,0.5589139596136964,2.0039380479111513,1.5616446934103054,1.0271825839037907,0.9849275149316319,1.2492084631977565,1.2679273284395327,1.004277321784593,1.498567850979171,1.2088921993515032
2020-09-28,0.5589139596136964,2.0403184719545147,1.5437160298917227,1.0144929321095657,0.9761082077329786,1.2395647595561765,1.2593796643962514,0.9981627265896342,1.4948401588419256,1.1959241289164844
2020-09-29,0.5589139596136964,1.9801276657108902,1.555915659237558,1.0185967036640242,0.9783439240826182,1.2442180976389992,1.259217756172757,1.0028115752129232,1.5009053328840516,1.2034564525939586
2020-09-30,0.5589139596136964,1.9736141944918064,1.5491074929119584,1.0139044811226152,0.9745705427094761,1.2390977226948203,1.2484815316322373,0.9940260789968088,1.48549048089404,1.196450014927196
2020-10-09,0.5589139596136964,1.9902911263882404,1.5752384114784668,1.0337285337177515,0.9996311797218475,1.269164474352892,1.2792518858123618,1.0234752713691004,1.5289224323661499,1.2286225219695242
2020-10-12,0.5589139596136964,2.0167025804105774,1.6160880610332682,1.0573337346792193,1.0240126883522673,1.300042768478782,1.3115598279389942,1.050457454114471,1.5630326966168928,1.2686166588395873
2020-10-13,0.5589139596136964,1.9957122726093055,1.6178745524436091,1.0585019754484566,1.0288789702740881,1.3004569762604925,1.3102089357947062,1.0511341346968637,1.562775392304295,1.266198854179866
2020-10-14,0.5589139596136964,1.9591290134260138,1.5969931879477806,1.0432671398876967,1.0238643336686342,1.294391080222529,1.3009254413313098,1.0438943496497972,1.5538608848920847,1.2552019876983223
2020-10-15,0.5589139596136964,2.011054809247768,1.5954443570015628,1.041446865975007,1.0246285221371296,1.289627054767678,1.2963921385196113,1.0385914417259579,1.5530627570082836,1.2661649659140863
2020-10-16,0.5589139596136964,2.0127783864069366,1.5908074969254438,1.0460702191540294,1.032372803728118,1.294679479281899,1.2998236528729528,1.0372300957995226,1.5563987338577812,1.258028340352556
2020-10-19,0.5589139596136964,2.006439788284164,1.5974526837981518,1.036745712845648,1.029572956861776,1.2862445673766618,1.2933441668941241,1.033993541628081,1.5461762258103113,1.2434371134448512
2020-10-20,0.5589139596136964,2.0526106585406656,1.6109532566614244,1.0423531151528038,1.0312066495992176,1.2919566665901594,1.2987360359082638,1.041096001084569,1.5504744793492027,1.2466763192950416
2020-10-21,0.5589139596136964,2.0969824099907504,1.589241395333311,1.0318201164874163,1.0264021580297058,1.2800695987570674,1.288317933312453,1.029616996555289,1.5408909154504034,1.2348924301900086
2020-10-22,0.5589139596136964,2.0865607116164617,1.5776228882217662,1.030359980270232,1.0215720243347075,1.278559336389594,1.282180296162122,1.0276661694655858,1.532707090219806,1.2315320447204934
2020-10-23,0.5589139596136964,2.1176472829314403,1.5729759474949714,1.0277211812464162,1.014867559191515,1.2718970925479403,1.2717359007061029,1.0174344389131187,1.5197079897901118,1.2165110164255408
2020-10-26,0.5589139596136964,2.119116794635473,1.5710446833167253,1.0272852111688882,1.008430800540611,1.266018076883563,1.2693318931043782,1.0172163502658,1.5178725719260393,1.2184242524691224
2020-10-27,0.5589139596136964,2.0820212323001064,1.563815485136434,1.019363964514922,1.0083065126682342,1.2618031770375864,1.266021598636663,1.0126555645121507,1.5116814423712635,1.220350042813593
2020-10-28,0.5589139596136964,2.1270759877567746,1.5628407101145314,1.018804168499614,1.012806681842533,1.268132151822465,1.2673517781241899,1.0170153005489433,1.5200948156876155,1.2365180444800148
2020-10-29,0.5589139596136964,2.107555191659536,1.546288986763638,1.015868213535905,1.0091266372520675,1.2668478423398999,1.26658797888292,1.0215481149016021,1.5175906468914058,1.2348083210512548
2020-10-30,0.5589139596136964,2.0326930581774003,1.5229829177808645,0.993311228505127,0.9857933351416464,1.2424456389944445,1.239692824570865,1.0030360644993237,1.4871659050743944,1.2139595270222985
2020-11-02,0.5589139596136964,2.060077888188679,1.5206348168606076,0.9950885720846289,0.9866086632032345,1.2447720247262117,1.2459858982069143,1.0081269334420124,1.491257487079651,1.2249931272850665
2020-11-03,0.5589139596136964,2.157101846828929,1.5288813238514234,1.0158689354182666,1.0014089215623274,1.2667620705300036,1.2661775672603608,1.024904994450841,1.5220930050720436,1.243988661366887
2020-11-04,0.5589139596136964,2.1445276327440244,1.518926328340935,1.0121836513897602,1.00206051822455,1.2666055228603175,1.2643021925873357,1.0241915003903224,1.5213471788135653,1.2547053646134936
2020-11-05,0.5589139596136964,2.1378272932334474,1.550395935938746,1.026794300953647,1.0174837418927847,1.2953752567166836,1.2873471056350032,1.0446329735124666,1.5394193405450405,1.2819791591402225
2020-11-06,0.5589139596136964,2.146092303655318,1.5398126578185856,1.0204696305262135,1.0196543670123954,1.2943825516110443,1.2869459328856934,1.0410117763466993,1.5320354224300765,1.2747836042097171
2020-11-09,0.5589139596136964,2.138963025593294,1.5512802525540417,1.0325020212949723,1.0375420556154047,1.3210691130573702,1.3088891765251969,1.065309319044202,1.5557531348647258,1.3082567771909024
2020-11-10,0.5589139596136964,2.117063088843695,1.5395507464773084,1.0318414296603489,1.035124272244541,1.3113934758959291,1.303208900634507,1.0545192106587966,1.5472863075910863,1.3087514902870916
2020-11-11,0.5589139596136964,2.1572761983950155,1.5216944154295025,1.0353245879195683,1.0310408100576378,1.312367549996682,1.303185943558872,1.0461235635756816,1.5522922584519159,1.3253638475222558
2020-11-12,0.5589139596136964,2.1050249677126796,1.5205422120035381,1.042000358449398,1.034804935259469,1.3232709049781812,1.308259321769742,1.0485914200492277,1.5507813024183366,1.3386187651955934
2020-11-13,0.5589139596136964,2.1129883330757826,1.5207309486316758,1.0387532060236222,1.0301001238314809,1.3170646303627553,1.3049038191968516,1.0480309585174952,1.550839768090352,1.3358349660682176
2020-11-16,0.5589139596136964,2.235406962387601,1.5319343254738487,1.0558282476402094,1.0473448204949554,1.3500502818848497,1.3374537784522367,1.0721660448111552,1.5794977010650493,1.389746579225239
2020-11-17,0.5589139596136964,2.2118744354442916,1.5526438649723588,1.0577691535703386,1.0486415709952543,1.3461710154766764,1.3382134971138626,1.0768847768998768,1.585279170527216,1.3940745472834166
2020-11-18,0.5589139596136964,2.184525189841461,1.566318577482958,1.0682981853874338,1.0550580789954849,1.353112482410418,1.3486336528929224,1.0786096881361156,1.6015356783776526,1.3928999587430393
2020-11-19,0.5589139596136964,2.0986338956257002,1.5551785932373232,1.0638095176582438,1.0493478289585205,1.34811372701095,1.3437655391956924,1.0712238349923013,1.6071845175987418,1.3809709793386868
2020-11-20,0.5589139596136964,2.1509405288650463,1.5658000477140221,1.0674523566386231,1.0590018113297697,1.3591497157421324,1.3554715531116484,1.0868775436455858,1.622381233346178,1.3941146239520543
2020-11-23,0.5589139596136964,2.193484677934871,1.5872437571231865,1.0781697281811957,1.0720097248378526,1.3785200326567544,1.3763894086308481,1.1000821527308917,1.6453193090365574,1.4057571600063126
2020-11-24,0.5589139596136964,2.2117181368475434,1.5977083591295655,1.0842029679626146,1.0741360272493132,1.3735060538963573,1.3757875900270462,1.0964168519816102,1.6433790040713294,1.4116225587134563
2020-11-25,0.5589139596136964,2.2915643341042413,1.581920366922098,1.0714923129768803,1.0663128227374223,1.3511268351392056,1.3550812003289192,1.082948502608428,1.6165367433563294,1.3857658988672295
2020-11-26,0.5589139596136964,2.2568008543478295,1.5853494726669835,1.0679118386534217,1.0624533365695872,1.3466431146007802,1.3499028566105717,1.077465792018644,1.6149690301275326,1.3836528437170692
2020-11-27,0.5589139596136964,2.334613484902987,1.5879191931517176,1.066656738839589,1.0620908306787664,1.344788565192808,1.3529255651465746,1.0780670039634093,1.61192175206997,1.374120197839815
2020-11-30,0.5589139596136964,2.4312597353069973,1.588861802634108,1.0665397175324431,1.057436922801525,1.338158824402712,1.352018220818745,1.0753307949363855,1.6095786032759571,1.3621400409771869
2020-12-01,0.5589139596136964,2.5270718984099285,1.5956083319922836,1.0709914716838087,1.0693723796940051,1.3504591266334665,1.3667377430029506,1.0865724371491952,1.6232625793900384,1.378974656206864
2020-12-02,0.5589139596136964,2.6768910036397844,1.6122745026946743,1.0710569016469922,1.0725307320895068,1.3529909618507014,1.3711090734272278,1.0882899898727108,1.6197847465002142,1.4044616500281721
2020-12-03,0.5589139596136964,2.7254762780154183,1.6125690808841417,1.0675817624075894,1.0633302553123565,1.338386407055571,1.363853138943696,1.0846782729814715,1.6050488393576618,1.42527305526649
2020-12-04,0.5589139596136964,2.6327066420114176,1.5924534807124298,1.0704148123756498,1.0631530178239408,1.337277414120503,1.35830349891478,1.08042245869017,1.605552642113399,1.4540972761388942
2020-12-07,0.5589139596136964,2.68626085578508,1.568315345691885,1.0702026066083234,1.0548836611990806,1.3276855726695063,1.344601595020967,1.0721104505733159,1.5937777700184872,1.4577007401354996
2020-12-08,0.5589139596136964,2.740418359676276,1.562132602918698,1.0697836431936063,1.0542011093404162,1.3231685697456277,1.3399631756496293,1.0703188998454904,1.5845967776036989,1.4346675408051943
2020-12-09,0.5589139596136964,2.814942220630746,1.5338607577822894,1.0645055901968674,1.0436109607411586,1.3061022821809884,1.3204870653933802,1.0529390111475998,1.561005787451518,1.443713371665179
2020-12-10,0.5589139596136964,2.7409818931435583,1.5290735770554833,1.064032394108654,1.0422014073719073,1.3119623301072276,1.3235184149446657,1.049970528858965,1.5625578722930926,1.462725890611051
2020-12-11,0.5589139596136964,2.7556646940470264,1.5024862871059492,1.051999473182162,1.0244027121097217,1.2876518970536306,1.3111101868106303,1.0365931016530536,1.541235851860971,1.4517598885919731
2020-12-14,0.5589139596136964,2.7750587181818096,1.5094701185155197,1.0498686595565356,1.0238543000287086,1.2907632646627611,1.313603701660307,1.0430679076433107,1.5369747054103657,1.44880921821213
2020-12-15,0.5589139596136964,2.731473995959399,1.498298099714754,1.0453505590061563,1.0205964636546028,1.290892409757651,1.31978207475422,1.0473894712715788,1.54571668290244,1.4488203625812144
2020-12-16,0.5589139596136964,2.6739728414407313,1.4752128246180283,1.0438076988869212,1.0079772307070922,1.29140097282302,1.31142809253501,1.0440877448191392,1.5320417634815278,1.4241091615495136
2020-12-17,0.5589139596136964,2.767501544628789,1.481242012430446,1.0563490851179775,1.017470375052159,1.3103846805494441,1.3295802454035797,1.0641818161573509,1.5494316814451259,1.4537686149411462
2020-12-18,0.5589139596136964,2.818719503581694,1.4865872182194355,1.0674123572589078,1.0249482109065378,1.314534161135484,1.3386632240204637,1.0757592257566777,1.5578456945608268,1.4917624767286906
2020-12-21,0.5589139596136964,2.914281251941066,1.495415705285667,1.0761971416206073,1.032275540153102,1.32791023534859,1.3533155016295544,1.0908613221414332,1.5697459355940855,1.5123997185387852
2020-12-22,0.5589139596136964,2.993344592211892,1.4695256510239498,1.0691176212741182,1.0082046258354977,1.292528765531572,1.3183553390304208,1.066307457425496,1.5323097203149374,1.4506300433040717
2020-12-23,0.5589139596136964,3.193035787471724,1.4729599727094238,1.0784098410902185,1.0162810786369563,1.3050233884492592,1.328338959333581,1.084395469289236,1.5538975528220729,1.4555453897577235
2020-12-24,0.5589139596136964,3.337234562052163,1.4541995573031459,1.060283463689232,1.0056316360720103,1.283485170402614,1.312492186409676,1.0744133672057088,1.536468768301623,1.4567329353249467
2020-12-25,0.5589139596136964,3.518842338633369,1.471564695320883,1.0687761985733748,1.0290534730691903,1.3043062781143049,1.3361305186131096,1.0958699057926047,1.5650188097595865,1.4743444655345188
2020-12-28,0.5589139596136964,3.6719611655986437,1.4476742054311034,1.0672954703068933,1.0329554981572289,1.304827002364255,1.3368582436165715,1.099691081526785,1.5637919799020197,1.4710174505522005
2020-12-29,0.5589139596136964,3.5855777073210464,1.4437376967976134,1.0568214506528462,1.0210777874081076,1.2933915891997925,1.318968448433557,1.0826857576521665,1.534180290792898,1.4614919691557107
2020-12-30,0.5589139596136964,3.7560844322329574,1.4534587368551273,1.0553122910857673,1.023274217542636,1.3041319223662506,1.3345013121321452,1.089827198473738,1.5336415979776528,1.48547040857644
2020-12-31,0.5589139596136964,3.83868695684803,1.467799737402299,1.0568099703506002,1.0287861410142327,1.320228449520909,1.3460853096702048,1.0963795104362213,1.5441778027894486,1.4870076356653488
2021-01-04,0.5589139596136964,3.777964229892318,1.4702813959227345,1.0726488323166554,1.0402159231686763,1.3391383904757383,1.3615272064603392,1.1127919939464683,1.5596420013856416,1.5041452044448176
2021-01-05,0.5589139596136964,3.571910646707898,1.4659147500082876,1.0757483697409524,1.0327020519863035,1.3307325546000364,1.3503939475298279,1.1072103249946927,1.5433490275446862,1.4654281118036947
2021-01-06,0.5589139596136964,3.6288560907126626,1.4653786884895887,1.063831488621958,1.032767184910021,1.3236763614284865,1.3406725116922997,1.0881108664716765,1.5455857714863024,1.454800908355493
2021-01-07,0.5589139596136964,3.4871592570937864,1.453638981225486,1.039577526976399,1.018121319238303,1.3087539946470883,1.3222764344554578,1.0749873288847203,1.5122306788664754,1.4455274455269098
2021-01-08,0.5589139596136964,3.546357069788456,1.4640340153980393,1.0428240311081731,1.0176586977045226,1.3147902865164078,1.3287827706463637,1.070719116523136,1.5115725124242885,1.4418014627071214
2021-01-11,0.5589139596136964,3.4983436733637094,1.4233721767364238,1.0217305900961928,0.9879289101705692,1.284300213375795,1.2916857008879874,1.04476411661807,1.468800853549327,1.3857769559545887
2021-01-12,0.5589139596136964,3.374233400589594,1.4285902535866368,1.02564271847531,0.992574625678709,1.3022265143712877,1.3017127708877017,1.0485454874440485,1.4769851690022662,1.386197284258841
2021-01-13,0.5589139596136964,3.520938609315073,1.414857802284433,1.019086015077189,0.9849913775887873,1.2910256860789355,1.2939380941898366,1.0473233032963378,1.4616720476124974,1.3865260707488656
2021-01-14,0.5589139596136964,3.369646863199833,1.4268364286831086,1.0154695528283508,0.9830822493158693,1.2829288329494755,1.2879472248158916,1.03479483812227,1.4575313365400857,1.3866469682022555
2021-01-15,0.5589139596136964,3.2343485234442184,1.4453082018250345,1.024400433158554,0.9894168420038038,1.2876741612256906,1.2944448051591295,1.0468207933916631,1.4718965823776258,1.3976907422550118
2021-01-18,0.5589139596136964,3.2771229481673645,1.4657785118110662,1.0393526331401972,1.0032800073529589,1.3010307443119769,1.3139537362067408,1.0608135049501617,1.4906587239039824,1.4129676074844246
2021-01-19,0.5589139596136964,3.2196688517221017,1.4906150487571168,1.0435017887150138,1.0042309255872426,1.2977770991475284,1.3164424782816215,1.0598935015297326,1.4977937183912196,1.4103251208031893
2021-01-20,0.5589139596136964,3.3109974595959133,1.494842071960062,1.0422508095418845,1.0082385894744934,1.298456525124145,1.318539143548385,1.062991906685679,1.499839340628012,1.4308204042842059
2021-01-21,0.5589139596136964,3.2604381933175515,1.483477729189392,1.0492014688104447,1.0162725115890823,1.3085515501819345,1.3340834168052675,1.0686045921906406,1.512277929798826,1.4414106466308387
2021-01-22,0.5589139596136964,3.144728047411367,1.4740223561708095,1.031879669158079,1.0087762201475832,1.2904634385862397,1.3222086282824166,1.0596449896153384,1.485901785838839,1.43658387188216
2021-01-25,0.5589139596136964,3.1412327919591734,1.4479911505879417,1.025645822229288,1.0013078190109796,1.2731412536260418,1.3100342639967872,1.0438119827560381,1.460534500447632,1.4129583176245297
2021-01-26,0.5589139596136964,3.068571275321509,1.43272578106328,1.0254526543852367,0.9889792194874475,1.263258844507209,1.2967916830791737,1.0355303570208865,1.4462176276129108,1.3958370044961352
2021-01-27,0.5589139596136964,2.998058623682884,1.4423135907486893,1.0210401259821182,0.9934483153249022,1.2673913819497076,1.2929310559248126,1.0403883563274487,1.4491823657448124,1.3993869523440159
2021-01-28,0.5589139596136964,2.9310764909632243,1.4322017009763595,1.0074123205709171,0.9790434842256136,1.2442445965195945,1.2715911470692747,1.0203151832532984,1.4325353266785357,1.3721726417564246
2021-01-29,0.5589139596136964,2.856334349550615,1.4094697581916493,1.0004891713202635,0.9603126261547609,1.2285935939322237,1.2528329669924032,1.0062906191751606,1.4129239573932741,1.3551677657881256
2021-02-01,0.5589139596136964,3.0286924666446002,1.4155263261564242,1.0013759206858321,0.965306398556404,1.235245710557081,1.261649728537096,1.0046309871873762,1.4133298787732935,1.354529024102257
2021-02-02,0.5589139596136964,2.837036006153318,1.4166299370343998,1.0036842310933,0.9682524678724497,1.2423093116503607,1.264720186896956,1.0111127891153082,1.4168657286508617,1.3528857838012924
2021-02-03,0.5589139596136964,2.806791866623023,1.409764878173244,0.9912910767880205,0.9614787884903241,1.2308097941602079,1.2499306429450843,1.0034673242722147,1.396620968610755,1.3392187577260832
2021-02-04,0.5589139596136964,2.7252537049623506,1.3788983828036256,0.9872724212135184,0.9431534466893943,1.2122848515296805,1.236055970844,0.9848914803119241,1.3771374055542291,1.3298753428724868
2021-02-05,0.5589139596136964,2.6450023589560203,1.3869930604177376,0.9693802702000035,0.9293716715061909,1.1912538617184034,1.221574842025226,0.9636243500813131,1.3608671030058406,1.3220858083180083
2021-02-08,0.5589139596136964,2.6886351823122863,1.3998656288836757,0.9766720809868717,0.9380736144373039,1.2081880095761657,1.231246826576147,0.9689258455756973,1.3650270974180772,1.3462765294219945
2021-02-09,0.5589139596136964,2.793319818196423,1.4119221505733413,0.994775624596609,0.9564360099358659,1.2319554739309297,1.256311665640832,0.9892368253525996,1.3894808805006336,1.363738174229676
2021-02-10,0.5589139596136964,2.6654048219579685,1.4252595224670799,0.996306170267848,0.9601352256832459,1.2348748925568107,1.2660246521394765,0.9894818359958365,1.398206980082088,1.3691623168568798
2021-02-18,0.5589139596136964,2.7372560410963684,1.4641887171086505,1.0269554995035388,0.9981160560119153,1.2761749188273361,1.3128291573270292,1.0200193561449455,1.4415236536294231,1.4049362362730529
2021-02-19,0.5589139596136964,2.7630082809139376,1.5080904474968333,1.0583056987629176,1.0264087531206207,1.3108748185501862,1.3523042461545594,1.0442391594498774,1.489182651968653,1.4365703358011201
2021-02-22,0.5589139596136964,2.7863575902773308,1.528234868658233,1.0652437521787907,1.049924364339434,1.3393295484846082,1.3780794932283464,1.0607793736271707,1.5093817357683756,1.4578571853763371
2021-02-23,0.5589139596136964,2.762528112047283,1.5248222607826132,1.0595034034804631,1.0475939856891792,1.3335990823366026,1.3703131000980298,1.0534034462975639,1.500080520504422,1.4622636060702918
2021-02-24,0.5589139596136964,2.6950854280209806,1.5349777044596613,1.0524149862088523,1.0419791623539627,1.323049495066075,1.3516324425790571,1.0507661275038178,1.4923432981425664,1.429703699403722
2021-02-25,0.5589139596136964,2.7357750557273794,1.5456936973735667,1.0551106769885674,1.0369965973559025,1.3252989202010699,1.352275127762088,1.049873548578703,1.4917367649262196,1.4367865754246667
2021-02-26,0.5589139596136964,2.7017821168199805,1.5427876085431271,1.0448159653694447,1.0254981167206734,1.3067721263927257,1.333995511177738,1.0379357694963762,1.4721723604961499,1.427339757793394
2021-03-01,0.5589139596136964,2.676756288370823,1.5593539705450419,1.0603462693364485,1.0512394086849375,1.3420381614892245,1.3612154594448909,1.056839700848363,1.5057305342175398,1.4515187983470461
2021-03-02,0.5589139596136964,2.6622039101413875,1.5605269506610544,1.056686618595708,1.0392543726261643,1.330805268366363,1.3495638887634378,1.0509713517505792,1.4959127973405824,1.4492223284896222
2021-03-03,0.5589139596136964,2.7320495246218646,1.592269119069611,1.0710951899394288,1.0614203902495365,1.3617489208894848,1.3814035704438372,1.068602392574685,1.5266211104368512,1.4798929413492332
2021-03-04,0.5589139596136964,2.8567952217989325,1.5920913473357312,1.0747284056046236,1.061464570397732,1.353783600432575,1.3727767810977378,1.0667781354078498,1.52268365352184,1.4736971448378124
2021-03-05,0.5589139596136964,3.040127097069532,1.5926145305199786,1.0778714056096572,1.0601416905158205,1.3465419789962016,1.367461647460689,1.0733020590642268,1.524104128873347,1.4567860778817299
2021-03-08,0.5589139596136964,3.2459783666442488,1.5707577083214472,1.0705433672706348,1.048126784608455,1.3338562992133043,1.3603302933678836,1.0680521518739623,1.5274432516965257,1.4373330194198501
2021-03-09,0.5589139596136964,3.4661553895066564,1.5687443627586695,1.061519208345391,1.0296834678125208,1.317925858206705,1.3357422624868098,1.0547533957526423,1.4970849908703292,1.4094025687600151
2021-03-10,0.5589139596136964,3.471970411400947,1.5510845558032074,1.0637806368392442,1.0173762020959276,1.3081823844388725,1.3257685951726232,1.0416151898456103,1.4844630403499506,1.4000938192139185
2021-03-11,0.5589139596136964,3.3405280254248786,1.5754422056124129,1.0790993703340659,1.0407981056023259,1.3426835112039035,1.3613556971358038,1.0689049637274257,1.5259189225913463,1.4333451430473292
2021-03-12,0.5589139596136964,3.5632151331439053,1.6004659409241813,1.0897499447851353,1.0454745340862197,1.3555043505368578,1.3770161371570382,1.084247662967482,1.557899472402346,1.4483405526454003
2021-03-15,0.5589139596136964,3.3765234398088486,1.622869280301954,1.0875930980176853,1.0549288547704982,1.3687851201806138,1.386944517521541,1.0918033503099696,1.5716604565466379,1.4525723451633294
2021-03-16,0.5589139596136964,3.322949608475174,1.6347078514191449,1.0966720514642656,1.0637445457729326,1.3716728793251705,1.3958292455096741,1.1026763392894052,1.5896077830810131,1.4535503839578618
2021-03-17,0.5589139596136964,3.3623006686817978,1.62771373039529,1.1012823821083721,1.0609662126120258,1.3662314304557739,1.3892497698551292,1.0967421079839175,1.568914664753995,1.4538807898846247
2021-03-18,0.5589139596136964,3.229826054036749,1.6317854999068842,1.095456871003956,1.0655761888601263,1.3778017589620486,1.392607551635566,1.0989081726997418,1.5707671412492707,1.464614960106774
2021-03-19,0.5589139596136964,3.2058175304685874,1.6383326009905088,1.0886802080311053,1.0518767583861601,1.357546309760265,1.379852807305275,1.0964023298718089,1.5734142109300973,1.4569809700527834
2021-03-22,0.5589139596136964,3.2298498438385645,1.6703385831175688,1.1090456082173563,1.0740902589675825,1.3859964049244302,1.410537631501382,1.124533556231168,1.61302433623171,1.4635302329598803
2021-03-23,0.5589139596136964,3.110052946969287,1.6489868815814943,1.0969374582637694,1.0514797377466287,1.3551921441793229,1.3736603547930093,1.0996167241662465,1.5810071401006893,1.4632408200553877
2021-03-24,0.5589139596136964,3.030465508939752,1.6258792984293768,1.0984632591390626,1.0361786663998678,1.3363863612802012,1.3618334854531227,1.0868776073405297,1.5750307235963812,1.4551747085138698
2021-03-25,0.5589139596136964,3.131377034114745,1.6241675063760208,1.0921584474168582,1.0298686183275443,1.3240820379564422,1.3473079657355764,1.0716539230536506,1.547765933640392,1.4789514248587647
2021-03-26,0.5589139596136964,3.0984163238763265,1.6308358260337226,1.0997520659131563,1.0493644905628647,1.3433227201514106,1.365228376618766,1.093937936940508,1.584474533506054,1.4861036872021964
2021-03-29,0.5589139596136964,3.148749486743169,1.6399016290542687,1.1082020328135334,1.0531821740573326,1.3514671260591118,1.3793625690095146,1.1001537691712122,1.6002939875567572,1.5220679014234606
2021-03-30,0.5589139596136964,3.1430944141572055,1.6238688233768146,1.091830989564993,1.0515096536523674,1.340230376265216,1.3740200470652018,1.0956886735507307,1.5962917167410569,1.5209447335086421
2021-03-31,0.5589139596136964,3.2418223323966124,1.6377749831822572,1.0925113114068685,1.0601115763166704,1.3437829571547901,1.3769839502219754,1.1100087557132143,1.603524148540069,1.520601021757499
2021-04-01,0.5589139596136964,3.384973232401311,1.6521599005122702,1.097381341834716,1.0714144319599697,1.3551653035348485,1.3882583511245763,1.1157159737584772,1.6084707289645197,1.5221729111062878
2021-04-02,0.5589139596136964,3.252803913526606,1.666426756073993,1.1027889615784137,1.071236895052547,1.351111624227914,1.3820136668246918,1.1106051202308438,1.5886461030112484,1.5126360658566318
2021-04-06,0.5589139596136964,3.3085820124163305,1.6825958197911581,1.113518862882197,1.0842018007641003,1.3583645788302976,1.3936026260313237,1.1252044558262724,1.597024920021815,1.5174573971468746
2021-04-07,0.5589139596136964,3.520239959401732,1.7019741985713404,1.1295318118920172,1.0954246721033463,1.3761859995081862,1.4142812792025108,1.1449238572493696,1.6181723025917818,1.5388838691095152
2021-04-08,0.5589139596136964,3.4798519767541,1.6770819588912957,1.1129057802031772,1.0894413749724923,1.3662847709757378,1.4064238845096588,1.129948162838575,1.6041911667972613,1.543997667008343
2021-04-09,0.5589139596136964,3.4372798656406576,1.6805100486807767,1.1134170392450793,1.0903855259241875,1.3650119238424545,1.4050735626432675,1.142451899367801,1.6086297519793722,1.5422773162374912
2021-04-12,0.5589139596136964,3.499142497198018,1.6885104930947883,1.1099985530301129,1.0865487350128602,1.3515868547350507,1.3928243268181077,1.1344888167619473,1.6188530518341022,1.5342835043694463
2021-04-13,0.5589139596136964,3.3538432537245044,1.6705301141187416,1.102531780095125,1.0775391503073979,1.334605523082255,1.3795264484367005,1.1150662720353266,1.5999377290105892,1.5067110658927452
2021-04-14,0.5589139596136964,3.3099046130676695,1.7002191696710651,1.116359086480715,1.0873122914084168,1.3512673512617566,1.396025375269285,1.1225075837388319,1.6114959300597367,1.521629127385848
2021-04-15,0.5589139596136964,3.371679707782601,1.7197292837228455,1.117150199603457,1.0823590530468938,1.3509080359040018,1.3921660363110804,1.1128635226086696,1.6013474244021482,1.5188977132279935
2021-04-16,0.5589139596136964,3.377533964796916,1.7503506496577386,1.140827120657708,1.0911760629302996,1.3762937185224862,1.4169422844887845,1.1332817292576487,1.6270136855532833,1.5324324268602127
2021-04-19,0.5589139596136964,3.411360896621833,1.7580237738044138,1.1431598655668336,1.0997940958602666,1.3897393518679855,1.4298238476471012,1.1450176166193367,1.6351468236756566,1.5189184819422203
2021-04-20,0.5589139596136964,3.4960212992704878,1.765202938250083,1.144979023806677,1.1005555619964975,1.3921348720682813,1.428613956689373,1.1393256448626383,1.63311289000947,1.519570458358022
2021-04-21,0.5589139596136964,3.403199389890829,1.7626519597103103,1.1444385113649669,1.0904328755582067,1.380522860915873,1.4230763734466538,1.1295311725055304,1.613693545661282,1.4940858642128563
2021-04-22,0.5589139596136964,3.425488508541624,1.7359920625507588,1.148012480217075,1.1026816820811252,1.3824437504170353,1.4298293196158025,1.1324389034611844,1.6129028886432042,1.4935167527326618
2021-04-23,0.5589139596136964,3.3871898160942195,1.7057981281577088,1.1366129471920101,1.100939392865273,1.3780573143856167,1.4187755424242843,1.125824493993552,1.5893155433984967,1.4997097934120458
2021-04-26,0.5589139596136964,3.3240796040025424,1.7062468760631346,1.136916305042332,1.1087930495389018,1.3676965248027368,1.4165168109747526,1.1262541676535527,1.5885202488993138,1.5139746722168188
2021-04-27,0.5589139596136964,3.2190648394857955,1.6972917198079627,1.136369288549018,1.1122358517454645,1.3501778581411017,1.417425093584776,1.1202261595417042,1.5692284051423573,1.490993095430097
2021-04-28,0.5589139596136964,3.2573478860264413,1.7295409535847308,1.1428021661876104,1.123801766100435,1.3623296690593742,1.4348425454953488,1.1242220024780816,1.5820583312273935,1.49629205321469
2021-04-29,0.5589139596136964,3.192744372428917,1.7323396750787814,1.143495487611355,1.1225416454645112,1.3654065937588595,1.4368779357990764,1.1282691825139148,1.5738983478033493,1.504546503978871
2021-04-30,0.5589139596136964,3.0788566136007383,1.7283243327418807,1.1555206693085358,1.123360720241414,1.355837647565668,1.4270043870255253,1.1197142279660255,1.5564478046716255,1.4761455280635107
2021-05-06,0.5589139596136964,3.1470340534790564,1.77073221684366,1.1681101010420019,1.142987981878409,1.378009403547361,1.45557190496877,1.1475975403764327,1.5865225295360668,1.5188781706509205
2021-05-07,0.5589139596136964,3.3545534976559312,1.7974348193269476,1.179834979307514,1.1592011824781756,1.3923341985580693,1.4628335577343061,1.1569682924642266,1.6015076221647209,1.5420010626667848
2021-05-10,0.5589139596136964,3.504198678530176,1.7807263855039734,1.1802419812100968,1.1606509277972124,1.40007035354688,1.4728158511705796,1.1680534861444145,1.610176367220472,1.5479095692387201
2021-05-11,0.5589139596136964,3.5097885845176275,1.7999792942467878,1.1902104508612492,1.1671418500645212,1.4101886152304057,1.4805558742130696,1.165182196193707,1.610051494809347,1.544855923350096
2021-05-12,0.5589139596136964,3.4446963317579504,1.8195834010583045,1.2038861619550008,1.1737793439649442,1.4192747548486997,1.4930816569182368,1.1778469961880162,1.6148790033686298,1.5382831532659704
2021-05-13,0.5589139596136964,3.411700126121513,1.8231455161901244,1.1947094498262807,1.1686496691199746,1.4078008534190722,1.4798428855796,1.162784763643423,1.597974582121227,1.522026265243733
2021-05-14,0.5589139596136964,3.3607333078632506,1.8401611436457779,1.2027270757756867,1.1787369230710756,1.4204896495982828,1.4912095425506804,1.1681551242328605,1.6094107734444356,1.535765666230469
2021-05-17,0.5589139596136964,3.2838355334803127,1.7966525886885722,1.1789132348010933,1.16046795232545,1.4040814733227915,1.4746990892660543,1.1570938142779204,1.6061965363101476,1.5275601514489223
2021-05-18,0.5589139596136964,3.306389297444352,1.8116391464074142,1.1831864805256573,1.1680654507547519,1.411089307171769,1.4793433270308924,1.1626907356129408,1.6055638816801039,1.5307313475778972
2021-05-19,0.5589139596136964,3.262625797217291,1.8191328069860888,1.1766291734386443,1.1591263200571125,1.4075816382564257,1.471304384045551,1.1560111304385132,1.60134126854647,1.5418985612273162
2021-05-20,0.5589139596136964,3.162079357423584,1.823117980397356,1.171554494261449,1.151627069719815,1.3926035947820188,1.456329124418377,1.1445570486277181,1.5894979849957431,1.5325581362377236
2021-05-21,0.5589139596136964,3.3153548280022624,1.8073280406129137,1.1827426855205583,1.157963952897568,1.4011901021015418,1.468123827490241,1.1520721319768668,1.609419713972985,1.5705507415454634
2021-05-24,0.5589139596136964,3.5120296355514906,1.8270423996765848,1.192490189303388,1.1654693105624794,1.4086422734026312,1.4756528672693523,1.15533208555303,1.6100605546415898,1.5686109685082033
2021-05-25,0.5589139596136964,3.4174956275898762,1.8303240165052883,1.1945098163192096,1.1706010614650741,1.4127418538981535,1.484069185337484,1.1554367140372537,1.6180146227297951,1.5642218445682408
2021-05-26,0.5589139596136964,3.572273814229033,1.8355070498201227,1.2017326773282875,1.1845397972208762,1.4212003009024505,1.4917297652798671,1.1637921108899512,1.6242043655550937,1.5643921130569127
2021-05-27,0.5589139596136964,3.5589076962926027,1.8412101740391658,1.1989798726626544,1.1864754932785493,1.425310629005201,1.4925953077773104,1.1685670110546995,1.624898644002596,1.5672350966004633
2021-05-28,0.5589139596136964,3.586473407804208,1.8363360243423237,1.191702219396585,1.18494023303584,1.4210974344150462,1.4862308060824623,1.1635248875083712,1.6162082127179374,1.5560763166951361
2021-05-31,0.5589139596136964,3.742828107826025,1.8479948802633126,1.1935281488948133,1.192182818754492,1.4299324579759654,1.4918271891291353,1.1673936933547189,1.6116592694788296,1.56269254877796
2021-06-01,0.5589139596136964,3.8290392972023155,1.8537657242214156,1.1969446790611398,1.1970314137141296,1.4384179322002046,1.501428031857203,1.169778399403664,1.609943562477641,1.5592825331043914
2021-06-02,0.5589139596136964,3.747629033618989,1.8513127371288114,1.1907683844061896,1.1874567544848593,1.4427469148681284,1.4967069554038233,1.1703757891035689,1.6050284560572918,1.5593423541721623
2021-06-03,0.5589139596136964,3.764561539792035,1.8563140662443156,1.2011215040321763,1.1897324106771185,1.4501000349008069,1.5054139449284019,1.1729501247135172,1.609695176604269,1.5480787793444808
2021-06-04,0.5589139596136964,3.7793744228780115,1.8502431724577642,1.188584302919525,1.1831586292035166,1.4397530556381966,1.490173266218135,1.1669581819493635,1.5996292771514802,1.533772961406661
2021-06-07,0.5589139596136964,3.6827505760426877,1.864800294541595,1.188212895628339,1.1881023433842668,1.4370845663437255,1.493303562437829,1.1705761221868132,1.608922479892003,1.5301444204843524
2021-06-08,0.5589139596136964,3.9192734053083185,1.8689155623418827,1.1949859741314885,1.1904411286795806,1.4415416826609349,1.4947122065589642,1.1714805589408148,1.6026730214619165,1.5249418786393134
2021-06-09,0.5589139596136964,3.835388881506331,1.8713673546652354,1.1964159426985526,1.1941559440017182,1.4398590588902198,1.5067764902082899,1.1794230538286956,1.6001113449425826,1.5272772135620563
2021-06-10,0.5589139596136964,3.8492381789688674,1.8614832682919615,1.1927961487455243,1.1926837902058185,1.4395238565189434,1.5028134816306824,1.1801086808955672,1.5918752874009698,1.519166191352498
2021-06-11,0.5589139596136964,3.8076525438331488,1.8619246631353046,1.1929776780451207,1.1875783610113115,1.4381069543879572,1.5027858215626844,1.1830462465534488,1.5931189131903043,1.5299139495619833
2021-06-15,0.5589139596136964,3.7362542375428336,1.8389657563278945,1.1743997076491097,1.1756778655106905,1.426556330537881,1.4837893618483038,1.1613038892430967,1.5679712621629702,1.4995188409161093
2021-06-16,0.5589139596136964,3.7028006573262804,1.8345543284901482,1.1668724063762839,1.1692372891384477,1.4163344616116778,1.4719135668310404,1.1546123604822742,1.5548504379557901,1.4798757892103866
2021-06-17,0.5589139596136964,3.8227795478738296,1.8355710683330784,1.1611450757032844,1.162690079571826,1.4142668650849926,1.4725967615422473,1.1546437333822674,1.5528404990794122,1.4665234357026469
2021-06-18,0.5589139596136964,3.7865050288417703,1.8497069010422058,1.165530847051432,1.1662161909150388,1.4261024410669147,1.4730686801034032,1.1563966550741116,1.5539056297025353,1.467400281426752
2021-06-21,0.5589139596136964,3.8059010632699595,1.8647188931172445,1.167504963125202,1.1733838447374492,1.4323342355242785,1.4781506569107001,1.1591125063175929,1.5615906681582572,1.4734983869355036
2021-06-22,0.5589139596136964,3.7934215984544335,1.882360701214952,1.1806663626637688,1.1796899374266643,1.4472440157210886,1.4928906688980113,1.167618604501721,1.57519012419986,1.480627745205897
2021-06-23,0.5589139596136964,3.7920557450747947,1.9069619612223514,1.1775253168836326,1.179767815028845,1.4558932266749338,1.502371223014135,1.172366699379571,1.5847605314702673,1.4811285463675259
2021-06-24,0.5589139596136964,3.668475135219715,1.9094471078013542,1.1790162943156155,1.1813914218054107,1.462300995283778,1.503981117008349,1.1731241441975748,1.5844944685709343,1.4819647809055418
2021-06-25,0.5589139596136964,3.6605097271947544,1.9210465930732241,1.1907010685665338,1.1819194648938218,1.4673981663338118,1.5151643094709608,1.1799720440204688,1.58927210519482,1.4768103676567248
2021-06-28,0.5589139596136964,3.613775281830631,1.9369492890270652,1.189999872024774,1.17802777146874,1.4612054067984477,1.5068353211102208,1.178576245377576,1.5869735881633533,1.4958436639205266
2021-06-29,0.5589139596136964,3.540961200442731,1.8985292118605475,1.1812009314449903,1.176376163990646,1.445537457835307,1.4935904466024517,1.1648102067112152,1.5693936083683773,1.4813834665272272
2021-06-30,0.5589139596136964,3.519491605961902,1.901005065928357,1.1826543421819133,1.1789744532521098,1.4470684668296008,1.4931728907244477,1.1666931360430262,1.5721346050493983,1.4806510099190413
2021-07-01,0.5589139596136964,3.4028870135623537,1.8761267421327925,1.173735822373227,1.1679305072292916,1.4312465164503796,1.4768729222146029,1.1468238271431603,1.559202822811279,1.4738342009987204
2021-07-02,0.5589139596136964,3.463461230264093,1.8698277740654898,1.1785981097914546,1.16375543102949,1.4322120095142463,1.4728278455693964,1.1453439812168384,1.5595378931669703,1.4645481562265934
2021-07-05,0.5589139596136964,3.512232698771346,1.9085972054987486,1.1841164155571182,1.1705776383776303,1.4517045941683513,1.4802506065071777,1.1531446320324803,1.5708723657315116,1.4689995965724145
2021-07-06,0.5589139596136964,3.563252332760189,1.908151811190961,1.1921249460704968,1.176769421647176,1.4574646363971588,1.4834850034074691,1.158338784176958,1.5776137539556987,1.4786237819533974
2021-07-07,0.5589139596136964,3.546934321936539,1.9104639914241544,1.1870303320984084,1.1712802280453136,1.4639322448344734,1.4862071699778976,1.1604620683601885,1.5762177539563889,1.4669425869279198
2021-07-08,0.5589139596136964,3.581009150198638,1.9156489759705353,1.1649280850009383,1.1595950843634377,1.4529159276294736,1.4701856905571589,1.1514850540584087,1.5637890280776456,1.458705369218331
2021-07-09,0.5589139596136964,3.718409273302891,1.9264682827526751,1.1743300746940875,1.1704551128249636,1.470168517527955,1.4828800295509823,1.1634620466709684,1.58287255959016,1.464488529020545
2021-07-12,0.5589139596136964,3.6512339343656515,1.9317798190819757,1.1795108056069452,1.1746337281004708,1.4804422089387328,1.4894576086752265,1.1681167946450857,1.589133558710024,1.4678447024270393
2021-07-13,0.5589139596136964,3.703988770096614,1.9420473936222573,1.1943340805881595,1.1830593890091126,1.5008329676246714,1.5025063675759047,1.1820774270071421,1.6094052630597018,1.4845906897995236
2021-07-14,0.5589139596136964,3.674311394032682,1.9205532919921973,1.1820240757378135,1.1736334707628937,1.492632509871234,1.4915139353337314,1.1701149038927925,1.6025692443806003,1.4769107525612832
2021-07-15,0.5589139596136964,3.6552835021283765,1.9053906190958863,1.177160831853314,1.1653048251963118,1.4970836138443815,1.4891125233650884,1.170892334318018,1.6004669948356987,1.4556029650034463
2021-07-16,0.5589139596136964,3.724055974288295,1.9008350371335978,1.1784698638352191,1.1680115950180727,1.5006639420894707,1.494568206085487,1.17092813456694,1.6141375677344167,1.4503660358714452
2021-07-19,0.5589139596136964,3.705020123849244,1.8881765638607684,1.1687148654977693,1.1670566034705907,1.4908127896791807,1.487424681693391,1.1657794207887622,1.60783111878334,1.4360479785335012
2021-07-20,0.5589139596136964,3.7294268999864006,1.8838358104285824,1.169089969467537,1.1690074197486546,1.4892332959949937,1.4883793720126783,1.16402354794191,1.605557826854024,1.4415070209619774
2021-07-21,0.5589139596136964,3.8557768387650047,1.9020659988366282,1.1786613639533152,1.1800857930962698,1.5109350147167604,1.4956903557258558,1.171924507156971,1.6202206311418916,1.436385671754484
2021-07-22,0.5589139596136964,3.806627701608946,1.8950194167386698,1.1848271901950176,1.1770574962800486,1.5220237083427763,1.5051142869980794,1.1846294235360195,1.644683315768957,1.4391104609298142
2021-07-23,0.5589139596136964,3.75669898979946,1.884181783714955,1.1781168270379607,1.1691080941663299,1.5128822928004222,1.4909283611984998,1.178695509892237,1.6380885673200671,1.4416039990708536
2021-07-26,0.5589139596136964,3.740371452850889,1.8503982619197017,1.1581218150681831,1.1456435160654932,1.4957082585353598,1.4712102063717682,1.1617822356334748,1.6109672651196314,1.4319980620580548
2021-07-27,0.5589139596136964,3.609558946589841,1.8070343259539858,1.136020952831976,1.1228419330098904,1.45661844787285,1.4434892290896966,1.137823397423045,1.5730543699629977,1.4246806622854256
2021-07-28,0.5589139596136964,3.529969137537493,1.7381134752284,1.0997390937558253,1.0978445746639451,1.4307666476082734,1.409286387769057,1.1066065204923332,1.5463034551384,1.4098176318435207
2021-07-29,0.5589139596136964,3.6133339449038644,1.7701369672298464,1.112044981941505,1.10758793315454,1.4549481735673637,1.4282905426836352,1.1238690205395445,1.564698033690624,1.4145231141017598
2021-07-30,0.5589139596136964,3.6165309847779996,1.7905232227574623,1.119972897127141,1.1158039784078282,1.4642480893759933,1.4350361470539683,1.1356292083531896,1.5719036081380724,1.4591551249693424
2021-08-02,0.5589139596136964,3.6197347773482815,1.8107660808888735,1.131238721805766,1.1270974565211855,1.4836169378671593,1.4539746333928893,1.1501167732358075,1.5941603016066528,1.4963655826499034
2021-08-03,0.5589139596136964,3.558815449639875,1.8159375093707093,1.1349658380214154,1.1292511886321692,1.4730694810585823,1.4482333056374102,1.146012960609154,1.5855680305560809,1.5369730823096366
2021-08-04,0.5589139596136964,3.579769306952459,1.8208127538444188,1.1391231065911287,1.1354736908607663,1.4880759423672536,1.458021330152606,1.1567604641580043,1.5987740160907675,1.5368815035001364
2021-08-05,0.5589139596136964,3.5114732616224997,1.823195629261675,1.1323056738696828,1.1287709175469698,1.4799147837903586,1.4548991964468436,1.1456645454203689,1.591213212400396,1.5174901797956835
2021-08-06,0.5589139596136964,3.639929318095882,1.8335613352235722,1.1300288494481192,1.1279341319888787,1.4989945373309363,1.4643050524787526,1.15673966437352,1.5963529658111315,1.5179156769455564
2021-08-09,0.5589139596136964,3.749764935527128,1.8660890438846909,1.1446387911970257,1.1397027869489575,1.509821088777544,1.4843544560370434,1.1674621695239176,1.6120285099911709,1.5259805014007024
2021-08-10,0.5589139596136964,3.773922585409996,1.8868359111126025,1.150633657670606,1.150438673272325,1.5205045099298884,1.4931072942704096,1.1755399766631902,1.6214356796253442,1.5241666693565972
2021-08-11,0.5589139596136964,3.817085095679953,1.9136964179016582,1.1633324332416162,1.1632196923269147,1.538423215568993,1.5157029052377338,1.1882587090533288,1.6530232059205177,1.5533011323136532
2021-08-12,0.5589139596136964,3.84354915304868,1.8977988203633307,1.163909595395648,1.1670746142760984,1.5522133637511257,1.522964123309501,1.1949308576154498,1.6746171835982109,1.5415721350618004
2021-08-13,0.5589139596136964,3.873105945252841,1.897021274732221,1.1753706768935392,1.1686083463651984,1.5540748361168735,1.5329641289013352,1.1997453205983226,1.6867381970873574,1.5420156884494034
2021-08-16,0.5589139596136964,3.791357323358994,1.9177081060987047,1.1770770087618223,1.176503644180342,1.5506136456324833,1.5356570941895649,1.199032867518249,1.6890951271121402,1.5565654043549757
2021-08-17,0.5589139596136964,3.6750058364811067,1.8786991013788772,1.1581223254577,1.1536478458718493,1.5175113917005978,1.506197136570081,1.1774282828905427,1.6700946274554502,1.5682976298721074
2021-08-18,0.5589139596136964,3.712280478046116,1.9101352981497774,1.1689157633768292,1.1663951476009573,1.5287122798917359,1.5216723636102287,1.191800610355175,1.6869117023057079,1.5933301048755466
2021-08-19,0.5589139596136964,3.6793073039268944,1.890914486559021,1.1626734681120159,1.1555022204857597,1.5246696046810257,1.5083798541148594,1.1816145397549829,1.6699900177646756,1.5851309436059262
2021-08-20,0.5589139596136964,3.718899084941283,1.887066945694933,1.1582986270225188,1.1536679782066896,1.5234503522923146,1.509771282521241,1.1859642532551566,1.672278851755753,1.5670221046551926
2021-08-23,0.5589139596136964,3.7409561639869233,1.9265300362487754,1.1785071378477654,1.1707781003878373,1.557867241412954,1.5311490836583366,1.2052380890469554,1.7004827871618293,1.605022788463875
2021-08-24,0.5589139596136964,3.8027133083530256,1.9170206875112314,1.1775274605470285,1.1778063955773495,1.5649150462293322,1.5441051598678748,1.219722649678246,1.713386545509358,1.6012770939726022
2021-08-25,0.5589139596136964,3.896589531359584,1.955693676822635,1.1878482304113172,1.194015124395182,1.57773402240515,1.5587508363143077,1.2338813590695425,1.7456925946100283,1.6179204100421645
2021-08-26,0.5589139596136964,3.896842636881245,1.965386294946996,1.1998820997835256,1.1992694308237575,1.5831029117129256,1.5680061171614679,1.2426706918576973,1.7522561257408023,1.6037876126863888
2021-08-27,0.5589139596136964,3.853183441692887,1.953244204002261,1.1986045589695355,1.196385031804068,1.590051265779201,1.5756617420481207,1.2489810552284852,1.7425000972018114,1.5932938916253438
2021-08-30,0.5589139596136964,3.911911398917657,1.9776994084728825,1.1980698496053626,1.1975759368301124,1.6067150361904343,1.5793156209512789,1.2505964167045447,1.7648543313560587,1.5891509276676268
2021-08-31,0.5589139596136964,3.9601996878988026,2.0040901426629625,1.2090890296299495,1.212689133265707,1.6385655592201553,1.6023529530149405,1.2661689162722565,1.798524819285841,1.6229018104350987
2021-09-01,0.5589139596136964,3.9134097739591835,1.9815443974058988,1.2111060750104858,1.2165077800842752,1.6262887558438295,1.5977449349407162,1.2541128950481049,1.7899338748615186,1.6312328038342077
2021-09-02,0.5589139596136964,3.912917068308155,2.028652100505357,1.2386562346121004,1.235416074175225,1.6730150951332698,1.6370426044035664,1.2878582912728307,1.8416461269844728,1.705909490620064
2021-09-03,0.5589139596136964,3.8826645072331103,2.040106266918826,1.2385123989102287,1.2443331813406975,1.6683136134846541,1.6318080701918247,1.2932689402687814,1.8583165459821247,1.7308470285510296
2021-09-06,0.5589139596136964,3.8557009915172067,2.0280699141611938,1.2509083748580907,1.2595247534052159,1.6774043146024755,1.6454060983755618,1.2998402330580872,1.8799588329595984,1.7779006737544163
2021-09-07,0.5589139596136964,3.9905618597023804,2.0405807058775824,1.2687552529741213,1.2773046029348558,1.714887148726176,1.6792784300927526,1.3219016410083018,1.9146550736470358,1.8192536468817726
2021-09-08,0.5589139596136964,4.111832082804229,2.057736282312804,1.2968974357045207,1.2942470823591157,1.739214154629009,1.7051606945637874,1.3511828759340458,1.9631833315257532,1.8867906146008926
2021-09-09,0.5589139596136964,4.057905051372423,2.078903069126422,1.3136061978076694,1.306306202212598,1.7628103390767433,1.729392241920273,1.3781907787830887,1.9980167812277165,1.898194639177793
2021-09-10,0.5589139596136964,4.019424450625833,2.081860665117185,1.3041107565795649,1.2919015164230547,1.7442293038530616,1.7076608858680307,1.3631500957879719,1.9790908921212698,1.8843919865295793
2021-09-13,0.5589139596136964,4.169485396670709,2.1236991432351955,1.322585174693378,1.3168597410177705,1.7807122070228874,1.7383675577257975,1.3930326269109332,2.031696858528399,1.9027226198899776
2021-09-14,0.5589139596136964,3.9898716376890437,2.118786619560036,1.29283130747068,1.2900704103925897,1.7565749215353514,1.699613096003881,1.3571785141890196,1.989687393645587,1.84856038619423
2021-09-15,0.5589139596136964,4.092245284709879,2.170963643650476,1.3186624659538917,1.3132074063917671,1.7831569852891842,1.7217345546218745,1.3768358764059703,2.0144301418553257,1.8689970387229637
2021-09-16,0.5589139596136964,3.9804348654071458,2.152928028111898,1.2966587409699224,1.3010402961398035,1.7550517111202295,1.7085009128435442,1.363238895445645,1.9910917681476334,1.8217938309983956
2021-09-17,0.5589139596136964,3.851472597890442,2.144894755568261,1.2852702548587178,1.297615739728214,1.7310456573770245,1.6903263272949758,1.3533055794193,2.0085213303577385,1.845587669001175
2021-09-22,0.5589139596136964,3.882634843603607,2.1662778076418148,1.3033877575879385,1.3219694637091106,1.7626910215062201,1.7323304606284697,1.391247114162057,2.071017699041709,1.9449905808189445
2021-09-23,0.5589139596136964,3.9627308636992775,2.196405911665013,1.319454037764306,1.335853319993316,1.7637881818665881,1.7472576429103472,1.4038092049205753,2.0919748594325225,2.017767156772391
2021-09-24,0.5589139596136964,3.7974630870985506,2.164340485528116,1.288447143267647,1.3118996538938983,1.7111859598369827,1.6988512785309873,1.3506720807749866,2.009219967358029,2.000163308816433
2021-09-27,0.5589139596136964,3.6282619855759206,2.1024025672334505,1.2318645492539169,1.2726343268653992,1.6503142378615197,1.633002931051699,1.2898491250452537,1.9088200868798526,1.8910075988480346
2021-09-28,0.5589139596136964,3.640288055078705,2.1357522195750396,1.2589327822816785,1.291691901685477,1.6622108122940815,1.6638646233315755,1.3111303235823228,1.9470174080302483,1.9591389995020356
2021-09-29,0.5589139596136964,3.5343492256598523,2.0494846653727476,1.2231965139933694,1.2503043591960739,1.600640061484884,1.601970952856367,1.2695005691412162,1.881125978557885,1.9197364189643824
2021-09-30,0.5589139596136964,3.5930867090095435,2.0821329551288255,1.243055538899585,1.268295571259015,1.6344161220093945,1.63188240999449,1.2904686580989106,1.91772074497532,1.9488212767979542
2021-10-08,0.5589139596136964,3.695361597849224,2.122297658536737,1.264133862586195,1.2910461038002299,1.6474409353204764,1.648141206873475,1.2959338814049797,1.912297281494686,1.8950088903365476
2021-10-11,0.5589139596136964,3.6806542256405494,2.071739512835062,1.25064680937461,1.276750086992904,1.631217686296084,1.634563691827895,1.291571956812392,1.9014241591097358,1.8517126334676388
2021-10-12,0.5589139596136964,3.6427583360299947,2.0347418597789857,1.2228138982639447,1.255272337151384,1.5997196170317565,1.5986801374770614,1.2577740524195096,1.860795124754081,1.7916697824603358
2021-10-13,0.5589139596136964,3.6019252647631137,2.008170293533002,1.2066637324926082,1.2380448764269512,1.580916460037811,1.5733140388256188,1.2324157626239576,1.8331923074519887,1.725026999499114
2021-10-14,0.5589139596136964,3.6856609880821445,2.0191291934303273,1.2090392458831358,1.2432829747951193,1.5885409727955007,1.57667228704902,1.2339408491879744,1.838388717779288,1.7161293382670424
2021-10-15,0.5589139596136964,3.5602408714462426,1.968940344469174,1.1931578054942393,1.2327614545972012,1.574045788059483,1.5591069184562758,1.2251539679012473,1.8227010709122347,1.7090653568072856
2021-10-18,0.5589139596136964,3.6226355426789603,2.004765436358486,1.2098211134113708,1.2557455285028711,1.607488274010969,1.5875409408547392,1.246236112169409,1.8673169893698174,1.7372936715630507
2021-10-19,0.5589139596136964,3.5538372655730486,1.9929511092861534,1.208547517582257,1.2583328710343726,1.6206082901890506,1.5953122134885525,1.2507987222964136,1.8604041392142836,1.732033146865963
2021-10-20,0.5589139596136964,3.5011094406266765,2.0113843105981437,1.1985713664529007,1.2532992173340922,1.6230360502749592,1.5869244275793872,1.246282449905244,1.861806673592516,1.7701701163760437
2021-10-21,0.5589139596136964,3.4477738730270513,2.0574011270268358,1.1939377364419201,1.2473669918875099,1.6256405326474654,1.584350927401416,1.2474917266617176,1.8545233482439885,1.7501750094457318
2021-10-22,0.5589139596136964,3.358777075906169,2.060879974731126,1.1792114947841343,1.2307590847897898,1.5898475216025818,1.5526349103923782,1.2168309835179927,1.8111893372403853,1.69240953430443
2021-10-25,0.5589139596136964,3.3716477147627955,2.111149145274107,1.181880081785314,1.2355895932552543,1.605521904897473,1.5626948622456902,1.2225585557052894,1.819843519618642,1.7355991287351962
2021-10-26,0.5589139596136964,3.352629348983412,2.0904254258329056,1.166828304728003,1.2273370782890412,1.597463151364635,1.5502416357456599,1.2207580469208201,1.8216544735080273,1.7426250842826023
2021-10-27,0.5589139596136964,3.3190051426052816,2.0760884313795325,1.1443791638366474,1.215409907572182,1.585399724696479,1.5330297348663222,1.2084751722596079,1.8149827024212597,1.7408765065723046
2021-10-28,0.5589139596136964,3.2869023427858943,2.02946604715018,1.1215426013551648,1.1878155369341232,1.549069910238031,1.4920273179669568,1.176759603074717,1.785887015832819,1.7328456741233327
2021-10-29,0.5589139596136964,3.4420823148458126,2.0523493010824536,1.1385138172302194,1.198184271041282,1.5714566407881492,1.5015534628295617,1.1937807790374824,1.8070216788019056,1.7428644198648147
2021-11-01,0.5589139596136964,3.5717443305007746,2.0560681122623916,1.1499430508960768,1.2050407526416402,1.5794510279866758,1.5151233756826972,1.2011497677471448,1.815501479219546,1.739694922646463
2021-11-02,0.5589139596136964,3.4843311612102768,1.9725186709019693,1.122849785341477,1.1804222957898065,1.5335765912565995,1.4812757222516093,1.170978290319559,1.7631047362311338,1.6845494738845532
2021-11-03,0.5589139596136964,3.5587260969997865,1.9991500651167788,1.129963285731163,1.1895706064873857,1.5452034066713565,1.4919061244496852,1.1807708736189482,1.7772646536099777,1.6846117183625526
2021-11-04,0.5589139596136964,3.6707856425568077,2.0677005344037442,1.1384984142667531,1.1985961362945983,1.5547568618259382,1.5053388020451597,1.1908156509098762,1.7969124419333182,1.7009284070479793
2021-11-05,0.5589139596136964,3.7476441066014607,2.133006179644138,1.1314812537341374,1.1844797623084455,1.5312380948875834,1.4835694862721311,1.1697542321575063,1.7539732030839439,1.6337222045607178
2021-11-08,0.5589139596136964,3.768607490038968,2.1491502052480365,1.1417836807926882,1.1900432283503763,1.5481597142329788,1.4972638526351598,1.175267726156294,1.768677133236265,1.6372791984039037
2021-11-09,0.5589139596136964,3.788953604698302,2.1580213018965235,1.1499299274004822,1.19584264909119,1.5595380322044616,1.5075586562955665,1.182680713640146,1.780783532337546,1.634646305894216
2021-11-10,0.5589139596136964,3.9068819667104266,2.256720348144685,1.1536009763605206,1.1997387856448836,1.5609713175082076,1.5132386777521567,1.1849043448789403,1.7914883135378346,1.6220525996222341
2021-11-11,0.5589139596136964,3.9510624459245802,2.1727710350402245,1.1769099147856368,1.2130673515151487,1.573061750996932,1.5240970705157046,1.1992262454431726,1.8049129385446903,1.628647115914367
2021-11-12,0.5589139596136964,3.9633281155567306,2.145052516212321,1.1814831950990878,1.2160495848681596,1.577131956375841,1.5291992143042499,1.2026393387303624,1.8082459108263922,1.6251813012100196
2021-11-15,0.5589139596136964,4.042095180933854,2.159529372945268,1.1907387881859284,1.2264168644692808,1.5779103795988347,1.5320773810861792,1.214097314954173,1.800574913768565,1.6237624169253693
2021-11-16,0.5589139596136964,4.041234332758942,2.1775670861655376,1.1881024403588143,1.2259656805134231,1.5603645459841793,1.521360067598578,1.2027240771421415,1.7728868857582918,1.6157440781737633
2021-11-17,0.5589139596136964,4.03790320363274,2.234801464129399,1.1989321725594644,1.237002204812039,1.58385913431249,1.5418611352047824,1.2177128068908785,1.793827938654209,1.6293440894135804
2021-11-18,0.5589139596136964,3.9916844954368607,2.188564209369974,1.1871165637942969,1.2256052228455185,1.5797132915976366,1.5354903611110369,1.223378334367057,1.8026611120237235,1.641199342312727
2021-11-19,0.5589139596136964,3.980657342628428,2.203362159217817,1.2070512520727452,1.2397880849893335,1.6060070615620499,1.5561637851825292,1.2387011042642535,1.8254937940210971,1.6381530099463377
2021-11-22,0.5589139596136964,4.065647861592246,2.2062238963364647,1.2096492872442377,1.2455105781736506,1.6136421476528615,1.5606267630837072,1.243036703319583,1.8348572714412523,1.6495784481904752
2021-11-23,0.5589139596136964,4.257589511477703,2.1878876151110567,1.2134563563537597,1.2521581110755113,1.6204912335865231,1.5697544893205495,1.2499696733550663,1.8369268185151948,1.6564175948114315
2021-11-24,0.5589139596136964,4.201717462387773,2.1963732253441464,1.2206835069213402,1.2559181889324855,1.6173003901870566,1.571390902769086,1.256182071228599,1.8414748959471812,1.6445295974056198
2021-11-25,0.5589139596136964,4.117859949370374,2.1905799029880906,1.2213914647091195,1.2580141657084278,1.6176864669489557,1.5646403400335256,1.2491618619150067,1.8553042728445202,1.6441743263494357
2021-11-26,0.5589139596136964,4.187012863607874,2.2273647639928718,1.2170624355316264,1.2551061023449197,1.6143857117977167,1.5608214700953145,1.2467958723099095,1.8439256880167347,1.6112834682648112
2021-11-29,0.5589139596136964,4.165904658954781,2.2389450790085164,1.2144292833533668,1.2507104394942588,1.6087211273023683,1.5569963366669932,1.241665544395296,1.8525903278286404,1.6334483416102146
2021-11-30,0.5589139596136964,4.1892312448761,2.2408753796926177,1.223654122155267,1.2629667989373352,1.6156222663498983,1.566743983278747,1.2533351077279267,1.8596243199792153,1.62105037066585
2021-12-01,0.5589139596136964,4.2961392067759405,2.2792188307638264,1.2382630930283498,1.2852487701462365,1.6370406731694094,1.589068629903789,1.2762770357807829,1.8887784465109332,1.6545806677271988
2021-12-02,0.5589139596136964,4.246125242177596,2.2707174675151807,1.2232806650696297,1.2748520666318346,1.6327167072053446,1.5790155211853558,1.2738727488091524,1.8854474931451015,1.6616235136485893
2021-12-03,0.5589139596136964,4.211897272413587,2.2419716032110566,1.2310767502896796,1.2882403653335175,1.6489372331264587,1.5987272169781244,1.2892776826380385,1.912009804476958,1.7389155120931363
2021-12-06,0.5589139596136964,4.162366487341349,2.2103656014919197,1.2273761648505026,1.2742703689707942,1.635706145952776,1.582391815025655,1.28042073992487,1.9160459638445357,1.733184839319694
2021-12-07,0.5589139596136964,4.107095428208524,2.2026163886788988,1.2286348226919426,1.2751204052132254,1.628174513981007,1.5844437763211137,1.2767470485217454,1.9382868877632018,1.7602041477312003
2021-12-08,0.5589139596136964,4.1646864002195025,2.209286658803616,1.227244172050412,1.2836585699028777,1.645873184925901,1.5879705371220871,1.2851745120864728,1.951375947176493,1.7616979393210856
2021-12-09,0.5589139596136964,4.175490231719637,2.195567195792619,1.2348399215650403,1.2889376216953912,1.644859392047388,1.587274041274308,1.2907026020348178,1.9530407006900798,1.784019499344772
2021-12-10,0.5589139596136964,4.240681242660467,2.202669370481178,1.2304687852187741,1.291085759358689,1.6496061738220587,1.5828778988201615,1.289540945913167,1.9423466074165254,1.7877339814618236
2021-12-13,0.5589139596136964,4.192376674858251,2.206665900187472,1.2386533776547952,1.2963576746916121,1.6600413554334703,1.595037173242498,1.3042389135740249,1.9558915728287734,1.8431337146065103
2021-12-14,0.5589139596136964,4.199467729316005,2.19865030602499,1.2478926464842595,1.3055429562686462,1.6569013172545102,1.5935818373029134,1.306400397164424,1.957672263767438,1.861000857474273
2021-12-15,0.5589139596136964,4.159494420969299,2.223611672803077,1.264266746337828,1.3226914682484407,1.6650361219545364,1.6147321900327338,1.3199777029815614,1.9961080849985284,1.938455972756298
2021-12-16,0.5589139596136964,4.134463623357822,2.24683516747586,1.2884871827527271,1.340622018326009,1.6863857688046953,1.6427391837446037,1.3402974313848974,2.0213983437812657,2.0019072540745357
2021-12-17,0.5589139596136964,4.062615901022136,2.2490932820040643,1.2948929398212718,1.347397568954238,1.6820714334151978,1.6472352174175104,1.3370066289022322,2.013342601091711,2.055884216317346
2021-12-20,0.5589139596136964,3.9468503311188816,2.258102310300489,1.3014500151745587,1.3484402123399004,1.6666356377775886,1.6372539378696305,1.322447816761578,1.984901555271564,2.0935896666280507
2021-12-21,0.5589139596136964,4.057471070061103,2.3316903660295716,1.3448069238633154,1.376458795780425,1.6930835950645293,1.6774523574590376,1.3457325947426042,2.016535359756957,2.096434590959888
2021-12-22,0.5589139596136964,4.013201358790719,2.3159354725078076,1.3304042847548674,1.372204659710015,1.6913096809860653,1.665827212790583,1.3445035761974589,2.0021226099160208,2.0188719633307075
2021-12-23,0.5589139596136964,3.919384583627028,2.2666521254946237,1.3290884883698373,1.3636060712599407,1.6880043051430427,1.6642819206962403,1.3451871835223397,2.010432484855263,2.0278280911221356
2021-12-24,0.5589139596136964,3.8388228686649177,2.2401257543286657,1.3038939295004188,1.3450781549296753,1.658981651134321,1.635354861695103,1.3197569135186489,1.999489657407864,1.9857202837819206
2021-12-27,0.5589139596136964,3.840781391715335,2.2487554905856117,1.3047685725127933,1.3573986635248585,1.6636307086107578,1.640754308753059,1.3279744635027615,1.9919130636852769,2.0366604798053496
2021-12-28,0.5589139596136964,3.820557066754371,2.2340884437798487,1.2943376167249887,1.3536817336270304,1.6687703432990058,1.6277670781474256,1.3235838799845643,1.9768376036367923,1.9521700706081615
2021-12-29,0.5589139596136964,3.797750197268669,2.2243542378374865,1.295265715539548,1.3627579994362506,1.6639328095585404,1.622898050816235,1.324860913112712,1.9649971921152514,1.9531630760690541
2021-12-30,0.5589139596136964,3.915138705340595,2.233177139866953,1.3192374898822585,1.3772215222187023,1.668553991389417,1.6300407039321025,1.3321284959009136,1.983779433825949,1.976469916521995
2021-12-31,0.5589139596136964,3.865220725494629,2.237997158248673,1.3264385729712964,1.3763230993201683,1.683305634166061,1.6350924755489777,1.344743332437492,1.9928704206638819,1.9703834669328495
2022-01-04,0.5589139596136964,4.081157839971561,2.278049909552903,1.3608779630168288,1.408579457716251,1.7057959235026279,1.6579861994437404,1.3650730030494147,2.002720222416896,1.9764888412277972
2022-01-05,0.5589139596136964,4.218773446433226,2.289167269600135,1.3546410375978148,1.3960498071112686,1.686858291669638,1.6388337101226997,1.3440395499667726,1.9708425218126358,1.9678495395729947
2022-01-06,0.5589139596136964,4.317985384650837,2.298336103807964,1.3713829106912945,1.4036458270033108,1.7070917637029785,1.6558873632145248,1.3588586182828961,1.9864187433367628,2.0227299844741853
2022-01-07,0.5589139596136964,4.3372186308683345,2.255928802938556,1.3635015479874668,1.3838764824757825,1.687986111734607,1.6455012660451427,1.3493576545489534,1.9682894515602736,1.989882776088871
2022-01-10,0.5589139596136964,4.506449396020469,2.258957115509635,1.372444711576314,1.39415250596948,1.6994252814943027,1.6549312185210046,1.3612763251967905,1.9666684643073122,1.953446252183108
2022-01-11,0.5589139596136964,4.75969756838806,2.2956192437679954,1.38057953330275,1.3934911843336368,1.6991851383083851,1.651229911724012,1.3578522444237298,1.970055036060129,1.9501151786152857
2022-01-12,0.5589139596136964,4.9932910539482505,2.2976411251256463,1.3949720665613865,1.4134392340898425,1.7066919785872956,1.6638433408638107,1.362134055626643,1.9820732464643296,1.9616248022054403
2022-01-13,0.5589139596136964,4.924567418251539,2.2776648106436537,1.3936421196701212,1.408150951750261,1.6956188524043814,1.658236868799026,1.3562868153749807,1.9625199114967573,1.934908928264127
2022-01-14,0.5589139596136964,4.810533070823031,2.226039455608542,1.3736291773197533,1.3904339749666432,1.6695381245365974,1.629534991708266,1.3272303042403741,1.9187602869072753,1.8907466097006582
2022-01-17,0.5589139596136964,5.011540577037728,2.247007701105664,1.4023252335906664,1.4011562153724577,1.6899263219115443,1.647819289960053,1.3391652561367111,1.92857630869244,1.8901248695161574
2022-01-18,0.5589139596136964,4.9327830377855255,2.2272435579213266,1.3843986061807052,1.3911529167292018,1.678510382667447,1.6428484746773238,1.3448137424528235,1.9235542634756093,1.9285137326047028
2022-01-19,0.5589139596136964,4.9048599157135575,2.260466934251948,1.4111263857886422,1.3915794781262056,1.684515863968962,1.6499179871137124,1.352374827840598,1.9310567524620557,1.9273664622127331
2022-01-20,0.5589139596136964,5.066818268282839,2.181461887057278,1.3985993012436762,1.3629902769876252,1.6462013617529228,1.6192048903701015,1.3249338539157527,1.9045902258880514,1.9393528324290783
2022-01-21,0.5589139596136964,5.330561577469548,2.1556751776585346,1.383536690240905,1.350311477976062,1.6355867632420318,1.6047783474214117,1.318729245439635,1.8803253533179418,1.900729371253747
2022-01-24,0.5589139596136964,5.1958618093210305,2.150414552029203,1.3639214898107128,1.3425033736553436,1.6260530716793977,1.59673631101116,1.3132272862639447,1.8685128031262719,1.8891979219296091
2022-01-25,0.5589139596136964,4.978150785682994,2.0510385964511757,1.3062938722424513,1.2798568519042082,1.5592195544436946,1.5315038393398104,1.25865085302856,1.7893325586125999,1.8156677268067452
2022-01-26,0.5589139596136964,5.373398511318122,2.0672095359882725,1.3063402490808618,1.292540581926845,1.5756327873455527,1.5515074195242695,1.26789013623629,1.8086403998531357,1.8437033249930908
2022-01-27,0.5589139596136964,5.09909880871153,2.0346199961593627,1.2683253857566028,1.2609672951306214,1.54259192413182,1.5162538058097417,1.234609933970461,1.7762440186426658,1.818393335372501
2022-01-28,0.5589139596136964,4.945307239213028,2.0929236237316826,1.2820963222059847,1.2770244613959518,1.5539613872455642,1.5249755401237772,1.244515709216119,1.7724293658547832,1.8159176037517568
2022-02-07,0.5589139596136964,5.098420403916452,2.1326442686849143,1.3132582196508018,1.3001774722089794,1.5962034825444493,1.5684543824549688,1.2736568114136508,1.8287228944373326,1.8806799508507155
2022-02-08,0.5589139596136964,5.3054202044586605,2.189814544679302,1.3478498704654955,1.3349509512209379,1.6384102621352834,1.6079359917481673,1.3129705057349574,1.8724126891860957,1.9221239823175202
2022-02-09,0.5589139596136964,5.7306971698605365,2.2126762790081376,1.3693211183819929,1.3527626825685624,1.6549463903732864,1.6232388282791446,1.3344904280202994,1.893458154137671,1.9338748665642247
2022-02-10,0.5589139596136964,5.8267457111008865,2.228646121637757,1.389483759164481,1.3639255738565677,1.667347236664836,1.6294252748016367,1.3434687170609034,1.9058525011226048,1.9256075614901613
2022-02-11,0.5589139596136964,5.93572602721477,2.194066890903228,1.3774961452590369,1.345077344358454,1.6542309728009035,1.607205459691005,1.3281014451797015,1.8800321068271522,1.8784901372051894
2022-02-14,0.5589139596136964,5.918322761653172,2.1989103427521366,1.369815917384696,1.3466645315323758,1.6453820250607512,1.5925400119742936,1.3168912259130487,1.864056204584647,1.8949630982433945
2022-02-15,0.5589139596136964,6.052872644063994,2.1789784327174697,1.358190059880156,1.3361972991488917,1.6387499039689803,1.5850036494769906,1.3103730915662848,1.8600355238156474,1.8674659543244774
2022-02-16,0.5589139596136964,5.8173134004218,2.2145024752263134,1.3779945519994738,1.350981641962566,1.6620523996516585,1.608490423217714,1.3314617939575535,1.8878861454040305,1.8767494109108378
2022-02-17,0.5589139596136964,6.282926752172155,2.2414318212659947,1.3581246066672132,1.3377874176606535,1.6549611767377685,1.601217962830052,1.326520975203893,1.8870774481907413,1.8565962774752456
2022-02-18,0.5589139596136964,6.1375797909573455,2.2933400010921767,1.378751543685722,1.3583661917688405,1.6756048059335387,1.622210023485177,1.343792618440508,1.909229563520391,1.8668399780069145
2022-02-21,0.5589139596136964,6.339185513700372,2.326183326276883,1.404065006835555,1.3777845434019003,1.6984811672258644,1.6364590648991735,1.356385392789833,1.9188156510161614,1.872021983071408
2022-02-22,0.5589139596136964,6.565348380653689,2.324557358956727,1.3814390260172673,1.3641128777315494,1.687819930046985,1.621516921039331,1.3447415511811942,1.895785688389334,1.8133435951744048
2022-02-23,0.5589139596136964,6.922824297469967,2.3576056402683534,1.3786088798779517,1.3668540557052615,1.6995646687715182,1.632325096232748,1.345266145363568,1.9125700602824767,1.8269386030206765
2022-02-24,0.5589139596136964,6.914500273046045,2.3136473810174794,1.3434404082582116,1.3250754838517789,1.661415847713169,1.596565394317677,1.3145331163216851,1.8804047740016048,1.775603419193224
2022-02-25,0.5589139596136964,7.283713822772532,2.320790302975583,1.3513020987612117,1.336787415082118,1.6676096354047292,1.610353010034306,1.3147136682655738,1.914911663630702,1.8128728500106963
2022-02-28,0.5589139596136964,7.698281253252616,2.296468887637903,1.3454730574140723,1.3366339996185481,1.6723356917085297,1.6132478486070168,1.3236073420092713,1.921627080520185,1.8074034897144504
2022-03-01,0.5589139596136964,8.053069114666858,2.318780274629306,1.356852496900856,1.350654465906438,1.6868207256071885,1.6284916440534127,1.3392130557272097,1.9268190420398075,1.843987339092121
2022-03-02,0.5589139596136964,7.843614226739691,2.325592848421917,1.372068977305274,1.3637825981174598,1.705530423002136,1.6429978570985242,1.3526657260066188,1.9446301328343718,1.867648191446822
2022-03-03,0.5589139596136964,7.559886192721385,2.3596562616005334,1.3871659677857715,1.378316525717557,1.7324993443606094,1.6626644955880094,1.3724711830333938,1.9747537317068045,1.9102252750076962
2022-03-04,0.5589139596136964,7.579808575697481,2.3241235486000784,1.3559373365601999,1.3620500138780205,1.7100018742372882,1.6378656593752956,1.3470085948017134,1.9625359095990507,1.8609525058371035
2022-03-07,0.5589139596136964,7.853232236562826,2.3064666544036636,1.3562995397429418,1.351041467880579,1.6994473770717426,1.6190946359057246,1.3478275344249926,1.9470714963632338,1.8434139780501464
2022-03-08,0.5589139596136964,8.141145495186098,2.238389266390294,1.3202495468645254,1.3107954295667783,1.637982399304753,1.5621910377784292,1.3051229821511612,1.8804349003278606,1.7732330431809327
2022-03-09,0.5589139596136964,8.727491386607579,2.239471966554203,1.3068873005825865,1.2998796131670307,1.6199207656543144,1.5485621234855005,1.2928688537677944,1.8630218180568996,1.7485129951414282
2022-03-10,0.5589139596136964,8.070053110148026,2.273331414280136,1.3264770243105823,1.3250816349875654,1.6533938152815115,1.574097305604346,1.3093743664872088,1.8894493245297679,1.788563904074934
2022-03-11,0.5589139596136964,7.4585546314167,2.279697500867453,1.3257350003639667,1.331176159397567,1.661649262368063,1.5754314202335562,1.3084410730323024,1.8856469444286212,1.774493568791745
2022-03-14,0.5589139596136964,7.762796512243281,2.2282737675274773,1.2925402406979354,1.2959115273318305,1.6191793673744226,1.5345499824802245,1.2685288036246087,1.8232089136210492,1.7212622692062878
2022-03-15,0.5589139596136964,7.114751718459971,2.108563770819198,1.2181206252351235,1.2278081697803798,1.5283452917498537,1.4368234316681767,1.1938166445909395,1.7130250399927183,1.5870103564901599
2022-03-16,0.5589139596136964,6.947877403095502,2.1781748883816796,1.2612946358100545,1.263076620726147,1.578106116873546,1.4795420335873923,1.2339942853814252,1.7678932306906954,1.62980262334254
2022-03-17,0.5589139596136964,6.790653655196308,2.219135438595705,1.2862972452740637,1.2906296169503557,1.596792757845848,1.4996827820555234,1.2440152566178397,1.7941122486041663,1.6500989035302485
2022-03-18,0.5589139596136964,7.018394603122463,2.259964921321797,1.3250753147658338,1.3250132995367703,1.634115468782404,1.5338270356831236,1.2745453825745379,1.848664464802167,1.6892796540585435
2022-03-21,0.5589139596136964,7.0823067016465515,2.2911013287977506,1.3497610652437215,1.3437316758073028,1.6584024663654693,1.5502015564297442,1.2888545659358575,1.8579439387589962,1.6972029956782764
2022-03-22,0.5589139596136964,7.562376611177257,2.3267568672047427,1.3606000561153426,1.3488366386316653,1.6763972830271294,1.574786959805981,1.304808843491666,1.8697239797136485,1.701059013033703
2022-03-23,0.5589139596136964,8.11699459799938,2.3206858759258404,1.3673118214378426,1.3456132916894499,1.6665533643651314,1.581996081236046,1.3073310160979608,1.8622607385178305,1.7236344281089988
2022-03-24,0.5589139596136964,8.434040917143575,2.2919823852756016,1.356333776208968,1.333691102216543,1.6574435037124264,1.5683618229591814,1.300042706788336,1.8455299237201017,1.6922209024474444
2022-03-25,0.5589139596136964,9.06855451368643,2.2957792065818308,1.368467549328377,1.3384739776466184,1.6587218883562835,1.5650267551901407,1.3014772265805647,1.8443972909539224,1.694135916619575
2022-03-28,0.5589139596136964,8.397532344839698,2.302804768705268,1.3886559320889047,1.3457044337061892,1.6638467383237256,1.5752770171435728,1.3143980774902082,1.8612920854726422,1.6883850991596447
2022-03-29,0.5589139596136964,8.560026692665668,2.3007787270574203,1.3759639600819158,1.3323391507345272,1.6596499539008105,1.5634440519997101,1.308211181425872,1.8564629353880884,1.6707696613754228
2022-03-30,0.5589139596136964,8.405833337746405,2.3480249464849408,1.4073330158083253,1.354059085602267,1.679610772820557,1.5896167152362883,1.3186041238271886,1.8711615121143763,1.6980608415577831
2022-03-31,0.5589139596136964,9.00012160567563,2.359814032826706,1.4222490560402647,1.3583188466198863,1.6903931592132952,1.6021540359208877,1.3229067225381712,1.8678054758941465,1.70196672550899
2022-04-01,0.5589139596136964,8.595077406104902,2.3852373283009882,1.432117179037863,1.3566515240504227,1.701360880276926,1.6103394897884502,1.329787793738623,1.8849550330604017,1.6954600623302658
2022-04-06,0.5589139596136964,8.455176132581258,2.415458586569846,1.4615031512642052,1.389843410742105,1.7328230889285956,1.6397039161275453,1.3483233698681334,1.9194728188292822,1.7428110313684708
2022-04-07,0.5589139596136964,8.64963798513595,2.360793013480736,1.4317038213094673,1.3518767965626601,1.6951218814585873,1.6007564476813156,1.321224689338111,1.8907579576264926,1.7069111719461487
2022-04-08,0.5589139596136964,7.975369939951876,2.378857604689769,1.448624437456135,1.3629584076904797,1.7078230694300522,1.6180001988125419,1.3318928439607414,1.8944705824036225,1.7287950567417187
2022-04-11,0.5589139596136964,7.8023910666864476,2.340437984718154,1.430408579337259,1.3411499725357783,1.670170533996421,1.5768390164112358,1.3006090502685737,1.8643739783123199,1.7043315745459044
2022-04-12,0.5589139596136964,8.192313809074044,2.376329857089929,1.4346581815068802,1.3558941483932072,1.6985174178006053,1.5914175750636401,1.3169126736974741,1.9017894171872896,1.7182273149947602
2022-04-13,0.5589139596136964,8.579174686094307,2.3765435670783197,1.3931712044353644,1.3305393627384747,1.6735224404432014,1.564465771500674,1.301692036678953,1.8919999301371475,1.6814399173153616
2022-04-14,0.5589139596136964,8.528674768541082,2.4000729691236535,1.4095714751821944,1.3491711146158383,1.6947976682965982,1.5919507039199183,1.319804370108538,1.9106793712030408,1.7017290815604669
2022-04-15,0.5589139596136964,8.326773856509334,2.3718055110076666,1.3824532268296366,1.3274094398120213,1.6587645646248894,1.5690745901317826,1.289757659934767,1.8785694512155764,1.6829583120907317
2022-04-18,0.5589139596136964,8.743712809759554,2.329981061603545,1.3535749840335314,1.3225076441170753,1.6497544215207054,1.5627781679325208,1.2828367146948934,1.8572128209624879,1.6744019650974717
2022-04-19,0.5589139596136964,8.860773570900617,2.3353050909567323,1.3709799989452365,1.3415405900752082,1.6699141546430862,1.5844600775442743,1.304434660682602,1.8873609475134405,1.6880950318557761
2022-04-20,0.5589139596136964,8.15626249076642,2.2998348787480225,1.3396623073393847,1.3144345484592401,1.632132887275106,1.5454172555635068,1.2863394379109117,1.8685387879908282,1.6559783411903224
2022-04-21,0.5589139596136964,7.467404883804669,2.181049369573144,1.276525323007188,1.2555571213896044,1.5658443199819394,1.485964140971855,1.2289982814409466,1.7933991567399443,1.5773569283361941
2022-04-22,0.5589139596136964,7.148390515485134,2.1352430672995277,1.2671974145533897,1.2474067640070838,1.5642282511426835,1.4871487059759043,1.227723605948737,1.8171672916195132,1.611270821791147
2022-04-25,0.5589139596136964,6.443888840891999,1.9752646071900701,1.1954807790765143,1.1645366240829194,1.4641139707343864,1.3833213646194054,1.1443299171422692,1.707004130942135,1.5163308575171495
2022-04-26,0.5589139596136964,5.954319817223895,1.9445795739610743,1.1808768700345784,1.1373130077220601,1.4359550575628013,1.3397291338993012,1.1145513528348392,1.6510038652433578,1.4617743502543257
2022-04-27,0.5589139596136964,6.418863590138073,1.97494821961465,1.2163944875669017,1.15505058104564,1.4810747352650995,1.3683219627595298,1.1434456698843345,1.6854002586843184,1.5066779975758766
2022-04-28,0.5589139596136964,6.655371225837374,1.9907209838173199,1.2168856160404984,1.1444487247663035,1.4760092649030645,1.3623354107737373,1.1354248596602143,1.7018314111060664,1.5235582849754998
2022-04-29,0.5589139596136964,6.95888646832497,2.063860891996047,1.265453998782742,1.1853862216007651,1.5266506429669937,1.4137932049775914,1.1692867809696335,1.7392298666371289,1.5616771487788235
2022-05-05,0.5589139596136964,6.686687818891046,2.0645424834814645,1.281532517818729,1.2082654618667976,1.5470576140521046,1.4362209175224752,1.1852879442620965,1.7542347946798198,1.5595887096762189
2022-05-06,0.5589139596136964,6.600888061644296,2.028583608452584,1.265567519287164,1.1847786553624018,1.510813616367432,1.403882171061721,1.1611398161870734,1.7261521178865598,1.51546269347062
2022-05-09,0.5546289525899913,6.721527471834161,2.059658821424223,1.2869979818366488,1.2043226506608995,1.533971591234718,1.42834801914056,1.1758979586404648,1.7461143367772831,1.517432799408626
2022-05-10,0.5605608130454993,6.905306977000856,2.0866543532719257,1.3044821716422057,1.2255420432120896,1.5552594213962423,1.4472608802304967,1.1851038469479274,1.7611545011420962,1.516888843977911
2022-05-11,0.5664926735010073,6.839488801066818,2.0951036044604803,1.3016358471527218,1.2196943240546723,1.5480045208383328,1.4478913104391633,1.1844657606019182,1.7648015850982108,1.532565254719943
2022-05-12,0.5650097083871302,6.93984370306584,2.108980164345724,1.3123554472156327,1.2278965066721916,1.5617275269582425,1.4537337570344036,1.192627979902669,1.776081350028747,1.534622601898182
2022-05-13,0.5679756386148841,6.947108905627227,2.100736216361359,1.3250504646710497,1.2435242481233055,1.5810929623428727,1.4660145734045622,1.210918601308096,1.8042028306869802,1.55798154068017
2022-05-16,0.5679756386148841,6.914818383303509,2.1055190501290553,1.3254861835702594,1.2507153383182117,1.5875133814235645,1.4696115362633047,1.2187817951190187,1.8295080676621298,1.5723318624422824
2022-05-17,0.569458603728761,6.810023548572268,2.0787172631298323,1.3135068235015148,1.244163157551463,1.578596402658428,1.4622095789636584,1.2069776269235302,1.8080383809802856,1.5701512091822265
2022-05-18,0.576873429298146,6.989703509508624,2.112727909545255,1.321989386660827,1.2514108281700387,1.5881750764755795,1.4646908925651965,1.2137639030093086,1.8065494094559524,1.5680094602731243
2022-05-19,0.5931860455507928,7.13353882617976,2.119204331553369,1.3347544607967834,1.2630935346902494,1.6021619478558615,1.4755431095127813,1.2220136088217564,1.8193567289198076,1.5734327663005068
2022-05-20,0.5931860455507928,7.121374654032809,2.136499810148302,1.3501652879458612,1.2783418290101647,1.6182295585262902,1.491097467005593,1.234608981451831,1.8382777661044538,1.6112840114018518
2022-05-23,0.5961519757785467,7.216323799851087,2.1584483967404613,1.35958128075911,1.288583826624686,1.639736908677388,1.5030498485571995,1.2495032756745887,1.85759512663938,1.6373353856056645
2022-05-24,0.582805289753654,6.936106387916544,2.056798766303336,1.3061944091363922,1.2411564952107117,1.5789756776841608,1.4505958701910628,1.2051965973940837,1.7879630557350221,1.5744096140313455
2022-05-25,0.596151975778547,7.113739646108296,2.1093156396214368,1.333889719722816,1.2723109510819957,1.6246841639851264,1.4864657360504694,1.2372220000954741,1.8367328734453356,1.6082332394224133
2022-05-26,0.5991179060063009,7.102071379592205,2.139744454854534,1.3391383575039497,1.2836548126686413,1.6366257619130118,1.5022166290690253,1.2435706899864882,1.857816309490373,1.6330447655670148
2022-05-27,0.5961519757785468,7.10890898944381,2.1535188824804505,1.3401178339383055,1.2894219578981523,1.6401200278153916,1.5031351535400697,1.2483436211510628,1.8619698872628814,1.6351858311990868
2022-05-30,0.5931860455507929,7.107561970627886,2.191081441476322,1.350979764708537,1.2999285585654763,1.6471265952712846,1.5118103109507932,1.2602035168611172,1.8692549334882653,1.6470945606133245
2022-05-31,0.6035668013479317,7.0775116168409795,2.196881292890352,1.3598118437117894,1.3086130728413607,1.6617001091634669,1.5208282072617796,1.2675820601387706,1.867638134972595,1.656624956624098
2022-06-01,0.6169134873728247,7.112894424824803,2.2114349729813467,1.3682414942988492,1.3108730614484254,1.672483150413404,1.523777958170204,1.274633782630573,1.8856762050808797,1.6732540743924027
2022-06-02,0.6228453478283326,7.152126236152299,2.2410835178937956,1.3714496190854542,1.3195070286550674,1.6772337096797063,1.5237907534417847,1.2742379557117154,1.8770665547241099,1.682697962023877
2022-06-06,0.6213623827144555,7.248902885156333,2.2717253205057317,1.3805638440242598,1.3287758958299487,1.684777083355757,1.5308459045477016,1.279516956280835,1.891087744660306,1.71217364977388
2022-06-07,0.6169134873728247,7.290310648425083,2.2886300031371807,1.3802442052121286,1.3246672772829053,1.6768430891702657,1.530033654824701,1.2825128948507964,1.892130128876921,1.7084185185665768
2022-06-08,0.6169134873728246,7.37108531184777,2.3031124381843537,1.3730097434191282,1.3250206159943754,1.6807658932800824,1.528734968045292,1.2834539476303495,1.8989080090292876,1.7294359910452366
2022-06-09,0.6065327315756859,7.123839891734508,2.263294235945668,1.356433825554005,1.30642902694307,1.6564740351667988,1.5104652900236923,1.2681262310755896,1.8815601044989214,1.707774192672821
2022-06-10,0.612464592031194,7.301463843207281,2.261898583091224,1.3651124051482342,1.3234732681073664,1.6785926412394783,1.5278112128974608,1.2822784145677055,1.9018171227765854,1.739329543752481
2022-06-13,0.606532731575686,7.404240218317973,2.23953679112409,1.3550742002817906,1.3174092049093489,1.6641342275726412,1.515136019495408,1.2711424275730405,1.890552008982481,1.7211481163512188
2022-06-14,0.610981626917317,7.334879696425711,2.2457493808606572,1.364227437254175,1.3319011887513912,1.6800036054583822,1.5292131699047136,1.2808838245959686,1.9122417274578485,1.72730663471671
2022-06-15,0.6094986618034399,7.4279510595713445,2.2452837545927435,1.3664458338826337,1.3340157060982374,1.6737030367689376,1.5291979432049443,1.2768238145608706,1.9126548632983595,1.7274232851455633
2022-06-16,0.6020838362340549,7.7076689741002316,2.236988951676744,1.3697248399325428,1.327823749728543,1.675148446175037,1.522294908390082,1.2687895695493125,1.8989525497024895,1.7077606184265686
2022-06-17,0.6035668013479321,7.562133965536106,2.2416434807854015,1.3626991938327537,1.3322097845960499,1.68196790680607,1.5175672835908691,1.2626593463630946,1.888717341388627,1.7035437278422136
2022-06-20,0.6169134873728249,7.556212459603895,2.2841357651494634,1.3867912765637385,1.351620209993228,1.6935072130255826,1.5313245953416408,1.2678802146348134,1.879682258367306,1.6712802820445307
2022-06-21,0.615430522258948,7.535607456839721,2.2647929893458514,1.3876496365857613,1.3505005239005694,1.6917622055849777,1.531481327527059,1.2678268916930084,1.8693354065227679,1.6612445869465875
2022-06-22,0.606532731575686,7.373838312290172,2.2299609291331155,1.3672901157893207,1.3344296825548978,1.670023543614535,1.5103417373067574,1.2532638818409905,1.8636408466440013,1.6415038205659984
2022-06-23,0.608015696689563,7.543768679082189,2.2754524207581976,1.371049779717663,1.361463954837175,1.7047305317934116,1.5313555462141788,1.2752243752260202,1.894502920439794,1.650961468607603
2022-06-24,0.606532731575686,7.4951272171559875,2.2817403639643214,1.366411879926503,1.3685413216501483,1.7149246333962669,1.5354704506680075,1.2777218694974513,1.894515492861408,1.6521418666702608
2022-06-27,0.608015696689563,7.627630799423375,2.279094478171441,1.3761785020376287,1.3806656272661546,1.7283480610686897,1.5420779464915264,1.2835538778640174,1.9187022718631128,1.682551080420009
2022-06-28,0.6332261036254717,7.735310196894245,2.306496361269147,1.3951491543097025,1.4026206410348774,1.7557942268918054,1.562145234382562,1.2977026072534894,1.9514879915469425,1.712315996457652
2022-06-29,0.610981626917317,7.480726456632644,2.2602344932247296,1.3793132752600874,1.3829235219463578,1.7300570022540285,1.5358386427166395,1.2758157283513958,1.9076815043792428,1.684502201529388
2022-06-30,0.60949866180344,7.4991206050277395,2.2845479421684427,1.3815225298741427,1.3867151349458153,1.7277554046373553,1.5406499169914365,1.2802817760249061,1.9138384406555669,1.6846590156465906
2022-07-01,0.6035668013479321,7.426908014907842,2.2977637733045086,1.3835577074714696,1.3834947027078468,1.722858852370997,1.5395547396708846,1.278882148834897,1.915552290865038,1.6694522277523518
2022-07-04,0.6198794176005789,7.528130404197655,2.2978519500165917,1.3862810365203437,1.3876630047656928,1.7231861665838566,1.5444155479231099,1.2817993493097726,1.9182173312807067,1.657559298779905
2022-07-05,0.6821639523834122,7.471988875637763,2.280756246763061,1.3795167821542504,1.377990285660346,1.7116134914727688,1.5407931775824648,1.2831767252935595,1.914221736595386,1.6691550037284022
2022-07-06,0.6539876152197495,7.484977520292566,2.287303918045533,1.3657643077106247,1.3561821225045105,1.6858172846575021,1.519061391928408,1.2601725967041857,1.8692099927884036,1.6232316476722997
2022-07-07,0.6628854059030114,7.508302191730624,2.282139715626471,1.3752033894609037,1.3713265746287762,1.7087084400164707,1.5394322794149828,1.2663413418114586,1.8922086865632406,1.634991352138326
2022-07-08,0.6391579640809797,7.560206021890446,2.2991589103590853,1.3867330683111863,1.3755295637193934,1.7123259544354426,1.5432239732393105,1.2645492753541858,1.8937778957395717,1.6391037027862438
2022-07-11,0.6688172663585193,7.380142983436017,2.3018694280868086,1.3911462606853346,1.3745100857787986,1.701663080629492,1.5323807395250926,1.2588640466495336,1.8817673798465595,1.6214111517817702
2022-07-12,0.6732661617001503,7.214882733734031,2.2647683130265412,1.3861560820833332,1.3717831763652006,1.692924860668753,1.5282085580120637,1.255919678125412,1.8792785126994465,1.6222399150893843
2022-07-13,0.6717831965862734,7.46609953030676,2.3099365795497384,1.4066038421406606,1.3974362613112195,1.7152259435636865,1.5514141972991506,1.2711449034988647,1.8998417154589107,1.6466347123043414
2022-07-14,0.6762320919279043,7.354297665342696,2.308113859149668,1.3943618082504106,1.3974370272588632,1.699771686333687,1.5415258970408938,1.260212009408076,1.877585348459481,1.616517167476469
2022-07-15,0.6495387198781185,7.049045313516121,2.232211734591196,1.3500265134905087,1.3637647018225563,1.6521099020018426,1.4952002705266803,1.2246453388473295,1.8392321523535873,1.5669437243281423
2022-07-18,0.6688172663585192,7.229631494960114,2.31744317931829,1.3968041472061876,1.4032363261998435,1.7043309991609321,1.5457744395849295,1.2615239571863353,1.9039755928711795,1.6135976673011705
2022-07-19,0.6599194756752574,7.340174306300483,2.315890760508954,1.416846052466114,1.4117976311388043,1.7199135058809114,1.5526258217822164,1.2703134083104972,1.9133923112226336,1.6233742696411253
2022-07-20,0.6658513361307653,7.385005231411853,2.3585451120041627,1.4263405169396668,1.4153543099384112,1.7253574904321025,1.5619256189686965,1.281504670530363,1.924029361807977,1.6273495444371509
2022-07-21,0.6717831965862733,7.428230172163185,2.342116121489038,1.4253692090616272,1.4068289948507078,1.7188007065727902,1.5527073894556271,1.278312392989581,1.9164945971665337,1.6147991732842852
2022-07-22,0.6717831965862733,7.414520748751169,2.34350206748307,1.426101658324197,1.4153504087143072,1.727026333755592,1.5579658522931656,1.279910243032519,1.9229870422414153,1.6050559896160408
2022-07-25,0.6584365105613804,7.301547842830382,2.310957413288265,1.4048189916445313,1.4013364333339253,1.7024926166403938,1.5443164281795743,1.2689695848493294,1.9087771926180008,1.5946385798518636
2022-07-26,0.6569535454475034,7.422349587345425,2.3409873893485558,1.418282623742239,1.418780860248602,1.7231485699196307,1.5642595678056124,1.2790013096519488,1.934548150727225,1.607745357395333
2022-07-27,0.6554705803336265,7.4612512288955815,2.3577010424679066,1.418039399894377,1.4240319328081055,1.7338357975021246,1.5684270666918316,1.2817693365099199,1.9429889007442234,1.609394213705587
2022-07-28,0.6614024407891343,7.509408016914567,2.380045463255158,1.4285631141440067,1.4345649979609254,1.7441256549353952,1.5778128891675334,1.288921887963299,1.9496139404416473,1.621375034639955
2022-07-29,0.6599194756752573,7.48339602993546,2.3575666768173336,1.425591037607074,1.4332679249735507,1.7439278146960013,1.573122391174395,1.2816993896248474,1.932214780844061,1.6072155685682115
2022-08-01,0.6628854059030116,7.480794842490374,2.395299523279836,1.4328374700141575,1.4356677450938677,1.7503372422079402,1.5718913375432626,1.2840510077251255,1.9334722586522495,1.608867671372867
2022-08-02,0.6391579640809799,7.142460464583079,2.3368477588936734,1.3646604723028513,1.3747418209519093,1.6737196129611245,1.5062794926457126,1.23678737103926,1.8573968352627848,1.5465121960496486
2022-08-03,0.631743138511595,7.1027221975325245,2.3528916459996596,1.3479563075994168,1.359561658798148,1.660721381865716,1.4891504637022668,1.2258362960808393,1.8301089943649176,1.5287219087518364
2022-08-04,0.636192033853226,7.257126010606177,2.3590089050026903,1.3714250260441059,1.3718676550424325,1.6815062349318448,1.5055113070744506,1.243593448315267,1.840324129034262,1.5404801958597214
2022-08-05,0.634709068739349,7.308857003014417,2.35770969232051,1.373178451781415,1.3760545578331815,1.6970224784400734,1.5171650582993723,1.2571363890375813,1.8505480103032257,1.55447200009113
2022-08-08,0.636192033853226,7.3784521545533135,2.380015701715872,1.383041819590653,1.392196853936349,1.7143705092087338,1.5322950446052297,1.2694375822904413,1.8782458964592457,1.5694127171317107
2022-08-09,0.6421238943087338,7.4728918366932975,2.3828874893538305,1.3825296558804796,1.3942971137757292,1.7103911236719502,1.5318220908759979,1.2732507296054063,1.8874895716400022,1.578480792476474
2022-08-10,0.6361920338532259,7.48090333534801,2.40739438695266,1.3858947381897972,1.3976327922230847,1.7183402961458223,1.5337556792100546,1.276845408131353,1.8853148497087215,1.5725146175675078
2022-08-11,0.6450898245364879,7.5729381453383535,2.444774842242232,1.4040473786342116,1.4175621518578019,1.746694228944167,1.5554179715497938,1.2981389279920992,1.9136159016035423,1.5992747584097353
2022-08-12,0.6480557547642418,7.506527673864839,2.4416518830449103,1.4061268946815175,1.4177106264024408,1.7447178254024822,1.5594957610597258,1.3031640637977724,1.9295834819806275,1.6165815324632815
2022-08-15,0.6465727896503649,7.558831782703525,2.448424548060122,1.4161170961917935,1.4271070019281764,1.7504983244510206,1.5673482860100358,1.3081726571393213,1.9415594763761783,1.626501844129861
2022-08-16,0.6584365105613809,7.635418500589979,2.4595463384783827,1.436896526498857,1.4466294366537977,1.7650177243789942,1.5814293219956415,1.317608815662464,1.9572958829921967,1.6385628565634036
2022-08-17,0.6673343012446427,7.809357246370378,2.4645436325836885,1.4526679511361849,1.4551181138759457,1.7844928232600348,1.587670550188303,1.3218623309119262,1.9549786160114684,1.6438823323139184
2022-08-18,0.6628854059030117,7.669766209775816,2.4721716394960294,1.4493071159045698,1.4519994787320252,1.7813848085486195,1.5804920209679787,1.312674555166297,1.944076468217769,1.6150494674017541
2022-08-19,0.6628854059030117,7.608931957674244,2.452543142164651,1.4408479143225807,1.4306597850929423,1.777011214866345,1.5783043809794446,1.3049658404642586,1.9335815103718765,1.6148593263840436
2022-08-22,0.656953545447504,7.558139608851942,2.4495467657707186,1.4420131418430564,1.4383435396582556,1.7905816845535014,1.5831413620547894,1.3118437270365448,1.9556799884075133,1.6278770480563762
2022-08-23,0.6628854059030118,7.6013751489771515,2.4615478936459603,1.4608665511853443,1.446260989510969,1.80248268929291,1.5930591855223786,1.3153399040800955,1.9718016698631455,1.6455444782430932
2022-08-24,0.6421238943087341,7.462226942973239,2.3730430252865657,1.4180595279476762,1.410148081654804,1.753803261010368,1.5543599818714866,1.286290853488799,1.9313880440645925,1.6127906223705466
2022-08-25,0.63915796408098,7.469695953409213,2.351076164706858,1.4177984009996476,1.4147293247580792,1.7556005858108483,1.5661214430497419,1.295016241089207,1.9625972910369482,1.6428386169952678
2022-08-26,0.6436068594226111,7.294464169451168,2.3557083161989563,1.4125267729144875,1.4036143192682298,1.7465764169509692,1.5594508215019534,1.290753174398617,1.9441827278110415,1.623905748525724
2022-08-29,0.648055754764242,7.261568966830218,2.3694842260138658,1.4254596460543554,1.4198476782448959,1.762690464906437,1.5719130078331762,1.302182824525988,1.9638446441100266,1.6313756031600446
2022-08-30,0.6539876152197499,7.347119105294918,2.360741565427235,1.4231568567105173,1.4190157812010127,1.7604607999175765,1.5663149944694639,1.2988752749044368,1.9462655388034034,1.6043646669829412
2022-08-31,0.6287772082838412,7.045933555281855,2.3038014287473128,1.3897335949343412,1.3833424878539464,1.7133584303106089,1.52204284759884,1.2666808508938545,1.8896786419698461,1.5691480231459805
2022-09-01,0.6198794176005792,6.94518955917758,2.3041973077756426,1.387864122742744,1.3859020103582782,1.7120440933536936,1.5214338986960205,1.2662699764701997,1.895057896403234,1.5719712916987991
2022-09-02,0.6213623827144561,7.074332075544365,2.335491103259094,1.4004984892730894,1.4020631198838387,1.7306045698202492,1.5367869040436681,1.2793682719848969,1.9080650775392316,1.577761917722974
2022-09-05,0.633226103625472,7.069329719580309,2.35473301526447,1.418635857668793,1.4210883784968935,1.7524668757758348,1.5549415029237885,1.2958453829726044,1.939277297197823,1.6028571844473487
2022-09-06,0.643606859422611,7.123385872237102,2.3881720877750534,1.4383386735287285,1.4426414479331668,1.779573840344318,1.5755095540133863,1.3145881898328446,1.9756196372982235,1.6234577782028559
2022-09-07,0.6703002314723965,7.103482006741118,2.3908922678874753,1.443659351423006,1.4501991520407629,1.7858646973695047,1.580105315731007,1.3171265073544818,1.975420673588319,1.6281847193661536
2022-09-08,0.6791980221556585,7.031982678180014,2.3706512119501775,1.435788921622529,1.4434748548690182,1.7798245886915263,1.570536851900002,1.3097387017931206,1.9684113819999283,1.6168276402364252
2022-09-09,0.6762320919279046,7.11821055324482,2.362091163845542,1.437104190706755,1.4428207742824528,1.780056474207419,1.573181017512341,1.310305660765342,1.9716606219279662,1.6281854651586716
2022-09-13,0.6703002314723966,7.158330176229499,2.369138427923065,1.4350470873071173,1.4372152670385796,1.770741542637937,1.5631863383265312,1.3050343385205045,1.9587808287338093,1.6126382311985143
2022-09-14,0.6614024407891346,7.13272204218371,2.343905968259975,1.4190589262184883,1.4227433475502453,1.7541167847876793,1.5475874986023308,1.2944754526338207,1.9365952286068264,1.5964956510292252
2022-09-15,0.6614024407891346,7.098047478178992,2.297035386226572,1.395651231700994,1.3962606541134237,1.7237539580941128,1.5247484745681301,1.277441786362021,1.903907078268056,1.582227413644794
2022-09-16,0.6450898245364879,6.8664191334291935,2.247105232757679,1.3555546854040268,1.3579069103192276,1.67016726459682,1.4761067095256002,1.2363073597140515,1.833502772853675,1.5166364047368686
2022-09-19,0.6287772082838411,6.766351807928867,2.2289365119960816,1.3410768988115438,1.3483728873195606,1.6538367077719038,1.4587662563694301,1.2246057728820092,1.8169594473213162,1.5017552941608927
2022-09-20,0.6272942431699641,6.805747516840828,2.240221095167625,1.3602250517739407,1.3668592509047488,1.6718495730453415,1.4762450088409003,1.2404082270464982,1.8434336860723828,1.5138941267985224
2022-09-21,0.6258112780560872,6.869463380097059,2.2539201204035386,1.3791150198074706,1.38286599770022,1.6954784226499928,1.4945146053837746,1.2574063232377157,1.8696166694345515,1.5386945923873312
2022-09-22,0.6272942431699642,6.821227526497072,2.250897388977052,1.3671540245328455,1.372510902419457,1.6812502379591803,1.4852123549787293,1.2443805650445607,1.8660993172822862,1.538591863420708
2022-09-23,0.6124645920311943,6.8326080990669675,2.204891474768847,1.3449287262163954,1.3486037194919196,1.6507465201927525,1.4664464905414432,1.2256193925224437,1.8406590243582908,1.5192053595611332
2022-09-26,0.5902201153230395,6.6239580315454285,2.1438233444431924,1.3207167861043962,1.3174461334688803,1.609541061841855,1.4289048274108713,1.1896375076566317,1.7883954041877754,1.465176141599636
2022-09-27,0.6006008711201783,6.790920270485014,2.198390989978188,1.356145016988119,1.341124076196895,1.641492736273065,1.4597339971206391,1.211385056558892,1.814242847564528,1.4849635750577128
2022-09-28,0.5902201153230395,6.797008994589429,2.1354075380010538,1.333787527530635,1.3126572525511988,1.6030795746153743,1.429754786706641,1.181380228701768,1.766846873741842,1.4539926817460844
2022-09-29,0.5768734292981467,6.6346070362353124,2.1200801872610673,1.316463418967062,1.2936353739793873,1.5833303528854488,1.4102043753645919,1.1691977768190187,1.7571393263715211,1.4482752093601146
2022-09-30,0.5739074990703926,6.544681984256373,2.105817552816583,1.306474565865335,1.2811026242726185,1.5701945754994648,1.4036920469578287,1.1660534191617982,1.757755994464224,1.450272040649468
2022-10-10,0.5650097083871307,6.538882713738522,2.081930289288077,1.2863335544224461,1.2628008742997558,1.5556917803603971,1.3916087935400123,1.1585022783461343,1.7476500805262238,1.4423455691279015
2022-10-11,0.5768734292981467,6.530346975942302,2.0905316718192415,1.2967505019657029,1.266150489490074,1.5696379800754572,1.4006931755876577,1.1626965809475343,1.7596495665128897,1.4443672791966387
2022-10-12,0.5887371502091625,6.720706461415998,2.1514869564340438,1.3228374206915154,1.2950215353900671,1.607646408977029,1.4280854722174607,1.186994514375842,1.7930131116765764,1.4695246497309895
2022-10-13,0.5931860455507935,6.737325362950989,2.165582003253177,1.3353082095110074,1.2988630404678643,1.6198557341791013,1.4301759224231965,1.1876552612255638,1.7827866052853616,1.454617298281909
2022-10-14,0.5961519757785475,6.934445886600154,2.2001933475748108,1.3566318784739837,1.3226739052831673,1.6438658622022089,1.4521813538400328,1.2066450321316715,1.8127124784919728,1.4773694653226115
2022-10-17,0.5961519757785475,7.089029364608754,2.249669811236073,1.3709061264286304,1.3376787291300638,1.6612310680115296,1.4724041894870181,1.2226756682539481,1.8252020401286655,1.4856152444925173
2022-10-18,0.6020838362340553,7.020834304186394,2.263471055627018,1.3703462704981475,1.3437921269051523,1.6621714029155636,1.4726133352786892,1.221912927265479,1.8318059521433703,1.481662936535746
2022-10-19,0.5931860455507935,6.907871933705858,2.2503932385910663,1.3536146897324335,1.3312592659053104,1.6407352624911204,1.463808380521643,1.2146187207098271,1.8331640242750067,1.4711734438566937
2022-10-20,0.5917030804369163,6.8380208814657015,2.2352750619883075,1.3420374130168597,1.3205075259513017,1.6332304453969528,1.453379225511418,1.2101161984608755,1.81580219392339,1.4579350578386554
2022-10-21,0.5976349408924244,6.85881121697043,2.245473700943601,1.3394397046672268,1.3286134326740588,1.6369829821069022,1.4594584953530747,1.211281632549617,1.813623111921568,1.455152683412771
2022-10-24,0.5902201153230394,6.702264664459238,2.2215467751042035,1.307609188364263,1.3064598251822606,1.6090534660533704,1.4347767713863875,1.1910484016776142,1.782826562470854,1.426485108800463
2022-10-25,0.5976349408924243,6.726082884887045,2.1851641654061953,1.3058620084678723,1.308402103727584,1.615459383177784,1.4323613541096765,1.187180334567505,1.7874794225761064,1.418298648962728
2022-10-26,0.5991179060063012,6.829644942764038,2.217298033831659,1.3241976329073517,1.32610131654241,1.6344675607415362,1.4469099149569418,1.202877551022038,1.7996037307078798,1.429407057861693
2022-10-27,0.5917030804369163,6.780389656477979,2.2037449611771653,1.321208915184219,1.3206747328093198,1.630045587649874,1.4500524803533332,1.2108555841808522,1.7988575263956967,1.4401398380428563
2022-10-28,0.5798393595259005,6.515805032950552,2.1171259302184864,1.267341365839533,1.2727577418397322,1.5698671713551777,1.3966448821543347,1.1716286528807052,1.7423609838517982,1.3948413273531677
2022-10-31,0.5753904641842695,6.616371195832997,2.1173831799922826,1.2807094299506243,1.2778692441833368,1.579724843295884,1.3967631816479618,1.1723117073880245,1.7327342345787302,1.381905041379098
2022-11-01,0.5887371502091623,6.822113686463924,2.154415734153037,1.312283388076201,1.3064292072313268,1.615896817415694,1.4286747535819677,1.1991267152560967,1.7742979236923166,1.4166351681296065
2022-11-02,0.5946690106646703,6.925200024453804,2.1702200050339098,1.3242981128425393,1.321602386466073,1.637351534744897,1.4416510427884353,1.2116565723574904,1.7937381754166095,1.4262990627340224
2022-11-03,0.5902201153230393,6.9809774926937855,2.1667539285137094,1.3277706997890368,1.3188431597955936,1.6356181709286153,1.4400631625079026,1.2131665920643253,1.788113981877219,1.4219580886171355
2022-11-04,0.6050497664618092,7.143992008827619,2.1997343111559307,1.3496035803800948,1.3438252528926264,1.6649578808507963,1.4660262748687944,1.2284323677690605,1.824824158051018,1.4511982868044184
2022-11-07,0.6109816269173171,7.257098857464504,2.221013547229374,1.3617179590975008,1.3552592326492698,1.6750769930487996,1.4765918716146655,1.2427318851534845,1.8428001978498334,1.4675805593656661
2022-11-08,0.606532731575686,7.36958820072674,2.2227038564067323,1.3625433915936243,1.351226044380029,1.6781918724123077,1.4799298521294133,1.24165742536576,1.8387754548740338,1.4665501452650354
2022-11-09,0.602083836234055,7.525750234358192,2.212423313156127,1.369594760683599,1.3515889785128898,1.6763297180333467,1.4806966031945126,1.2446733766557896,1.8394173185945244,1.4695860339122997
2022-11-10,0.6035668013479321,7.7965523234761385,2.2057069396691285,1.3763359849317172,1.3504653446752783,1.6799140962840509,1.4799061321018037,1.2486029524572964,1.8508674642625824,1.4658285026099982
2022-11-11,0.6050497664618091,7.977869999902783,2.2164033711390028,1.3877786612175642,1.3674071684785642,1.6903147385659438,1.4960485691413647,1.2652628107508326,1.876904704471979,1.4885071512005814
2022-11-14,0.5991179060063012,7.811763460420031,2.219071169565307,1.3905822005818158,1.3667454476440206,1.6915165958554996,1.4950937536844506,1.267372499241138,1.8757989583866583,1.4775599240402109
2022-11-15,0.6080156966895631,7.777828197493153,2.2465780912025504,1.4096931295782371,1.3847141739435085,1.7083190541914677,1.5130764434305055,1.282021312677926,1.8978100830538631,1.4982110680855878
2022-11-16,0.6065327315756862,7.966256677677992,2.251902831385761,1.4102869021694286,1.3805266428423029,1.7077076398250557,1.5105294717085007,1.2786462855250165,1.9002109447051432,1.501333555507442
2022-11-17,0.6035668013479323,8.193511069695441,2.2524698562382555,1.4203728046075657,1.3794400012672285,1.709388763607733,1.5158541974957729,1.2826719251721488,1.9033369605991393,1.498416994929206
2022-11-18,0.6065327315756863,8.063042719549943,2.235623963106655,1.4123603621218255,1.3683818993870482,1.6957208324968929,1.5065688801134791,1.2726293030262725,1.8999127988293365,1.4784219814152126
2022-11-21,0.6020838362340551,7.742953099863064,2.2333997472880616,1.42039585484618,1.3672482702037383,1.7001350264870738,1.5010521848866065,1.2662344546970963,1.8988677101059692,1.4713666195514457
2022-11-22,0.6124645920311941,7.735793686532099,2.2111306019858046,1.4149503839267608,1.362990753793632,1.6928648626571972,1.497972639480082,1.2624758658053894,1.888378289531277,1.4799193969196331
2022-11-23,0.618396452486702,7.676628624646922,2.2126940880957866,1.4208423082173511,1.3651263324181835,1.6972641998245706,1.4983693436577772,1.262607896205871,1.885198880647076,1.482547160082006
2022-11-24,0.616913487372825,7.656082862942196,2.2085381141357177,1.419665877726365,1.3723649267680214,1.70223869849053,1.5027914795008195,1.2633475055609584,1.8982970079387331,1.4831874136784213
2022-11-25,0.6302601733977179,7.673334015494349,2.206783147358072,1.4181731417624523,1.3753173904171523,1.7042009123896396,1.509754365647554,1.2708370078332871,1.9030042833334204,1.4914259175324185
2022-11-28,0.6183964524867019,7.573725579739059,2.2025470146074833,1.4283713945445182,1.3728575826737777,1.7057264625154498,1.5107980264104106,1.267707146360327,1.9037054177828523,1.478188246139619
2022-11-29,0.6198794176005791,7.831608093570895,2.2543831756296595,1.4581844797710914,1.4059064400032655,1.74050920864815,1.5478435393388428,1.2952109630773487,1.9438091715924362,1.508512145887097
2022-11-30,0.628777208283841,7.828876739881534,2.257737252358062,1.457126165250793,1.4112109043006515,1.7493727897648028,1.5496286372328032,1.2996931219124581,1.9475706304357752,1.5089986450124153
2022-12-01,0.627294243169964,7.800288306090259,2.2882197051173043,1.4598718819002436,1.416137217073764,1.7492798288830351,1.5490489333707997,1.2999534090557163,1.9388035542153128,1.517268798176286
2022-12-02,0.628777208283841,7.874599141243651,2.293099732646748,1.466799305937837,1.4221279257464103,1.7528210669274036,1.5507482781755764,1.3004410651837872,1.9305044962880549,1.518407550060337
2022-12-05,0.6421238943087337,7.829290049296052,2.32678936883194,1.4776874108212488,1.4468716322004322,1.7804267134574188,1.571416091798445,1.3245773825282317,1.9755349889129579,1.5585719240036993
2022-12-06,0.6332261036254717,7.728027828946757,2.3087515375361254,1.4597403285954502,1.4384124861668073,1.7632014687148145,1.5603887072169609,1.3196566553075026,1.964181763195026,1.5486653757222428
2022-12-07,0.6287772082838409,7.780163242091586,2.2968370041664987,1.4528710868534878,1.4351861051394457,1.7589732156164462,1.5619825354852248,1.3170902922223948,1.9614726263097482,1.5421499828205414
2022-12-08,0.6258112780560868,7.754893071180825,2.288716266043152,1.4439099691556927,1.4346354161786057,1.7542485184464691,1.5608519038339281,1.3157379785258747,1.958644705438985,1.541877962572215
2022-12-09,0.6287772082838408,7.779087305338543,2.2779552864157218,1.4357932297082077,1.4345086880865723,1.7500848492981107,1.5524909427950422,1.3112735269303546,1.9528830641137214,1.5479065952869007
2022-12-12,0.6169134873728249,7.7276952187243975,2.257121300895222,1.4220853963658324,1.4192322638939616,1.7325063479199299,1.5294471378631698,1.3006769586780207,1.9367455549615342,1.5286807541536827
2022-12-13,0.6243283129422097,7.698850259322674,2.2537562040190946,1.4275933912224816,1.4205632730874482,1.7397198374182508,1.5392096598370426,1.3105850048034104,1.9550501428954004,1.5440462701019977
2022-12-14,0.6109816269173168,7.571394049989977,2.2433294612124226,1.415438474566025,1.4142017454384628,1.731581176052644,1.5354371662832778,1.3095921155867785,1.9316778387230875,1.5386363244679364
2022-12-15,0.6124645920311937,7.670983971579591,2.2615505406194027,1.4223136776162135,1.4194814323709548,1.7304690981723443,1.5325802825440296,1.3075641925978605,1.9195991758054567,1.525401269059668
2022-12-16,0.6094986618034397,7.642353024828505,2.2430472272989372,1.418113790053364,1.4086469015468221,1.7287983182280773,1.5359284640943367,1.3065336611777978,1.921135585985836,1.5305159279249974
2022-12-19,0.5961519757785468,7.577426746713361,2.188265552939753,1.3922274700231037,1.3726194317034865,1.6929478247201812,1.5039454774469578,1.2728052007393054,1.8657808080788003,1.489691541839658
2022-12-20,0.597634940892424,7.5163453873093315,2.171442977013887,1.38793790336803,1.3661030287891285,1.6777005327279182,1.4957520738267283,1.2656848761923727,1.8589409437827802,1.486966149606662
2022-12-21,0.5946690106646699,7.477005683765556,2.153154789607474,1.3721995994017873,1.3581006158504778,1.6699624644238225,1.4854126939616035,1.2603677620603264,1.8536935645486825,1.4809173999819591
2022-12-22,0.5887371502091621,7.511273236280703,2.1420969884938197,1.3491487655701444,1.3406589723038063,1.650215115789387,1.4678311544674698,1.2440315226166312,1.8227692247960972,1.4582980217715795
2022-12-23,0.5842882548675311,7.588484321647964,2.1449393468402613,1.3498773781967308,1.326842082236233,1.6444584753869669,1.4638771700393947,1.239049456029866,1.8130098871389178,1.4542539241821961
2022-12-26,0.587254185095285,7.523357839355749,2.165806335764317,1.3593701790729757,1.3434270070305752,1.6604728147583752,1.473263463668159,1.2464684805578212,1.8254953496762318,1.4602935606427012
2022-12-27,0.590220115323039,7.357898164413034,2.1773687837991913,1.3635650271248623,1.3499486381845036,1.670002016468245,1.4832596440062238,1.2572652345737045,1.8439905676668693,1.4835196865694713
2022-12-28,0.5917030804369159,7.2151542001752675,2.172627597450866,1.3508251238224203,1.3358370850453807,1.6609409902057544,1.4719149141747017,1.2486986558347266,1.8305674292327028,1.4758861466064213
2022-12-29,0.5842882548675311,7.148476227753238,2.149921643935061,1.339274700871224,1.321435054762727,1.6465089397081145,1.4560175769904755,1.2366015804408237,1.815910179255981,1.4536288251082454
2022-12-30,0.5842882548675311,7.114590666730368,2.158550675385747,1.3593116789668558,1.3321461936907473,1.670672325002008,1.4708153082897282,1.248359320410328,1.8328897428494093,1.4699916430532611
2023-01-03,0.593186045550793,7.270963188501377,2.197268982978285,1.392295200645706,1.35698080993545,1.70820454413318,1.4937495781461623,1.2675445406110184,1.8568059746796393,1.480033178565765
2023-01-04,0.593186045550793,7.354787064581463,2.2116280369348122,1.4072374052130685,1.372086753824256,1.726718447476789,1.5108084635478858,1.2780483973046721,1.858619113106801,1.4770763533008875
2023-01-05,0.5946690106646699,7.337601889128049,2.2184978134287228,1.4110128048357164,1.373837982810672,1.724853394793002,1.5134574671882952,1.275308180934416,1.8560904777723066,1.4768749113953994
2023-01-06,0.591703080436916,7.3512756147705,2.1920079312307497,1.4002708767029919,1.3701948308847514,1.7182328670696314,1.504941222111861,1.265169181648506,1.846471690135211,1.474004862610764
2023-01-09,0.59466901066467,7.350419395841947,2.201218348698784,1.401948924578083,1.3760867123376472,1.7205032973973968,1.5102249640201522,1.2722707665641473,1.8566472152732847,1.483369827643794
2023-01-10,0.5917030804369161,7.4104676451090485,2.1857589275213196,1.3956091297423692,1.3752366732296297,1.7193734470809638,1.49963054233326,1.2688544091396654,1.8429876822737161,1.4723120108053258
2023-01-11,0.5857712199814082,7.350242704387485,2.1615799039068975,1.3850088828397673,1.3747397707185227,1.7069521322728514,1.4930369716987342,1.260769388404275,1.8343634573959813,1.474737937685668
2023-01-12,0.5887371502091622,7.349680124100745,2.1798112750311534,1.3807599008911957,1.3724786920062237,1.7064402936200995,1.4917586415718112,1.2566041607053644,1.8272152937879147,1.472534945539424
2023-01-13,0.5902201153230391,7.387747364697079,2.2005948683030434,1.3875865819444544,1.3805422522055106,1.7137684197662932,1.5008424977468569,1.2666902250607694,1.835837775426752,1.4824881373555283
2023-01-16,0.597634940892424,7.53303328168487,2.2294235454505857,1.3998234531486033,1.3843298648873266,1.7251879234967136,1.5169438651123714,1.2760724159384722,1.8465197966216989,1.4922012319089886
2023-01-17,0.5946690106646699,7.578553978066576,2.24101650226461,1.3922297856636412,1.3784132604103725,1.7218502657656163,1.5139375564533877,1.2743449923454653,1.8430569006384239,1.4886278123295273
2023-01-18,0.5946690106646699,7.587799174098416,2.27613901500279,1.4007518369515144,1.3834884542889885,1.7251161331523381,1.5149513712005205,1.2811135081653167,1.8518403347055965,1.500172501123528
2023-01-19,0.5961519757785468,7.614605918903477,2.30772726297129,1.407081649222513,1.3877112935876554,1.7312623156476714,1.518570940542413,1.2862458106039827,1.860079022625574,1.5148459806696817
2023-01-20,0.6035668013479317,7.742894663433259,2.307393441219442,1.4246097387080472,1.406292395876062,1.7479635099524757,1.531923313527903,1.2999564992889947,1.888807137331079,1.5412283122256363
2023-01-30,0.6094986618034398,7.852787858862588,2.3453313501853983,1.4496174558178523,1.4197536819802312,1.7704693939216456,1.5510066667149747,1.3157078233351711,1.9026399446398483,1.548647457766806
2023-01-31,0.6065327315756859,7.933968654734522,2.341231111292451,1.4524038152426917,1.4302430109223454,1.78379663736125,1.5635659228328846,1.324609422277952,1.9134826780307046,1.5516504184680058
2023-02-01,0.6139475571450705,8.037706012118058,2.391117655806912,1.4717498271495126,1.444863099516069,1.8050717108168626,1.5816513624489474,1.3400712163045072,1.94131628292084,1.579484175975777
2023-02-02,0.6139475571450705,7.958056926136022,2.370054929951335,1.4750354193480322,1.4458957543555544,1.8097549002840019,1.5812292937715382,1.3394004703906432,1.940405953960653,1.5733225854173944
2023-02-03,0.6109816269173166,7.971114204036019,2.3543677839266293,1.474223945656107,1.4354184951857485,1.8059667937241808,1.5745735989370022,1.3339526162278215,1.9234532171485297,1.561702970623022
2023-02-06,0.6124645920311935,7.924268903637593,2.360271161467736,1.4764050818927392,1.4368577990123759,1.8040351933804766,1.5729289912421696,1.3332954533830184,1.9204924388598175,1.560140144255386
2023-02-07,0.6139475571450707,7.932550456330855,2.374520092751858,1.4902639963735758,1.4465754075294033,1.8189930952987825,1.5858987270719311,1.3464472972990436,1.9335842418541662,1.5705044742661212
2023-02-08,0.6094986618034397,7.840018927496113,2.370863344398113,1.480821803299292,1.440122224380467,1.8083721752196988,1.5731479144074758,1.3413397369775115,1.9235396833853338,1.55789242649284
2023-02-09,0.6169134873728244,7.920908398594122,2.3867461416582225,1.4891433682417958,1.456058397180949,1.8254507786067464,1.587682222077509,1.350104419141032,1.9403675208807238,1.5743128595278189
2023-02-10,0.6213623827144555,7.911378292176842,2.3935241979179427,1.5009963443921102,1.4597777142302135,1.8319323306021285,1.5937985192593247,1.3538570238637881,1.9374890440653005,1.5692216806039436
2023-02-13,0.6228453478283325,8.05718921602268,2.414446642945578,1.5166185326532917,1.4741951015003767,1.8485423666713539,1.607760985138351,1.361436121911686,1.949141732415588,1.5805202419166307
2023-02-14,0.6228453478283325,8.00367458178006,2.4242176514854754,1.5151813708903994,1.4764798646538129,1.849272177761464,1.6129524113379428,1.3635728415042736,1.9595457990485114,1.5883199587612917
2023-02-15,0.6213623827144554,8.004366123297707,2.4216641557944465,1.5191216722835452,1.4786873512088925,1.8516639458023092,1.608143222971388,1.3643317859846622,1.9503603481502738,1.5930649851409167
2023-02-16,0.6109816269173165,7.79161792850269,2.369664035840551,1.4900889669154438,1.443631294431838,1.8175130978634149,1.5826120791990343,1.344507534158259,1.919779636903115,1.5728366455980938
2023-02-17,0.6109816269173165,7.7471370578937355,2.3861792380604796,1.4839739852479124,1.4407547251760362,1.8173568000547546,1.5821209351409702,1.3386822727189043,1.9298668063976039,1.574174699882422
2023-02-20,0.6169134873728246,7.917508679863731,2.420724984375242,1.506814769574696,1.4612848801878384,1.8476505581670601,1.6061483241181054,1.3602879718492964,1.9644507813913095,1.6063403580121265
2023-02-21,0.6228453478283325,7.906556005264853,2.428496099820508,1.5120921948674686,1.4712947745715952,1.8594785599697161,1.6174151095348979,1.3713977412200633,1.9860270073314756,1.6253394505517849
2023-02-22,0.6228453478283323,7.885886175830156,2.434363686768222,1.5206320020222268,1.4723091890851996,1.8633230589297622,1.6146185206286632,1.3696148830501493,1.9861405723093433,1.626454149012278
2023-02-23,0.6198794176005784,7.853135982683036,2.420398259237889,1.5156568448111356,1.4739712630568804,1.8575596736657032,1.6107302595522037,1.3660612409036388,1.9840043832429417,1.6324690693824302
2023-02-24,0.6183964524867015,7.759058523025583,2.4203290073780868,1.5122668754128705,1.467927863578501,1.8522361214447516,1.6099655716472665,1.3637533153753751,1.9787469610795423,1.6232551129536852
2023-02-27,0.6154305222589475,7.637843127136159,2.3930735441480797,1.4977657785939582,1.4561673384688432,1.841047539710832,1.59628087319567,1.3545816881298525,1.9681342385456704,1.6150151699414526
2023-02-28,0.6213623827144554,7.838306944322471,2.420905841579832,1.51915282454729,1.4696638028144557,1.8641261194059189,1.6132251866091258,1.36782594638452,1.9909203633916,1.6213043090290489
2023-03-01,0.6213623827144554,7.889835209168057,2.441053037649485,1.5281900399539141,1.4778190930824175,1.8811737671886215,1.62361513363791,1.3805409290512014,1.9996922824336096,1.6336698700384003
2023-03-02,0.6332261036254714,7.903571221385535,2.4552598463007946,1.528187486309325,1.473730416697538,1.881306826683113,1.6296157437876895,1.3846010368019408,1.9946034588578612,1.634846317229685
2023-03-03,0.6421238943087333,7.860693798808888,2.4620205655001897,1.5359977993045468,1.47763374964134,1.8856466790433344,1.6363404588462476,1.3901102638009848,2.006651296428793,1.6436464020064105
2023-03-06,0.6436068594226103,7.710990081845224,2.4607952218039304,1.5295589853123697,1.4756941739754452,1.88409461527882,1.6308506152532385,1.3865684086734118,2.0014117996649796,1.6317094405535293
2023-03-07,0.6361920338532254,7.522812570235088,2.4149893846565695,1.5046608991148658,1.4501565883117342,1.8507498430699294,1.6010291064995348,1.3656722328352957,1.9748719660214495,1.616679695285869
2023-03-08,0.6332261036254716,7.643888325355882,2.4374531202615537,1.5135074516060885,1.4569893798257176,1.8590075386341718,1.6080960843659438,1.3742946356684753,1.9784323267888948,1.6172020680572048
2023-03-09,0.6347090687393486,7.6369594762816755,2.4404288291189205,1.5098092807504433,1.45256240281753,1.8514343630297556,1.6037123800020747,1.3730700822621265,1.977784162402064,1.6152216697170512
2023-03-10,0.6228453478283328,7.566519814629293,2.3923129470558737,1.48326273078942,1.429347763394946,1.820469023762628,1.5742755808716635,1.347442334788902,1.938724900602245,1.5878243610792786
2023-03-13,0.6243283129422098,7.513636207202355,2.387741228605924,1.4834551597800048,1.4311683956676782,1.8273774017140196,1.5814847793560307,1.3566326586359707,1.9508677316593184,1.5936889679826103
2023-03-14,0.6213623827144559,7.341133353709927,2.3432796017512474,1.461478608113407,1.409077408854106,1.8047087348531499,1.5611515841669723,1.3447477267871462,1.925126354831095,1.5764729414814838
2023-03-15,0.6628854059030113,7.326059191932767,2.3677862044200237,1.4870353744220568,1.4359116908761935,1.832886100498363,1.5906636476871723,1.3661122255384466,1.9603549534504512,1.6026413111388753
2023-03-16,0.6510216849919954,7.1811274732367405,2.326828463069153,1.4719725202396248,1.4165954104478284,1.8134985965990063,1.5698936313618161,1.3472624062577017,1.924817339197527,1.5628105399678511
2023-03-17,0.6717831965862733,7.250628570001728,2.353882525067636,1.482236918100634,1.4298313707709278,1.8361283259963708,1.5871125870378302,1.3625878279325727,1.938385889962701,1.5800567463809476
2023-03-20,0.6821639523834121,7.1601224193059805,2.345818476288269,1.4717186490104737,1.4229344168579503,1.8354447875096964,1.5794777077320226,1.3554879887250184,1.9300970134692093,1.570657992334732
2023-03-21,0.6821639523834122,7.29108545106532,2.390762666441207,1.4891626064339807,1.4363376672844197,1.8595320699670208,1.5933714749526435,1.3651921218530902,1.9438363068759936,1.5753396081235937
2023-03-22,0.6791980221556582,7.406233544174719,2.42616311628899,1.4992670496339868,1.4429303374269757,1.8654034222148308,1.6015687948057056,1.371881598810342,1.9506604043404947,1.5855263156538648
2023-03-23,0.6777150570417813,7.352926033325613,2.416904191409791,1.5028087073973209,1.4437440369250572,1.8629894735708021,1.5998138515473104,1.368748935199634,1.9492461976573108,1.5959285893953623
2023-03-24,0.6688172663585193,7.35415344099987,2.4314219300308326,1.5026801610366356,1.4408525997978274,1.8655426299571427,1.5984635194535082,1.3702994164259596,1.9306495216207753,1.587005160395531
2023-03-27,0.6614024407891345,7.318373792441732,2.430921258150524,1.4949109654454602,1.4308565114936773,1.8607652062093496,1.5857254234369729,1.3630693982813826,1.912938154963871,1.575352581882265
2023-03-28,0.6599194756752574,7.246331135856774,2.399268116081796,1.4853313719860926,1.4244980203245767,1.859204398812976,1.5784114754948817,1.3605458770065586,1.90962720183764,1.5669785260505913
2023-03-29,0.6539876152197497,7.213649665653813,2.3694342152303838,1.468575439811163,1.4131856755159395,1.8496493805398022,1.5651848414661709,1.3522296085210916,1.8934505673015811,1.553210879681071
2023-03-30,0.6703002314723964,7.087035350131308,2.3661020008731346,1.4617012347912635,1.4090604785338672,1.839706878921509,1.555427016986363,1.3466185895300153,1.8843551548415072,1.5632733308111084
2023-03-31,0.6554705803336266,7.155616889910975,2.388312062490699,1.4743349639550927,1.4232741580207802,1.8643641482541833,1.5651707843187228,1.3656575543583298,1.9029044609901995,1.5714446754362212
2023-04-03,0.6673343012446424,7.176819367629332,2.4279459789921023,1.4864149348518896,1.4320150791104662,1.8849189998401397,1.5761593650880226,1.384487857262573,1.9104032011205645,1.5723730891057288
2023-04-04,0.6673343012446424,7.004995384044912,2.399395515840405,1.4696237796718787,1.423569760457712,1.880750816342632,1.5681942505856148,1.3830062141556712,1.90951184472775,1.568070319587274
2023-04-06,0.6866128477250433,6.9477978260189035,2.3675607147423023,1.460721129497286,1.4152135012614755,1.863028263612346,1.5565175877617037,1.3725869014133463,1.9041399959695242,1.5626968674640396
2023-04-07,0.6791980221556585,7.007604435822412,2.4121452747230387,1.4757672797467725,1.429610273659061,1.879905828649987,1.5679297329861548,1.3780013018181938,1.9087934098228019,1.5598391875337851
2023-04-10,0.6821639523834124,6.821329228134314,2.374693647348491,1.4576272003753767,1.420602565662866,1.8614143199402464,1.5539751426012904,1.362084015381113,1.8854525861314007,1.5538876251723142
2023-04-11,0.6777150570417816,6.842895556355828,2.3920105504628255,1.4679982926282684,1.4258713394234526,1.8765360250050005,1.5594569318452707,1.3740670623757778,1.898565425524704,1.5595748268607197
2023-04-12,0.6821639523834124,6.950862281109159,2.408780677318282,1.4840295392579173,1.4352680389278687,1.8946068670903353,1.5749510759480094,1.3888611735671765,1.9222746711903116,1.573914934289909
2023-04-13,0.6762320919279045,6.998192391639475,2.3913747272209234,1.482943093510381,1.4320414386523947,1.8968294649303084,1.572826440876421,1.3884271773213277,1.9281434592495257,1.5652163811525188
2023-04-14,0.6969936035221823,7.047171155025766,2.3918439931854136,1.4862258210828705,1.4391061474935545,1.9039686736426933,1.5778806456175116,1.3911719556682083,1.935041064518727,1.5735256380969564
2023-04-17,0.6969936035221823,6.996045557443228,2.3901983786760295,1.4961713416729234,1.4464863085259596,1.9105635376738708,1.58444910382537,1.397688501498368,1.9564725526261175,1.5936264376927098
2023-04-18,0.6910617430666744,6.88978484752387,2.379508020510387,1.4853001684265876,1.4372564508207624,1.904985876310428,1.5759213215250663,1.392446982620972,1.9534831084375213,1.5869574361109509
2023-04-19,0.6851298826111665,6.81949024111955,2.3623514500188403,1.4839729577206906,1.431226209027484,1.901588833516496,1.5697335306122113,1.39202446616889,1.9415538375344,1.580772339619584
2023-04-20,0.6910617430666743,6.87769120401291,2.3793439928898277,1.481499147947458,1.4336235367283727,1.9087251947271429,1.5658636476923462,1.397217858536176,1.9403785268409957,1.5773775280292053
2023-04-21,0.6717831965862735,6.605403471098224,2.3140165848101937,1.4431847737966454,1.4007542636987416,1.865274861514579,1.5368650009302178,1.3653330649227418,1.9113267710144275,1.5447098191727107
2023-04-24,0.6703002314723966,6.809880732934213,2.2984337598339337,1.4411566713872603,1.401403655231636,1.872398026664747,1.5358523742356245,1.3686035801883067,1.9100052875734104,1.5275978471019156
2023-04-25,0.6643683710168887,6.768958311851581,2.2764805560356334,1.4244804410927705,1.3788009128198824,1.8565174788051833,1.5191627956004163,1.3626185191681717,1.88560350075164,1.515380346390306
2023-04-26,0.6984765686360594,6.7784883756822785,2.2972632422316903,1.4400143574586048,1.3884652813265166,1.8689399158054743,1.5309963812520722,1.3758464765076464,1.9095259696852456,1.5207275155606481
2023-04-27,0.6984765686360593,6.808348898134952,2.2803402686970955,1.4472072975289332,1.3966496595924707,1.871877445456669,1.5332403098761398,1.3739854519241237,1.916807734851383,1.5277412773305687
2023-04-28,0.6955106384083054,7.072552762521072,2.3291638286521548,1.475320125268823,1.4240606586200633,1.915882159797935,1.5685342382657594,1.408650551362539,1.9532612108712084,1.5667412040080486
2023-05-04,0.6969936035221822,7.2916947338006874,2.3769082050148933,1.489531498395958,1.4470341476432058,1.9616584326093878,1.5949875411215992,1.4444163530166565,1.9872841088159325,1.5748607327694613
2023-05-05,0.6791980221556585,7.358863293404746,2.3829638203149286,1.4858898071422966,1.4375391204252874,1.9619055675747774,1.5967876146280848,1.4467343788293219,1.9887040853544322,1.5727556629878656
2023-05-08,0.6791980221556585,7.365087431731546,2.391234229265816,1.4857371333181542,1.4423865373500442,1.9721704471204895,1.6035603510052692,1.4604537300357514,2.007785688248864,1.5899769325731237
2023-05-09,0.6791980221556585,7.305888011730908,2.3761863871962823,1.475831814537741,1.4336016794333828,1.9602928501488093,1.591327425949343,1.4489995505357058,1.9955297848899396,1.5832527038632065
2023-05-10,0.6791980221556585,7.315677750977113,2.3823059729060723,1.4792376543865984,1.4340148496258889,1.9658250266682975,1.5900680642395513,1.4510454821778196,1.9869135515074892,1.5779326270445884
2023-05-11,0.6791980221556585,7.366221256191018,2.3964716035203266,1.4888454841813197,1.4413921351427323,1.975821020759379,1.5942091313497941,1.4582509562494574,1.9989446579111698,1.578260027514154
2023-05-12,0.6791980221556585,7.3367612843832095,2.383972521876256,1.4763355082314538,1.4300350937764674,1.9580193057931452,1.584400112873723,1.449859151740877,1.9920354288927404,1.5588479353988438
2023-05-15,0.6791980221556585,7.354403464570161,2.395494122619442,1.4800492983649278,1.4336637070577734,1.9653183167271324,1.589178416378382,1.45198102395517,2.0018648815899094,1.570907665706182
2023-05-16,0.6791980221556585,7.285639418890837,2.3738122633253496,1.4635427176165476,1.420371670279043,1.9432591286231158,1.573806329732728,1.4354708844738215,1.984544518272338,1.5568090120862612
2023-05-17,0.6791980221556585,7.3314966964732795,2.3893782038734432,1.472190009082248,1.426756685068588,1.9532518341997338,1.5819839292134616,1.4400534227976638,1.9882089644551482,1.5542748170747522
2023-05-18,0.6791980221556585,7.326098704919167,2.396351252497785,1.4655268956326055,1.4258165361890671,1.952574271285831,1.5799499068890486,1.4378026467232927,1.9916840053237876,1.555761775533527
2023-05-19,0.6791980221556585,7.325235677356642,2.3864604877103552,1.4562247190757647,1.4177723670043083,1.9392840402815097,1.5662164257807134,1.429935977892732,1.9818943385585772,1.5520041186570102
2023-05-22,0.6791980221556585,7.306190362246791,2.3887313583388043,1.4618688514387288,1.4214450583009954,1.9386164140970528,1.567894495257007,1.4347887797686116,1.9927892381466803,1.5440472910831862
2023-05-23,0.6791980221556585,7.208707248657751,2.357388884841562,1.452560376385024,1.4062925902467864,1.9181027433842648,1.5526899873701214,1.4188360168703578,1.9642879809917029,1.5240403596587302
2023-05-24,0.6791980221556585,7.173206496452635,2.342202104471717,1.4375000647917788,1.3952656712710392,1.9059366430756879,1.5432510417797105,1.4063500171627243,1.9458598234451991,1.5127350797686905
2023-05-25,0.6791980221556585,7.149651699554282,2.3403172609354326,1.4321938996940926,1.3968793189573239,1.903500885654712,1.5490323990626456,1.4033870159779112,1.9443521947340097,1.502103503968875
2023-05-26,0.6791980221556585,7.177902695854862,2.3501234932296837,1.4335187876770012,1.403025844709091,1.913627079069255,1.556095138413106,1.4095469170155168,1.9460305101615984,1.494381406297901
2023-05-29,0.6791980221556585,7.1173449260680055,2.3269069073797746,1.4270024544873554,1.3928445479772524,1.9027325496220397,1.5508483670263429,1.4084937035868588,1.9608968540464509,1.5048117104776224
2023-05-30,0.6791980221556585,7.149333394406568,2.3350744925605182,1.4355202721286122,1.4011302398429308,1.911162294727635,1.5568321261605256,1.416535075698647,1.9711741973695038,1.5030643397120518
2023-05-31,0.6791980221556585,7.15153585254778,2.3181465580655476,1.4264923253391442,1.3937017221240533,1.9029730675268128,1.5480312727234158,1.4075394577790687,1.9513666880654896,1.484664075760561
2023-06-01,0.6791980221556585,7.148768299229949,2.312830667507516,1.4258188476660574,1.3938342025736752,1.907291626599054,1.542299837544943,1.4058257846422928,1.9396287508994126,1.4875802728462617
2023-06-02,0.6791980221556585,7.245268804292577,2.3463507169872586,1.4454668886669395,1.408899938106096,1.9256742270530496,1.5585006531855234,1.419403949445278,1.9560035077859115,1.5048111209416444
2023-06-05,0.6791980221556585,7.225043695813265,2.3473899239412273,1.4522418728258029,1.4123176785431502,1.9258915683098912,1.5652354397456691,1.4271240180378084,1.9512672224175125,1.5182520826715507
2023-06-06,0.6791980221556585,7.147520358995216,2.3040683544551817,1.430309790506166,1.3866755335599104,1.8903699069171447,1.5374735532724895,1.4034530281274653,1.9181665375158514,1.496421139430809
2023-06-07,0.6791980221556585,7.168806467571585,2.3166604018723427,1.4402671648489211,1.3878949283565116,1.8943009458354574,1.5436887967423598,1.4077210658971504,1.923418843810499,1.4943659512689274
2023-06-08,0.6791980221556585,7.19403389016078,2.329580996736174,1.4495656953554434,1.3922842158436086,1.9004543514589944,1.5510265498011837,1.4110416544482915,1.9209444302214955,1.5058302779669792
2023-06-09,0.6791980221556585,7.183914142227472,2.3239685505382983,1.4464036681860692,1.3906296353993293,1.9055445942908043,1.5532005192547018,1.4084211218953486,1.9276614803984249,1.5129394810928982
2023-06-12,0.6791980221556585,7.213031637903445,2.338772351465616,1.4468168135480635,1.3924852928322633,1.9155486786153233,1.5546659542462231,1.4178925149991373,1.9208020863293518,1.5182713328930193
2023-06-13,0.6791980221556585,7.232805537770149,2.3212698236818903,1.44542241295586,1.3937348095395674,1.9190630406809184,1.5527559692801896,1.4145918510303,1.914322822886484,1.4976609376677241
2023-06-14,0.6791980221556585,7.25504706684834,2.318857035534194,1.444053649484397,1.3919425803025376,1.9139693422094803,1.5495818675062063,1.4167293284260056,1.9049615122226202,1.4933837884150978
2023-06-15,0.6791980221556585,7.247086618524871,2.316234548018504,1.445932395809425,1.3947861397347145,1.915781178920998,1.5492318241204475,1.4170545827471175,1.9043903843069792,1.5017745447184354
2023-06-16,0.6791980221556585,7.305203852519814,2.3204010734701512,1.4504472791493779,1.3998221311513934,1.9245354530170387,1.5502759050301647,1.4201909252579934,1.894124816078464,1.5028982255579568
2023-06-19,0.6791980221556585,7.2260978419331385,2.3063732029400312,1.4347470330103904,1.3867226056619997,1.9105337088357313,1.5383982032190044,1.4080998375460594,1.8873465546896333,1.4635792525454159
2023-06-20,0.6791980221556585,7.128734209147854,2.278616539132346,1.4173657512089868,1.3740184043648414,1.892763175826173,1.5258941870212939,1.393556001283793,1.8704602621511357,1.4456560392121804
2023-06-21,0.6791980221556585,7.0232742140658475,2.2678988164841796,1.4051686639174994,1.363585577156856,1.8804275669485686,1.5140260620605874,1.3834154644279932,1.8601990956196828,1.423157577012148
2023-06-26,0.6791980221556585,6.908103837315505,2.2344623148078475,1.3897855094280125,1.3465599469729561,1.8588683929458198,1.5014747524445102,1.371415346157845,1.8635045308672755,1.4094231413376739
2023-06-27,0.6791980221556585,7.097190562069744,2.2788753340685015,1.4218836224357734,1.376006636177762,1.8980752189434682,1.5367787067043666,1.399237951227729,1.8952899479793002,1.4524527779402556
2023-06-28,0.6791980221556585,7.10766571322273,2.2948462830208625,1.4229853606714156,1.3811498874419148,1.9022889383946302,1.5427699411977567,1.4054355157799099,1.9166311067867436,1.4649519157971287
2023-06-29,0.6791980221556585,7.155536980798627,2.293937090316973,1.4224931117160584,1.3843508966561682,1.906415019882177,1.546249610895095,1.3981976811602186,1.9123299181254714,1.4576721704798894
2023-06-30,0.6791980221556585,7.233711152628815,2.3135771250348522,1.4369600306809525,1.3940267066829521,1.92539796523211,1.5602508989403112,1.4116834479539802,1.9203394213009657,1.4770265883753162
2023-07-03,0.6791980221556585,7.29755474305907,2.334966989699208,1.4516661885835427,1.4064521209985343,1.941963326834172,1.5762771509147788,1.4198528706661027,1.9357512356459585,1.4992438650821613
2023-07-04,0.6791980221556585,7.286791110092294,2.3411764425984565,1.4497834236699798,1.4054704621762015,1.9443619895838684,1.5761994225146152,1.4212411797040607,1.9275461406204786,1.4903391290353494
2023-07-05,0.6791980221556585,7.2714358915540105,2.339588222824569,1.4499398634801621,1.4009758482264185,1.9381097873906752,1.568716750708918,1.4140775974765085,1.9215598780530632,1.4876192563176849
2023-07-06,0.6791980221556585,7.276303542304959,2.337800265098791,1.4530164650426383,1.3996656142181543,1.9360586790744292,1.5706996101847763,1.412138882113432,1.9219875913842637,1.491761623077477
2023-07-07,0.6791980221556585,7.26342373583128,2.3347770295361183,1.4548254011936277,1.4002584607566564,1.9387803027817032,1.5716009079577278,1.4181260819692179,1.9294782264552521,1.489411821694193
2023-07-10,0.6791980221556585,7.313204542392927,2.3356535202589193,1.4596743600821334,1.403632331331774,1.9401939170405875,1.5748965274555045,1.421278598216439,1.9335807053508969,1.4918240818372217
2023-07-11,0.6791980221556585,7.371196171925712,2.3504115450993117,1.4664932224293707,1.4117395650362021,1.953872240521076,1.5801060767583204,1.4290253644312199,1.9328915683259218,1.485178723417093
2023-07-12,0.6791980221556585,7.310194204628448,2.3267340800477325,1.4497813246775988,1.3991167273381686,1.931382323088043,1.5622070433114468,1.4189243282017703,1.9185793353291491,1.4779254673378164
2023-07-13,0.6791980221556585,7.312052477277885,2.3364941483391077,1.457112576397179,1.4100610870404024,1.943807955324479,1.5724014476319932,1.4283145773841572,1.9327762261259447,1.4903711471091925
2023-07-14,0.6791980221556585,7.332751259486931,2.339714896254007,1.4563095838407396,1.4072842636639855,1.936217941658156,1.572843659862272,1.4240749079130068,1.9303766676944072,1.4872161187935928
2023-07-17,0.6791980221556585,7.349563791701312,2.3304993819115722,1.458478689877634,1.407445196356485,1.9360483584182477,1.5729933895322294,1.4237968519942092,1.910101310748312,1.4862788581740616
2023-07-18,0.6791980221556585,7.3473095976655385,2.341554267295169,1.4617747163948516,1.4132238268780575,1.9453692668141684,1.5737803829885464,1.4278034341751333,1.9079161337617931,1.4897790256866836
2023-07-19,0.6791980221556585,7.347283450812564,2.352927104193478,1.4702606541910719,1.4184866823168443,1.9523885761755693,1.5784369249647847,1.4315509327707983,1.913075077316598,1.4987770527377369
2023-07-20,0.6791980221556585,7.270884792560727,2.332662433629522,1.4651047040687621,1.4118384541388218,1.9360699040786253,1.565282792189258,1.4164572078793605,1.8979874670558636,1.4910579985304202
2023-07-21,0.6791980221556585,7.289225989226076,2.3421345765776844,1.476932664079023,1.4119970922146068,1.935713282336446,1.5650139207395881,1.4184325186154672,1.899043260419803,1.492147173151115
2023-07-24,0.6791980221556585,7.255096880814648,2.339676429115004,1.4795972975142293,1.4126454156179507,1.9355236381485403,1.5687946477382662,1.421585436904327,1.9024562028619079,1.4800582187475742
2023-07-25,0.6791980221556585,7.387069690055766,2.3877839332277486,1.5107952078575855,1.4355091379682916,1.9715031071675229,1.595748898050564,1.442958875881469,1.9246668375616403,1.5056557043534775
2023-07-26,0.6791980221556585,7.465581110959825,2.402621676937957,1.527266552668307,1.4409647664576093,1.9705093915224055,1.5983694316066874,1.4410882674092789,1.921033757023038,1.507181441480578
2023-07-27,0.6791980221556585,7.469026360571147,2.4059005220126006,1.5187431318120774,1.4343333721122449,1.9659034660026118,1.5943087141489924,1.4345398317911278,1.921709549591281,1.5171580088654655
2023-07-28,0.6791980221556585,7.511916213305333,2.4366738054178776,1.5415374896748903,1.4503690633945903,1.9865633088469734,1.6130906807850707,1.4499583233673488,1.9390340464314921,1.5255020391309042
2023-07-31,0.6791980221556585,7.629899454353235,2.4735835893124825,1.5690633701616319,1.467209073478369,2.010452576037809,1.6343866398725322,1.4638653290290113,1.9492221417526272,1.5311288269535015
2023-08-01,0.6791980221556585,7.61348729194272,2.49597265264607,1.5675024010664282,1.4680151216904755,2.0077045646470673,1.6382434028606037,1.4646125404101868,1.9573495870198807,1.535578127460921
2023-08-02,0.6791980221556585,7.580618410777984,2.493533329787576,1.5674412941492535,1.4678156474459176,2.006202627188286,1.637707269959025,1.461046405517355,1.9530124050377131,1.520196434298315
2023-08-03,0.6791980221556585,7.541937287099198,2.491026111825552,1.5752187994517117,1.4660669644858613,2.0022938941766797,1.632685378403335,1.4622605473745742,1.948900140005029,1.5189872981209223
2023-08-04,0.6791980221556585,7.518225079902841,2.489167975210816,1.5693696498232994,1.4591619607160151,1.9973506316683078,1.6268256954978382,1.4562669584875159,1.9369251992757297,1.5067414560761818
2023-08-07,0.6791980221556585,7.449932589479104,2.458728647356424,1.546221487608451,1.4425594524481784,1.975527773217228,1.6095870657735647,1.4454826642770209,1.919124914910584,1.4942138087930248
2023-08-08,0.6791980221556585,7.442413585441227,2.4436755581901073,1.5356914237219546,1.4381306785994974,1.9698539681983778,1.6013795380063192,1.4421348529603304,1.9179442195505243,1.4957081801497596
2023-08-09,0.6791980221556585,7.3872948152577615,2.4259158027044943,1.5295639058034425,1.4301321584258195,1.9516425286422405,1.5867217474465496,1.4279617354373824,1.8989113159660258,1.4798594573319008
2023-08-10,0.6791980221556585,7.411923554667824,2.4349205789646895,1.5339268235659431,1.4333075656665752,1.9594310212867758,1.5924111227494597,1.4338509739055194,1.9061627353173398,1.4960713165412187
2023-08-11,0.6791980221556585,7.265908422578676,2.403600699173761,1.516682572272628,1.4093101946266964,1.9292428688297198,1.5686405326556203,1.408110322501775,1.8703385554960381,1.4665792292215196
2023-08-14,0.6791980221556585,7.299818753017075,2.410542181462673,1.5146832852096328,1.4133325510763484,1.9363990461219571,1.57294569205178,1.4122030868729316,1.8776835423843332,1.4631251277918993
2023-08-15,0.6791980221556585,7.274959376517415,2.3963007942085106,1.5167931792094138,1.4107755888602682,1.928222677960696,1.5710246071668186,1.409592371958009,1.8802558548885804,1.458879898559985
2023-08-16,0.6791980221556585,7.227440975712287,2.3898318272802372,1.5142799023061886,1.4044533534051247,1.9175893090815972,1.5690742680795502,1.403454085410053,1.8669863951802537,1.4549614037808356
2023-08-17,0.6791980221556585,7.294965149910982,2.4052487730074756,1.5208994903417923,1.414574479381382,1.9335853749069045,1.5831090983573561,1.4143777349929354,1.8776722273424593,1.4599746652371954
2023-08-18,0.6791980221556585,7.253068509856181,2.3842403996697246,1.4954758539544122,1.3971727418326447,1.9128652747317934,1.5636340242722755,1.398493859522655,1.859785698280034,1.4434572593586208
2023-08-21,0.6791980221556585,7.280450207762941,2.373495303879492,1.4846239330758824,1.3916910642908822,1.901205715235694,1.5517919208661308,1.389487917431801,1.8469815272559866,1.4319754101038311
2023-08-22,0.6791980221556585,7.349033957987394,2.3624408275412363,1.4806193476907106,1.3884583637623242,1.8973659047284857,1.5526327115494243,1.3901305406204563,1.843954332485211,1.438804231338551
2023-08-23,0.6791980221556585,7.344667674320602,2.331034520893085,1.4609879787275835,1.3735624765818768,1.8745883063116038,1.5335478159004752,1.3744226130962371,1.8260098856126268,1.432452144435742
2023-08-24,0.6791980221556585,7.340919101698693,2.3169134443605417,1.45261726027084,1.3608306977609548,1.862659684602559,1.5244553271632593,1.3693699257860386,1.8126149959582056,1.4255520707212186
2023-08-25,0.6791980221556585,7.2107919497278665,2.3203163362312176,1.4466688893386492,1.3516578768791037,1.8474171344838564,1.5158688316103364,1.360592164928567,1.809501766309919,1.4166793018139803
2023-08-28,0.6791980221556585,7.308031607789923,2.3881240654211107,1.4833326723285227,1.3782362547315898,1.8848914885525443,1.547353495972276,1.3835427435847845,1.8414728087518732,1.4477161012914717
2023-08-29,0.6791980221556585,7.372598068851984,2.431774293952886,1.5107051709551524,1.4027876103605426,1.921544968830193,1.5763806893717949,1.4042320654566423,1.8632889742729313,1.4679866424041157
2023-08-30,0.6791980221556585,7.273857676502177,2.4109339470980315,1.4975622558406432,1.3963942853162985,1.9035510519746373,1.5673584124038833,1.3963376150135833,1.8486433759822274,1.4459662261566744
2023-08-31,0.6791980221556585,7.2627355340149045,2.3493417563647214,1.4726383616449397,1.3816506076288215,1.87910237752211,1.544200010968515,1.3850096440054744,1.8320616540543573,1.424336533083687
2023-09-01,0.6791980221556585,7.284155867976555,2.343144161072758,1.4770853310843564,1.3913096036610004,1.8916808316969045,1.5524765704585863,1.3951776155347382,1.8482590362686915,1.4551021990158373
2023-09-04,0.6791980221556585,7.4166891246538995,2.388603291157188,1.5089468338403598,1.4170527963680917,1.9257711491119731,1.5773476541834366,1.4180066252482106,1.8822970557315977,1.4956075131973543
2023-09-05,0.6791980221556585,7.435191993908966,2.363948949578111,1.4913983956150585,1.4075705108311518,1.9049782382817546,1.5624693141664425,1.4078204804131147,1.8762615785060741,1.485879392332488
2023-09-06,0.6791980221556585,7.5026100708073304,2.374744778506085,1.4959594692002869,1.4116323639226536,1.907638530388023,1.5629985108290618,1.4113871035308478,1.8709662408364323,1.491744662883668
2023-09-07,0.6791980221556585,7.410675608553058,2.3505533358967132,1.4756133181756015,1.3916950710296283,1.8794647124767263,1.540055761506654,1.38927947741522,1.8466422674167493,1.4809975271486306
2023-09-08,0.6791980221556585,7.488989862361136,2.3464743438157845,1.4641367189170988,1.3928336132418824,1.8791547040264451,1.5395782156946316,1.3883428736828538,1.845110236991501,1.4638397628505773
2023-09-11,0.6791980221556585,7.424894946802021,2.3628506369815554,1.4702243121161205,1.4026113044595518,1.900179386373817,1.553166506474219,1.403426157651836,1.8648585278897762,1.4851493021115136
2023-09-12,0.6791980221556585,7.382216800997732,2.3559167836735253,1.4699743605688966,1.4038271431338707,1.9006421701288527,1.5567044554034175,1.4076608833250193,1.8681499051430932,1.4873267335915377
2023-09-13,0.6791980221556585,7.321953433487618,2.345698839959172,1.4614536309968533,1.4010735174512812,1.889632332234784,1.548233967562986,1.4011415466172275,1.8640776657970115,1.4916918145334577
2023-09-14,0.6791980221556585,7.27305154049778,2.337338677011728,1.4573016354161443,1.3960160195147098,1.8806083326593284,1.5462515974064437,1.3979928754176423,1.87081886840776,1.5133914932318968
2023-09-15,0.6791980221556585,7.25665262453809,2.3539195854703094,1.4659527122347447,1.40045657037945,1.8838799182050627,1.5504374171291972,1.4000424274005836,1.8714942993452888,1.5142862687654985
2023-09-18,0.6791980221556585,7.305688220918338,2.357756151633398,1.4711173121675063,1.4073813947390588,1.8953433840420728,1.557018735288868,1.4063551071338265,1.8797988114374122,1.519152566361482
2023-09-19,0.6791980221556585,7.313942958711448,2.3527535367308667,1.4688194563947798,1.4033016205806237,1.8855953214059364,1.5502222538225925,1.404273619831425,1.8801332394531178,1.514588240132107
2023-09-20,0.6791980221556585,7.237894187758463,2.3365832824559547,1.4635124205349967,1.3948261603248093,1.8751013697398942,1.5418782892372078,1.3953386859865928,1.8727638924011765,1.5014617277249644
2023-09-21,0.6791980221556585,7.212867651328667,2.321801763136123,1.4521054649421044,1.3858699826452576,1.8622300689608997,1.5312770910484756,1.385361069978459,1.8608773092367514,1.4901746141267211
2023-09-22,0.6791980221556585,7.291002937602483,2.3445410013566756,1.4668670118245057,1.3978416831417555,1.882752977546617,1.5466012343532394,1.3984857037019005,1.872170674768386,1.494440194561701
2023-09-25,0.6791980221556585,7.239370674122933,2.322094368661436,1.455398584113133,1.3907024658697578,1.8709954458032247,1.5362588687041396,1.3906720369613983,1.8619770990754734,1.4863477172813444
2023-09-26,0.6791980221556585,7.173720360123461,2.3053998949340313,1.448327909695928,1.3845334708832282,1.8646873685330725,1.529601728243922,1.3843408659899636,1.8551935077519197,1.4722954657565197
2023-09-27,0.6791980221556585,7.156915533276587,2.30833236648991,1.4504199314978123,1.3887396624997654,1.8683553915036675,1.5300297270130367,1.3858535096656013,1.851808954710943,1.4717620384781327
2023-09-28,0.6791980221556585,7.253664380083456,2.328031634945866,1.458786343759029,1.4022429674244572,1.8824509938480023,1.5458259104001193,1.3967649989181614,1.8661081594705256,1.4859560199529471
2023-10-09,0.6791980221556585,7.194702587523884,2.300653895650173,1.4379553301085084,1.3912846616330388,1.8651196305891917,1.5344475565524764,1.386383226759508,1.8612353058911777,1.4821688217721591
2023-10-10,0.6791980221556585,7.20447162457249,2.2973794751276753,1.427692055564726,1.3780311790375062,1.8517907554332904,1.524532823505041,1.3783642512067886,1.838433620373079,1.4540021767677265
2023-10-11,0.6791980221556585,7.163342489122897,2.2935987386029164,1.4208386807079703,1.3736287498208075,1.845158379040018,1.5174359885616575,1.3733476694184301,1.8282848120972144,1.4368643124656848
2023-10-12,0.6791980221556585,7.198987561728846,2.3157025593074554,1.432492434223077,1.3847355534650228,1.8679402124501572,1.5320878434755065,1.3888867854185347,1.8438030019648706,1.4518440430974653
2023-10-13,0.6791980221556585,7.150137734773896,2.2962079604812176,1.4230911281377465,1.376471462042194,1.8522655848515168,1.5225646208896089,1.374860325803802,1.8305199041561429,1.442968733082791
2023-10-16,0.6791980221556585,7.148517881733363,2.2938673234082922,1.4232378516076987,1.374831891979938,1.8504077949155604,1.523889595604244,1.3782278596934074,1.8368215346557115,1.4572751749808546
2023-10-17,0.6791980221556585,7.140232199726579,2.2923796466254274,1.4235308419233847,1.3736374039895094,1.8493780637420076,1.5216017722706283,1.3753637465733983,1.8360662371819347,1.4589585221021422
2023-10-18,0.6791980221556585,6.988813385319782,2.2549694099167157,1.4001155152620177,1.351996533313456,1.8229982851379873,1.4993836459345296,1.3552701664187525,1.8068477351435066,1.4415848858328815
2023-10-19,0.6791980221556585,6.92979615105352,2.234225612285029,1.38594853966191,1.3353894125025236,1.8041943170269987,1.487227793668679,1.338416903368306,1.784598775188252,1.4248787368389784
2023-10-20,0.6791980221556585,6.908251528595385,2.2365909383375193,1.3860800401940032,1.330782816105541,1.7950519227963635,1.4802829483782918,1.333325369199509,1.7812522770012695,1.4250861138170219
2023-10-23,0.6791980221556585,6.713652068196821,2.185218492931638,1.356022776152196,1.3038822757271422,1.7532087684977358,1.4501917356903566,1.3062643490084445,1.741801594427043,1.3901507871288188
2023-10-24,0.6791980221556585,6.943001993774386,2.2333954559202973,1.3880507414294843,1.3325749915948966,1.790964448610123,1.4782274152018344,1.3344447654746403,1.7811101534944185,1.4166104172678582
2023-10-25,0.6791980221556585,7.144480120281555,2.292869892672201,1.4098714035072213,1.3611886440279908,1.8248706699228392,1.5021173168601585,1.3509404681385944,1.8058062008084665,1.4388778206116826
2023-10-26,0.6791980221556585,7.129333899053776,2.2994367335612442,1.4106483901076623,1.3664524130338733,1.8303487317755678,1.5079616338649158,1.363279842784454,1.8141257206410089,1.4229543409404697
2023-10-27,0.6791980221556585,7.20009031088796,2.3186628077295666,1.4274573283740688,1.3882813374454934,1.8561204344043023,1.5270067096266133,1.383778560631387,1.8327472258495752,1.433617100028019
2023-10-30,0.6791980221556585,7.283207300511441,2.3513693841677137,1.4395776164208558,1.3974729098665832,1.8547695249773064,1.5289332810141225,1.388480549166502,1.8394181984997937,1.4223550290719702
2023-10-31,0.6791980221556585,7.237024591496352,2.3399052035219623,1.4375900304595244,1.3920777004788918,1.8486373678360892,1.5274642755761272,1.3846442440035833,1.8369178937803707,1.4183156305299403
2023-11-01,0.6791980221556585,7.276917876773715,2.3477070677855356,1.4361881199844642,1.3902341462388097,1.853826994432195,1.5328765052458642,1.386342713196726,1.8370059158777472,1.4221602350518834
2023-11-02,0.6791980221556585,7.234634304192414,2.330640192271438,1.425902712921135,1.3808026264031639,1.8440668741808381,1.5236584633200547,1.3778480610888004,1.8333133177796122,1.4208505958723812
2023-11-03,0.6791980221556585,7.302834745002879,2.33016813801688,1.4288856571788007,1.3855940308243915,1.847552749021698,1.5278540174574609,1.380032314355495,1.8333409848477131,1.4313924179826463
2023-11-06,0.6791980221556585,7.413909736180004,2.3603078389490415,1.4495428735137623,1.4046487174211786,1.8736041432296133,1.546182068755534,1.390810467763791,1.8453547934789016,1.428152164963543
2023-11-07,0.6791980221556585,7.452166240884516,2.371761361327145,1.45457778670512,1.4077027690933859,1.8797132484272634,1.548652376982367,1.3916778114929456,1.8491804400592229,1.4344387963256473
2023-11-08,0.6791980221556585,7.371675948664703,2.376457207077454,1.4537359088641717,1.4034166173065306,1.879534583576225,1.5456324412096474,1.3881792288972847,1.845963052416038,1.4256863105925703
2023-11-09,0.6791980221556585,7.370551749484005,2.3667655667776426,1.44677063469434,1.3996827251075137,1.872529346146333,1.539344032172801,1.382631549972748,1.8485386025822335,1.439777316034299
2023-11-10,0.6791980221556585,7.349189034347477,2.357177315550861,1.4453521272910423,1.400703091711003,1.8673932445701182,1.5404525298884766,1.3836930906845708,1.8530418758516516,1.4491128986486743
2023-11-13,0.6791980221556585,7.438990792946544,2.39592110833086,1.4552381972494959,1.414034620678123,1.8883558516395293,1.5555117921402197,1.3941434445262804,1.8662653940159306,1.461354620456691
2023-11-14,0.6791980221556585,7.450892583553397,2.3988956874608194,1.4617908861648186,1.4164616155136294,1.8931703462348182,1.5589257708065531,1.3953473695069207,1.8648324242025254,1.4500697224223784
2023-11-15,0.6791980221556585,7.496676422901698,2.4046683121504557,1.4650727552888745,1.4244210950842784,1.9061137248393152,1.5640883281025828,1.4031633243638435,1.8717196321879743,1.4657902853500882
2023-11-16,0.6791980221556585,7.491053895914079,2.3894279977663158,1.4572026248527115,1.4182465904244577,1.8971674351531953,1.5566558511964428,1.3961390137913137,1.8668530649013644,1.4581681081409716
2023-11-17,0.6791980221556585,7.487508602494864,2.3899083472103397,1.4653980656999432,1.4235222942576995,1.908892474977862,1.560710916516425,1.4046483530129998,1.8770175180345225,1.4619098390198566
2023-11-20,0.6791980221556585,7.707805223105453,2.4058999383260833,1.475490565795254,1.4302108264251159,1.9178058769503599,1.5711158543990114,1.4104612312935807,1.8888153871666593,1.4624872208309843
2023-11-21,0.6791980221556585,7.757792517530863,2.412791244934712,1.4834420492239013,1.4292536691663766,1.9179488629677743,1.5713227043487494,1.4105403825229672,1.8930094274372828,1.4658807328573193
2023-11-22,0.6791980221556585,7.730474771860828,2.3962974423097587,1.4773478381938656,1.4184534677435516,1.9059621584072184,1.5648015792798755,1.4012498591089881,1.8867008797117923,1.4551388691140659
2023-11-23,0.6791980221556585,7.943570737979335,2.4255248447207722,1.4971080549477247,1.436424303287153,1.9263995466989177,1.583192388369281,1.4175804659291518,1.8999981301978146,1.4717039723275946
2023-11-24,0.6791980221556585,7.9266283177425905,2.4082661784270276,1.4889435036466143,1.4294011173626366,1.9133865896867168,1.5713501937028722,1.4100441573618294,1.896355558671319,1.4704469959266564
2023-11-27,0.6791980221556585,7.873540283336274,2.4018623435426067,1.4755619091358954,1.4245334347299767,1.908537267151591,1.5660619116723862,1.4113599281288456,1.8949338783897696,1.4806966288931418
2023-11-28,0.6791980221556585,7.965111003424976,2.411562468713546,1.4783349633620129,1.435356511373897,1.9189044813383822,1.5750718191656445,1.4216675898850382,1.9015272822172078,1.482926703076749
2023-11-29,0.6791980221556585,7.935010760510629,2.384852001706733,1.4604804624072054,1.425760135946919,1.9027934869920606,1.5624264001872057,1.4146935395914162,1.8935184818752429,1.48403875189067
2023-11-30,0.6791980221556585,7.904999083315602,2.3695464531480472,1.4561776207169332,1.4183025720876536,1.893887703814295,1.5612956830977032,1.407441320761407,1.893592016799478,1.4774926241393838
2023-12-01,0.6791980221556585,7.9867934625164985,2.389211339873565,1.4682668054299903,1.4261520715355316,1.9057361712160819,1.5699462404613307,1.413831211950981,1.907090065621735,1.4871530537176803
2023-12-04,0.6791980221556585,7.969579069382588,2.396325676378164,1.476921201193619,1.4271468118642021,1.9079843640939762,1.5763987759588804,1.416416465292827,1.9129630974428207,1.4925980619992019
2023-12-05,0.6791980221556585,7.703263518215209,2.3582375768887225,1.4547981797616003,1.4120398273395822,1.8782776955140634,1.5555115611513304,1.3961688934171077,1.8831226277888589,1.4641516753849875
2023-12-06,0.6791980221556585,7.7491487369115415,2.382434239320144,1.4657768195441818,1.416490190288458,1.8894438441411026,1.563311099560709,1.4062870264204856,1.8887810664511695,1.470178466181317
2023-12-07,0.6791980221556585,7.728256566713348,2.383240689842306,1.4660468033630352,1.4106334661923172,1.883362276207401,1.5583285795938917,1.403853227599017,1.8822821858491918,1.4710658030593922
2023-12-08,0.6791980221556585,7.571620106232462,2.346556288729866,1.4435382310477998,1.3953435579670197,1.8556726817815064,1.536883730911571,1.3871509209636357,1.864156948719205,1.4585979051823754
2023-12-11,0.6791980221556585,7.645481359669513,2.3484512389742322,1.4575412099520972,1.407595271690374,1.8708210741156661,1.5527163855867858,1.4033213206578288,1.8818898009157536,1.4837632358463355
2023-12-12,0.6791980221556585,7.784990382309109,2.3742485101124666,1.4759564357830584,1.4180520137758816,1.8864965587270661,1.5659210187480959,1.4120783316193404,1.9044742377924677,1.4961295279801143
2023-12-13,0.6791980221556585,7.614122415030825,2.3691574221080867,1.4727651524331988,1.4135311091384835,1.8805059787121179,1.5602191828958965,1.40470095418871,1.8977915519578272,1.4770125698538623
2023-12-14,0.6791980221556585,7.6218716364917505,2.383602740862406,1.47789104814288,1.4147920387004445,1.880657306994941,1.5603013359640405,1.4086011197002892,1.9013181549745362,1.4845329801753007
2023-12-15,0.6791980221556585,7.614562104166202,2.386861792602372,1.478058881123181,1.411851544141215,1.873806075566187,1.55745425889935,1.4008761105821317,1.8882414957206053,1.4758551299665863
2023-12-18,0.6791980221556585,7.5271859899934634,2.338902035881638,1.458223862813871,1.3951802470513786,1.8533805415803952,1.5393696715211491,1.3865171010842336,1.8772989275678598,1.4660720246944783
2023-12-19,0.6791980221556585,7.529096753411544,2.3186637245999004,1.4431977850370155,1.3839867822486132,1.8448175948996783,1.5341966434124603,1.3823361036412485,1.865631069669745,1.4515196867538025
2023-12-20,0.6791980221556585,7.424979103333685,2.2944569814830604,1.4304681883767845,1.3691278093750594,1.8268298110320471,1.5199764449984594,1.3710429977430738,1.8586031763574409,1.4425546258395259
2023-12-21,0.6791980221556585,7.457872578329593,2.3000112073806913,1.441599775824387,1.3763820091176755,1.8356062238832689,1.5294934750991473,1.3785366096831078,1.8649923637873023,1.4476527379408526
2023-12-22,0.6791980221556585,7.441057456951545,2.2712032612070185,1.4205961698070866,1.3647883034509356,1.813447503073741,1.511815738307439,1.3688519714747414,1.8535682474879307,1.4454971831830505
2023-12-25,0.6791980221556585,7.4422154631609825,2.251578397677461,1.4094808129869205,1.3597917732516591,1.803420317406568,1.5023411826446995,1.3628260676667705,1.849240299465636,1.446941002214445
2023-12-26,0.6791980221556585,7.35171914571153,2.2263771097646416,1.3990763884857256,1.3496293130803072,1.7847721832781718,1.4868710483424308,1.3484877010244092,1.8324997499785902,1.435744229869124
2023-12-27,0.6791980221556585,7.434370543888935,2.24131491068613,1.4040410717208662,1.3584795081346794,1.7943320840189894,1.4990387148828308,1.3590147834130997,1.8478696845699585,1.4545478594750594
2023-12-28,0.6791980221556585,7.495019179531057,2.279023561643811,1.4213731281498967,1.3770978464954702,1.8222093697021653,1.510002915612034,1.3721567154256358,1.8520360464723227,1.4531991002656723
2023-12-29,0.6791980221556585,7.5644262401912865,2.290369773303252,1.4334239272663507,1.3927910452857293,1.8390001764567676,1.5238793470257337,1.384289367295902,1.8631056530261974,1.4580200811001391
2024-01-02,0.6791980221556585,7.654676057396468,2.312118431302258,1.4444677088843227,1.4020573312067097,1.8513978862634723,1.5382502366170419,1.3999613125048238,1.9030026160170548,1.4898952442005047
2024-01-03,0.6791980221556585,7.706146428189763,2.3182875839586847,1.4444277735294455,1.4010003064316416,1.8556981100346022,1.5437783227411965,1.4049319789996442,1.9137788274141618,1.506015782986477
2024-01-04,0.6791980221556585,7.67823760762515,2.315648969997668,1.441142655830662,1.3983093494873762,1.85384897458543,1.5435776321165657,1.4056702222994772,1.9206480664406613,1.5111318244306056
2024-01-05,0.6791980221556585,7.524300593498701,2.283858898893098,1.4239931792815872,1.379833045359161,1.828822441913687,1.5271354624765345,1.3919611144826487,1.9029790895853558,1.4993739320979957
2024-01-08,0.6791980221556585,7.367229763637462,2.2462030469107663,1.4033423502056288,1.3584528702846634,1.798006153861008,1.4984839637841691,1.3708899995709543,1.8738691607931832,1.4810891990842652
2024-01-09,0.6791980221556585,7.4405429231312965,2.259208712175619,1.4076085808043697,1.3680845927671481,1.8111062411212693,1.5107192783980066,1.3834263338007484,1.8907874364068544,1.4946514691112105
2024-01-10,0.6791980221556585,7.357126221072599,2.250025798039195,1.396739431482977,1.3593112466746449,1.7992448350146895,1.5027039641397348,1.3764493773997624,1.8824593055723156,1.4799164036135088
2024-01-11,0.6791980221556585,7.422325114913929,2.275767662930169,1.4113075964586093,1.3701665997219856,1.8196987938068119,1.5156681351468648,1.386178880403346,1.8837182007840823,1.475856125600126
2024-01-12,0.6791980221556585,7.4359804550271,2.2820938487936258,1.4040846519720378,1.3665418671325527,1.8149240927587953,1.509270027282939,1.390754796969504,1.884748345832728,1.4770175518415596
2024-01-15,0.6791980221556585,7.374872841602462,2.27293987845851,1.4045359897833227,1.3665162367996864,1.8159845675196218,1.5098382646100739,1.398509896155461,1.8862104391796115,1.4753911327565794
2024-01-16,0.6791980221556585,7.303487020814801,2.2667450020157314,1.397118049894268,1.360116485508049,1.8113899060561012,1.5038000733432566,1.3907419432792936,1.877227792920174,1.4700443776241379
2024-01-17,0.6791980221556585,7.121771628936694,2.2125579469650205,1.3694703301713196,1.3296057803706929,1.7707683720434646,1.4718925904040419,1.3693166687350515,1.8508792939017316,1.445141301261138
2024-01-18,0.6791980221556585,7.085973695296104,2.1745549354031484,1.353303960796206,1.3093335275552278,1.7496275623413824,1.4525262143757622,1.3559171862478874,1.82488475999641,1.4265866669355058
2024-01-19,0.6791980221556585,7.049367405340315,2.1459768526350564,1.3405754113459714,1.2931998319837859,1.7277932236972025,1.4401181577199755,1.3376564633543353,1.8091608753928567,1.41283567535449
2024-01-22,0.6791980221556585,6.615026368173925,2.018623442384535,1.2685047978987902,1.2253632345158436,1.6357244961865527,1.362782428879372,1.2700361909881925,1.718533331222326,1.343642319002583
2024-01-23,0.6791980221556585,6.571509690519103,2.021202264758087,1.2645205822560517,1.2248295999017125,1.6417086916478032,1.3696532605566374,1.271865465648666,1.7308882247712096,1.369869644117239
2024-01-24,0.6791980221556585,6.691473699810168,2.084127487901919,1.2960063909878097,1.2557156233150022,1.6863911219629268,1.4079926608166888,1.299470162824039,1.7709010423320177,1.4109658161300789
2024-01-25,0.6791980221556585,6.980855426980092,2.176481860812519,1.345218674802849,1.305032184921066,1.7566296712265042,1.465249862691064,1.348375065250434,1.8426559715900594,1.4847409531460027
2024-01-26,0.6791980221556585,7.033000434031116,2.216433493306807,1.3590136420221994,1.314004042981729,1.7728289373089325,1.4764384234607135,1.3589895973187816,1.8663245209622217,1.507316888051571
2024-01-29,0.6791980221556585,6.799050009568674,2.178200543249448,1.321850781520435,1.2843193726552196,1.7318174445597538,1.44897039675808,1.3358425697220138,1.8373036003699854,1.4822817904517263
2024-01-30,0.6791980221556585,6.5925382543448885,2.1090009156554177,1.2827369531367878,1.2524376330757765,1.683144018326642,1.4078950286758627,1.308158288977853,1.7942829026796363,1.4503839588461702
2024-01-31,0.6791980221556585,6.2236563573281005,1.9997710258647967,1.22849665493986,1.203523141615797,1.6228095879171318,1.3597193662057157,1.2702467627215999,1.7438753623986614,1.4171336613144982
2024-02-01,0.6791980221556585,6.034176793600985,1.9400557113541816,1.2009965921488492,1.1818335167756968,1.589900878555779,1.3313923760759687,1.2468684068643094,1.7096714179295165,1.4025048486272476
2024-02-02,0.6791980221556585,5.7815755552872865,1.8583090362098698,1.159111812308951,1.1411166629076321,1.535161319641445,1.2891183450188448,1.213768455199506,1.6626998117821044,1.3673614039914646
2024-02-05,0.6791980221556585,5.264256257993733,1.7215809920336953,1.0724542592013535,1.0623498684749397,1.4225649722381613,1.2104667490156016,1.1465335550807327,1.5771319354108442,1.3083586621321115
2024-02-06,0.6791980221556585,5.1986227132973,1.7384615024248404,1.0913816266043577,1.0874414493148714,1.4595483152989188,1.2379604710086995,1.1791647065015844,1.6161154011479335,1.3441422504652907
2024-02-07,0.6791980221556585,5.027262260086257,1.7175703366927677,1.0842593850713473,1.0865512840758613,1.4579756150296197,1.238975315476427,1.1875613141326693,1.6350195645372807,1.3695497796409397
2024-02-08,0.6791980221556585,5.29851629425345,1.8124639974262005,1.1383496918013085,1.1423850750716904,1.537191188384559,1.292837333990846,1.238640627324895,1.6903204416885664,1.4062062422378265
2024-02-19,0.6791980221556585,5.441985070879692,1.8539623175725681,1.1640085765174752,1.1648246393835038,1.5687087921208684,1.3251193206145773,1.26609790952627,1.725302744241384,1.4388872215364845
2024-02-20,0.6791980221556585,5.519719021492454,1.8743150422322121,1.1744988318703344,1.172915446495822,1.5791919965422043,1.3341961247150995,1.2751464101789183,1.737244688007616,1.4573899287471717
2024-02-21,0.6791980221556585,5.651705772796167,1.9233422959690643,1.1926885712820738,1.1875589304555565,1.5975795571812534,1.3472866966358663,1.2816279788296765,1.7486302028638316,1.4643150852190254
2024-02-22,0.6791980221556585,5.8074666088833276,1.9542080653586766,1.2112733315405495,1.2059971932058315,1.6184335974145712,1.368735165310166,1.297262840914257,1.7800918261122294,1.5189535832035317
2024-02-23,0.6791980221556585,5.953330197593192,2.005373605292647,1.232640124143618,1.2256232867477963,1.6445096814477687,1.3903119613950645,1.3125740681788858,1.796801127291937,1.5088601259934877
2024-02-26,0.6791980221556585,6.009536371779853,2.0238663372201966,1.2387847635658915,1.2328310883799205,1.6569539592263187,1.3958429998929092,1.3122531213952422,1.7882475662443218,1.496873063672651
2024-02-27,0.6791980221556585,6.185191733927994,2.065172864458814,1.2643794324968936,1.25805201184905,1.6931512302020921,1.4243140982669988,1.3323297228295843,1.8131520365008342,1.5143803022427906
2024-02-28,0.6791980221556585,5.861080024822543,1.9572716644479646,1.2029672237728428,1.1992723238725884,1.6121689387793134,1.3640638347987384,1.2846791274140694,1.7576579086878483,1.4762671931603435
2024-02-29,0.6791980221556585,6.046802622779319,2.0070245276455414,1.2339817245468645,1.2337156445069641,1.6628393641816235,1.4032927086625695,1.3170205128661772,1.7955046878829564,1.4975538566583964
2024-03-01,0.6791980221556585,6.045646277221206,2.0009021336697383,1.2404088898074501,1.2388834005123106,1.669631364555291,1.4119943046203516,1.3211622853790135,1.7991982209228767,1.5180152367724637
2024-03-04,0.6791980221556585,5.96324425088781,1.991114456205069,1.2354298402325852,1.2335887289233824,1.6624411938089072,1.4158580045919944,1.3242772044909512,1.8113741063197386,1.5364200088366826
2024-03-05,0.6791980221556585,5.84462080944137,1.95974203479686,1.2207639272524111,1.2192698685691918,1.645890374946058,1.396046041409826,1.3163851721273692,1.7970841788099323,1.5145952734147665
2024-03-06,0.6791980221556585,5.927632385956419,1.9900826608398252,1.2303112916446393,1.2288408294609265,1.6549346730774486,1.411827877446899,1.321702362605867,1.8099340642200894,1.5234299213070353
2024-03-07,0.6791980221556585,6.014675366798656,1.9964524949833684,1.227544185920296,1.227151286593352,1.6473022318320565,1.4094598838517585,1.3245602938896337,1.8191038381640787,1.5273747372614033
2024-03-08,0.6791980221556585,5.9936263528634175,2.0094425229966646,1.2386267084069722,1.2362667280706647,1.6596707080352786,1.4205491896794153,1.335914585270385,1.8336440959064546,1.5223644015561049
2024-03-11,0.6791980221556585,6.085208950132855,2.0307307792927536,1.2620396209292986,1.2513819947044187,1.684348841453753,1.4347013400175637,1.3465482982354675,1.8363454462501319,1.5063775045229137
2024-03-12,0.6791980221556585,6.168116142039135,2.0604792481515095,1.2780093652257354,1.2585351624733059,1.7007929691174817,1.4374184086817836,1.345708221245963,1.8184306035163802,1.4825706443025626
2024-03-13,0.6791980221556585,6.10030017438663,2.0425932545034584,1.2722957818352914,1.2565274262500257,1.698079583542698,1.435170297927187,1.3517513115878235,1.8177388205608618,1.4760688602646794
2024-03-14,0.6791980221556585,6.072036837021756,2.028519729005137,1.2714118830263381,1.2552721347880906,1.6963944351158138,1.4388993517691484,1.356350784338414,1.8267809806654316,1.4839884276588122
2024-03-15,0.6791980221556585,6.197188217725942,2.055664835709008,1.2906219056906534,1.2740687663404753,1.7218017743580258,1.4532813411511978,1.376121553899465,1.848312022670051,1.4815516673031286
2024-03-18,0.6791980221556585,6.306561193201969,2.085820842676132,1.3080040105524289,1.292897008579753,1.750755161037083,1.4695800311133043,1.391859237716946,1.8613002674768833,1.4751331373594345
2024-03-19,0.6791980221556585,6.43976919179923,2.0771141372851654,1.3059574944268972,1.287500376393814,1.7413823946401668,1.4568324926964868,1.382544299912181,1.8497420432382068,1.4767724324530445
2024-03-20,0.6791980221556585,6.52915625962815,2.101169782047985,1.3157121741110498,1.299668832389206,1.7573928794541396,1.4674509901246091,1.3907105820801922,1.8699730173093774,1.4887679729914183
2024-03-21,0.6791980221556585,6.577754233884131,2.131164355117492,1.3208132307096296,1.3023695325371163,1.7564456651563702,1.4715274706975678,1.395767596849987,1.8721772131300476,1.4893467804555791
2024-03-22,0.6791980221556585,6.532372435864785,2.1315816591660517,1.3059609975942477,1.2831599621796672,1.7287644566768163,1.4521944468374894,1.3803617181652175,1.8574112573289108,1.4743099733534002
2024-03-25,0.6791980221556585,6.317367048036141,2.0741302027977544,1.2960101410192688,1.2643904365809349,1.7067944584032981,1.4324548143585514,1.3675876340288804,1.8384046097192768,1.4649904562693852
2024-03-26,0.6791980221556585,6.409767525275231,2.0616262015287967,1.302239313521379,1.2685938133366113,1.7188594728086999,1.438005295951604,1.3731607546863387,1.8397510104511734,1.4598034709881376
2024-03-27,0.6791980221556585,6.288334361002533,2.001428406230739,1.2753509302256134,1.236791133349026,1.675029288008079,1.4096759848973373,1.3501171842124537,1.8100171513294216,1.4432944160573813
2024-03-28,0.6791980221556585,6.48078494233041,2.047293644622715,1.2946224664334094,1.256425489100828,1.703769348757925,1.4316931846121377,1.3709690435114763,1.8360295979465902,1.457126795935032
2024-03-29,0.6791980221556585,6.55960715272701,2.0751738716203483,1.3043027647695256,1.2741502737683432,1.7264144476881822,1.4555790808277327,1.3947511593428865,1.8688655218807906,1.4869829347206955
2024-04-01,0.6791980221556585,6.783306585703395,2.1115992066999727,1.3300265839985224,1.3040484681932398,1.759806853683992,1.4816693593140227,1.4156244738443582,1.8852925861270273,1.49633001296568
2024-04-02,0.6791980221556585,6.732647652742591,2.130096876117266,1.3395342988141916,1.3102304233064943,1.7641988265638184,1.4921688520078733,1.431491709537111,1.8997121864630078,1.5112701700688733
2024-04-03,0.6791980221556585,6.633002954448138,2.102164859561831,1.3368990119824182,1.3105418469699073,1.7596011631712625,1.4946027977597092,1.4417430449934787,1.9158481188566043,1.5408261474929452
2024-04-08,0.6791980221556585,6.546855978787676,2.0615153565443314,1.305495828042918,1.2896474724493372,1.728803225521929,1.4752520367180868,1.4291359072480296,1.915142472040519,1.5184103497872614
2024-04-09,0.6791980221556585,6.59825742145305,2.0945812557108594,1.3163389066974331,1.3008750710039654,1.7463109448537928,1.486572216549957,1.4365655573393026,1.9225205635347713,1.5290064973424187
2024-04-10,0.6791980221556585,6.433458177027504,2.0613489734852326,1.2946793957146217,1.2844396664827114,1.7186365391823082,1.4679644667296647,1.4225776316991166,1.914163369496963,1.5309339913156055
2024-04-11,0.6791980221556585,6.52134792023204,2.0716311242527827,1.302213622799727,1.2950126777784872,1.7330756023932217,1.4817233912390193,1.4331927233984911,1.9291966179221922,1.5538876401332054
2024-04-12,0.6791980221556585,6.327827261991917,2.0544299358905342,1.2894679489636025,1.286509845601068,1.724480820708651,1.4755126543662438,1.4292448541974532,1.9243446407006557,1.5485742217739513
2024-04-15,0.6791980221556585,6.043198395057204,1.9778787038497598,1.2523132244563389,1.2510018997132502,1.6895086737873695,1.451672152424416,1.419886744173068,1.9157587921267827,1.5578157082081252
2024-04-16,0.6791980221556585,5.582276689709094,1.8568838268093761,1.1861915017306894,1.1847286217020347,1.6046596151951706,1.391319600929444,1.3667417493737015,1.8497616443340728,1.5193608577403563
2024-04-17,0.6791980221556585,5.852600704643304,1.9657472835737553,1.2424220044484795,1.245012060250015,1.687596640912679,1.4507004264369936,1.424968435507967,1.9135771761531728,1.5670194461684361
2024-04-18,0.6791980221556585,5.844020904747674,1.9618444334805232,1.2327159654473527,1.2428009143321082,1.6864353487339996,1.4441566860640644,1.4240445277327964,1.905237983876671,1.562643099739928
2024-04-19,0.6791980221556585,5.828841909741048,1.9623828231760974,1.2291824284592332,1.2443126337169301,1.691427570560215,1.4454437392914647,1.4259400608873087,1.9090764661969402,1.5677913106947128
2024-04-22,0.6791980221556585,5.728741608408031,1.9269498879903042,1.2133615010286316,1.2290597507617524,1.6669185820716332,1.4196993952367984,1.4079566783425157,1.873109668664563,1.510457415476154
2024-04-23,0.6791980221556585,5.787010539766977,1.9347246167868946,1.2121317251559793,1.2229540049858638,1.6571783374316251,1.4078134145784489,1.3946020469962594,1.84407981311806,1.4751442512918826
2024-04-24,0.6791980221556585,5.89358303286188,1.9671575993830248,1.2293775960115552,1.2374910281962126,1.6798672795612999,1.4260807197747218,1.4109897353131147,1.8613237792825734,1.480839710425825
2024-04-25,0.6791980221556585,5.950004671549836,1.9803331483794804,1.2378599847361282,1.2466375895575197,1.689616550715906,1.4316039358629045,1.4171460855179911,1.8706152131937972,1.4914548853501755
2024-04-26,0.6791980221556585,6.049757380444481,2.0032207321436983,1.2532205529064737,1.2586461977850825,1.7139661863312885,1.44803540608087,1.4240869767093691,1.8772548236496274,1.4850359425483723
2024-04-29,0.6791980221556585,6.320479392943649,2.062310598485056,1.2947209469579817,1.2857085537892632,1.7503463131965713,1.473725521975303,1.438977001536856,1.895583213205061,1.5006367676674006
2024-04-30,0.6791980221556585,6.305131885048964,2.032865435778344,1.2937078257620243,1.2757031266096146,1.7387530290458024,1.4675450666727636,1.4407844862646866,1.9010666822749152,1.505483146999985
2024-05-06,0.6791980221556585,6.514785767341528,2.0874548282623877,1.3240297202538025,1.308506029722456,1.776625440053738,1.4992083501724822,1.471416290954249,1.9433726533417606,1.5322882037535273
2024-05-07,0.6791980221556585,6.485578560237875,2.0932217046437938,1.3292742258878807,1.3149995445965725,1.7838911657521677,1.4978313544271888,1.4750150570917846,1.9463189090870279,1.5332114916224882
2024-05-08,0.6618281749457,6.400801032564534,2.059707095976992,1.3061871814880617,1.2957350514321917,1.7538671774287933,1.4740600467102418,1.45376636738917,1.916549599342563,1.5038674427642826
2024-05-09,0.6806359755642151,6.583239808178164,2.0883279062473927,1.3294086285047648,1.317410902609352,1.7832998595904281,1.4935110576853428,1.474673101070795,1.9391693258950184,1.5249415331991611
2024-05-10,0.6658542357539671,6.545118389575881,2.0784219978195217,1.3212968259866174,1.3092827835458405,1.785660881358988,1.5009028021299684,1.4803910070950659,1.9398418104107422,1.5237812833186868
2024-05-13,0.6472080709565196,6.405678135937234,2.0316484851186534,1.2985000707368126,1.2917538432013955,1.77085127159334,1.4875032392304262,1.4695736347506951,1.9341826830945417,1.5237150438685005
2024-05-14,0.6539741820861565,6.415724696797402,2.03831635681313,1.3018722364935704,1.2996891699857378,1.7796421399372988,1.4942760537607036,1.478606424159749,1.950131628729449,1.530043998826203
2024-05-15,0.6489180213375817,6.376487124974776,2.020613601440998,1.2981349950335193,1.291076198651995,1.7712340321008981,1.4863379607803469,1.4664520393585485,1.9388137222713604,1.51475524638447
2024-05-16,0.6570968092086574,6.470719808288914,2.042962136671993,1.311893738930085,1.3008967121642825,1.7849598325161442,1.4979025346436834,1.473580304787449,1.9437152186042237,1.5179585282657915
2024-05-17,0.6662649834111596,6.609386075614527,2.080615089635703,1.3358973098548514,1.3233741041398426,1.819501530884923,1.5225914427562064,1.4947672673718113,1.9637781951912685,1.5352111126262353
2024-05-20,0.6741540889733327,6.532821747468787,2.0701341683861023,1.3260891918699127,1.3264245632719398,1.8226893144246776,1.5224228028403002,1.5012877122510728,1.9689062129367405,1.5332266055235506
2024-05-21,0.6664134127751473,6.454495448178221,2.047637957502236,1.314067098955049,1.313449181156296,1.8078613578162357,1.510742333350479,1.4820609191431922,1.956543822157389,1.5203364029230761
2024-05-22,0.6615525553165134,6.528414198380743,2.062177582319826,1.3256516447204967,1.3240468088183295,1.8169334035814528,1.5168833728770879,1.4833590898160454,1.963945547689845,1.5208954327601043
2024-05-23,0.6482629934331308,6.378310708133673,2.010543553800774,1.2917493555951851,1.2940168032701362,1.7744582600925638,1.4858123034202335,1.4481000560518804,1.921548339079271,1.4889013954517403
2024-05-24,0.6460840620855152,6.313617827732746,1.9868941292152316,1.2841557383400557,1.2841000366531121,1.7616736236783275,1.4823861635050177,1.4406300931522709,1.9147434736382418,1.490865184849281
2024-05-27,0.6401183695002995,6.33913362358504,1.990174115134364,1.288005059652395,1.2881494087581231,1.7678631183728446,1.490516749973443,1.452232177055325,1.9244323707966149,1.501679561449732
2024-05-28,0.6357583095711925,6.293805831866969,1.9669675891213372,1.2724422456728501,1.2715664006396408,1.744513119568577,1.4723155448812681,1.4296448594814049,1.9061264310311292,1.4895690041644818
2024-05-29,0.6428291838093733,6.376087714673468,1.9690227069503565,1.2756295793854342,1.2778221656387412,1.7468181587462766,1.4754716939220653,1.4325063991165814,1.907274490299049,1.4855654633147566
2024-05-30,0.635259777991325,6.437040593481081,1.9434434163597503,1.261237294881945,1.2654359072874823,1.7270226563445383,1.452807255526257,1.41551029021573,1.8849298283381541,1.4694126130425793
2024-05-31,0.6461320486343509,6.4466636071856165,1.9548281517080024,1.2607588159868583,1.2641513995653464,1.7288691297623493,1.451957387037712,1.4183680419559552,1.8934074993961776,1.4674830553115334
2024-06-03,0.6234631940313082,6.239858383463968,1.8939963645307312,1.225786249059581,1.2330642483166416,1.6903680224062165,1.4221833341887866,1.3910967714037297,1.854305003986502,1.4383003213769134
2024-06-04,0.6033743278672153,6.129069573251339,1.875288731345538,1.2178350468865649,1.2308497026683443,1.6886337018789004,1.4276816986273666,1.3932582780452187,1.8525104945792419,1.4418312568902045
2024-06-05,0.5924690103152137,6.036912737697197,1.832434894241969,1.1962570138063986,1.2047018348997924,1.650253794433062,1.3917442695742708,1.362378919792784,1.8151558872874312,1.415608258189347
2024-06-06,0.5634203108678939,5.733802082980606,1.7512919886778617,1.148430908348372,1.1609213022866776,1.6007856272163403,1.3547606566990418,1.3270924078039101,1.7619233157506218,1.3818186879220553
2024-06-07,0.5808182767663028,5.786719198712204,1.8053141822179748,1.1763407870178255,1.1893607076506332,1.631397980556486,1.38415890693947,1.3585053912696694,1.8024153084905838,1.417472308214083
2024-06-11,0.5801428095219645,5.805682792815057,1.8013402909865426,1.1750786461633966,1.1834518873145532,1.6198169337186215,1.3702514646256019,1.3439616628507225,1.792509394069909,1.395363257791276
2024-06-12,0.588426750246363,5.848464736672049,1.8266951600708907,1.1894268871472162,1.1949833514949662,1.6343214818881622,1.3848742259288467,1.3552660543648918,1.8093953617254093,1.405755395878478
2024-06-13,0.5896369305275815,5.897046083003046,1.8095355149539876,1.1755277381829219,1.1819019598664426,1.6106515236068473,1.3656803043627823,1.3370012238406248,1.7963994318226222,1.3920258254809532
2024-06-14,0.5816800221354032,5.909552094551159,1.808367472357741,1.1733531110513897,1.1830766388636325,1.6179503314323993,1.3715657107542758,1.3423699087698369,1.8011343955168935,1.3925059070479497
2024-06-17,0.5708021894596207,5.879818890082105,1.78879210851152,1.162058195420119,1.1696656725578158,1.6018928327667423,1.3563491198834414,1.326912652726872,1.7882939747612743,1.3826923200693297
2024-06-18,0.574039912528629,5.912075404104027,1.8154267093117888,1.1764655019137165,1.1808565702938731,1.612677816658338,1.36782354030325,1.341688078318861,1.809822230272985,1.3959386752464549
2024-06-19,0.5696181612971087,5.87054294084901,1.8063522600500717,1.165555008079652,1.175087230073639,1.6020281657842022,1.3584229145302016,1.33358033448193,1.7986208255402638,1.390785701110323
2024-06-20,0.5672472389116437,5.8593375775733705,1.7906244675050456,1.1380397266591737,1.1551883262378697,1.5668279120139466,1.3320874721146454,1.311011230434258,1.762083330306419,1.3625889841645957
2024-06-21,0.5585078032006641,5.871264720278307,1.7857756973928938,1.1338410425169407,1.152756612664169,1.5681774570757823,1.3352039259066366,1.3131315022200762,1.7714677178213751,1.3648584195315174
2024-06-24,0.5278780557719641,5.679599027573487,1.7194181009055272,1.0932276199899278,1.1138245384502614,1.51890927773911,1.294076369390687,1.2759257494615397,1.71888074846624,1.3280666081819728
2024-06-25,0.5339318090297569,5.617699450818121,1.7323238240605907,1.0996981343551167,1.12034881294059,1.5291843838440917,1.3038543611167548,1.2877110342187539,1.7239239628398282,1.3347377928472492
2024-06-26,0.5554492084121182,5.743796418145737,1.7838930657290966,1.1317157495276056,1.143265805476286,1.5613445184522279,1.3282698475617905,1.3077240429687622,1.7538131571201123,1.357721854903665
2024-06-27,0.5413250842715546,5.657982671746731,1.7617888627469505,1.1115280881168546,1.1238995872841153,1.5340186216032485,1.307795080938149,1.2853566301508472,1.7236557333045563,1.3394034801808021
2024-06-28,0.5378223807990795,5.648842218418463,1.7532003597789936,1.1119168712604515,1.1270880462524047,1.5414118920647155,1.313525615561359,1.2919817794683794,1.7406108168366283,1.3563232445017102
2024-07-01,0.5400031487106696,5.651896382386251,1.7706120086221804,1.1282032240452489,1.1425820214539222,1.5726906808944574,1.3366617290077647,1.3141088595171322,1.7624684642006176,1.3797418835376931
2024-07-02,0.5451891724670289,5.67494341382909,1.7863782491195925,1.1348822644521206,1.1474634094903828,1.5772132393502065,1.3424444611358142,1.3200268041444436,1.7691132838744124,1.3923935542125434
2024-07-03,0.5446340461530819,5.68782191288879,1.7727993267590327,1.1313306095043825,1.1458283279634283,1.5698929644035293,1.3401124485712341,1.316045934618522,1.762677577641709,1.3946186262304163
2024-07-04,0.521942189098023,5.485837689486749,1.7136070009763629,1.098429761169477,1.1129802175562005,1.532591474300654,1.3058761186620258,1.285752432627544,1.7238520667090633,1.3672596579382927
2024-07-05,0.5285244519459027,5.5532421356577375,1.737399390867554,1.1081334778443641,1.1217552514018383,1.5408611769744947,1.3156645562882525,1.2953103041060163,1.7363942074865322,1.3695070859319471
2024-07-08,0.5108999776210988,5.444810244853341,1.6903617545215945,1.0763469623911155,1.0927829885391807,1.4992594921378783,1.2845881559502523,1.265115896687508,1.705467309098676,1.3431063031464874
2024-07-09,0.5121898444422358,5.530360291693386,1.70534839599382,1.085601079770977,1.104344774805762,1.5176991080762197,1.3009899581787934,1.2786638651532034,1.727133957113391,1.3635466274550334
2024-07-10,0.5074864738632503,5.47678968328841,1.6835939152939798,1.0732896689610107,1.0906876202226718,1.4991149256997494,1.2853314786843684,1.2610393372191364,1.7095076628538568,1.3466521755016911
2024-07-11,0.5323764658838955,5.6204616932799665,1.7375863331818675,1.112599232632968,1.1267518917440713,1.5417159717452598,1.3199840624305106,1.2914348347619384,1.7494142478971892,1.3751445083311251
2024-07-12,0.52926719587563,5.603892055494934,1.7379222163288848,1.1162302589952313,1.1266939413263495,1.5411837965529454,1.321052210937287,1.290085357175805,1.7496297017403217,1.3768735006144766
2024-07-15,0.5141612621135794,5.478243776226912,1.7005422298269697,1.1015004335352587,1.1107018162142193,1.5214342020805456,1.3054269245027736,1.2758293142952053,1.734750684382449,1.3640383515503216
2024-07-16,0.5123346572942999,5.514927720410221,1.7041164085647766,1.1020499191745976,1.1067345042766579,1.5219866032050895,1.3047546240432886,1.2761292660776107,1.7339814016794175,1.3629125592378881
2024-07-17,0.5076836636967141,5.495425368910648,1.7050327021405312,1.0936358793200418,1.100463447877983,1.5137079943336866,1.2960310044674654,1.2674263167917637,1.7215125790835724,1.3475499075857487
2024-07-18,0.5036384458776444,5.460275524033793,1.6864518042807344,1.0907556883712832,1.1021498470921176,1.5128549801594704,1.295129293034251,1.2739976394290904,1.7335275029758082,1.3509711951569963
2024-07-19,0.505764782236198,5.52968620145168,1.686515888311926,1.0917304721594672,1.1006939922963643,1.5075785842163232,1.2906904248313267,1.2682477221797954,1.729074456134538,1.3474293873326149
2024-07-22,0.5105521877764746,5.530589068851011,1.6937984514009046,1.0903186771622049,1.1011869989345262,1.5054060311618502,1.2890272053815632,1.2632963402128252,1.7289875935363634,1.3458472335728722
2024-07-23,0.5022199653878305,5.446774708511292,1.6710957196670375,1.0769538939208978,1.0892946736586042,1.484536627633984,1.2715960238773596,1.2519215571169247,1.7155618375035488,1.3326470779625288
2024-07-24,0.49212065217765644,5.370162157249572,1.6557594495300285,1.060443294132782,1.073842616409906,1.4695557675992348,1.2596255553789526,1.2348857735834542,1.7009396702279291,1.3234237348806746
2024-07-25,0.49837536087921164,5.387681068649908,1.664809964472589,1.068295834476441,1.0822670286596492,1.4773113173301735,1.2649457628928056,1.2419306878516843,1.725076264180901,1.3342495069816402
2024-07-26,0.5042913609533728,5.439877868321064,1.6918428518355453,1.084566699065895,1.096698941258044,1.4969864280974234,1.28212204920377,1.2605002446099465,1.7520307031968725,1.3522141065180189
2024-07-29,0.5063551776525618,5.411547790055226,1.6966916242907275,1.0923335478488003,1.0961325924580443,1.4951183185826253,1.2886998400617977,1.2640943996225635,1.7697423050410859,1.3640269969955252
2024-07-30,0.51175005283512,5.4640554997114545,1.7188707010774855,1.1031768200040573,1.1032369539649076,1.5073784780019057,1.2969462552441342,1.2717473147074,1.7879696101976064,1.3674990493517274
2024-07-31,0.5310120787141432,5.638155009867181,1.7690943686521847,1.1328589233907933,1.1321899914085776,1.5496801695448559,1.3276330868542379,1.303452774735542,1.8228547914119984,1.386606678322337
2024-08-01,0.5349986507992202,5.6156967227266,1.7774858082353007,1.1306835524160668,1.1313992918547993,1.5494294775040514,1.3243172431399486,1.3029959120996095,1.8295963683856382,1.3842240351859896
2024-08-02,0.5245509062277346,5.534355794222533,1.767031260604956,1.1225230241255677,1.1221668754970542,1.5356750322328938,1.3129217480545825,1.293887056635571,1.8188638569594275,1.3722503867526579
2024-08-05,0.5221403112474873,5.430876175799771,1.7221426927807153,1.0993225624281746,1.1003083528200763,1.5101270159848053,1.2891433886831591,1.2751375419655202,1.8073768207738015,1.3514485962958538
2024-08-06,0.5294285447630759,5.537863262345868,1.7512279169021598,1.1141303571480585,1.1196940612318624,1.5315556291977042,1.3068284948471522,1.2877955031391741,1.8068354098079595,1.3568736846134914
2024-08-07,0.5369646898539309,5.559795245894293,1.751991996000338,1.1109585009591296,1.120233539822543,1.528968644482773,1.3071295369136084,1.2817717092203271,1.8078056718325528,1.353396857348641
2024-08-08,0.5344043596077148,5.604948398244837,1.7612893812483745,1.1158251832777148,1.1255161330442676,1.5397255999940798,1.313034986803936,1.2852387750594876,1.8035691999919203,1.355794937866229
2024-08-09,0.5393428565438377,5.570227087510126,1.7581773240258582,1.1132268640742384,1.1179021643664415,1.5365462343166367,1.310288373416104,1.279544940175761,1.7937984092650874,1.3457725333680954
2024-08-12,0.5392778194896167,5.489683030108413,1.7404176521202017,1.1051070150643927,1.1106802541151963,1.529255646000675,1.305668636924328,1.2689907588176261,1.7837993579830491,1.33541320768512
2024-08-13,0.5510760445311478,5.545242825665471,1.758599713084729,1.112428553981933,1.1168772633064354,1.5386650440856773,1.3103916499554673,1.2759686711250182,1.7880985379981191,1.343090844179668
2024-08-14,0.5491731049290564,5.536250296757204,1.7461844257096824,1.1055119430130733,1.110318809479423,1.530420980583286,1.3027136449490413,1.2685849768654256,1.7884233969155017,1.340564855288974
2024-08-15,0.5416608668733742,5.587866667355708,1.7609376333227151,1.1142643792240634,1.1211168883201523,1.546087244083566,1.3123067922933658,1.277279769353217,1.8046434407685426,1.3524096012040792
2024-08-16,0.5296893649020906,5.579036383387143,1.7409276532444449,1.103032517870133,1.109243575944257,1.5356577018467226,1.2989358618492135,1.2649815617174238,1.7866003916512883,1.3353112343720732
2024-08-19,0.5204171857503681,5.55823512938544,1.7382028251337656,1.1058184546109238,1.1062801156168047,1.530467605482006,1.3014906566327888,1.2707481751754557,1.7991537516388443,1.335339228474413
2024-08-20,0.5111165923775289,5.403434359413959,1.7012987561928594,1.0871259487598937,1.0889581625636526,1.5032034374123162,1.2788345454140486,1.2474335737224114,1.763659224460313,1.3122533437404633
2024-08-21,0.5115195531826519,5.4132412522091,1.6911583380610982,1.081595575430597,1.0864878528973965,1.4943002039540436,1.2726282443818402,1.2414187740632248,1.7604027705738479,1.3049436591008692
2024-08-22,0.5035585789111895,5.383728775299466,1.6673808341195675,1.0654234296563327,1.0722239966739333,1.4786720662432273,1.2615476712591716,1.228380001884466,1.7404255428620403,1.2932799116954787
2024-08-23,0.49696389078365144,5.375809300588359,1.6518704255864962,1.0588364663832603,1.0664558578528607,1.4697201462874434,1.2580213707811199,1.2234003066822132,1.71595372165843,1.2870748162644552
2024-08-26,0.5106731216554267,5.524914955521666,1.6823946765504831,1.0752557455800391,1.0783821394992579,1.4889242070284334,1.2701253008942974,1.2285008268219095,1.7292292990809008,1.2972562671356473
2024-08-27,0.4995070967461313,5.567043254747683,1.6570956426948074,1.0634001636548096,1.0659795493690385,1.4752917630180966,1.2588627447079817,1.2129522472114316,1.714552640004455,1.2823924146313184
2024-08-28,0.5042937871006096,5.575635211252517,1.6631663524717017,1.0686076245808236,1.0687369150177028,1.4757383874283954,1.2534790165671417,1.2147573192783774,1.726642851412586,1.2893882192157842
2024-08-29,0.5143335505988071,5.597693965737935,1.6773806746994562,1.0752879723392237,1.0755651345419526,1.4873041793485502,1.2632298135358637,1.218229372523601,1.7288350662995846,1.2906124863613415
2024-08-30,0.5207539050470688,5.690717133653833,1.7063454668204647,1.0939781858130533,1.0918203136621716,1.5036284137070008,1.283282137886411,1.234552832089626,1.7475764783796908,1.3103690225913982
2024-09-02,0.5085769899306507,5.613228522785208,1.6919195979455026,1.0840374507656605,1.0798611640757456,1.4863251949865488,1.2685820384462991,1.223476315049056,1.7312110564565326,1.2965993870660977
2024-09-03,0.5143534845715627,5.675397275778239,1.7062680727143869,1.091348323245454,1.0865707122673693,1.4929317074548547,1.2726974663436141,1.2253653337065644,1.7279344168989157,1.2973426098413205
2024-09-04,0.5197313507359553,5.6025436717301895,1.7016478443535787,1.0816553145429633,1.0774615094326048,1.480317125308971,1.2612781600621992,1.2161221705277545,1.7159795123130566,1.2889329036927926
2024-09-05,0.5272824670347839,5.588622491076874,1.719293487317429,1.0918451955778334,1.086750862849196,1.4917571332298933,1.2725359747182863,1.2257788955444457,1.7404931487917348,1.3000867893650303
2024-09-06,0.5065260667238008,5.518629382059379,1.6832819448159821,1.0753009787191339,1.0696562767516302,1.4718700184210727,1.2581494593867704,1.2133002656905778,1.7355536479242628,1.2907293508797124
2024-09-09,0.5067437197046532,5.519756048015661,1.6819505196322364,1.0741677334853965,1.066747259745807,1.4653970426812464,1.2520822839701495,1.2082191799641109,1.7181034315586907,1.2803703613620891
2024-09-10,0.5196985593588228,5.466257989234404,1.6915604358527945,1.0746925890632897,1.0656327216119104,1.4647514133794446,1.2480132495085077,1.2095249362529004,1.7088207973336893,1.2783078664162981
2024-09-11,0.514913162103141,5.438307878281855,1.681183940900004,1.070130520595612,1.0599367107871196,1.4549829891751906,1.2360639296085358,1.198569642162794,1.6767076435976778,1.2576679731376912
2024-09-12,0.5165824999206784,5.446041404906104,1.6823058938650572,1.0691669129469163,1.0628639363255705,1.4578561901659255,1.2375510704587596,1.2005637384654155,1.67252641828319,1.2630882646391501
2024-09-13,0.5094460815979514,5.414046301603105,1.6686097487134317,1.0614925294994424,1.0576460650833022,1.4512386924231373,1.2334699049920794,1.1972865205292562,1.6544130457940052,1.2551148195386022
2024-09-18,0.5066982601650104,5.416968684345184,1.6549130601276643,1.0530995012447317,1.0529840520986613,1.446478537562479,1.2275070631355671,1.1956037338928236,1.6495672744732273,1.254400164565421
2024-09-19,0.517080523670209,5.5615171893956346,1.6953424355779032,1.0779974344848253,1.0789175562118156,1.4799248643612293,1.254769838182633,1.2213439143891687,1.6812395306104768,1.2794998834493037
2024-09-20,0.5107776318604084,5.592550222791919,1.6976500258892264,1.0747689791109847,1.0744875982974225,1.4768688801546717,1.2535827427441497,1.2199690855971967,1.6751113546944596,1.2829214170663457
2024-09-23,0.5147786699139273,5.537539163132211,1.6903075158537446,1.0783893210466953,1.0761810585075409,1.476847870540381,1.2597492589061479,1.2250945413387706,1.6879098608461631,1.2901834125566471
2024-09-24,0.5330021392578226,5.699044526123812,1.7419195840368547,1.119740548913467,1.1178864335934222,1.53439691423609,1.3029086813967325,1.2672630089841996,1.7474716372909924,1.3359390550670724
2024-09-25,0.5389954426500821,5.8180829834104575,1.7767910813007257,1.1407924098580218,1.1350412104023804,1.5589310109703538,1.3239526453487878,1.2906982625866927,1.7719301477315041,1.354417919579929
2024-09-26,0.5619719229025111,6.069665936175643,1.8537540495235472,1.1871076975463029,1.178561618177375,1.6196777765475239,1.3741088902442045,1.3423893918744603,1.8282798056867149,1.403183528306157
2024-09-27,0.5874830322523763,6.315529678484404,1.928541259021306,1.2352411144927773,1.2253781615913695,1.6832867638227864,1.4275838709837412,1.3864047593728837,1.8842399816429005,1.4488386393419566
2024-09-30,0.6570337009796079,6.9494050088493555,2.1245708832803087,1.3603197922089054,1.3411467959212326,1.8401627004382461,1.5546382897375162,1.5016700873555693,2.0444178687205974,1.561708291046724
2024-10-08,0.7151776438068232,7.413843657418822,2.266054220565251,1.452569043349467,1.4204192391249602,1.9391697125836935,1.6269690798124303,1.5636827783645526,2.1397735417105364,1.6086656733500038
2024-10-09,0.6706890481777665,6.918391140903443,2.0641772905731064,1.333093109410848,1.2880279423042054,1.7648757253407759,1.4997966429355207,1.4375760972002039,1.974244334901115,1.4968797204197677
2024-10-10,0.6935567723016386,6.869493999909441,2.050601554512985,1.3336768296875912,1.3051599925758397,1.7734418288173814,1.5118978321010415,1.4516088050485085,1.9879779181867976,1.5252128963436962
2024-10-11,0.652789794812098,6.606373559234086,1.9888911831189564,1.2830217906189842,1.267483823738907,1.7249167356667947,1.4649609625634186,1.4119938677490165,1.9324436755045986,1.491995082673694
2024-10-14,0.6661178648083834,6.749641757302951,2.0701232082132566,1.322299536262332,1.3023720678269577,1.7734777252440064,1.505704028324595,1.4431059597570821,1.9749136817997393,1.5244500626773225
2024-10-15,0.6532202153430171,6.599177190992843,2.035094793505959,1.3015790647701906,1.2844261168045308,1.7372563093021558,1.4759511826128289,1.4158260889933876,1.9345206247315476,1.4989533628511027
2024-10-16,0.6569652254362942,6.709496620905464,2.051529058939212,1.3150979442220385,1.307432004731133,1.760914023876547,1.4925299137706918,1.4329212693428097,1.9562203924511408,1.5056514449106297
2024-10-17,0.6492280061545493,6.619169042138605,2.040971626620868,1.3004439989392407,1.2886628887182032,1.7260841638870794,1.4657561162982284,1.4116971232880806,1.9369126846719649,1.4833615631025274
2024-10-18,0.670412843025318,6.825894130103819,2.0968949287883016,1.3414248475835615,1.3173078806567744,1.7592797778848421,1.4938707277577976,1.4355528960396078,1.968219464558196,1.5065624510481608
2024-10-21,0.6906265247928582,6.904495983386562,2.118029751343287,1.3612864243657288,1.3290514472833062,1.767338873507943,1.4971461646453936,1.4460800077484217,1.9796106191788316,1.512167703473668
2024-10-22,0.7137514463084415,7.02644681571624,2.1354468952108547,1.3765073090676962,1.3454020178645172,1.7963847001746451,1.516689330398927,1.4705155743045513,2.0166255467028775,1.5313346980742686
2024-10-23,0.7338096037253982,7.034461140777135,2.145656026588664,1.391790565383046,1.357108556154844,1.8038248907322958,1.5288016265960238,1.4799628702289833,2.0253062721087973,1.535145060778604
2024-10-24,0.7257224021829554,7.022148226927221,2.1477978662994994,1.3962584070588797,1.359385501208727,1.7936696225298874,1.5255145003404997,1.4793110287645819,2.0237436109593396,1.5407841440445218
2024-10-25,0.7917962192758543,7.309975958763496,2.2238326217821736,1.4390573522184402,1.394286592108251,1.8329225338874986,1.5549219067612503,1.5062954594610152,2.062035521077358,1.5642760725062892
2024-10-28,0.805278587767032,7.477898020488164,2.306112838883167,1.4836916538169402,1.4366362478942447,1.885554393157044,1.600236693300142,1.5578252994830784,2.1311641873294005,1.6214728624036612
2024-10-29,0.7847036988898559,7.338172845719582,2.2540545017166664,1.4590811033488227,1.4073788785904693,1.8308036633329603,1.5652664373880725,1.5348483435859157,2.0944439418947915,1.6110007637628692
2024-10-30,0.7881134246190784,7.3447847273449955,2.2783522925349393,1.4626041537487928,1.4094967449948184,1.841545165590533,1.580245435848929,1.5519254890690455,2.0970518654170456,1.642165028882939
2024-10-31,0.8082901276797637,7.667876915567127,2.3187741426145987,1.492295255839226,1.4299092509121194,1.8735466008626345,1.6130369245810483,1.5826811886481056,2.1431603692881698,1.6734058703847572
2024-11-01,0.7790576843712681,7.566520553083811,2.220550819766514,1.4467103558653567,1.3977409595217338,1.8440907526521098,1.5821243944961367,1.5567948148131658,2.0884799318688763,1.6476941119413968
2024-11-04,0.7892065791567927,7.855494501883045,2.2607272868732298,1.4594100567505006,1.4137361975099547,1.860409383514343,1.5937337918269072,1.5655289095221425,2.094978392926088,1.64004602340049
2024-11-05,0.8259682575717135,8.296187972852785,2.326853318066021,1.4991110584862373,1.4552418563083653,1.9076037878290883,1.6355414180868924,1.6051330717032561,2.1382718545503323,1.678768441641939
2024-11-06,0.8593924484263085,8.61843611985741,2.3398179002830823,1.512980594203905,1.46735244984533,1.9198054238432223,1.6490017771407512,1.6159241398897377,2.1535915868025755,1.6775969337115095
2024-11-07,0.8790069142308282,8.83200382404239,2.4172164207330464,1.5621083412401813,1.509937741090915,1.9756075325761262,1.6965593856328067,1.6616459191716337,2.2079385293437945,1.7307446688580557
2024-11-08,0.894883069895136,9.027294604929908,2.4057733361964697,1.5608514623969485,1.4947349804470298,1.9558702566043473,1.6775972802405907,1.6602799460032436,2.1830346208899867,1.7281856046142927
2024-11-11,0.8968464766543306,9.088626666233257,2.4563196188702965,1.581933312666377,1.5079368756018765,1.9745441714752108,1.688659346591231,1.6603845695689854,2.2012280560348683,1.7370611862824354
2024-11-12,0.8706216206533308,8.918329494768882,2.4459564507906513,1.5595665387013589,1.4953767566289693,1.9582806066116867,1.6761411923310394,1.6480792194752438,2.1850103665548257,1.732375282987051
2024-11-13,0.8807288799463652,8.969185131312534,2.4351132900387373,1.5591454580124282,1.4942485845019458,1.9571532469525132,1.6718934468379778,1.6396320149411636,2.187890826613768,1.7186509784073059
2024-11-14,0.8467928113700023,8.559428926021784,2.362430829346085,1.5136256815069986,1.4543907955982907,1.911909934736433,1.63282511225049,1.5953082854093334,2.1290063406691533,1.6828490497515007
2024-11-15,0.8197238288714399,8.418532816159365,2.324600797385682,1.486740683401247,1.4275500238381937,1.8771818748379248,1.6098547991216086,1.5722709164941864,2.1107388856927494,1.6568122918796586
2024-11-18,0.8173746275068828,8.289292772186123,2.3053228957521195,1.4775382478983201,1.4228125676824168,1.8925400197617948,1.6176809901074283,1.5755253851279747,2.115812805630983,1.6653872027531706
2024-11-19,0.8436039918113293,8.39597220970123,2.3439266753228862,1.500355098517761,1.443694971484458,1.9108927076925593,1.636290898178157,1.5914244302528557,2.1422793011255923,1.6924111265038688
2024-11-20,0.8711440130903956,8.524414269977006,2.4017024891591072,1.5327831061037227,1.4725002906422957,1.940105122110931,1.6681610369853157,1.622438623258481,2.1699549769039743,1.724308221782666
2024-11-21,0.8812682244930787,8.427026386665448,2.408772868237861,1.5335083620383032,1.4778219376535389,1.9466088540919597,1.6773234364977971,1.6299134492453142,2.1795717863734088,1.7209483480626784
2024-11-22,0.845928980235107,8.136064209291515,2.330758694715418,1.4901937620338515,1.432724787067641,1.8809207083346295,1.6314019718241215,1.5817999964976381,2.125665154066976,1.6844191335952392
2024-11-25,0.8695206316219399,8.143997849597582,2.3679760621939216,1.5047819290319229,1.4494637182329873,1.8950024921563666,1.6494884094774684,1.5925008573657098,2.160269471806339,1.6807041238563192
2024-11-26,0.8540829599025589,7.953619360574436,2.357878943374627,1.4863110895178298,1.4425570614250496,1.877853905261838,1.6390318288403833,1.5803308999112227,2.140506046036735,1.6773002094966338
2024-11-27,0.8652809326022857,7.96232725779796,2.3706897580271082,1.509506824216953,1.4540916368071088,1.8974508661788385,1.6559524677689899,1.5933565186201215,2.165923551160127,1.6973533682560482
2024-11-28,0.8792027598278264,8.023811877951054,2.4007736799267554,1.5134377009457252,1.471928578288509,1.9133856246716485,1.6757215732091897,1.6028347001706933,2.1812809401284383,1.703757921861086
2024-11-29,0.8728210502295832,8.087789030632573,2.4123127197613417,1.5242675916425463,1.4882151538641974,1.933446401794831,1.6966906784783795,1.6183726219288048,2.2150170920178347,1.7272741312047775
2024-12-02,0.8969085887288456,8.368274478026956,2.471389034104318,1.5627904379326647,1.5224948924457715,1.9738238475869891,1.7276858960843677,1.6620323428920367,2.2704214546094876,1.7859336943337663
2024-12-03,0.895986837565628,8.501729356878728,2.4750057443997893,1.5750301048807962,1.5309480059851897,1.9763227624479427,1.73603897884097,1.677490927093483,2.2910297945033378,1.8066230994886694
2024-12-04,0.8593730292980021,8.296279023167893,2.4221098864676285,1.5530203004223302,1.5060981549657255,1.949239871540103,1.709385205294916,1.641218674362979,2.2493178885445637,1.7792447971377743
2024-12-05,0.8798872133282073,8.439560880652644,2.462845936281908,1.573115610336611,1.5244559362093988,1.9635921990702232,1.7211190871884394,1.655516891637866,2.2673362514641324,1.789375276345798
2024-12-06,0.9145543287324396,8.64226989078549,2.498279792666186,1.5936791420807555,1.5512053407460216,1.9942670649898417,1.749259883001317,1.6856768073085402,2.30888130773369,1.8064185418827647
2024-12-09,0.9073724012082032,8.548527341084705,2.4878527512379973,1.5847790106277242,1.5413515825699204,1.9824148805104864,1.750324810655165,1.6740059040895945,2.306299615889175,1.8029313486816985
2024-12-10,0.8907878752339378,8.532194489857659,2.4851541566567,1.585155848055297,1.5381026614137383,1.98839994749272,1.7458039127573108,1.6718166648343558,2.320857642076079,1.8134363619107285
2024-12-11,0.8842181926771808,8.735989994469303,2.51754358095042,1.6206337472957975,1.5595391206068159,2.0175931585205897,1.778546155536487,1.708401442698631,2.3647525520001698,1.8740544393589194
2024-12-12,0.8856867983411637,8.813504168222366,2.5367117654917815,1.6449289486670722,1.5823345641705713,2.038911959588385,1.8046253991754049,1.7295938381149836,2.4103188610452215,1.9184819054056692
2024-12-13,0.8596509542064503,8.581223095195421,2.49587467966649,1.6128377275834471,1.5511296673253387,1.9938837646941048,1.7667912310235778,1.697001129776268,2.3707773417373623,1.8781986092891325
2024-12-16,0.8596142352737091,8.48371287449533,2.4815877569466265,1.6138666342513406,1.5482873092352702,1.9939417151581165,1.760994245735641,1.7091599564035005,2.360383484508884,1.8732793388478577
2024-12-17,0.8340821131658517,8.165081404947705,2.380104374547403,1.5460328760702735,1.491777013527459,1.9368802790784778,1.703454169650579,1.6465070634489878,2.2670180273013907,1.787869693414451
2024-12-18,0.8314411032503363,8.235740064740073,2.3996544755880542,1.5489609090946765,1.5017187775594782,1.9403368944939339,1.7136001943644954,1.6473592971502455,2.2666930426878253,1.7968524165697275
2024-12-19,0.8256287225284238,8.200413248789372,2.3769884584229515,1.5431053945023028,1.5004192386342308,1.9303023787911642,1.706811838452353,1.6357649342656784,2.2426337449307328,1.769839802589824
2024-12-20,0.8375955980605017,8.320300022395369,2.3939503170785463,1.5487797826811447,1.502582391224759,1.9340162506332188,1.7074789316504875,1.6375662639765314,2.2547340820906383,1.7672724141882286
2024-12-23,0.7973367175055819,7.9356418858457065,2.2738817162968914,1.4848887606686685,1.4471493737087227,1.8751801676930702,1.6507558642046838,1.5812179899135312,2.1894424551787544,1.7154980530411266
2024-12-24,0.8135619668507521,7.91658517758343,2.276868167484628,1.4863074718245886,1.4578637928378182,1.8902705725591928,1.6684509910269398,1.6026062350236954,2.222165978185644,1.7313648870463039
2024-12-25,0.7872455430608849,7.754158741373408,2.224044887138362,1.4536688952728711,1.4329626349229552,1.860444494602407,1.636535688091525,1.579561004989068,2.1923158268913543,1.7186284246976518
2024-12-26,0.7918916776694489,7.514757449662356,2.2434210068965252,1.4657738318437181,1.4370891089412934,1.8701508843312458,1.6360991943489849,1.5867316500529471,2.1984378915738,1.7354091434551628
2024-12-27,0.7945817990360542,7.608296637867536,2.2803429329948597,1.4803002912922247,1.455554251213191,1.8934244129733697,1.658295511904284,1.6084399013603747,2.22395143773079,1.7613096728441537
2024-12-30,0.7781001722617938,7.561014895271985,2.2637326622815084,1.4637643775941322,1.443321275499179,1.8765350714789988,1.6383970372610648,1.5948074812822652,2.1916519458714423,1.7565509328755262
2024-12-31,0.767630963580251,7.58653364080829,2.232849662691204,1.4519175906927915,1.42846871184311,1.8526507835766008,1.6152309845241486,1.5763587177671452,2.157620454007328,1.7424265082971901
2025-01-02,0.7771513332428607,7.5389113738193085,2.204948657874363,1.440906839261377,1.414958489833656,1.833558444146279,1.6024952677106905,1.5590291675301347,2.130589548780974,1.7356395313495083
2025-01-03,0.7530668508769567,7.44377322162511,2.149357637989495,1.4131733254887362,1.38022563240662,1.8007275964966518,1.5807751503989187,1.52371989004096,2.0704353086171787,1.7008943807561647
2025-01-06,0.7549732841163828,7.374788241545762,2.143717082941588,1.411294589989528,1.3733532867855627,1.8028370044130122,1.5749119558013904,1.5159000447437618,2.0537468228569313,1.6725285044291796
2025-01-07,0.7684828541714086,7.385235548039731,2.160886954716692,1.4231259082510554,1.3798060922899,1.8118768254237334,1.5844276794503553,1.5261881358448668,2.0687583656956665,1.6755563006066494
2025-01-08,0.7613766019899518,7.309606129650966,2.149532095092155,1.4215588880326557,1.37760391846513,1.8048231593800825,1.5857693301455311,1.5250091878261016,2.0606541239035234,1.7026868347206559
2025-01-09,0.7596174401022763,7.290453493845471,2.1560116642827563,1.4211816770124657,1.37323543586667,1.7976294249197116,1.5819959899050904,1.5170976790579849,2.0489721558559664,1.695039292730422
2025-01-10,0.7431029682297657,7.185023095658917,2.126209340737612,1.4002821611260186,1.3492057519556768,1.767700566521155,1.557386818144954,1.4999050153397357,2.02026183249093,1.6494367975780895
2025-01-13,0.7482430081043295,7.2338114394960416,2.138869267243508,1.3991562712311016,1.3515885407643,1.7700222298782604,1.55236898775088,1.5017160139160817,2.0136931491338346,1.6397667610642275
2025-01-14,0.7700360965070782,7.434431554583685,2.182293175576958,1.4252419402167176,1.3802977062992399,1.8064833812911532,1.583182611362909,1.535525908262956,2.070492760326518,1.6916664459696484
2025-01-15,0.771839221484651,7.389552911320098,2.180569759427203,1.4225425738899053,1.3797214448113073,1.8017546464051093,1.5784916163838303,1.5376442894843725,2.0760993740150178,1.6871368619913232
2025-01-16,0.7755338705583217,7.364616400756144,2.19282961372653,1.429281426150037,1.3870664329851758,1.811505516796601,1.589197994691021,1.5516537215407917,2.091586390829972,1.7076811788804978
2025-01-17,0.7705468106732366,7.331511577455973,2.1972866153709374,1.4281218373143163,1.3834428742101774,1.8094834275517873,1.5878727816489304,1.5433962826878023,2.084251393792625,1.6957083218673756
2025-01-20,0.7790096938318964,7.376819684005771,2.2030801558731907,1.4347177584944442,1.387828189028599,1.815890571071323,1.593775063685908,1.5477822885291794,2.092788014755613,1.7149001034239517
2025-01-21,0.7723817412551699,7.29100984164372,2.1860444654249926,1.4281140774785326,1.3828886369764903,1.8134302885780986,1.5884354945295458,1.5395532746100127,2.0781154419688392,1.7220718588058015
2025-01-22,0.7666548136664746,7.212617985940963,2.1718070656975437,1.4186070566899962,1.3708120154174175,1.8010296330760887,1.579004819609966,1.523751631009571,2.0604874042900354,1.7023521552702994
2025-01-23,0.7658220035714162,7.194018510733809,2.1647016085427855,1.4180527537382166,1.3705667935745798,1.8032532363010223,1.5843827436980067,1.5288499150165542,2.0652026733704494,1.717557706015536
2025-01-24,0.7744546014420591,7.245300866029826,2.177533555412478,1.425473068151774,1.373870043656329,1.8086939552502521,1.5944633527984169,1.5370802392668328,2.0771493727202457,1.7225972133732663
2025-01-27,0.7742662814952147,7.240222942978588,2.1745814368968945,1.425462622499915,1.3741253670689235,1.8114278817915692,1.595987373879274,1.533464581380255,2.0729043559398384,1.705542688266972
2025-02-05,0.7996241783411469,7.210875278599381,2.2014446064092477,1.4288086038408954,1.372602728125973,1.8126157326472512,1.588803416547571,1.529710828720359,2.079880651834142,1.6900141633711943
2025-02-06,0.8080265106068767,7.348786550710532,2.2137484242531515,1.4371937123265723,1.382253247914989,1.8269655421294002,1.5970244505276563,1.54113759806348,2.1124532926405024,1.6943641729080516
2025-02-07,0.8068736067876809,7.398158029378512,2.2532578569927213,1.4544564466221614,1.395106510745997,1.8432393779849585,1.6153086321740049,1.554063051616058,2.133989252520661,1.704513456871289
2025-02-10,0.8140085482978505,7.559362190322706,2.281950361908981,1.4692353416921908,1.407377795043835,1.8588220906443393,1.6301100860398459,1.567276897354426,2.1638567810568645,1.7277177881092047
2025-02-11,0.8146509547757179,7.50641486376181,2.283151661876138,1.4699227440903935,1.4005537749880772,1.8585810583952982,1.6280032243071876,1.5682381573982982,2.164178729441105,1.7198725225770226
2025-02-12,0.8359571378913904,7.521214614362737,2.2990117696929984,1.4784102597809718,1.408655998183859,1.8715302126652513,1.6428186002945193,1.5742271969239539,2.1885836496837903,1.7267176041935712
2025-02-13,0.8227632480079462,7.558753849589623,2.276740252364901,1.4817332285171925,1.4068216613596067,1.8748377173317572,1.6440509812989497,1.5729844214616113,2.181159542395144,1.723986524435333
2025-02-14,0.8209792085690321,7.594392336856661,2.2808451794381175,1.476622768230387,1.3982552096969936,1.8650875764884602,1.6356779427783457,1.5648389034341208,2.1908422053163648,1.7062437327223534
2025-02-17,0.8315931257580499,7.677550620044122,2.2905203967422647,1.4914936353128903,1.4092943541299376,1.8707417570214624,1.6391097309463105,1.572333286912494,2.210256054450064,1.7201002598927402
2025-02-18,0.8115814107082405,7.63951619696575,2.244735878928092,1.46914850716546,1.3896413280462518,1.843197124911022,1.619343550320002,1.5501622926404761,2.1745718069543893,1.6854333638802705
2025-02-19,0.8102127698554471,7.710700835553346,2.262297820090797,1.4783707171095517,1.3965218921903875,1.85670714484893,1.6294345496278573,1.5580261997585474,2.1877580435968618,1.6991052178755277
2025-02-20,0.8159158026166206,7.807293357870772,2.272635635475248,1.480041900847725,1.4000524456141876,1.859178055892711,1.628305105414096,1.5646843761137497,2.186919931080877,1.7133883479046619
2025-02-21,0.8193241887440321,7.843764013848593,2.2835990681367773,1.4875114898069437,1.4011078473882803,1.8627988676060294,1.6310133090778876,1.5652743881116113,2.19200632022213,1.7037215909385859
2025-02-24,0.8196754715359311,7.9181660245395085,2.294673037238258,1.4946139480692864,1.4103894305583329,1.8788070052716341,1.6420810347089922,1.5725504616009391,2.1922808207703883,1.7076412971218797
2025-02-25,0.8171383549692702,7.961715109838303,2.2810749422539116,1.4936076545747692,1.4049875356624375,1.8699906421609132,1.6333190343026864,1.5627546488383843,2.177889514360754,1.7006803876174643
2025-02-26,0.8267791929906596,8.104184826637141,2.306549190453981,1.5161968732795486,1.4214671631639153,1.8881202031956952,1.651894058672485,1.5783693707865278,2.1957463722626875,1.7165338708764595
2025-02-27,0.8271070668349425,7.967694072051375,2.2990473846449393,1.521329194927653,1.4209488676185351,1.8914821558461299,1.650248144425392,1.5794002370239324,2.1927456795609936,1.7296463842710388
2025-02-28,0.8134040795324572,7.815792301356689,2.2665013684764284,1.508337467843913,1.4055033436753,1.8734377672370273,1.6294574397038004,1.5600049612136981,2.1579878599066826,1.7080846941522263
2025-03-03,0.832617954590616,7.882187242705234,2.2677181032923293,1.4950531104734193,1.4089672708072385,1.87809887429305,1.628625676894244,1.5636048600202757,2.153197022572206,1.7113300505940439
2025-03-04,0.8356683110076037,7.8757271418090165,2.2775772437253745,1.5057991909387196,1.4129756913228482,1.8774149564046094,1.6322785918200788,1.5706378713585973,2.1675363037341766,1.7116947710901287
2025-03-05,0.8352152028482129,7.882394203558439,2.272067756787696,1.5065395656230152,1.4094828407290816,1.8719528736779771,1.6313795907634296,1.5710278836394505,2.1632878504659643,1.7160633449993703
2025-03-06,0.8781317455355415,7.964107652360111,2.2978429889779646,1.5172456367735383,1.4221597170867066,1.8907975557044867,1.6456674765985706,1.5833615057926471,2.1905710896562613,1.7290761057409125
2025-03-07,0.8936014728453063,8.030114586703009,2.296578188444305,1.5120532084262803,1.4188074700934272,1.8863241214139912,1.6411026171530714,1.5740489360208874,2.177545184717497,1.7175617740636986
2025-03-10,0.9206541604240369,8.16833149518939,2.2908948471848425,1.5192807837153663,1.4226074275339284,1.8887966221833172,1.6449749778999159,1.5781292319685631,2.1677509432668636,1.719486337114401
2025-03-11,0.9229033586307236,8.2968632771599,2.2974231680627026,1.5311905688449075,1.428858703169337,1.8940315365034914,1.6479182837790884,1.5857034041859686,2.1812691185922732,1.725421780219726
2025-03-12,0.9396747130181169,8.425341698542377,2.3147944872529553,1.537069301050721,1.4329331733541284,1.8963971967701734,1.6510102022644935,1.5899961459580536,2.1924803665162336,1.734715335900366
2025-03-13,0.9151857089978153,8.538276964913962,2.3009018936244687,1.5399995302789677,1.4271331759983243,1.889853561752073,1.6437367795742457,1.5872415178663948,2.1768568837631825,1.7275409322119453
2025-03-14,0.9417340295805272,8.464505340174902,2.3102665947087524,1.5438992730185834,1.4398383998377755,1.9103782542560133,1.6580913245637503,1.6044596921514431,2.205369960643124,1.75038924195434
2025-03-17,0.9483430696714973,8.483783992787968,2.3158857703474727,1.5403065777178624,1.4400544274007723,1.9179167043840883,1.6658752721329015,1.6159018876650306,2.2096220548651835,1.7444748352030102
2025-03-18,0.9738663975541506,8.420151718320069,2.3250790975924445,1.5395892061121448,1.4378135490498374,1.9204067638425468,1.6694505000898745,1.6195959062204746,2.2152335141780504,1.7413912606120918
2025-03-19,0.9523937462508285,8.404517972593153,2.3196438173032394,1.5383677282221357,1.4330827846219343,1.91115467812399,1.6651138558699268,1.6112531252236155,2.2098635655112133,1.7361168836525775
2025-03-20,0.9405387285012542,8.259228045327557,2.3143707455727,1.542099621277634,1.4347775829085072,1.9145978943888662,1.6649255114605253,1.6164783368402644,2.2162853332831625,1.7339023727418368
2025-03-21,0.932890437287238,8.131818345322733,2.301291858564757,1.5296609439495796,1.4271133636512006,1.9023866956409103,1.6557234374469776,1.6094549904950692,2.1990770603912115,1.7238909271033518
2025-03-24,0.9549208826505814,8.01569602496206,2.2650564490598986,1.509420095351146,1.4164653769361253,1.886929361317577,1.6452191090594082,1.597720067540682,2.1841411910847017,1.7088762408587828
2025-03-25,0.9651511712303777,7.976123297706182,2.261850323949998,1.505433735817077,1.419937450047458,1.8885255699205055,1.6467418678662313,1.5982823896490925,2.186148531835368,1.705602228893557
2025-03-26,0.9773249468233546,8.041409952557938,2.2746024301173504,1.5135252368628933,1.4258031672383096,1.8965490468536106,1.6512252328725072,1.6091464072239348,2.2051699820269035,1.7138756771008883
2025-03-27,0.9647491566277872,7.970436373294794,2.266037881421092,1.5058032207966279,1.4230056583615338,1.8856614152783164,1.6427305184247203,1.6062196356577991,2.185956566284403,1.705878624454071
2025-03-28,0.9561391049562985,7.891388629193112,2.251206496905716,1.4960070112342694,1.4091795082725338,1.8720816875634734,1.6287843761443346,1.5942756843872932,2.164133881015506,1.6893735791479787
2025-03-31,0.9995898521288291,7.838092286649181,2.2360143232956986,1.4868890744966536,1.3936827500107638,1.8553937932664544,1.6155028315908435,1.5847524503141146,2.1450018906906085,1.679196828669766
2025-04-01,1.0207657942431554,7.831777800475409,2.249623587660373,1.4957580314158043,1.4022268032194185,1.8673481479250675,1.6225974735226452,1.5938532840750617,2.167563091784038,1.6889696232016147
2025-04-02,1.0504443054484423,7.8304066857730135,2.2531264612721302,1.497277733802314,1.3999547411397206,1.8642085056704254,1.623260732798842,1.5922732438159701,2.166803481423386,1.6887253975901064
2025-04-03,1.0404829585705389,7.8649598761373305,2.2557982335763036,1.500330954131181,1.402719648544645,1.8721564752726145,1.6233007010220073,1.5925427085069048,2.17473749495092,1.707877433381817
2025-04-07,0.9309167885545725,7.315567872737256,2.124143523160716,1.4265439563398803,1.3198377366205063,1.7558310688418497,1.5272833490136044,1.4962632811680088,2.023785704522443,1.60968020470947
2025-04-08,0.9173852105413155,7.317010403252329,2.1100841777285795,1.4207760578139448,1.3201218198049876,1.764547623759267,1.5276037863697727,1.4992642456869332,2.033034615532065,1.6343765055281176
2025-04-09,0.9350729191356176,7.335775510158363,2.1439296602710005,1.437992283283277,1.338703128928172,1.7846849755478444,1.546662906520708,1.521569294392264,2.0780017404460036,1.6696477237638634
2025-04-10,0.999554068687766,7.487527440127669,2.1634686818203672,1.4558676463484033,1.3575431719844229,1.8078656902567267,1.5655012191354223,1.5487250783050257,2.106732504677802,1.699854075596907
2025-04-11,0.9897366346495646,7.55953640423661,2.167137269591174,1.456379279011146,1.3568748427184716,1.8048440425458934,1.5644948942467711,1.5560603542432894,2.107178307203243,1.688906178615134
2025-04-14,1.0048283580794362,7.68010718441878,2.193383354640064,1.472375359304755,1.3724574945753336,1.8227386125867093,1.5772260093125428,1.5712898818005803,2.1363988621441083,1.7103778234916676
2025-04-15,1.0114244425428947,7.724964187864443,2.188696759247403,1.4665725781560344,1.369398420972287,1.8235597394629959,1.5750964279817223,1.5664650174481534,2.137136895432722,1.6974424365673382
2025-04-16,0.9719598461650433,7.691098833324907,2.18101418173604,1.4538675289964804,1.3640704940269357,1.81404627921576,1.5689201947950735,1.5695992669245606,2.1285695220407628,1.6943007742011236
2025-04-17,0.9886260594091115,7.743700702968223,2.2050005015881933,1.4582966201432659,1.3702763361694295,1.8232749283679595,1.578070380905737,1.5721409893174179,2.140287557075501,1.7031427632877651
2025-04-18,0.9940582413835927,7.775964625104281,2.1997972558718177,1.4617889080360607,1.3732413739362002,1.8294925741011367,1.5832893888468298,1.565087242692759,2.1365952228014,1.698022212586807
2025-04-21,1.0123054150291646,7.942061821791462,2.21306644620558,1.4700134614493883,1.3819536032748068,1.8421532381822932,1.5927409354975828,1.5738279819031638,2.149327596635127,1.7021717444516522
2025-04-22,0.9867696229122432,7.98545983820502,2.2169612462446437,1.4741967334218717,1.3897704956256098,1.8522169986306285,1.5988925216830605,1.5838373365549612,2.160679150574107,1.7096516711711658
2025-04-23,0.9944267406088972,8.013219953181196,2.214529059824124,1.4743807905475967,1.3867820138095874,1.8485432110383575,1.5975259911473316,1.5807676532588373,2.1535706826378203,1.6917099150665489
2025-04-24,0.9905484953054279,8.040864836216599,2.2103375895034696,1.4719930428669825,1.3883967134307913,1.8526875527144904,1.5974479399077812,1.5753822561022028,2.1384806238408682,1.6906832266231269
2025-04-25,1.0253981194270927,8.148403892143536,2.2153381386247,1.4752834837290147,1.3944176718792833,1.8617406555140465,1.6048364070324028,1.5787881655986737,2.1498292417039924,1.694895153713352
2025-04-28,0.9987483163186297,8.053989006385548,2.197466733940103,1.4667871598473485,1.374869162580304,1.8436393930601236,1.592375046944341,1.562733192692796,2.1320597874392524,1.6743982236687542
2025-04-29,1.0142258771348085,8.149801847387861,2.2071630064280563,1.4674600860119427,1.3801784847057805,1.8462222122037402,1.5962009445772052,1.5654466116654173,2.125680226963267,1.6725488200807481
2025-04-30,1.0357370168514624,8.202501576650665,2.2192080114764954,1.4694664435616565,1.3839451174892432,1.846235196011506,1.5961025569073886,1.563541841456265,2.1228692112137573,1.666990183457277
2025-05-06,1.067381634485584,8.356918905360116,2.2608192282872936,1.4850382742255217,1.4006424330511693,1.8665860173309745,1.614282618688898,1.582384405814488,2.1567297418884137,1.6910674097310787
2025-05-07,1.0643229282543005,8.471678717796983,2.2864788129618834,1.4912047435527793,1.4093754073342617,1.8759862224684416,1.6253574160558444,1.5918257608283453,2.172521542296562,1.699650169868872
2025-05-08,1.0643229282543005,8.460045338430266,2.279624468877574,1.4873999323988072,1.4098465353698963,1.870965591221329,1.6264641741502444,1.5894722985598015,2.1664777189313575,1.6891620678822328
2025-05-09,1.0643229282543005,8.434935867178353,2.2705118990660416,1.4804113602416686,1.4054652179673965,1.868836719866059,1.619877280590971,1.5877959138746782,2.1576835490064292,1.6815431869941144
2025-05-12,1.0643229282543005,8.465230701935605,2.2764027994108895,1.4864389361048798,1.4115609368873596,1.8773597061195966,1.6255300411978524,1.5910795791253989,2.168196928115901,1.6879653343085534
2025-05-13,1.0643229282543005,8.451395707611567,2.288036195734905,1.488754255863729,1.4129778135758273,1.8819553531646913,1.6251360202016922,1.594653744741529,2.17201157613453,1.6906888379292135
2025-05-14,1.0643229282543005,8.445297863990952,2.296878691329883,1.493537874459307,1.4159334015730587,1.8898610221030177,1.6292982850835145,1.6018124968585927,2.179021318963905,1.702892800675435
2025-05-15,1.0643229282543005,8.43874664833749,2.3014079453833496,1.4885457564343076,1.4093737939545383,1.8855840025215722,1.6243759358289636,1.5976219574610653,2.1754068854412196,1.6969429895561718
2025-05-16,1.0643229282543005,8.425836979991614,2.304235716746158,1.489339220515664,1.408990198705115,1.883692223018322,1.6225449937243328,1.5968140274729103,2.1670862940723645,1.6912406873757033
2025-05-19,1.0643229282543005,8.499352581714009,2.320276528851739,1.504225516470068,1.4199748206348453,1.8962794017647404,1.637759863227924,1.6075675478638185,2.1941928440446117,1.6985565402014853
2025-05-20,1.0643229282543005,8.532931417853623,2.319866565443453,1.5086747872340829,1.4240423111417382,1.8957620495032619,1.642749684704482,1.6098039956001853,2.19900174571253,1.703815547231224
2025-05-21,1.0643229282543005,8.526418989223039,2.3174408488294636,1.5059425297734925,1.4266839268506222,1.896559095229021,1.644336764832694,1.6111783078991657,2.1990684199896378,1.712627547435567
2025-05-22,1.0643229282543005,8.491457164991193,2.3067832230608727,1.495365379613763,1.414468552458622,1.8849735360827786,1.62961135108202,1.5985074443528298,2.172966070251209,1.701629540146123
2025-05-23,1.0643229282543005,8.445915063676356,2.2858369624339345,1.4844988873389113,1.4049805249388185,1.867644341774922,1.6190451752843311,1.5861122474555518,2.1517697178710296,1.691015242584226
2025-05-26,1.0643229282543005,8.506726954709636,2.298283162603534,1.4877045765245875,1.4087889838204097,1.8731768779823526,1.622773143576894,1.5901738191837775,2.1602019597622117,1.6972663968010224
2025-05-27,1.0643229282543005,8.506465422918724,2.303697904179352,1.4927236296770567,1.4131274783249501,1.8782236344439953,1.625063178246501,1.5947614063581552,2.1645676914132994,1.6955743913208687
2025-05-28,1.0643229282543005,8.48932964010105,2.294082466201416,1.490134869626378,1.4157057661735288,1.87903500141144,1.6240899395390698,1.5955528639219083,2.1635554558160153,1.6977628179361044
2025-05-29,1.0643229282543005,8.507707280935668,2.306770575648676,1.5013384917244414,1.4267255580369822,1.8868510790484103,1.6335457409336238,1.6051508552912348,2.180387544285099,1.7050241548715628
2025-05-30,1.0643229282543005,8.47442389964234,2.2944675626848032,1.495786897412676,1.4214172328966168,1.8790828258333503,1.6246607486245648,1.5992700898476293,2.1661207328455765,1.7049819969561675
2025-06-03,1.0643229282543005,8.469761200248968,2.2965382218833192,1.4962933647496344,1.4205740803567277,1.8816882747798238,1.6264360450004958,1.6045402224052832,2.173585153215624,1.70639215453975
2025-06-04,1.0643229282543005,8.530123486081374,2.315327046667059,1.5055716707510638,1.4270193923586487,1.8930797762702842,1.6359912831141592,1.6126198469896336,2.1879689607924613,1.712716694709928
2025-06-05,1.0643229282543005,8.513056123260728,2.315109661584945,1.5031987796604565,1.4262151695208947,1.8867211578790466,1.6328207740263116,1.6073992350197157,2.1835406289598915,1.7044949316343252
2025-06-06,1.0643229282543005,8.551751379659398,2.330568149555829,1.509622051570808,1.4293058295236105,1.893334345746931,1.6383775160028196,1.6074326849244682,2.1915939819066947,1.709237307288128
2025-06-09,1.0643229282543005,8.562477425731732,2.337927134277139,1.5158937804202748,1.4323984969888224,1.89982495677386,1.6454864878534536,1.6133567624879024,2.200507427263309,1.7117129678159124
2025-06-10,1.0643229282543005,8.536169522399812,2.328536083015617,1.5073906207643704,1.4250705481081765,1.8966214029265178,1.641694176701427,1.6107316400425675,2.199781236530943,1.7070993576382636
2025-06-11,1.0643229282543005,8.553429822597918,2.3397204469387476,1.51332227223922,1.4291053874037147,1.902760127595637,1.6458616732819482,1.6163261156528377,2.200188412552781,1.7198480805211132
2025-06-12,1.0643229282543005,8.54272091246969,2.333424122833198,1.5138552712401212,1.4280300479812098,1.90170130572434,1.64538227948204,1.6138386315684767,2.198154329434135,1.7175842770951255
2025-06-13,1.0643229282543005,8.500231836439573,2.309222313272497,1.499763677521552,1.413766866321914,1.8912512370350931,1.630245908569224,1.6022034022752272,2.176471412867355,1.709207134807739
2025-06-16,1.0643229282543005,8.510333049763952,2.3179251264225305,1.507217345055483,1.417123011457072,1.8948285825425584,1.6333164069719452,1.6037378373824527,2.1800498136152475,1.7092380004474246
2025-06-17,1.0643229282543005,8.532992728037355,2.3192039103731217,1.5103849476383822,1.4216690294741896,1.8974241604139535,1.634476297803274,1.6087372159427868,2.187036503492346,1.7101157218661416
2025-06-18,1.0643229282543005,8.505948494856346,2.3037307322096496,1.4991645837711034,1.4182958848924951,1.8836610965528506,1.623513782773613,1.59866107241116,2.1697679615640877,1.6994348368957664
2025-06-19,1.0643229282543005,8.469278594711827,2.282570536141627,1.4787990231489938,1.4078257452242895,1.8643689870934912,1.6083259924597206,1.5824173367348124,2.1388822766559406,1.6823226305958945
2025-06-20,1.0643229282543005,8.493651561698234,2.28076226946566,1.4724853169261223,1.4077639050247508,1.8611040609858414,1.6061581499376927,1.5821814545705761,2.1377568715624964,1.6834912139343607
2025-06-23,1.0643229282543005,8.543180594438397,2.296490452672994,1.4823873022616987,1.4156974474321513,1.8737006716744737,1.6136878962732981,1.5926038695847728,2.149680991840024,1.6893825211349405
2025-06-24,1.0643229282543005,8.58771216266677,2.3163668867186886,1.4974090319445554,1.4314830769824904,1.8846938128293158,1.6269666609361957,1.5993051141488919,2.1746392484616055,1.7013524765352785
2025-06-25,1.0643229282543005,8.600467680658062,2.3220452555739826,1.5054719869851383,1.4414993080792722,1.8912998366791371,1.6357206939410363,1.6060752765260524,2.1884229439159846,1.7049086164810676
2025-06-26,1.0643229282543005,8.582714872571398,2.303848738896927,1.504888002126066,1.439961435724408,1.8877039363694832,1.634124957092405,1.60746643766424,2.178504623935247,1.7061850633686002
2025-06-27,1.0643229282543005,8.604428322090559,2.3096877108998966,1.5141852670080174,1.4474993698582443,1.8920398224166088,1.6377563191370557,1.6081793410815524,2.1858645696401418,1.7138962441563512
2025-06-30,1.0643229282543005,8.59473423513002,2.3179109345810236,1.5188208101382514,1.451586287315946,1.8981009491188139,1.6411903678375008,1.6105928048486162,2.1869103219450112,1.7203120688886981
2025-07-01,1.0643229282543005,8.659674013247495,2.3219675620406495,1.5255079962355693,1.4524136350740602,1.9003320491307414,1.6478885800081082,1.6214199594438337,2.193168294636188,1.7278432594825461
2025-07-02,1.0643229282543005,8.703292229278505,2.3447332485238976,1.5336496954979093,1.4560196773515865,1.9093785940036245,1.6586825503759643,1.6299371860764438,2.2053317328984905,1.7288885901208804
2025-07-03,1.0643229282543005,8.708139659100517,2.346114940118994,1.532180882218835,1.4584577116072972,1.9138505203523553,1.6628432651324725,1.631881463799196,2.217676199417117,1.7328601125587104
2025-07-04,1.0643229282543005,8.786679090345345,2.34245037005235,1.5252257495658292,1.4542863310505176,1.9116426489791185,1.660214222239153,1.6269552920873687,2.2072411803555343,1.7347906127798172
2025-07-07,1.0643229282543005,8.750132361011499,2.3485666930733977,1.5338645980296601,1.4606077406861215,1.9283260592220992,1.6660841589309545,1.6306778017162409,2.2211647823847844,1.7407341735831992
2025-07-08,1.0643229282543005,8.781317152723169,2.3712094688020877,1.547923539844093,1.4701760076612231,1.9419466876064815,1.6752052012743959,1.6363178946507853,2.2340039848968756,1.7464286693383002
2025-07-09,1.0643229282543005,8.808130060973696,2.3740772741795038,1.550163364666125,1.4703768252255143,1.9465857348924174,1.676832180456409,1.634707382263776,2.2336477190068047,1.742865080267743
2025-07-10,1.0643229282543005,8.819168349003588,2.4104153224244285,1.563831916975369,1.4812911490706329,1.9669435684591003,1.6852920468615609,1.6390070818594307,2.2533765927799023,1.7530583288492172
2025-07-11,1.0643229282543005,8.84468794076783,2.4187581538624343,1.56614897241155,1.4802715469005048,1.969412000478777,1.6863355629532424,1.6418183435733473,2.2606209184081885,1.757542756448442
2025-07-14,1.0643229282543005,8.83962726905934,2.4260006350670187,1.561290746188857,1.480492045167735,1.9723577518572037,1.6890953557131307,1.646395797021451,2.259341733978349,1.7573426192887251
2025-07-15,1.0643229282543005,8.748666636710203,2.398902841230237,1.5445816464709063,1.4709115918838058,1.9541837808656577,1.6759952719312112,1.632480891889634,2.2457563205661515,1.7377316184132867
2025-07-16,1.0643229282543005,8.739400329455346,2.3840720939974767,1.5424734033442322,1.4739670935235898,1.954162631340123,1.6770361338796411,1.6328192387877636,2.253759789360346,1.740500427433473
2025-07-17,1.0643229282543005,8.795266812713242,2.388838980138818,1.5467529424457325,1.4800287362785158,1.9557184156291614,1.6824725580025586,1.6338276859235994,2.2605789586126086,1.7402391170239613
2025-07-18,1.0643229282543005,8.801749608369672,2.3912406261407155,1.5542316409868053,1.483021547243525,1.9610538604309238,1.6879518480502531,1.638491937299055,2.2602976290721495,1.7461130847044932
2025-07-21,1.0643229282543005,8.9047152870654,2.4165271428351125,1.5807374026007728,1.5084748237198038,1.9873588405105718,1.711412679681475,1.6582661527489855,2.2909270605763705,1.7658588970264002
2025-07-22,1.0643229282543005,8.970913187061841,2.4431476771141765,1.600112522746211,1.5295683975396015,2.007456716180218,1.7275955624967787,1.6741182920239026,2.300170143351279,1.784622576422609
2025-07-23,1.0643229282543005,8.937981183581787,2.4401241823754924,1.588816346283667,1.5204485813337647,1.9952253307973427,1.723241683092381,1.6638932254921601,2.2841412712545885,1.7737379189150813
2025-07-24,1.0643229282543005,9.005292308549933,2.4482420856760028,1.604025272199295,1.5357073964443015,2.010967836546675,1.7398420454552908,1.6760117039503684,2.3037803665942804,1.790153587407008
2025-07-25,1.0643229282543005,8.971260449210305,2.443728598474154,1.5985123878143728,1.5270726905118293,1.9992663696893695,1.7318927217300537,1.6707653386573664,2.2971348532902534,1.7806186186351154
2025-07-28,1.0643229282543005,8.975487086931354,2.426574291083401,1.5923464471441182,1.5228971081149358,1.9933010082715805,1.724492510707215,1.663665696358363,2.2892768864416033,1.7738322188025533
2025-07-29,1.0643229282543005,8.98415315602849,2.436966689434871,1.5998750154549264,1.52492324366669,1.9941488604619297,1.7203906009458991,1.662347839058405,2.2822793726975403,1.773812267542012
2025-07-30,1.0643229282543005,9.008247455279884,2.4340884173170068,1.599769731511028,1.5175605865781294,1.9939265036856368,1.7185443868301167,1.6658596381079485,2.2847807995333054,1.7836597292957186
2025-07-31,1.0643229282543005,8.92427978566909,2.3967904832620084,1.58176248552478,1.4987358585685042,1.964926803175754,1.693468177811319,1.6469759341956696,2.2449927983650944,1.7512471012025108
2025-08-01,1.0643229282543005,8.947389069143364,2.4073722614386512,1.5870672569232296,1.5036092350124228,1.9648728938722742,1.6951825284996058,1.6500012631404162,2.2551035502325765,1.755371383348448
2025-08-04,1.0643229282543005,8.956304696250614,2.4060861890071235,1.5876606050678455,1.5070845359810963,1.9731387902551873,1.7012323530586893,1.6526493099904604,2.259379277846494,1.7612272611594304
2025-08-05,1.0643229282543005,9.001255887872873,2.429608169355287,1.595781409779382,1.5153783219457382,1.984448497832517,1.7097087375495414,1.6609946683108605,2.278574799385759,1.7740287181501717
2025-08-06,1.0643229282543005,9.05014312633739,2.4370799981446303,1.5963973238671716,1.5202588635687235,1.993618032479662,1.7127424642405464,1.663598013452244,2.277534753069497,1.7743316719437299
2025-08-07,1.0643229282543005,9.002476494280904,2.435069993112882,1.5927206990293787,1.521394135295578,1.997780216642118,1.7102197105417953,1.667675650288791,2.279691562210108,1.7726104760225905
2025-08-08,1.0643229282543005,9.02821027503152,2.4406315403525167,1.6034451581326512,1.5305226597695425,2.0099410193430582,1.718869917319106,1.6733156221125718,2.290211547908376,1.7809467006782387
2025-08-11,1.0643229282543005,9.058209480526065,2.4544475655574987,1.6114301838362393,1.542111405779193,2.0203109696954518,1.7254587589091583,1.6782709826697886,2.2977929240849,1.7883144024145756
2025-08-12,1.0643229282543005,9.020755907727922,2.4480690602616293,1.6146947347239033,1.5461541276604007,2.020769712096947,1.7313328822387555,1.6804952579223116,2.2931195858307474,1.78735688114118
2025-08-13,1.0643229282543005,9.04652513252009,2.449081897211279,1.6115724334429002,1.547338075082588,2.018423175706736,1.7360262777013975,1.6839316811542104,2.300123937484243,1.7970630405515586
2025-08-14,1.0643229282543005,8.908759064176817,2.4181451427768628,1.593897221509304,1.532658807373039,1.9966191685378818,1.7218136456567412,1.6656865085208594,2.274136552556717,1.78338300208833
2025-08-15,1.0643229282543005,8.947634412090066,2.4418618453810703,1.6061775910040892,1.5510605968182607,2.0152653779917697,1.738432833579127,1.680652048960594,2.2896371296046403,1.8015503344802546
2025-08-18,1.0643229282543005,8.971419986781637,2.448242790964049,1.6076479296469646,1.5587489823669507,2.0167702028609447,1.7457718763704533,1.6844957366102509,2.2951777606039077,1.7931557959840647
2025-08-19,1.0643229282543005,9.061801782617602,2.449283902087862,1.6181196806359524,1.5644615806113757,2.020243890029765,1.7516073457025612,1.686674208046007,2.3041148610081623,1.795766746748862
2025-08-20,1.0643229282543005,9.060479007573578,2.458238725468053,1.6282307413104626,1.5698779699117622,2.033695657414751,1.7593767576991086,1.6992154860678557,2.3222763554945036,1.8035586344805432
2025-08-21,1.0643229282543005,9.077670538941819,2.4585608416336724,1.6342250635388782,1.568445443277642,2.0388269720028847,1.766294778183427,1.7034030826859767,2.3205242389487952,1.8126925252529784
2025-08-22,1.0643229282543005,9.06025197272432,2.459757929219237,1.6326774152823558,1.5735765730994618,2.041201933404587,1.766281729302852,1.7067149310836682,2.323557840155233,1.815326913092337
2025-08-25,1.0643229282543005,9.083177124037022,2.4719305769419737,1.6497563377515074,1.5864160839591477,2.056267434433508,1.7766398064345779,1.7164542381968328,2.344259765924367,1.8376252094678736
2025-08-26,1.0643229282543005,9.088100955751448,2.4720978753211886,1.6492934406462811,1.5868452055626252,2.062707223488461,1.7820040351274276,1.7205331988554557,2.346104690338295,1.8436068465315254
2025-08-27,1.0643229282543005,8.95178295251611,2.4372737777071936,1.6217408080886975,1.5621634728428662,2.023077585605649,1.7543212254334877,1.6950187983856175,2.3059857289880803,1.8130312962365707
2025-08-28,1.0643229282543005,8.961391483535515,2.4453691359553407,1.6250101627024724,1.5645188062825088,2.0256529547616893,1.759295875241936,1.6942967684855168,2.3115782243090526,1.8222168619600834
2025-08-29,1.0643229282543005,8.90849289347185,2.4370913757081087,1.622059920941255,1.5687852776126148,2.022330562645742,1.7597010875544128,1.6935315547982213,2.3129741605006346,1.8134349158230654
2025-09-01,1.0643229282543005,8.971783113322267,2.4568016568592883,1.6304840039504962,1.5788401514225683,2.031716225663615,1.7717194315103681,1.7020273715257468,2.318563499654493,1.8259972594216485
2025-09-02,1.0643229282543005,8.923910872441853,2.4527346819729834,1.6206532541565764,1.5649700441383236,2.020804983187751,1.7655056577140427,1.6948494621548436,2.3033988747064633,1.8203055979165312
2025-09-03,1.0643229282543005,8.853572065081917,2.4398520863855144,1.6118060928326816,1.5509560637172664,1.9988711794299485,1.7505040856731215,1.6822515965646077,2.276957284948872,1.800998529722784
2025-09-04,1.0643229282543005,8.829743413286243,2.4394997072891726,1.6138617016783348,1.5485542679516482,1.9999893554259804,1.749426883192409,1.6827676940318812,2.2742650016609516,1.783230039052185
2025-09-05,1.0643229282543005,8.868721627501152,2.463654870852012,1.6362087646541115,1.569566423510507,2.016214983280235,1.7669920601018005,1.6973193690121064,2.2993488185932534,1.796215659878831
2025-09-08,1.0643229282543005,8.918772452271192,2.4825429543722515,1.6470535104254158,1.578847578839426,2.0325335710553367,1.780611828418116,1.7144828612767542,2.3171614395921347,1.803136048593745
2025-09-09,1.0643229282543005,8.902471226690206,2.4742170867440927,1.6458607981600148,1.5775953477680904,2.0315031736484093,1.7810685520040797,1.7157609675290515,2.3178442012269165,1.7991610109333003
2025-09-10,1.0643229282543005,8.937150616355064,2.468444920246187,1.6494702569277582,1.5798368790776987,2.0307288778065087,1.780287008641371,1.7147893989527174,2.318389777549196,1.7987029113117257
2025-09-11,1.0643229282543005,9.00070740638031,2.471465567743745,1.664667028435708,1.5934282898477456,2.038599027599542,1.7923556602381259,1.7230155247992482,2.3355981946886875,1.8185298327075052
2025-09-12,1.0643229282543005,9.091192891838437,2.481857257758831,1.6710026933036732,1.5979336270979743,2.041411954574705,1.800058255329141,1.7272308185372027,2.3402045350622336,1.8246531111338269
2025-09-15,1.0643229282543005,9.134118378373712,2.4805909764083833,1.6790235121414354,1.5990578334201053,2.039541198945759,1.8001264230732297,1.7316849086457682,2.338939899329909,1.8250125663443706
2025-09-16,1.0643229282543005,9.19704906409906,2.4838311809723597,1.693742949817948,1.6056500557364313,2.046248591196189,1.8091624631808558,1.73481640763516,2.3511625329285346,1.8191704830102036
2025-09-17,1.0643229282543005,9.196526923236346,2.490465017499235,1.700465637878457,1.6091579554699083,2.046464139018736,1.8094193018809779,1.7372503573296252,2.3602373010841364,1.8285975067906173
2025-09-18,1.0643229282543005,9.160074555059529,2.4595981958266675,1.6829818978902185,1.5982746636869358,2.0236282164706303,1.7898381310967375,1.719638836097262,2.3300933034167266,1.7939477516117175
2025-09-19,1.0643229282543005,9.085043989218338,2.458647636526334,1.679851302307132,1.5957502809005073,2.029148743222233,1.7866839803700583,1.7224215445462152,2.3365932608999165,1.7995408408529754
2025-09-22,1.0643229282543005,9.032950497833625,2.4491062333375173,1.6736218869966644,1.5874554630379314,2.015747747889314,1.7748055841834622,1.7124329803784433,2.344639338648868,1.792750853511416
2025-09-23,1.0643229282543005,8.93074614304708,2.42433546697833,1.6563300112198605,1.5720504384393355,2.0045685408684055,1.7613722688124263,1.7070257123206516,2.343748126796801,1.7787740726095609
2025-09-24,1.0643229282543005,8.969707395734298,2.445112197621528,1.66829327356763,1.5877251108017294,2.021890587833117,1.771687228793182,1.7170471207957032,2.358195465533393,1.7907304143018203
2025-09-25,1.0643229282543005,8.949753829429987,2.4393644255460645,1.6663558841399972,1.5810795848404784,2.010306108844269,1.76184384342876,1.708793476079869,2.347200590282097,1.7989156613227306
2025-09-26,1.0643229282543005,8.931410111650743,2.4512696100147076,1.6745528093039606,1.5772034836752329,2.0112695109202012,1.7624868038827262,1.7062228547099771,2.3386043170870936,1.7969771207358534
2025-09-29,1.0643229282543005,8.988697946173101,2.458081415063949,1.693139713491023,1.5906876431238484,2.021123207979768,1.7753676957625564,1.7153237818883622,2.3607879985614453,1.8185251900519825
2025-09-30,1.0643229282543005,9.105574221207842,2.4636532384838103,1.7080696926845451,1.5947644804826817,2.0235865672273445,1.7742489942961504,1.720050040829146,2.359314745927805,1.823141025353134
2025-10-09,1.0643229282543005,9.146019584124787,2.4803726585379113,1.7240673800034192,1.608074872111838,2.0448523688350866,1.791544232705863,1.736642795328594,2.385869122195354,1.8446052569961064
2025-10-10,1.0643229282543005,9.218322786387974,2.4897395984213886,1.737366969671025,1.6137144643907797,2.0621660653193166,1.810714635255784,1.7483890223958638,2.413299862041858,1.8539172680789426
2025-10-13,1.0643229282543005,9.27413686407663,2.4878672328943496,1.73330575804409,1.6073054536688853,2.057060919549851,1.8044901140935623,1.7504434945060618,2.3964053819728237,1.84896369304154
2025-10-14,1.0643229282543005,9.208876462636352,2.49923766969256,1.7365898080014508,1.6022022858549076,2.057602704173754,1.8022847316532369,1.7507748096367217,2.397919372782883,1.8463609112789992
2025-10-15,1.0643229282543005,9.253061691435372,2.521798748907382,1.7556118788470325,1.6116196282907922,2.0657343821869287,1.8187315993528836,1.761431561097823,2.4267809469594606,1.8572898067937156
2025-10-16,1.0643229282543005,9.165360066408502,2.516353314524252,1.747147172446495,1.600468329132563,2.0552375544796204,1.803451707514619,1.7570122211730204,2.4053395557111625,1.8443288926941808
2025-10-17,1.0643229282543005,9.235066083505892,2.5004440268790007,1.7333107685067133,1.5799888237680484,2.0378071057019076,1.7841097222614128,1.7461250083391946,2.372025583263198,1.8273647989129274
2025-10-20,1.0643229282543005,9.256294658199044,2.5246570840597653,1.7469622388482058,1.5966977279823191,2.0552557081148968,1.7913133118710711,1.7552821395358287,2.3940551849997784,1.8369621887802572
2025-10-21,1.0643229282543005,9.345846012463124,2.561820962401019,1.7792030207762939,1.6141404820168321,2.073317569608871,1.8141211286336092,1.771749033562832,2.422287822008329,1.849759043866885
2025-10-22,1.0643229282543005,9.481467843822795,2.5843353992985887,1.770518471840728,1.6144568895119158,2.071281070476025,1.8147784630810062,1.7690195695461646,2.4233236678355885,1.8485675756481061
2025-10-23,1.0643229282543005,9.374114967716968,2.602896244134972,1.768717466824605,1.6209563998730858,2.080148098792657,1.8188617737183912,1.7769955509967377,2.4497157838827963,1.8719853000459794
2025-10-24,1.0643229282543005,9.312293391298521,2.566402424898114,1.7471116916979101,1.6187204381912716,2.0660832623466407,1.8142368413616659,1.7646795395546897,2.4406926609651074,1.8689504077975987
2025-10-27,1.0643229282543005,9.34420645594608,2.585266862940254,1.7489348813376473,1.6262659546425002,2.0746872637141043,1.8272086846155606,1.7687191420082833,2.4515927885383166,1.8917847746255516
2025-10-28,1.0643229282543005,9.318618444184809,2.5800386275874603,1.7459146437199047,1.6225036845263952,2.0738144775445275,1.8230970411945553,1.7673915269792988,2.4481596339189364,1.8887259620925436
2025-10-29,1.0643229282543005,9.31745416021362,2.606404230809795,1.7531517557293848,1.632569791085474,2.07988254352181,1.8333524626237778,1.7792415938768764,2.47036086524983,1.9240084666705015
2025-10-30,1.0643229282543005,9.322159936711092,2.6125223503953507,1.7377114738865305,1.6264108795438599,2.064650987925162,1.8213332858397318,1.7733997329647828,2.4743458336726736,1.9212585280221326
2025-10-31,1.0643229282543005,9.343680797685625,2.611278954794652,1.7417201281056869,1.6326776451856904,2.0646593139663287,1.8267421769924828,1.7775020688166119,2.4801618096792057,1.909770634597949
2025-11-03,1.0643229282543005,9.371855042949614,2.6432192306562956,1.755074938225837,1.6345038989223708,2.074054810000635,1.8402375291925943,1.7785756022869548,2.4831345447744297,1.9234605819002017
2025-11-04,1.0643229282543005,9.401473237656731,2.632480154333017,1.7480964716480671,1.6304521077109064,2.0735536370531067,1.8398627139910257,1.7755530217788031,2.4774273701608203,1.9171286983584
2025-11-05,1.0643229282543005,9.429823633186906,2.65320878524045,1.7578169206672374,1.6454150428715433,2.0881746151661598,1.854812921231104,1.7854996605269078,2.4904407382706126,1.9352399689442403
2025-11-06,1.0643229282543005,9.432495822100618,2.654301056007368,1.7594261634978459,1.6489071341633044,2.0952520405075137,1.8578279603377021,1.7959079764497403,2.511245679145574,1.9632259374493315
2025-11-07,1.0643229282543005,9.413081358186705,2.660011674689757,1.7644148886417086,1.655835845326649,2.1000115329299045,1.861122404271088,1.802684539746378,2.5089606856829487,1.9804225342507698
2025-11-10,1.0643229282543005,9.432208349149715,2.675873715954046,1.769115460019303,1.6637067888652382,2.1172172130033267,1.8731731362631543,1.8108228625262655,2.5290442484920295,1.9800805849326035
2025-11-11,1.0643229282543005,9.485376702333905,2.706219203083322,1.7720661342680593,1.6691521097077218,2.128043434317221,1.8794665229512948,1.8128831815604824,2.5256426209433798,1.9661229818119996
2025-11-12,1.0643229282543005,9.501267458569728,2.675300608178817,1.764855447765986,1.6667104612341657,2.125683740695947,1.8738066307791619,1.813653692166703,2.526045649575672,1.9680692906761728
2025-11-13,1.0643229282543005,9.55791704059497,2.695917559364531,1.776216090402243,1.6841765478578663,2.142722565675053,1.8822083767287467,1.8268997874722388,2.5470753917058917,1.9890086551582828
2025-11-14,1.0643229282543005,9.634344363110381,2.714903733139316,1.7798117660568618,1.6816222693457927,2.146900057038877,1.8759963114289626,1.8245269058421398,2.5483439222366173,1.9718436958779526
2025-11-17,1.0643229282543005,9.643866764302372,2.7361380222775358,1.7834937034766796,1.6859912007533298,2.151454253815657,1.8792118891049054,1.8204030258697312,2.5505872993134453,1.9532054185295658
2025-11-18,1.0643229282543005,9.519603318232976,2.674464537992113,1.758994544388289,1.6568097545930942,2.115086083824017,1.8532295245537438,1.7993315082826882,2.5286849601889383,1.923943334846292
2025-11-19,1.0643229282543005,9.431336899089942,2.628951448178761,1.7435065966013563,1.639899573881382,2.102219322259301,1.845821896289606,1.7932989563101753,2.5200385352987444,1.917511920795591
2025-11-20,1.0643229282543005,9.406792994637675,2.6020665345185656,1.7366058887584646,1.6303073131779011,2.0905224341630824,1.8353016096998784,1.7815539094440946,2.528420312287989,1.9110531491937168
2025-11-21,1.0643229282543005,9.195198559365195,2.532451623622174,1.6851232436252357,1.5863607482967341,2.033657452591184,1.7860555297430165,1.7380153770377167,2.445369633928901,1.8720640865895228
2025-11-24,1.0643229282543005,9.243156705019581,2.539113405434726,1.6926076150418707,1.5883381106334444,2.036404019785127,1.79715201316109,1.7426919900215259,2.433174233516528,1.8823092783267783
2025-11-25,1.0643229282543005,9.294933439312068,2.5573947391119902,1.705765814051617,1.6045095392358315,2.04732109646708,1.812262422885392,1.7544034394882122,2.4584636734066376,1.8872532379226874
2025-11-26,1.0643229282543005,9.298269073580196,2.541790094986829,1.701527581614732,1.6031211712162308,2.041524366744984,1.810426562494554,1.758873261203755,2.443440786773407,1.877827242129451
2025-11-27,1.0643229282543005,9.2842200646862,2.5443853517822013,1.702297911051677,1.6031334090539164,2.0450096962344597,1.8061844217257297,1.763720152022757,2.4517388149228063,1.8780207729685312
2025-11-28,1.0643229282543005,9.319142927478753,2.5609193858613573,1.726028538000113,1.618254544462638,2.060061942085394,1.8234413505259406,1.7747777255094501,2.4729181473322974,1.8845517470433548
2025-12-01,1.0643229282543005,9.338008611704291,2.5685009150231473,1.7309242074036588,1.622169592982725,2.0663685335024717,1.8342495852261715,1.7840296075356998,2.48132867503145,1.9085525078274157
2025-12-02,1.0643229282543005,9.35533693242957,2.573301416415264,1.7301949423261518,1.6224182121923627,2.0699786375610243,1.8381110116898458,1.7843115420369258,2.4739874746378816,1.9045095724510428
2025-12-03,1.0643229282543005,9.264166401175277,2.5697928286822473,1.722512715920071,1.6136495928569745,2.070478110405498,1.833388382191784,1.7785760010545495,2.4826630982268845,1.9185053388921032
2025-12-04,1.0643229282543005,9.195711471161372,2.5430808047906517,1.7091545824652798,1.6088257453383825,2.0604551732381986,1.8228643521990593,1.7711284676038006,2.4755789249439855,1.913562675161301
2025-12-05,1.0643229282543005,9.246271939764076,2.5593974472721666,1.7263053318359087,1.6222196192942064,2.0779177287087403,1.8382260389229925,1.7817753485396082,2.4901454184840093,1.938522653428337
2025-12-08,1.0643229282543005,9.367736881924966,2.560084054836144,1.7314503907799634,1.626324577473269,2.077518190612608,1.8429229934199929,1.7823913649083847,2.4919556674487517,1.9364714767831155
2025-12-09,1.0643229282543005,9.324289080110564,2.5545447713508116,1.7159632071470186,1.61716683362885,2.059603977238713,1.8308817520833065,1.7699731868043322,2.4745445476773615,1.9077589663964907
2025-12-10,1.0643229282543005,9.331538586892925,2.54900144722079,1.7242358899391363,1.6196912758792443,2.065178456791165,1.8309842342373606,1.7798748170854484,2.484118319588703,1.9160562745058856
2025-12-11,1.0643229282543005,9.214904611894818,2.521467085183976,1.7037074180421508,1.5976244456399487,2.039350775557641,1.810393947186713,1.762013850125827,2.443476978610156,1.8989304411479915
2025-12-12,1.0643229282543005,9.232336597861476,2.5126095493765606,1.7009977669776957,1.5969247068312113,2.03849635496483,1.8109235755744548,1.758050318743819,2.4539633619649046,1.901635075213962
2025-12-15,1.0643229282543005,9.270707115272536,2.5230807545906897,1.697759085301099,1.5999006863019636,2.048864076332162,1.8187240126469397,1.762292133090218,2.45250080085871,1.9099977735553724
2025-12-16,1.0643229282543005,9.199079855393812,2.478097217254473,1.6784943094666538,1.5800601385299744,2.0311087074592855,1.802067708532226,1.7498682148374738,2.4358722078977353,1.8862325105110687
2025-12-17,1.0643229282543005,9.228467074003282,2.485110218916221,1.6787798645473644,1.5895922769362174,2.039337973761107,1.807465863491517,1.7641218541112227,2.440041513630003,1.9005473232611818
2025-12-18,1.0643229282543005,9.240644528164877,2.4852383577751493,1.6811020309084048,1.591811676879538,2.0470326281028024,1.8129029375620418,1.7715665433550611,2.455340183906254,1.9045463360603327
2025-12-19,1.0643229282543005,9.345447613484184,2.5105508422982314,1.7010897852867604,1.607627599591437,2.071136174148925,1.8346914384352888,1.7865762456427483,2.498501352604256,1.9226793506219322
2025-12-22,1.0643229282543005,9.332849838263035,2.515524990986993,1.7035321865015065,1.6120593102993457,2.077951462196389,1.838261101349909,1.7908406463419195,2.508202723698244,1.9258262050135841
2025-12-23,1.0643229282543005,9.299390829952769,2.4989623622497232,1.6927684251271673,1.6079962321003998,2.068744775346204,1.8293261550426305,1.7877829908514258,2.504327763052029,1.9212813850623314
2025-12-24,1.0643229282543005,9.303180359502992,2.51719300159037,1.7018502092476824,1.6262140147412847,2.0846547038133987,1.8405434274347379,1.7953903456215554,2.5203216602449037,1.9255909933289215
2025-12-25,1.0643229282543005,9.308040460771469,2.531431034390251,1.7077011631790469,1.6330198363041641,2.0940947297442785,1.8475116325622731,1.798472867752773,2.5207375339633935,1.926249904575671
2025-12-26,1.0643229282543005,9.293314811827342,2.538344376946606,1.714594441823427,1.6372503621781078,2.10163413078869,1.8516531275066732,1.8028103801690682,2.5378839420262973,1.9543197445902374
2025-12-29,1.0643229282543005,9.377708015298024,2.5407319400459696,1.718966500069328,1.6332185153684333,2.0932672302713367,1.8514843357763198,1.7916511538102176,2.5259242769019803,1.935241928074954
2025-12-30,1.0643229282543005,9.356637108357198,2.5428026138842488,1.712055260687247,1.625202718940963,2.0824605132959935,1.8416745136512798,1.78944564217177,2.516725420183806,1.9502001548152055
2025-12-31,1.0643229282543005,9.444756035914342,2.5437634264409836,1.7120410726344637,1.6249159018721808,2.0843807581325677,1.8438775820900977,1.788373579115994,2.522169712050167,1.9636473626689575
2026-01-05,1.0643229282543005,9.333065124384937,2.5529500278407187,1.7161865851349811,1.638419997925862,2.0990943403707942,1.855106302255757,1.7998130322701702,2.5409103480488717,1.9837833182538016
2026-01-06,1.0643229282543005,9.346779368160515,2.568908048719924,1.73419054717689,1.6561173147497221,2.126815369852291,1.8787448842747816,1.8239953819038541,2.5762340618152275,2.0186655384116508
2026-01-07,1.0643229282543005,9.321623302406762,2.5815319350986288,1.732985491042677,1.6593300910200353,2.1285318284761208,1.8884726244619174,1.8256258312103335,2.579913156176075,2.023922024500275
2026-01-08,1.0643229282543005,9.376649940609822,2.602327828323328,1.7520138137317092,1.671764885425387,2.1399567788238936,1.896561592486517,1.8271586540985991,2.5864711902410766,2.0182308813340093
2026-01-09,1.0643229282543005,9.386973898702232,2.604009732046315,1.762147478064334,1.6822858268838368,2.1514216772381523,1.9143597140540307,1.8409716984596425,2.6083415848340374,2.0419129808101166
2026-01-12,1.0643229282543005,9.523673835444106,2.620678462589298,1.773209662206729,1.6949151902478294,2.1693370163283605,1.9409940845543059,1.8486659060872819,2.638044684146431,2.05104241338499
2026-01-13,1.0643229282543005,9.450632857363471,2.596182080177616,1.7655537948966107,1.678500656107012,2.1587605098593965,1.9343056492731312,1.8463726994060856,2.6148740371439976,2.0519530007204105
2026-01-14,1.0643229282543005,9.416137599860189,2.5954937229762596,1.7682811115242172,1.680611017793351,2.158477914011618,1.933509479865178,1.8460911477461421,2.6179333337819863,2.0519991270600486
2026-01-15,1.0643229282543005,9.39513975183045,2.5722691966187403,1.7672696248212345,1.6752827561979051,2.1534248787457098,1.9297520204043377,1.8491758832791472,2.606910153942241,2.057450394146573
2026-01-16,1.0643229282543005,9.451140005916104,2.550577498568934,1.7551794417224236,1.6752846360089617,2.1494929798578206,1.9231711914151008,1.8412932035151537,2.6022170139020075,2.0491035399422515
2026-01-19,1.0643229282543005,9.502330520067098,2.5655592365807074,1.775305661135459,1.6899104464523769,2.1733417299454745,1.9475550713136411,1.8591122394938155,2.6414889474353735,2.060807757124767
2026-01-20,1.0643229282543005,9.503549854923186,2.5797412092213863,1.777802539563379,1.6868695061025047,2.1894510548784076,1.9607963105401336,1.8710059053531038,2.6641609718386436,2.079148360250362
2026-01-21,1.0643229282543005,9.543525581945262,2.5614105924775368,1.7828957330072885,1.6990521287516716,2.1854690302204363,1.968365418432055,1.8757787749383599,2.6472922876319394,2.076251292060207
2026-01-22,1.0643229282543005,9.635684297541578,2.592047255087719,1.8031036351340253,1.7122649510356003,2.2065259553720025,1.985882244094336,1.8823159798567815,2.660919066616425,2.0703880454053425
2026-01-23,1.0643229282543005,9.655063741264584,2.6206722690211164,1.826333915012192,1.7222546465640884,2.218127816292455,2.0045977677550066,1.8958297692225985,2.6926353563368557,2.086663403826214
2026-01-26,1.0643229282543005,9.600974003350624,2.613483834421071,1.8227068727875164,1.7168003376599152,2.2141728704058457,1.9975572503931227,1.8981477693008972,2.6944386155311837,2.114877266750923
2026-01-27,1.0643229282543005,9.58111514703617,2.5992949763266524,1.8105214611699916,1.7037934966438986,2.1945544721571175,1.9904041011823799,1.889115360294812,2.6724144004975883,2.097676490322403
2026-01-28,1.0643229282543005,9.640860482617402,2.6105645895583875,1.820484851481409,1.710413075454814,2.2143180920344685,2.001113277592448,1.906670213587527,2.698847893205575,2.15546997135804
2026-01-29,1.0643229282543005,9.703662709713926,2.6179150379236105,1.8274809612333718,1.713828326191156,2.218213429467853,1.9983406208409091,1.9114824941040447,2.689396803305992,2.195649688063512
2026-01-30,1.0643229282543005,9.74464624948899,2.604308306636285,1.8157110596010642,1.7086078741641446,2.200996213288679,1.9808814715145107,1.9016113008434157,2.6909396025281094,2.126874692686498
2026-02-02,1.0643229282543005,9.658564997986462,2.5471079620100614,1.77423591062461,1.6723413113231989,2.1452763104432973,1.9396802970898703,1.8509371301409898,2.630715786238711,2.0564436364721
2026-02-03,1.0643229282543005,9.749884866264864,2.5789622183703935,1.8015436352597087,1.700649719412348,2.17480142190288,1.9664150321064704,1.8650969720667532,2.6758466236313105,2.0877756983764773
2026-02-04,1.0643229282543005,9.82715086168177,2.631168763255007,1.8178188325560996,1.7177867498643544,2.2063917667950226,1.9869755841119974,1.8855558553907295,2.706163609532027,2.106999420437752
2026-02-05,1.0643229282543005,9.804859697165748,2.6233225663681194,1.7992346863288022,1.6965694087036314,2.1905019197761333,1.9697082477669456,1.8724014148791188,2.6781297634265018,2.065097052292691
2026-02-06,1.0643229282543005,9.832024506478797,2.6251705563586607,1.8001394908256128,1.6941678886400513,2.1889091212396266,1.96538436718079,1.8709142303771458,2.673326715629648,2.061057390837782
2026-02-09,1.0643229282543005,10.0026380444787,2.660333141129261,1.8216266505461043,1.7143849759032688,2.207276349830689,1.9889618484686677,1.888893269186432,2.6988351703575986,2.0653814811017224
2026-02-10,1.0643229282543005,9.966091738995505,2.6633097417846785,1.8219126712553884,1.7069894667784677,2.200355926420592,1.9886248864073273,1.8873671980810893,2.6963079725105574,2.075450150636356
2026-02-11,1.0643229282543005,9.910571321351945,2.660897155466929,1.838608018009447,1.7121760441162663,2.2065784460846114,1.9923684371241241,1.897193603822082,2.7012943630076336,2.0695261074328597
2026-02-12,1.0643229282543005,9.846047050963548,2.638927623775418,1.8347778324130557,1.7121075556087277,2.199674477459839,1.9853216566208105,1.8914692351139377,2.699662464205459,2.0541800138829625
2026-02-13,1.0643229282543005,9.788760662409553,2.61050099791183,1.8172391266544439,1.7008585076601788,2.174787391759669,1.9627738504353591,1.8671032892967163,2.654430754248911,2.020222831068466
2026-02-24,1.0643229282543005,9.829723825470957,2.642981907449875,1.8329530049314178,1.7336356449989607,2.210649615023442,1.9930448721561305,1.8962635276081332,2.7022515564146192,2.0464142753771393
2026-02-25,1.0643229282543005,10.097604343014432,2.669702001436878,1.8497209171445712,1.758128937010117,2.23230846981571,2.013665290705707,1.9184179821598621,2.7235809493818572,2.0779156124784586
2026-02-26,1.0643229282543005,10.106574945988768,2.6513117627543576,1.8441873012590178,1.7584952938479912,2.2258237103036222,2.0117308722343967,1.9111935619873754,2.73419338136546,2.0672724159901694
2026-02-27,1.0643229282543005,10.16634614771218,2.664536404576474,1.8552516687624019,1.765802650582114,2.2431512794911894,2.030772614890377,1.9286976104371452,2.777483617845083,2.088069966586084
2026-03-02,1.0643229282543005,10.064106598318313,2.6472536229229826,1.8371390371672776,1.7591637317984343,2.246123684820736,2.028599272763021,1.9364015655270204,2.785228925500208,2.1090249785430983
2026-03-03,1.0643229282543005,9.910279260124007,2.634423039995461,1.7995084020245444,1.7272958650605532,2.2244291969319554,1.9919602744720635,1.9152756917312517,2.7394656199791436,2.0871390744609686
2026-03-04,1.0643229282543005,9.85741047745091,2.6011416243044625,1.7840746266296799,1.7134892324231605,2.2078996727052886,1.9789783592490509,1.8938681530063377,2.733749454289649,2.082763651807621
2026-03-05,1.0643229282543005,9.847664932021027,2.6201921092142078,1.792867720397176,1.7237961039093004,2.2188593250101256,1.9967025153463365,1.8981858114429666,2.7722244745836084,2.0821628425868166
2026-03-06,1.0643229282543005,9.954900848791157,2.62890149665005,1.8107769264855131,1.7404045106662624,2.241679361843956,2.0213013978556535,1.914868318200377,2.7963212884655753,2.081846369747069
2026-03-09,1.0643229282543005,9.887811945341792,2.6240281663193157,1.8051177205779767,1.7313149149929352,2.2278220905173547,2.006656388261291,1.8970985874864896,2.7857159871248607,2.069684012021968
2026-03-10,1.0643229282543005,9.939760714235662,2.619341311415213,1.814939203833119,1.7461845511985543,2.2317060137465607,2.0169797035189134,1.906572516156298,2.798294793151503,2.068019857343937
2026-03-11,1.0643229282543005,9.95297868329071,2.6319239484226533,1.821436386745367,1.7611768234001992,2.242437764383307,2.0248893021796754,1.919106543856854,2.8184211549292906,2.080587000477296
2026-03-12,1.0643229282543005,9.989772054317157,2.6508264603270457,1.8277904322374225,1.7684856019181256,2.2519735536792935,2.0263099976827013,1.9200504821757665,2.8338984108192835,2.091274192602251
2026-03-13,1.0643229282543005,9.959580160879383,2.6658932388026004,1.8171134132877351,1.7594311655127355,2.2380177876378298,2.0121969654039793,1.9062351599991045,2.7974790598110317,2.06399837947644
2026-03-16,1.0643229282543005,9.832262168539096,2.647636969203407,1.8057145710768188,1.7455357678647545,2.2155568558693433,1.9990397420614276,1.8989430913819267,2.7652360465343553,2.04445657278832
2026-03-17,1.0643229282543005,9.897471186527845,2.646705036209908,1.7954618500731707,1.72665280141851,2.1959290045051962,1.9816870651739225,1.8839167274525148,2.7205691667278304,2.019657237782256
2026-03-18,1.0643229282543005,9.860672602701062,2.6323947960662233,1.7915068640635592,1.7285136587404843,2.195923740666687,1.9846337462223678,1.8855559652402871,2.7138363146880202,2.013532105341986
2026-03-19,1.0643229282543005,9.700239571854672,2.597618178526816,1.7608114592924726,1.6973698146250105,2.166640167427932,1.951721986805835,1.8560364090754449,2.6618689903946056,1.9723487362662997
2026-03-20,1.0643229282543005,9.59488823009624,2.588889738216046,1.7356008098722977,1.675380299765714,2.143546528819548,1.9242192707548536,1.8382105429613098,2.6192712680982266,1.951314715510443
2026-03-23,1.0643229282543005,9.460296361436791,2.5483027755429224,1.689282102288641,1.628217076739923,2.0881279754207647,1.8596354039972571,1.787833635533422,2.512154680876945,1.9042456352528154
2026-03-24,1.0643229282543005,9.54682414897389,2.5862319076426266,1.724587083299327,1.6665573665471867,2.1325268638885224,1.9057284385050675,1.8352597249113125,2.5813299933380636,1.950949567549142
2026-03-25,1.0643229282543005,9.647666592860702,2.6084870424647173,1.7463958274561433,1.6912540201563444,2.1592885812218685,1.9346185184060716,1.8683472582141403,2.6402537580730447,1.9859084384842325
2026-03-26,1.0643229282543005,9.591694249152654,2.593535782670829,1.7294945382109697,1.6797130944335126,2.149925131990838,1.9193365483213587,1.8587070089725977,2.607938090138255,1.981061645531844
2026-03-27,1.0643229282543005,9.626334328545383,2.598416584403303,1.7470948934557076,1.6891066821660838,2.158906960516766,1.9267589934751133,1.8728159288585577,2.6330823513451405,1.973381801537919
2026-03-30,1.0643229282543005,9.688918449787932,2.602482278721155,1.749853751168521,1.6840382893992532,2.1591407636654845,1.9224554279125976,1.8726779431603824,2.6560103568380242,1.9772099099243778
2026-03-31,1.0643229282543005,9.597301855111299,2.575283575569388,1.7249660640381739,1.663443305276689,2.1299245764978645,1.9026286667007613,1.859153307718545,2.632510615493928,1.9440580291668712
2026-04-01,1.0643229282543005,9.498543185725653,2.585235196133683,1.7391460063117643,1.6785328655624647,2.142453913384252,1.9198317515498153,1.87658795079911,2.640664942525904,1.9574058944806043
2026-04-02,1.0643229282543005,9.474500693776436,2.5589424555134586,1.7185619938404089,1.6662883509892645,2.129285210382269,1.898117234983796,1.8702415575352016,2.626900987744649,1.9440758630700168
2026-04-03,1.0643229282543005,9.320836710622464,2.5110462325317005,1.6862817076998609,1.6399616437802096,2.0900759124353647,1.8631455378942015,1.842139628815367,2.5865534643701,1.9107701737584577
2026-04-07,1.0643229282543005,9.47177854299877,2.532544617717996,1.7040811646555434,1.6599195044150012,2.1104556020154557,1.8846160374657652,1.8605653512073157,2.6096215367416047,1.9314454773637495
2026-04-08,1.0643229282543005,9.61304666794136,2.5730739237432365,1.7366263169588296,1.7007188778839302,2.1450275431095625,1.9271413714089234,1.8894749556155503,2.6686827863287643,1.9756130609539002
2026-04-09,1.0643229282543005,9.550290686513843,2.5672495077467543,1.7330587507162012,1.6958351574467152,2.1296346824681383,1.9150593209334617,1.8700610723014404,2.6569366370182923,1.9656179860909946
2026-04-10,1.0643229282543005,9.682362944053247,2.5721704631568203,1.7427641058341063,1.7018331523324988,2.1361181001421197,1.919132382683909,1.8665180546680458,2.66171881426576,1.95564874054055
2026-04-13,1.0643229282543005,9.741029251533169,2.5912216385472187,1.7406816352169412,1.7104779555734266,2.1376853373656295,1.9160728593338345,1.8672346915930893,2.656794686243932,1.953984603900739
2026-04-14,1.0643229282543005,9.717568939078456,2.596565654066798,1.7487064556215253,1.7256380929418302,2.1406949147289396,1.9225123672117261,1.8810679258919387,2.669989751370413,1.9833458290173864
2026-04-15,1.0643229282543005,9.632907319057008,2.585409449649554,1.7371228966745806,1.717755265781594,2.1335788557713284,1.912749088779101,1.883555530120186,2.6659695919710606,1.974489259055245
2026-04-16,1.0643229282543005,9.715638118397749,2.612591693250756,1.755858291817899,1.7331298328900027,2.146834099254762,1.9299194754513862,1.893940104183486,2.6877886373958466,1.9866811255775028
2026-04-17,1.0643229282543005,9.699671708572202,2.6088410947422016,1.7526549067964992,1.7340309099388886,2.139221871143286,1.9293257874566998,1.8903975125852912,2.689876440518695,1.9755279076070702
2026-04-20,1.0643229282543005,9.710624615077379,2.613402338430411,1.7589625700110199,1.7300553026374674,2.1453530198415276,1.9398764970368334,1.8955484561790512,2.713010703380953,1.97069534708372
2026-04-21,1.0643229282543005,9.720686118659772,2.6050125773749073,1.7613373760848536,1.734408526161853,2.148865382098785,1.94060756841528,1.9052082642742918,2.7051339260717464,1.9681698958368965
2026-04-22,1.0643229282543005,9.706093143407875,2.6129410312496155,1.7577169040945826,1.7453736457409628,2.146561462701256,1.945973868789896,1.9039309857778164,2.725248039975968,1.9636544212876208
2026-04-23,1.0643229282543005,9.645766301617021,2.6093314266633727,1.746254705787018,1.7403226075354123,2.147265479568031,1.9438823157557132,1.9047093087465918,2.717169270857517,1.9503256429659301
2026-04-24,1.0643229282543005,9.677114172678559,2.61155310347422,1.7449326197344794,1.7356577777101712,2.1354846978515716,1.9290348515170164,1.892139990825849,2.6881521709640785,1.937554444042292
2026-04-27,1.0643229282543005,9.767043543581574,2.6064387265817412,1.7539508278828315,1.7406984094062008,2.139454537246825,1.9241683283568862,1.895192517637885,2.689547217441367,1.9348245614790067
2026-04-28,1.0643229282543005,9.794949197878374,2.6050512508598724,1.7508898625819929,1.7355836076870699,2.139424843392623,1.9187419483783597,1.895708075778617,2.671736674170704,1.9133722861203124
2026-04-29,1.0643229282543005,9.787172736902825,2.64376091024607,1.7708213021449284,1.7533974071464964,2.163116859396735,1.9338604307037717,1.9122461006961207,2.7033096444071836,1.9374970957647542
2026-04-30,1.0643229282543005,9.787618575271726,2.6443656797190385,1.7654022675651833,1.748029540744277,2.1634811672444627,1.9244965136503709,1.9078635424175363,2.6810794628793695,1.9171577661528034
2026-05-06,1.0643229282543005,9.799649686557704,2.662879055947322,1.7804718538967976,1.771556902788584,2.18148865868042,1.9367757110905286,1.9268584588767863,2.7164806309812364,1.939109755458921
2026-05-07,1.0643229282543005,9.936648743703788,2.653742056335116,1.7807192817114126,1.7792342144165187,2.1731125387186503,1.9439963931650914,1.9355040968004846,2.726257362318928,1.9502076552691645
2026-05-08,1.0643229282543005,9.948560724826086,2.6868699399924543,1.7949580674321735,1.7917024887070518,2.184601683054095,1.9522099240027764,1.9431534453872232,2.7350728781071028,1.9536312782223564
2026-05-11,1.0643229282543005,9.919310695043514,2.707081547034033,1.8015208656380988,1.8123324524978273,2.194879425335308,1.9553371819613867,1.9447404264189834,2.7366073380342013,1.9543624706055949
2026-05-12,1.0643229282543005,9.832606582823809,2.7121047892598074,1.7783339523846002,1.8025465549413704,2.186753164160626,1.9438177048378489,1.9393512239928896,2.732105617933018,1.9485359878564605
2026-05-13,1.0643229282543005,9.820235842451916,2.6920786196239406,1.7754265684168917,1.8098752564711567,2.1970342312967643,1.9508787136317594,1.9513319957717625,2.75249651222502,1.9590179549655475
2026-05-14,1.0643229282543005,9.633922464801296,2.648755883765191,1.7560849610143099,1.7832217974446891,2.1671407113194765,1.9205589036890265,1.9344554688586288,2.7234578801451064,1.9374058489256896
2026-05-15,1.0643229282543005,9.702770452525794,2.6189706220866933,1.7432774746619042,1.7661271860873375,2.144192575604307,1.9000540465568885,1.9226779251978925,2.685210003750759,1.8946801905256867
2026-05-18,1.0643229282543005,9.729519979163205,2.610603880664958,1.7395131614297803,1.7583543929865446,2.144497338965999,1.8953751993995684,1.9040364212168421,2.6703886481974224,1.8899330995943568
2026-05-19,1.0643229282543005,9.815895062314077,2.6226258981354262,1.7461473153577625,1.7605458738598554,2.151427005884717,1.9066280979339743,1.919040314416199,2.7034735155990672,1.9096044485201416
2026-05-20,1.0643229282543005,9.840478451454889,2.593095729215001,1.727902859696214,1.7465846354920267,2.1393386129079786,1.8923304592321961,1.8958695729059463,2.685544731749273,1.8934074240593002
2026-05-21,1.0643229282543005,9.689151667042767,2.528541549489794,1.699395559908136,1.7152716803015289,2.0950396413760353,1.8561996410748034,1.8742452201153663,2.6233725439495448,1.8765840810144823
2026-05-22,1.0643229282543005,9.7394298754949,2.5602495432988026,1.7207380504480863,1.7405214624011736,2.111914381877127,1.8625686889671484,1.8855365717814485,2.655676007436615,1.884076334078099
2026-05-25,1.0643229282543005,9.74268070212458,2.5686198778047395,1.7354508311396575,1.7542336666835758,2.115189115259619,1.8570307130594559,1.895284450211386,2.655952145662303,1.896692354662509
2026-05-26,1.0643229282543005,9.707825511026368,2.554644268117379,1.7265984359632018,1.7483701611354265,2.102911581796424,1.8506530356800477,1.8918703865482989,2.6493943464353262,1.9217863591018542
2026-05-27,1.0643229282543005,9.56231807691626,2.519581267068123,1.698460337251795,1.7350055181747452,2.0727944380429464,1.8286829870352492,1.8738481623753083,2.597787149980138,1.8981558423048468
2026-05-28,1.0643229282543005,9.65817752253894,2.5270320765825915,1.6987034242851615,1.7556226255994187,2.07690233405678,1.8292745052500885,1.8745557338376753,2.5845101796632153,1.8769080619365326
2026-05-29,1.0643229282543005,9.600281867433342,2.5083822820122283,1.6902177162672156,1.7391054569049094,2.0697779781470493,1.8301851271819085,1.885055574059283,2.593318546684086,1.8813594354689898
2026-06-01,1.0643229282543005,9.638852606451579,2.521280289635992,1.7131031398560927,1.7418432982325662,2.1006959147911757,1.853146707944385,1.89791342736779,2.6346543601713934,1.8987585389562582
2026-06-02,1.0643229282543005,9.71217763948398,2.514208589250112,1.6960092445428119,1.7344705053351404,2.08968713846369,1.8412130796597348,1.8901604121349271,2.6244261833017775,1.9107627898453028
2026-06-03,1.0643229282543005,9.668904142497547,2.5318047421332754,1.6834571689015965,1.740575359916752,2.0884216660567065,1.8362179143956119,1.8926930551429226,2.633328542335636,1.907072035797813
2026-06-04,1.0643229282543005,9.520492620656974,2.519838108107037,1.6673262730629006,1.724736706737011,2.071427069633606,1.8240346617031364,1.8736784573130754,2.605079613294601,1.858800162995604
2026-06-05,1.0643229282543005,9.541928325160228,2.538080799104303,1.6677169504958786,1.723149547893006,2.0691107218606493,1.825225308223295,1.8544119054390795,2.600692837421746,1.8407353895297953
2026-06-08,1.0643229282543005,9.393212194424642,2.5042560257600384,1.6266895952602844,1.678307848272048,2.030203193375867,1.7910254024480776,1.8166694534582835,2.5422724838722877,1.7914514332085447
2026-06-09,1.0643229282543005,9.412661678529458,2.479081986945745,1.6206920123946251,1.6890551420917548,2.021329949950884,1.7961298982454403,1.8275720144177685,2.5752673537736754,1.7906125989778063
2026-06-10,1.0643229282543005,9.013408817773431,2.4466347238685597,1.6038771759311874,1.6786686334295862,2.0130677578954,1.7840523494444884,1.8053439169730352,2.562071780679508,1.779541830452788
2026-06-11,1.0643229282543005,8.955752469493698,2.4343573407630497,1.5983091194904395,1.6734488271357948,2.003221551752526,1.769974558061221,1.790848475716325,2.535401902092906,1.7796749837543575
2026-06-12,1.0643229282543005,9.102024943707937,2.4352178577138757,1.6153959267325806,1.686703600097344,2.0230316418927208,1.7893628025297361,1.8135762381085228,2.5546388428309896,1.8139273707484445
2026-06-15,1.0643229282543005,9.160182355657886,2.431825839252207,1.6304830764114817,1.7119549120739228,2.036788410843486,1.8064841853258415,1.8368539789599063,2.5714682638211257,1.8308129554514327
2026-06-16,1.0643229282543005,9.150647457435847,2.4362548713813847,1.6367461471172047,1.7224677532196437,2.028599247016739,1.812007587285674,1.8262049843206203,2.572322514440318,1.80116207518386
2026-06-17,1.0643229282543005,9.060586459339103,2.4077069488744756,1.622561940099902,1.7231752554604525,2.0141080364234774,1.8008513583098056,1.8171295976499535,2.5718419994245085,1.783504226166534
2026-06-18,1.0643229282543005,8.993060622135328,2.3932160514419083,1.613625318826842,1.700141462066504,2.003732509393505,1.7920434680095887,1.7909121261407777,2.5354311099660514,1.7518325082722717
2026-06-22,1.0643229282543005,8.937939273942408,2.396557333240014,1.6310822317593159,1.722062038410952,2.0291393022365085,1.811339570540725,1.8050319293338986,2.5930735510435365,1.7833857401254738
2026-06-23,1.0643229282543005,8.94340742084757,2.404271773789197,1.6140388342903225,1.7010935492421544,2.018112019151362,1.8048279762304917,1.7969385223404417,2.5911047251018093,1.7462427048403826
2026-06-24,1.0643229282543005,8.81981921949697,2.3863768741137283,1.5930227646043624,1.693874922149648,1.9970163740890912,1.782306677999422,1.7894587102902366,2.563484345280365,1.7196827250898146
2026-06-25,1.0643229282543005,8.727578540375074,2.379993991079165,1.5910744156206191,1.6940442527413364,1.989061351985563,1.7644034784696685,1.7712068389248572,2.555007328506715,1.6984767566812855
2026-06-26,1.0643229282543005,8.704936746348471,2.3562387597210055,1.5743132570854532,1.666005597937188,1.9619080000947546,1.7336058381291386,1.7327590481433124,2.484475505866549,1.6629054893964235
2026-06-29,1.0643229282543005,8.643490694102097,2.343807162092141,1.573196182380765,1.6605530328918015,1.9672628419446971,1.728821491300434,1.7384307295362305,2.488319590692255,1.6815365856741087
2026-06-30,1.0643229282543005,8.665829899088324,2.332578427383063,1.5740725702352774,1.6558644777848315,1.9536986918421344,1.7242904802706729,1.7245365706662854,2.4851714807058074,1.6640014106426344
2026-07-01,1.0643229282543005,8.721386735067293,2.363823337870197,1.5849553157260732,1.677123995535046,1.9754736401245065,1.7476072826547715,1.752064598050704,2.512089400583173,1.6831812652660065
2026-07-02,1.0643229282543005,8.706220385536785,2.3608345332250424,1.5714644452041544,1.665275517548864,1.968078365930851,1.738542892966423,1.7490284377923728,2.492009632918338,1.6972237599632953
2026-07-03,1.0643229282543005,8.759466237748915,2.36599227739292,1.576032335231993,1.6760549444422952,1.9749517417879405,1.7417968832591932,1.759208633920677,2.4774248897944964,1.7113495444163906
2026-07-06,1.0643229282543005,8.89452739065723,2.3612096134429907,1.57234657054261,1.66157259674267,1.968838929833518,1.7380999959717203,1.7662834866582942,2.473544492435905,1.7171621594247781
2026-07-07,1.0643229282543005,8.820689869679299,2.3253532456691373,1.5454351616457458,1.6349393367523706,1.9319594872894708,1.7104377989751558,1.7304820349365357,2.412826922376001,1.685002432339613
2026-07-08,1.0643229282543005,8.858289211466785,2.305587097401705,1.5319889009938736,1.6156633664316766,1.9226346842018385,1.7024628870602765,1.7175184179235963,2.3898923575341944,1.6767149065949571
2026-07-09,1.0643229282543005,8.901810421025111,2.2950850680297044,1.529989527926973,1.6181631927561275,1.9215608790850396,1.6988495119087468,1.710393170595081,2.387647659868295,1.665265700042563
2026-07-10,1.0643229282543005,8.935847318748655,2.3118603726060263,1.5430971948324206,1.6199662833546657,1.9300100744322963,1.7088087712886892,1.7254338102197073,2.401863693694643,1.6839156812316642
2026-07-13,1.0643229282543005,8.790221678131699,2.2581179860481146,1.5099403706319403,1.5779593278225348,1.899426751692499,1.6798499504549627,1.702342982187913,2.3580124546032977,1.664977827797901
2026-07-14,1.0643229282543005,8.842529009669956,2.296093654097516,1.5314670947970592,1.600463602779947,1.9240093994986842,1.6978196344323457,1.7307086192811523,2.4075267488103655,1.7015563532211337
2026-07-15,1.0643229282543005,8.759668380749845,2.3206618009794258,1.531713608145788,1.608677828013613,1.926618963619216,1.7096241637910627,1.7385248060821104,2.4169372057961573,1.7184709642342255
2026-07-16,1.0643229282543005,8.672424243420632,2.309811766175521,1.52144105783531,1.5901180982970327,1.9128947445798548,1.70397753618804,1.7271598679722995,2.37708191035073,1.7259924244426252
2026-07-17,1.0643229282543005,8.438284122255912,2.2712939411250503,1.4876709809097688,1.549412754517836,1.8782433937319496,1.6771478384876908,1.7020827750884748,2.3190336109373777,1.7080592018579202
2026-07-20,1.0643229282543005,8.31064416189851,2.2699995035737186,1.4778939064364889,1.530335661310794,1.8742995507269895,1.673878314810025,1.702516507302522,2.3156562845359976,1.740192550018461
2026-07-21,1.0643229282543005,8.302521884742855,2.262366079834272,1.4799137317545772,1.5321893214603743,1.8769744929875294,1.6742743899649253,1.7036315243514022,2.3177742143731916,1.7416737413725563
2026-07-22,1.0643229282543005,8.352640904456486,2.273008645434197,1.4766496029045464,1.529647531022223,1.8805729518272845,1.6703006282810757,1.707713456204237,2.2931490649113413,1.7614330107079739
2026-07-23,1.0643229282543005,8.391546059760307,2.294426870511416,1.484791148070417,1.542085610533405,1.8892307207896835,1.684702166755207,1.7179389013336162,2.319560084032729,1.7723349645747217
2026-07-24,1.0643229282543005,7.978868813515808,2.722556220344885,1.6514989654633108,1.572568640634387,1.92037930494303,1.7208454195349114,1.8453793524062185,2.382279170039002,1.7662025232961995
2026-07-27,1.0643229282543005,7.990395319353036,2.7287489738256157,1.6544558298181824,1.5781408299699,1.9191745201492925,1.72240800341161,1.8490987843779663,2.3893971205325033,1.764136838221201
2026-07-28,1.0643229282543005,8.13407523983035,2.7945730708651557,1.6869718560545108,1.5925897868335483,1.955710050824213,1.751210317787757,1.890731618802737,2.4117418147337646,1.7934132729062238
2026-07-29,1.0643229282543005,8.291621099498434,2.8102464343658036,1.716831056431944,1.6105077237030903,1.9869889035564228,1.7837356328822547,1.930573723978022,2.469980559936334,1.8182787831559897
2026-07-30,1.0643229282543005,8.24860788718369,2.7691148960606515,1.6965795810500386,1.584065219294344,1.9712061874109261,1.7741154789383509,1.9032637939261832,2.449362655036635,1.815992482182632
2026-07-31,1.0643229282543005,8.428497796387132,2.7963844799606252,1.7235226978868805,1.6133784663295219,1.9958720524669873,1.80057051995068,1.9273814406457248,2.4743351596088865,1.8363267079343288
2026-08-03,1.0643229282543005,8.684744193464338,2.859532291444782,1.746533539240437,1.6279680178784641,2.02055599714301,1.8288819712727442,1.9482934748258187,2.5018774388963165,1.8510731183524307
2026-08-04,1.0643229282543005,8.734113894761984,2.9219363323790652,1.7686370988462028,1.6471460814014798,2.0289308934593784,1.8327335830764604,1.958709428387495,2.51561346503775,1.84808473951325
