date,0,1,2,3,4,5,6,7,8,9
2011-05-05,0.0,0.003108848132203361,-0.0060429612216792395,0.005610340091773196,0.002490678056146782,0.0006743646056998108,0.003967802351008469,0.0012062414451953262,0.0024769823841041027,0.00030282508569501754
2011-05-06,0.0,0.010996440288365994,0.009048217951978188,-0.0021369049336318335,0.002738380659054629,0.0037843578777787545,-0.003957762048079183,0.0034733575194949573,0.002015289667068876,0.0008833478803109696
2011-05-09,0.0,0.002853461920133471,0.007900619838079104,0.003664677077415135,0.007366075072311906,0.007022859797483738,0.0066939459187675965,0.007073824509468141,0.006262429042354523,0.00366366479527791
2011-05-10,0.0,0.006508153640208958,0.006180919721079148,0.003306383796353618,0.006773352518725684,0.006464871377679593,0.008870699524898384,0.007920743327882951,0.002357119595488122,0.0056096998418122546
2011-05-11,0.0,0.005244672263906125,0.0002154914093115412,0.0035454101431360296,-0.0009408107421163825,-0.013258375904707798,0.002777134021452632,0.0011854212217128346,-0.0033727426868269683,0.0020248120398647096
2011-05-12,0.0,-0.00703256984323819,-0.004196737113522642,-0.007134510416829665,-0.013714513048187493,-0.011229955995281093,-0.010688548099924033,-0.015043116401392331,-0.01716689649594183,-0.010587270428819795
2011-05-13,0.0,0.032547019450904324,0.01233425607952121,0.008581242847212955,0.011054426120577832,0.006839967846009598,0.009420159635847414,0.005479456543757477,0.005665325383309439,0.010581071640324513
2011-05-16,0.0,-0.006228229490601089,0.005427006810597712,-0.0006961825658317045,-0.004087354276643751,0.001636969203740124,-0.004369861827797861,-0.0020321627898517436,-0.0061741507797096196,-0.005116366192330912
2011-05-17,0.0,-0.07604159531325871,-0.013685836845118926,-0.0029556489515336626,-0.0017677038352007513,-0.00486365846896708,-0.0063418054073312025,-0.0021936665813835354,0.0005861366793054046,-0.007429810254339864
2011-05-18,0.0,0.002221211737414741,0.0036936017282354072,0.007302974062725509,0.00713521424293817,0.005527773937312741,0.005256422023257157,0.005707471496844363,0.008783975047532033,0.0029914832322812668
2011-05-19,0.0,-0.014010134080074788,-0.00832740041091129,-0.009873097974616662,-0.008614801542003003,-0.018089611356119528,-0.006557111904799462,-0.005571097511453349,-0.006717803930689659,-0.010165649079495243
2011-05-20,0.0,-0.004154919592786577,0.0021156146579379698,-0.004104023937691048,-0.0034155968886635524,-0.0037835686896603438,-0.001909567314657079,-0.0024035087986790105,-0.0030078021219631657,-0.00271315229010316
2011-05-23,0.0,-0.038901038910232666,-0.042315736929080194,-0.04507870638818756,-0.037348352354233394,-0.03993971710907884,-0.03857694118055233,-0.03900206157616104,-0.031293472054520266,-0.027791230391847388
2011-05-24,0.0,-0.0005598310447335608,0.003173175291643293,-0.01129332298508745,0.0033121169560046404,0.00241563651735599,0.007479772901578308,-0.0016217255267023667,0.0006684667921572629,0.009603199826249131
2011-05-25,0.0,-0.01222755047534152,-0.008284479478122275,-0.017687895528636255,-0.01602414508562533,-0.014542693469975276,-0.005600322886047726,-0.01369902437886572,-0.010310600451466923,-0.01843152846664242
2011-05-26,0.0,-0.007974940559062116,-0.005903970452939777,-0.008898845377958375,-0.009671253994872009,-0.007861129748178985,-0.004608267688494316,-0.007437534878505847,-0.008622289985789178,-0.014397970951224637
2011-05-27,0.0,-0.01328592837908904,-0.03829437894125076,-0.0246469722121494,-0.024633654773276836,-0.022445448204554408,-0.03200801933199193,-0.025701221389639817,-0.02020830502437365,-0.022952663764079007
2011-05-30,0.0,-0.011156641337360385,-0.026708024925914287,-0.012727794493002875,-0.021203006052653017,-0.01661387452474239,-0.015636982793386656,-0.018787327493326123,-0.005657876873153667,-0.011875372474956847
2011-05-31,0.0,0.010789244770962103,0.022356812233736534,0.019247704073669603,0.019783550086067248,0.020488651888515008,0.021474809107557613,0.02398604120927894,0.01618291836251151,0.01713739261190672
2011-06-01,0.0,-0.0031230074456269907,0.010755643197684073,0.004090699450044921,0.00673588824675897,0.004958906618775849,0.011578334011268732,0.007962629155330303,0.008539764505795633,0.0029726300783143866
2011-06-02,0.0,-0.019754096732829796,-0.01327633096731562,-0.01614136778948505,-0.015521056194431782,-0.01629075966797533,-0.01749214597305826,-0.014940254055160085,-0.008728952704949333,-0.01944824034472603
2011-06-03,0.0,0.012464294723019798,0.013927410044072719,0.013200819767653416,0.009533974265106382,0.008126299488494748,0.011717879374000262,0.01706811408565878,0.010427101398672534,0.011650628328513157
2011-06-07,0.0,0.0011782309386199064,0.00883182496686108,0.0072616720422995495,0.01026410819421697,0.005321203022553567,0.010957677121120613,0.00822955665229741,8.635602670814535e-05,0.0057912973784346455
2011-06-08,0.0,0.017197516143129032,0.0017468131689535316,0.002224298598222152,0.00929247938003952,0.005146489844373159,0.002303111296449778,0.0034495197602266714,0.001166667351577333,0.004958610833759369
2011-06-09,0.0,-0.02376682912429784,-0.019535745769581947,-0.02450443232977062,-0.01977885969089843,-0.021049067298923196,-0.023705130365613836,-0.0199078221906428,-0.023287013010728663,-0.022953300740681915
2011-06-10,0.0,0.015159281650300116,0.001549406565581446,0.003876853955686599,0.004891354835909079,-0.0024505937824506052,0.00380460910026148,0.0021673682361731395,0.01202471151740614,-4.572718801387765e-05
2011-06-13,0.0,0.0009795016156435299,0.005357239453712248,-0.0018816652785490495,-0.007785641167432189,-0.006446527087875298,0.0015056497894028187,-0.0021381298996678844,-0.006954200085252049,-0.002962360245223117
2011-06-14,0.0,0.03343407771852558,0.014566655901300907,0.01948286044482561,0.015775554202348108,0.016573342869094176,0.010758965749219751,0.014915237113395596,0.013911818055073688,0.007134739215381991
2011-06-15,0.0,-0.0062530990452592805,-0.004134949417859302,-0.007781172462398622,-0.018802184149795842,-0.008068299380977417,-0.008813935633270042,-0.004169353899477035,-0.00663032553647358,-0.007933854142328611
2011-06-16,0.0,-0.012594135660120354,-0.01890725150966044,-0.016560365769312968,-0.025805948102154086,-0.019673169355935438,-0.032522132340718435,-0.025733047898360617,-0.038544149365316804,-0.024565749429977912
2011-06-17,0.0,-0.003777261763275641,-0.014269092045293696,-0.007907719526851653,-0.010960115714453322,-0.011147182170837655,-0.01041705807147153,-0.011534245904616824,-0.014200425740307332,-0.011032061680061545
2011-06-20,0.0,-0.057935237148399765,-0.010788497104239236,-0.007389636270003441,-0.005458681543495825,-0.01275652814646433,-0.007446075478101499,-0.012296254309966281,-0.005508631458267188,-0.012226881573706105
2011-06-21,0.0,0.00981557396743904,0.015287330632039353,0.015437104138702029,0.015296761480519283,0.01353702936578971,0.018460880757833475,0.019080531655923938,0.01457526023004485,0.011816984273022912
2011-06-22,0.0,-0.005567122721084949,-0.0036926578675642308,-0.005023266583358388,-0.0014828013017993413,-0.0014767371707338217,-0.004660893039851732,-0.0032354986320224377,0.0014405282453613388,-0.009910833165753474
2011-06-23,0.0,0.012130811257777818,0.0140319492219243,0.018882724766637216,0.017171939892731247,0.017363425233951624,0.018754352700023125,0.016748503239422563,0.013257095811719743,0.012466418072040408
2011-06-24,0.0,0.014919623928320691,0.00044295734951282917,0.01592148913689506,0.021041802431312817,0.022158788059448042,0.016135573709159523,0.021181773222138656,0.020825830409924473,0.024662516329261308
2011-06-27,0.0,0.0026665613724512482,0.008161971833017923,0.008036001957018257,0.010339820274193112,0.004518114039487653,0.011093489205989071,0.009883358441449497,0.004108874392526829,0.004739747555526419
2011-06-28,0.0,0.006417585311358165,0.0030027685572684426,0.005182733153234587,0.006408532329349459,-0.0012391042528627771,0.0027379572674515185,-0.0014842272803146095,0.00019059358644324398,-0.0017414057306034403
2011-06-29,0.0,-0.009120292912268346,-0.01314857467230146,-0.013495229273128628,-0.014105838722184183,-0.011543610068859844,-0.011623861979871863,-0.01390928380334,-0.010531808279451993,-0.0013410730862539744
2011-06-30,0.0,0.02968810995942528,0.012075497559050241,0.012330676753358416,0.011224931328746912,0.011905012963015826,0.014116612067033074,0.011366574713142619,0.008698799080515629,0.007684125161115274
2011-07-01,0.0,-0.08022433889691194,0.00629523955461897,0.003921782346648417,0.0050117523885078175,0.0041956138581029645,0.005208936140645548,0.0035841277387844706,0.0006970314211516282,0.004469605401571153
2011-07-04,0.0,0.011545449653072248,0.018370108110574268,0.020414321939363322,0.017518439554649268,0.02029151764616155,0.017370366990197006,0.018550193843955176,0.02025252971929281,0.01786325841973868
2011-07-05,0.0,-0.005305740173535023,-0.002916915341563242,0.004363034189149406,0.0032289960690214947,0.0031115705302355856,0.007502143486330937,0.007013224564249576,0.0042866007560589114,0.007171733401245994
2011-07-06,0.0,-0.009815389203333691,-0.0012620755709508158,0.001174720210368907,0.0009657206839781551,-0.0009518139840269946,0.0014521026721407981,0.0006427700194082675,-0.0023864216418006956,0.0020207815110810934
2011-07-07,0.0,-0.002488095260338441,-0.005059332749726142,-0.007749864708291754,-0.003729816210173542,-0.01410021841709952,-0.002881047565606254,-0.001307457870677542,-0.007942144965179199,0.0020761140117997456
2011-07-08,0.0,0.004651198056905059,0.002613004448477785,-0.002732779736301927,0.0007639379458250772,0.001993439650344264,0.0020690894666126614,-0.004512511527296925,-0.0028602554431763627,0.005949361199209191
2011-07-11,0.0,-0.0025481567741983957,0.007782860077852893,-0.008330545998731065,0.006194503079104852,0.0029509729397514395,0.008092193035715844,0.009268668862763008,0.006986176187895987,0.013223042127985085
2011-07-12,0.0,-0.02316553714837688,-0.01715899289449263,-0.015891406873586367,-0.021988227997529197,-0.020554299328930492,-0.015567610536916021,-0.01909090192837193,-0.014619791454836939,-0.020422441929571655
2011-07-13,0.0,0.007204904919503985,0.017234905681741575,0.010574917001279882,0.015786625519132347,0.01491886885068805,0.017658249867519293,0.01677373824562456,0.012618622917980105,0.016441667858959397
2011-07-14,0.0,0.004804936697510698,-0.0023207218197967006,0.004628451091536423,0.008149483706584748,0.007096296190082674,0.008524923586766153,0.0067979177830284065,0.0035112934789161,0.009964951648491649
2011-07-15,0.0,-0.008000600188535545,-0.0017871900826653686,-0.0015929096433655587,0.0022590887922664393,0.00354432200967425,0.006431687394528041,0.007839475560066589,0.009232826195201271,-0.005036611154544679
2011-07-18,0.0,-0.002186344597013945,0.00543664953174261,-0.0012738139913184288,-0.0023953563465335392,-0.00030829488711914266,-0.004359071739141629,-0.0013879991346882337,-0.0022323068569944926,0.0021118385956522268
2011-07-19,0.0,0.006877497136792199,-0.008519415288012033,-0.010721832945753795,-0.009456967915418946,-0.009069338967010454,-0.012212239756304921,-0.009913344390704792,-0.005590157698435738,-0.006314423326686636
2011-07-20,0.0,-0.0004082822038993239,-0.000757356007554888,-0.0022683294372988216,0.000880323704900654,-0.0002292761880904326,0.0014669676802745446,-0.003801992519023689,-0.0009098233790147958,-0.001313424238057359
2011-07-21,0.0,-0.015921841838322126,-0.012532591585690311,-0.017739847925348773,-0.013363860381029768,-0.014621070186404572,-0.01074042874341452,-0.015818640608126877,-0.01389077535679073,-0.01723748396912783
2011-07-22,0.0,-0.0035720945019531714,0.0005891240996127589,0.0033307681382630516,0.0055774855412527025,0.0024526611323587577,0.005624778530766372,0.0031008319976226772,0.002750218996298015,0.0010510821273368443
2011-07-25,0.0,-0.04018678767765016,-0.036766188318891446,-0.040890456455984325,-0.04585986773466688,-0.042407965157731264,-0.036276929453589846,-0.037030946719309954,-0.029855323106945164,-0.031207763099105446
2011-07-26,0.0,0.009105671376506974,0.003739210603397769,0.006260505137465344,0.004927693155147406,0.00297509681133179,0.010378991382953728,0.005000111025353693,0.006432901998538965,0.008089829045256458
2011-07-27,0.0,0.0014855744741015808,0.016383983312868056,0.008717513709954439,0.013518191117424472,0.011856717612409362,0.010894872873817851,0.013820546274680545,0.009631349655865762,0.001794808161780459
2011-07-28,0.0,-0.007635167393115316,-0.006090601790616379,-0.00815332894192733,-0.0010533596337911622,-0.0060782538481991555,-0.0011092748370918892,-0.007921324901693172,-0.00014300178523074525,-0.014822413630952824
2011-07-29,0.0,0.004257954385090246,-0.003748870755958311,-0.00512132375253993,-0.007068947217692911,-0.0042423316669009115,-0.009141280426650078,-0.011293102798948018,-0.000956925099697914,-0.00949705480650298
2011-08-01,0.0,0.005551070968014882,0.008519339756086541,0.0020522798136577425,0.005153652426665101,0.004655288894258813,0.005342813203973673,0.0034026518332819222,0.003583342023046221,0.007528873274847525
2011-08-02,0.0,-0.005450577355868846,-0.004190589721428051,-0.009550751056319084,-0.006934272122291918,-0.008652654831145634,-0.009483396562536162,-0.007159271568818348,-0.0023497604325951604,-0.004779730643084679
2011-08-03,0.0,-0.0013018451706620082,-0.003505010010280696,0.003880644584381532,0.001201043548027636,0.0043426012301417405,0.0013353471504020664,-7.258053187353397e-05,0.0038990194340924322,0.0002614131474205639
2011-08-04,0.0,-0.003920868348314843,0.00043475993567509974,0.003949688148178199,0.0017538215505374932,0.002373822460262076,0.0038592626455025147,0.006138391011238475,0.0007838049816011328,0.004902368258066003
2011-08-05,0.0,-0.027481511861077168,-0.026159387303716142,-0.024393221041939528,-0.02499390004514568,-0.02593449804393022,-0.02535458979890992,-0.023425079869588528,-0.017194854774912005,-0.027374643903135487
2011-08-08,0.0,-0.04743417287517704,-0.0578826214649103,-0.06026466590877133,-0.057854687579389164,-0.06330596959957291,-0.0553079707156553,-0.053569077544836086,-0.03662515360630758,-0.051546522361432534
2011-08-09,0.0,0.009988943338702372,-0.010097898344070821,-0.00497793104926092,-0.002185347710654484,-0.007792622877646038,-0.004688731639742039,-0.006477724506488203,-0.004813979011007996,-0.0032897187781035786
2011-08-10,0.0,0.011213385339227333,0.005863608538106524,0.016865018093589645,0.01345311688562445,0.008086881121623701,0.01399328668614297,0.013361421896184167,0.01133794325462456,0.00790307210724639
2011-08-11,0.0,0.019392098790499857,0.013504502787359485,0.012983971845376585,0.018094099189342794,0.016480481241155642,0.01751372264154627,0.015939626832918163,0.0065693342511601305,0.01709545013464453
2011-08-12,0.0,0.026898905421377073,0.0075870173431891175,0.014448312682072917,0.013089733757861488,0.011694146997849764,0.002926758315552336,0.008646248681616342,0.008311766043624935,0.014984373129786954
2011-08-15,0.0,0.0330906307755634,0.012368600675914054,0.010468986289806415,0.016250298699538757,0.014486647235760541,0.016021842350863347,0.016398480253295267,0.005761694871689205,0.009558535919595323
2011-08-16,0.0,-0.01790910653840172,-0.01287659835610977,-0.006508295978969181,-0.009722102901806418,-0.00791708802458424,-0.0016985705665317763,-0.008860836165185848,-0.004727700962899983,-0.008697859382837736
2011-08-17,0.0,0.0014336067162910027,0.003322411802957115,-0.00024818693467509867,-0.001585161918191469,-0.00286608152954948,-0.004364569383890848,-0.003056004408360291,-0.0005514105302967254,-0.004082662177521068
2011-08-18,0.0,-0.03775913650031282,-0.013904524170327837,-0.016348725307725243,-0.01624683600922472,-0.0213165345863795,-0.019933664848747812,-0.019037413262361413,0.0012634752163891427,-0.01266771817780199
2011-08-19,0.0,-0.0021586841668600476,-0.011835275222867092,-0.014791281271917756,-0.007861554028696816,-0.011923503344089648,-0.008931037970057898,-0.008875444659719123,-0.01226563958681004,-0.009364826954221694
2011-08-22,0.0,-0.013086684786483005,-0.007849262866520323,-0.00035627668983706506,-0.003066442552069004,-0.0037975436933600504,0.0003582454588928474,-0.0028908078720625285,-0.01160821364292286,0.00021578324940296767
2011-08-23,0.0,0.02193041642900395,0.022537164503940055,0.02671530441864922,0.0182318456609043,0.01908390223651768,0.016745702517993344,0.014756417203147576,0.0175711805051737,0.01677996148798644
2011-08-24,0.0,-0.01241936347674022,-0.0033901106247377077,-0.0016638361482318453,-0.0009180633529417559,-0.0028502065707257662,-0.0034943047092904633,-0.00041421922035334013,-0.008624452325767251,-0.006321087222484811
2011-08-25,0.0,0.03776051244107448,0.026667900438763326,0.024469755789625625,0.022945572774312195,0.026040124417338717,0.020221026320855984,0.02539199012934734,0.0225538362889246,0.025753798350679702
2011-08-26,0.0,0.0036232610956472566,0.01072295929151279,0.0017604530594761414,0.004982076508255995,0.0026843843433750347,0.002762465502015088,0.0025483817721525526,0.0021813128412573324,-0.0025446981801370283
2011-08-29,0.0,-0.005182514251027448,-0.00318362897615565,-0.015096311650864336,-0.008684802060824226,-0.010655172964314397,-0.009392222672429229,-0.010361664357238731,-0.011456907359083668,-0.014727860894452216
2011-08-30,0.0,-0.01284223564284015,-0.012796855390189488,-0.008858241586734206,-0.009892142646100832,-0.006359943689353997,-0.007001817519069475,-0.008973374193886219,-0.002956940013539744,-0.00975703957543772
2011-08-31,0.0,-0.005910425966716537,-0.0014956113716790842,0.0012124343007682281,0.0006083903036924188,-0.0003305816780944104,-0.005005044189557828,-0.004047779474371516,-0.0013419344994809457,0.0037779705528460106
2011-09-01,0.0,-0.002897494890070851,-0.008394496534140816,-0.010726870673316458,-0.0048480020120996725,-0.005729738530493744,-0.006371738727236509,-0.00245643605686241,-0.005409786688539198,-0.0066852863258046735
2011-09-02,0.0,-0.02328459119058346,-0.010635254155453078,-0.00820270825698266,-0.013221702573579242,-0.010169106734508215,-0.011727509546964221,-0.008525511686384823,-0.011629313114638995,-0.009556781921860824
2011-09-05,0.0,-0.023148196076713035,-0.015412261576663089,-0.020729956550207818,-0.024569156546225712,-0.020940489487038527,-0.02187588167311505,-0.016785080931826513,-0.021205540774939968,-0.022562597738101098
2011-09-06,0.0,0.0011646633456170452,-0.015097370655350884,-0.003295766487785179,-0.008958930180128832,-0.005589538226057789,-0.0034942362580588915,-0.00974738380269069,-0.004895888501976642,0.0025978304336977676
2011-09-07,0.0,0.024974425305041903,0.03217314130807236,0.02236801021312318,0.02503607296486776,0.021799348514427663,0.0266398221858426,0.021390393508932792,0.026368159595474117,0.018120352891900726
2011-09-08,0.0,-0.016140492268425732,-0.010619080266965675,-0.015029675851791047,-0.012113608496794104,-0.009356185139733464,-0.0082698186763831,-0.012418706717906125,-0.011375325331003716,-0.011208477342352086
2011-09-09,0.0,0.0028778232269304205,-0.0021654779009721015,-0.004358343404466947,-0.002474666434321371,-0.005849323259936923,0.0004288345562311058,-0.0039049110927001918,-0.0015268206279667185,-0.004814168580065559
2011-09-13,0.0,-0.0043557671150952215,-0.018350342176835954,-0.01729944901474345,-0.007460439555201481,-0.012854089913246658,-0.012707941105015053,-0.01594501595947606,-0.013141053682489856,-0.012214613320219558
2011-09-14,0.0,0.014333491245467567,0.016005460560479134,0.01099901034096007,0.01304727361603919,0.010365041146378706,0.011945342849699392,0.011063257191077591,0.00854574267003283,0.01056294102831612
2011-09-15,0.0,-0.0019039650292895782,-0.0014836329918859192,0.0011467410215733054,-0.0003506949140466009,0.0016176567486898552,-0.004186912154313438,0.0009992788809976005,1.4568429272499017e-05,-0.00528889869314042
2011-09-16,0.0,-0.00816348075587947,0.002305845909191362,0.0006074554939925481,-0.0040109331016622285,0.001786998987369115,-0.0015656728163302436,0.000674064829530252,0.003182541660581295,-0.002409859113054247
2011-09-19,0.0,-0.03302236018423199,-0.013440064792441864,-0.01726395052723939,-0.0198280182949645,-0.02231782027996365,-0.01878637582639142,-0.02002045115847384,-0.018138290661629752,-0.018745310232508805
2011-09-20,0.0,-0.0033676261633024396,0.010390229730941947,0.004577697811433801,0.004301948544799039,0.004056421837101087,0.007075450893673452,0.005262591897643665,0.005300557789552851,0.006743989672244988
2011-09-21,0.0,0.024400889651263302,0.021124735431059305,0.028170693343436692,0.02582489819374456,0.027446055485667475,0.024922143650377482,0.025450706556325864,0.026839783361387592,0.02449906191483664
2011-09-22,0.0,-0.04045406295164855,-0.025840959616024728,-0.027528539392491336,-0.03111375262558491,-0.027668949626276862,-0.028344140166789766,-0.026715030583738142,-0.016658373500463064,-0.026684121060871036
2011-09-23,0.0,-0.006336580828735783,-0.013025001696354677,-0.004698644752434755,-0.0048638603321309315,-0.004149087079984848,-0.008898624079517692,-0.007504524676861024,-0.007374831431647744,-0.0088269789384805
2011-09-26,0.0,-0.01944665400967649,-0.017693439589078985,-0.014420302381682237,-0.01832959453441374,-0.012814405777706761,-0.013871841431842391,-0.013377037609841658,-0.018315636918361355,-0.011799093601008614
2011-09-27,0.0,0.007545560074877722,0.009126083253476525,0.0031479014580308995,0.005708439012190203,0.0061169870512429725,0.002024227766376674,0.008841048854622446,0.00937247873996161,0.00898616492470694
2011-09-28,0.0,-0.015172424471204704,-0.02551323310175113,-0.013799003460628012,-0.01831104959215224,-0.017712503858339335,-0.020788222568111747,-0.014831710413605537,-0.01619012482034865,-0.01375987147571589
2011-09-29,0.0,-0.0054475921794099325,-0.030749603564370065,-0.02522736142469173,-0.02721065032337866,-0.02317945124468479,-0.043070987772646285,-0.025148510384139566,-0.02014024184865315,-0.025106606621822403
2011-09-30,0.0,0.007726285598918414,0.0045176451031969656,-0.0010834983643085438,-0.0019364830149242174,-0.001483299031816876,-0.0009380803475741439,-0.0005647500961782903,0.0004086661609832287,-0.0016317316699012707
2011-10-10,0.0,-0.008350902481792932,-0.0031832132250745326,-0.005811314636482545,-0.006816551300009799,-0.005455415186955692,-0.0034876493112168117,-0.005679863972279486,1.068202748655267e-05,-0.0003615872714974877
2011-10-11,0.0,-0.002900837217931107,0.0021222165298404594,0.0023200519230492933,-0.0023802749540359214,-0.007279505261809982,0.006622497046222753,0.002241547608880401,0.0009384413883903875,0.0026885826654661216
2011-10-12,0.0,0.03526085292224246,0.03723096724492847,0.03690951215452132,0.032917587264564396,0.034387639780528945,0.03374616213845316,0.03375033993571974,0.02945528335258696,0.028880083636756426
2011-10-13,0.0,0.008576009204256385,0.004928471693462333,0.005828440925216727,0.010231432639263183,0.007250575967327588,0.011244154421423458,0.009926115680434888,0.008185552796377227,0.015793641116204293
2011-10-14,0.0,-0.004659264565372245,-0.003751886838365026,0.0018778678928057513,-0.002670545013834902,-0.003254881260128628,-0.004472828417903862,-0.006046635171812698,-0.0044934144677787335,-0.0065998315999893364
2011-10-17,0.0,-0.004732709077531427,0.007094295954843899,0.0023877270780920945,-9.04116857107784e-05,0.0019823567893728633,0.003326190250944494,0.002430870292873921,-0.0018031151586295202,0.0021773417877750667
2011-10-18,0.0,-0.03098884911376465,-0.030726341013081804,-0.030682950223619332,-0.02930841220323599,-0.02606814480889985,-0.0334000201348601,-0.03363522013883202,-0.02893843433286969,-0.023403026354645196
2011-10-19,0.0,-0.008144872729191621,0.0028037682353450055,-0.006694403604350696,-0.00287532920342215,-0.003136461916608213,-0.003611576977526232,0.0008342734259874085,0.0005652617117908321,-0.009177735808210907
2011-10-20,0.0,-0.023183560562531125,-0.030219722842941832,-0.034105997983616465,-0.030015888597205942,-0.026145351904197422,-0.02694678156040453,-0.022798290094437457,-0.024523139687500306,-0.02325972386618802
2011-10-21,0.0,-0.006885006804219884,-0.0022861573621447695,-0.007982425449510222,-0.009595071899630936,-0.009447217708919986,-0.01542796774370192,-0.010319709785156506,-0.015277379176936945,-0.0066179339990912744
2011-10-24,0.0,0.02630381080990074,0.02019395874733898,0.01636517106513491,0.01690168366645417,0.01847639936507428,0.0214081999928577,0.01944750931581729,0.014553572774578694,0.022314384139566767
2011-10-25,0.0,0.0282297576252033,0.020109596707490685,0.023550868215706622,0.022406891242385374,0.023128125868604466,0.02261806320035986,0.02003005830085458,0.02007105826066824,0.018377782810630183
2011-10-26,0.0,0.023974848322497744,0.0052219214443463,0.0054945299563728955,0.006524352801482447,0.013776426303302447,0.005616784637197947,0.005196948660055156,0.008018162303514265,0.0038545520371549014
2011-10-27,0.0,-0.0015044727942579161,0.0013885375726565563,0.001951078640963777,0.0023699734015807383,0.005892283484669969,0.002279611666765824,0.001911227054931075,-0.0010661794974412553,0.00671445288817174
2011-10-28,0.0,0.029952019404852148,0.014791154622158853,0.022074609517769517,0.02098990650811272,0.019494235471029908,0.019313417567291102,0.0211263111731117,0.01711401757308484,0.01897974306210415
2011-10-31,0.0,-0.006009018121516774,-0.002425488747916482,0.0002852776659527656,0.008236053175712854,0.00376271434306763,0.004175643681424646,-0.0001948243853788778,-0.003725809599085639,-0.0031030860765429713
2011-11-01,0.0,-0.0068051068326688835,-0.0013587417925829959,0.000628136218095765,0.005468043398423106,-0.000505154200265534,0.0009197282124788764,-0.0009619723525280399,-0.003049075827483816,-0.0043080187391025815
2011-11-02,0.0,0.011954297019232563,0.008760338707892501,0.016121796582816428,0.01909681049530909,0.014883306827036202,0.010607978968022902,0.011234745246090805,0.008497144234894671,0.00951642342684167
2011-11-03,0.0,-0.006304911199365493,0.005911011967868474,0.002752016368806176,0.0034149214433325525,-0.0012314195467989508,0.004344756289110796,0.0041781906326476825,0.00850609815298875,0.008291076875400094
2011-11-04,0.0,0.0032526645439858726,0.009487650333564579,0.006439331445633467,0.006439857057154663,0.007723799678428955,0.006110817739884755,0.0060583641358864515,0.007924956829900687,0.004880286007006074
2011-11-07,0.0,0.0014519620342552386,-0.004668824253237447,-0.007796832634311968,-0.006848371286689692,-0.0028744319532196805,-0.0029914844383521766,-0.0048629467036137575,-0.0032984605201326067,0.008837853552077668
2011-11-08,0.0,-0.01717140320278754,-0.012606738119560257,-0.012855496723774729,-0.01170765829418341,-0.007855707162106262,-0.008465995363367895,-0.006857692792602843,-0.01020438326990758,-0.007054502162244458
2011-11-09,0.0,0.0013794465673135914,0.007145927349982095,0.011111434585788782,0.011639816903777689,0.012501127878528306,0.014617271404395948,0.00816311996216701,0.005922270115618744,0.0047068533105849575
2011-11-10,0.0,-0.023208538622014996,-0.02014827691331389,-0.014066082124594592,-0.009174100593801304,-0.01648314798624817,-0.011004231978957169,-0.018031831127610087,-0.015313072190782484,-0.016623180951706895
2011-11-11,0.0,0.004311161176521416,-0.0016049728952487463,-0.0025353342035243642,-0.001728406038735697,0.0037773531581510866,0.00288672345645824,0.000448969406081412,-0.0003875410804119461,-0.006413590752303522
2011-11-14,0.0,0.022236281569832705,0.025465364442975202,0.019947231438269153,0.024597480331812305,0.023361863260438875,0.0176550978128307,0.02249702889768712,0.02058984377570705,0.020239173871631877
2011-11-15,0.0,-0.001296960325351204,0.007278441868216579,0.008749203215481227,0.007437943294381855,0.005462909459036158,0.0043402823817346725,0.009820566881461712,0.004728164027170356,0.004810884852647801
2011-11-16,0.0,-0.021181194906749523,-0.018769816289800345,-0.027356445890912573,-0.023547740547567586,-0.026852340518910167,-0.02039751517446675,-0.025567298163618912,-0.021959481209942178,-0.022969363596880177
2011-11-17,0.0,-0.009671092957578398,-0.001604872240638766,-0.0038624319428332,-0.0015545757523840464,0.0005298599174021756,-0.003108116099105329,-0.0029535774640602197,0.002507061506503261,-0.002736321834555855
2011-11-18,0.0,-0.02709899297491003,-0.019796211242281703,-0.02759310492181022,-0.029738415506062044,-0.02557760484091587,-0.02590781919215268,-0.026191523395614702,-0.018457666211130208,-0.02332053662890321
2011-11-21,0.0,0.0030181694504622936,0.005863600283523063,0.0008601219955666206,0.0021328510296290126,-0.0008400238044407038,-0.0008293107300442193,-0.0018409125337637278,0.0025237179982875446,0.004924340133782401
2011-11-22,0.0,0.0010990943455180258,-0.005388821235905561,0.0006530851246613345,-0.00035285911035087825,-0.000977632906215553,-0.0015849061008950116,-0.005674911007062078,-0.0049530425081517615,0.0036899217050552213
2011-11-23,0.0,-0.017651152480811838,-0.0010826010331355107,-0.00300103379427219,-0.004538860675186607,-0.007366942847585989,-0.005821508911881934,-0.005385421761712084,-0.011581318996039425,-0.007910018920494699
2011-11-24,0.0,0.007663992139488762,-0.0028596700067627934,-0.0023171810496556144,-0.00035553582913028237,-0.0021020278048852203,-0.004134867882122917,-0.001138183087848521,-0.0021552287274158033,0.0014331113631798065
2011-11-25,0.0,-0.009154989695337346,-0.012467532425759598,-0.007680960238877765,-0.010842547571566996,-0.008239635778167331,-0.008845047816465001,-0.007167963414596135,-0.006692012083413079,-0.00744512932617214
2011-11-28,0.0,0.0003889524905096309,0.007279474434754185,-0.002929477376539369,0.0010785236874586435,-0.0017056228436661547,0.0029109498284722868,0.0014461193505117542,0.003619793870423438,-0.001459514487049729
2011-11-29,0.0,0.015168356004646277,0.01284367015764043,0.01268931905296311,0.016071629552294242,0.013921490543675308,0.015120234689459222,0.01210258607055481,0.01567765762277573,0.011692983471868423
2011-11-30,0.0,-0.02795755090668195,-0.031936076580543205,-0.03721140071081752,-0.04980736543039144,-0.04024897411226247,-0.04085811232857228,-0.04667884537980005,-0.031765869097274635,-0.04275213954308843
2011-12-01,0.0,0.032834080751080075,0.023390442896482844,0.0240474566939477,0.024182443980054646,0.017884138272469707,0.015808367484824393,0.01734573752180446,0.018848725408911138,0.021853802198229078
2011-12-02,0.0,-0.009143227732679393,-0.010523807556973686,-0.021090076851827178,-0.01738958158361459,-0.016593297666078533,-0.021416144981265317,-0.02046575036953724,-0.012812922318325759,-0.011777648663031659
2011-12-05,0.0,-0.00954734500853871,-0.031439521440622564,-0.02930382602170445,-0.02335375032497844,-0.025776054604389698,-0.025523003782781717,-0.02388308902411229,-0.024130538323381634,-0.02223189793865299
2011-12-06,0.0,0.004478440485101931,-0.0047504071214090615,-0.0013447472335238464,0.004319597980710466,0.002242966262195445,-0.0007207210421810162,0.0007320672185771038,-0.0046531855108822295,0.009419076113418079
2011-12-07,0.0,0.0032608618785103793,-0.0011636296989702144,-0.0011078079401489749,0.0013144424244788677,0.005446102095939542,0.0049736295627811344,0.000650591109077503,0.006940164600689469,0.00856967656904728
2011-12-08,0.0,-0.00023832719157002025,-0.0024905625676967524,-0.0014922485777917327,0.0023051512029685917,0.002808443300422958,-0.001823525501123302,-0.004886891138057403,-0.0007479516316862833,-0.0014624613078229043
2011-12-09,0.0,-0.0016236597214667192,-0.0042673094434784176,-0.002655591182635586,-0.0058052119722371565,-0.004935833895975517,-0.011778093373471354,-0.009504862995978858,-0.01201761784064903,-0.0064754766583164924
2011-12-12,0.0,-0.022673397715323507,-0.012416722421727089,-0.009198970114707827,-0.012974497168587562,-0.011227553080591535,-0.011925258748974987,-0.010290403733881459,-0.009191009343573087,0.0011147713814023685
2011-12-13,0.0,-0.03114136707139825,-0.034164018107002425,-0.03252240766282033,-0.03701516415370121,-0.028040914200542888,-0.038435404796933303,-0.03321238243382452,-0.028997105434437787,-0.02835725972348435
2011-12-14,0.0,-0.015513775318546807,-0.013140299650699627,-0.018741138678174285,-0.01565072211982077,-0.00594730417582523,-0.01399032459300742,-0.016758791573758924,-0.012654576692733177,-0.008294236727568127
2011-12-15,0.0,-0.016751816312341683,-0.02296347503374463,-0.02283166080741139,-0.024659367806902366,-0.01671267083252126,-0.023668445953974215,-0.025331548419880945,-0.024474181241535997,-0.032458030099454804
2011-12-16,0.0,0.037210861149280516,0.023389069088356473,0.024827160486820876,0.029796674457333472,0.022781266416919133,0.025381094328003062,0.023981957428566902,0.02407517346925836,0.023780587306120315
2011-12-19,0.0,0.0014325619052011351,-0.005581499162743642,-0.0030145687174599756,0.0034158283612686358,0.000643334258096262,-0.003113329928345898,-0.008156579400472208,0.004461519895312849,0.0016269497744532124
2011-12-20,0.0,-0.000675931613298264,-0.0008693593259064825,-0.001608800946777622,-0.0028361193935849682,-0.0025433114871019624,-0.0010641459982074775,-0.0001521446902156276,-0.0039452314273142886,-0.005925854337881842
2011-12-21,0.0,-0.019412518807728207,-0.01842971385289971,-0.018763720597990807,-0.018906966554774196,-0.01788891053306141,-0.023165203976995397,-0.02170732848524981,-0.014052433141987786,-0.017386057865557136
2011-12-22,0.0,-0.0010534173640589506,-0.020101332142052897,-0.017273725299052134,-0.014503961015675193,-0.011089670088527126,-0.0177606452578164,-0.02013120864125384,-0.01090515437356998,-0.01622105293775411
2011-12-23,0.0,0.008518014075496794,0.00897034880220171,0.011596090070380649,0.008951665041451395,0.00970122493901604,0.011127646443662043,0.013654751779983432,0.01155029835451904,0.0062089615572735735
2011-12-26,0.0,-0.0036216679020558695,-0.002287822350836799,-0.006579984954643292,-0.002592596351971954,-0.004533723049176097,0.00029209847069333605,-0.006859528672715776,-0.00035687052451516266,-0.0018769184928001392
2011-12-27,0.0,-0.02067563661335947,-0.024140223314169096,-0.02721552077276046,-0.022265198184459822,-0.0233126901269074,-0.022173033568104517,-0.02339477717640992,-0.01676553845934181,-0.013196218163901374
2011-12-28,0.0,-0.004844828600628626,-0.004937054786957384,-0.01036179868061049,-0.006315242538060706,-0.004868934646102607,-6.480497331484703e-05,-0.0005864783888857028,-0.006608551653370487,-0.005447102680310567
2011-12-29,0.0,-0.0012185297668318995,-0.005115737848948698,-0.0075270029489198365,-0.0032069576574615954,0.0018229417276425242,-0.0008357640808220879,-0.00026087936452767746,0.0013114257351642955,-0.004770286194644036
2011-12-30,0.0,0.020604917708843873,0.017039675904759077,0.016432858154522556,0.014236313723462679,0.01364145745099088,0.013461433531203104,0.01367959885525094,0.01111820125972618,0.015910033859916073
2012-01-04,0.0,-0.008293462126092721,-0.014880440863510591,-0.023400043411912486,-0.018970745999364658,-0.018266087953223042,-0.022000165964887852,-0.021871710897593544,-0.013406391612316604,-0.020489564311026998
2012-01-05,0.0,-0.021055241967702365,-0.028605666626310255,-0.036494059332921824,-0.0331889611457834,-0.023607942241022473,-0.03126519299536945,-0.02826522584606994,-0.024985036907655855,-0.008822314560981925
2012-01-06,0.0,0.0012214204582075006,0.002057666630464361,0.011907248794534642,0.0005774082713938533,0.0043657740003339995,0.008383346445443696,0.007776206109580963,0.004218637981800333,0.012464605019130826
2012-01-09,0.0,0.03933274119734653,0.040223092859406506,0.039145703721458425,0.0373355591816662,0.036559188930752384,0.03399312351507988,0.03769996173503998,0.03498771895479824,0.031120493472780897
2012-01-10,0.0,0.03818347296928981,0.035214386541788434,0.03746106888558587,0.0392095722975172,0.03252482471019014,0.037110659722173756,0.03700737385160102,0.03378127817891041,0.027793973590386933
2012-01-11,0.0,-0.011640633875369288,-0.006108335836572443,-0.005609920577710592,-0.0069443121942297514,-0.003022336210190879,-0.0017900925835665493,-0.0023837469353394924,-0.0007596602748456416,-0.003526973161470437
2012-01-12,0.0,0.00290955094173162,-0.001328659281662481,0.000359274552633293,-0.0004389065369402312,-0.002614515644913884,0.0005690047440642942,-0.0004993679943257057,-0.0014406389677475984,-0.0012114535395810755
2012-01-13,0.0,-0.021491139484275834,-0.019367871799965575,-0.03476453595578832,-0.03510537942135883,-0.03163320509752565,-0.029261823864085712,-0.031199800540466116,-0.020467392677101293,-0.02071183652773001
2012-01-16,0.0,-0.013081566599640437,-0.014790949716596002,-0.01747011673883947,-0.02729699729449142,-0.01907414610699798,-0.026692261699752917,-0.02208102055403971,-0.018268954447010932,-0.012597820256065262
2012-01-17,0.0,0.0454548849668277,0.053500843868148795,0.050591109146358004,0.04859125122842345,0.04602012544080658,0.05088368608103466,0.057499333479718695,0.048142950270452234,0.04435285979690273
2012-01-18,0.0,-0.016729012718693537,-0.013100773023561052,-0.014912033439901773,-0.02153441818928814,-0.016750032341188104,-0.014899452650613099,-0.013591444602135683,-0.01357097993885481,-0.01288377056005996
2012-01-19,0.0,0.027935499142350384,0.012789459295773131,0.010140119924995528,0.013342087720102036,0.010575179687942526,0.0090102390257496,0.010491959029189202,0.009256944803893496,0.00804823700655688
2012-01-20,0.0,0.014007516049095337,0.012347897965444776,0.013308029625417994,0.017045711810013353,0.010992687707008342,0.010497582646857628,0.009479713720436767,0.007173127557058345,0.003961145551389933
2012-01-30,0.0,-0.0259831423385668,-0.015464757547390406,-0.009158741596995812,-0.01089701995918091,-0.011343023462160984,-0.013522395949015498,-0.011750223619303557,-0.00571027136512503,-0.014851498338144253
2012-01-31,0.0,0.008029100623117014,0.0030848598393060644,-0.0031956247354291145,0.0005257445980757502,0.0023642959936565067,0.0004402000397978334,-0.00030006537007232215,0.0019507055700855869,0.0020077541401506416
2012-02-01,0.0,-0.01416226701167378,-0.009836131837898776,-0.008533747698209138,-0.007013566260222204,-0.007720401191043558,-0.009149896367040666,-0.008666654782504724,-0.009589362677312252,0.0011198305110442508
2012-02-02,0.0,0.015600265778751732,0.024224550350345764,0.015530006554710374,0.018362236563808754,0.017305413827034988,0.01938314203660063,0.01597069184501909,0.009913709808015092,0.01443392321751058
2012-02-03,0.0,0.009321601116423217,0.014164374279950431,0.015157022565061684,0.01406986372480068,0.010786836790817933,0.016383405011621388,0.015621360701569387,0.008674081309117732,0.00917438135933546
2012-02-06,0.0,-0.0068923030213606795,0.002246204519899875,0.0065085008071692485,0.0022702393405877874,0.004151098454401536,0.008090129352749997,0.005807742929869741,0.00781709611300796,0.005511052352730861
2012-02-07,0.0,-0.02738438679801347,-0.019038741359855615,-0.01819306586289704,-0.020975245667584796,-0.016074450567964194,-0.019055455003527233,-0.021677743897243973,-0.01608136599217247,-0.014017730486322266
2012-02-08,0.0,0.023868991156579922,0.017196406912435513,0.024472048981619476,0.02467203939827911,0.022600204931626955,0.02518232059847092,0.025775311800306122,0.019742175966708242,0.021021588602109675
2012-02-09,0.0,0.011857798290372923,0.006268952342082468,0.005660031665021492,0.008489202096842785,0.0035991910057509013,0.007182282654531802,0.005588348752762151,0.0022385956222430448,0.0030409129961010972
2012-02-10,0.0,0.016116623423507948,0.015977379902907263,0.013167769239149862,0.007897587630721903,0.00700774153262862,0.008707939908731088,0.006750282281502429,0.005079047475592624,0.004388256975963456
2012-02-13,0.0,-0.0070349515913676886,-0.00023440438575184075,0.0018644526468718503,0.002992105211164553,0.004662961005451827,0.004051925935459666,0.005790033920626492,0.00392757832448809,0.0031423078831029905
2012-02-14,0.0,0.0037992555079979784,-0.004863425912835062,0.005174287885942208,0.0014901842052483794,-0.0012162380932598804,0.0040978711936792145,0.006181699620926295,0.002112914462408799,-0.0023406482356927993
2012-02-15,0.0,0.017517882128348594,0.015121437964605855,0.014328278180440357,0.01707358602846054,0.016003188226736853,0.016038558711985784,0.019956819414392646,0.00797440057595633,0.02344017085917005
2012-02-16,0.0,-0.0068438667488561755,0.006823062367878663,0.0002186867259033054,0.0018902570200243218,-0.0012869657476147767,-0.0003259788270734143,-0.0011857092130623803,-0.002162546525126041,-0.007976689639060619
2012-02-17,0.0,0.00029038949888837706,-0.0008262026601887351,-0.0013865284472777128,-0.0014478898302536791,-0.00493667589670943,-0.005770306793434821,-0.0030824201681252106,-0.0007593091110216221,0.00044819194631617876
2012-02-20,0.0,0.007720285851217534,0.007790585606942901,0.005603337489966886,0.002222220774400485,0.0025322468674662257,0.0033964715449257277,-0.001104680838897032,2.3770824660873657e-05,0.012154654686911348
2012-02-21,0.0,0.014364095456123716,0.005423513699496452,0.00782796100982508,0.008922328192165097,0.011258583153534563,0.00982053440398678,0.007793767439116417,0.006281586827233454,0.00408594450574884
2012-02-22,0.0,0.01843344788608947,0.03195287735856045,0.02373358464162756,0.018873762245170456,0.021633562350012125,0.01574655736483832,0.017902299016166134,0.015124179931848003,0.007646078236585252
2012-02-23,0.0,-0.005114507645688771,-0.0007064261973162012,0.004815360751971198,0.004054430946327958,0.0044794191434542885,0.001427709097812535,0.003606132864052425,0.004336360690846641,0.001936528221716305
2012-02-24,0.0,0.026538391371591752,0.0171415629963263,0.028037580633496928,0.020510648785471153,0.01622767880866882,0.019215531591100676,0.01513817920159588,0.010487877836444781,0.01386773882380754
2012-02-27,0.0,0.0015118086203333991,0.016361696957551075,-0.0018755465298744278,0.008415963442003793,0.00538080727547019,-0.00029578618102132914,0.005190061998339157,0.0009514259809291215,0.0027819254442016383
2012-02-28,0.0,-0.006826477920810481,-0.004136490842516771,-0.000662225646535286,0.0017150552880798031,-0.0012109606420545038,-0.003958864654342253,-0.00271481911132887,0.0080391666347841,-0.00283969966750508
2012-02-29,0.0,-0.02581111939541103,-0.008878469938403355,-0.02519094695902324,-0.01455755835882766,-0.015943106223946568,-0.01780047936138729,-0.014340476270354396,-0.011659518879055142,-0.011116002336535091
2012-03-01,0.0,0.006072820915498545,0.004491718077583862,0.002515302381662643,0.00800782494948482,0.0035689055521666013,0.00489463294782011,0.004514075925671657,0.001613227591614974,0.007482791893406615
2012-03-02,0.0,0.032135888996750905,0.02570569681343482,0.023433021658762376,0.022105868612611212,0.020880275792169556,0.021068922627436537,0.020352821022311396,0.0149850591465166,0.013006648104428198
2012-03-05,0.0,-0.003929680902748034,0.002904071319026258,-0.00042536828063299836,0.0022973239320285277,-0.0032050472041242895,0.0015970013973785058,-0.0001872905836319827,0.0004262407120922962,-0.008947659432792854
2012-03-06,0.0,-0.009162453984883245,-0.009547169955624657,-0.012791250864427894,-0.01233192853655729,-0.009076501147451399,-0.0077399051004622965,-0.010111425835279353,-0.00856924336590048,-0.005770012184377449
2012-03-07,0.0,-0.004898124122875935,-0.008804122054798968,-0.0027304763863977843,-0.004561815564889216,-0.005308793466507256,-0.0038105309422404865,-0.005816667432341327,-0.0021346668248144463,-0.008029666425002469
2012-03-08,0.0,0.029422145680585654,0.013472126424654896,0.015451627940179735,0.014087292168893484,0.012578416372805323,0.015698422637900222,0.013323261521890783,0.005567698598410109,0.007945521320617877
2012-03-09,0.0,0.01671744246330875,0.007083235949447486,0.009004957685497805,0.009919951493986279,0.009387714983512874,0.015413389277209033,0.015016657196509797,0.007546072159737793,0.010749153482397578
2012-03-12,0.0,-0.01887040749455604,0.000992666824461752,-0.0015822253817512344,-0.0004832635281427633,-0.002181290874821551,0.00032749382384311687,-0.0007390794961650293,-0.0014537806876533388,-0.006009812907985523
2012-03-13,0.0,0.005011327163301438,0.006347682110204422,0.011050340331407948,0.011055893390741645,0.007327385185044388,0.01217098127900651,0.009342315021392933,0.010642382416195417,0.010050005255335615
2012-03-14,0.0,-0.039630814134502756,-0.05995307172895936,-0.04775037105135427,-0.04746942809726584,-0.043076762259534274,-0.042025480397531734,-0.040898761954640706,-0.03830454558609553,-0.03694573796604417
2012-03-15,0.0,-0.012736402757410059,-0.02012679650311955,-0.022200413292498333,-0.01730225663948859,-0.01914613865648307,-0.01810521078672611,-0.012172139054974385,-0.014937510321960557,-0.015602405719817969
2012-03-16,0.0,0.027499668950825118,0.021967091626794666,0.026233478924946096,0.022451745181994998,0.019679187513116814,0.020969428398074808,0.021608756568584297,0.01662400393875596,0.019977355518736806
2012-03-19,0.0,0.002344953496530078,0.009563634444335278,0.015413495634888363,0.011690911653480462,0.00918659278530165,0.014481364452794576,0.008273251344582011,0.00866276817241629,0.012171681841600446
2012-03-20,0.0,-0.01759816438390971,-0.0089717297739359,-0.008449004027813456,-0.015099768519574952,-0.015212972860203289,-0.01857338711640033,-0.01421363768136441,-0.014519242400779842,-0.019767556426677046
2012-03-21,0.0,-0.0007303491634254033,0.0006934768972657324,-0.0004886593727769784,0.0036996188845588307,0.0026732398298516813,0.00460023306575974,0.004797314228538019,0.007889798237605161,0.013062722181924613
2012-03-22,0.0,0.005844391265758864,-0.006106507167496167,-0.0022720391731879674,0.0018527937993702004,0.0009122703997852533,-0.0007952508660294955,-0.004462493235953269,0.0012918366806433657,-0.0022544675329728703
2012-03-23,0.0,-0.016370184162552537,-0.018660736740562567,-0.01755063018215608,-0.023400492990778732,-0.018403270119988102,-0.018484825746829858,-0.021259977354078363,-0.017834267311768515,-0.016000281304276
2012-03-26,0.0,-0.0009754854428739579,0.0008569360373607005,-0.0026026963432537187,0.0009381711134566206,-0.0028194537756593974,-0.0038518958483346744,-0.004086391785482424,-0.003640527070627564,0.0032683418290713195
2012-03-27,0.0,0.003343909253035404,-0.0029982011987560453,-0.004008085742451151,-0.0062007305285963765,-0.0012731390376153895,-0.0029614721273202305,2.6500882801760994e-05,0.0036124089258977587,-0.001628200090049492
2012-03-28,0.0,-0.03326604819737744,-0.03996140831696837,-0.04384937326528526,-0.038674649709986686,-0.04487717612932973,-0.0437038440790708,-0.04018019652759941,-0.03491913174385286,-0.03268516796609533
2012-03-29,0.0,-0.0030915284343447924,-0.01687355897987597,-0.011765260363172603,-0.007806141013756762,-0.009592025026825657,-0.013938641640111049,-0.018710707957909745,-0.013681643614123273,-0.009828802088644228
2012-03-30,0.0,0.022671954203967948,-0.001682457347480737,0.000567677446812187,-0.0013087134688974933,0.00023735545860192886,-0.0029119866294777808,-0.0009861575630504271,0.0020226887870775645,0.0034390450177954612
2012-04-05,0.0,0.01907042790878255,0.03117770355177285,0.027528310899135544,0.030473101825535087,0.023393296408678044,0.02652684702943775,0.028365197898762906,0.022321481425816803,0.02136713531979062
2012-04-06,0.0,0.0018243775841941812,0.01604052341954998,0.009048909819747486,0.00863160569610133,0.005775533107862829,0.005876102076010081,0.0014376778367277687,0.005653842603150938,0.004062322288308051
2012-04-09,0.0,-0.010102637189829178,-0.014108753472033775,-0.008639687746419988,-0.010993890739350975,-0.007154127363376728,-0.004888838057719336,-0.009456314163576285,-0.0025244106603254934,-0.008819986391887524
2012-04-10,0.0,0.03074063593093479,0.012196238163214801,0.015256714228920387,0.016419899727320608,0.01523221113767148,0.008898617106111395,0.008557119411741532,0.0030896392542050233,0.010754837871014722
2012-04-11,0.0,0.007030708883309922,0.019929437848599907,0.010266218458978571,0.0070986561482904165,0.005413693552045684,0.011266145095254698,0.004682431802602194,0.0014658993009331045,0.006589367814677338
2012-04-12,0.0,0.02283773489026686,0.04140065499162837,0.02158743514829764,0.023404512564452862,0.020056990011823705,0.020606758705356,0.020198748083815943,0.011780339461422207,0.01894533979274038
2012-04-13,0.0,-0.00010013339024927959,0.001981508566414769,0.004161434820228127,0.011358573403125183,0.007630212606560605,0.009750510398632617,0.008654209866993057,0.006607759408298497,0.0027989040824207834
2012-04-16,0.0,0.013778768853208723,0.006390829580674495,0.011627824426510225,-0.0009686893683470421,0.00622530628774598,0.005890697332042505,0.00635284535498104,0.0027748578916100275,0.0019565903492615444
2012-04-17,0.0,-0.022689429767992153,-0.022390259599348594,-0.020418104236875734,-0.015871671972923163,-0.012500161357131834,-0.01449556281009079,-0.013353949829397638,-0.011501805616331962,-0.01212663495013322
2012-04-18,0.0,0.0332210938155435,0.030343403369777144,0.024856139050542403,0.02014570858290754,0.020915095227610037,0.02290640192410276,0.02115221066166617,0.021752884965458907,0.02316917075921876
2012-04-19,0.0,-0.005801643195094575,0.0070163828522626925,-0.001355223910135317,-0.0009469110394259017,-0.004102264844662029,-0.004631111385299813,-0.005646547430809057,0.0044698642331209015,0.006265529768913147
2012-04-20,0.0,0.0315325566485376,0.0206174516700548,0.012268764658497577,0.007528052927210593,0.009807828474539093,0.008646441596813936,0.010844040984291148,0.009935652548610285,0.00883293362258275
2012-04-23,0.0,0.019460674994693505,-0.013523611021220239,-0.008023962843490273,-0.015590267336592634,-0.009053337623870061,-0.006075728304742678,-0.009184499805437563,-0.007433915620670861,-0.01010301252110346
2012-04-24,0.0,-0.006098868890084375,0.005065785684806645,-0.014060526883830526,0.0010103014283771028,-0.006650641949505376,-0.0009470454061007993,-0.0006492924304556391,-0.005409271504235202,-0.007111791354648234
2012-04-25,0.0,0.019541744961264262,0.025134749996849504,0.025206678821452,0.020624282585509857,4.830496175056709e-05,0.018520044746709097,0.020868027541422585,0.01445778217407856,0.009820025134575472
2012-04-26,0.0,-0.004817912559944126,-0.0002084069165262381,-0.008226900056128139,-0.009652375903052346,-0.005650184804663061,-0.0007066483117739164,-0.010389481281710577,-0.006722207852454809,-0.010546210916477672
2012-04-27,0.0,-0.01110460201035357,-0.014405641708696959,-0.008965388270873342,-0.008201612440968509,-0.005930071813931792,-0.013774613297762417,-0.007615131358407079,-0.005944719920955244,-0.008758319403626147
2012-05-02,0.0,0.026494531439843705,0.0013271303172397442,0.010944734703469017,0.011271306362751421,0.015235404566978028,0.004876729327727425,0.01397941787458401,0.01599134385832257,0.012646100058321563
2012-05-03,0.0,0.007261078729237536,-0.006744786094617483,-0.002489768863826791,0.0006617437529909953,-0.0014259380108778696,0.002079255368884425,-0.0008712177805032528,0.001632640390789808,0.00045995901979489773
2012-05-04,0.0,0.008925082665968257,0.002997244685718263,0.0007063312987260874,0.003234404364287855,0.0025744242013008845,0.003082907178115276,0.0005695668507940937,-0.002929071423574333,0.0058322880451169845
2012-05-07,0.0,0.011496887744080864,0.003902355923300904,-0.0010400998968711495,0.006537689875879549,0.005041656769945169,0.005748782532013275,0.004011172488510351,-0.0031692660638816816,0.007198723599499912
2012-05-08,0.0,0.009813564694653554,0.009229750098352252,0.003173283731057852,0.001628023162888237,-0.0020989437304038683,-0.0022765061302939538,-0.002039678271613443,0.0009725434125680277,0.0004950920487178934
2012-05-09,0.0,-0.025201694472071434,-0.02102459030451842,-0.014727473646816702,-0.021244694734508074,-0.020990961660466323,-0.018201733318358393,-0.021587852199412727,-0.016502638913674317,-0.022204633636201954
2012-05-10,0.0,0.005353760444487543,0.004325907114687055,-0.01214770244797736,0.002360012145003809,0.002586720837402856,0.002098512009065079,0.0034497265610979877,-0.00330138855314166,-0.0004581352372594605
2012-05-11,0.0,-0.0063760687212215394,-0.0055879325748044995,-0.024452084080602177,-0.007905773357709478,-0.0032897984796659285,-0.007659209740156547,-0.0033460464893515507,-0.011096440867835122,-0.008237565287024573
2012-05-14,0.0,-0.006230342771689434,-0.002356884606968479,-0.0025319329640587362,-0.0006506905169921806,0.000698138143360838,-0.0024583892440158683,0.001185808958950041,-0.0005532481605680095,-0.0018232119617803688
2012-05-15,0.0,0.002684161978191435,-0.003095551087087478,-0.002815362479931638,-0.0013301641754646099,-0.0022902443659371663,-0.0033978221115140705,0.00024377304173506253,-0.0032391725735356758,-0.0036853998116159747
2012-05-16,0.0,-0.012917421417454111,-0.008162334017194128,-0.013406648798692355,-0.01301778725464764,-0.026197612305862705,-0.01789583512285431,-0.016031640818838566,-0.011353054179098376,-0.0056690930448670684
2012-05-17,0.0,0.018916292489993713,0.01866823310294885,0.020274177220269918,0.015281775964678612,0.013099986242078865,0.014936561916384372,0.020264105960377643,0.015905650413010175,0.022220349643136128
2012-05-18,0.0,-0.015960805587847626,-0.0017890803195250715,-0.01062875060513857,-0.010734648047783901,-0.009099576034273471,-0.009100790544977033,-0.011979466116610271,-0.007132839086239295,0.0007722470376119173
2012-05-21,0.0,-0.010310433024454224,-0.0061373667734690995,-0.016913464006759527,-0.017118032533791516,-0.01088461312354716,-0.005552464873669338,-0.008110409927851392,-0.008739650577855529,-0.01178076854096577
2012-05-22,0.0,-0.013602608392884186,0.007196400800713709,0.015180236860745433,0.009600072401402038,0.011089448568514015,0.009588698290823983,0.011174754794374797,0.016449978008240995,0.004866810486865436
2012-05-23,0.0,-0.011768522320568464,-0.01387000046381659,-0.0012612449132273218,-0.008890765964181147,-0.002423575645685405,-0.0064278777718147495,-0.0059077624844934284,-0.0006662212902184272,-0.01426478481563953
2012-05-24,0.0,0.0028483310277138685,-0.002999856809708712,-0.0032468782160997023,-0.004770531521167354,-0.005492744489867585,-0.005951474916418342,-0.010863202688644158,-0.0077158495975954144,-0.007139828718098706
2012-05-25,0.0,-0.02931230448066635,-0.011525557294497779,-0.009864498009770073,-0.014060788374619992,-0.011908692742200633,-0.008653515123859257,-0.010581005027015311,-0.011030784328687204,-0.011016470913811749
2012-05-28,0.0,0.013057181521488603,0.01404697675931521,0.017323826910497164,0.018295607848975104,0.011397824028926307,0.015720868105537633,0.013112450177254154,0.02273426404885015,0.014823315371775614
2012-05-29,0.0,0.018455416378917233,0.017671706513934238,0.01655244400943201,0.013085020915837076,0.01310080660119306,0.012614009665231407,0.011441611402414509,0.021802120857099982,0.018375233041306727
2012-05-30,0.0,0.014367272248700713,0.00478055567907143,0.0032467748434175103,0.002721789560473642,0.0034507731884683146,0.0008746941508088746,3.196625776347162e-05,0.005238604040997519,-0.007420943584596773
2012-05-31,0.0,-0.03012468832074089,0.0009265673983793743,-0.002057090375772952,-0.00029642144911112833,-0.008821616705046775,-0.0007302290830442093,-0.0019552646767794224,-0.0008180163785267425,-0.0047264146119636585
2012-06-01,0.0,-0.007095512757187006,9.835611099351382e-06,-0.0010254782166815302,-0.002278785069327882,0.0010081398947097142,-0.003212228222704061,0.001427901649108776,-0.002324604179049894,-0.00112548014706082
2012-06-04,0.0,-0.04822511322046186,-0.03772961336413527,-0.03684821014536732,-0.039008690979511096,-0.03570639958027533,-0.041199261003841636,-0.03372328306596273,-0.03306240316086195,-0.02575896804154132
2012-06-05,0.0,-0.034257659170554455,0.0004172801682715832,-0.00423408521372437,0.00048432908415607656,-0.000837088178341161,0.0019669088767548804,0.0014930430852659882,-0.0037299056070853043,-0.001498003707171014
2012-06-06,0.0,-0.005525044709927873,-0.0006986340427422855,-0.00011216894127397126,-0.0036339829041402982,-0.004681807612544775,-0.003949646432984677,-0.005736507619583109,-0.0034892849051870733,-0.003794524467435223
2012-06-07,0.0,-0.006537197970530206,-0.005622276114835345,-0.008122542759452123,-0.006437213213477344,-0.003775276163450081,-0.004396390208062151,-0.002723614817346731,-0.001174579036501866,-0.005420584827496522
2012-06-08,0.0,-0.009350330577300503,-0.0006284031885076535,-0.003533131844287829,-0.004889425807182768,-0.002913107914100932,-0.00301593903631292,-0.0018072174947640907,-0.006200492471040375,-0.00013256826831498092
2012-06-11,0.0,0.02174381750835863,0.021396409277976813,0.023683198914467907,0.014973683021799244,0.01660707560943142,0.015295694905843815,0.013688619698106752,0.012220680794955197,0.009939842545551247
2012-06-12,0.0,-0.008092627082317616,-0.001271032668055616,-0.0022276559129265072,-0.0037572449346215953,-0.004879262485910307,-0.008792360555177736,-0.01960344089252164,-0.00021057966880821954,-0.008362452295500589
2012-06-13,0.0,0.017886477989593974,0.01262844148437714,0.014544848340433125,0.01896727106159135,0.015636506442656684,0.018784814399805283,0.02078993771442139,0.014873639036128816,0.013756815976448289
2012-06-14,0.0,-0.006531966520604948,-0.01037377803208761,-0.006368864814726094,-0.008853864169784842,-0.006168752444673964,-0.003318697013214411,-0.003978714167749198,-0.007071061453391536,-0.012068743352447009
2012-06-15,0.0,0.0014378421546388243,0.004583562025759713,0.002243641607952096,0.002455178913588707,-0.0004293445061417378,0.0016562116843434893,-0.0019377967787624906,-0.004578167405875244,0.000873190768701626
2012-06-18,0.0,0.014177608212964099,0.01080314497521706,0.007121876015258266,0.008343626820462857,0.0048846709074577,0.007187692168612259,0.007308219996283727,0.009332877889210112,0.003509765206990423
2012-06-19,0.0,-0.009253531612483434,-0.004271350866734025,-0.008260290973652107,-0.01256540060250333,-0.005921278668131524,-0.004862626221630473,-0.006591664547421661,-0.009232450209066156,-0.011986875111069328
2012-06-20,0.0,0.0019321958714326737,-0.0012525340961858644,-0.003768258560132298,-0.0007260658039922596,-0.0014396960121959568,-0.0025110972574712287,-0.002761864077274856,-0.0041936093403354135,-0.004155468482670899
2012-06-21,0.0,-0.009338646736782974,-0.016979895769920317,-0.014680796308386146,-0.015385188286361262,-0.012519183806620537,-0.015233775437396013,-0.005283432567761981,-0.011695087432480378,-0.007261674969098686
2012-06-25,0.0,-0.02753122647721251,-0.016417690472105173,-0.023988395415397212,-0.02368358652499103,-0.02474090792348871,-0.025215793693449617,-0.015363162558042709,-0.029640410283283014,-0.010852715027820814
2012-06-26,0.0,0.0005158137364331683,0.003101299878374819,-0.0009009158085795388,0.0007208306143524634,-0.0024830502523924824,-0.001766718621353247,-0.001982282578937844,0.002525320687624344,0.0018802339233385812
2012-06-27,0.0,-0.008591815543411485,-0.0007235485526885244,-0.005319349142363428,-0.0031891232383092216,-0.004497022466352862,-0.0064220183458473246,-0.004696589604567869,-0.009268682982894072,-0.00047734481646932725
2012-06-28,0.0,-0.024099157162978613,-0.013155941545071048,-0.015305127730382062,-0.018326279497282272,-0.01840175527218546,-0.011376300827230512,-0.009903914803794267,-0.014015428155280563,-0.012473874682930486
2012-06-29,0.0,0.007911595664445992,0.015799452201881614,0.011852614216090851,0.01395750556103037,0.008851495067771165,0.006085242442494643,-0.0006854293831494163,0.013757097238659588,0.006473880691522993
2012-07-02,0.0,0.0088489413727173,0.004504161061368084,0.004359618278523936,0.006170765788032551,0.008164807518007633,0.0044877223608286165,0.005922916719142579,-0.0007350051421263215,0.0017265546453910652
2012-07-03,0.0,0.004721049921198928,-7.642275458363823e-05,0.008154039968798266,0.002781663964063208,0.0026346645005905778,0.0037200585527787933,6.328077246919861e-05,0.006120776018671892,0.004024636043109986
2012-07-04,0.0,0.0036315839947440587,-0.0031976789658938465,-0.005530164408601546,-0.0050559447217723985,-0.005428707936543042,-0.0033741835658436248,-0.00510085997211196,-0.010032277473543405,-0.0008218478113758421
2012-07-05,0.0,-0.026739568639326916,-0.02518866038994616,-0.01749110595690584,-0.022510486271359875,-0.023444600576137953,-0.02371877221013241,-0.02077654299542575,-0.023979120764971884,-0.01847054580943075
2012-07-06,0.0,0.020292231542030414,0.013482308039092894,0.018526472044263276,0.0051010863890530445,0.016704041696898875,0.019407158746289177,0.012071642162860607,0.024671019537804373,0.0006879519986513483
2012-07-09,0.0,-0.02709934434566519,-0.02821591327735018,-0.028382122390849474,-0.02769336517416532,-0.03784687855177982,-0.022633100431282083,-0.021459289004890914,-0.02748384513959501,-0.023752292675469522
2012-07-10,0.0,0.002613905743242606,-0.005663581256117767,-0.012333458977535572,-0.006541121449072151,-0.00665790676025968,-0.0046558022167398905,0.0022833819961027846,-0.003436523287604909,-0.004090200275544298
2012-07-11,0.0,0.006856997456209157,0.006077188989542126,0.010405912289414232,0.004393761477582636,0.009181569756992136,0.003944539135241509,0.0065062480268924805,0.01658345304707831,0.005130912744757188
2012-07-12,0.0,0.014714000461642396,0.009274497414021754,0.012181971366335143,0.007390314318797442,0.007662034476123791,0.008759907080461371,0.011850710992847846,0.0026800501220984874,0.0048417196052135125
2012-07-13,0.0,-0.004278339942711096,-0.0022549705445688017,-0.008476960512171838,-0.008491689773934441,-0.007263831595997972,-0.007429780644063633,-0.00955153830453348,-0.0028948972936884143,-0.0044012805382869225
2012-07-16,0.0,-0.04576689354964847,-0.037896509261142075,-0.043132013052930906,-0.040121226831154155,-0.03441135998105238,-0.030333122142506053,-0.036883251692330976,-0.02757734901133224,-0.02833803823046066
2012-07-17,0.0,0.0061492964320641885,0.0066129989421312985,0.006245214490176565,0.006914152568779475,0.010953079739149052,0.010841389910213106,0.012200057603709347,0.020929856311384,0.009222515919306229
2012-07-18,0.0,0.01829111539564643,0.0035088371271529972,0.006546201635353244,0.0076468545178529634,0.005860107235222012,0.011134860847082928,0.010627002779507455,0.013134286817777951,0.00569483715961705
2012-07-19,0.0,0.014302969132487853,0.006796547957821586,0.011265740823892312,0.012890385635281332,0.011806928973304709,0.010065264994510548,0.008280171342015974,0.005488665043310359,0.010988867120703016
2012-07-20,0.0,-0.00521308035788226,-0.0034859118550250034,-0.005264494284911603,-0.006028108543184696,-0.0037807816425274865,-0.005986307671260516,-0.001682962585672354,-0.00888441775860016,-0.00502104289562566
2012-07-23,0.0,-0.0027517348359176186,-0.0093102257213461,-0.010632898902645072,-0.009624344263456819,-0.013744403579327047,-0.008208063035255675,-0.005475253261277846,-0.0035107588156003677,-0.0075030766519228465
2012-07-24,0.0,0.008039814612134322,0.005667367305282722,0.011667259044733091,0.008025169448097502,0.006288336772911851,0.00877411283647489,0.005031195023181834,0.0030001659322718144,0.003664343908093004
2012-07-25,0.0,-0.008113943416897196,-0.006513592295830262,-0.00734429153419669,-0.006842839265886358,-0.009738270637715596,-0.008272669628510698,-0.013074807533382415,-0.010841615530706838,-0.011861127153445783
2012-07-26,0.0,-0.009370242840979981,-0.003820543853982783,-0.009875863076835523,-0.0051969455210113535,-0.007855190888544694,-0.007258113391440335,-0.007837154202388619,-0.013092523251544419,-0.00853946695514407
2012-07-27,0.0,-0.00932579446636106,-0.0005227043041508006,-0.0030911796878692055,-0.0014359156023868724,0.0012038667107363565,-0.00040391838992470674,-0.004412788482043406,0.000534363777945801,-0.001020745850152549
2012-07-30,0.0,-0.03051841267084021,-0.02191623566397838,-0.011226967849337521,-0.017524062273843066,-0.019008267735179607,-0.01806690057311744,-0.018115327993268315,-0.020459432150673584,-0.008612137021101973
2012-07-31,0.0,-0.026958521113527034,-0.015075923145512538,-0.016533563833703746,-0.009620125269131585,-0.015286500242430945,-0.013294008630858167,-0.016416714802129806,-0.011975065420338105,-0.004220667332738737
2012-08-01,0.0,0.012012246783986047,0.015686790787849292,0.01780645661017788,0.012777165311498972,0.015003449655996093,0.01142455660572872,0.014271497536782363,0.018605350804892007,0.0073486641889199955
2012-08-02,0.0,-0.009329363190135442,-0.006560826684803178,-0.010632967648540381,-0.004590806503197653,-0.0062485373391607535,-0.006264735401273036,-0.004521992341974146,0.0017875789295760391,-0.003559619975919137
2012-08-03,0.0,0.014884791682294285,0.017167123311494503,0.018554578911266884,0.015289783066452678,0.016467673173218067,0.012185858522999915,0.017122857337512842,0.01703071945253609,0.010039749264791231
2012-08-06,0.0,0.022199121363175145,0.020307738824458577,0.021937662532448998,0.017827490574206406,0.019988193275870314,0.01578324141373244,0.018966006642671562,0.013705719903811309,0.00885168809932968
2012-08-07,0.0,0.019989783019447538,0.004648761092195697,0.014110215483984723,0.0061887903142205936,0.007379830410957133,0.005357910142636202,0.00642616181303346,0.015173572708102823,0.009516761490393044
2012-08-08,0.0,-0.005085635222663032,-0.00432954986127565,-0.001426113541205809,0.0007997341922976187,-0.004286619723861573,-0.0017664738370657407,-0.006595417274282811,-0.012164809135405186,-0.0007047538691321575
2012-08-09,0.0,0.007841713557346752,0.012493327584779168,0.015145784616279467,0.010024291036371258,0.012626970756945521,0.010289501075864793,0.012417651830665788,0.01643764646854118,0.008271882799224306
2012-08-10,0.0,0.0003530628501144939,-0.004380025086426986,-0.001832168482478913,-0.0009017683134269205,0.0006968743375823649,0.0015779026994386935,0.0023572217652978456,-0.0025378121784194185,-0.0037631835332134767
2012-08-13,0.0,-0.015897943356210198,-0.012929905933205199,-0.018547106821971693,-0.023836552895382668,-0.02278681510162739,-0.017818008639420957,-0.020357967143397326,-0.014583127303256616,-0.022870079648409813
2012-08-14,0.0,0.024893246266824542,0.012059351989642142,0.011003988295571698,0.010717663828886392,0.0067113359097872305,0.0029211382960985244,0.00826356544188056,0.012939528435870873,0.0039041751343242836
2012-08-15,0.0,-0.011788643630340712,0.0016751663266239003,-0.01183668231368662,-0.007125779588911696,-0.013575417161516334,-0.009181353110299328,-0.009642135760251969,-0.007262630920126245,-0.0068830158352839454
2012-08-16,0.0,-0.00980296674825687,-0.00826859655942569,-0.0060956930496678385,-0.008353433136691901,-0.0031095979934009366,-0.008948706185032296,-0.008843142748230504,-0.006706390613928859,0.0005870848460798328
2012-08-17,0.0,-0.00562237446279934,0.004204424858984979,0.0035137623514320815,0.0029251116563515644,0.0016971895795188097,0.002846975064417334,0.0024816065073967053,0.003047508448249525,-0.001045622412237046
2012-08-20,0.0,0.002536777695689274,0.0006376545338608874,0.002414585061958796,-0.0004433588758607776,0.0011345582114423713,0.0009336478624983879,-0.00014951446015321057,-0.0009370308028814334,-0.00028547953332880294
2012-08-21,0.0,-0.0010309573926307047,0.006072027513384981,0.01557435817857411,0.013759441784507498,0.011365579205851573,0.01159619408102408,0.01280620658057341,0.017984004591708347,0.0020695439425644224
2012-08-22,0.0,-0.004058152875148657,-0.007679159807922664,-0.009028245366723087,-0.01502467377555683,-0.003489737686783956,-0.003223236899411175,-0.006900713979954065,-0.007792480058328999,-0.008866290032369273
2012-08-23,0.0,0.020176314489066982,0.009212031554124867,0.0059653941138635425,0.008913173600297863,0.0067444497343154275,0.009421481497514872,0.002702339535030074,-0.001403788087342872,0.005934994271317384
2012-08-24,0.0,-0.020465887790119486,-0.02132126300226922,-0.017637629309134595,-0.013562056288563773,-0.018534228353571436,-0.018215988198015287,-0.024143497076856923,-0.02060702721087526,-0.014814450892186692
2012-08-27,0.0,-0.026246205382743137,-0.022702855589713078,-0.020447141401557345,-0.02048581398426441,-0.0177410612796558,-0.021459429232755345,-0.022929541131850195,-0.023890924885683007,-0.020600272371093076
2012-08-28,0.0,0.012000910949892418,-0.0002055494988221218,0.006526103713276887,0.006441474224320176,0.008425144146433139,0.008818301934375272,0.003021145761741284,0.006152343606983024,0.004891210561576376
2012-08-29,0.0,-0.0034206370337609426,-0.004290475675974403,-0.001289515694846033,-0.0017872351279557552,-0.008132040138387642,-0.010519107458045296,-0.008364570497867096,-0.004278964313982225,0.0011888193658851076
2012-08-30,0.0,-0.018443465371802636,-0.011081373393352134,-0.008774393882122089,-0.01475311970599813,-0.011776400206344184,-0.01255987471610176,-0.01378640673723286,-0.00212209289742471,-0.0035165243515853373
2012-08-31,0.0,0.004647016790471747,0.002480909847445645,0.005336127158854342,0.004978417643623834,0.004049961571687355,0.002811663985560431,-0.0003888977721422382,0.0036888750773420576,0.0029876041237308915
2012-09-03,0.0,0.01173635190583755,0.01665639149313014,0.012591170516446315,0.01346340846918026,0.012371035707848366,0.008901110376426047,0.010157269848479089,0.019472155503905464,0.00111705008343721
2012-09-04,0.0,-0.01451703466320342,-0.007357097962737313,-0.008435895106156277,-0.00838721193850367,-0.013308543548184115,-0.009164319495242546,-0.007568191325479701,-0.017363530650877146,-0.00999519549978889
2012-09-05,0.0,0.0068089101720090195,0.0032542397964023806,0.005382211257171976,0.006178528439288344,0.0038655362610335864,0.0064627834169384,0.008856681753651285,0.006639292355946624,-0.0013497185816730983
2012-09-06,0.0,0.013197552955973357,0.009567690985857524,0.00946084992014451,0.011038015238409082,0.012631037170918846,0.010489983807983272,0.009772855711607908,0.01086792001772352,0.012320436875222773
2012-09-07,0.0,0.033903509446657765,0.036554283508054786,0.032921117647077835,0.03431329606392386,0.03501765742540308,0.03128899644818173,0.031673457132259886,0.04056081256473454,0.029527039558249646
2012-09-10,0.0,0.006979473282190396,0.0022975381940568695,0.006785868618294888,0.012319706918153761,0.005598149617224379,-0.0029367531011669223,0.007338268374025958,0.00558663861237596,0.0009093506323465395
2012-09-11,0.0,0.00012998311802547846,-0.0037232609853238285,-0.001549748480484503,-0.0021957075459156927,-0.005388987805337697,-0.0071440529636797034,-0.0069597074334837306,-0.008439778407144938,-0.0031084184202507803
2012-09-12,0.0,0.010648337966159271,0.003209288606323746,0.0052259905579217225,0.006822871091100913,0.005392536011419757,0.004838031391145137,0.005326176808263305,0.01193110065595504,0.00018338514142568485
2012-09-13,0.0,-0.005584094884810931,-0.0123924280415183,-0.00949292994176354,-0.015432373049938386,-0.014185766696955704,-0.013873480531019333,-0.010603432286640846,-0.022483155700627533,-0.013594740114524217
2012-09-14,0.0,-0.0006257780609492114,0.0032287391683276656,-0.0014755806360059465,0.0036309899084339126,-0.0011557191341936557,0.0033353429132161327,-0.0009857844151814898,-0.003865134813073934,0.00895508104433862
2012-09-17,0.0,-0.034200973480967956,-0.027545688756984488,-0.03337695174834687,-0.03140733068246193,-0.029318984428075345,-0.02406912282212259,-0.026496109287768577,-0.021938801237194494,-0.025112424320193227
2012-09-18,0.0,0.0016751248815671804,-0.004867499175978951,-0.0006170258917876925,-0.003952259665546021,-0.0028514764715044105,-0.007506603472779205,-0.004876587653632747,0.005137439634240293,-0.006190545742754461
2012-09-19,0.0,0.0026051843180303624,0.011617523923855844,0.007433023192189525,0.006067530177170877,0.009270815338980887,0.0036974679167589564,0.004283639594763633,0.005318212689702673,0.002029896314881041
2012-09-20,0.0,-0.04407017516599254,-0.027850374333703076,-0.03735394981325213,-0.03290057639370858,-0.028180812654510112,-0.030992661347302386,-0.023010089319348226,-0.03815385192308096,-0.020281188816653528
2012-09-21,0.0,-0.011928601011640061,9.15396095295673e-05,-0.00964365715282367,-0.007366403767059437,-0.007327835211503375,-0.0032173497739469425,0.001781198040461618,7.810702220889532e-05,-0.004661005669561291
2012-09-24,0.0,0.006041655503761456,0.0016556669571270444,0.008474460805219408,0.003363983220927569,0.0023984450359815224,0.0037204285019052374,0.00037800809911914257,0.005861844973802821,-0.00033832801251321154
2012-09-25,0.0,-0.007649526522857775,-0.00868588994509989,-0.008485757812082384,-0.005127376785641791,-0.005440512218620852,-0.006294212298790014,-0.0033021737321932143,-0.013776368557103735,-0.006951143751901645
2012-09-26,0.0,-0.027332404388929032,-0.019493817509423694,-0.025157393974134412,-0.022697555496407507,-0.01985442912388591,-0.01606761356993236,-0.021069385784147965,-0.017704668327816586,-0.009659130232630209
2012-09-27,0.0,0.021387328218150925,0.024617905738661294,0.02666323203576626,0.0210917880333652,0.023854748521319413,0.02271634805732603,0.02085223362641453,0.02491725434361114,0.01590255031058785
2012-09-28,0.0,0.014398482633577903,0.011332591584171992,0.018174380469725415,0.016857199574652038,0.01173236407865863,0.016822414718993484,0.01173956383703012,0.010470084497867127,0.022511409264792892
2012-10-08,0.0,0.0013170223682952287,-0.005721927793139736,-0.0018854062727821086,-0.005289321143193471,-0.0056823645694923375,-0.0066427094605403525,0.0003108759944585593,-0.000515771247033614,-0.0031924463901084055
2012-10-09,0.0,0.028218864311791325,0.02940602832601913,0.026121529442562297,0.025637408853909527,0.0249574123768741,0.024941318059571227,0.02360173625425599,0.022807195379796585,0.018546382532941497
2012-10-10,0.0,0.010551804119366848,0.010963691325663882,0.01134709240238041,0.01047729417648835,0.010997685871069196,0.01135384795850114,0.012250811771089554,0.00941396451747889,0.0020035166248668634
2012-10-11,0.0,-0.01753037162612414,-0.01672548181824518,-0.017777973121947954,-0.0174395194941791,-0.012703477313167233,-0.012140752725468995,-0.006665165233240122,-0.023085484935045808,-0.005259389070882858
2012-10-12,0.0,0.01152448807888562,0.007047263835690432,-0.0008912915495666862,-0.0010655693918446563,0.0020881788303495075,-0.001187986492198867,0.003230185864269819,-0.002598715168896093,0.004555681515443721
2012-10-15,0.0,-0.00838757743206886,-0.0029179357544213413,-0.010178713664508066,-0.013103069299650882,-0.005909546760223372,-0.01116428147267523,-0.012994898740666394,0.0035632093814821353,-0.010917517274813049
2012-10-16,0.0,0.0020582876577539544,0.00028203277478144884,0.0024827044838966472,0.002937048018707422,0.0009930663086821223,0.004200318927757518,-0.004234152026290849,0.0018976785431152887,-0.0007816286926634053
2012-10-17,0.0,0.014645827902699304,0.006492374257430544,0.003022788115282893,0.0037155733704585803,0.00118999811381304,0.0017012924014205844,0.0063391416131632905,0.0024739783707754537,0.0038327197965732918
2012-10-18,0.0,0.01479977857549808,0.018302106323474066,0.018309338945352138,0.01991923609548585,0.017682751621491466,0.015116966083389194,0.017255995996782625,0.017754168207117837,0.02224183143881664
2012-10-19,0.0,-0.013518477785093075,-0.003320451024223514,-0.0045814945709385935,-0.00083972235802654,0.002869308301631346,-0.0007894201577991478,-0.007187563990745605,-0.0028351988044319487,-0.0021367030679553256
2012-10-22,0.0,0.00072158380052878,0.007081497694091388,0.005565191843261319,0.0028903632680297164,0.005677246311220907,0.006749823419794909,0.006266480935443575,0.0011410006372103432,-0.002045795114589355
2012-10-23,0.0,-0.004727795553794767,-0.007656602213378161,-0.007878184272735789,-0.004552980847758015,-0.004410018371225566,-0.004158477073350819,0.0009411761762012638,-0.00982778016486352,-0.0002703532380282647
2012-10-24,0.0,0.003424881207611641,-0.0029697168683079367,0.003579635915118118,0.008167868966849179,0.006068702788924574,0.005095852944194457,0.011157354512541406,0.011800918183139109,0.005092726215824905
2012-10-25,0.0,-0.009436136541943863,-0.0059837267177593745,-0.01260572251980474,-0.006666587840439164,-0.0093482256476628,-0.00557983117031835,-0.0063841944849289955,-0.008618915003975935,-0.0023486200967878235
2012-10-26,0.0,-0.02853375784836487,-0.018257856767958325,-0.02700234776867705,-0.02367779304312334,-0.021189643182627615,-0.016799293123765824,-0.022468220422309226,-0.016609414090676622,-0.02479258816114016
2012-10-29,0.0,-0.0006611832531334683,-0.004440850380974526,-0.0011638039763237629,-0.0060847190143954455,-0.0010271391496392557,-0.0015152110455486367,-0.0044586180291522615,-0.005663464240731719,0.00670309434989802
2012-10-30,0.0,-0.000606127592777117,0.004852087068422772,0.003023324502250624,-0.003334945314372617,0.002253845590697745,-0.0011680204611652645,-0.0009623890716571326,-0.0016307670825957965,-0.005319368369677502
2012-10-31,0.0,0.01004246138465259,0.0032200238831219252,0.0033255139907111264,0.003895216815096969,0.003381161166964519,0.0009776132490031397,-0.0014725954735065327,0.00022808707440780118,-0.00019165526344655515
2012-11-01,0.0,0.01605108248912246,0.014576819430369925,0.0197665557696296,0.01713336861402781,0.01828553976355063,0.017655982753004285,0.013002320440331339,0.02057529725400542,0.011891734378558505
2012-11-02,0.0,-0.002064527986330056,0.004576945101232521,0.006473763820487699,0.0034916991638955786,0.007869866517078217,0.008826600060146683,0.005169379242133676,0.008593238254277491,0.0036660028998134475
2012-11-05,0.0,0.0021670187539850616,-0.0019910701069919545,-0.004137941813484369,-0.0024926279562234033,0.001109550313075136,0.00028040236595749946,-0.0020329289600726774,-0.002725158795241378,-0.0025738777241013366
2012-11-06,0.0,-0.001175530321383178,-0.0009199574136168343,-0.0077772079543318995,-0.0063742608547000534,-0.011123961125473425,-0.008288635019649826,-0.01160389789899574,-0.007684267507317544,-0.009161500049226334
2012-11-07,0.0,0.002443461591610685,0.0005131651746419497,-0.0021160281448086016,-0.001166431664232248,-0.0008726127868612377,-0.004790513253822404,-0.002999240484300225,-0.004933064641607587,-0.003548707721693578
2012-11-08,0.0,-0.04148620561896754,-0.02540795464602541,-0.020599629127476704,-0.025901598774344947,-0.019223814072645506,-0.019230527075988046,-0.021679779523922083,-0.03149299110743531,-0.022356328847307427
2012-11-09,0.0,0.009483921234316517,-0.002092964009147269,-0.0031929799337313547,-0.00014389750037624438,0.0017199905795264314,-0.00272260494395693,0.002595220164099743,-0.0022485426238677553,0.002048683937496465
2012-11-12,0.0,0.012646076383367788,0.011266427108878041,0.012465829372895865,0.00875893554909779,0.013570589590986337,0.012813311968191465,0.01479374146351331,0.008370398354177633,0.006217768107834809
2012-11-13,0.0,-0.030849027745644242,-0.014459282314509103,-0.02544202537558582,-0.02274284771378232,-0.021160750642113535,-0.02424250433133479,-0.02006595417229662,-0.01683670247459379,-0.011836306273011465
2012-11-14,0.0,0.002038152593991871,0.00391967705818308,0.0017700775466240604,0.0021242269630601385,0.0019915223422068973,0.0018291190745696184,0.004279281918112554,-0.0069697998722915155,0.004852864278788616
2012-11-15,0.0,-0.016312888310213935,-0.01401590842965228,-0.012999424059487508,-0.015389709118561967,-0.018308853864913877,-0.016581343651650093,-0.022169241185311606,-0.017256075337298116,-0.021044933030374358
2012-11-16,0.0,-4.704924325671378e-05,-0.0034821226806325267,-0.0006700188349302305,-0.00594005850090773,-0.005971603787319535,-0.007041615174813054,-0.005181295526273222,-0.004602069955841337,-0.0037999676121663883
2012-11-19,0.0,0.0071531971021787655,0.003417459606400941,0.006935130905446174,0.008001324218570582,0.0075210967353900315,0.0056700400536005,0.006504186639935572,0.005677760502245777,0.011458567025973032
2012-11-20,0.0,0.0004327965235499942,-0.006637616381242273,-0.001538180706040282,-0.0024016254872677445,-0.0015381890798794595,-0.002719051163369679,-0.0031782841053303867,-0.005076734843799335,-0.005325570248560063
2012-11-21,0.0,0.008908558331019112,0.01575878131030839,0.014249657482122702,0.015023787635156438,0.012406642445488725,0.014486889144771808,0.011766230632295649,0.01100102031701522,0.012257210790332707
2012-11-22,0.0,-0.013245687084906699,-0.010169310269097287,-0.013837480830055648,-0.010250930112688184,-0.008981032084495633,-0.010291521811449655,-0.008930699782081386,-0.015941394061223524,-0.00872184822820743
2012-11-23,0.0,0.000807419095715689,0.003972780000753406,0.0004816495537791621,0.00341414351228142,0.0024543102138545603,0.003794661771278962,0.0005898391342864517,0.006940530808495771,0.003436348129574718
2012-11-26,0.0,-0.013508207520319893,-0.010549234290507248,-0.010221013078574481,-0.01063268912568971,-0.009512228429324976,-0.012308980034766215,-0.01077796561521005,-0.007954315852587102,-0.006587692186395766
2012-11-27,0.0,-0.04590605694966077,-0.03489437468613732,-0.035775971942557216,-0.03204287028420216,-0.03244534454079473,-0.030527050247064036,-0.03505417003111577,-0.036967829305028066,-0.02328725686740296
2012-11-28,0.0,-0.020730814262027053,-0.022642528002333018,-0.019964078777423566,-0.017751906080467506,-0.01901155848276348,-0.015518467803065872,-0.015873052170548685,-0.023883051710383074,-0.007513642521031927
2012-11-29,0.0,-0.008475931613574295,-0.0088226470538868,-0.010058482982335915,-0.0017762249574876376,-0.004418052557433105,-0.0030982004368496074,-0.00502420942301629,-0.006990928309971278,0.0016398701141440153
2012-11-30,0.0,0.014674010647195423,0.013849197598368113,0.013973660277167843,0.016092185529190894,0.01662219548299304,0.013737304686129104,0.00955307986675602,0.0229015190193107,0.012940520102196817
2012-12-03,0.0,-0.027255699474655226,-0.017971429469344824,-0.020334043306519,-0.022778244338336417,-0.0168705530462534,-0.01764870917073036,-0.02021049245166351,-0.015532138407798879,-0.013119011430844485
2012-12-04,0.0,0.01595066714629345,0.012046281682166926,0.011570049498476065,0.013260046907556111,0.014307478612953783,0.013947660570056586,0.013369312474874606,0.016897631463174356,0.010550730874665737
2012-12-05,0.0,0.032706188377155554,0.03366647950478918,0.034813403282927924,0.036639104378134,0.03165499606418676,0.03154851535973435,0.03318749898894535,0.035934385851102535,0.027307911906125915
2012-12-06,0.0,-0.001966083036158639,-0.0013845098406464196,0.00037988839750124903,-0.0009815234919866578,-0.002051290486259627,-0.0006701491169246454,-0.0017002700622226197,0.00024471114322688337,-0.008910393855857457
2012-12-07,0.0,0.02222723434772078,0.02199814499182562,0.019440132872681204,0.019423662564237665,0.021172994491675423,0.01925869796193891,0.020688084560626097,0.028726945517548952,0.017540977377481726
2012-12-10,0.0,0.020639938683519432,0.01620283233765596,0.013601622892767784,0.01826459555968074,0.014292828848656791,0.012741978607700322,0.017338908902595263,0.02328408949447036,0.005110442473277521
2012-12-11,0.0,-0.00568015227188412,-0.006206258553527411,-0.007309766393995831,-0.006881264609889359,-0.007147490556176583,-0.005091135534410429,-0.006074241845148709,0.001969553447550787,-0.010279516951548273
2012-12-12,0.0,-0.0026394767742529135,-0.0018052816436170405,-0.0016851581116451575,0.0007720943240132616,0.0007299527142696771,-0.003172551582681815,0.0009367320298467874,-0.0028317343048672727,0.004510930954090497
2012-12-13,0.0,-0.00960726104294396,-0.01460868461771736,-0.011565542982015842,-0.009815142027099433,-0.01124583119931355,-0.0057122804291334095,-0.01346658517666477,-0.01208263125592035,-0.00030094713014205965
2012-12-14,0.0,0.03765524264657705,0.03931359598288786,0.040108267586004054,0.03840743338463892,0.03753701790624109,0.03991291181649337,0.03754928937833357,0.04835911025783979,0.031370396076778384
2012-12-17,0.0,0.008647845421517086,0.004062794622872401,0.005925633212919612,0.006657112935495757,0.004884402621938788,0.003094976311447617,0.010246777478528868,0.005222999169380627,0.004059496397039064
2012-12-18,0.0,-0.004328868053060209,-0.004123853107369291,-0.002013835459533486,-0.003925390391013028,-0.006712886567314613,-0.004939589082547879,-0.005806684991051192,-0.006356964576382906,-0.008208050459720728
2012-12-19,0.0,0.005325034345870394,0.0017813987890180627,0.00999101028303273,0.0006369185236247965,0.0035848599745946785,0.002435821242594338,8.471196250692259e-05,0.001052596670773509,0.0018487147551948802
2012-12-20,0.0,-0.0015203777732459844,0.0016125051002622293,0.002358871192412071,-0.00010794678451908624,0.001081650929392275,0.0011948340232563748,-0.001614608512287119,-0.0021263120568718596,-0.00021713786516830424
2012-12-21,0.0,-0.002148530849817587,0.0009113363714312595,-0.0024307948362318754,0.0009515611158674719,-0.002537065508766867,-0.004633890514197381,-0.002708873370417475,-0.005637928201933762,0.0037362318722333754
2012-12-24,0.0,0.0071103731166093365,0.003356370367893158,0.010916407528851257,0.0057590052525715585,0.0013959520268689296,0.004880844469425272,0.0029906573997753316,0.005569888306800941,-0.0021755883281898702
2012-12-25,0.0,0.018386855474647357,0.02547037455304424,0.024913853808020026,0.02195306954707199,0.023726687727224638,0.023683728294748407,0.020616413272495526,0.027066231468094726,0.015533780749902526
2012-12-26,0.0,0.01055374579701418,0.011962992170601261,0.012986602949268233,0.012942287179261935,0.011309316188417684,0.009680904227731713,0.010072217644321313,0.008577307286592672,0.007773219104706852
2012-12-27,0.0,-0.017038503665764537,-0.01230478430703863,-0.01147270589637972,-0.0053895373440051575,-0.00791290962299429,-0.007475761674352932,-0.0017892245247613792,-0.010762171412342036,-0.00494766872345187
2012-12-28,0.0,0.008937761808872402,0.013801725767937034,0.012975363863585221,0.015879061084359547,0.0068284622348882,0.0089961893925532,0.00585659683167683,0.009302349700577084,0.006945202900790148
2012-12-31,0.0,0.0016555117031242794,0.010881003684841462,0.012241604308971255,0.010038468434717673,0.010722323378897114,0.008643719839310338,0.007645583657323929,0.011372695584278114,0.007594906892944175
2013-01-04,0.0,0.0011756385977006456,-0.004518978422610065,-0.0018042544213314748,-0.0027274626161706284,-0.0015865135118272589,-0.0009034765819494472,0.0003493249998842707,0.006979649258168186,-0.0014176219551708114
2013-01-07,0.0,0.022363146766446684,0.012018417055507324,0.014197899894009547,0.00857823190179774,0.007949483870159924,0.008105148959837383,0.01059920366157141,0.005196604838027197,0.004858495153261977
2013-01-08,0.0,0.014864798399705448,0.009476276644983406,0.008419424280906584,0.006878657318025949,0.004982521025477249,0.003913100048846152,0.0013402926209415966,0.004406342223476578,-0.00043947806093802555
2013-01-09,0.0,0.009385417952127106,-0.005554039941192079,-0.0006234077386471082,-0.00152638119547166,0.0016966644383824558,6.054647040221184e-05,0.001843660066517483,-0.007744762579669606,-0.00018020690309050735
2013-01-10,0.0,0.010962002289486295,0.007227534762692223,0.004963879178205843,0.005738572899188332,0.006525952133584534,0.005340153717968921,6.546156802578196e-05,0.012207268717375541,0.0026640332068430528
2013-01-11,0.0,-0.020074888491202203,-0.016299411044358503,-0.022847581016905094,-0.024846747032704286,-0.026692278637330813,-0.028468995482711534,-0.02777911757335294,-0.026855697180138582,-0.020214005352053754
2013-01-14,0.0,0.03563009482212287,0.03054972642657683,0.034717001407569725,0.031370021747672006,0.02810172742006367,0.029173578570303116,0.02800629487795603,0.03799682322100195,0.02184876107657363
2013-01-15,0.0,0.015078368092534378,0.01943025352812988,0.014063395457788896,0.012332039976778342,0.014599162376158992,0.014842767816907854,0.01702504339317823,0.012163608689223393,0.004802204232682961
2013-01-16,0.0,0.0033455775065120985,-0.004354457387645061,-0.004435956204354552,-0.006680309443752419,-0.0012097249649446473,-0.005050923193442358,0.0019043420593309879,-0.006493771419920025,-0.0020469401474231264
2013-01-17,0.0,-0.012685235516494142,-0.0029379520617471844,-0.009945478341236713,-0.007180527984770868,-0.005823569989784283,-0.005946422510407556,-0.005794554755383374,-0.011368462375093369,-0.0005871486622873734
2013-01-18,0.0,0.012994114556867276,0.017585986614589544,0.02061329790786104,0.014740839246739634,0.015577504544535214,0.017078350030682588,0.016442287410598944,0.015782522294280454,0.00798939438042634
2013-01-21,0.0,0.005660692035618142,0.007168562830814906,0.008281981075094258,0.01190621536795966,0.006626270640749832,0.005499725553056223,0.009546699657644098,0.00994911950561983,0.019290321062469973
2013-01-22,0.0,-0.021517774639605136,-0.02466380591398387,-0.01803326087410151,-0.015287619551092257,-0.016242755035429046,-0.01625074809344429,-0.015195035600025109,-0.015758307298148755,-0.012155972945743332
2013-01-23,0.0,-0.007389010972918997,0.0022792683277399473,0.004215692896013978,-0.0004238261464922788,0.00342418080442064,0.0032415874350160134,0.004154133204192556,0.003210889905346459,-0.004365409558369726
2013-01-24,0.0,-0.024827199020427515,-0.01944927748948555,-0.025158670834684815,-0.01892527241524522,-0.017656480599055113,-0.020613116397202758,-0.018646240625458943,-0.014263726530708065,-0.014659519643065888
2013-01-25,0.0,0.002492848335990061,-0.00048236971324122635,0.005556659894303317,-0.0060928195874296875,-0.0023001129802316944,-0.004837902446557796,0.0034409403582478237,-0.006405970363608349,-0.005451454890632368
2013-01-28,0.0,0.026446985099676246,0.028126726011471925,0.033208762475539944,0.024423054933157884,0.022532740088932357,0.02291889129426483,0.02362631374554436,0.025604093420278362,0.028159260767995464
2013-01-29,0.0,0.00495776828970107,0.002511293148061977,0.004379609913411686,0.008226159314501436,0.007054030195045691,0.011589503733995699,0.007837417457272178,0.0066079389230815355,-0.0008986862357571734
2013-01-30,0.0,-0.0016043021383530531,0.0050609421391139,0.0030474650753919974,0.006452088337475681,0.008280108473172287,0.004468194238185896,0.0077351690853870725,0.01291753590001532,0.015891311248932727
2013-01-31,0.0,0.00028549872451733016,-0.006368999869815095,-0.011635442073877234,-0.004405499203222085,-0.002427157075941544,-0.0030517938317862203,0.00421061693457947,-0.014969479516503625,-0.008571005246485353
2013-02-01,0.0,-0.0005509105330875341,0.015677076712516502,0.011690609939367214,0.007674285809777359,0.0051180816524099,0.005282600812635874,0.0005001579489443131,0.008239656888821223,0.005181348137974329
2013-02-04,0.0,-0.0048709119339143125,-0.00353663670119142,-0.0021455964815771944,-0.0029524345071691993,0.0012895601697533454,-0.001831199020847829,-0.0010613329164375074,-0.0033879981294798744,0.007723529337602342
2013-02-05,0.0,0.011931091721915088,0.018228702464026414,0.005600469214539938,0.010318710858505664,0.011402889792600623,0.00871836695343231,0.010654714326939763,0.013168065656642858,0.0037922747922058964
2013-02-06,0.0,0.0021589664409231712,0.001949924539183412,0.0002845899004175756,-0.002823585864597078,0.0021400965269293692,0.0007517839458970332,0.0024266452158447915,0.008689064397002788,-0.004366206457615762
2013-02-07,0.0,0.0013532272377239085,0.0036064873822221344,0.00039845661707871294,0.0007781872839998094,0.0007350851557670346,-0.0005179116014486507,0.0014344906659977674,0.00015346974917274103,0.00045864113239302284
2013-02-08,0.0,0.02212386250120546,0.016568689090693756,0.015429265790565916,0.013033169296748914,0.008511200044104772,0.011106329723059583,0.011761644488439416,0.013848634282918049,0.005760200979175734
2013-02-18,0.0,0.013044085676903405,0.0005590167330868923,0.00495044822786439,0.004424880143176768,0.0037752071182826086,0.006574544781000169,0.0008888676933593853,0.0005656681565269217,0.0020930655916142626
2013-02-19,0.0,-0.00895381836899034,-0.012662210186436651,-0.016471939546354286,-0.01460803322029991,-0.015903402780522047,-0.02016414459754634,-0.015672468365964698,-0.023440085492293483,-0.009059491913046003
2013-02-20,0.0,0.025743898566884083,0.014396926482148187,0.017120310091308655,0.015723804828155385,0.016209031579027755,0.015236844848439457,0.013364371869555525,0.012767845692308377,0.00711031996351541
2013-02-21,0.0,-0.012259480445711013,-0.022116122199088428,-0.02533338180095024,-0.021585492761924674,-0.02156480585858389,-0.02496356388186105,-0.020126504201576356,-0.02645306520341184,-0.023497429668096648
2013-02-22,0.0,-0.008306318090269271,-0.0004339802342406829,-0.00401205676658023,-0.002076820005529445,-0.003199401019797321,-0.0028795351306943884,-0.0039024428636104114,0.004542848752965067,-0.0041786073547497304
2013-02-25,0.0,0.003638574235787395,0.015807534245923405,0.00411116414341639,0.006116075450651293,0.007867413101487308,0.009249144493704176,0.009018022672688364,0.005844232405376237,0.0076173716197351915
2013-02-26,0.0,-0.013857308792214917,-0.016752458188110664,-0.015116698582042898,-0.01630133060771366,-0.015224247603751073,-0.01991981938275733,-0.01420536788881821,-0.01833462112220008,-0.015186117948715716
2013-02-27,0.0,-0.00543271003461443,0.007625841047213866,0.004946913319836765,0.007146412833677562,0.00205662791015615,0.003671569247130746,0.0029810592433872074,0.00014957061204068367,-0.0033230753023681947
2013-02-28,0.0,0.021680562962135053,0.016357507965959694,0.020160296584698312,0.01675378722231602,0.019954567425312986,0.0218997601098756,0.01482900641334517,0.023618247054504105,0.01749550706776959
2013-03-01,0.0,0.016439697475638004,0.015051357048915914,0.010919885621131664,0.008380585660852535,0.006439189118037758,0.005510710527943274,0.007727716588576072,0.009481712605293735,0.0024443240752456408
2013-03-04,0.0,-0.02333795813231032,-0.03962728283454109,-0.040972159187948165,-0.034098484645884275,-0.038357193889153374,-0.02645532787770688,-0.025089589660089118,-0.04625763543282946,-0.027809026925418978
2013-03-05,0.0,0.024022182986933815,0.0177938177888064,0.018713813500742527,0.01506303039265977,0.01672102721544566,0.019665064054601222,0.014980138755884331,0.02472946931862352,0.007925388071233774
2013-03-06,0.0,0.02115157391126532,0.016766474302460255,0.016961618041327897,0.018020283347413235,0.01783953525435078,0.016343783826408442,0.02155926295170363,0.020921767949192427,0.02163980472086724
2013-03-07,0.0,-0.010961333078596036,-0.018439088197300557,-0.008904206506591628,-0.008654896684702096,-0.0034759291783580393,-0.0009760629006979604,-0.005688609388982413,0.0104451559352845,-0.006958762299944077
2013-03-08,0.0,-0.012753547322708503,-0.0028438636688133956,-0.006333652180056215,-0.004265892157052531,-0.0046268448235433635,-0.005927404825229132,-0.0023130427948057086,-0.0005663950630858672,0.0030544454033125668
2013-03-11,0.0,-0.00707231516291007,0.00024509882094370106,0.0011093765779972564,0.0010028878878827197,-0.001873390161632793,-0.0035441172882547667,-0.0018591702923178577,0.00012723755493926348,-0.0012490546134414915
2013-03-12,0.0,-0.023318702061259078,-0.019606055619429852,-0.025581460205664097,-0.029378298620468257,-0.020293912555330307,-0.013059946618184437,-0.017923909707228014,-0.019124598279950833,-0.010937402452915523
2013-03-13,0.0,-0.00791838029436398,-0.010072974783820299,-0.013620370445626362,-0.01078975738747534,-0.007046710234047682,-0.011500306271920557,-0.006132804461650432,-0.008167416141506512,0.0012888461256759243
2013-03-14,0.0,0.0007509478423399774,0.0025636858487285696,0.005814107823053805,-0.0005235741057256771,0.0021387383334452448,0.0038629721619440893,0.0023583767210031414,0.011995497742176786,-0.002918991455471698
2013-03-15,0.0,0.010051314063900474,0.0001293535661570644,-0.0025885818212917355,0.005673482903687521,0.0007447093782424474,0.0029611796025286186,-0.003768162549952936,-0.00431500426825937,-5.473084117846305e-05
2013-03-18,0.0,-0.007044865160224623,-0.016742537055878803,-0.010768741336545928,-0.01410641457387074,-0.013100523947502385,-0.00810861044060307,-0.0165038443581903,-0.01798542796674918,-0.0027638033163320808
2013-03-19,0.0,0.0012895711736160553,-0.004725099340327055,0.0011898179405447351,0.005234091082432446,0.010339384815501118,7.761751879131751e-05,0.00513681963246615,0.011108785946854383,0.005172337801049309
2013-03-20,0.0,0.025968484854426377,0.02140496370143219,0.023774128038702713,0.023819903480347238,0.025480173532591133,0.019274638143499168,0.01964844199593596,0.030407048147295113,0.011808639665265463
2013-03-21,0.0,0.016296670921591483,0.008913669963219295,0.007870649105506944,0.008150481167847667,0.013624990528501302,0.00680246014552921,0.006273454348721508,0.023941351384715315,0.006866346943638968
2013-03-22,0.0,0.009651538650049751,0.0038078497629443486,-0.0003623573769017119,0.0011145974366373324,0.003372028180145925,0.004290719794669773,1.2069647868262479e-05,0.013028703328568092,-0.0032273923326698872
2013-03-25,0.0,-0.007454447736194192,-0.0009503219819052555,-0.0010264193143062483,-0.001023024192696842,0.0016484637546609893,0.002298625020263456,-0.0018959292602288569,0.01667676268596341,-0.004619619041534628
2013-03-26,0.0,-0.00833814414228995,-0.005708402686852798,-0.006765663022512025,-0.0070117345602210834,-0.007950875846435612,-0.006009201942752895,-0.014734713207541716,0.0012207924504028522,-0.012018074420683034
2013-03-27,0.0,-0.001167116093800602,-0.0026753096109771723,0.002216014344635031,0.004692104824494336,0.0033229996539567708,-0.003104985713382802,-0.0036146057082278027,-0.000990908740040819,-0.0003276198255572904
2013-03-28,0.0,-0.02384459788093496,-0.025721464880214984,-0.030374596269758913,-0.023839454344934286,-0.029579018395971435,-0.02426090263923142,-0.026520653957950224,-0.038785487439252364,-0.017916117792171726
2013-03-29,0.0,-0.011120177145102828,-0.007032528762545676,-0.0048496161065718635,-0.0018083296652684488,0.0003604326190218554,0.0035651690525426716,0.0021110696315165267,0.003555417741011091,0.00023801266568779234
2013-04-01,0.0,0.009988747423259614,0.012188952290631105,0.011777705300439756,0.004232337192882074,0.0012037339930950353,0.0023941679301378027,0.004426580528531732,0.0026020490304008437,0.0008214676317288561
2013-04-02,0.0,-0.010013495656734706,-0.009157096722608227,-0.005978671945212177,-0.019386040416884187,-0.007199813288220613,-0.003498725115505086,-0.00164834714801676,-0.0328958004462685,-0.0026723397218924028
2013-04-03,0.0,-0.010421216755594931,-0.00934014593140886,-0.009956077081876624,-0.007295181907464476,-0.014381013575224033,-0.00805622419186447,-0.010291682489038334,-0.011023449566537447,-0.010293661920415476
2013-04-08,0.0,0.008890911014009406,-0.0029785968735879242,-5.261932722766538e-06,0.0029854855235036393,-0.0018617093961897924,-0.005346197547431486,-0.006370420063461668,0.011418353529474512,-0.016684902269859414
2013-04-09,0.0,0.008917862775354557,0.005936920300637638,0.014818618965472652,0.005545276779636232,0.012528804207269761,0.006718253781537564,0.007775853432860247,0.015293980975046972,0.00842778301645808
2013-04-10,0.0,0.0053541073729546085,0.0010814125000360164,-0.005076363639354042,-0.0030794915228334885,-0.005713172641660935,-0.0010520601438159805,-0.002615831241184141,0.0009770414090166657,0.005361231995036464
2013-04-11,0.0,-0.012866051559886071,-0.005081953270527406,-0.000524343834834573,-0.0016995575277085617,-0.0021765689559348766,-0.0013602082702632856,0.0028032383247644788,0.0012885374101210267,-0.005723006481484161
2013-04-12,0.0,-0.009906724155362645,-0.004486484374830679,-0.011515334380587494,-0.007158697450169282,-0.00762854316520889,-0.011634273884967516,-0.015417475497010336,-0.007652416992514399,-0.012368256334053696
2013-04-15,0.0,-0.025093835730091496,-0.009284566590317622,-0.013451831710841522,-0.012353083217148786,-0.013285090602492056,-0.011741417866434234,-0.01636696191193887,-0.009767644181053359,-0.01610831991545303
2013-04-16,0.0,0.007035884540024018,0.00618932619494772,0.01674326626235456,0.011049846901808547,0.013919707526329317,0.007018722807364597,0.007248320644071882,0.020252811559108963,0.004212753013751236
2013-04-17,0.0,0.008786836941387044,-0.015449803657157313,0.007033857317868097,0.004042756863150254,-0.003328264579768647,0.0035178131352815445,5.639959711567499e-05,0.003217711118174149,-0.0005432026550460378
2013-04-18,0.0,0.004596084706397496,0.0035486753452471653,0.0027538615539781652,0.0005478668513183571,0.002703239696012494,0.001676368795842098,0.0022491157374979753,-0.0033506754400066674,0.0011650182135218845
2013-04-19,0.0,0.016529583938869052,0.015157743348535035,0.016072523458512844,0.018970033777233386,0.017429122038664202,0.018801223471132333,0.016968795823360416,0.03327890702135616,0.01683101630720385
2013-04-22,0.0,4.6810960653953515e-05,0.008691655186698233,0.002062290577160786,0.0015993347490270704,0.00104171685598331,0.00427780978010861,0.0029317841841642878,0.005041142750312089,0.003686838787476221
2013-04-23,0.0,-0.03066055157424563,-0.01801659583968207,-0.033126194320851954,-0.024585473887854814,-0.02892461145821379,-0.025105397970088483,-0.030182938991580532,-0.03131591936013567,-0.021138154079164084
2013-04-24,0.0,0.02110113622405163,0.01079822785106388,0.021470287607566307,0.009174161639450285,0.017756956979627203,0.0152545617715103,0.014261151534959104,0.019963796908246012,0.007961613063171225
2013-04-25,0.0,-0.015520793480868655,-0.017091192700742663,-0.014525518637229284,-0.014493042189245742,-0.017605675796481424,-0.012858966771725266,-0.013052428404920602,-0.030544555414375396,-0.001141948652859881
2013-04-26,0.0,-0.012202083897888572,-0.022408570617995394,-0.018841585051754928,-0.016846072095007325,-0.015085824636085321,-0.01745280673937899,-0.010999792853584656,-0.014106282682229132,-0.009163018787221922
2013-05-02,0.0,0.011733606284981768,0.004043474981321404,0.010638553278318641,8.91100920703547e-05,0.0042483050782209375,0.005347967522259189,0.003514980757450159,0.023384552125941704,-0.0014554560534448813
2013-05-03,0.0,0.01656513984144259,0.0192807207754484,0.016904295403638248,0.01657965333559397,0.012280365110586278,0.015528077967608134,0.0171426427592003,0.009696460597731438,0.008884501400139078
2013-05-06,-0.019705882352941125,0.0057549797903173145,0.009704422206534672,0.00834229096042218,0.011126009858964055,0.006291520895389076,0.008374252602925004,0.00761162769614465,0.01152772089525678,0.0021841680921376207
2013-05-07,0.011940298507462588,-0.002001748883242782,0.005439275156180479,0.0016102772922172992,0.003500308622429671,0.00403134054722587,0.0018362191931249328,0.0016304930009469754,-0.00180837437698822,0.004022261982887798
2013-05-08,-0.014749262536873253,0.004190153795114782,0.00888820531529877,0.0061892746266845045,0.006749250682414054,0.0038884884623127114,0.006033505528308725,0.006018582071875445,0.004813257637889423,0.0003880282210757535
2013-05-09,-0.020958083832335328,-0.002161376440233953,-0.0002565450991666163,-0.0032562415831195457,-0.003759379227525561,-0.006551302823655014,-0.005169128991474703,-0.0014305608673351733,0.0008576320837505591,-0.011930467542796364
2013-05-10,0.024464831804281273,0.012252601457554357,0.017060411819678212,0.008414823542701955,0.012763379167731959,0.011640894295389614,0.00967416318430736,0.012099328146968347,0.0016899331353306124,0.00981056728751617
2013-05-13,-0.008955223880597107,-0.0011932402883417792,-0.001029872374716967,0.0005963471573566803,0.00268833546692826,0.003039560099187044,0.0011191771698320085,0.0023878278566942246,0.011458251667517017,-2.214045732040759e-05
2013-05-14,0.051204819277108626,0.002218511673039991,-0.013126099592389529,-0.007154519884713273,-0.010981850907048174,-0.008795867755580056,-0.0087781986490858,-0.011458583228513897,-0.011380558117082495,-0.013047603925498086
2013-05-15,0.002865329512893977,0.006501480922317393,0.010793268228569852,0.004437005695055785,0.008713281870075917,0.004727994525098866,0.009005205068649325,0.005858123568093232,0.028176613042539822,0.0037401279378255214
2013-05-16,-0.014285714285714235,0.019843383466560782,0.009889602462072933,0.008612118701577742,0.009263038397816281,0.010660770505569017,0.012360609411031787,0.01028141906440827,0.007716564460969799,0.013200552939421684
2013-05-17,0.005797101449275255,0.013619418107839065,0.014791518901658085,0.010593181845178767,0.017395165035346327,0.016805161441926675,0.01622380803411083,0.010479102265604112,0.009955498245126426,0.008031998379615324
2013-05-20,0.008645533141210526,0.01909783488690331,0.011947238236691415,0.009585642207547096,0.013444527049300437,0.007243534083304359,0.010614323446369811,0.010446555145503966,0.015463898880160087,0.009984284314787262
2013-05-21,0.011428571428571344,0.018280435367598713,0.021481467478780436,0.009492704190898538,0.01558167893889606,0.0060225867648318054,0.008155088996726345,0.004916988348806051,0.010616978295074908,0.006988525777473331
2013-05-22,0.025423728813559476,-0.005394338419287936,0.0014362728407626424,-0.003304176885426169,-0.002505495108761746,-0.0046895164302849235,-0.006752847722640842,-0.009235591750446859,-0.011635992128782413,-0.00715289525123286
2013-05-23,-0.046831955922865265,-0.017712818162549326,-0.0020008505173731983,-0.01047907336250542,-0.008809460745051956,-0.009198998976867268,-0.008247881723228434,-0.009625790034588189,0.001196044207943947,-0.008892915041513572
2013-05-24,0.00867052023121384,0.020032390123513988,0.008709975103748713,0.009658845856444609,0.014809644193622074,0.007534485799237434,0.009393243149917518,0.00836892499707953,0.012484557568521515,0.009507364512680194
2013-05-27,0.02865329512893977,0.012708879482715707,-0.022543184449450804,0.00013445170529235995,0.0070234577794212605,0.0036135404370278845,-0.0002910716566293381,0.0059761030789695635,0.005004719062576379,0.005599658927376572
2013-05-28,-0.005571030640668551,-0.000365391875641663,-0.00024335812898845788,0.0038868125302784495,0.001677178539247981,0.006448253599700138,0.00946363639578296,0.004271953030633435,-0.002020910293466738,0.009564042026452224
2013-05-29,0.01680672268907557,0.0011968830997466373,0.007856984572209624,0.005448725514596964,0.007821128019988688,0.00524411244198264,0.002007697496018812,0.005392388883203925,0.005355172665351571,-0.0009793582920805122
2013-05-30,-0.01377410468319551,-0.0068937243202541465,-0.0037344034453775654,0.002053491353753989,-0.0017912542996090242,0.0012093053729986813,6.769646777926575e-05,-0.0033399705704338922,0.008823304851379277,0.0005079366647640082
2013-05-31,0.011173184357541999,0.006703122722498955,-0.00820308725654506,-0.003601501892350867,-0.010565110324183169,-0.008532296714706677,-0.005230194853106607,-0.0076409304467299766,0.002040254753848947,0.00041520159870600537
2013-06-03,-0.008287292817679481,0.013637697831287099,-0.00456122367023859,-0.0004370406173379582,-0.0020520671000351376,-0.0007977744694127598,0.0016734917102219082,0.00039784230099981777,-0.006813390535015618,0.010164105693621028
2013-06-04,-0.03621169916434552,-0.014711690241930753,-0.018927191161994927,-0.019357516859256352,-0.02306641045084623,-0.018065315841255924,-0.016276739942625018,-0.01375419435638503,-0.015745561493111793,-0.020097666149909932
2013-06-05,-0.026011560693641522,0.0014785573106690375,0.0003530029429335002,-0.0021749079049060427,0.002785765337977475,0.0018159005243647552,0.0031420731360518594,0.0007803201955800532,-0.00899562904410478,-0.0015501461768065994
2013-06-06,-0.005934718100890191,-0.024760389000451855,-0.02159062457388261,-0.013115376073396745,-0.013461892342864656,-0.016936769225931902,-0.014907966475481982,-0.014217314404042947,-0.007628379503974103,-0.014903112753618997
2013-06-07,0.0029850746268655914,-0.03524098703201095,-0.01329241390606628,-0.015692626207623905,-0.021828625774055532,-0.018895364372474743,-0.017313739139352746,-0.018418408538267816,-0.017953463523909696,-0.01108510449645106
2013-06-13,-0.050595238095238027,-0.040439864445569795,-0.024236420835949568,-0.03788902566990626,-0.028994201578832257,-0.03315288762157331,-0.03059225551862521,-0.040697331105100765,-0.02570019951353386,-0.026052053555414956
2013-06-14,0.006269592476489061,0.017479955338287834,0.01858785250385142,0.008415949526876965,0.012857979522582053,0.011453753695196411,0.005270735181377217,0.012566684764957259,0.010849635107919697,0.0032901661559441298
2013-06-17,0.049844236760124616,-0.0089305470090012,0.003263337121344856,0.004521760942623798,-0.0012944402141882305,-0.0031574959979393524,-0.002141030051087678,7.253867658452151e-05,-0.013129362437678815,0.0002545889308154248
2013-06-18,2.220446049250313e-16,0.008083238144160898,0.004556576213497809,0.002922175814962902,0.0009702633565846774,0.001833580832897308,0.003692938116597544,0.0029686889834315,0.007715046338058196,0.005037660864784188
2013-06-19,-0.011869436201780381,-0.011158986893264666,-0.006584153514465063,-0.008901769231836831,-0.006664101473138562,-0.006457744998982884,-0.0042733154783949345,-0.005663812126002976,-0.01064470759591396,-0.01295075757920483
2013-06-20,-0.04504504504504514,-0.03275121066729014,-0.02121280164486239,-0.02958985668217473,-0.029416243759274874,-0.023841835491042573,-0.029572919125405384,-0.023313631649532707,-0.029091396196844643,-0.020886256771721845
2013-06-21,0.018867924528302105,-0.004981396239304825,0.004826948243206619,-0.007122048684009674,-0.006548023859291208,-0.00541496248269191,-0.006316208130906498,0.0006540338221390218,-0.00728436399210286,-0.0018576528927662928
2013-06-24,-0.04938271604938271,-0.06385558281324766,-0.052358381153360556,-0.06600009802610318,-0.06157913721995423,-0.06306562614369715,-0.05934549218335994,-0.05435088377852515,-0.05927151009144871,-0.059134164089153174
2013-06-25,-0.022727272727272707,-0.00966969681721841,-0.004647817895898854,-0.012524137703974314,-0.010044949441411655,-0.013389644280182744,-0.00891021806467851,-0.005910286742543902,-0.014070342548822001,-0.013484442576565892
2013-06-26,-0.0033222591362126463,0.012630224086267905,0.00814685218048683,0.002976309523164078,0.00852202380595557,0.0068136187819352045,0.0025660635754973793,0.006312660461937902,0.010591648084951943,0.007213753298797698
2013-06-27,-0.04999999999999993,-0.024406941000381654,-0.01000187141249309,-0.014943782891134072,-0.015125966677628111,-0.004454867788234673,-0.013025294829048573,-0.011533474447705028,-0.015153692833080212,-0.004039934178743598
2013-06-28,-0.038596491228070295,7.983558221225096e-05,0.0017937198564781376,-0.0033771174124880288,1.5500890578001858e-05,0.004569429918831691,0.0030120337954080423,-0.002166725926083135,-0.0069297074118513935,0.004759779156850996
2013-07-01,0.010948905109489093,0.012881558391052428,0.011637177497604734,0.010352558043291937,0.010361917268973952,0.006638145732419165,0.015380077831674388,0.012562045370687391,0.021434870094856562,0.0024839293552487707
2013-07-02,0.0072202166064982976,0.009964898758251906,0.007613043895059457,0.005269854959333964,0.00769279585292737,0.00971628070173347,0.005047898297749764,0.006192942383298483,0.009882117288082748,0.0022643651669016496
2013-07-03,0.05017921146953408,-0.00948811412334738,-0.0018107174754873334,-0.0004590774693074007,-0.009329823983412755,-0.005571611940659582,-0.004624739217709339,-0.004141862681735775,-0.0007266281777967842,-0.004977504217222428
2013-07-04,-0.013651877133106005,0.010498264935344004,-0.00014897344103070864,0.012607923608926486,0.011350996904419874,0.005709138899562705,0.011763883875394843,0.005979161781030973,-0.0017171711745456175,0.010649519083341774
2013-07-05,-0.0034602076124566894,0.0022254229771836442,-0.00479817282484718,-0.0009780906561330793,0.0011528175200057333,-0.0031546050074001686,-0.00025543369599634325,0.0019518536977394252,0.009553696881618556,-0.002532585710961377
2013-07-08,-0.04861111111111105,-0.03807290614845937,-0.0458203027548616,-0.0334550354351969,-0.036250759654217424,-0.03854648913147707,-0.04009108188876398,-0.04333140655277967,-0.04032269677590794,-0.025252607149425788
2013-07-09,-0.0036496350364962904,0.000717773570481528,0.00608859624994329,0.0029107704310431526,0.005837252960206651,0.007072277233395541,0.006965188802965816,0.004282636420373631,0.017234665128893267,0.002191977639431242
2013-07-10,0.029304029304029422,0.02782584037051561,0.027674096251474323,0.028711161656750805,0.02601483542331251,0.03136307498005553,0.029036735497703692,0.02632629162903588,0.0273042456821897,0.0353406069342328
2013-07-11,0.021352313167259718,0.02897042944498729,0.023718625939758597,0.02130512808649132,0.027908037953852993,0.028267866989416746,0.02590596299884851,0.03064992447390069,0.021716591772123373,0.01918647750456315
2013-07-12,-0.013937282229965375,-0.009092128746811978,-0.0015465334212365622,-0.011556458105075218,-0.01274155354420159,-0.013442778341060113,-0.01490426566633285,-0.010749820859294212,-0.020785961665218733,-0.023649843902628143
2013-07-15,0.0035335689045936647,0.012248947890235229,0.01884780027272237,0.015833883088332668,0.011821872617283402,0.014764871986240102,0.012678157091146502,0.01085247958881741,0.020583714113281193,0.0032377324358281445
2013-07-16,0.02464788732394374,0.00945342144254746,0.01172780552070063,0.01040350401854706,0.010880950355433905,0.009192501214657423,0.007413819021510282,0.0061435532328759646,0.017023257084958,0.00929410695708266
2013-07-17,-0.010309278350515538,-0.0113454252992512,-0.013069085622691157,-0.010744255086564625,-0.007264865978719892,-0.009577450432311951,-0.010107811462460425,-0.013626970551268713,-0.009879077789457291,-0.012495352992763942
2013-07-18,-0.01388888888888895,-0.005426535261087051,-0.0007546859199304423,-0.005995080172378708,-0.0058423564746150625,-0.006273915584335321,-0.006937174468184204,-0.005507963954467621,0.0006205598844344351,-0.002090315530014819
2013-07-19,-0.024647887323943518,-0.0125379748833645,-0.023050103200656813,-0.025273495046726935,-0.023185114888347735,-0.02342272492969044,-0.018779789549989045,-0.02121001106891851,-0.018486602273472097,-0.02227717580059374
2013-07-22,0.018050541516245522,0.01706037256834292,0.010234454932674941,0.011153007716131924,0.01408797164662845,0.011341592106556053,0.010835255853707704,0.005791139826117009,0.012775517084139265,-0.0049892696656757
2013-07-23,0.02127659574468077,0.02603576469518254,0.01867105545184078,0.022041375218159853,0.023682180894433857,0.022585921465058778,0.021606614429794613,0.02308466438743162,0.02563949508459329,0.019789274142874236
2013-07-24,-0.00694444444444442,-0.010903366896170996,0.0011391410185790374,-0.0019243853520073406,-0.0007138500349948007,-0.0015592052158772685,-0.0009386288602665216,0.004331409128971231,0.01725421630785018,-0.010570152393557186
2013-07-25,-0.01748251748251739,-0.010237396387130948,-0.009376813710949783,-0.006734120129182952,-0.011094451163997876,-0.008017425617571572,-0.011958555629167034,-0.013452624744116348,-0.02161563344766848,-0.0014792818040425537
2013-07-26,-0.007117437722419906,-0.003984441126759997,-0.002913546124891697,0.0011045153643456374,0.0007599123744728153,-0.0017331464189426216,-0.0011154324222412138,0.0005022606078426417,-0.00971004714472079,-0.02668889678714359
2013-07-29,0.05017921146953408,-0.019635121305365266,-0.0069219606947076295,-0.017177394374318533,-0.021836076486629996,-0.014834771843393435,-0.015695896688462052,-0.020094786111185425,-0.013095034958628293,-0.014658288475848602
2013-07-30,-0.03754266211604096,0.002517719208804614,0.0006723639520942459,0.006552332680067385,0.003129839101115417,0.009181713628996668,0.003440443914563218,0.004004566926246511,-0.0098312637296184,0.0035132256504297743
2013-07-31,0.007092198581560183,0.012239855978124936,-0.0002456231427753197,0.003331689453585529,0.004694488570363253,0.0029936281016980093,0.0010192857103152875,0.00795124495671562,0.0008361453660132856,0.0054797861316637775
2013-08-01,0.010563380281690016,0.018861184135143816,0.02517168960819327,0.019907321202064177,0.024432369891977057,0.02092341770535655,0.0208584601958266,0.02317969759387628,0.02818715523221904,0.013342595958643733
2013-08-02,0.020905923344947785,0.008672779399592212,0.006036436840262116,0.0005870071007598732,0.004480443710945359,0.0012022865506895464,0.003408347722299254,0.007727708358751029,0.005893917476667454,0.00291030660521141
2013-08-05,0.0034129692832765013,0.010845827936262431,0.006443238283873054,0.01524296378210388,0.012971612012165235,0.013739758248814349,0.011802814133460071,0.01164533150745517,0.011647577263282916,0.008002542144632807
2013-08-06,-0.00340136054421758,0.013489164090510819,0.006745131427727369,0.011157780554899466,0.011435959236793858,0.010157986476760472,0.008882956661292907,0.015112725513970915,0.013085647501991371,0.007108366729086102
2013-08-07,0.017064846416382284,0.009789730772676641,-0.015182547911040789,-0.00634066925143395,-0.007359202223558903,-0.009450012408910191,-0.004262972677318455,-0.011751195762578215,-0.016401560382386715,-0.002550061146751159
2013-08-08,-0.006711409395973145,0.0031515003297286626,0.002338441932298707,0.0011766266979176265,0.004174738126077049,0.0009351662688334983,0.0005033405928285273,0.001832092444884026,-0.0031908419167419044,-0.0016453659284509925
2013-08-09,0.0033783783783782884,0.005167604356188793,0.0011207799115202643,0.012445684195131923,0.003602749437647379,0.006210771354984379,0.0027692579844300624,-0.00036000930054647107,0.009063592730787162,0.012561428624878523
2013-08-12,0.01683501683501687,0.010430382667863336,0.0149654634829115,0.018609388265740323,0.01919777096303754,0.02210443303510301,0.018925701740715173,0.019545724491604854,0.0177957006280538,0.008254863108392962
2013-08-13,0.019867549668874274,0.015027702907504548,0.008447480155263198,0.004235827057333275,0.008413835556490223,0.00922304230448523,0.009667363266280038,0.0059790144014924,0.008323235454853473,0.008590047582495597
2013-08-14,-0.006493506493506551,-0.01564108713980905,-0.007976656943021077,-0.004922524815884399,-0.006704211520018544,-0.002441217389069106,-0.0008402048406334073,-0.003691319697766149,-0.013394843159880154,-0.009362238460926653
2013-08-15,-0.022875816993464193,-0.013136864462877096,-0.010194877319962492,-0.005421075499134953,-0.011751682217994719,-0.006371444551002581,-0.00505981759720131,-0.00984104301975941,-0.009914768076982328,-0.01087019914751619
2013-08-16,-0.013377926421404562,-0.006683860922662266,-0.014474466827851806,-0.011590006116886653,-0.017408473209600372,-0.01368044069553176,-0.014325010877490385,-0.011638809824696117,-0.02170266924071873,-0.00895709535553113
2013-08-19,0.010169491525423568,0.01722067231058566,0.016404802490851855,0.013705980810179597,0.015700737966133582,0.016027886203962005,0.013850451854251933,0.014198628002822788,0.016873344202612994,0.007113719347842107
2013-08-20,-0.010067114093959662,-0.0062680973379337646,-0.0009073079828235686,0.00019979339289277753,0.003409346330443652,0.00025731873663614735,-0.004451438749815906,-0.008875389288379054,-0.00021770655211927892,-0.007902737913192737
2013-08-21,0.010169491525423568,-0.00018038861734470668,0.008377470444239643,0.0021092371913185026,0.006051316271323159,0.0071534025381378985,0.006211276393284448,0.008833598202427684,0.011538846968291105,0.005972123618578351
2013-08-22,-0.006711409395973145,-0.0034660749439467953,0.007567695504647087,-0.0009059099862918085,0.005086742204514216,-0.002246478887988901,0.0021417539637724747,-0.00031908872622599116,0.0014597319423690358,0.0025394863905652265
2013-08-23,0.020270270270270396,-0.010795619814907398,-0.00770917433162166,-0.006068035152185791,-0.0050793620846056875,-0.004412407263754248,-0.004757029198701912,-0.0041354617206946775,-0.012694788497626619,-0.014110858669628357
2013-08-26,0.013245033112582849,0.016566990854922636,0.014801879311225008,0.019922200325077632,0.018420519574682492,0.021880603277435018,0.026740631003305593,0.023801274321555432,0.019114790509396684,0.01779814311450245
2013-08-27,-0.0032679738562092497,0.01165406476742925,0.006897450563704499,0.006956783916785669,0.010645151808713171,0.010311472760810236,0.01631035692416294,0.011902866552469638,0.0007225587659107635,0.011487952006740798
2013-08-28,-0.006557377049180135,-0.010290107771898649,0.0007226318377246965,0.0002219889033714395,-0.008029445405449032,0.0008333788048380253,0.0034849047329483795,-0.0011571776611247753,-0.0003848910018995344,0.004319287601329824
2013-08-29,-0.01650165016501659,0.014448547524658961,-0.0012341454841986454,-0.0010276755292327744,0.004948411773606054,0.00710403708122187,0.009946043322486275,0.0051368422002047165,-0.011148571234807392,0.010875469526869352
2013-08-30,-0.01342281879194629,0.008635253589849734,-0.0062063629302873125,0.0021953123443778644,-0.004359859647906084,0.0023386014888391315,0.012338711415679215,-0.0014414297792433306,-0.001543495244374582,0.01244630044610262
2013-09-02,0.020408163265306145,-0.0034892095901692954,0.0046680580812019645,0.0074410253619099365,0.003656103410791145,-0.007702245027115473,-0.011082808875733652,-1.86370736229291e-05,0.02271884086591225,-0.01924493026726315
2013-09-03,0.006666666666666599,0.0064958504017307295,0.0177505339073889,0.00907864733943331,0.017086202583233012,0.011971484205641758,0.011515490442136844,0.009347549131366595,0.006911271003969377,0.024232457031936327
2013-09-04,0.04966887417218535,0.0002420289982270063,0.0012768165542558219,0.0070408999423738905,0.00367155995778079,0.003450169286533633,0.009386336745284218,0.003909606409941535,0.007776197581254474,-0.005397109532668698
2013-09-05,0.05047318611987395,-0.010985059467998881,-0.005958445322889028,-0.002804629382453405,-0.001094485555635183,-0.005053036597043592,-0.004468043889636397,-0.008734403639824695,0.0018748751685513376,-0.01335038853756576
2013-09-06,0.009009009009008917,0.0010639991948910854,0.010564555724026148,0.005116158649455915,0.007028390428664544,0.010951327622787943,0.01745136695662164,0.010664304372072442,-0.0004023868547751164,0.008444297912453491
2013-09-09,-0.0029761904761904656,0.010502223504025299,0.014665358266620965,0.01257436410045032,0.014029279822493024,0.017352141576979285,0.024586726114743884,0.013520774126708046,0.0051929649746056405,0.02061585744229233
2013-09-10,-0.005970149253731294,0.004477155890738382,0.011936098870859446,0.017836982188210282,0.01517285428120263,0.02156659377452308,0.02661385238795977,0.01551479188868421,0.010069682297341176,0.03591104988629645
2013-09-11,-0.012012012012012074,0.015612705338326816,-0.003196334517768573,0.007905789487274939,-0.0009686467117104858,0.003812693254905186,0.0008409486283131873,-0.0015601447935336132,0.0049051318138506605,-0.013999211554112434
2013-09-12,0.00911854103343468,0.0026825427291023995,0.001407173810660689,-0.0014228038445712743,0.00024003577323039593,0.0014547676398946052,0.005000767367689729,0.00551931707429576,-0.008322964166039504,0.003641154622661791
2013-09-13,-0.009036144578313143,-0.0009999647328522432,-0.004131452381620604,-0.013724477838439442,-0.0062801537025616305,-0.0028014856177679404,-0.010534397818499186,-0.006625095712437967,-0.0048303154857786135,-0.004522134966675528
2013-09-16,0.0,-0.0065579997461937545,-0.002736065117369346,-0.0030694604623596744,0.00011121833181326757,-0.0017953204553924351,0.0064106699841739445,0.0022285127634997792,0.004175756118246721,0.006274219632281586
2013-09-17,-0.012158054711246202,-0.023925470906384194,-0.021490654330954206,-0.015611978532261483,-0.018253917728445646,-0.026524160959315757,-0.025966723099192235,-0.026239349445029814,-0.023433649572500936,-0.03223322315302257
2013-09-18,-0.003076923076922977,0.0071065255535558425,0.0017793440614106704,0.003603107859520449,0.0048603254584156375,0.007017267532116733,0.010747248083737393,0.008539276557544717,0.007864809357817082,0.003221385254860376
2013-09-23,0.0185185185185186,0.017265789050562974,0.015836609995351747,0.015370478961857392,0.018710195262740426,0.018991759577812628,0.024095077230795292,0.017371171195513124,0.014057557411206956,0.013803401293171591
2013-09-24,-0.024242424242424288,0.009008823357270712,-0.0033830154135684465,-0.004826579576151735,-0.0007453844084746031,0.0009990086463558256,0.007346076407994895,0.004596935999334972,-0.00759812956984296,-0.002801569624125033
2013-09-25,-0.0031055900621118626,-0.015511569998819308,-0.0025372741598920223,-0.005155259334393869,-0.006343948629781826,-0.002214256459942332,-0.010866294225806095,-0.007906425317131371,-0.009518126281221617,-0.002146489707024135
2013-09-26,-0.03738317757009346,-0.019570790508167124,-0.0258814288085345,-0.018077275807034887,-0.01777000810372331,-0.025220903185112498,-0.03502940630751039,-0.02563464548518246,-0.02559410727119449,-0.02419090667390089
2013-09-27,0.012944983818770295,0.011540978549345882,0.0003275059413376802,0.0008031905218441882,-0.0012794142669969588,-0.0035133080729879973,-0.004261606477355628,-0.0038325489152026826,-0.0024481147384013413,0.0005517211181811366
2013-09-30,0.015974440894568787,0.011653435705494042,0.013011332211737114,0.0106369200524703,0.012636712271541617,0.013449241649732935,0.011647196343693045,0.009122410463191066,0.013922175864578001,0.0169247735357112
2013-10-08,0.018867924528301883,0.027942173382750513,0.013999024441441854,0.018116044185315427,0.017934921716110885,0.017277267851729006,0.017282173438375015,0.021366707762675352,0.010275659081841138,0.010072731838687066
2013-10-09,-0.0030864197530865445,0.00845751525571714,0.00793017197494117,0.0077429896941663134,0.0113262556179059,0.011217412994940279,0.014264728175862551,0.015215364099431694,0.0014785346011263467,0.014995396521744642
2013-10-10,-0.021671826625386914,-0.006738542624546984,-0.004184372392253888,-0.006375282530850734,-0.006083412552621348,-0.002557429860950977,-0.0001323518256761691,-0.005692729303173882,0.0009835642779747467,-0.011455799702565495
2013-10-11,0.05063291139240489,0.02404984925552367,0.01150922880252181,0.014531678470802278,0.020432136365424736,0.02037008864403589,0.025287116160899847,0.013943778062416756,0.011940150233383351,0.013433776309761614
2013-10-14,-0.0030120481927710108,0.003708700341034765,0.003679362679789744,0.01603619741647777,0.015563739228795503,0.0077164914140577245,0.012245927187411354,0.005643434546604986,0.006167919885545103,0.002776374635776291
2013-10-15,-0.009063444108761254,0.0016999861408772965,0.0006904142882171449,-0.0025444748701874964,-0.0044865122858880335,0.0028552847682892235,0.0030896997878928634,0.007068074666622293,-0.00023757247224009959,0.010054736280320054
2013-10-16,0.03963414634146334,-0.026081118063134956,-0.018413636365967934,-0.025963470371287545,-0.02803573245719415,-0.03024677648134988,-0.034859553496225604,-0.018685179918232597,-0.028075152433099215,-0.026848468347534182
2013-10-17,-0.011730205278592476,0.022761306386175795,-0.0001880607224269415,-0.00154641222462637,0.00454471722743377,-0.0016269910463189152,-0.0022276170374535553,-0.0028832527435440625,0.005633693663319006,0.00084653342801011
2013-10-18,-0.01780415430267046,0.003072116386032553,-0.0024320297992472817,0.006439511583297808,0.002951522972669318,0.003082840933822162,0.0015962777300093656,0.004751246352932226,0.007858662880882106,0.0007205666816858525
2013-10-21,0.009063444108761365,0.021284788017590373,0.022143207652672636,0.017454707212441134,0.021677754090083212,0.020145505090213067,0.021998299550200384,0.021380680460205914,0.014579780297826916,0.0191560537916573
2013-10-22,0.017964071856287678,-0.009378013810185437,0.0024399467262634644,-0.0037638548732598087,-0.007318992432081006,-0.006370077616821956,-0.01331027761587833,-0.00948224753938498,0.004992614710530585,-0.012811411385291183
2013-10-23,-0.02941176470588236,-0.012773353115263841,-0.020445660003567845,-0.0221028318480041,-0.017226566945258703,-0.023180877946898493,-0.03265499632428648,-0.020153806240862382,-0.030939943026413785,-0.02865205612022692
2013-10-24,-0.006060606060606211,-0.01014809491904689,0.0017866301408582252,-0.006811853519568256,-0.006170300432940534,-0.004445931450217655,-0.004857782925602017,-0.003403943790916575,-0.002172523310036256,-0.0007208252725352526
2013-10-25,-0.03963414634146334,0.0007570504734122352,-0.01261533290037753,-0.017369438418504135,-0.017617856860211,-0.018135826805073307,-0.01848450102409549,-0.016588788098668483,-0.012902994494447317,-0.016575939234269033
2013-10-28,-0.03174603174603163,-0.007783662640397426,-0.00043320231648047436,0.004122133186440724,-0.0007500316008011154,-0.0016281619869160657,0.005836294967052735,6.700602412190726e-05,0.004088858782811622,-0.004471163489674912
2013-10-29,-0.04262295081967227,-0.024102941663700417,-0.026238070006556313,-0.025810766326158974,-0.029293745559611284,-0.02497054151999123,-0.02101632079241067,-0.02204331871391918,-0.025548319557263333,-0.017580077836455987
2013-10-30,0.013698630136986356,0.01279015858181709,0.02320320050091529,0.017106911656904034,0.01629506849351703,0.02112979314454333,0.017060806505672543,0.025981215593637863,0.0176019651272048,0.02379976724661259
2013-10-31,-0.006756756756756799,-0.003083179804656888,-0.007658817851023958,-0.004976006596556726,-0.00781775925120165,0.0011549516932582993,-0.009070895906057141,-0.009235598665050415,0.00804364069750263,0.0038633187176504435
2013-11-01,-0.027210884353741527,-0.013763036530530681,-0.0075822833641182585,-0.002612202725931989,-5.496744024779954e-05,-0.002612051094967205,-0.004862320781935048,-0.0024095523173577327,-0.00599089289389787,-0.004045490188945844
2013-11-04,0.010489510489510634,0.01459294486729501,0.010205242258875646,0.0046209006412032405,0.007299512201383251,0.0022965957138845194,0.00658942911630489,0.005082090460360789,0.005043111626849894,-0.0007408088017986092
2013-11-05,0.04844290657439454,0.008105919154896446,0.01806727171561784,0.008633229953716848,0.010781762235183123,0.008949631840375671,0.011435542509616647,0.006549338011442307,0.006499727313192816,0.008002129978200045
2013-11-06,-0.00990099009901002,-0.008327397753610244,-0.0038416945844045314,-0.006103504311822605,-0.011090348681624285,-0.00793169597478982,-0.00936991005342469,-0.009060277520495541,-0.01682876119850285,-0.004223910315595103
2013-11-07,-0.00666666666666671,-0.025402651589907843,-0.0032786998662427402,-0.010156678353749338,-0.012202169538106156,-0.010052202977337221,-0.014599723653444308,-0.010806336282417894,-0.014279954159562402,-0.004755931297293903
2013-11-08,-0.023489932885906173,-0.012340957909712569,-0.012899822169264108,-0.011512124804635815,-0.013504653873372074,-0.00883261735598928,-0.014489368277292747,-0.011735171589111415,-0.013332169833820795,-0.009445839661985977
2013-11-11,-0.0034364261168383647,0.01031856322223934,0.00990037290996093,0.009050547821875421,0.006177143989884559,0.004822282483062379,-0.0012389511193341418,0.004544095661717984,0.00436152789681743,0.01283127836505038
2013-11-12,0.01724137931034475,0.01529054273496322,0.00878672141556991,0.011723795744466026,0.013098302889189561,0.010315441716709728,0.007844987830746053,0.007751493810009169,0.006847927201329318,0.004329529898125184
2013-11-13,-0.03050847457627115,-0.018016440134475342,-0.018791548574211725,-0.020554576466410568,-0.02064963110562612,-0.020002148858149438,-0.020538134702175137,-0.01917903262174825,-0.011517884096761577,-0.026957651812031358
2013-11-14,0.0174825174825175,0.009250637725185085,0.012144359279032901,0.015766079482795625,0.019373149067836826,0.011306899111736879,0.009929176019417785,0.008806148344216114,0.010410848664178296,0.0032687052670299366
2013-11-15,0.027491408934708028,0.021010898595110516,0.017478927321638693,0.020361091452398172,0.019534240758448895,0.018167027097587107,0.020172307353657493,0.01977133297058642,0.017588082387085535,0.013764468091128412
2013-11-18,-1.1102230246251565e-16,0.01721303573844568,0.02224469549070096,0.023689267359823685,0.021287355693614174,0.021829925719524246,0.026472059183631158,0.02116958733886798,0.01914073212637102,0.021237118636392216
2013-11-19,0.0033444816053511683,0.002401888641268446,-0.0004648102608640903,0.003541953282881316,0.0006582444872278437,0.0030996985605096228,0.004992491956454348,0.00301430517065282,-0.0021660833890735365,0.0109754036432117
2013-11-20,-0.0033333333333332993,0.004422616301845039,0.011950769688142238,0.007621699149283456,0.009895518965204131,0.0145035186890623,0.010130389445891064,0.007987384588447277,0.0039889362734206735,0.0030336620550974747
2013-11-21,0.010033444816053505,0.004252939037946879,-0.0045644396391706366,-0.0033074024158132875,-0.0033528283594613795,-0.00043144365526015527,0.0010155299432659248,-0.005139692030167842,-0.0008340443396941399,-0.0005657266210987721
2013-11-22,-0.006622516556291536,0.003538286681705305,0.0010941413180203252,-0.0016923351512717622,-0.004916689112984596,-0.004665795424525165,-0.011778565472631009,-0.0031075823839684658,0.006827558622198415,-0.0018856724800184743
2013-11-25,-0.013333333333333308,0.00645473872747071,0.00376084787599007,0.0035466856959609494,-0.0013891507188447116,0.003701963199085334,0.00674693511183122,6.3018020302063604e-06,-0.0012215454506678824,0.003290467793682028
2013-11-26,-0.010135135135135198,-0.00016645835164341705,0.009755201394465285,0.004701512454489576,0.0021003376664514573,0.0010455524920467418,0.006210984667633701,0.002913347872098626,0.018911761416809725,0.0031979368641950057
2013-11-27,0.006825938566553003,0.003589645694010324,0.012116138760895678,0.009330664589753512,0.010712146451698601,0.00860171697449652,0.007382358211872386,0.005692085321364004,0.01375424456257801,0.0036519459191863834
2013-11-28,0.003389830508474523,0.007692788176943743,-0.001912662578641644,0.013351021867074042,0.006924189381990908,0.007728213830198172,0.007221566708058846,0.006367130728601511,0.0090710281479498,0.0031110095470812116
2013-11-29,-0.0033783783783785104,0.02308233106333102,0.011861096394685022,0.007569311869727091,0.005595827657715491,0.00449857495670436,0.0026934997077547873,0.007707899019603781,-0.002766327123152723,0.0023748412635156146
2013-12-02,-0.05084745762711851,-0.051937034741199595,-0.04676574552539481,-0.04645713027570719,-0.042501832249857596,-0.04597630674668207,-0.033441089069967456,-0.032411387914420775,-0.028916477461679024,-0.030919379900418376
2013-12-03,-0.014285714285714346,0.02439638244011544,0.01533732800504728,0.014471907389198568,0.02393960813136453,0.021170234108117025,0.021661252347108917,0.021162523178208437,0.029639302046022387,0.017907171296936975
2013-12-04,0.007246376811594013,0.013108664044201301,0.018337868464198825,0.012018134658412505,0.022862268361177662,0.019704992853316394,0.023090157279488155,0.016415459453607673,0.012339224406881844,0.012491053101826077
2013-12-05,-0.003597122302158251,0.007842450109433186,-0.0012705963776086238,0.0010513762544699379,0.006154437034654903,0.0021791773839685558,0.0011828783056686554,-0.0024865323258517202,0.012444724858294842,0.004096554019675347
2013-12-06,0.010830324909747224,-0.003073369431766948,-0.0022397268389223735,-0.0009852222891545415,-0.0051829163273331424,-0.0036326420177926755,-0.004865013076030489,0.00326514016051882,-0.013852007492768381,-0.0007537955074755631
2013-12-09,-0.0071428571428570065,0.003854334363033951,0.007595477279503493,0.006736568883069616,0.006604226457282092,0.007437913497046811,0.00644718460080429,0.01140493433479195,0.007422583187878695,0.0036967075451597164
2013-12-10,-0.007194244604316835,0.002729389195825549,-0.005989305781254006,0.00425631030325424,0.004635594259178033,0.0069602389381295815,0.003950119955906217,0.003913864411277057,-0.0009025340893970002,0.0016712147281476852
2013-12-11,-0.014492753623188248,-0.0034140364037286153,-0.01209004451382989,-0.011297534291633493,-0.01502956373376918,-0.013202501738486694,-0.01861324176736956,-0.012834176828822041,-0.01633548992009437,0.0021817115634239492
2013-12-12,0.003676470588235281,0.015640370132417036,0.005089428953618302,0.0059476901901633905,0.0033219688867247577,0.0038145405560485734,0.0035446972104944408,-0.0005995725562247811,-0.002360797383370361,0.01010932255226038
2013-12-13,0.00366300366300365,-0.007635036490292069,0.0021219725484356022,0.009905131013598911,0.009226008272005481,0.0031588598168470483,0.006539621828237641,0.004158354518175589,0.00331269011214097,0.008703465663949306
2013-12-16,-0.021897810218977964,-0.018810529081781047,-0.009200018637507301,-0.017893208394433535,-0.012695764123050068,-0.01999956048847984,-0.0203087481617642,-0.012248713251839849,-0.01190957868567899,-0.017078119801744895
2013-12-17,-1.1102230246251565e-16,-0.008073960037277006,-0.006551594527570925,-0.007439402286687824,-0.01127168835899528,-0.0044365037126740114,-0.005391954193857851,-0.0066302312995505375,0.0034006409571634144,0.0016546171993436776
2013-12-18,-0.01492537313432818,0.0007856947876216935,-0.005143514847915531,-0.001046758703066919,-0.0034733164593245824,1.880631505835062e-05,-0.00026004761977627133,0.007358283211807759,0.005066122256536909,-0.014830142687760284
2013-12-19,-0.018939393939394034,-0.007611373884724326,-0.007482040668716272,-0.002780748110074671,-0.010205881709835052,-0.014270520680873089,-0.007723551405027118,-0.012268487414444862,-0.01713139533726271,-0.002691925058056377
2013-12-20,-0.050193050193050315,-0.017162030071663725,-0.016161410600837645,-0.010246189907864078,-0.014388403216369583,-0.013749011537174227,-0.01251374715649467,-0.012229638317489466,-0.023725787974426593,-0.022478752140920766
2013-12-23,-0.0487804878048782,0.00164081682424011,-0.009922385272503997,-0.002617525770831186,-0.002930019185133581,-0.005245497925079445,-0.007892834985558594,-0.002507596439294879,-0.0012226288502485971,-0.013889236011272788
2013-12-24,0.008547008547008517,0.00882095990966869,0.00416680501981026,0.013181373782967798,0.009501232813047489,0.006919278061581213,0.005078093513648518,0.009061193359745312,0.001886381233733303,0.019043765878800967
2013-12-25,0.0,0.008554503748066766,0.016878334773640757,0.015872532166884,0.018319630502987794,0.013591109410776125,0.011745609442113558,0.005501013906927366,0.015476857368054153,0.006393970995633769
2013-12-26,-0.03389830508474567,-0.024198027222697815,-0.018787920757713072,-0.018252801492243842,-0.011569785855588322,-0.01744881192538761,-0.01930592872353254,-0.013630259625935892,-0.02380224409067122,-0.020884829517617942
2013-12-27,0.01754385964912264,0.022846003001675275,0.02275193962670996,0.024909144354160917,0.01969091698165415,0.01711144204033288,0.0162418665075299,0.018992004003249408,0.024556490270879694,0.014234512554346601
2013-12-30,0.004310344827586299,-0.005806467326639031,0.004752976158377109,-0.00048153987896726314,0.005798876735856551,0.004297827256525721,0.00582484666331573,0.0070167087987140775,0.006728018378008516,-0.0014918705664177523
2013-12-31,0.0,0.0020632352884402128,-0.00429888926776556,-0.003869395855270241,0.0018827438407176267,0.0011001181270815508,0.003003354850929396,0.005601701307307305,0.004957162153762962,0.0020184738972155447
2014-01-02,0.008583690987124193,-0.0026636621250548664,0.008097578049205412,0.00806779984009065,0.009252708756165573,0.0019133508443764935,0.0029271814955307285,-0.0007750687895392572,0.009426036269135407,0.00433470189874452
2014-01-03,-0.012765957446808085,-0.010978799481645707,-0.0040389174360196956,-0.009893901776324432,-0.010561543710154608,-0.01422032915313165,-0.017206342896560645,-0.011024843427934528,-0.013786359483420885,-0.006837883626946817
2014-01-06,-0.04310344827586232,-0.03983776591087873,-0.025058099710837833,-0.035175311663646514,-0.028200098351381597,-0.031092515702408896,-0.03547985724411129,-0.0324524771661997,-0.01799886927391514,-0.023489780980598507
2014-01-07,-0.009009009009008806,0.0051407663416156435,0.0030317416469165526,0.0052356504361024125,0.005105232642582891,0.007361897193147504,0.009342677402947697,0.0008785379008044991,0.020642693377189048,-0.006766898821541356
2014-01-08,-0.01363636363636378,0.0036618428955850213,0.003210684645356121,-0.001196759353056076,0.001299202820930434,-0.001871039292040022,-0.005688051744071498,-0.004768364879178533,-0.0028816971912284384,-0.005428185703503341
2014-01-09,-0.05069124423963134,-0.017450766159326503,-0.014027848976305712,-0.016100117323805563,-0.015302877158777428,-0.014626390525391497,-0.010099133141143413,-0.014437568893970965,-0.02286624692756134,-0.01267547011714698
2014-01-10,0.04854368932038833,-0.01957778424315526,-0.015066157066214392,-0.01846347651463709,-0.013286257202902885,-0.00932568657819488,-0.013750425140999,-0.013858333889641972,-0.021477386828717027,-0.011732996801238516
2014-01-13,0.0092592592592593,-0.011648967819974487,-0.0010413027546112286,0.0016748157983199619,0.002007520852322253,0.0009207281375247511,-0.0045293255490267414,-0.002832447147532946,0.008096967816649592,-0.002941367656074778
2014-01-14,-0.02752293577981657,0.018813797439826363,0.022774742641909373,0.02016664171481075,0.020115759240388886,0.022048333996298908,0.018233845955797134,0.017973629189400153,0.02174409063303151,0.01639332784727987
2014-01-15,0.009433962264151052,4.337436583434773e-05,0.007986776916097726,-0.0016624171612421579,0.007911322699087009,0.004405847909967342,0.003574211068190225,0.0022321246140908357,-0.001137807581539807,0.012455731230077483
2014-01-16,0.009345794392523477,-0.0009811346077880367,0.0020486687163048245,-0.00042291087859802623,0.0020508405314021427,0.0016934675963660162,0.00038709721830820776,0.008046370098278244,0.0005397937947007048,0.011416594048214046
2014-01-17,-0.02777777777777779,-0.007117683467809277,-0.011123691388484902,-0.010108434594585547,-0.00924665646857692,-0.01021914380672051,-0.012309789188336917,-0.010109468667205634,-0.0038717343465314302,-0.004050883899811009
2014-01-20,0.033333333333333215,-0.006300332695532873,0.0037128502220922233,-0.0056913565644748365,-0.007025599119539705,-0.0033860868473414296,-0.0013050966716560142,-0.009232484989203371,0.0012555530218354427,-0.0004710183701854831
2014-01-21,0.004608294930875667,0.015747955164801875,0.025666164345653275,0.009268141820441,0.019296053708627525,0.016709561424899766,0.014697685652722337,0.01944382618095042,0.010208344114283507,0.008741396852986805
2014-01-22,0.022935779816513735,0.02751873030593832,0.028924569447105197,0.02338264099714138,0.02772736488214078,0.024646982194957978,0.02431080375170458,0.023932703289947455,0.02105931022740748,0.013433127987300564
2014-01-23,-0.008968609865470767,0.01237998834070031,0.01814316662063864,0.0019315421607859484,0.00654759798111626,0.004403594458942672,0.003726920544044887,-0.001939696158381965,0.0021902274623597506,0.005135886273267776
2014-01-24,0.013574660633484115,0.011989226481667004,0.014102042104910506,0.012859290887852204,0.004961234220743904,0.009001193109400507,0.011495659138551995,0.005358595704841873,0.013373982213247038,0.00564016870274342
2014-01-27,-0.03124999999999989,0.0029412578345233698,0.00013025172198988244,-0.005962709949177913,-0.0038752501960825914,-0.004023356496052344,-0.007310097075804212,-0.005064239217259625,-0.00418110015343276,-0.0017476373790843436
2014-01-28,0.05069124423963145,0.0015945031717841118,-0.0019507696209218883,-0.004922318715236185,-0.002677714635927919,-0.0002942272053129136,0.002879926906976582,-0.0014918763816933467,-0.0015012333730891614,-0.0027387487505976527
2014-01-29,-1.1102230246251565e-16,0.00628902867602954,0.017158506638968785,0.001991616361255444,0.008609077688564115,0.006007731743685518,0.001819235661231433,0.0029622555303274734,0.008601516222563,0.0013371852679020524
2014-01-30,0.021929824561403688,0.003478683912589986,0.003910052691602273,-0.0057668126372570905,-0.009686725779629923,-0.009791390446291293,-0.004221762160476428,0.0025324396031292107,-0.014295060071433774,0.0009017256725265543
2014-02-07,-0.008583690987124637,0.01726341996314229,0.02250852257988889,0.011988939658602149,0.018508358843381867,0.017574937098961074,0.013417632999356943,0.016414870771819023,0.016494136260335468,0.003869675766099201
2014-02-10,0.01298701298701288,0.01349579715640048,0.02849128265738554,0.024020748948216264,0.031202984723229354,0.027375811104551895,0.02783329588917338,0.023602915466477414,0.032980172727551604,0.023616286186747937
2014-02-11,-0.008547008547008517,-0.004313356317525496,-0.0029770991733129026,0.005359739572613931,0.0005420647150538027,0.0032188363692124966,0.00922260581543699,0.012548206353000912,0.0016954157904214284,0.0160360174264631
2014-02-12,0.004310344827586299,0.01690191822279008,0.007980909887532306,0.017004294877668302,0.009054845171484027,0.012734200767190007,0.007848755263284213,0.006267828983471668,0.03132002015298152,0.008624880071105068
2014-02-13,-0.012875536480686844,-0.021153669490673876,-0.014966675484446634,-0.011591900758553098,-0.01926132013163817,-0.014376866131309507,-0.011195804408133392,-0.0210249223367458,-0.0011389388508705744,-0.0008729760182413226
2014-02-14,0.039130434782608914,0.028046576771193044,0.02644565219256445,0.02269959946826461,0.02200339259745454,0.01641430370059571,0.016470763535257893,0.016106174403510476,0.007135631436133272,0.011263827926818903
2014-02-17,0.0,0.026845259881102645,0.02895983176656003,0.01731590562402685,0.02186018727100225,0.01730086502285122,0.015221463832370885,0.017753486471426605,0.042800909377177954,0.0023306268948724007
2014-02-18,0.05020920502092063,0.005708329776988874,0.008960105893082382,-0.004341638760907429,0.003007319023337063,0.0015470942256505804,-0.004226245000979456,0.007873195986735304,-0.0037554020727685877,-0.0008872755641295971
2014-02-19,0.031872509960159334,0.007867089948314643,0.012002002976140513,-0.0018722922281649845,-0.0037606208637930294,0.002020567608378876,0.0074466411266804755,-0.0028031751257336923,0.009050437716797033,0.015886518213256373
2014-02-20,0.0,0.0006827826073090293,-0.020070561524803132,-0.003265653401954949,-0.015020577236769972,-0.007457738893962174,-0.010015461901213829,-3.984423112290969e-05,-0.01596987965679797,-0.007709852353830149
2014-02-21,0.0,-0.024655764743814035,0.0035253836265931593,-0.013819480843049625,-0.0009582365831148909,-0.010092360825703861,-0.012629091327790998,-0.006253912022757269,-0.01608702216450164,-0.01635344872587796
2014-02-24,0.0,0.0018757542386806936,0.011020335403768122,-0.0017502787987943025,-0.0002222467318612198,-0.012002368776459882,-0.012330441145780191,-0.006569273149660826,0.023380604872118127,0.01154164118053047
2014-02-25,0.0,-0.03579198673385031,-0.033236180515486935,-0.03412365263410955,-0.04060155396538745,-0.03000100471535938,-0.030114083357381305,-0.01808891441612337,-0.05263251602697794,-0.026452846311891598
2014-02-26,0.0,0.01597299529020857,-0.0023325681647911045,0.009793610187782242,0.003369842835614145,0.00660529652266395,0.0075906976654100955,0.010188882030975455,-0.0019434247122729342,0.008682398952745585
2014-02-27,0.0,-0.015930847103083567,-0.014063189446141267,-0.005180446214296364,-0.00936161187433393,-0.00816364071093445,-0.0033671587177847018,0.0040397426196683295,-0.0005265546048753844,-0.005310624198288538
2014-02-28,0.0,0.022399988758390332,0.013991323304583192,0.007813010119572139,0.010344024889621384,0.01142929698056272,0.013687838018905829,0.000624439959188372,0.016809083051488205,0.012091072413343396
2014-03-03,0.0,0.02765437850422625,0.01847211090259626,0.018202106173123234,0.02244144562895567,0.01855673212304887,0.020956345407942223,0.018099415629198923,0.013307685510321354,0.01915125086613112
2014-03-04,0.0,0.01627103507901162,-0.0018714183358470304,0.0021087303803843938,-0.000656615303380903,-0.002068258948710877,-0.00186601885807669,-0.0008086994774264555,-0.011719482191370534,-0.0011798784122741823
2014-03-05,0.0,0.0061064742056056165,0.003116959655746099,0.005426283642848473,0.0009990401438269014,-0.00261059687045051,0.001704764007712356,-0.006243496126726478,-0.0026521016504085226,-0.004337069101893687
2014-03-06,0.0,0.009374325261412464,0.006366269387623413,0.004427512761328245,0.00646040434561046,0.0024895923022740796,0.0074984370349735485,0.0008283684321954699,0.018665502013396562,-0.00025068207374145945
2014-03-07,0.0,-0.007818628969851527,-0.0011731477277672209,-0.0023489151680713416,-0.0032109753506207594,-3.8448805649071716e-05,-0.00985107793352169,-0.0028529941410098125,0.009982944901256507,-0.0009136338290490764
2014-03-10,0.0,-0.031575468370034665,-0.03512463587573156,-0.035093284845127526,-0.04078497317495389,-0.03487018831249822,-0.03865987679574001,-0.04215146798397196,-0.04238628198197825,-0.02148209590666761
2014-03-11,0.0,0.006097909568681947,-0.013614903231391473,-0.0031549633781118303,0.004362861658297579,-0.0010833638953100522,-0.002403264594639243,0.008872149530365858,-0.007515052896307717,-0.0012595725053382578
2014-03-12,0.0,0.020216869800840254,-0.013372870329537045,-0.007888020943869867,-0.0014863424585209728,0.0002913188335980088,-0.003320742718953995,-0.0010838670087462976,-0.008890032511600698,-0.0021740084211322452
2014-03-13,0.0,0.005626961750734516,0.012795113622649401,0.006681381793012031,0.007411313028314659,0.0074620450373663605,0.0077574171051950636,0.013724103127920273,0.019338296891307838,0.0008919098803803482
2014-03-14,0.0,-0.011210166733018445,-0.0011647975634636598,-0.003406257900639753,-0.005109684436270023,0.0009238389143397807,-0.005623824979432479,-0.002457802156031641,-0.004023589013130047,-0.008696869454873246
2014-03-17,0.0,0.018900091171931477,0.030830537551625348,0.014660068385092595,0.018487107521890644,0.021852341715182355,0.016436831006824137,0.018920916219582473,0.016912917498336233,0.004271049773052704
2014-03-18,0.0,-0.0005254738090632038,0.02552694970884417,0.004639884248880843,0.004740731752713723,0.005001587018081732,0.005013249262166397,0.0013755570737858935,-0.003714102711610101,0.001549742565062795
2014-03-19,0.0,-0.006177786973820432,0.0026437354980297645,0.013722417587273439,0.004776546216901378,0.0017533971501699774,0.003782849752834494,0.003409508629112823,0.0022260790474795122,0.0007277262341369717
2014-03-20,0.0,-0.030537649047996496,-0.03923373359990234,-0.026465823910094666,-0.025737766164503628,-0.023037616407751482,-0.019790323439206392,-0.026661180435497034,-0.028606087163296268,-0.010571015944176865
2014-03-21,0.0,0.03656470869963324,0.02561796290154761,0.017560290141409363,0.025003164475294826,0.024964752292731873,0.024250479461241925,0.025462353233187685,0.022958348800604655,0.01080520321441436
2014-03-24,0.0,0.015134970244039536,0.010578634814998544,0.00809781746210314,0.012024340720106608,0.015353753412344906,0.015434151365656845,0.012103414519694988,0.012682603430002715,0.004969817736018678
2014-03-25,0.0,0.019873491691979384,-0.004192067629690044,0.0036225144020725075,0.0017064194429428081,0.006225997767127289,0.008624773313034462,0.0027641958369550856,0.0014958324102254394,0.007179145748492655
2014-03-26,0.0,0.0024645783003025556,0.0087153456342135,0.006826481722044919,0.0005378491609806524,0.002263804584048401,0.0026972620398058034,0.003904286112441646,0.006602596010155004,-0.0009729273479770484
2014-03-27,0.0,-0.012537564588358974,-0.03198125199937629,-0.011922000747642159,-0.01867861879775934,-0.014276134772404636,-0.010021378844678575,-0.011230228792835861,-0.015037673429367904,0.0007190564737031835
2014-03-28,0.0,-0.011326736993831243,-0.023905913283001956,-0.016790330309109813,-0.019938306559940222,-0.010673319205658394,-0.015780397595046347,-0.02279297829317306,-0.027327222544050955,0.00514319376306549
2014-03-31,0.0,-0.025412454256120598,-0.017337357622198346,-0.014009387881936952,-0.008696236017077696,-0.012833302978995209,-0.008848166369009536,-0.007379988592629894,0.00895201524442335,0.0032933205402034815
2014-04-01,0.0,0.013046398979642548,0.01920114256241834,0.012432748837525764,0.01602036965537934,0.012923334380503526,0.013983090850271607,0.01592239190231659,0.018742409807927185,0.0005724802240485438
2014-04-02,0.0,0.008914344646809846,-0.003656573399152707,0.002664087548241323,-0.004080095486216129,0.0015429308815781972,0.0020696353238125464,-0.0018442090980644865,-0.003610170997157325,0.011013757760185428
2014-04-03,0.0,-0.0042504064584200085,0.0015854609791183805,-0.0028926443667993684,-0.002952520978477202,-0.004206304358683632,-0.007299767138818525,-0.0037314308812766983,-0.005397507424731995,-0.015569607792439766
2014-04-04,0.0,0.010565521509208864,0.016434832108474406,0.009576802263865147,0.010281946949739718,0.00768734351939937,0.010536383735616939,0.013079048108726177,0.014199497695082774,0.00880666294986776
2014-04-08,-0.050193050193050204,0.002412050312595504,0.011886927636991063,0.012742306402858672,0.00835363048019655,0.011918781168507975,0.010406044029556805,0.012299012625815564,0.020730914468964468,0.01090229749290117
2014-04-09,-0.04878048780487809,-9.089286106989114e-05,0.00883214082883943,0.012653959288200456,0.004394722546213092,0.008802925729728406,0.008125544331232692,0.005992764445787557,0.0011825340504219017,-0.002917125458746339
2014-04-10,-0.03418803418803407,-0.005153845138318847,0.005896475772126264,0.0027963986516215122,0.004565491424128432,0.007124744957708318,0.006100017645043865,0.001481512482773839,0.008886939907279956,0.0016122299647018945
2014-04-11,-0.017699115044247926,-0.0031439910880181055,-0.010329936358145608,-0.003772330965351345,-0.0036751480456624908,-0.003363742464560282,-0.003676502617191657,-0.002335876970764983,-0.00603214139217878,-0.0007690477679461738
2014-04-14,-0.009009009009009361,0.004096237375859291,0.008138725234067667,0.004526828299632024,0.00584377397139213,0.00646087544324625,0.010060059259944687,0.0037246629841645174,0.012456201774998066,-0.0026296618254795234
2014-04-15,-0.013636363636363558,-0.01476010597770272,-0.0035075311365146966,-0.010258205007468102,-0.0049006847799423214,-0.011335042092210257,-0.006655603275258604,-0.010789793132390813,-0.00522045069327115,-0.0009102103695045605
2014-04-16,-0.04608294930875578,0.004070927307269656,-0.0012133122667621343,0.0028967612303987256,-8.552273858786208e-05,0.003090654742589072,0.005779467238231639,0.0021528044337453256,-0.0029960224929745927,0.002272569619542253
2014-04-17,0.004830917874396157,0.004255527435239825,0.0025285804634744835,0.00389121765891276,0.0004276925559529854,0.0012039012165305785,-0.0029097592853505327,3.5381725671967956e-05,0.0109641322192493,-0.006031629653583281
2014-04-18,0.00961538461538436,0.00031938516771279346,-0.005353602196528806,-0.0021086158170160463,0.006064620747230798,0.00580052913305984,-0.0007937733073234421,0.004198714826263661,0.012702938874675995,0.004177227693128005
2014-04-21,0.05238095238095264,-0.00883482564919591,-0.013042553692490744,-0.015221158592404027,-0.015586674122798239,-0.019897477270000796,-0.01877679506223906,-0.020212480136394984,-0.01461640075655224,-0.007641715323222886
2014-04-22,-0.04977375565610853,0.01110133417797532,-0.01133341046273284,-0.007903731341186604,-0.008852629793526412,-0.002647047394901847,-0.00416503811230573,-0.0028839014519218553,-0.003701250797383482,-0.0032966216654689573
2014-04-23,-0.014285714285714457,-0.018601742660775744,0.0037867037856162966,0.0014045335007502047,-0.004798409681485372,-0.003103850063823743,-0.0036543886662423475,-0.024926068714241523,0.009360374978624186,0.02970916275612212
2014-04-24,-0.009661835748792202,-0.004664304076468673,-0.020555580773577997,-0.009828803419972276,-0.007120404521559154,-0.00926275815156874,-0.009539474572607065,-0.0018402507807414592,-0.019083059160336258,0.0428083748493957
2014-04-25,-0.019512195121951348,-0.019134938322407313,-0.024230904317591118,-0.017202069654651653,-0.022090209121349402,-0.020178863750554665,-0.012229537853684858,-0.017736041294743154,-0.02301888557366316,0.03757442364316521
2014-04-28,-0.0497512437810943,-0.04012309296460548,-0.036574588300892996,-0.031863687810435026,-0.029898258304455805,-0.030408719093817038,-0.03669950959031565,-0.03474800103311315,-0.050589250250878126,-0.03474776578711802
2014-04-29,0.0,0.00709140771645278,0.016543701528132004,0.005098897007234315,0.012876413698853062,0.013530515947265398,0.01743809661150242,0.012138903726194528,-0.06900116945502288,0.0033641342106258687
2014-04-30,0.0,0.015503891486745802,-0.0012156439863105772,0.008388412146413726,0.01029473646115786,0.007761300452297837,0.010903802861238043,0.008891208224264258,0.004122729694909566,-0.0034938888056015305
2014-05-05,0.0,0.009001575088362523,0.012568446693365098,0.009162819221530949,0.008907834713405505,0.009710920398899203,0.010001258340308627,0.006754665145225047,0.005358270617412897,0.01360910410713978
2014-05-06,0.0,0.0022866452586867148,0.004448493598090186,0.004835382562555779,0.008838884127495339,0.0023174036986488566,9.68003708163856e-05,0.0001811238360995837,0.007379323983384589,0.012294655373889407
2014-05-07,0.0,-0.01581802489520534,-0.01859043392878782,-0.02138708419472264,-0.01901350815824624,-0.017544102373035633,-0.016364123486675507,-0.013674683807883975,-0.017262134715276153,-0.019050428210289787
2014-05-08,0.0,0.011684265889873258,0.01544994596853222,0.005688070288884184,0.006042871197097899,0.005172542501390209,0.003987352036177061,0.004135367019761249,0.0008880235677766191,0.00852885752082111
2014-05-09,0.0,0.003408542551461391,-0.002611097025262743,-0.0020420199885479162,-0.0008226007440234051,-0.006075089270243139,-0.0051458610588658305,-0.0037405566162789228,-0.005965308153036197,-0.001330458859298278
2014-05-12,0.0,0.03720054043210652,0.02260977612365833,0.03577549882872533,0.037699471977976406,0.030394388378650605,0.02750256211195623,0.025678078983585095,0.024520618589986887,0.02498227606318104
2014-05-13,0.0,-0.011302839767244555,0.002579883132957761,-0.0039034249596137105,-0.0017800173760630367,-0.0010869608906654005,-0.002073464666402014,-0.0033958732939702863,-0.0022501247932854573,-0.002113459835181186
2014-05-14,0.0,-0.005362682235005911,-0.0042477295991451,-0.0017710310199787749,-0.0011036102723779306,-0.0015984795071836144,-0.0036129632297818848,-0.0020210367498556536,-0.0010219478125393922,-0.0057753424049098445
2014-05-15,0.0,0.0006049996808936697,-0.01607907078390669,-0.01927360451834015,-0.019004904898983543,-0.018953657737397434,-0.019101303228074906,-0.017087265256828243,-0.01711200796791157,-0.018853359149406
2014-05-16,0.0,-0.003374625032623535,0.013377273653252697,0.005484545176848155,-0.002613101517994987,0.002899888103993886,0.004820612604730545,0.005378869700385813,0.0009036370799586635,0.008318387322850063
2014-05-19,0.0,0.011408741172429293,0.0029758988323140834,-0.004995985608967746,-0.008325626142700937,-0.005956964191916159,-0.003173288746665559,-0.005584060221427212,-0.004917173873820957,-0.01070637713841216
2014-05-20,0.0,-0.007701039288407596,-0.007158670408886292,0.0032657142591840937,0.00045377564911186496,-0.0014490476810554709,-0.001771355833356636,-0.00023167961690762073,0.0025375800468059317,0.0028582227356117595
2014-05-21,0.0,-0.0012330616693507768,0.014857411694801259,0.00861204692341766,0.009632188790255514,0.010055348188468649,0.008891265115690938,0.011164152815514194,0.00553619452551235,0.008189634768094312
2014-05-22,0.0,-0.0044034581381562354,-0.004591558064819812,-0.004682381585033313,-0.0064763336852220466,-0.008154944745245807,-0.005360340387545404,-0.0020258355481602708,-0.016075969180963323,-0.003959432811368346
2014-05-23,0.0,0.006447576874577532,-0.00034159290863200464,0.0076719599952026485,0.005524850040561358,0.0046214273683107265,0.0063412446319301985,0.003643235514907861,0.007997923832348652,0.005144477315399243
2014-05-26,0.0,0.002057835248344908,0.004001391073040983,0.0031276664347252847,0.006662538292720344,-0.00041601304131400063,0.005367846815969024,0.005351015216523924,0.005356303444802091,0.00378728810469231
2014-05-27,0.0,-0.007971118402739674,-0.0023030511283076427,-0.005509555337112726,-0.0038547052565425233,-0.005248566104815944,-0.004051305790256143,-0.0014326132379139933,-0.004699907937290471,-0.0066180322954492166
2014-05-28,0.0,0.005052639014614391,0.0023319173705078633,0.006424242410066672,0.007301255105232718,0.00671546935374856,0.006693230018859575,0.003545750213596932,0.008026587628295223,0.006652738842724659
2014-05-29,0.0,-0.010450147693425116,-0.012985023795582529,-0.010653600523263251,-0.01002476218599857,-0.010902477942476008,-0.01066305612327978,-0.011054297447783745,-0.01085369983724327,-0.010627200834955719
2014-05-30,0.0,-0.003951804946957349,0.00684012010254631,-0.0002120597286665582,0.0003146016597250778,0.0009029470316075372,0.0029070694928636787,-0.0008922666451379735,-0.0008509517444186265,-0.0007519343872536277
2014-06-03,0.0,-0.0026562134795407033,0.006541490436484221,0.0029173965104654087,-0.0012187522470185064,-2.1631388113063643e-05,-0.002205997213039157,0.0015225114760468728,-0.0005822368597139249,-0.005183308051989743
2014-06-04,0.0,0.00822686471517775,-0.010262199747528955,-0.005158190140402308,-0.009531193948192684,-0.010741359744470214,-0.010479345897047243,-0.010646434307236663,-0.006094958043590393,-0.00891940903688182
2014-06-05,0.0,0.002348706405789658,0.012606247056559772,0.007926392820982286,0.004365994130228312,0.004307648031401934,0.010771999309813873,0.008819127663018955,0.0109201713467304,0.007176147715533654
2014-06-06,0.0,0.011667539008072492,-0.006906816899380441,-0.005464723008109296,-0.004011342482736602,-0.005348689905864679,-0.0041742241697227955,-0.004789773953588261,-0.004908978540201225,-0.0019845319639217873
2014-06-09,0.0,-0.006345047832297501,-0.004060604462035378,-0.004882831655974029,-0.0038555416335251946,-0.003584519474619463,-0.00031486980410722065,-0.005300524425231545,-0.003242980642874649,-0.0074881088494669346
2014-06-10,0.0,0.00638556454477035,0.011219811140927405,0.008899301108746815,0.004542420213239584,0.008897923690197374,0.006999141954740384,0.010454864803608022,0.00647294845211599,0.008803420823972896
2014-06-11,0.0,0.0009842302995297647,0.006541394093171338,-0.0010335625932886838,0.003596166506490084,0.004907672444832256,0.0024259336746716986,0.0020328398246673984,0.001535275827228455,0.0005940151178898123
2014-06-12,0.0,0.0008215417297916527,0.004904697860515617,-0.0038436477681318415,-0.004431356392235686,3.777537052718216e-05,-0.0029197789836108434,-0.0037141190413676473,0.0027914909478210514,-0.007665743400013136
2014-06-13,0.0,-0.0005894732487732313,0.004992146080434745,0.008212643915232354,0.005727230407956085,0.008930330668325492,0.007748625416051924,0.006776022274602278,0.006280836322630545,0.010077818370206382
2014-06-16,0.0,0.0073552998515098444,-0.0007112054024150938,0.0031250965371514283,-0.0005208201771746968,0.004408863537930241,0.005092910991030486,0.0063108037745243095,0.0049300194412464915,0.004643596171680642
2014-06-17,0.0,-0.012697057341238493,-0.012977525169139303,-0.009016977839288787,-0.010215802455339373,-0.011020834856826922,-0.008029136664652436,-0.008833083785513507,-0.020265625527785214,-0.013013486999986168
2014-06-18,0.0,0.009686388854930339,-0.0029315549615933634,-0.002751142863748113,-0.0029501334993405903,-0.007392483269125005,0.0006164265968517935,-0.003773583258398938,-0.004050078567622628,-0.005480934136354199
2014-06-19,0.0,-0.02190408598050897,-0.026451835847042582,-0.02761316942584513,-0.025362837457774123,-0.022575236982402602,-0.02358586248467287,-0.022731270606912934,-0.018082781694000682,-0.018472567436455534
2014-06-20,0.0,0.004203559197820672,0.012525960142219406,0.006320646572066657,0.008171022450730314,0.007626850159350829,0.005664714854661135,0.005421595743046348,0.005736662318962971,0.0012859909612448206
2014-06-23,0.0,0.005581284337979886,-0.0013593240062667045,-0.003381288473878974,0.006327717849904824,0.006279234932436539,0.005630764936074506,0.0031474525546209,0.002428611948976034,0.004163049515867101
2014-06-24,0.0,0.0025065058955706654,-0.006125195229178537,0.006905330022477951,0.004669484210662933,0.00540877489942071,0.008616567940814557,0.007270061119158289,0.004059063934902962,0.007216013424723888
2014-06-25,0.0,0.006164741296156739,0.0022600860492514308,-0.001123926774554529,-0.0031538059568830823,-0.002782990649545347,-0.0032071533352403536,-0.003937314753860832,-0.0034999197500918955,-0.001150583993170473
2014-06-26,0.0,0.008808408390548639,0.009771038417942357,0.010058549711726483,0.01038176442906491,0.010326770001851227,0.014246090929777244,0.00930046051972444,0.007815312621787252,0.00959106474018534
2014-06-27,0.0,0.00410174059646673,0.012459759600865983,0.00608169043350304,0.006104105511836488,0.007233651290282195,0.014935475498123019,0.00760735611787311,0.0058652839122763645,0.009528710312107558
2014-06-30,0.0,0.0011540038757988924,0.014405552961864965,0.006985647945723983,0.0018133614567581446,0.0057628577351973576,0.012105836907208234,0.009320843639981646,0.005538227387041017,0.0063876042530921495
2014-07-01,0.0,-0.0086920109883879,0.0020193462591413525,0.005569724021957434,0.0036932893487693352,0.0035497231263861284,0.009787894582753198,0.005511457266759612,0.0013131262068810656,-0.0024854048253010186
2014-07-02,0.0,0.0006282490663411799,0.014785032622640415,0.007183987441030881,0.005851358454232125,0.00863346573613244,0.002760104669240926,0.004781720838425985,0.01080616456658623,0.008094689640973263
2014-07-03,0.0,0.00010266149510207434,0.0010657991896623198,0.012197911094878,0.005729421040877369,0.005815859633510501,0.0031452439182595437,0.009583484578508772,0.0063487990841930575,0.004227625477205121
2014-07-04,0.0,0.004077387374949559,-0.009797422975970527,-0.004127883379811403,-0.0033449483176826167,-0.003144454338530167,-0.004781859870552574,-0.0044509577987290605,-0.005394746551260932,-0.0018364763914323623
2014-07-07,0.0,0.004576931681051777,0.010644819817627216,0.002563862751355561,-0.003606445765705457,0.001646265113851575,0.0015470571385527432,4.258038096627281e-05,-0.0006007599933280927,0.003496031579269143
2014-07-08,0.0,0.01265776588547185,0.0006478739980930737,0.0034688860883820283,0.005089503566090725,0.0062055604124999775,0.003218028532553152,0.006882907840350283,0.00821724731098783,0.00362456254345922
2014-07-09,0.0,0.001337120322111307,-0.010217389827300694,-0.011716183097707278,-0.014675202429242917,-0.013326179997914522,-0.012274408291786831,-0.016204786325928144,-0.01626406847414419,-0.016268849506338
2014-07-10,0.0,0.023186595150548106,0.00417515986395145,0.00889590533747775,0.002017538641871708,0.007663369337554515,0.003939073157078532,0.006112166584292256,0.00995261750095966,0.020367339307540977
2014-07-11,0.0,0.03571367122540425,0.012052753857150211,0.01521021332295902,0.009672982284571585,0.0110078019490083,0.007829719364491838,0.007897123268889139,0.009050025934934647,0.013968090589409732
2014-07-14,0.0,0.0159211098459342,0.017130919328465444,0.008230341195621271,0.010568901510394024,0.01584492720283004,0.01749625530404364,0.00990771135350732,0.016866205277743518,0.009005978657006253
2014-07-15,0.0,0.002408532455031809,0.015417005122139837,0.0010273615748119802,0.0042900227174762495,0.0031432932820569803,0.0009747372858830428,0.0005462090692132104,0.0017693475657167834,0.00261856398782756
2014-07-16,0.0,-0.006855527811518991,-0.01848834535636501,0.0037145512889922294,-0.003169916332032119,-0.0034968773246276674,0.0004661607038396465,0.00428767264394736,0.0024822993909479063,-0.0010900447042423433
2014-07-17,0.0,0.01108384414903063,-0.006665133071558915,-0.002722510891375318,-0.0027928797128610183,-0.004334023040499679,-0.0045252305033176565,-0.00866086626173268,-0.0038024240394948228,-0.003546128369460444
2014-07-18,0.0,-0.00027740206029469583,0.008534800783483343,0.005533751445863544,0.0011637625050733291,0.0054287639695902445,0.007196618854450332,-0.009080412922022552,0.004681616402780531,0.0036432924140801237
2014-07-21,0.0,0.013724503673183674,0.00631018758975932,-0.00022469081888232267,-0.002908007872738816,0.0009057189502483798,-0.00015210648320163056,-0.004597271934966063,-0.005475580186620088,-0.005989831869051332
2014-07-22,0.0,-0.0031357540777606774,0.02158845053371028,0.011145934110740496,0.014902879294222293,0.012472141498916622,0.015384314958408085,0.009100638829832475,0.009384679919555605,0.009626889315956566
2014-07-23,0.0,-0.004446078556492483,0.020749974650139835,0.0016764754974805118,-0.0004288633252925722,0.002543501934766379,0.0008091471865738775,0.0031558340532651386,-0.000641374274242934,0.006115056956910836
2014-07-24,0.0,0.005052565924028363,0.005944310071843706,0.00666391205717809,0.009120249100323052,0.008883474431288896,0.0055276301181681475,0.007772986510757196,0.005819375173764962,0.010354049187699665
2014-07-25,0.0,-0.010396706666644495,0.008251340657671635,0.009854689701034092,0.013253704936775357,0.010247519955607576,0.006751329545867213,0.014359738330800509,0.010613678229323797,0.012776251894960566
2014-07-28,0.0,0.00754440412103885,0.022810301914613973,0.018838298319256985,0.017458627269062665,0.015190172498851684,0.01616373469335408,0.015009901528060032,0.013052152873416212,0.011793801415569183
2014-07-29,0.0,0.025084310783059616,0.01669605103416738,0.011581102944771882,0.005223188958172642,0.006346291275587612,0.003771030868687575,0.0033558896330556642,0.002650074529628954,-0.0051141912215391105
2014-07-30,0.0,-0.0017467573585147056,-0.0021445032000817488,-0.0027471884183355444,0.004208602253038762,-0.0039991045319826,-0.004524897218542989,-0.002850190398671182,-0.0009982883207692028,0.00032203915797746063
2014-07-31,0.0,-0.005649744510288546,0.01270756196254319,0.010981002778907012,0.00884789838269362,0.013060706593872595,0.010037070611332854,0.01049657205857768,0.007543530917467622,0.005105507428529776
2014-08-01,0.0,0.004768206011595444,-0.003830108128282328,-0.009347915954726282,-0.0070350979241303735,-0.008771179101470183,-0.013355097612925748,-0.011376987644325265,-0.00967384172898822,-0.00779761825495795
2014-08-04,0.0,0.03667026054597389,0.03400124797947779,0.020366051637153992,0.018568198879570064,0.02499268936875354,0.01833262290686366,0.01684666819302505,0.019894526702153525,0.02612514070323191
2014-08-05,0.0,0.006198345234446956,0.002207881842263504,0.0019169595296544273,0.00824946786869396,0.004126823323818307,0.0046035034377911455,0.006500152889248323,0.005662119357110251,0.016075500201907067
2014-08-06,0.0,-0.002121172160550744,0.013928191145638147,-0.00021488201505714954,0.007035220498480044,0.005276148530238833,0.0050935367082562966,0.007529054968310689,0.004198251929723895,0.0036740297860184956
2014-08-07,0.0,-0.00839042771506271,-0.019517582736072736,-0.011419881221299444,-0.01630958839327845,-0.012661683450482464,-0.013808845095195643,-0.012601094235890398,-0.009792468620706152,-0.021854823239980004
2014-08-08,0.0,0.0033140906414610427,-0.0003986783282748929,0.0014455783737281624,0.006641802501761607,0.001815233643307268,0.003985797147199266,0.002097582627988759,-0.00025205486547008604,-0.0002701297336303865
2014-08-11,0.0,0.012541489270710748,0.015505485362427684,0.013224753445257864,0.015417484622738398,0.016299207016187367,0.01617829758802758,0.016728085766795964,0.013720808734146939,0.014910209751075376
2014-08-12,0.0,-0.00017343888385923378,-0.0038162571488370434,0.00223893702120459,-4.5345679199448874e-05,0.0037176830177299003,0.0039023747320319213,0.004017807288294817,0.0039543740527210325,0.002001441706990237
2014-08-13,0.0,-0.004824017121886071,-0.001668760806521452,0.004795977760688741,0.00341442163218475,0.003203250247479028,0.002800500493771896,0.004087713694894246,0.004721502745869355,0.0019033810871542656
2014-08-14,0.0,-0.01615861410113728,-0.012619885988961355,-0.006460114628311864,-0.008535168069926269,-0.007518014767681214,-0.005737733598942141,-0.004180534052100837,-0.008133104601395602,-0.0036060838866445177
2014-08-15,0.0,0.013072615433762813,0.003863685096650027,0.006276811119808379,0.00897734430466679,0.005596820728902552,0.01248386006260005,0.007769295244454799,0.009311610072793242,0.004223820520620647
2014-08-18,0.0,0.0014407461079171124,0.00964613408899706,0.007347207134897227,0.013858547712992664,0.011980397704394408,0.009386008018071212,0.010651690444679618,0.00867077072636957,0.011987326165864953
2014-08-19,0.0,-0.012536093055674713,-0.0011598696470658254,0.004272236736742485,0.004232830102753216,0.0017361709319292373,0.005892258727435262,0.001503398610052331,0.002385135971168628,0.010896229806292235
2014-08-20,0.0,-0.004168563742125153,-0.0011697892753396166,0.003931239149173926,0.0032522891760211614,-0.00011393886337884851,0.006046462686662979,0.006715039003108547,0.001070730567635847,0.003605534154677903
2014-08-21,0.0,0.0037166847611040943,0.006923327253738343,-0.0023272319119368445,0.00019001707554044955,-0.0028311900508961596,-0.005888665897920475,-0.0010732927018385352,0.0004228821682716877,-0.0071467110059202366
2014-08-22,0.0,0.022384676187656716,0.009997200036693465,0.005190639779367068,0.003591946603568541,0.004523800387828958,0.004642683755615495,0.006012759565287462,0.00902123425551582,0.01023027185993075
2014-08-25,0.0,0.022066548237638983,-0.01289426436064145,0.000867330309708203,-0.010172262053987025,-0.0062418927602488905,-0.006218156063176772,-0.002966637776043335,-0.008777786310102953,-0.00774349024316745
2014-08-26,0.0,-0.023350146724345322,-0.020401256946194657,-0.025347223778150796,-0.015959103985731304,-0.02135913793404387,-0.017264476575742815,-0.017993783954208697,-0.020602261659751542,-0.02876281153841198
2014-08-27,0.0,0.0012837464686139555,0.0041508297108747705,0.0011442295066044217,0.005839795053253827,0.002617942985669197,0.0030085391162757436,0.00018990303721366786,-0.000599503395816714,0.0024904407595118805
2014-08-28,0.0,0.02880997736535562,-0.014366731500724095,-0.004511657314739792,-0.004672766305583775,-0.00579823959109238,-0.008383710341347994,-0.010988562888674336,-0.006933953630877898,-0.002537497677518319
2014-08-29,0.0,-0.003925261009336545,0.007338952785053143,0.009001901957485181,0.00894073973770082,0.013040245188321808,0.01110813156093804,0.011257146546689523,0.010248387122729019,0.012936994911937116
2014-09-01,0.0,-0.003050136857911223,0.023876565195617427,0.01313319866936613,0.017546874630580245,0.013685979290198436,0.013957721040726456,0.011134907804562166,0.01534840226960088,0.011704494028020429
2014-09-02,0.0,0.021128613563678345,0.020051433797915408,0.014221284827262926,0.016438531136172108,0.016905238727891403,0.01677184835285095,0.01589048579296759,0.014677622380918853,0.01158515666297344
2014-09-03,0.0,-0.0028677987655915116,-9.077431717630091e-06,0.006537823831226364,0.009579651440396297,0.005331800022180699,0.008084807282554785,0.006762103033282951,0.01119370778384976,0.007015368735663774
2014-09-04,0.0,-0.0021260479307693148,0.008751617575236681,0.010430765634261707,0.00792526498823154,0.011955069167445709,0.010080830309263211,0.010313840707009359,0.005918480415853633,0.008061837161647878
2014-09-05,0.0,0.0009611114017953337,0.014496092485398515,0.005501862246203748,0.007254593974365342,0.005016254358497285,0.0067738962083856435,0.009012892138614559,0.008973452103792967,0.003577594603694889
2014-09-09,0.0,0.032705263845794974,0.01232654809219147,0.004402907660321365,0.007119860173951276,0.006152510808627554,0.011819443990663148,0.009011509028401754,0.013255497909508751,0.006565223289653144
2014-09-10,0.0,0.04757925962857801,0.0031077076938508252,0.005383480275724661,0.002108339165155071,0.008008079324710815,0.006959064674595616,0.0022753810334905644,0.010144698794306128,0.0023359541442229403
2014-09-11,0.0,-0.0026791086476720682,0.006505029339605617,-0.0023570978460644154,-0.0010616608520567228,-0.0031083606298960564,-0.005313172783380504,-0.0010391149271612443,-0.009121056819280438,0.0027896615290334825
2014-09-12,0.0,0.007839685079011005,0.028744805891811165,0.017399861681462125,0.011082571443214118,0.017321906113231256,0.014615900041657248,0.01556803404584639,0.019281768176760083,0.011089035466988806
2014-09-15,0.0,0.0033434662000337845,0.0220803881801519,0.01495182716036303,0.013671342388554164,0.013315080715577299,0.009284363299847609,0.017308869479408795,0.010994837565484694,0.019643447173074424
2014-09-16,0.0,-0.04624513570152522,-0.037788142606297925,-0.024248378814702543,-0.02740085914040835,-0.026036535031178643,-0.02744669102552688,-0.0210063536414139,-0.0141236369269927,-0.010271658374924608
2014-09-17,0.0,0.005403060119588243,0.016715784271041034,0.007574644024969102,0.01168510089418362,0.014043640651709488,0.010495577319130645,0.008808544154393916,0.008770130933859477,0.0207393080217233
2014-09-18,0.0,-0.002638535058867686,0.0024286634153212194,0.009455675175537026,0.006616510551648469,0.005699079289348541,0.008313956507911335,0.004021782390579931,0.0075792262164022794,-0.0003992839400552839
2014-09-19,0.0,0.007989797516697594,0.011087003150677344,0.00885950694079174,0.008961972520195038,0.008940815308983385,0.006401299878452837,0.005208977704033391,0.0037568897273629887,0.005918165327996938
2014-09-22,0.0,-0.02992280125484914,-0.018544938916033704,-0.011179653529271194,-0.015950234301066346,-0.01906309934032735,-0.014857056894684084,-0.02592016374838968,-0.018940607849236013,-0.0256871971492747
2014-09-23,0.0,0.009668107097736911,0.019529906825765275,0.01342816784827705,0.00907261080757249,0.012879292357943939,0.016093109439371478,0.009667775529538458,0.010780689517677855,0.01135137235669248
2014-09-24,0.0,0.019907981156649823,0.018143288593645,0.01336728478724103,0.014968906727139464,0.017579455714435976,0.018468715527278246,0.015423254003646525,0.01425070358255276,0.009536935035726168
2014-09-25,0.0,0.0019136307919989104,0.003466451278449023,-0.004184388028217301,-0.0023023683630226666,-0.0006532864165266217,0.0032067534567317146,0.007176701085062742,0.0038016151567046297,0.00015867920159595705
2014-09-26,0.0,0.007987312401498858,0.006977752061503306,0.006581385777231441,0.006445730311048781,0.00715747660020738,0.00764893618788598,0.003031056226652007,0.004489939560022194,-6.254773968428218e-06
2014-09-29,0.0,0.007508616272034807,0.022330903447541184,0.01209991087017026,0.011859697314387851,0.009827704872933385,0.01014596797231837,0.008496725817739526,0.00673350374514925,0.011246358636927356
2014-09-30,0.0,-0.00040906142222141284,0.009686421318308547,0.006469226462433975,0.006722054345419171,0.0071926114615237235,0.0002814389823846408,8.866126648410244e-05,0.0037677872161892,0.010488979201169535
2014-10-08,0.0,0.0036636813568788895,0.021742954874949483,0.011999084993175924,0.013266372958635753,0.016775743623691497,0.010354087338073192,0.011314178068094538,0.012581644824775085,0.01798618670018337
2014-10-09,0.0,0.010145468628012466,0.015592546601908008,0.005742723497213609,0.01062923062175325,0.004333381593892627,-0.0006705729041804886,0.004233428234828418,0.010807555444110495,0.0050026999390240245
2014-10-10,0.0,-0.0006299089436127003,-0.0070794783757074375,0.0019515861917172028,-0.002043268163358758,-0.0036048057827817725,-0.004557566452091932,-0.004937391772518396,0.002846924552098562,-0.005030380020591307
2014-10-13,0.0,0.0012622452011998853,0.01305609242539596,0.008437142084587679,0.010429924042340666,0.0042308059557361055,0.005056944793650597,0.004301022866451065,0.0008335702970319048,0.0004305717762613792
2014-10-14,0.0,0.0230184294192346,-0.013871989420799813,-0.0020604990530731504,0.00034255316605746877,-0.0028993025546010243,-0.0035180191904821134,-0.00030817435659191705,0.004572768702854946,0.0006808973537368868
2014-10-15,0.0,0.002023097905821114,-0.01632734560026261,0.007412597426277978,0.0022465398785345148,0.0035665936403552756,0.005351699127227549,0.0067218885875908185,0.005836316455944512,0.005745653373800952
2014-10-16,0.0,-0.035048033140514745,-0.01532214880107241,-0.014551858601125733,-0.018364698396931556,-0.012747128117347573,-0.01758428374363652,-0.01569405498124432,-0.016185827921822105,-0.018974068377232034
2014-10-17,0.0,-0.022323090447548766,-0.013357943789818028,-0.0196123641378263,-0.00978039581926582,-0.014131765138590158,-0.013412686755440717,-0.015585863161519442,-0.01838456600368288,-0.01727374018773098
2014-10-20,0.0,0.030131394223239738,0.02174924498190456,0.009808017486564458,0.010837733672919958,0.013762532782910508,0.01022110176786506,0.017845752940800264,0.013540646191495087,0.019990429656796538
2014-10-21,0.0,-0.014631352887158111,-0.010489160673880615,-0.010377784748113683,-0.014370166412306706,-0.009277678047512339,-0.01030863651061209,-0.004033954767440395,-0.002344590731249041,-0.01329969403559561
2014-10-22,0.0,-0.008055749461726158,-0.005945742254576447,-0.014410820674007119,-0.01569879909675631,-0.011740489508683005,-0.01293138445575126,-0.013123346594316354,-0.013017612657583277,-0.009235903900204456
2014-10-23,0.0,-0.019035837484293272,-0.028548299127558185,-0.023610606366427533,-0.0222581913990737,-0.015888805781803628,-0.018508621912663115,-0.017015325855833985,-0.022630310009069787,-0.026580434454640867
2014-10-24,0.0,-0.0030998261695900364,-0.0032534142939014687,-0.0013780941912120426,0.0013137650872807605,-0.002021505357004183,0.0014061841511567863,0.008564599776118564,0.0016759324154889121,0.003968989186372118
2014-10-27,0.0,0.000215361845834261,0.00613321040678394,0.006619920425700254,0.005521473210628791,0.008215267909034596,0.0029413438939942527,0.0011469354125099862,0.004056509468546077,-0.001570481829009318
2014-10-28,0.0,0.03431472350407083,0.0426979836948258,0.026361729854041505,0.029442712789387704,0.034640136165583923,0.024976940495589295,0.025915311702291,0.0295529419608227,0.02860699079675566
2014-10-29,0.0,0.011847281530140696,0.016817015702974336,0.01876788545865482,0.017372013624553206,0.022884116721024306,0.018325471155926865,0.017016795998560985,0.02156872034542401,0.029012621597384936
2014-10-30,0.0,-0.002768197033192199,0.018140845914023096,0.010204557070361941,0.0057703136660107734,0.0060268766504871785,0.008371394293511747,0.014770596227441812,0.014193165049116496,0.009063300208911551
2014-10-31,0.0,0.01421053680217188,0.005591698199621353,0.006595520022581791,0.00725418796935462,0.007222706440661142,0.00659732813989744,0.004399788643673741,0.002693336695417603,0.006792542572084503
2014-11-03,0.0,0.034879679709601596,0.006985308545198521,0.0203865530924896,0.01515368689906027,0.01643108412047911,0.017430134108832096,0.016518802239759767,0.024258847891640567,0.03130133094081744
2014-11-04,0.0,-0.007204135601714512,0.01878131055085097,0.014448171003978105,0.007155036193827735,0.007113711317570548,0.0039361023327320055,0.008310961010430384,0.009969908385063508,0.005665620461365428
2014-11-05,0.0,-9.307920204248976e-05,0.004838294332673243,-0.005285520480232786,-0.008786967465393869,-0.004704903080510303,-0.006390290852144154,0.0016699325686950761,-0.009806096962154176,-0.01140625467772638
2014-11-06,0.0,-0.0015669384744075865,-0.0067600742742777165,0.008284531520560412,0.0039345795451308785,0.0028043073844175037,0.0034165346137580155,0.004621259562785918,0.005643260519003546,-0.002908950145535827
2014-11-07,0.0,-0.028557349186835834,-0.015461992066979957,-0.006974010911260153,-0.01142540202181963,-0.012958392659159657,-0.008728160284842024,-0.006360497736311754,-0.008135406250283306,-0.019236138604833197
2014-11-10,0.0,0.01378473594148133,0.012919962605471236,0.020112519481622737,0.014812426798608058,0.02275992120100412,0.022142186850959922,0.02215613516208692,0.02114635856518121,0.026030994541400343
2014-11-11,0.0,-0.03104176191820851,-0.04153489025072232,-0.026364137240922014,-0.02995895358184386,-0.03437151053813481,-0.03111429676572197,-0.024393059080816126,-0.03333502577948577,-0.02542350245750491
2014-11-12,0.0,0.011313533391743125,0.014016304764729703,0.02184817702296149,0.01689274324956158,0.022032466387254868,0.016729553361061855,0.017827187456651794,0.02422024847447246,0.014612652480711752
2014-11-13,0.0,-0.00801982575829907,-0.01104143414751646,-0.0017284428442485567,-0.003613790373315773,-0.007123183540517886,-0.0034738771769075028,-0.006814934194212308,-0.007190596401014937,-0.0018260727791772347
2014-11-14,0.0,-0.005339248971803823,-0.0060556426015415665,-0.007996223291889093,-0.007652122308360765,-0.005059173288702534,-0.0048700044674598875,-0.007726545581741795,-0.008174398600141575,-0.010923790051162063
2014-11-17,0.0,-0.002168656172032213,0.001908763448027262,-0.0012400954529947494,0.004816649442456855,0.00256099358228723,0.006864162534016449,0.007031712397167933,0.0027817002730066154,0.0018799717971500485
2014-11-18,0.0,-0.0018056634731332677,0.005675822476070458,0.0005323002108932329,0.0028730081005527985,0.006480235935767187,0.0014647624448285157,-0.0006641796461485105,0.00023102591167600828,0.005653003098189169
2014-11-19,0.0,0.004685900871264526,-0.0030265194976460963,0.004430319733025323,0.000668775995591675,0.004479551208291577,-0.0008581116911430264,0.0002507696902469547,0.0015962752726579321,0.004780841239766298
2014-11-20,0.0,-0.0017547691875061666,-0.0008796043986716295,0.0009894915204720078,0.001332014301260287,0.004733251783494596,-0.0008198233277897371,0.000770940814944554,-0.0017536199056986668,-0.004549291215589446
2014-11-21,0.0,0.021564291633704435,0.011991880071611671,0.014109362536425918,0.00975292761125579,0.013763922049075505,0.009619341671638804,0.015144777668627984,0.011396819049900753,0.010149838409130085
2014-11-24,0.0,0.005865699385937395,0.027146425090479598,0.023723961345911926,0.017319189340227803,0.02078140327434852,0.019586283037137164,0.022790817621759496,0.01790415473970075,0.022684933836144783
2014-11-25,0.0,0.007105223808546723,0.014372018857092606,0.01348665523464998,0.015212243103897238,0.014334510192774097,0.012628386665817004,0.01549885040360044,0.013711922254936226,0.009793244712354543
2014-11-26,0.0,-0.015179212467000158,0.003509777735007491,0.00018988672504538506,0.002330463698066776,0.006311957533339463,0.006376777994555827,0.00120881695490338,-0.0006426908726834268,0.003696342960720189
2014-11-27,0.0,-0.003035744788145278,0.007056309932877758,0.010611010675410704,0.007387203279008547,0.008494969796605467,0.008197429136149736,0.008488647925034343,0.0010150476589072532,0.00020558289022942766
2014-11-28,0.0,0.004627671440795567,-0.004761685421271533,0.015491064156378798,0.0036529239005202996,0.009965960189038503,0.007890733022118734,0.004272747958549816,0.004817222790905795,0.0066628136826785145
2014-12-01,0.0,0.00943650368794291,-0.020910914219612553,0.009128517582252638,-0.0013661229801466002,-0.00539868627044382,-0.0007357407142498662,-0.0006499974344207349,0.0012605266805874038,0.00989714511626727
2014-12-02,0.0,0.0007819145127234695,0.011345939270948069,0.016561879325762252,0.015523786719177757,0.013364312778049836,0.012174578813983983,0.01601538082313958,0.014831222089383367,0.011311619656728
2014-12-03,0.0,0.007615805095701589,0.017546989557051473,0.005590542094672468,0.016980053329041622,0.009423141624351095,0.014561223406453161,0.013117698134645916,0.012525983102224636,0.010907482969684912
2014-12-04,0.0,0.004294362529361662,0.030302135669436625,0.025621293786804777,0.026180095467872144,0.024172913615705616,0.02198887420263973,0.024563769009122938,0.020303021353401673,0.0279991567757778
2014-12-05,0.0,-0.03635897739877769,-0.004554047066371525,-0.035055807031820096,-0.03291158715264142,-0.026446059468642646,-0.03576841574507106,-0.020660897517922994,-0.02656608799816107,-0.039316108708899566
2014-12-08,0.0,-0.007321756823012726,0.023959393971472842,0.017065699366509257,0.020717777713264107,0.026709055247996716,0.022009489035975216,0.032150062171088845,0.02843497122738836,0.027979655897299782
2014-12-09,0.0,-0.02602466288645311,-0.061355665827435235,-0.039137803572935836,-0.03934154882964236,-0.037856520768353,-0.03763461122357181,-0.0352918863902556,-0.025651363701041152,-0.029576089662389893
2014-12-10,0.0,0.020758696534637355,0.021990849661900347,0.037135023961953895,0.038274668808592205,0.036597158702382115,0.03774804309114521,0.04105632675303861,0.04039070486434837,0.04815134888346617
2014-12-11,0.0,0.044525237907545145,0.013398901804558605,0.0330808916551355,0.02081017251335937,0.022843683004005966,0.027396303684361856,0.015153779281942947,0.028340307347561433,0.029856921023668992
2014-12-12,0.0,-0.011767678750058463,0.008237858073913529,0.0043086148130098145,0.008269563331446905,0.011764596472268352,0.0026525973300906003,0.0049847058358649665,0.0011918570589470878,0.008125911935858099
2014-12-15,0.0,-0.0003850943517851313,0.0040604945776028245,0.013655686654668653,0.010725325982138711,0.012777018971993126,0.010037904465957759,0.014287144038220623,0.0118111302814492,0.017938149787307456
2014-12-16,0.0,0.022204128434823556,0.01598848803503161,0.014477083462682838,0.006061712299127331,0.009877811090280852,0.00873599532830105,0.007288230159999687,0.015311508188157186,0.004632816325940148
2014-12-17,0.0,-0.028007458379939454,-0.01571071732375462,0.003145611362127987,-0.004816780937764609,-0.006545120249645264,-0.005750393841029489,-0.0038238450598265805,-0.006914399599843413,-0.009252343883713432
2014-12-18,0.0,0.0013110034951839822,0.001541155432601693,0.002933630389702069,0.003355235602481077,0.008509399723278799,-0.004681260841418178,-0.003867269912271154,0.010090998068260193,-0.004785482789328777
2014-12-19,0.0,0.014295684113047935,0.0030855600849133413,0.014035059412358164,0.007394951904252434,0.015963873358350478,0.014498032021190932,0.01679543192653732,0.02486954716075318,0.027778421556227118
2014-12-22,0.0,-0.041871035072034046,-0.032063981585598866,-0.044311008905492444,-0.02347186726130579,-0.021445748800237086,-0.01934233727604051,-0.009060835240288778,0.0015626571502147524,-0.008306467377284465
2014-12-23,0.0,-0.036680555775790435,-0.038279144671346854,-0.023403106292371967,-0.03167104385748187,-0.027375412840297098,-0.02607359029002254,-0.03505136153233934,-0.03824490222211396,-0.03931896977975091
2014-12-24,0.0,0.01741213961830712,0.006335720304065706,0.0006386852253175146,0.01158356799647109,-0.0020407006697632513,0.004535044780665132,-0.0023699054182800827,0.00047873856497737677,-0.002869711082984172
2014-12-25,0.0,0.014262796158060365,0.03036410680784618,0.03120194341841076,0.026555121371830026,0.02991948607879591,0.02513452952642159,0.028317323548150197,0.0327521534719275,0.031150087195636056
2014-12-26,0.0,-0.0026425342778174654,0.0334143034011416,0.014185930499603927,0.014522287482681362,0.02026450984273165,0.013902908594943586,0.016427594967453274,0.018645864802699696,0.017119066458811227
2014-12-29,0.0,-0.0055292160374895705,-0.016208565908192196,0.0022535658935975977,-0.004116450684321427,0.00467332147530608,-0.00036271064199255854,-0.0026162621867865665,-0.003473351019058435,0.014239287986309135
2014-12-30,0.0,-0.006674407764469592,-0.01689165010274296,-0.024149029809776512,-0.021072509494684533,-0.01982056335971938,-0.02351857909315569,-0.013783520060901111,-0.017085854431719505,-0.010430485772191855
2014-12-31,0.0,0.009545003861415102,0.026401328862269757,0.021334603280580344,0.013246021668736452,0.013226919466099663,0.018257485399686857,0.01619239380412596,0.01697868953313586,0.007730864221614953
2015-01-05,0.0,0.02686278208330739,0.026927929795241168,0.03269924354682208,0.03756305980240926,0.018256970270056128,0.037006835157393114,0.024906885492547604,0.026836718308929308,0.03406308626933452
2015-01-06,0.0,0.00817926440731953,-0.006571524992915467,0.00028356222906800177,0.003176034848124898,0.0006295173650165964,0.0020244677167451375,-0.0012271512255447314,-0.006424190607354108,0.002966802679827074
2015-01-07,0.0,0.002746997902317805,-0.00021855848693153046,0.003430164118225054,0.006556006443001472,0.0027712040236147484,0.002681274581922688,0.003426320227397195,0.004850299908896627,-0.0019316942108893453
2015-01-08,0.0,-0.015245685701167688,-0.019276461819562107,-0.01681093569910208,-0.01613463663037884,-0.020264555535537854,-0.015191293407284201,-0.0192437084855549,-0.027248616692336136,-0.03046060715549459
2015-01-09,0.0,-0.009234705005187638,-0.007739417654590186,-0.010925169327256068,-0.013761940742135215,-0.011356631638756665,-0.011625479532541894,-0.00607188738017006,-0.01381833671948196,-0.008769606246125439
2015-01-12,0.0,-0.018489414042089036,-0.021568001171825446,-0.021089216399539645,-0.028470436281547107,-0.028491111960992188,-0.02832403410985529,-0.02230539166008394,-0.032082570537020016,-0.03434699843027478
2015-01-13,0.0,0.0022790702183950184,0.0031042267453365024,0.005584533719129592,0.010037710926004362,0.007051610313649759,0.005773813124775318,0.0051642716432456215,0.005744688326681624,0.0068403216125279
2015-01-14,0.0,-0.008421092487426951,-0.00962270682876254,-0.014296693646992376,-0.010175777028292421,-0.007781328031664203,-0.01062605340826106,-0.006210353538679714,-0.008199177919270384,-0.009619680414649112
2015-01-15,0.0,0.00810770083141188,0.027562709466167457,0.019383654125163963,0.01810078708641294,0.02253360643147473,0.022770953381616277,0.0252382321718001,0.023966777969446795,0.02701544408767842
2015-01-16,0.0,0.005488686992658254,0.004577211445056628,0.009576581944314766,0.010563392305037445,0.004552740299442526,0.006454864038234698,0.007984199191492625,0.009412160214482768,0.004143877919845718
2015-01-19,0.0,-0.04663944117186425,-0.07339059770785572,-0.062129700413638966,-0.0597129646386696,-0.05985907492914044,-0.06497887216533937,-0.06507023891151209,-0.07016781410436357,-0.0674695259947643
2015-01-20,0.0,0.01417734022622108,0.044098010062765036,0.03481223856811311,0.03214370390491106,0.0289810997890112,0.029988996524308975,0.02846332527219353,0.023490759557351693,0.023109825241006243
2015-01-21,0.0,0.024127202514929058,0.040408540127427894,0.03761408835975355,0.03216076047241101,0.03220790836607157,0.031489269887394755,0.028937811118768364,0.03503677018888118,0.03198956594423508
2015-01-22,0.0,0.011300349201737836,0.02575928847476039,0.011387942409170737,0.01691389844767377,0.009449782895574188,0.013084428932705006,0.0063249362406465615,0.01083889833603413,0.0054760905294577444
2015-01-23,0.0,0.003149922413227646,-0.004718818299575989,-0.005826518752259369,-0.005799922539947322,-0.005506581695223889,-0.004561522824615305,-0.007189007874811915,-0.005915804277708991,-0.005971741332975178
2015-01-26,0.0,0.023405867413843318,0.018566653225791763,0.02249456371497116,0.023635347838659948,0.019585799160684703,0.01771796482610588,0.02129139585020079,0.022335187432326542,0.01980259302000542
2015-01-27,0.0,0.04237878496605818,-0.0035906779621213136,-0.004290432030440994,0.00377884673563611,0.007884233724952283,0.0032149244202639427,0.00273598450752921,0.007255607236191786,0.006256090593244279
2015-01-28,0.0,0.016274501110410622,0.0015384260385007398,-0.00953582678878262,-0.006344147107473885,-0.006703858792552975,-0.00804606936535679,-0.007933308783551918,-0.008462175006756278,-0.012755192703952423
2015-01-29,0.0,0.014814711301962324,-0.017815700437532445,-0.003514757141625302,-0.007377102184397133,-0.003410613671239182,-0.004590049996361145,-6.568392057304528e-05,0.00623053025511755,-0.001951959878059073
2015-01-30,0.0,0.003202356942740181,-0.010200833582371338,-0.012472439104259547,-0.012892290012435526,-0.01532930693465484,-0.011768376806463698,-0.011417609353295055,-0.006055654645031994,-0.010869712043339086
2015-02-02,0.0,-0.009866812418763526,-0.01567044694176767,-0.022960070696740886,-0.015357041509079905,-0.012616310536939568,-0.01798489145967963,-0.0191335834769939,-0.025645959891063774,-0.01868535314112918
2015-02-03,0.0,-0.00574697069220198,0.007620432948254097,0.014721687584567267,0.0172844162384842,0.01531711288870996,0.01226769336279232,0.012434730341784661,0.013103969038681385,0.012867421384218147
2015-02-04,0.0,0.003695170517834079,-0.007493562621291083,-0.004931720985486665,-0.005239375008795233,0.000627071561932091,-0.004025347569680537,-0.003965711697802243,0.0024425495151623178,0.00305098289164607
2015-02-05,0.0,6.69570511755424e-05,-0.012938087425550915,-0.013578715507503003,-0.008840159372312972,-0.013263170488552412,-0.01579280172346753,-0.01701638273897721,-0.009276844107410809,-0.013166219867952078
2015-02-06,0.0,-0.01215555204551344,-0.025095353568738155,-0.021925946211818204,-0.024550139464739607,-0.022125532130651826,-0.02313668550117498,-0.02806489289977021,-0.028253535801650798,-0.021691202659818165
2015-02-09,0.0,0.013748662487875762,0.001777481366947331,-0.003428394079052488,-0.00537272479997708,-0.007125757508357422,-0.0034064105334834505,0.0003016476833630488,-0.00877243443343878,-0.0011011302075436546
2015-02-10,0.0,4.4939777308350415e-05,0.01459017008965846,0.014842831107367616,0.011173807691426285,0.012933577287290943,0.013292634604392672,0.01706341606765238,0.01907374874642387,0.008237196516770018
2015-02-11,0.0,0.02601365947136358,0.0042443612637173,0.0030211811651068565,0.01052250702987978,0.006194183798465369,0.005477540680363546,0.004955356027374069,0.007203626511371297,0.013847658519390516
2015-02-12,0.0,0.010022373690038666,0.007481807770187698,0.009177374122660176,0.0064881361727020526,0.010810029596604265,0.009097621899647024,0.003042296932587618,0.008167622748974646,0.020103345001913464
2015-02-13,0.0,0.01416861496820565,0.02037997176476214,0.013017600719372302,0.016352585282024545,0.013163472947167465,0.01782770658074906,0.015898675392219452,0.018692942906727295,0.0216401148079155
2015-02-16,0.0,0.005734366440578675,0.006945886371496179,0.009493320820462392,0.014511903494314637,0.012268869192648468,0.011982336321584519,0.008842655745880279,0.01135309864321532,0.024021038442928022
2015-02-17,0.0,0.0011927329800494046,0.016061971544743203,0.007772365978456097,0.011383700367886274,0.011343261400144744,0.010001304128554489,0.005765954927377415,0.007767015221089357,0.0027077418648846496
2015-02-25,0.0,0.007325797661634326,-0.00045226505122253347,-0.0005131764125518856,-0.001510467462781051,0.0072247379906125175,0.00027484946739009253,0.003022017151868006,0.0008218840009084349,-0.004108023268864502
2015-02-26,0.0,0.026075222731630543,0.024681707956244026,0.02389950106061045,0.01920644725809062,0.023353132579984504,0.01660030880718666,0.019856903419246175,0.017407537276565854,0.02425376341008123
2015-02-27,0.0,0.015979525003820827,0.0056284669880237725,0.005702613762400555,0.007028856497168556,0.007750545585549995,0.0052338798815647625,0.0060868643396330135,0.013770191643352803,0.015341231304088154
2015-03-02,0.0,0.020716952741776984,0.015347358467109995,0.020733419254571173,0.020061814708856485,0.011619698089821773,0.01801744860889265,0.01563839629082131,0.021440217038324993,0.01444012423027874
2015-03-03,0.0,-0.012533347457850508,-0.004990886619385404,-0.007827010464405593,-0.008509566090689091,-0.009365136784505568,-0.008879822458101483,-0.003645957558406021,-0.011882425215683612,-0.023236968476925024
2015-03-04,0.0,0.016700365789608096,0.011487546800793336,0.0082069561724738,0.012695994738524341,0.00797574713827398,0.00987283863933186,0.006641660097230329,0.012837304317206755,0.011585332803604853
2015-03-05,0.0,-0.0061964334901953855,-0.005132864708430995,-0.0016251383580461187,0.0004560457268683038,0.0016558577267045127,-0.001857280055404531,-0.0019393436219693472,-0.00825632564450629,-0.0058507631446435004
2015-03-06,0.0,-0.01919755526202993,-0.00210252285653878,-0.006601861472071535,0.0007608688560838406,-0.0017969776280906125,0.0036796888943275707,-0.0027049804097231123,-0.004979501267186048,-0.007167792294562103
2015-03-09,0.0,0.009955557628889888,0.01617458067028621,0.011784995351171501,0.011195712211935938,0.007459002233649148,0.01537759286564433,0.012313381950382452,0.010919682050962942,0.008422577779399587
2015-03-10,0.0,0.006904442936893407,0.0038174724311141883,0.007424077311437127,0.009558855362406415,0.005758501391171844,0.005920254697782346,0.009689649210581353,0.0075512200899272575,0.00241056144583629
2015-03-11,0.0,-0.011731897541385816,-0.005662565856355495,-9.393025907744601e-06,0.0004372161167873756,-0.0024239294340602235,-0.00027524500124009865,0.004112623748421029,-0.0034315841971154226,-0.0003071025871539401
2015-03-12,0.0,0.023387514711241675,-0.0012279622080758612,0.0021884549113122542,-0.0001797828989409389,-0.0009640239818603513,0.0032378622574933402,0.0062280954704458935,-0.0007522304311595729,0.0008818259457541444
2015-03-13,0.0,0.0003984071806519829,0.014699110965240125,0.013363208227399337,0.013582186261887674,0.01611312270113241,0.010183643620043314,0.006498627207415231,0.011183109981342199,0.007230080215044232
2015-03-16,0.0,0.023616912901860854,0.029083483055506676,0.028276730117571036,0.024959354843328008,0.027404088649727987,0.026102151022320053,0.027109318507200664,0.02849202276869134,0.02118226910444765
2015-03-17,0.0,0.005651841436586702,0.016450495647363894,0.02557449780485288,0.015479154053009037,0.02437265340882555,0.014291665667523157,0.020208447957128062,0.02486542632259181,0.02084022651134121
2015-03-18,0.0,0.04639507415151245,0.026245544320995906,0.024633663810220252,0.02393419999247115,0.02255845671865564,0.02312663734856013,0.023267249188949624,0.02592891383718321,0.04500258871363272
2015-03-19,0.0,0.0014372391550536712,0.012441631189060498,0.0038093189083845402,0.006792960435201056,0.017122692444013987,0.014092932114775136,0.0051388999704709,0.012751353372773666,-0.0036869928709178934
2015-03-20,0.0,0.00810389893661645,0.014377773747058287,0.003922812418624799,0.0035856073569235924,0.0044870257911764355,0.009516754141984052,0.010951346598947032,0.003542497057104299,0.012970507709905599
2015-03-23,0.0,0.01578399758916249,0.025610563989271196,0.02044673623893578,0.025273960298783926,0.0236786090824046,0.02650413723498901,0.030420744755454088,0.030425956354413586,0.024336152926721644
2015-03-24,0.0,0.010713168142393092,-0.004849611974232171,0.008464380205878808,0.009909830997101965,-0.00015645976838540854,0.006235883534646103,0.009105590378855721,0.01258429065296518,-0.0003713763414456839
2015-03-25,0.0,-0.009453688834097251,0.007744848709147822,-0.00924114649758645,0.0037600447526782155,-0.0013217905151930998,0.005097252388103879,-0.00465098647015072,-0.006904690678132042,0.007804767922507505
2015-03-26,0.0,-0.004307049755933656,0.03015059010547194,-0.00013280033651053014,-0.0012689918755958152,0.0014165583818985805,0.0033171233839397463,-0.0059769635682281885,-0.004371229638303609,0.00582251894284691
2015-03-27,0.0,0.0021343326685230313,0.0032705980624823106,0.01755849699436185,0.007864534704693948,0.015390036681659058,0.019553129301099093,0.010092546906515398,0.006804345027473291,0.0021594563292146596
2015-03-30,0.0,0.008770944490352539,0.02747962244017499,0.025691054643886435,0.020011229222887783,0.024510915851680304,0.02505972334569262,0.023672916691724222,0.025507525580464208,0.033875306575252395
2015-03-31,0.0,-0.014861599864200437,-0.011073097506629659,-0.0072091830657355915,-0.011769910753863244,-0.01260971039552361,-0.012979306528866807,-0.00522780386711541,-0.008965837935710042,-0.013908117296346223
2015-04-01,0.0,0.027325913814062908,0.013148253709422297,0.014807276611652043,0.02011798175329349,0.02051815756073072,0.019163081349146793,0.021320030172079285,0.016621459520962167,0.01437225104367612
2015-04-02,0.0,0.028077387690046418,0.01789247099937885,0.014012616610198814,0.018639815151408,0.01345161040522136,0.018544489127960473,0.018814918248587276,0.018054485167535494,0.013979002592242828
2015-04-03,0.0,0.06382529341267684,0.02454219380731848,0.02273929882030834,0.014551489064284384,0.017620915253588665,0.01800174141481392,0.02448555064466751,0.01864948101519781,0.014700043903748794
2015-04-07,0.0,0.02680799761964625,0.027134407214313594,0.023607811801339418,0.023722569984778508,0.026467817142265204,0.027827188685044968,0.016574258169769207,0.0242258958866155,0.022084753443625482
2015-04-08,0.0,0.04637235441836607,-0.01409961179155994,-0.006639199477521007,-0.01257383815367119,-0.002767255644497868,-0.003674467966519823,-0.004723519488500805,-0.00601339659483513,-0.0045904737560490405
2015-04-09,0.0,-0.014395118394509132,-0.006050358571364378,0.007584024627322217,-0.012696503181222174,-0.015082891770884954,-0.0023549215038111138,-0.016104637206232453,-0.013061371089127749,-0.029343912772507807
2015-04-10,0.0,0.010673150866351122,0.020361798245558838,0.020662638277267442,0.031333557834713366,0.025613516582636775,0.024537949747398313,0.015869602688719953,0.02952256586700308,0.016154261411604143
2015-04-13,0.0,0.002779062558246226,0.02992140738262794,0.026488798475897912,0.027428696666230046,0.030223024803328613,0.02675850667838575,0.02565259019012367,0.035258367369646715,0.03185225568733063
2015-04-14,0.0,-0.010531170938486767,-0.0021694092255494235,0.011242858765522001,0.0058748631317186994,0.010003146816036645,0.015638309420361596,0.014412148900214028,0.012856543013348265,0.017087706798250224
2015-04-15,0.0,-0.020726342376816254,-0.044561693599484364,-0.02815287035834113,-0.03202027876866209,-0.0253369283071897,-0.017726808796118765,-0.03167878302054994,-0.037621583720666485,-0.015247074285089868
2015-04-16,0.0,0.0014300686310435573,0.02266541364387442,0.010593234437090704,0.01221039332198015,0.010385352963836247,0.013951884769002332,0.01716246826516299,0.019230399450471447,0.0018330377000310705
2015-04-17,0.0,-0.0014280264552056776,0.01817870619664652,0.027931944642263007,0.013330273250968805,0.024388175779274324,0.025980718811975168,0.020768352193682338,0.017919826468536737,0.018371316412585825
2015-04-20,0.0,-0.011440549048347126,-0.01906016446722425,-0.00032986338362606116,-0.01241448758971242,-0.009058185440851463,-0.013092439882098628,-0.0011032005412722201,-0.01842082628326913,-0.008196869216404501
2015-04-21,0.0,0.014466187437353728,0.020778141875976708,0.019648997138683066,0.027769299879080833,0.015430676684165867,0.0177053670620686,0.024669067859652838,0.029280534645043765,0.031291410672113384
2015-04-22,0.0,0.007415148538786109,0.03892230545944342,0.020860694155891757,0.0297196280781169,0.025807164703788743,0.033259318293863194,0.034848767012098714,0.031207942940792766,0.029887871128998045
2015-04-23,0.0,-0.003963383214861227,0.023601252132237738,-0.00016822688273687714,0.02030364353430336,0.006720957973259889,0.01410975464183939,0.013635277851168581,0.007388109378698271,0.023558296412281576
2015-04-24,0.0,-0.0017053517689457065,-0.021357409825907392,0.0025847961263696373,-0.00422004388627828,0.007710398822156739,-0.0011538515778426461,-0.008404597645131684,-0.005676205273654533,0.0020088037776344603
2015-04-27,0.0,0.00540950571179577,0.015494602557217574,0.023840693544184388,0.009297659941864378,0.022042620510386524,0.01725739097575052,0.02107819821721546,0.026436071117764026,0.018741862487409833
2015-04-28,0.0,-0.011893516684897687,-0.0229712241168869,-0.017825026544719735,-0.03427299024764019,-0.015527357128252373,-0.03481141740062765,-0.019864173226780024,-0.018895013434252483,-0.02036979192709154
2015-04-29,0.0,0.005731750038477257,0.023260484362138456,0.0033309293896701675,0.013617451697849559,-0.0011131639378761937,0.016966779053603442,0.004235454488113577,0.020851773725326206,0.017277284357316347
2015-04-30,0.0,0.0025645879402893534,0.014108335360791369,0.005157157449073635,-0.014348574653654578,-0.002142081387429551,-0.0012912520649288606,0.009521796374529767,-0.0021715857424357,-0.008641559621883399
2015-05-04,0.0,0.0005684505896486058,0.01623880914584941,0.00483445576932473,0.00943739891210793,0.007443968822540725,0.011774831220189297,0.021190742353829117,0.032265300008887055,0.013501073465284508
2015-05-05,0.0,-0.011362552743163779,-0.05079812053120214,-0.049283195793219714,-0.0444639189087922,-0.03419857700578233,-0.042019800755228154,-0.05195429436912924,-0.05536960913465838,-0.05465356121552878
2015-05-06,0.0,-0.0296991504577071,-0.031508710174437904,-0.032642901974899885,-0.024508924745346702,-0.029614063383566827,-0.029081452463094223,-0.029879301768917555,-0.030279819376737623,-0.03826979722821588
2015-05-07,0.0,-0.0056456691604629405,-0.029186126258980316,-0.024739193491905564,-0.025126405973296295,-0.027824697165528156,-0.028668930116409252,-0.025514682010261858,-0.021288508821104002,-0.032758658622344616
2015-05-08,0.0,0.009267857806173563,0.03459785348370836,0.027553908717152575,0.0340684522322694,0.030071622236517603,0.02678845205114544,0.035380513692987,0.036767981366294444,0.03727001973985167
2015-05-11,0.0,0.015312563257945166,0.035860301710041176,0.04106268433710225,0.035984408536711365,0.03577299252400823,0.03848114037568795,0.03576312904127055,0.034914547990479994,0.048490859418107046
2015-05-12,0.0,0.01496664807046133,0.01829762835892934,0.005590725592712786,0.011275162336451539,0.015218516892663736,0.011669455422596897,0.01242748793991022,0.02236329000500059,0.016683814733380542
2015-05-13,0.0,-0.002336212905837076,0.007873419477473664,0.010865564746996181,0.0055150059177058175,0.00606448150673522,0.006489664001132933,0.003196513106784815,0.004754364277770984,-0.011138005245668436
2015-05-14,0.0,0.001382915607590407,0.023603192686859398,0.003956265824781591,0.006949752072704873,0.006082511042779126,-0.001323780719292289,0.010988129161161542,0.008205876166335058,0.0008690362046139821
2015-05-15,0.0,-0.017578874938675937,-0.00939219348280107,-0.017269994639288466,-0.01409716774637959,-0.011256501762344495,-0.010386115700422804,-0.02229401421934607,-0.00748114277207268,-0.020657035978328686
2015-05-18,0.0,0.007287980114257797,0.0212520540901322,0.0036708533311637925,0.015389731445613952,0.0162518746478737,0.01059445035074602,0.004109354615001282,0.024054114424792772,0.008148577420141523
2015-05-19,0.0,0.019424630837412415,0.03922197144341988,0.027690732790978112,0.0338952658614573,0.030243030479835786,0.02888690926453452,0.026900932518985066,0.03139827111803428,0.04243992453339396
2015-05-20,0.0,0.003911967035423958,0.02170703884370684,0.006444975967237809,0.007149416984246315,0.008530928839305174,0.011932488523169527,0.007626411345160289,0.023245542787572848,0.0019182813895102235
2015-05-21,0.0,0.029366901944553936,0.031668209815086,0.031972833505930165,0.038783721087699785,0.03293480796636916,0.030379787814815762,0.02567943407621809,0.025454239171632143,0.01744951034634923
2015-05-22,0.0,0.022434460242408694,0.034761530913887784,0.024034249725443324,0.02872964697162339,0.020935152583855476,0.021339514561124817,0.019202457510966164,0.03724633991406212,0.0466870109882116
2015-05-25,0.0,0.03544044994090423,0.032251995727348826,0.032392258543576524,0.03893647297669589,0.03150722182747878,0.025881003223494847,0.03458874035548565,0.04024816034467338,0.045083463911290256
2015-05-26,0.0,0.0537679551919239,0.04171891429068708,0.02165248807741138,0.040586364388721874,0.02753080315581702,0.026516361384744558,0.029875663184916412,0.0250448266429657,0.029188816963205078
2015-05-27,0.0,0.06364478558875053,0.04406981455253067,0.0071931103770155325,0.017094046924042372,0.017960751719692913,0.012747385869595229,0.019827791962314656,0.011713833288732767,0.021922228969268653
2015-05-28,0.0,-0.033751610767093876,-0.02522735104575513,-0.050358615095842496,-0.05651990030425724,-0.05983149923084152,-0.05713004283040635,-0.06606454777125637,-0.0386570898618489,-0.05322539465107268
2015-05-29,0.0,0.07755740041121872,-0.001881487693304984,0.004681225761020924,0.0026149808299917865,0.019370606162022463,0.004668069294807564,0.005168126666476702,0.013956698945716717,0.003258893471103086
2015-06-01,0.0,0.07518239991064513,0.05228741866547515,0.047771005554686496,0.05909147827317218,0.06212397748630383,0.05508896440845068,0.0580414624886092,0.050010057523877105,0.06618748477388836
2015-06-02,0.0,0.03072278598852929,0.04085708539948052,0.02951722138317381,0.04118102667872958,0.03679567328052347,0.03806403532743352,0.042551062277742746,0.03656333946467649,0.04398602665990192
2015-06-03,0.0,-0.018355690007303305,0.014571718899779595,-0.003080835689242889,-0.001173738186532658,0.007887142042807271,0.005868421165871052,0.008988160893179886,0.01198226621392684,0.0065090271932168875
2015-06-04,0.0,0.03461915322493869,0.008417711008468887,0.001482220238529619,-0.004184768196367483,0.011063463796263218,-9.782329358587472e-05,0.009048616270545873,-0.015259953193820341,0.0019475971763274202
2015-06-05,0.0,-0.01007466106005317,0.02383686922465178,0.03477371133361884,0.02433682083210087,0.01964177885454288,0.025440447828483093,0.025981067890900045,0.026348582797442566,0.02244152575671987
2015-06-08,0.0,0.003170654973905007,-0.02029815743896113,0.016180338379837567,-0.004562608354531927,0.001097035746425501,0.0064817656397955226,0.0024614232459825303,-0.005955221898460872,0.03413477167615464
2015-06-09,0.0,0.021885289707698208,-0.005514414153605651,0.011402122112814661,0.00028647833146067114,-0.00016997281279129695,0.006177882375768773,0.0026182437164949945,-0.007487405190357177,0.008954097512167358
2015-06-10,0.0,-0.07993958325885975,0.012230262436059736,0.00773879332990024,0.009461389962811095,0.01862351512880389,0.01715892545379627,0.013502681637697522,0.011986976318971498,0.020669959681749006
2015-06-11,0.0,0.0051048796967345655,0.01420011297660606,0.020902785386796907,0.015498929181471777,0.019660204190298014,0.025760483276918933,0.013525950492128347,0.014568684671178556,0.011174450291489446
2015-06-12,0.0,0.04057077378833318,0.012886253672713455,0.027466886975968885,0.029465894643269763,0.028952746925835715,0.022494108618953623,0.023197783180512577,0.021873729745588655,0.02291798082387575
2015-06-15,0.0,-0.011637029849456693,-0.005951548210471502,-0.01876205042141177,0.0037782214533617076,-0.003165941561758534,-0.002482218174590489,-0.0017344545791959654,0.008064179328190146,0.0033345798746859945
2015-06-16,0.0,-0.07098355323676131,-0.03593900452864607,-0.047328422783046165,-0.03685337498374408,-0.03683976821609214,-0.035592631943764386,-0.046777290849418285,-0.03871720227554165,-0.04170479535504379
2015-06-17,0.0,0.009341183283291032,0.007768251707664264,0.014945401478084763,0.016467135741100147,0.023359593363874387,0.015321435336665301,0.019090381168453963,0.013874862995774784,0.03538763423554392
2015-06-18,0.0,-0.006346280881974531,-0.035882445349151304,-0.025201514245415835,-0.02260640381641643,-0.030357159691861257,-0.027048496296953384,-0.02449341601499233,-0.026933256044485265,0.0013301060167794088
2015-06-19,0.0,-0.06907257238139974,-0.07081654699074647,-0.06999304617817448,-0.07837954893551247,-0.0788454145203401,-0.07204547591825472,-0.07076109572508493,-0.06103310595711409,-0.0683011986101758
2015-06-23,0.0,-0.02416770041198746,-0.0012154059329153588,0.0050707787212043165,0.00040259416311694274,0.0005184852208914847,0.011615171135534341,0.006810600726692595,0.008768717601163711,0.016198106454353045
2015-06-24,0.0,0.02668962115666429,0.035145902749161184,0.024431858608340296,0.034173142743604945,0.03498499960390311,0.03671759252476603,0.03285995218023152,0.032230724121784515,0.032751513136866084
2015-06-25,0.0,-0.04485621201601231,-0.037721182129094255,-0.038430044900126914,-0.04099972159160148,-0.0388929568519103,-0.039625939809899036,-0.04291412094670488,-0.028242478370207103,-0.03832565814795186
2015-06-26,0.0,-0.10000977172985903,-0.0916810555714942,-0.08274882439958475,-0.08157282179769754,-0.08324703553190516,-0.08880191116974212,-0.08380927018283668,-0.07133464173532256,-0.06199992119934272
2015-06-29,0.0,-0.08371910749826272,-0.08198992762329627,-0.04593531916417959,-0.06594943918089369,-0.053872807648899124,-0.05829782620549551,-0.05836152148791429,-0.060200951713310746,-0.033828873256097514
2015-06-30,0.0,0.06051770328942463,0.04657886293230651,0.047569672142556474,0.046664488880242105,0.04873523117593703,0.05338678862174073,0.04822637636989535,0.04021347089242444,0.03385105040349057
2015-07-01,0.0,-0.0737592855578072,-0.11587613550206877,-0.06578319258542042,-0.060904663305523576,-0.05930652146333948,-0.06114820429301615,-0.06084433991265625,-0.04433690388104661,-0.04792667305766918
2015-07-02,0.0,-0.09991515278012764,-0.0848017053988579,-0.07201610544580217,-0.075370959034051,-0.07095698700727204,-0.07444314848429057,-0.06850791918304833,-0.05951526864608847,-0.04626594550430507
2015-07-03,0.0,-0.09984134381440446,-0.08615461562547366,-0.06808971016626852,-0.07521982403032756,-0.07623800906599199,-0.07394662280451736,-0.07115099047915174,-0.060271745288617784,-0.04553729022062314
2015-07-06,0.0,-0.06516599753039232,-0.03258057444873874,-0.02331862613878144,-0.04343863159650607,-0.03166064246082234,-0.031291913646058545,-0.03158549609000971,-0.02702950474287713,0.004311017602482092
2015-07-07,0.0,-0.10039225920226569,-0.08061805764628738,-0.06109880964377379,-0.06571394940722142,-0.0643979742840064,-0.07139660695974759,-0.06522543179759199,-0.05699428780381133,-0.029638036511202226
2015-07-08,0.0,0.0,-0.05397510906183467,-0.03542681316554719,-0.04171235239128546,-0.048597668286141316,-0.04888044978873596,-0.052627907582388556,-0.036797561347720165,-0.04588284037459611
2015-07-09,0.0,0.0,0.06178427912456241,0.0470299212106049,0.042046852724383355,0.056991186134288,0.05551199006142782,0.061889132727145135,0.043792363567095594,0.037068882197942576
2015-07-10,0.0,0.0,0.06369527774488826,0.051130102188598814,0.04751957131887874,0.051322659482398114,0.06006818101445455,0.06336929841814842,0.04804969491588884,0.04562008107169846
2015-07-13,0.0,0.0665452345129669,0.08205318068557599,0.056404787710851334,0.06276654339279308,0.06528400701647175,0.06476074879376115,0.06664311747893459,0.05547358124202306,0.03219399840967263
2015-07-14,0.0,0.10013175019990572,0.04326544760035689,0.0010386993340782968,0.009722361203927443,0.005901701115109015,0.01062408087715716,0.0232871779811461,0.009051011086905758,0.0002238706730679496
2015-07-15,0.0,-0.03203329352678952,-0.07552758437121954,-0.045437821600845196,-0.06093783385553797,-0.05935406825689793,-0.0595681126939096,-0.06834646730089755,-0.055328466652324826,-0.02544725062884312
2015-07-16,0.0,0.047293444817117836,0.013256148533095757,0.02028799993799346,0.012321062397549154,0.017059356616627275,0.011491179123221729,0.0241623297236353,0.005382463334082654,0.009760629937377807
2015-07-17,0.0,0.09149795735505672,0.0669661491409479,0.050061059480864145,0.05494333549006769,0.059698402693560304,0.060118501439439864,0.0553263426131092,0.04697834039650828,0.027229754454805688
2015-07-20,0.0,0.04348244965896053,0.014141919555284987,0.013564466214673221,0.01872578574945294,0.014736677995974556,0.012315070009462747,0.016833101339562395,0.01751649105529407,-0.0037488232653203335
2015-07-21,0.0,-0.0028100983202387075,0.026082777455609607,0.005207154669563119,0.02764332580976525,0.016730783747678224,0.02155915125850494,0.00658522918136617,0.014077907984491711,0.01357246651874644
2015-07-22,0.0,0.004949330346536218,0.019697045648044753,-0.012831788344434103,0.01192920394903707,0.01402912972121717,0.0038354826266575603,0.012989345911020855,0.015313518272122018,-0.006788823833919655
2015-07-23,0.0,0.050256872997684665,0.030955329642004648,0.026280518686546905,0.03906300426965359,0.030780827699204094,0.033580882820813285,0.02917344678268008,0.028257436675253933,0.015147725105463694
2015-07-24,0.0,-0.005648971967551986,-0.014087857014307703,-0.010797891661099013,-0.007203852460749061,-0.011593226326540251,-0.017466037772253307,-0.016539943547294156,0.002183694638952849,-0.01265859427684013
2015-07-27,0.0,-0.09985386018766118,-0.09449581391010342,-0.06793275712600388,-0.07610037904550071,-0.07966272418088094,-0.08617730410993762,-0.08311672254426039,-0.07243906339633888,-0.036052648215969874
2015-07-28,0.0,-0.0023080852270351837,-0.06052582455257416,-0.0074000168435107705,-0.02918185544628349,-0.03363537848840048,-0.03260486272691232,-0.031131091861963944,-0.030022054005716448,-0.0031455824808531707
2015-07-29,0.0,0.07116330413942573,0.06519563853393229,0.04803637483343648,0.04666864283054806,0.05063090749039367,0.05765656309622913,0.05261599592781607,0.048761068197809676,0.02569846956794275
2015-07-30,0.0,-0.045565810845746624,-0.019756895324917867,-0.01717954895922269,-0.03199645622720837,-0.02845098794028955,-0.02746135722318721,-0.022207718232095996,-0.030944527189788906,-0.014675912845654504
2015-07-31,0.0,-0.03421919772045179,-0.01130738701963041,0.005160599281367917,-0.014200253110253747,-0.010584179895069212,-0.008829542495613518,-0.01695023138220164,-0.023273342440677136,0.014220380364906582
2015-08-03,0.0,-0.0365150180331868,-0.0230067480182653,0.00326734892507341,-0.02777420983922696,-0.01840853741639159,-0.030968515624298587,-0.026912767035936924,-0.027836330653043584,0.002915878030353536
2015-08-04,0.0,0.08373919023047005,0.06300775031465733,0.042124539458492816,0.05668875429536557,0.0534721909744309,0.060705352984867345,0.0551033609988949,0.05111587622276392,0.029166602506504935
2015-08-05,0.0,-0.008569144955867025,-0.006764184586727118,-0.012652009181611024,-0.010989871443743193,-0.0042701557261565215,-0.012581112384918991,-0.013611407452771118,-0.0014004901879671738,-0.004874551696519069
2015-08-06,0.0,0.00979375296894669,-0.001353210505541269,-0.011227446367352956,-0.004725951489196412,-0.0015677537089324733,-0.007642911332325419,-0.0009470038470039688,-0.004709596226732171,-0.0057096247423672475
2015-08-07,0.0,0.02643689893056478,0.027377887746318663,0.022044276093704296,0.031144418770387317,0.02912952437803451,0.031246583751266543,0.028488644055900236,0.02554801297139364,0.0053431024706183106
2015-08-10,0.0,0.05056001450746983,0.050912207435446,0.0448753481065951,0.05213546311919348,0.048837291058495325,0.05200761149270616,0.05258163511210712,0.050031797638976805,0.02102464775532531
2015-08-11,0.0,-0.00695421292195586,0.010862121771170186,0.017874130803473776,0.004343364007526551,0.0067829311773695,0.012367270982643674,0.015572888865500678,0.002250294890908222,0.0003623568852177961
2015-08-12,0.0,-0.015895666685295073,-0.012699621689868601,-0.00941204214512803,-0.011335516052084937,-0.0065578614790721135,-0.0195417170897747,-0.009294743393123417,-0.006281276335814767,0.00479008134979364
2015-08-13,0.0,0.038761895545518454,0.03476541545492551,0.017777119199253066,0.026820422930123433,0.027817665379181733,0.026995628412206596,0.02330393300857847,0.030900869465267933,0.024776119339797065
2015-08-14,0.0,-0.002992399475077012,0.01932644007210671,0.01547929888402444,0.0097567887563339,0.01160671415334713,0.010615322660592064,0.011237113564572354,0.02194793159249686,0.004733202801720182
2015-08-17,0.0,0.03447447994700403,0.028957446433498957,0.012355971588666748,0.027753078103652795,0.03557688900157974,0.027153859481576337,0.028050385839277325,0.024943330482516624,0.003923560943060123
2015-08-18,0.0,-0.09951576274710139,-0.08051351757619363,-0.07142431557732898,-0.07998849295755095,-0.07360776839614247,-0.0797073197546656,-0.08096148176525553,-0.0712130947150259,-0.05342180957435916
2015-08-19,0.0,0.02376475896267194,0.0351824423802829,0.010200629786079496,0.024976905827392315,0.022560216233391994,0.026766642529703955,0.024582475239733226,0.0208794856877752,0.008302872354791546
2015-08-20,0.0,-0.05273553891979832,-0.03707383086406513,-0.03318106115845276,-0.02889925570975027,-0.03160048143156724,-0.029839011170174068,-0.050161343216640786,-0.023541374409617566,-0.02890635072824732
2015-08-21,0.0,-0.06923195288216188,-0.06440985041184755,-0.04158635269214905,-0.06208511178571141,-0.05588031685058581,-0.05803359456633628,-0.056565073748756745,-0.05678386694654858,-0.03444567548850208
2015-08-24,0.0,-0.10002218011490305,-0.09389796844800202,-0.07844115774743188,-0.0856035410824505,-0.0791588466101224,-0.08906049928775972,-0.08314897681653943,-0.07626712579826367,-0.06053676404640973
2015-08-25,0.0,-0.09997022177579151,-0.12956529607206058,-0.07697995302449301,-0.0796257522172168,-0.07794990546056246,-0.08360235566618479,-0.07773125878341836,-0.0730179328684013,-0.0553086774751651
2015-08-26,0.0,-0.0490126300424244,-0.05238431686126599,-0.03493136266977093,-0.03601314074920514,-0.028605850209133088,-0.03573907986551905,-0.03591996758179117,-0.03263275588711789,-0.005763643443178479
2015-08-27,0.0,0.04778353564283755,0.0490825626425857,0.03465597487789562,0.03983798315606024,0.04162987308287769,0.04397499361635604,0.04729165688152115,0.037259175687852863,0.0344461562165983
2015-08-28,0.0,0.08419762542374043,0.08008917881987743,0.05745494841406651,0.06258339896741028,0.06428351025035406,0.06608220718434366,0.06355414504470347,0.050336441999631054,0.039607926200095456
2015-08-31,0.0,-0.043874777025388445,-0.04269124351288278,-0.02564619997404105,-0.03280191368249241,-0.031863882465215876,-0.039890687541391134,-0.025646878014596086,-0.027106879998683886,-0.006880024595219303
2015-09-01,0.0,-0.06231386821682816,-0.0708458397376922,-0.03853185496575906,-0.04876878849848676,-0.045790046796358785,-0.049361300503287686,-0.04383592673119152,-0.032845843303823674,-0.030951265765602698
2015-09-02,0.0,-0.017851445846745584,-0.022011637962748076,-0.014152951301114602,-0.025236181117684886,-0.029013694264069412,-0.009074252282488149,-0.006984666216965141,-0.013958070391777322,-0.01519342708400917
2015-09-07,0.0,0.0032985924745951856,0.015414792724317117,0.0058075743971146565,0.007523237410258732,0.00574255459848616,0.009111282800510434,0.0021675192589825087,0.005930047884137979,-0.005889246233326095
2015-09-08,0.0,0.0467565307356097,0.047793705707511513,0.03800264593977465,0.0413299596678125,0.03991007008166503,0.042909424254426565,0.039219798474510625,0.03342820763179688,0.022918996442812256
2015-09-09,0.0,0.034302335524392324,0.04125750087332669,0.02842047719960683,0.033931802760641894,0.03443805213741946,0.03049987945524335,0.029935791634334574,0.030186077460659266,0.022570926688216142
2015-09-10,0.0,-0.01833787373013851,-0.027907386507744825,-0.018669136560405586,-0.019034931708657332,-0.015717926553702966,-0.014811485711060168,-0.02118801379148083,-0.020043624440403196,-0.018422740669908122
2015-09-11,0.0,0.03190731715823203,0.006749138416067613,0.0038324494877861603,0.008943823381487359,0.014153574722087336,0.008836424843428725,0.004530202563905794,0.0017839768795619992,-0.006835175668574389
2015-09-14,0.0,-0.027603730841756602,-0.07971104553484776,-0.05902922876038186,-0.07977835240403541,-0.06303470260808364,-0.07176463988602644,-0.06503820865866117,-0.05930071983411178,-0.02163663010173955
2015-09-15,0.0,-0.0647317601775711,-0.0652019766964631,-0.05642906605018427,-0.053774853361004404,-0.04767415108579531,-0.0582949353283706,-0.047905932639150106,-0.03983455574784289,-0.033454235705322466
2015-09-16,0.0,0.0683289144172472,0.07685378249276198,0.05812883181891482,0.07562661724368303,0.06959058777850591,0.07776159038989006,0.06845611884528324,0.05924973192194871,0.038939585721154746
2015-09-17,0.0,-0.022823650897535575,-0.023183234598116442,-0.0324642638589383,-0.02132557990479822,-0.017337810735297055,-0.024958842037731244,-0.01989173922931642,-0.01259945423629194,-0.04730887340591039
2015-09-18,0.0,0.001328428151189609,0.015497108159429285,0.006283679257005792,0.013624297573709976,0.01344987036470413,0.014442397103750393,0.00948332551257347,0.012586999580089353,-0.03545230741328842
2015-09-21,0.0,0.02321196903556011,0.039889307253824,0.026717456378844817,0.031015237528994932,0.028989266747202258,0.03084010134361903,0.03240602637479517,0.02357123963916452,-0.017269881432352863
2015-09-22,0.0,0.006103040829061657,0.006338108056104019,0.011744880299102478,0.008123813512666667,0.006109486329331171,0.008880985103528305,0.008937485408115675,0.00802576929291643,-0.015981695857924416
2015-09-23,0.0,-0.018161049569322962,-0.025381675631440226,-0.021488139977406173,-0.01288780421179847,-0.03343432131608337,-0.015517346897097495,-0.018046760267777184,-0.024090855592775462,-0.04761454728296355
2015-09-24,0.0,0.008281651652766175,0.026464566272880186,0.012826367288667928,0.012521899401466197,0.009647953438589152,0.006069994155845304,0.010770272793518387,0.0053416682559599415,0.0018531564164079306
2015-09-25,0.0,-0.022394339671298558,-0.026681456612069776,-0.035306647483371756,-0.03014458121462882,-0.02619481242733379,-0.03890230360716085,-0.03058959708417719,-0.029566097346660047,-0.024425370698377025
2015-09-28,0.0,0.007942099363901,0.014615875325482586,0.011307657834338958,0.021181617091595273,0.012145037828508176,0.005423930187849368,0.01320617654799272,0.0073331174201298754,-0.012371166632022756
2015-09-29,0.0,0.008781548605344192,-0.020110683930161466,-0.026072896933936995,-0.017895708760512052,-0.022812680801270746,-0.02123192004929053,-0.017499172590104695,-0.021803471171284672,-0.017147006241086116
2015-09-30,0.0,0.01092419470421735,0.0086153983219317,0.004367350373621015,0.00493561950396626,0.0037033123678269497,0.005882009384144293,0.006445569033772802,0.007167492513880269,-0.003568488260217051
2015-10-08,0.0,0.04383546176316688,0.030633847550988413,0.03914620589378193,0.03872332560842051,0.03505340559633474,0.039791650653811406,0.03377408441101992,0.02837107574324471,0.04240049567454407
2015-10-09,0.0,0.005244249492081687,0.02645798287399259,0.022825819141001347,0.01767881149729078,0.012661021384008597,0.019034375184014518,0.014353838522596307,0.011962919980140319,0.01482188266040918
2015-10-12,0.0,0.05070762752320457,0.042758392363276165,0.039672285817277775,0.04013709220218442,0.03966729247877665,0.042892477621054415,0.04238149440933947,0.032985598453721066,0.04149757580372926
2015-10-13,0.0,0.04548162054776461,-0.0030355217558670766,0.006918755611020844,0.01335367598259074,0.008117000865659474,0.0019442374450158173,0.0063860087402822785,0.00689462882089753,0.00017093465337003622
2015-10-14,0.0,0.0025106322583090535,-0.010224633441710096,-0.016723394581223405,-0.013281999312386272,-0.01465905364129505,-0.015127485513164451,-0.014224827894166348,-0.014366730666037442,-0.0237246192191497
2015-10-15,0.0,0.024670649728592897,0.02591606023222215,0.029387850285736317,0.03054827714987085,0.027656075595727803,0.029776932604028916,0.02898161741741223,0.025050159039117004,0.026252935345788986
2015-10-16,0.0,0.015943690522911336,0.020903949326260607,0.017825103177901536,0.012359351775264482,0.017426789098124784,0.017599353798695816,0.010963510323193981,0.012479144964746336,0.009850096397667318
2015-10-19,0.0,0.03140289924616857,-0.001667795908791292,0.011927966865189488,-0.002807396651237304,0.0015084755231371538,-0.00017086457213544293,-0.0018342496683139142,-0.00297101425832369,0.008584001660173701
2015-10-20,0.0,0.0003782422326725765,0.01578045227655278,0.007960097639905683,0.012572400491164482,0.01392812745289329,0.019960633070149836,0.019693080549456177,0.008751400545761179,0.005025902601713428
2015-10-21,0.0,-0.08730440588377142,-0.05838424293583977,-0.061797546463091324,-0.06522281058817825,-0.06208596989416093,-0.06487955621290076,-0.054438450658697235,-0.05661278689720328,-0.048189029517714865
2015-10-22,0.0,0.04036569334057849,0.032674377523430165,0.03369764796695862,0.03636203673127514,0.034710107912162336,0.04107120978457135,0.02708457148791843,0.024413262759252596,0.01366141596745507
2015-10-23,0.0,0.05059378997180608,0.027548820801274188,0.02784122871540129,0.030465347468690673,0.023075738006456126,0.023950769025768093,0.009612830289270402,0.018674858917312243,0.01044431441317073
2015-10-26,0.0,0.019830457370760612,0.003880017734075203,-0.0006824482777875174,0.010960668615154212,0.005407615626589424,0.0075713034509024,0.007587804321083524,0.006097311068438138,0.010344425118677503
2015-10-27,0.0,-0.019401886901893928,0.015040152230472392,-0.0022875696433396486,0.0053494448562909636,0.003964005319032182,0.005968740393987426,0.005164180942247576,0.003353394444565838,-0.009358484884997242
2015-10-28,0.0,-0.03841452228434428,-0.017698988332791155,-0.018153199683449084,-0.015825936022628273,-0.018070005190048644,-0.020350772883134804,-0.014471808403190067,-0.007340285996896512,-0.0173807844522178
2015-10-29,0.0,0.010541683685793224,0.005232144090430602,0.006503816205205792,0.010720722734242516,0.0090762448508388,0.009103054589211013,0.010171140966243941,0.007580072837422236,0.011456963195862535
2015-10-30,0.0,0.004032266143322527,-0.0017536518930063583,-0.0062092636631384535,-0.006104767078690787,-0.006004070052684107,0.0004151910387084623,-0.00881148873814308,-0.012828537869510548,-0.006095804687990536
2015-11-02,0.0,-0.018467730377256797,-0.024919122672563354,-0.021104915087650222,-0.01630186066180861,-0.02018449709491632,-0.021258695732273236,-0.022404483847227152,-0.021434881194637434,-0.01922460187735653
2015-11-03,0.0,-0.004398827065359212,0.0027464945642394767,0.004204867776678389,0.003232980649773065,0.005804314712530401,-0.0015922501801675093,0.002586680998089008,-0.004584803713828078,-0.004351712565928145
2015-11-04,0.0,0.05910842103313385,0.05231689390312044,0.05335389138315105,0.04784857377987084,0.04758694620130344,0.050498522244261324,0.04843353762105207,0.044827443215864626,0.038247003963397086
2015-11-05,0.0,0.01149003506808799,0.01825098253661106,0.009509634277020229,0.003543452912810219,0.010691678333989652,0.011192030602644065,0.005310788200803884,0.0048368983308451075,0.015948503265810654
2015-11-06,0.0,0.01699982418403878,0.015259677768662883,0.01927081475793968,0.021685504084427265,0.02247036583767148,0.017853391875782165,0.01615634913721986,0.014774979451122494,0.019258227932770877
2015-11-09,0.0,0.008136230536611055,0.007900409793525354,0.005896168280550951,0.012318280997329678,0.017079964464167707,0.007072478980368668,0.015158273905498731,0.009050853136411963,0.006823005088163914
2015-11-10,0.0,-0.00835228966589563,0.006070392461241303,0.00946609239713081,-0.015128731465801737,0.011630105782135747,0.006089799286958852,0.0027207422454496033,0.009608132312410866,0.01648271733113993
2015-11-11,0.0,0.00792566885350987,0.01036141375185573,0.01368091647305425,0.014861710290961394,0.01754317943391115,0.01439747392791979,0.010024257721970464,0.017256013878773624,0.024742573707588367
2015-11-12,0.0,0.01602240831360402,-0.0034891100294665023,-0.008730953581475687,0.0009672388325094872,0.006147061200376447,-0.006354182348179416,-0.001865616783520374,-9.576717540138446e-05,-0.012352413716094635
2015-11-13,0.0,-0.0059491129220372585,-0.016146948145262408,-0.021566437728411603,-0.011770905983747304,-0.010961603287153787,-0.021435819070813045,-0.03141652790243887,-0.007833505280557151,-0.027450662463391118
2015-11-16,0.0,0.0062119734365717605,0.016390282924847677,0.01573491000064453,0.024792674003764503,0.022077386540419575,0.016859306910725236,0.019570719558630323,0.009901132211934227,0.008376175558389987
2015-11-17,0.0,-0.004975195497509022,-0.002891881617566261,-0.006259010268564458,-0.00519474388862351,-0.0006627344135805568,-0.005833895183716908,-0.004564570590335881,0.002788927951049569,0.006116859010565356
2015-11-18,0.0,-0.012731831687524675,-0.0154740759714308,-0.0023699869774634896,-0.01316638773239609,-0.008346420967702106,-0.01720089473990216,-0.016467070304361675,-0.022125196374557565,-0.01782972537157579
2015-11-19,0.0,0.019503145873498218,0.010916046234679344,0.01868245110836919,0.02057817025407238,0.023676757520259217,0.018936459573807518,0.020392585749481773,0.017294040066208494,0.012525206692437285
2015-11-20,0.0,0.0064129872524301135,0.01487427160525523,0.01521787806159347,0.005031410724032792,0.01396226982961557,0.00919250756338541,0.00751346538544162,0.0164427851785256,0.004887171002386115
2015-11-23,0.0,0.005858891626039142,0.004944486387677971,0.0006881483474887595,-0.0012479729977739051,-0.006844941719278963,-2.4118416923624153e-05,-0.0036172755414302094,0.005304620502024626,-0.014098023979000951
2015-11-24,0.0,0.014377994761242352,0.0172022902601503,0.008568416227168418,0.010265948444539985,0.00977846744618116,0.009230018930694861,0.00900550699121716,0.0072406935011419815,0.003146153488878367
2015-11-25,0.0,0.01697238229351883,0.018265901798134143,0.013146221746689779,0.017906815389406194,0.01865402231475688,0.018359266394656126,0.010996132020868243,0.011255126874916144,0.003872733542693352
2015-11-26,0.0,0.009000274674819453,-0.006968935656255115,-0.002150780214334236,-0.0021219405996961704,-0.005352243327936379,-0.0005903105553883847,-0.001679223695125076,0.003978640763159236,-0.003813139641972163
2015-11-27,0.0,-0.03340611939209204,-0.06654668844430922,-0.05481290629417401,-0.06825131853533994,-0.06663351310436127,-0.06361694645427518,-0.0606352233419204,-0.06672076130079752,-0.04642317719240874
2015-11-30,0.0,0.051333087566848956,0.005163879207491506,0.0006834408632105937,0.00012694177089200842,0.00774290171856129,0.011235147018656022,0.005985055798311212,0.004193565579498459,-0.0033216933781481384
2015-12-01,0.0,0.037900907014629226,0.02525190700874269,0.010051369936547871,0.012573974636177931,-0.0027086697015974437,0.007908517098939027,0.012069241287859356,0.013105037111857287,0.011873964202663068
2015-12-02,0.0,-0.02653150676581939,-0.003066359388728901,0.006681564432192033,0.004163193873213622,0.004724584446838431,0.001314756408081541,0.002781635063275667,0.0019985039049612574,0.04860270072114403
2015-12-03,0.0,0.0173272188673379,0.018601280856079594,0.024937237327064876,0.021816817356884455,0.02303762494792294,0.017398599856124797,0.016896210861256256,0.01996969049013675,0.010209629430532718
2015-12-04,0.0,-0.0037056276948945754,-0.0138662395079866,-0.01027955826203708,-0.00769073213146787,-0.006546159394737905,-0.00587446479262832,-0.0056990625068529255,-0.003130145520303218,-0.00318677071073048
2015-12-07,0.0,-0.0015999998952407335,-0.0007257108209319796,0.008811666045152267,0.013027439367433225,0.009239510708201726,0.014509147521602817,0.010555677831384003,0.021933608989958442,0.008770006820129517
2015-12-08,0.0,-0.01992762601763165,-0.02973290736301326,-0.028777357167304896,-0.02011299784573317,-0.016448931265784728,-0.02709791429827102,-0.013881009042267967,-0.016790228640320648,-0.02866674962202498
2015-12-09,0.0,0.010971116692384264,-0.001078662405911368,0.002579011443427648,-0.0001900200226477855,-0.0034196022100512202,0.007107880403341982,0.0014590914811904998,-0.004902541879903688,0.004135243945231348
2015-12-10,0.0,-0.031452015667801425,-0.00635163244618131,-0.021657605912152822,-0.007172168503634446,-0.0075946318189960005,-0.008030962817628162,0.0005351522271950238,-0.014815909084617607,-0.0058653711055435265
2015-12-11,0.0,-0.030665228418716217,-0.003827377743734539,-0.006257899985081972,-0.00970905027593083,-0.014417726903884875,-0.0047339419787514325,-0.006734392358233698,-0.005691185627606177,-0.011005528923200947
2015-12-14,0.0,0.02273681242631964,0.01898101125163132,0.023995727243266263,0.023248068202815775,0.02254838581824581,0.026095198873868908,0.02024726836762114,0.02345215903228981,0.02810267168111813
2015-12-15,0.0,0.01079577604315407,0.01115883598659928,0.00025989840257967245,0.009383804648913197,0.013773914674816812,0.007879097768046961,0.011602894635860173,0.0033893764030321627,0.0010738362925473144
2015-12-16,0.0,-0.008203709065378706,-5.478625508936741e-05,0.0010931512538936428,0.0029118851032159387,0.004363379581693305,0.011481767775611162,0.005967133464929164,0.008893823999891026,0.0035353062834557747
2015-12-17,0.0,0.02634999305338792,0.03054495605624208,0.031761719405246636,0.02939347493505262,0.021189232610719255,0.02937038899547595,0.021834392666425728,0.02492608765104376,0.018313833261579093
2015-12-18,0.0,8.370511903588174e-05,-0.012671466221481853,-0.005976557243265512,0.005978120500978346,0.007749004946772775,-0.0030717790534428024,-0.0004622288609622549,3.5054196029227214e-05,0.006178502848627643
2015-12-21,0.0,0.010916605491884335,0.008543344577693457,0.014282632850718846,0.018372598178429067,0.007177966982287787,0.01698057060861302,0.010776757282566995,0.0173005414174634,0.020484929750912206
2015-12-22,0.0,-0.009839692193465033,0.022374676005414207,0.009506250815404016,0.008451020333894332,0.013716003769976393,0.007056440864100955,0.01219834325234359,0.008214455014628363,0.013082015736881614
2015-12-23,0.0,-0.024435739621107233,0.0031518516816102515,-0.015791538995291066,-0.011451831385889122,-0.005582219269614219,-0.008935289941580882,-0.007531581767455164,-0.01587053495589774,-0.019000809754767256
2015-12-24,0.0,-0.0027150894265891568,-0.0026630519438419764,-0.01327455755151441,0.00018682770485822786,-0.01036714416628548,-0.00178106534803546,-0.001419075450524554,-0.012316931169552348,0.009437239703728784
2015-12-25,0.0,0.0009062544388260818,0.010271639318951475,0.009254157988672906,0.007313961462812157,0.010592520653589732,0.007423569356734827,0.018171435516785905,0.011698344579707864,0.0013223431049196321
2015-12-28,0.0,-0.014343094629912012,-0.018530167748166848,-0.0305278901904511,-0.019377253515042825,-0.027327977449370877,-0.025990381892725956,-0.019628866416189772,-0.03369509547363625,-0.02720266307860164
2015-12-29,0.0,0.009934041335091903,0.008747163022010396,0.011168647766941708,0.01564725061634209,0.014077510463828213,0.013230850614436074,0.007581672707084763,0.012673376535667025,0.01837503892707537
2015-12-30,0.0,0.01883233208956736,0.0037550864645372606,0.008293756892862492,0.00716736214030278,0.011167895804264916,0.006914974174321964,0.0034641815309670587,0.002281457392674824,0.00018379200170071108
2015-12-31,0.0,0.0030600173452437485,-0.011154931287704284,-0.010144889329481988,-0.015940422493976536,-0.019567742565578472,-0.009453700377121677,-0.01731834392410525,-0.016465975701033364,-0.013653177190526056
2016-01-04,0.0,-0.09900520896693288,-0.08223315879375692,-0.08572047680694539,-0.08527050173007522,-0.08300019134692693,-0.08230122284696129,-0.08344792959094993,-0.08954597752276128,-0.08050975370399394
2016-01-05,0.0,-0.0367947248728846,-0.01999343968101508,-0.008003162962774146,-0.010143180812748676,-0.009988304246839608,-0.006768598219157651,-0.015382224235471531,-0.013925288417712567,-0.019815087116730967
2016-01-06,0.0,0.031230693673446552,0.02916832053276064,0.04124824941747862,0.03252503010254215,0.03242585918779173,0.03684198781796777,0.036661522665941026,0.031227044430039763,0.028675958804674107
2016-01-07,0.0,-0.09871239172183277,-0.08551574825937747,-0.08183148095587411,-0.0871645376452822,-0.085978602317613,-0.08271670845310575,-0.08337729710360986,-0.09144399663520719,-0.0803991716800111
2016-01-08,0.0,0.0032751567104374324,0.023775560118089567,0.03292584387334063,0.015854226384881764,0.01666150232367891,0.031831995814074476,0.024612882981660533,0.022421488259351197,0.016739324851193782
2016-01-11,0.0,-0.08959746281482617,-0.054337602554423214,-0.062249357790924886,-0.0712233865997356,-0.07007445675180568,-0.06305341795668584,-0.06084668580646191,-0.06730138863503798,-0.0670537688416335
2016-01-12,0.0,0.005004785453804228,-0.0019404780743126349,-0.005244129156581456,-0.005901920149319451,0.0017065562170546222,-0.007719237287315384,-0.005133493769623465,-0.0008481694918724969,-0.011829685842715487
2016-01-13,0.0,-0.04550585636857252,-0.0371585296481628,-0.03861391704124739,-0.03218034407054182,-0.03169522558819737,-0.03631427380002228,-0.025461763657278813,-0.026641389935464832,-0.03449269742711636
2016-01-14,0.0,0.030536216897455892,0.025314591944875398,0.026923794945143298,0.03504285493937953,0.03666409095847234,0.026589376201166193,0.028079242281425998,0.027361598821806776,0.023226218239276175
2016-01-15,0.0,-0.04842349895310072,-0.0404255872012943,-0.054646436231754136,-0.04187024382655091,-0.039902392583958446,-0.04425722918786912,-0.041926229268342,-0.057264379876892146,-0.04448751946094509
2016-01-18,0.0,-0.000871744340265046,0.010687564685325723,0.007549484079887758,0.02037809515897382,0.01410168780765697,0.016902295905931286,0.01440765090617302,0.014420184216918042,0.004977146950675193
2016-01-19,0.0,0.03525308176877906,0.03655755119081183,0.03932050603821757,0.03924301235175287,0.03600132869942407,0.039509265757480705,0.03709686127620926,0.037619282180096913,0.04199951126527157
2016-01-20,0.0,-0.013213074063450292,-0.003713746615944924,-0.008467280014464174,-0.011041490749681637,-0.003223122179650817,-0.00363764027916591,-0.013985090312658155,-0.0058113018585560505,-0.015728474546580995
2016-01-21,0.0,-0.02921876168087889,-0.02696674359285256,-0.03419831632319237,-0.03629163199183427,-0.039686375248236816,-0.04345249662049999,-0.04311929660555991,-0.03847431986983341,-0.028296760093021844
2016-01-22,0.0,0.0027655974683327145,0.012863298677361579,0.01857086652110196,0.013916755064435016,0.013535232811883624,0.018157315247565586,0.012637779984675523,0.017748890833111375,0.014044031533197554
2016-01-25,0.0,0.001362795124721039,0.002402075141727966,0.015240335343619238,0.016365483742577736,0.01699722617789301,0.014690424208023467,0.016144566317893405,0.012080955908728486,0.0078027080582498964
2016-01-26,0.0,-0.06389748921862637,-0.08070556448226252,-0.07625449019867925,-0.0720819176993509,-0.07571386390771817,-0.07654692653244932,-0.07351296066192847,-0.083596249423329,-0.07436900123533075
2016-01-27,0.0,-0.018346051690415255,-0.01681016429898219,-0.006229245119633853,-0.004652675341766943,-0.012430847619057661,-0.0017781978287163547,-0.007490632573533773,-0.011098373709607978,-0.02052286011672122
2016-01-28,0.0,-0.034246137997638426,-0.045620481310230554,-0.05304240461434928,-0.03701090000751439,-0.04178916089698648,-0.03964717386526839,-0.045061974491929946,-0.04178624697615485,-0.04383620244397324
2016-01-29,0.0,0.026046690955383145,0.03405684072853421,0.033717805515096844,0.03560757600546838,0.03688724210363592,0.03527282418262123,0.0316508792249699,0.03551774741324998,0.03162235326716201
2016-02-01,0.0,-0.026864261785421784,-0.013514365798725447,-0.012987063179116465,-0.014502058276635199,-0.018749541125660074,-0.017730671083843852,-0.019132145499438646,-0.014317313139937338,-0.0044283580740126505
2016-02-02,0.0,0.03284415705777666,0.03317030610486271,0.03303539097012487,0.03287143926160718,0.03449372321882671,0.03304892320937136,0.02850510607965906,0.03701004003358288,0.0202119866965611
2016-02-03,0.0,0.020482652490928066,0.0065145075767829574,0.004469224340632794,0.001305035385010589,0.005623717064217271,0.0014364065463396969,0.0016098937086521659,0.00953055198927144,0.002780582648831853
2016-02-04,0.0,0.0029547903241575746,0.017058890317974695,0.017904947519222336,0.018639413652153936,0.018409973473280106,0.018883143196898988,0.01738346410722036,0.020993396221512306,0.023695755146496023
2016-02-05,0.0,-0.013377997947809694,-0.0052529109673679075,-0.005535629141241838,-0.01350574742197641,-0.014832485495768766,-0.011006761450956026,-0.006855756044862993,-0.0069225493754055956,-0.0035735899287479
2016-02-15,0.0,0.007350390715862742,0.0036732908248309215,0.0024845514447227046,-0.0014071224730761722,-0.004210941827006098,-0.00426245478643783,-0.000390589732881641,-0.0010900543143683716,-0.010312944525435297
2016-02-16,0.0,0.04219594765896084,0.035557918693365,0.034570857795400034,0.040742529086465806,0.042189263688509726,0.04076040215995813,0.04085665142934647,0.0370728071532489,0.03253249327216379
2016-02-17,0.0,0.009913850604927665,0.01387492904007881,0.006548786923639804,0.014218110152395491,0.021107821362958523,0.014710120958153272,0.009030331712458706,0.014047756971032888,0.009912306492639633
2016-02-18,0.0,0.007083585074828536,0.0005636785212057571,0.0003414091816604792,6.730311846370185e-05,-0.00017185714186374046,-0.0005341023046825377,-0.002601761957696791,-0.00750348076301921,0.002939377941246546
2016-02-19,0.0,-0.007421123484272707,-0.002610659089444134,-0.0010758779911381744,-0.00014905889614302836,0.004122780333734033,0.003601875034324298,0.00019629813217547643,0.012055444662846915,-0.002629730944319064
2016-02-22,0.0,0.020108444063010156,0.0198823572167659,0.0317320792481266,0.025699519101957113,0.027173914312481395,0.026315257630308952,0.024384291280627357,0.028881881700627554,0.02335050992817367
2016-02-23,0.0,-0.016786704853658296,-0.00691852282806138,-0.0022375959525776645,0.0026463663652958047,-0.008538521462737592,0.00015589815156658027,-0.0002409803752619899,-0.001171582658437309,-0.0027063530906248356
2016-02-24,0.0,0.04345686481011857,0.008428600716330115,0.013205858628324352,0.009271911629285201,0.006331005020661529,0.003117360182807616,0.008568063193873598,0.007859766110017485,0.007836294460850324
2016-02-25,0.0,-0.03603022965003533,-0.08208166547131768,-0.07739918817276492,-0.07737482938434392,-0.08068147256073899,-0.08270216943371067,-0.07848888127061981,-0.08172343048116582,-0.05377973086812826
2016-02-26,0.0,-0.006345338624824337,0.005682477591071988,0.006874242853191603,0.007359291334313456,0.01110985674530851,0.008505740225366099,0.009714261786825995,0.007259231362495955,0.006694298162161605
2016-02-29,0.0,-0.051142792424387684,-0.04502422232128145,-0.0390984874673449,-0.047762232217833045,-0.04301703567340032,-0.04659418744912025,-0.047715528903273796,-0.04286201255313815,-0.02616036115652076
2016-03-01,0.0,0.04801323574149308,0.028988304192711478,0.030101688785715064,0.01655609543780967,0.024900103870594492,0.02482071155872201,0.016089952702414312,0.015723627461365908,0.01913228180262405
2016-03-02,0.0,0.04535053496032537,0.0563221393270692,0.06311318776576891,0.050236123667712684,0.05371748842643154,0.05310520320187795,0.05359587308215952,0.05759327791237712,0.04044553505184245
2016-03-03,0.0,-0.0058833154540853805,0.004714946130173425,-0.0003922838828027686,0.0010420680354175094,0.0015355623783634975,-0.00055111246613615,0.005839385099807082,0.0014088937323344375,-0.0002277375923070979
2016-03-04,0.0,-0.029375504028813726,-0.018649018191215117,-0.015201074983256069,-0.026855828486214484,-0.0230451849643164,-0.02291721704419769,-0.030155676220435135,-0.026986289077051473,0.004053356841351885
2016-03-07,0.0,0.008044716496395932,0.025101014107106412,0.022310921834677755,0.021125302622303277,0.02148979801391704,0.025404061215936746,0.025541449858646592,0.025920560593521325,0.0064932250355862475
2016-03-08,0.0,-0.008448275192832644,-0.005718125028222776,0.0013913622068439935,0.006190240442168982,-0.0015684429665382416,0.005168282853600159,0.004321840569120772,0.003994152437568399,0.000820591957739758
2016-03-09,0.0,-0.02518716627650419,-0.026410494680904617,-0.035717012381134894,-0.02787142464662362,-0.03102992966747964,-0.029036750806660905,-0.03132299387489512,-0.031978696311402155,-0.017605147719522152
2016-03-10,0.0,-0.026308944122832467,-0.01430297878101816,-0.01985416302802434,-0.022330326117341537,-0.022698419785697976,-0.015085035518440648,-0.01580183606879637,-0.017137034004160445,-0.02200064706791105
2016-03-11,0.0,-0.00734802190413697,-0.006677885245870097,0.0006114182605223561,-0.008097211295332252,-0.00522360308535208,0.003209596751274857,0.0035587409955213367,0.0021512838093624698,0.0019818474151387377
2016-03-14,0.0,0.030503991005934372,0.02767475720263013,0.029170026321823306,0.032232957554596986,0.03314023897100293,0.03583924890252366,0.028437560317439603,0.033023676810685076,0.0217282964311325
2016-03-15,0.0,-0.006370293410763339,-0.007778350950580326,-0.0093727820729399,-0.007829852945559379,-0.00409767470245348,-0.009204354774416279,-0.010861020839567859,-0.007079761510766391,0.0038965878559238387
2016-03-16,0.0,-0.0109419338556489,-0.013984548640144423,-0.005592749304995315,-0.02102227063320683,-0.01138041290163716,-0.007954427605151637,-0.006251628127808551,-0.009683391718915635,0.004660864741484971
2016-03-17,0.0,0.02358148347122646,0.023681693348452715,0.02533466350987279,0.029814081144071913,0.03318998862590883,0.02742833865055605,0.026646523950698775,0.026854097606896277,0.011911038888901437
2016-03-18,0.0,0.030923688120478854,0.036862415600157794,0.027262621420131694,0.03170994986899012,0.03463049063525658,0.03190575928919093,0.032423325784697976,0.033363651649350956,0.014358731910121714
2016-03-21,0.0,0.02001595803874401,0.020568348203202635,0.023286410964609594,0.025139702792939422,0.025887980709200953,0.02668039576913328,0.02306725298187362,0.02381494251640426,0.01565473719944155
2016-03-22,0.0,-0.013189589580726357,-0.008354872326774343,-0.005900210793500116,-0.00601172757288071,-0.00934980475225089,-0.0001432710229528622,-0.005463363158209389,-0.004488656982884143,-0.00891099335692902
2016-03-23,0.0,0.007159585798734547,0.006104687886799409,0.003847783340788613,0.006067332119250146,0.008048085848873399,0.008175257162679417,0.00673222270571161,0.012600911489688116,0.0017079001985274012
2016-03-24,0.0,-0.020558890484724923,-0.015504023495805708,-0.02466517072401253,-0.01543681209322778,-0.02032200171647125,-0.009419812378928416,-0.018191665454333594,-0.015263611430418877,-0.018791700025936775
2016-03-25,0.0,-0.005433559816817812,0.007964272024178598,0.008437084184804045,0.010228367289314866,0.004911684091550184,0.010096121593965668,0.007834397370930057,0.0066608647868171555,0.0036686544896074036
2016-03-28,0.0,0.014899897285591601,-0.013713392045525352,-0.002733209156510208,-0.0078058768237272425,-0.005471549620009286,-0.004061387546290707,-0.004294474829414252,-0.0031413313335152404,-0.005557980147460007
2016-03-29,0.0,-0.01515193916773927,-0.022850999570590558,-0.0086538923693662,-0.01663223285012927,-0.017833369069251703,-0.03555158175682094,-0.018972607627083526,-0.008329674327107295,-0.010491567479645636
2016-03-30,0.0,0.03498764586182501,0.031142732652897465,0.031278360171387076,0.03709775476204169,0.03385780146951212,0.035274868137550985,0.029889810299921216,0.030349235089562887,0.02874814287227201
2016-03-31,0.0,0.005184528369805319,0.006843912258289286,0.0028861943380718014,0.0027341304483079476,0.004072780560742784,0.00227305595401206,0.0039042324261835404,0.003162120821090575,0.0015661549248777717
2016-04-01,0.0,0.0076022805894691015,0.008456750090610754,0.003985550840844843,-0.00028726808339518684,-0.0007701981903488475,0.002161796060465626,-0.0009593415873450084,0.00211854360541186,0.006785809643907292
2016-04-05,0.0,0.025244210528461597,0.025460823055277082,0.021424128375916895,0.027421248312423208,0.027283529903715298,0.023661284222660894,0.02441413608979115,0.025063205279273193,0.013167884886447156
2016-04-06,0.0,-0.009576734702977263,0.010153124653898393,0.007140690791786586,0.007931517187398374,-0.00115745296312042,-0.0009139795161877684,0.0003914634913966264,-0.0001788226874812615,-0.0038416258410374216
2016-04-07,0.0,0.0100482242655755,-0.01248900995223523,-0.011105635661476487,-0.013276030923245252,-0.016952946011719705,-0.013286160574105255,-0.010908146654292517,-0.018587585869483725,-0.011862859262543046
2016-04-08,0.0,-0.015055349710605848,-0.011100347784481102,-0.01265482750181024,-0.006463816007791889,-0.008878432077571996,-0.010335342082163246,-0.008839568703658096,-0.009619970068490469,-0.007226506212402395
2016-04-11,0.0,0.023169762169712005,0.01926998585445583,0.0215005770922736,0.02759040687342562,0.02108107810532167,0.018841060717975644,0.02175958339248929,0.027492403451100822,0.017946362532982985
2016-04-12,0.0,-0.010748368057734381,-0.0006828407657090141,-0.002179470704026021,-0.00214041537541676,-0.005540841370727634,-0.004079040203080031,-0.0019201599573228645,-0.0022788980030442607,-0.0009700843885286359
2016-04-13,0.0,0.004182657001222667,0.015519724515260958,0.015912342621686948,0.01679916642735213,0.01564128946387089,0.013114722712693316,0.013359068911949157,0.019406552150524448,0.016836385421255207
2016-04-14,0.0,0.007863487865426011,0.013222348017825292,0.0016186173435108753,0.010185377270837126,0.008644486338532653,0.006687739935662407,0.009352165737647633,0.00901064300558363,0.007786185342772978
2016-04-15,0.0,-0.0007696367295492168,0.007497631927871229,-0.002138316397743978,0.005249586356456559,0.0009740196297507442,0.0005963722393214077,0.0008475129029108519,9.059810824862957e-05,0.002287669707501827
2016-04-18,0.0,-0.012996717507298916,-0.0043124546594315305,-0.01831868692734162,-0.012951708392146766,-0.017672280657828443,-0.013038549830961088,-0.014591683755554974,-0.014559394911948131,0.008019964973775773
2016-04-19,0.0,0.01333344030067507,0.010824686747352263,0.001666601712050575,0.000694587497493071,0.00379174407643168,0.0030154033419398374,0.005198757761712081,0.009422741059292417,0.003303855186906013
2016-04-20,0.0,-0.042781764239070985,-0.034122392065598084,-0.03137612323144057,-0.044352549410664355,-0.04497712114808472,-0.045796673668422994,-0.03663911510624018,-0.03908623183889626,-0.018914567955180428
2016-04-21,0.0,-0.015713905656186355,-0.006649454584047199,-0.005176158336596459,-0.006178645152563944,-0.009147976346683073,-0.009266704761528577,-0.004617837216927878,-0.005498679325325773,-0.006153935398771404
2016-04-22,0.0,0.011761117894526496,0.0017155268253361555,0.008521569215496516,0.004204775456703613,-0.0006506381022842733,0.006881678019972748,0.005815326767685258,0.0009609626550783901,-0.002601834984603424
2016-04-25,0.0,-0.01131962917948881,0.006481391524203017,0.0007500008825400695,-0.0009372753883031271,-0.0027181342436951583,0.0005377956537122586,-0.00019203211548379784,-0.004806170190121861,-0.004093280930269505
2016-04-26,0.0,0.022256386046277665,0.0035910924381623577,0.009717900396480905,0.01163752387576844,0.012736649148708201,0.014167871142177546,0.006817690640323004,0.009668232551821587,0.00545929126857958
2016-04-27,0.0,0.0030475259548636835,-0.008949228337407522,-0.006318281180931473,-0.00751988312997609,-0.001607936705792068,-0.01810687891818774,-0.0025642566814498835,-0.00036963507903398085,-0.0014133616954384864
2016-04-28,0.0,0.012946611800913388,-0.0010484808895255826,-0.002790718586109908,-0.007903129862149472,-0.004914246755343243,-0.0018245783083660205,-0.007592615782206047,-0.00324531394191252,-0.0054035890876611425
2016-04-29,0.0,-0.004143245320068489,0.006797030081628241,-0.004029711888517307,0.0014209082653131588,0.0030806934344778103,0.0014767206775676556,-0.001267005727784376,0.0037820016482823515,5.072470179734445e-05
2016-05-03,0.0,0.015849422939490987,0.023562308149819078,0.005738786435175891,0.02922029654017666,0.02698296893034846,0.02685362410463421,0.024137300776573056,0.025383339022165163,0.010599302308099467
2016-05-04,0.0,-0.0035941440126507906,-0.00023544924110463494,7.707842646187402e-05,0.0013004447640885264,-0.0021632840829649558,-0.003200592562455973,0.0008023266676420171,-0.0019981001295782397,0.0013073711268687394
2016-05-05,0.0,0.0004495912806540313,0.004885893901062582,0.002468201043961958,0.00019648233694154107,-0.0010472924781285082,0.0005870689589389444,-0.0002558306537699005,0.005243554956369971,0.0006604074730626238
2016-05-06,0.0,-0.05691056910569103,-0.04468411227212288,-0.03858095466944156,-0.03311607651536341,-0.0391450574394554,-0.04142247570701152,-0.038592026508688204,-0.03832127401576613,-0.03703389738462726
2016-05-09,0.0,-0.030172413793103314,-0.04499705040510871,-0.04151357671773237,-0.04126446744813639,-0.03917031784851055,-0.03670615659013832,-0.036788575466851214,-0.037120753736179846,-0.04053715828753979
2016-05-10,0.0,-0.016296296296296475,-0.0027510213989156984,-0.0011619843869686841,-0.00010910441315925556,0.0005056985807780912,-0.006027757091567221,0.005655479227509641,0.00243662439893777,0.007087919562453582
2016-05-11,0.0,-0.015060240963855387,-0.0028972303905979713,-0.00521713537845736,-0.0017212049935607654,-0.002067396085604134,-0.002189152910494818,0.0046572306713659195,-0.00014462451854246883,0.016708264299487352
2016-05-12,0.0,-0.012232415902140636,-0.001412060484629607,-0.013036145293240264,-0.00888335372771698,-0.002857809345928053,-0.0011354259809237544,-0.0018620839869994965,-0.0028288992261514823,0.017427111673761875
2016-05-13,0.0,-0.003095975232198067,-0.005479431858971484,-0.0020693597411930442,-0.005647292186004682,-0.004374966222242205,-0.009635526229061941,-0.004709395577926934,-0.00309490122730649,-0.007673990758611415
2016-05-16,0.0,0.02639751552795011,0.010422039320772347,0.01292759299281343,0.01052554394215588,0.009310843968931781,0.01077213978985836,0.011644087615129362,0.008928629663587317,0.010430184185070468
2016-05-17,0.0,0.0075642965204236745,0.004550821673824812,-0.001438374648910834,-0.004503485105405103,-0.004994268868892315,-0.004184635081660115,-0.004409263327587842,-0.007259859291909421,-0.011873647825545341
2016-05-18,0.0,-0.01051051051051044,-0.0261685410657142,-0.023918945981802775,-0.024233662923045296,-0.026724257621683956,-0.025216100671253905,-0.024588412792952874,-0.024716765064988322,-0.0269350823868163
2016-05-19,0.0,0.003034901365705389,0.005255804823703691,0.002520976170192979,-0.0008542235166695278,-0.0007067984560070739,0.000910084012080814,0.0009382517607208207,0.0006627402754091349,-0.004032583107262733
2016-05-20,0.0,0.015128593040847349,0.00686215946605917,0.008704632291188341,0.0096084542035213,0.012447277922129407,0.010044142182160654,0.003854418127559489,0.007895841899015377,0.010308034444410419
2016-05-23,0.0,0.09985096870342769,0.009958865066374,0.010608859586235697,0.008673535031094248,0.010911953021301768,0.0049636707372657796,0.00948119522926505,0.012365678185158435,0.013174322583878073
2016-05-24,0.0,-0.01490514905149054,-0.012203195530447242,-0.009516340671884782,-0.010551688861055397,-0.010068169043950692,-0.009959514692887028,-0.011763520758521384,-0.009175048815206255,-0.02110137038628912
2016-05-25,0.0,-0.009628610729023435,0.0028391168129646704,-0.0008070920017996253,-0.002575475004381267,-0.0012874637260216204,-0.0013998047098134903,-0.0011098995105367493,-0.0016224956251952305,-0.008186099851036133
2016-05-26,0.0,0.022222222222222143,0.00816120660785491,0.003924712733260671,0.005539775880262443,0.0037222342651264118,0.00041869808077255044,0.0015137575935966208,-0.0007621362628149608,-0.0010305151679667057
2016-05-27,0.0,0.006793478260869623,0.001479837201655565,-0.0014390433379650736,0.0023960960402427123,0.0012055664623669138,0.0008188417866683562,-0.0012648680014156755,0.0028153922048193003,0.002091388057159582
2016-05-30,0.0,-0.026990553306342813,-0.0073101847355764304,-0.008584274357302024,-0.0034901693342802576,-0.006926825034775486,-0.0023001958833298586,-0.007958105257941273,-0.007399900928516834,-0.0053131358023817965
2016-05-31,0.0,0.03883495145631066,0.03869371357762996,0.036254042657305696,0.03646128570603646,0.03540784791407803,0.03179063991337805,0.03523482633649366,0.030637581555117643,0.03375595650859675
2016-06-01,0.0,0.026702269692923997,0.008647951592280823,0.0015106023009858749,0.004703317427853015,0.004641107158480207,0.000684553950942135,0.002254873679604641,0.002228191675094582,0.0019541955053594684
2016-06-02,0.0,-2.220446049250313e-16,0.014508416847333061,0.009252401834159762,0.01040485973965688,0.008174422574417362,0.004124743568658662,0.005189994952076615,0.004194370906365208,0.013298730506588807
2016-06-03,0.0,-0.010403120936280819,-0.001994440218428317,0.0011075230087018717,0.0017760712460570538,0.00133626315414892,0.0017743437041159993,-7.404686514611569e-06,0.004178317924481867,0.005063261253883233
2016-06-06,0.0,0.006570302233902758,-0.007204556642701698,0.0013015029004421752,0.0012372284157411428,0.0034680091864687235,-0.001253042614279054,0.002553561986035291,0.001915484124891842,0.0047690759617007306
2016-06-07,0.0,-0.010443864229765176,0.005858930809203633,-0.013320286473398446,0.00041952355364793803,-0.0021311453087241583,-0.0009038334250032198,0.0006014605531439177,0.00502463029749789,-0.005017051241875792
2016-06-08,0.0,-0.009234828496042291,-0.006188677368692774,-0.0013405998882454195,-0.0037516416655655194,-0.005288892110559162,-0.0023382866017053194,-0.007823869405496398,0.004961818891301872,-0.008842236219572253
2016-06-13,0.0,-0.0679094540612516,-0.040430539261881115,-0.03938839348958423,-0.033910459481484745,-0.03782986116032627,-0.038624866526655977,-0.03895850710265514,-0.045550372231299985,-0.043703000971766714
2016-06-14,0.0,-0.005714285714285672,0.003841646615634353,0.0015885714559156217,0.005176734910404157,-3.590758086224888e-05,0.0013738250860384493,-0.003247138388377091,0.006237223686499815,-0.0019770819840427833
2016-06-15,0.0,0.03591954022988508,0.023981064973984,0.02569419744205037,0.0261898589074665,0.026210040854718564,0.0252702770804758,0.02392863549953872,0.020461806753300227,0.02806498914391864
2016-06-16,0.0,0.0,-0.008250095549368508,-0.002381890334779313,-0.003541711149566251,-0.00031916006555143817,-0.00335402634400217,-0.004613439812986675,-0.0028825311654039343,-0.007127746436227711
2016-06-17,0.0,0.02496532593619971,0.0173340756741025,0.010481602278612723,0.005947234759614117,0.005741483556558347,0.009456789669850307,0.009794894326097703,0.006736979600523885,0.008697529786293012
2016-06-20,0.0,0.0013531799729362692,-0.006573103731454033,-0.002215444866383809,-0.0010925196353253064,0.0014373874328150738,-0.0018893371812017667,0.00026862206261824007,-0.003574145161053588,0.006993507170065527
2016-06-21,0.0,-0.004054054054054013,-0.006478137796041672,-0.007364998215968921,-0.007313573078394753,-0.010433806102003396,-0.0025961214643078767,-0.007050875498841203,-0.004610231872643977,-0.007435425517294814
2016-06-22,0.0,0.028493894165535938,0.016392244291102642,0.01866649414280941,0.014609785369081862,0.01389857906275882,0.013048934674561252,0.01178656786935628,0.012891569821487092,0.013207704483638283
2016-06-23,0.0,-0.0158311345646438,-0.006067904005940372,-0.003365789048380474,-0.01236425775615524,-0.006204636603116098,-0.008907296052549696,-0.007652800727936504,-0.005988066971690631,-0.005651587996344687
2016-06-24,0.0,0.03887399463806962,-0.03455881319357601,-0.012157232203308777,-0.010309565934301657,-0.01084041858136775,-0.015045302429067875,-0.02092898034667512,-0.009272932814842094,-0.02029485240693607
2016-06-27,0.0,0.10064516129032275,0.023029772018569927,0.01045280317605668,0.017703066530491807,0.019102978361395406,0.018102434597106365,0.017893408611406647,0.01839533108163449,0.018192466725018397
2016-06-28,0.0,0.0785463071512309,0.003620355782945728,0.005853968086302563,0.008590608918145115,0.008002454193617003,0.006706237915862667,-0.004901284820950758,0.008191461174170467,0.007513838723294031
2016-06-29,0.0,-0.036956521739130554,-0.0011447142105905916,0.004174364571136957,0.006907828298936325,0.00040708138873246646,0.00281931463916707,0.004442397274403653,0.000868838799997107,0.004089784134175822
2016-06-30,0.0,0.02483069977426644,-0.0024717118307128194,-0.0026357896191955277,-0.0015635146095479557,0.0023084284490486606,0.0004746085474758299,0.0013654924823691683,0.003496285472345706,0.0018373420552117992
2016-07-01,0.0,0.025330396475770955,0.0032086846433434513,0.0010120924668928222,0.002111912209668221,-0.0019853873448286707,0.0013913361295641025,8.033230367421318e-05,-0.007780069880286233,0.002722694533060732
2016-07-04,0.0,-0.023630504833512478,0.03125989899858883,0.023253929068347334,0.023929418009328574,0.022076061638537814,0.022649386309312236,0.01924837147196712,0.018848692181040905,0.018646798719736513
2016-07-05,0.0,-0.00990099009900991,-0.0022441292631038,0.011102965692044942,0.00831585873068863,0.008335839446955262,0.00758500996354039,0.0132769831810442,0.01751070537057764,0.011804643138364712
2016-07-06,0.0,-0.01111111111111096,-0.001872892817499694,-0.0007804165568447985,-0.0024985717645941152,0.0028112423511379436,0.002930259975157057,0.0015811989116540914,0.0006033143120547368,0.008027814346637463
2016-07-07,0.0,-0.024719101123595655,0.004774111156615302,0.004752941765403529,-6.203628423184782e-05,-0.004637967393328224,-0.0007259808729902506,0.0016916649427125563,0.003515389725387452,-0.0022521453674727576
2016-07-08,0.0,-0.01382488479262678,-0.008512966119011312,-0.004425182794622118,-0.005219609196136399,-0.005009577206674609,-0.0023803769798076413,-0.006567424338468242,-0.0020957960923487784,-0.00017977622220011202
2016-07-11,0.0,0.0,0.009431553174476637,0.001640844523411289,0.0027568684182408543,0.0038333351362584978,-0.0014925004377407403,0.0005002684209121089,0.0022234151792532852,-0.004399946415548195
2016-07-12,0.0,0.016355140186915973,0.019876079981106187,0.020361594618622636,0.015834406431527892,0.013830051521739772,0.018705959890535917,0.019685132839353026,0.0133404877362846,0.026321037811923853
2016-07-13,0.0,-0.0011494252873566202,0.0038053335721248693,0.002879879961755316,0.00722723411948234,0.008441965690798359,0.004734448399262847,0.007354882588546774,0.0006669638343463902,0.005432758878946453
2016-07-14,0.0,-0.0069044879171461515,-0.0036247431998331914,0.0021089941169163406,-0.0012110131849889516,0.0012840202731521089,-0.0015319599602803269,-0.0036294990916566627,-0.0012012923729020075,-0.002868875320614861
2016-07-15,0.0,0.0034762456546930665,-0.005799269796487261,-0.0016254784399242217,-0.002965820829450627,-0.003698585535786836,0.0018827570209734024,-0.0018075976657168091,-0.0008530631891634499,-0.001511203519870774
2016-07-18,0.0,-0.025404157043879994,-0.011691830931147229,-0.008696931150038112,-0.0052938985300824415,-0.007905642588791562,-0.002312892889831497,-0.004800119879412312,0.005809785605885631,0.0010435375592339202
2016-07-19,0.0,0.009478672985782088,0.006940144934249215,3.49134161254927e-05,0.0005784832207398338,0.0035147898453866677,0.0005505653632358332,0.001766848012852762,-0.005961791291832275,-0.0011059399613748688
2016-07-20,0.0,0.001173708920187977,-0.0004746197691321008,-0.001901606144263046,0.002061903034214607,-0.0020616853748156583,-0.0009294467820794017,5.298813431542371e-05,-0.005098702502905228,0.002831631389851097
2016-07-21,0.0,0.009378663540445364,0.008379316590597652,0.002231938883525464,0.0011632753424113407,0.001905112546390031,0.00490842157893745,0.005111544134145385,-0.0015157464548489763,0.004843668999682027
2016-07-22,0.0,0.03484320557491305,-0.009870728889580405,-0.014320072537368778,-0.01394608067753278,-0.006041806300141617,-0.011747997950826261,-0.010880676881068752,-0.010835065051513548,-0.009647061853188088
2016-07-25,0.0,0.0011223344556676729,0.004481094966332533,0.004724271789705581,0.0008913016102725102,0.006501902664733716,0.004890643953549878,0.00681224503344402,0.0020919791721289993,0.0058450337039155364
2016-07-26,0.0,-0.0482062780269058,0.01181613142638649,0.012347985289592467,0.01347094211337474,0.014960953526779619,0.01358095288207628,0.012685254204331198,0.016936498767571306,0.011814208247973745
2016-07-27,0.0,-0.06949352179034163,-0.039167217720169734,-0.037352412561988735,-0.03454443969036769,-0.03339036954140584,-0.031754657661068,-0.030465657666402857,-0.0319073277836075,-0.02910940617316582
2016-07-28,0.0,-0.012658227848101111,0.004660221147188226,0.00855624096217511,0.0063699195565452005,0.004251755119530021,0.012499004282692017,0.011988517436472002,0.012333016012547438,0.01053638852872929
2016-07-29,0.0,-0.028205128205128327,-0.006262959526032064,-0.007866814502457409,-0.004803856598082468,-0.004952463623605907,-0.005186584845166653,-0.006719102407757638,-0.006161338842400665,-0.005318369046876215
2016-08-01,0.0,0.005277044854881341,-0.011266258421414821,-0.004857803902691971,-0.010845776659638817,-0.013955949561237357,-0.015163926375705739,-0.014068180184611756,-0.00984143562396167,-0.016708862164497296
2016-08-02,0.0,-0.001312335958005062,0.007815283559866382,0.009564343247883578,0.006204880424328207,0.011433524056045474,0.010685749597025396,0.008201876169798616,0.013008681190041838,0.007204522704481464
2016-08-03,0.0,-0.007884362680683266,0.008528445572042465,0.005370450739869526,0.009707407674802493,0.007582336172178072,0.007724365771217823,0.0077502574078589515,0.008983840422823075,0.00961092534468988
2016-08-04,0.0,0.017218543046357615,0.0001255212261204175,0.0014375087988256485,0.003469539346428796,0.004837789192534414,0.002549932259604981,-9.782853933737456e-05,0.004522704917283127,-0.004206431869318017
2016-08-05,0.0,-0.02083333333333326,-0.0018112151539135812,0.0032715564665664054,-0.002153670898492166,-0.000873370347962199,-0.0036411546043508825,-0.0028905592320235263,-0.003955103207714528,-0.012440500461395998
2016-08-08,0.0,0.010638297872340496,0.02707446329014429,0.022127632388064367,0.01748038892763204,0.015925989771630178,0.012613507760884435,0.01158977553606122,0.009435697511737118,0.010208167795447531
2016-08-09,0.0,0.015789473684210353,-0.0003827498646897798,0.0030969795977986436,0.007398019716259752,0.006597949595358754,0.01010512949766773,0.007431945851575916,0.005060546639980235,0.006847302330790894
2016-08-10,0.0,-0.007772020725388629,0.0021992130897268147,0.001905809365336797,0.004760685428538469,-0.0031530714339035315,-0.004203014999058841,-0.003854289875484751,-0.005496929157861263,-0.0007292769416147316
2016-08-11,0.0,-0.02741514360313313,-0.01632130161860046,-0.013780639976263998,-0.015766119783757082,-0.01537070132712437,-0.00883771897950325,-0.01259672099280873,-0.013770416415438191,-0.01704487255116449
2016-08-12,0.0,0.028187919463087185,0.011913059653468228,0.017730273214891845,0.02023034288415526,0.015050814225368248,0.013714789429281282,0.012416107405078147,0.014478747551057713,0.01813835275500275
2016-08-15,0.0,0.02088772845953013,0.018972139127118925,0.02359103316861777,0.024882894742719985,0.02048306961741453,0.022745416146115582,0.022745487919626495,0.020849732679967037,0.02638195395844778
2016-08-16,0.0,0.0012787723785165905,0.0074365921084407205,0.0061038667494826004,0.00714209621412798,0.003211811648956564,0.0011881163687794682,0.0008911744787205578,0.003330226766572908,0.0034962295272542576
2016-08-17,0.0,0.09961685823754785,-0.0014838928777759497,0.0025532873436986403,0.0012368032372369608,0.0029448674596292967,0.004103952710861503,0.0004807705437508414,0.006817377356513887,-0.0006595197453346247
2016-08-18,0.0,-0.032520325203251876,0.002058015160724347,0.005893542788380168,0.005910264839827262,0.0028865384250675863,-0.0015526773173779596,0.0010531554093320405,0.0031347962387178185,0.013564185647608529
2016-08-19,0.0,0.007202881152460927,-0.00448362446491013,-0.00033523411003366643,-0.0007285574246053139,-0.00237555151697888,0.0026263392341503433,-0.0005673529328704685,0.008114135242709875,0.0049324476146948015
2016-08-22,0.0,-0.03694874851013097,-0.006138638720294298,-0.0039010125941602025,-0.014637983837044954,-0.009756563089147963,-0.011227657291332016,-0.008263282011003903,-0.013656921925079835,-0.012167279780594287
2016-08-23,0.0,0.00990099009900991,0.0030643414101554356,-0.002059242413339213,-0.000978365278776594,0.0011389566707027399,0.0023852006446603014,0.0017865359656379365,0.007728889719485599,0.008748950290893731
2016-08-24,0.0,0.003676470588235281,-0.0037348755984751847,-0.002016842427910115,0.0009503634865808408,0.0009832424218039204,-0.0020320227235345323,0.002198320699508649,0.001648249539115021,-0.008200337223938758
2016-08-25,0.0,-0.008547008547008628,-0.006159389257154202,-0.005533712979197247,-0.009114689381693908,-0.01196423118815193,-0.004859957934490899,-0.00987630157609043,-0.0024599828569710214,-0.00901177597536329
2016-08-26,0.0,0.0012315270935960854,0.0004045428253525163,0.0025264327080476434,-0.0005573600319300764,0.0022867945501710008,0.0008155183130849064,-0.0002605028422870692,0.004540008123128381,-0.0015906288153682002
2016-08-29,0.0,0.0012300123001232066,0.00525804201766622,0.0025572247354948008,0.005789877213928207,0.006746702438451324,0.0039266156448307665,0.001425221037824942,0.009434539489922233,-0.00198104110161601
2016-08-30,0.0,0.017199017199017286,-0.00048523528388400017,-0.0027084110355489743,0.0005823606691810479,-0.004526957026377509,-0.00213558825149307,-0.0022911166330589205,-0.03824032776960762,-0.0010112838987419437
2016-08-31,0.0,-0.01449275362318836,0.0015006186635322383,0.004392624999725481,0.0037677172766241718,-0.0007776976027548121,0.001961955856545128,0.0023231442285387427,0.008521061175496891,0.004085813364326896
2016-09-01,0.0,-0.006127450980392246,-0.009723491920231475,-0.014583435548753076,-0.011600496795692306,-0.007805545161245875,-0.00829174509398023,-0.00792870833660042,-0.0005781206781392267,-0.01392989513645404
2016-09-02,0.0,0.009864364981504226,0.002497584868480951,0.0007128720496389906,-0.00029819354855786795,-0.0010562344839999405,-0.00011259791015449938,-0.0006153441658367509,-0.0039674610989040016,-0.0018728543463789604
2016-09-05,0.0,0.029304029304029422,0.005648809492597939,0.015091470037139398,0.00860433905397362,0.008794237056360066,0.007354214936866832,0.005423330278481853,-0.0019522100185074276,0.0032937137273545414
2016-09-06,0.0,0.0996441281138789,0.012414099564737047,0.012636391507873324,0.011742684503004641,0.012836785689879893,0.011299822014830596,0.013171119758724537,0.018840754592723163,0.007560578968890175
2016-09-07,0.0,0.056094929881337796,-0.0030713599981385675,0.0014656522261660143,-0.0014961349850105554,0.006903543775137466,0.003216915297894918,0.002397934543086455,-0.0008818128586145502,-0.005439779829929603
2016-09-08,0.0,-0.026557711950970675,0.011693360869263092,0.008259520958878497,0.0016524906271266904,0.0054089753536563645,0.002817255306472255,0.002563807967613796,0.0064108738240122864,-0.0009829896160712392
2016-09-09,0.0,-0.01364113326337868,-0.006096365586960584,-0.008207110033289555,-0.010012925185857502,-0.008814150808554633,-0.007243505481712598,-0.0074529870860255976,-0.011759677781906563,-0.0037618821115132928
2016-09-12,0.0,-0.03191489361702149,-0.031913076457739775,-0.02314459571991767,-0.02760619798807251,-0.028395247629729115,-0.022147806506936263,-0.02410297612128165,-0.028826569118251988,-0.0255758506273307
2016-09-13,0.0,0.00659340659340657,0.0032653503360910996,0.011365606309935217,0.005637375575153314,0.010010915151196897,0.009760621547539428,0.0037806911831599344,-0.0006495617456957481,0.010740065339625904
2016-09-14,0.0,-0.030567685589519722,-0.0010334542821223147,-0.0022709340585481685,-0.0033313975016970865,-0.007381052946931588,-0.006863175773136443,-0.004234971850038627,-0.005466958282143608,-0.006048503492466661
2016-09-19,0.0,0.012387387387387427,0.011950063259825505,0.009745558581509162,0.010573713831898646,0.005186786390832365,0.008270820983525828,0.008499553334547105,0.007553962052519347,0.012360277736480407
2016-09-20,0.0,0.010011123470522687,-0.00100201292934321,0.004282412754839315,0.0014551333270222955,0.004037552868528138,0.001378543362776652,0.003238927030465133,0.001177546034727417,0.0004880492107488532
2016-09-21,0.0,-0.011013215859031034,0.005589610704900494,0.0031769353238606524,0.003442949488602798,0.001071026701638056,0.0018280349647019634,5.113896240849236e-05,-0.0008562615207220459,-0.0010545085318953706
2016-09-22,0.0,0.0033407572383075124,0.002528055301780574,0.009687976233639928,0.005797303225093975,0.007275504872910288,0.005488823445458424,0.006448663414582612,0.013692993358022987,0.007780268259796719
2016-09-23,0.0,0.004439511653718142,-0.0004049299750510382,-0.002295789065715703,-0.0034715162608541794,-0.003434606369062343,-0.0030562022323280535,-0.0027490292203972144,-0.010519638636621975,-0.0005339428900994481
2016-09-26,0.0,-0.0044198895027625085,-0.01387202879539029,-0.021144770104754573,-0.021159912869332054,-0.018669198378039265,-0.018821258814675446,-0.01492734975416743,-0.020851812238629974,-0.022511357047768077
2016-09-27,0.0,-0.03218645948945609,0.009321096081967184,0.01172877270028616,0.006471452678444178,0.006857925330150394,0.004628616767013316,0.010369398881093117,0.008615282922909806,0.014463274788233615
2016-09-28,0.0,-0.012614678899082743,0.001989547939028169,-0.004872417464342416,-0.0032671917749801382,-0.001799578461889273,-0.0028021102258355413,-0.0019481658652656941,0.0029696946803514646,0.00166504623508823
2016-09-29,0.0,0.0011614401858304202,0.007951906264189734,0.006757187599948811,0.004556066197913378,0.004244967335299998,0.005094554372602422,0.004544984564946564,0.006073521314309049,0.003558779216469299
2016-09-30,0.0,0.025522041763341274,0.005947516686543253,0.0020512391359612803,0.003172023772728183,0.0037887178988282866,0.006531988340424677,0.0017239711912424571,0.004699634497651095,-0.0016778829440224907
2016-10-10,0.0,0.015837104072398134,0.010474847684726063,0.0072317833791286645,0.011274091413871812,0.013740165675612204,0.015716443452637563,0.014571875580610794,0.017584809987870598,0.009351834232468326
2016-10-11,0.0,0.016703786191536896,0.008579561636967714,0.006134068790316416,0.009917349746188853,0.007671276439441321,0.005354236491208919,0.005211214740552084,0.006270161510637973,0.009573742857802436
2016-10-12,0.0,-0.0032858707557504863,-0.0013673160613969504,-0.0009213267902477007,0.0014682690232483697,-0.0003462320207305858,0.00028798405060403987,-0.0006293955878143853,0.0013291994427704346,0.0018108493164261663
2016-10-13,0.0,-0.014285714285714124,0.005197385020655476,0.005918750352545077,0.002539114610862203,-0.0016098551678400685,0.00472612407945272,0.0015966932386979327,-0.00219472928991582,0.001080897289177818
2016-10-14,0.0,-0.02118171683389103,-0.006450688783145697,0.0007561582736776984,-0.0012338329376819779,-0.001963645811280501,0.000918574937792016,0.0006365359090247935,0.0030241741526448873,-0.008472054644775406
2016-10-17,0.0,0.014806378132118603,-0.0013845045653821941,-0.0031798038243189275,-0.007596418894278756,-0.008928459269952116,-0.007861528293745645,-0.010172957177937647,-0.0028655839129113625,-0.01129017200585447
2016-10-18,0.0,0.0011223344556676729,0.014347248819661429,0.018194469353407072,0.01478392808399076,0.014508113228612673,0.020180881920526916,0.015166056469896994,0.015595796666942663,0.01475209286340129
2016-10-19,0.0,0.04484304932735439,-0.0005924103037666661,0.00507101123070286,0.0007276634752617639,-1.954440057039264e-05,0.0022391208883587588,-0.0009579135374149228,-0.001345903283308414,0.0031013879446848414
2016-10-20,0.0,-0.007510729613734002,-0.0038634423804149165,-0.00023283521326378231,0.0012973212071496487,0.0014512830947133182,-0.0001946670516648208,-0.001260045681758748,0.0025063566342227173,0.0007751247767036062
2016-10-21,0.0,-0.009729729729729741,-0.001094053952646279,0.0029278341073357694,-0.0036739360342713523,-0.0034405277933109435,0.001537782112351227,0.0012558376972371388,-0.0027188500343278132,-0.007343369857290338
2016-10-24,0.0,-0.0032751091703058233,0.024067588695579012,0.019302508535126828,0.014509112542616442,0.011071803093601229,0.01193733767798677,0.011464248616685602,0.005288241766892909,0.010325105995065975
2016-10-25,0.0,0.01533406352683464,0.012711105097469977,0.009754679131906085,0.0067217325364061775,0.00787990294621399,0.004897307312477395,0.000639716554560632,0.003461766315649095,-0.0030833019071943024
2016-10-26,0.0,-0.011866235167205974,-0.011169795505964641,-0.0012145264482397167,-0.0026778533582920705,-0.004273907553194123,-0.008931625688551992,-0.003795043494582595,0.0009868626778781753,-0.0005737063452990743
2016-10-27,0.0,-0.017467248908296984,-0.0016187928473319069,-0.0020393728505622155,-0.002440149029008576,-0.002561791314217965,-0.002338108716859688,-0.0033149199129923757,-0.002178941469890283,-0.003398190843200366
2016-10-28,0.0,-0.022222222222222143,-0.013951219203930165,-0.008732974707683971,-0.010615113066958504,-0.009302194462998292,-0.010942873961323873,-0.009831708027970065,-0.010442109567253999,-0.006043708578350904
2016-10-31,0.0,0.005681818181818343,-0.001188993972963459,0.006504082610386375,0.001723169311757422,-0.0020084876456359924,-0.0006871996363052579,0.00015313768672720052,-0.0043607629716837515,-0.005884222145836948
2016-11-01,0.0,0.019209039548022666,0.0024567418853604917,0.013600998930639374,0.006579716252283152,0.007679083032910317,0.012622797336842462,0.0065170713110080936,0.007511980719624001,0.008090929041875361
2016-11-02,0.0,-0.016629711751663168,-0.012621694386451443,-0.002517323252877679,-0.0075550155525626606,-0.009246017055179911,-0.007131652186305071,-0.006943634883658012,-0.0072868435222830374,0.000523414159880442
2016-11-03,0.0,0.02818489289740711,0.006025978008378896,0.002862429874834538,0.005630549477248392,0.007983418217455407,0.014862270238613418,0.009292997001189018,0.008366987590554986,0.008435275001571263
2016-11-04,0.0,-0.0021929824561405242,0.001969470896689529,-0.005315041342821791,-0.0013312609261629804,-0.0015346894586369952,-0.005491387052150576,-0.005554028626032381,-0.011993574217259995,-0.002322869130434335
2016-11-07,0.0,0.020879120879121027,0.010622188774608743,0.01469415762204851,0.007272521840936852,0.007237429788762295,0.005361599525570249,0.00412336056178586,-0.0026109312301030307,0.011550852227508956
2016-11-08,0.0,0.0032292787944026013,-0.0030765602755926658,-0.0002458359729923254,0.0007178112265726622,0.004059313340421866,0.004242782373026888,0.005723696975782344,0.006236436504273302,0.0029783859206855556
2016-11-09,0.0,0.005364806866952954,-0.0027333283671073794,-0.0007047467719892841,-0.005259967718953984,-0.00477300758972754,-0.006091981416694092,-0.0023843615067121737,-0.008987216504601991,0.010425528089685443
2016-11-10,0.0,0.02347918890074685,0.016057530729661318,0.012543158282893208,0.013714185146921798,0.014468772575561673,0.01701247012804097,0.014072609190763696,0.01635733390991234,0.015632770172963495
2016-11-11,0.0,0.004171011470281538,0.022836002931062804,0.007062654598430029,0.013631451713295384,0.014435371621861703,0.007031349043397528,0.011574279479700245,0.008875730582164287,0.00022938193609789437
2016-11-14,0.0,-0.034267912772585896,0.01223724851578889,0.004606853962856761,0.009445225145379377,0.006698067341590175,0.004736691051684616,0.007569328911997797,0.006021540890575716,-0.0014839840512594904
2016-11-15,0.0,0.004301075268817289,-0.008703557368236248,0.000141855411172509,-0.0011606342932336533,0.00030414993347416264,-0.0010358843738484946,0.0018218710128317106,0.001443178751065366,0.0002329608913465009
2016-11-16,0.0,-0.03533190578158463,-0.004366883757771167,-0.005433021898699653,-0.0017638319675311598,0.0018261170641358238,-0.0015233056544352586,0.0012172326252533061,0.007919058736505002,-0.005732778762292834
2016-11-17,0.0,0.0,0.006671423369284835,0.003231527158712222,0.0039283235063363175,0.0008905109781747189,0.0028959689331962135,0.007460904203305585,0.0010731745313383723,0.004588300460246941
2016-11-18,0.0,0.0011098779134295356,-0.012487037944074686,-0.007956925233808865,-0.005917934608484998,-0.00655418390774154,-0.005810954107646316,-0.008220347673382422,-0.00923948010694886,-0.007671669573314999
2016-11-21,0.0,-0.0077605321507761005,0.00238688413242949,0.0029902564259864928,0.002101377085271805,0.005412012341080574,0.00648698390516711,0.007236246637267518,0.003343437718666742,0.007777016934265468
2016-11-22,0.0,0.015642458100558976,0.014298863199463163,0.010302779084879088,0.012280710060784683,0.010904252259527958,0.010959298423452335,0.007359003702875011,0.006891264801655472,0.008796434650361062
2016-11-23,0.0,0.01980198019801982,-0.0035026846791431643,-0.0005835547798981322,-0.005956984268998489,-0.005594928531671539,-0.006372051552628322,-0.009804858263445237,-0.00458284463994274,-0.005047025770493541
2016-11-24,0.0,-0.028047464940668898,-0.0029671457267704815,-0.0035791042977739718,0.005652459649479802,-0.0003184625480144865,-0.0032293142739658887,0.0023784828664787927,-4.237931522355076e-05,0.00044308159791062174
2016-11-25,0.0,-0.035516093229744805,0.0012556703296457972,0.0006844901137681436,0.004173951403168896,0.001613455674607911,0.007996989209365868,0.0024504255554627097,0.0017567261814848134,0.002794004643738024
2016-11-28,0.0,-0.005753739930954849,0.004848703098834672,0.0009413865012803946,0.009080128824325628,0.003956906023269369,0.0071223122544537,0.012283488986280178,0.011954164379682775,0.01551158430020494
2016-11-29,0.0,-0.011574074074074181,-0.01852374289055425,-0.010802729830990954,-0.010316232784010615,-0.012846029525409919,-0.004654684112342156,-0.004879249662912866,-0.007525218717205573,-0.012881710340284402
2016-11-30,0.0,0.0023419203747072626,-0.017270822121598917,-0.012221926743887779,-0.008082893004142555,-0.009635748120105037,-0.010186474866614281,-0.01049023666455573,-0.009711561541400182,-0.009120365421792842
2016-12-01,0.0,-0.0011682242990657121,0.013446610851891583,0.014738323254518182,0.010784719684289623,0.01136676719998131,0.010026927295760935,0.011652997797120701,0.0059909021473638635,0.001877790598213247
2016-12-02,0.0,-0.03157894736842104,-0.011747835460701572,-0.015711330077584407,-0.016065840961368205,-0.01762322908731473,-0.012789805653197095,-0.013438632174949672,-0.016076648244204517,-0.017640720813198563
2016-12-05,0.0,0.0012077294685992612,0.0068055393806818465,-0.014153873831364905,-0.014201131744772222,-0.009005604926679678,-0.010692417707328206,-0.013206740148619556,-0.008059909376653906,-0.008041963870967339
2016-12-06,0.0,-2.220446049250313e-16,0.0001533576092060951,0.006279848891926232,-0.0039188938132413975,-0.0012679197848758372,0.003864515790948486,-0.000914663106747371,0.0020069458680262997,0.0005417257782789342
2016-12-07,0.0,0.030156815440289808,0.021278101182794273,0.019744771425203256,0.011266932334187185,0.016380632706574083,0.01259008887958224,0.011415014941592139,0.013402619132788951,0.012355627979557582
2016-12-08,0.0,-0.014051522248243797,-0.007907234438516708,-0.006417345181690792,-0.001336959753041711,-0.0033425843788411624,-0.0018921584911030243,-0.007512521859354249,-0.003860825760715225,-0.005875293362043177
2016-12-09,0.0,-0.005938242280285166,0.0028881642265967677,-0.004018898746260602,-0.0009960971756068915,0.0015964227967604216,0.00021959934299276007,0.0035621912303640535,0.0038068518654434946,0.006208455232434851
2016-12-12,0.0,-0.06451612903225812,-0.04398325963017424,-0.04413361423012385,-0.041254683160112715,-0.041980469392069564,-0.034541644175020925,-0.0381080836604204,-0.04485433171839226,-0.05230914063102288
2016-12-13,0.0,-0.008939974457215727,0.010299868607186013,0.007101255411102514,0.009133374712850362,0.0043646231494356424,0.0044283973356267214,0.0071866494571479755,0.009573994646085549,0.0063815295222229285
2016-12-14,0.0,-0.020618556701030966,-0.006211287516743602,-0.005777123818958341,-0.007030897619241028,-0.00364892295813124,-0.0016302981726656895,-0.004784085565978646,-0.0015914956519819112,-0.010615072897826705
2016-12-15,0.0,0.009210526315789336,0.0046109400334581885,0.007185767399594534,0.004821952013235986,0.007563790048847885,0.006746271856984176,0.0037228751142326377,0.0045640746045840785,0.015257589226198132
2016-12-16,0.0,0.01303780964797907,0.005018714032513527,0.015037926710374183,0.0051663181418757365,0.006190636597593446,0.005461230939546757,0.006080568805511444,0.005689449412813685,0.007699465275159856
2016-12-19,0.0,-0.002574002574002532,0.0017189378307753689,0.0028319525516384836,0.0029028107259656544,0.0038452135974582635,0.005156650759996495,0.005878206325938384,0.0020718261188934495,0.00300902431258665
2016-12-20,0.0,0.0,-0.010753223479835206,-0.010592130968190117,-0.0045582559829715485,-0.007282684208564261,-0.006732700542865011,-0.00679091278033217,-0.0005642765077611411,-0.007846172549969777
2016-12-21,0.0,0.011612903225806548,0.009340294625224566,0.007281136272327737,0.00976519982545998,0.006285475957958919,0.012135912222441592,0.012860575425474252,0.013749117275801082,0.012423145656934809
2016-12-22,0.0,-0.0063775510204082675,0.0010770870150187406,-0.004216336347943939,0.0018662156800417495,0.0015362248469381612,-5.672730976624685e-05,0.0035557933894647675,0.0008065698229857698,-0.00034835175991221323
2016-12-23,0.0,-0.010269576379974499,-0.017511109301642014,-0.01136205347325836,-0.010954139678613584,-0.011893440510769682,-0.00969502658518917,-0.007748468353297788,-0.009750225740669638,-0.009084386123262789
2016-12-26,0.0,0.02204928664072625,-0.0012442330335638019,0.006309408633164759,0.0007072501723262015,0.0017247325206508624,0.004158775187207642,0.005072247010451614,0.009263158071175503,0.004122781841270573
2016-12-27,0.0,0.015228426395939021,-0.0018253181590878187,0.0012363181871599682,-0.00023161206659016997,0.0031120845603929137,0.0029007407666328255,0.002491181442690449,-0.003156864440516771,-0.000550459698748007
2016-12-28,0.0,0.09999999999999987,-0.004497275404742318,-0.002492741808786003,-0.0018254215335311574,-0.0005600835124566217,-0.006352506540596492,-0.005044613398460185,-0.009788241570036438,-0.008277990126036583
2016-12-29,0.0,-0.031818181818181746,0.002689736049810376,-0.0037979712697864265,-0.0018274701413381056,-0.002989202866029217,0.0005035625137486122,0.0011294612979528829,0.001296003427060155,0.00237603909180395
2016-12-30,0.0,-0.017605633802816878,0.0034718418733850065,-0.002088979919550482,0.003962499089400273,0.0016609071831199529,-0.0015713157464603,0.00012671685441811853,0.005906360552958345,0.011147265863574285
2017-01-03,0.0,0.0011947431302272715,0.0179540623156762,0.011601265191290011,0.012041719384011884,0.01343667831912021,0.012893744447332045,0.010547720723060872,0.014375282887168606,0.011388666155903948
2017-01-04,0.0,0.007159904534606021,0.016053615848852898,0.01256050956381527,0.0093413273245615,0.01378838784391001,0.01184590389265705,0.0068614037316150345,0.009642856614042072,0.005921509413167048
2017-01-05,0.0,-0.018957345971563844,0.0073695061616281254,0.0055079216016760135,0.0036314298906598985,0.003399930273920493,0.0031422001213710082,0.0030092552169946885,-0.0033122126643313488,0.0045055375079412485
2017-01-06,0.0,0.012077294685990614,0.007182810140670348,-0.007635476008130082,-0.0019128727791400957,0.00028111201520975015,-0.0019109846094667038,0.0027628436036206683,6.171588597547739e-05,0.004205359762275096
2017-01-09,0.0,0.00835322195704058,0.014093993605510446,0.004155412438570316,0.009921549996179335,0.006791295424417809,0.012021565356082897,0.009100297353465958,0.015608708158729945,0.012586590012543697
2017-01-10,0.0,-0.020118343195266397,-0.009139238470158295,-0.00035548820106534595,-0.0009320908526684324,-0.0026846072690612788,-0.005405340397856784,-0.0027436750302268775,-0.004058001267192357,-0.003406945018523233
2017-01-11,0.0,-0.019323671497584405,-0.0037135997671757792,-0.011984849442051582,-0.009993383105698639,-0.009707077497683847,-0.009908866961522933,-0.010448683954697446,-0.009115139979000486,-0.015382556732304375
2017-01-12,0.0,-0.009852216748768461,-0.01890303965558593,-0.011255159434668927,-0.009613678428715189,-0.009493982112869226,-0.009139013377440941,-0.008385601773432172,-0.002728973123878986,-0.004061687442172168
2017-01-13,0.0,-0.04975124378109419,-0.010118967340282614,-0.013983781642607385,-0.01235713688387341,-0.01573813175804062,-0.007170795110812311,-0.011545518769932817,-0.013513072847167629,-0.012689402102640246
2017-01-16,0.0,-0.048429319371727786,-0.018976146968568752,-0.02956243087037691,-0.02287528034102737,-0.026437389198415095,-0.017348061412796545,-0.019389665385285415,-0.02012865522931584,-0.029835363014472094
2017-01-17,0.0,0.031636863823933936,0.012431814931965324,0.006911109721776221,0.009650513954839512,0.0080792526956448,0.004140284315748977,0.007517171333275785,0.006577692957217218,0.008940313136325928
2017-01-18,0.0,-0.017333333333333423,0.0030701312158241123,0.006943506933829946,0.003115637747580946,0.0010720808463817733,0.0037550728937578715,0.0024543523979005943,-0.0010863172173011248,0.005177813495847339
2017-01-19,0.0,-0.0013568521031208647,-0.002369065131687109,-0.005182773717766653,-0.00730913491980778,-0.005190903617991904,-0.005160560296055938,-0.004034355255420952,-0.01079137951268383,-0.005139026980908845
2017-01-20,0.0,0.01902173913043481,0.013998152446289103,0.014613950901686268,0.013928903553330763,0.010777051359120993,0.012052882951720356,0.009912674511488362,0.007699634884642981,0.011416276573261275
2017-01-23,0.0,0.010666666666666602,0.013191848994016375,0.008484436427127706,0.010902994327375737,0.0128174402595711,0.008476364273612091,0.007790380665272378,0.006839692005281783,0.006434302530687219
2017-01-24,0.0,-0.009234828496042291,-0.0020263781077671794,0.004333473075751382,0.00630974754815794,0.0018312696597178046,0.0026728635884147867,0.00043115249363401276,-0.0015065428841904982,-0.005640794017079509
2017-01-25,0.0,0.02130492676431417,-0.008927907791173362,0.004310744577151304,0.0006869895200209974,-0.0007245726936306873,0.0010094493282168937,0.000593859806916841,0.00040311934849301956,0.004904303768658469
2017-01-26,0.0,0.0052151238591917615,0.01034891502159807,0.004172674249717234,0.005144749717912456,0.006953721310107852,0.0011036646019528806,0.00467720902532065,0.0020338446933994003,0.0002928855651824769
2017-02-03,0.0,-0.014267185473411104,-0.0015108951183444574,-0.005169007447821228,-0.0056061743832467315,-0.002026493707476984,-0.003994310067645612,-0.0033149751852858955,0.00031067870020251576,-0.006985497906698002
2017-02-06,0.0,0.013157894736842035,0.007714670620041719,0.006606007473469733,0.00774311901849023,0.008774334788391958,0.008287192818796418,0.00758819093825136,0.004415619071475696,0.005743190450550273
2017-02-07,0.0,-0.0051948051948053076,0.00558892969027025,0.003612045201873082,0.0009340324980551262,0.0034350729647389944,0.0033135401946433607,0.0010871262602771825,0.010166025699010817,-0.0017174202283040119
2017-02-08,0.0,0.011749347258485532,0.01115828718550449,0.00961645403034539,0.005076573525788719,0.005193390912488605,0.007292337811091398,0.0046560591998048295,0.018241315756995835,0.005099556695581375
2017-02-09,0.0,0.005161290322580614,0.007304574033945466,0.013337478290079696,0.007901325157458894,0.00881157709676228,0.005854915361923618,0.006007956339371345,0.015842400203574192,0.007498837058119712
2017-02-10,0.0,-0.0025673940949935137,0.01383683972725347,0.014414867458370173,0.012474001195133866,0.007134282808165526,0.009692037159219069,0.010487819519741315,0.0013816651834090976,0.004754084713347151
2017-02-13,0.0,0.0038610038610038533,0.014262893403137689,0.006005553813978937,0.004520356572131012,0.00210642863148669,0.004993705692743156,0.007149899550850991,0.0047778812271259685,0.009365746150021392
2017-02-14,0.0,-0.007692307692307665,0.007712315872790754,0.007357184566995079,0.006720169370660001,0.0024495562768822587,0.0024214289230417574,0.0055804453557652955,-0.0026081146322315396,-0.005785982935520129
2017-02-15,0.0,-0.02067183462532285,-0.01881823942072669,-0.016470775536152282,-0.014417623955673142,-0.011571585495392944,-0.013072987777589029,-0.0067413883525425655,-0.006315810131736543,-0.002789275484922249
2017-02-16,0.0,0.0079155672823219,0.018479312725981467,0.010325905882725861,0.0121373093505186,0.012172196979884475,0.010478363252415246,0.007858878793681079,0.007071195469299907,0.019336631340627797
2017-02-17,0.0,-0.013089005235602191,-0.006510366934771916,-0.010994356229089175,-0.010887459770659635,-0.011629238335828074,-0.010898171261281675,-0.013799535170312738,-0.0006447517638483724,-0.0096702731806525
2017-02-20,0.0,0.010610079575596787,0.0160801381663358,0.01719441143543632,0.016283324491849438,0.01476702446936451,0.018964361331543556,0.02092091112913752,0.010206534217933827,0.016872955213275365
2017-02-21,0.0,0.019685039370078705,0.004629802981351849,0.007781507937173249,0.005791358539984248,0.007071502548412267,0.004452412267589967,0.004047277212551936,-0.0011129463552832508,0.01741931371681149
2017-02-22,0.0,-0.0038610038610038533,0.0029556194647777367,0.009080681192630502,0.010436544311021478,0.006721491594916529,0.008423696746010512,0.006961281067659142,0.0012935481252187575,0.002462033391318119
2017-02-23,0.0,0.015503875968992276,-0.01070917799621629,-0.011087143376692588,-0.0061608696289500164,-0.00888471000028701,-0.0060062193545957765,-0.009606678334126872,-0.011473386741758573,-0.010903824817257157
2017-02-24,0.0,-0.0012722646310433516,-0.006562225274250877,-0.005054910779161315,-0.002002792501000328,-0.003235625447169377,-0.005935857457580629,0.0009081761309164271,0.001920554623260795,0.007792466732110537
2017-02-27,0.0,-0.016560509554140235,-0.00984144532494402,-0.009473661275674394,-0.010617932134041719,-0.009844710073164342,-0.010021548635343214,-0.009902333339928848,-0.009209885338332557,-0.011537336315370461
2017-02-28,0.0,0.040155440414507915,0.006170606415754731,0.004030207517840445,0.006319211588197815,0.0043977169997326815,0.00394321586437818,0.005165955080094653,0.005471508126595026,3.0065877105300842e-05
2017-03-01,0.0,-0.00498132004981322,0.008250942469726574,0.010074371640232727,0.005970927954703775,0.0062583933745326,0.0018781779538510346,0.0011478387828922632,0.0015651472704036884,0.001146891452411536
2017-03-02,0.0,0.0,-0.009618332527603357,-0.005698667341037189,-0.01219703968482555,-0.007798736482455881,-0.00869962666435864,-0.007776138549615119,-0.00862056836772096,-0.010709837845482628
2017-03-03,0.0,0.030037546933667114,-0.005462776502704991,-0.006061193874129733,-0.0017476034883953107,-0.004625033424753733,-0.00034954108727325295,-0.002927113013809546,0.0006592937682257105,-0.0016491517849400728
2017-03-06,0.0,0.007290400972053579,0.015238091802135534,0.00816662288901826,0.008046470775885384,0.00966434864557475,0.007984609195987868,0.009708690215405102,0.010175312121830649,0.01268376583204689
2017-03-07,0.0,-0.0024125452352230514,-0.007782101934317831,-0.00416109482450755,-0.001431096735347137,-0.0023517929073475496,0.00011239504053839333,-0.0015965736865179991,-0.002712797645254339,0.0010063800642858833
2017-03-08,0.0,-2.220446049250313e-16,-0.005924038685041766,-0.002329685415236038,-0.0024714336136164583,-0.0019641363336644346,-0.0031438730449055985,-0.004122708315577928,-0.006405212659612802,-0.006655941063803517
2017-03-09,0.0,-0.01813784764207982,-0.0165438582417734,-0.0078082390592653095,-0.010456277576370576,-0.009556674843333557,-0.009828992634410283,-0.010571043371024769,-0.008820843544378287,-0.01122806453875047
2017-03-10,0.0,0.007389162561576734,0.0035055087763866677,0.0026229886021833515,0.00033702309619232373,0.00040712485219818184,-0.0015720580799065687,0.0014189543717129105,-0.0017235303072841157,0.0054362268419319015
2017-03-13,0.0,0.003667481662591454,0.010647296486543834,0.007723881162732926,0.009085217563585157,0.006165866393194719,0.009578786364613068,0.006416779599602629,0.008524725066352268,0.0012664078443767046
2017-03-14,0.0,0.013398294762484886,0.002137824717917125,0.005277286513894808,-0.0017010499382201782,-0.0025133940013642997,-0.0018529902495231232,-0.0039845615179539,0.002047702331585244,-0.002686397836475285
2017-03-15,0.0,-0.01201923076923106,6.561353695877514e-05,-0.0006325489335715639,0.000823473925831264,0.0009927415591270972,-0.00036778239834178716,-0.0002511914714853347,0.0003051551477428749,-0.0051319190715281016
2017-03-16,0.0,0.021897810218978186,0.0169797399191447,0.009620197174939005,0.008849436113576914,0.01008875621518368,0.00971140423135708,0.012751153545235372,0.010390458314149198,0.011570368949484156
2017-03-17,0.0,-0.00952380952380949,-0.014531097724737707,-0.007333105089165848,-0.010617199940634814,-0.009474103453430804,-0.008162137756411725,-0.00995988467042408,-0.010140484228984059,-0.008625816355040561
2017-03-20,0.0,0.007211538461538325,0.004706561859088465,0.004534260641457122,0.0031534224493539043,0.005674765460309095,0.009135782270089043,0.0016892564895187867,-0.0032097841695714058,0.003943466970057319
2017-03-21,0.0,0.02863961813842475,-0.002843226369810603,-0.0032395594087620827,-0.000765761412248489,-0.000624805916083826,0.0036429930311316916,0.00820852078007861,0.0003947434320032972,0.0005586641159471828
2017-03-22,0.0,-0.0034802784222738303,-0.006168728654733169,-0.0033786348575911562,-0.007585023608595254,-0.0019782980358692415,-0.0063760215276164045,-0.0026082576603846386,-0.004967119857708924,-0.005726280796731431
2017-03-23,0.0,-0.008149010477299101,-0.004673603482207911,0.004822905278098144,0.001681525214096924,0.002203018971516979,0.0005520571692547716,0.001077518359271279,-0.0023312235519432623,-0.0015531745395180874
2017-03-24,0.0,-2.220446049250313e-16,0.005644991576125191,0.005422027232934834,0.005344060080087365,0.007904907431926622,0.008477163058140169,0.005896740109773813,0.0040457326252771875,0.01116634959391627
2017-03-27,0.0,-0.0199530516431925,-0.007263904671566124,-0.015954044126073152,-0.0030099305148475475,-0.002133862928739738,-0.002923177421599865,-0.000490022287544134,-0.0021117866405072627,-0.003643211065364138
2017-03-28,0.0,0.004790419161676773,-0.005453199875474213,-0.00309003456460899,-0.0017325135207317821,-0.0033665569372622883,-0.003510536661092023,-0.002916188526144392,-0.007002373972791021,-0.006431161930531837
2017-03-29,0.0,-0.026221692491060877,0.006540140817718809,-1.2732400115345044e-06,0.0007950431252969903,0.006324470337728538,0.002302629050017879,0.0031724078904811215,0.00841664534305564,-0.0026700802906788335
2017-03-30,0.0,-0.008567931456548439,-0.010742156134204262,-0.012840276969767306,-0.013958157656954406,-0.013047023672490554,-0.012551063991560474,-0.010045983397779734,-0.013283357112099714,-0.01834905598223524
2017-03-31,0.0,0.00864197530864197,0.009403283526796757,-0.0027197580413325095,0.00252029891045491,-0.004219618807840719,0.00026254406123493723,-0.003885069272734021,0.0005151143596984209,-0.003503168232382059
2017-04-05,0.0,0.030599755201958345,0.01791556689941398,0.03012450723582938,0.02650097878647628,0.02053281368841886,0.018271055853946727,0.020679103142277278,0.021614679882896226,0.015229696637044876
2017-04-06,0.0,0.013064133016627011,-8.563955810292345e-05,0.005011029336799977,0.0014315280202563674,0.007098297741559678,0.00850166610322578,0.010021337230710081,0.004448909939487766,0.004525642438508282
2017-04-07,0.0,-0.004689331770222571,-0.0013609948241599668,-0.0020692016098401433,0.0008997560683274841,0.0014030013779313677,0.0028550620719458575,0.0018962909813105,-0.005542600081683724,0.008748215138264959
2017-04-10,0.0,0.002355712603062443,0.0010048204985941833,0.008682772127334815,0.004814007657371944,0.0019087577285055168,0.002200698498112441,0.005220192469992613,0.005199908369504236,0.005169697278075036
2017-04-11,0.0,0.0,-0.008636594604635506,0.014774049505282605,0.016298591728219236,0.015483816998013822,0.0119443669167143,0.009649983330241696,0.009037235941076638,0.024277851610955636
2017-04-12,0.0,-0.016451233842538104,-0.012573395544255628,-0.013609568112579962,-0.011482072314763392,-0.0021279359306726198,-0.008036364320755607,-0.01097959593516773,-0.009775473573708449,0.012014097865600926
2017-04-13,0.0,0.0011947431302270495,0.004975962810860102,0.005878747153119868,0.012160211217323358,0.009354674204016478,0.005471258130931966,0.004150542744316477,0.013108138303256078,0.020219491742656137
2017-04-14,0.0,-0.02028639618138417,-0.015353990468325862,-0.014937770772219916,-0.016076757615671733,-0.017742844567067317,-0.0178659858621133,-0.015512258679154733,-0.013597261070628086,-0.013296549187573725
2017-04-17,0.0,-0.0012180267965894442,-0.009065052547542307,-0.016264192936647826,-0.009164874648143972,-0.01362111410267386,-0.009727668343486151,-0.011028863737432948,-0.005563889403099709,-0.012982949294714774
2017-04-18,0.0,-0.012195121951219634,-0.01048120853740031,-0.010251826136360331,-0.006196419548346488,-0.009682945832847456,-0.009700755568293973,-0.009696584535041297,-0.005807946747512394,-0.009050651334957194
2017-04-19,0.0,-0.043209876543209846,-0.0269479812885991,-0.01906320060343547,-0.013529684118484098,-0.01757002048356593,-0.013209121253922818,-0.010717251056655108,-0.015745894832982943,-0.01225559141756516
2017-04-20,0.0,-0.020645161290322456,-0.0001369790172900398,-0.01053888189495078,-0.0033356349992683665,-0.002747868580855073,-0.005540055536998212,-0.002420961752705564,-0.006123340411835376,-0.01644361401339145
2017-04-21,0.0,0.0039525691699604515,-0.00021741846014544652,-0.001326866695334994,-0.003942485619659042,-0.0039774169631096035,-0.004224540651706077,-0.002928509325332951,-0.009851604424028437,-0.008748411126044964
2017-04-24,0.0,-0.02887139107611536,-0.03227236851776727,-0.028462553557989545,-0.03122100284641649,-0.036260571640660655,-0.03096522879940855,-0.027118929163362115,-0.027339865099155758,-0.03376432596931367
2017-04-25,0.0,0.00540540540540535,0.005806426333624826,0.005496928752256824,0.006717027230529693,0.00466790652824467,0.0026392830801400535,0.006460717189918697,0.0032230650105822267,0.0017168538151981494
2017-04-26,0.0,0.018817204301075252,0.003204636387041937,0.005343315972141438,0.005221185509319604,0.005100399311634529,-0.001203186329019501,0.0023611031876138444,0.004945674561304347,0.005485809734725233
2017-04-27,0.0,0.03298153034300788,0.00019646972217035596,-0.00014571956412134934,0.002993546375573475,0.00599449598823365,0.00380255235647331,0.004462123793399053,0.0021095884417063893,0.009760007366070855
2017-04-28,0.0,0.0063856960408683605,0.009667369908627155,0.010641928630040987,0.0038400671299638756,0.00721043199460758,0.006253103509017421,0.0027197650335459844,0.009523230174504516,0.007680637973461302
2017-05-02,0.0,-0.0050761421319796,-0.005055765678174007,0.005446869635131746,0.002443336111452199,0.0021229591278502102,0.0011884116319853533,-0.003075738847972298,0.004036927418873404,0.009151840454696414
2017-05-03,0.0,0.0025510204081631294,-0.00356701258309855,-0.006042125805967302,-0.0027169173922403367,-0.0036457023482229234,-0.006680404539766371,-0.006764072929665299,0.003122263792679325,-0.005348465340122233
2017-05-04,0.0,-0.003569190662775607,-0.00789067388820219,-0.006340445502208928,-0.004907368131158234,-0.00749988826919133,-0.005691880764532966,-0.008876420489941021,-0.011355066887935139,-0.020296495389904187
2017-05-05,0.0,-0.00484475784822358,-0.01532985223303307,-0.016330095066323436,-0.012435466328109657,-0.010432437700818253,-0.012448248074958701,-0.015775812810317813,-0.017518422290906166,-0.019760729559270662
2017-05-08,0.0,-0.01837526717524851,-0.027327547045035483,-0.014552685268321652,-0.016906868396705854,-0.01768678580517713,-0.019973098573158543,-0.017933263998967996,-0.019318104683124893,-0.020735823680832488
2017-05-09,0.0,0.00026463314776514757,0.012955129954869582,0.00039802874205108196,0.007476806585511531,0.008315770531780231,0.006431726373790525,0.004213765236438016,0.006723506806186608,0.009876759517614575
2017-05-10,0.0,-0.021717366716364594,-0.02507828382718802,-0.025474878739735196,-0.020738964908118218,-0.022859954248561687,-0.023096328774522723,-0.023924821181896094,-0.023295112965972753,-0.025785557509212964
2017-05-11,0.0,-0.019517635934907074,-0.007148555628764486,-0.008553043537955274,-0.0027062338998861124,-0.007050213256986293,-0.0037615270782881405,-0.008713454701512413,-0.004690168815522089,-0.007472700833672796
2017-05-12,0.0,0.006534624850145887,-0.0048460268230456904,-0.0029276208145350147,-0.00031269578327086656,-0.0009127852061527886,-0.0021364091546652864,-0.0027163053823772154,0.00013830310067763918,0.006000140405849619
2017-05-15,0.0,0.005352929722567179,0.005108692675459325,0.003955536742677124,0.003039230923503,0.0016593958532724606,0.0042521267268456064,0.005329893765084304,1.4346161447686967e-06,0.002503952382442609
2017-05-16,0.0,0.015562710920368872,-0.00817701263520032,0.01948979367052628,0.016142263035565874,0.018676873133162353,0.019243832417694895,0.017345781025573714,0.01804661974826338,0.01857437993802158
2017-05-17,0.0,0.0012337340288461895,-0.0012491672285974698,0.002317892399700705,0.003569094107388482,0.004497773629756896,0.0014826649014874071,0.001628699506301734,0.006329862947710874,0.003859729757967223
2017-05-18,0.0,0.004470267654240523,-0.0069447568114990865,-0.003902163745145182,-0.009189278459676653,-0.0073312597172925376,-0.004263447876669324,-0.0057194704704705,-0.009271568127995455,-0.008378754649820408
2017-05-19,0.0,0.009503602662956911,-0.005338107510440171,0.003183634995292728,0.0044002338795248175,0.002965293716151729,-0.00027297490124245094,-0.0009087314717249884,0.004279467300598583,0.0004485049952227538
2017-05-22,0.0,-0.0167243071383667,-0.031782997986213535,-0.017163740465831134,-0.017958082261000263,-0.018021103325643217,-0.016464151615966593,-0.015252563861180679,-0.01594104595884116,-0.014764788709091481
2017-05-23,0.0,-0.02473499610044283,-0.02325766483879599,-0.02817315016518185,-0.021247403380185048,-0.020232094926921795,-0.02279209049715991,-0.02369588265751621,-0.021205437952975137,-0.02599622450454986
2017-05-24,0.0,0.000614692641293102,-0.006085510558841545,0.003351869128649154,0.0035144290516362364,0.004999911503118071,0.006102383851536386,0.004427155036922814,-0.009087229491062221,0.007806188548660442
2017-05-25,0.0,0.01214803650923657,0.010670449524173398,0.013810265404894162,0.011459538995573393,0.014069754931320455,0.01076050630124481,0.01891742299992516,0.015547929347638156,0.017422794459527546
2017-05-26,0.0,-0.0005077930185322099,0.008245642376195406,0.0006674038150162875,-0.0025066273734498656,-0.00047665016881071054,-0.001170263440761432,-0.0007934387046869551,-0.0008525218756474384,-0.0027021929534576383
2017-05-31,0.0,0.0025226959537221205,0.0065968486719865105,0.003191800003729206,0.0011463941279910017,-0.0033782662417224385,-0.0007461950719883648,-0.0017885255805777378,0.003525766617436643,0.0030763418904644624
2017-06-01,0.0,0.003670990208681779,-0.020994054087864478,-0.021628748139520426,-0.019611535851676853,-0.01894046351588452,-0.0182292349493528,-0.017737655932206553,-0.02461484611886655,-0.015315217457154917
2017-06-02,0.0,0.015435922535474766,0.0011099525738418325,0.0129729127698881,0.007388052136745316,0.011049698722309431,0.01122480893522626,0.014210726675501606,0.009974078490160077,0.014116162761305784
2017-06-05,0.0,0.010146816298996608,0.0018170849781533605,0.0027016240595449936,0.008327961897284908,-0.007195428312309238,0.0068866764114317025,0.004305483096088469,0.0057205271239415545,0.007609190404098465
2017-06-06,0.0,-7.703313610407658e-05,0.0030785618731117292,0.0026414740046134533,0.004064251541480601,0.0032012802680827512,0.0019280273806048243,0.0035158785408047066,0.0051756692612452415,0.002784032110198398
2017-06-07,0.0,0.014267733293851226,0.03122606516441495,0.021385923925358874,0.01627756218928833,0.019228138772754644,0.018774824006558832,0.01693005475867837,0.01660761965571056,0.02107228640772374
2017-06-08,0.0,0.002600241100212619,0.0012787947245531672,-0.007215437355736043,-0.0023866014011958425,-0.0038091230558132683,-0.0012720517985809199,-0.007082654893701523,0.0016989924506258802,0.0038933353396981563
2017-06-09,0.0,-0.011070842476804899,-0.001320305466015026,-0.0008138217923091551,0.0017183692463664801,0.0016412857067922282,0.00238912526079349,0.0021156700620836855,-0.0008332031954422225,-0.0007298613764080697
2017-06-12,0.0,-0.015716481026120555,-0.020541531735057794,-0.009748451127615243,-0.00955803559516033,-0.010535600022863578,-0.014007767832855289,-0.012100357040353171,-0.0077697151650023555,-0.010562170438713991
2017-06-13,0.0,0.013978013104262166,0.011696380817788343,0.010500964726043671,0.008640079872292095,0.011960267943236236,0.014093858540784376,0.012801100848569336,0.010632536208482923,0.017653803427223336
2017-06-14,0.0,-0.003870914921441093,-0.0018041299945372735,-0.002921296879096147,-0.0033771904160753152,-0.004198884654602497,-0.004689814391207858,-0.0012821313750630559,-0.001109535588364463,0.00019379563734656102
2017-06-15,0.0,0.009874553048407897,0.01740816595992678,0.008113346762057105,0.008978679192297445,0.008093547952295221,0.007079729598673534,0.007592395476100355,0.007136008186364062,0.009059220807211776
2017-06-16,0.0,-7.431676085645211e-05,-0.0029783007261517946,-0.0027488811737549357,-0.0024976820298713287,-0.0031120739576248058,-0.001687465947300737,-0.0011530172705145336,-0.002566862870482467,-0.007261936055668272
2017-06-19,0.0,0.005236146483987181,0.010269686158054014,0.007504452174631915,0.006053838827503322,0.0017423548822768087,0.004537581744289865,0.007161866363717184,0.008626471960070603,0.019596880692430263
2017-06-20,0.0,-0.010327044162114163,-0.0032513114029737444,-0.0017581597006931515,0.0007271636022352368,3.0531138056622e-05,0.0021951939191613423,-0.0013688058248202406,-0.0029703537680646486,0.0034376504940638597
2017-06-21,0.0,-0.005094877323504554,0.011851275747022605,0.0036233148234474655,0.0035862037849931916,0.0005520703514885206,0.0027525293037382603,0.0018329468369031598,0.00247660238998626,-0.003472136581309182
2017-06-22,0.0,-0.008856093343041271,-0.02693643255655087,-0.017480490133021886,-0.009640695583200909,-0.010294308138139696,-0.012739982950661921,-0.011738079757047104,-0.016222861424579738,-0.01749702027321598
2017-06-23,0.0,-0.00011429320162703593,0.011740639852271695,0.0006023414834162022,9.5636426514778e-05,0.00023801055062944165,0.005265708810015202,0.0015046638269724522,0.001897177809299544,0.003956484100268609
2017-06-26,0.0,0.009451994653614237,0.010116126615041354,0.01526486819045525,0.011227736885675466,0.01333579980739219,0.01586598376393633,0.01698455742261662,0.01634666709045085,0.01944781170897847
2017-06-27,0.0,0.002445211481813203,0.008767310081602586,0.0018174319685935192,0.0025252617782818287,0.0023403933465115934,0.00021995604869107233,0.0004038871640157371,0.0027860682828930727,0.00296030006309822
2017-06-28,0.0,-0.0008879267347746689,0.00047747071819914666,-0.006439489213130645,-0.005016977318661353,-0.00481877309412948,-0.006031080598574712,-0.006996080128500393,-0.0007623718718403616,0.0007115682145459878
2017-06-29,0.0,0.0008138049348334064,0.003547391798166988,0.006433250664388046,0.003947526198258222,0.003919509650555764,0.003451667639265743,0.005915317285320354,0.0078922236169654,0.005677690026342663
2017-06-30,0.0,0.0045209432598107835,-0.0008021358594797467,0.0007342842342692446,2.3947242341781916e-05,4.9687183202529184e-05,-0.0018072656549475985,0.0024695298908099517,-0.00036712153401097236,-0.0030249970653132285
2017-07-03,0.0,0.012218852729705354,-0.0020039631813113523,0.007709855970123192,0.003740339484864297,0.005977895953084733,0.008057141669449708,0.009385270862044548,0.015404193960004475,0.024522240368143766
2017-07-04,0.0,0.006176188967527363,0.0035840181252764225,-0.0015866890739916206,-0.0039299571266040445,-0.004204979394436981,-0.0057450801940711616,-0.006574054168578258,-0.005659215302805332,-0.009888796991458726
2017-07-05,0.0,0.007596264517883311,0.009987107930185868,0.006364734969327213,0.006169652534342429,0.008153899281478472,0.007895109265615652,-0.0013995164698690221,0.00836293845360414,0.017139950214809963
2017-07-06,0.0,0.003302435982766694,-0.003038770111600253,-0.0003678549498278283,0.0008229802589694302,-0.0020446474587263452,0.00048785767371550826,0.0028921839466538035,0.004728495421198797,0.009210923799836568
2017-07-07,0.0,0.00809904457883559,0.004583501050904104,0.004731794107875054,0.002083089308425601,0.004077358360382366,0.007603486249331715,0.004693591374084205,0.010256074190419628,0.022711428988808402
2017-07-10,0.0,-0.00818207311501451,-0.011349637773265808,0.0015607554205512297,-0.0016846816822964072,0.0030548109060215545,0.0035920493988417235,0.0011057987021878546,0.006232588819428564,0.008977791416206804
2017-07-11,0.0,-0.0034743376562272887,-0.006292452707248319,-0.0066673148767461,-0.00936615229048987,-0.010454719336487672,-0.009306664645833962,-0.010935116603037809,-0.014782730650342413,-0.010398059563236695
2017-07-12,0.0,0.001135799604669252,-0.00013159955317887384,-0.0028360310189724514,-0.0071671763248596365,-0.004658876457071304,0.0001933095180024491,-0.003554613251944727,-6.31579567768048e-05,0.006199668449146989
2017-07-13,0.0,0.00021962538182651592,-0.0005396198018737808,0.006767966798457703,0.00584890419558004,0.0015963763525801422,0.005080113873896952,0.007990708088385201,0.011634517725908067,0.011053985342560413
2017-07-14,0.0,0.001794336932387619,-0.0024596819454791863,-0.01656516811195685,-0.005656851510614014,-0.0016083085389195784,0.000933143931393321,-0.0018215477732580476,-0.0011510933931264677,-0.002666832391256979
2017-07-17,0.0,-0.019741277480995523,-0.053462233370400125,-0.04315231545427234,-0.03943918451763906,-0.040222269850031744,-0.0381994467611807,-0.03743148595099133,-0.030481546551539895,-0.03841889897636641
2017-07-18,0.0,0.01673911211245982,0.004602511843972756,0.012241815416270674,0.008243232984329607,0.012653185058687288,0.017363773362228274,0.014178411863333684,0.02737241979275562,0.029239781264697395
2017-07-19,0.0,0.010610649473053124,0.022005364609904543,0.021560274157316872,0.01590529766852744,0.02087966839973099,0.0259855584577684,0.02459891768330391,0.03344970855294571,0.057431213134376824
2017-07-20,0.0,0.004867957853247118,0.011994558664466526,0.006625785540708806,0.009170125399588391,0.007474095708858597,0.005499700350624304,0.004049500377717008,0.0058730022099482415,-0.0025734161712179793
2017-07-21,0.0,0.007594630365484356,0.0025532266243109003,0.003076335532115504,4.711268626467202e-05,0.00337979139798672,-0.003877760947068265,0.011192466984096594,-0.00031457170139836954,0.006390140356459018
2017-07-24,0.0,0.014981887940110239,-0.001986125477250522,0.012014055992881634,0.00941009979639662,0.00584889863996807,0.007335547704105938,0.008550782147088931,0.005562333810581022,-0.005983144336999535
2017-07-25,0.0,-0.003924195576505252,-0.0016652537753866214,-0.005855420929809063,-0.005489290433728922,-0.005237862636857882,-0.0005688239646700621,-0.003684168786354358,-0.007621600629940217,-0.005492267022493169
2017-07-26,0.0,-0.0032118774840480535,0.003690614574368256,0.005180951389800681,0.0011067175275913943,0.0038978203209159012,0.005408414881997281,0.003767015479100966,0.0009596521760404375,-0.003265231971523397
2017-07-27,0.0,0.0013353842238326141,0.006107793740558476,0.006483639565655563,0.007584694348480747,0.0017848269042575193,0.00027052015687378805,0.0005652022604520912,-0.008373738225677996,-0.01578429641052337
2017-07-28,0.0,0.006385251711107154,0.002957054621822053,0.0015463712202261615,-0.0026882246742532256,0.0034086137179765164,0.008546110201465895,0.0039065156368474074,0.007257114397741793,0.006185356944372833
2017-07-31,0.0,0.02022677693116548,0.01338409007430963,0.013690570383000145,0.0014078431690012216,0.013163002274342084,0.020683882030932077,0.01807532376713672,0.024289291844813654,0.03252529119305336
2017-08-01,0.0,-0.009141970727495119,0.00993743124094082,-0.001688948946258595,0.00582330870223724,-0.00120219056568871,-0.0013053598734588112,-0.002945772497682242,-0.010074196356376963,-0.006904581424821865
2017-08-02,0.0,-0.010048031437817184,-0.006548620969823893,-0.008825359441482439,-0.004773995278468002,-0.00448667046231388,-0.008644324066453657,-0.004249016154960983,-0.0041882225543398155,0.014231902987618561
2017-08-03,0.0,-0.008401012869089342,-0.004328430848661413,0.007312050709122442,0.002659925496949489,0.00291307406746788,0.005181932983541193,0.005803164730876054,0.0079531879083794,0.020065932153726207
2017-08-04,0.0,-0.005343392543952663,-0.006554462590912857,-0.0040749369729362606,-0.001282292961089615,-0.004338556439730468,-0.004165055755085967,-0.002314819055036943,0.0010407112363970406,0.00026812956719513004
2017-08-07,0.0,0.014515688104804303,0.011826185490210417,0.007609282213021817,0.0029406963394982277,0.007786647235659805,0.015823031772697504,0.013786197685505819,0.019149053404245997,0.02857360901152073
2017-08-08,0.0,-0.012205933579388595,-0.002979862669610922,-0.0027363008568072056,-8.735962341743786e-05,-0.001041607929721633,-0.001748773226489364,-0.002663026887434583,-0.0018915884120014326,-0.005089965818921849
2017-08-09,0.0,-0.007341010794425951,0.006708853673146553,0.004420451943474291,0.0030074122373699996,0.0051287819386462985,0.005590683529226759,0.007019337746733134,0.015605179941269753,0.02278616849506898
2017-08-10,0.0,-0.0034364558358498387,-0.01718450405224592,-0.00735713696140694,-0.008438921436132674,-0.009235806723081885,-0.014628868664239847,-0.013266706659332272,-0.007594925559719079,-0.006209514239283176
2017-08-11,0.0,-0.0075825505217711475,-0.0271883111173149,-0.027393084230613707,-0.019534129087662944,-0.022322704873025456,-0.03137970239270749,-0.03392900107766972,-0.042453473685632015,-0.05763187537185288
2017-08-14,0.0,0.011187812905396388,0.013099731227091738,0.015287465533049494,0.01207451984201513,0.014862603649115513,0.016478441144471834,0.014327108076224615,0.013554688171097284,0.00622888313046821
2017-08-15,0.0,0.00356180763076841,0.001648246741532411,0.003997535959451515,0.0013091069544295397,0.001322815242423836,0.0012654128086990735,0.0024512182874911748,0.0003990882711677468,-0.0001550611570265703
2017-08-16,0.0,0.001541424066917152,0.014088273912127747,-0.0024721581239637302,0.0038580330201194446,0.0027522750276567365,-0.0018529060993824897,0.0011337794987740235,0.0024098348145011883,-0.005796898794296457
2017-08-17,0.0,0.010095927835570784,0.02544774493738622,0.009432756872528758,0.011594697365350903,0.01220414642230594,0.012732537882140349,0.011117316557848422,0.018202794855044724,0.012760427813074626
2017-08-18,0.0,0.0030633354485904984,0.0037119000083734033,0.0012318504268964414,0.0016688871774024339,-7.887442773624187e-05,-0.005899598909329229,-0.0014952567942342343,0.0037856222470993295,0.001286446657462914
2017-08-21,0.0,0.0037809874265448684,0.0009620085878514484,0.006752451245628066,0.0075893152636745675,0.006251512588668184,0.010085186678571834,0.0105614989265157,0.012818329711581145,0.022498315787272016
2017-08-22,0.0,-0.010312598178635057,-0.011395817011111586,-0.010276642173983275,-0.006886192566457394,-0.006906322852018532,-0.0058241317524806435,-0.0038962492147214256,-0.008746904207227901,-0.009336268862530361
2017-08-23,0.0,0.005031194392615346,-0.010205406339189205,-0.005760337818544903,-0.005635234265470079,-0.007981287205305554,-0.011738950468753173,-0.012040703740646252,-0.017776851146218076,-0.020786005990484635
2017-08-24,0.0,-0.007484205345936523,-0.006703283344242861,-0.00625081648344783,-0.007197772919787515,-0.00975904176403708,-0.004940132223109295,-0.006448449759694497,-0.006987489483617271,-0.01165627037395467
2017-08-25,0.0,0.009713677326614212,0.009289199321702135,0.01082170599100829,0.007920984666743403,0.01368372594717937,0.015403437379867047,0.013676016097712074,0.019553008207655376,0.026478151167887543
2017-08-28,0.0,0.006851304928485513,0.014865933085931538,0.009589212290649574,0.009492530579761516,0.011404887891223403,0.009838679751422053,0.011167565585683104,0.010755850493295194,0.009492078650757296
2017-08-29,0.0,-0.005857706424670428,0.004806200481457967,-0.005632383767923743,0.000349437654023399,-0.0014716828150675987,-0.002217479709438419,0.0019235642142714227,-0.0017895684229324305,-0.0010438204135061468
2017-08-30,0.0,0.003263740001878457,0.004655456195874708,0.004469433768276243,0.0011178753925313867,0.00448970544536853,0.007874105871899406,0.010712634299113066,0.01869534283234575,0.026476277198221432
2017-08-31,0.0,-0.0007760675087112867,0.004462257610740261,0.0028770298022009477,-0.0017294901712613386,-0.00029621170889160275,0.004543440008915933,0.006209508276689313,0.0011023053295058372,0.0014601036450787586
2017-09-01,0.0,0.0039057888059383927,0.009300200956940285,0.008383892073567267,0.005889639775704891,0.00619024067893581,0.00862971877430918,0.011936662863500258,0.016209702348016997,0.024975556436156898
2017-09-04,0.0,0.007325897031460693,0.011042346039001671,0.0014652855504226903,0.0006037136388614694,0.0017464632410748582,0.0033654959138456064,0.0029393655710310274,0.0016437678447633886,-0.011958129503097492
2017-09-05,0.0,0.00384537337840829,-0.0022652926325217315,-0.003307644961819012,-0.0014524583054167373,0.00018221297986475982,-0.0035879388009397717,-0.00457600932198432,-0.004408857284630585,-0.0006242415072752472
2017-09-06,0.0,-0.0014572804391435046,0.0063377125113439625,0.005358013631771907,0.001869399754364176,0.0037388161032179124,0.007123325368739275,0.005575044983476829,0.0014674553132636436,-0.00010675944712623675
2017-09-07,0.0,0.0014900977754634948,-0.008086102748115276,-0.004545805971802319,-0.004569107879572432,-0.004084363747879127,-0.0060166474613381205,-0.007372054362765779,-0.005900990983480514,-0.014435199332055948
2017-09-08,0.0,0.02230419850411125,0.020244864274783225,0.002886360552014855,0.00013821257925106245,0.0023591438246102214,0.0027552858281312265,0.0025335023211348062,0.004638081620496504,0.004622669320706985
2017-09-11,0.0,0.015139736062060427,0.009663784762368177,0.009922332604547002,0.004413661361812871,0.007187361582814633,0.011246222175196996,0.01110980983788723,0.008032285949475249,0.015750038879266848
2017-09-12,0.0,0.008871029656958074,-0.00940535419069266,0.0011454476474159758,-0.00268609013802501,-0.004417232159763751,0.0003898123111436558,0.0014311761154097713,0.003997826913026081,0.0005132891824970454
2017-09-13,0.0,0.005992685879524062,0.0032589437590127,0.00199490298070093,0.0009078290600825767,0.0026418968391781483,0.002805629618924055,0.0019374688667670448,0.0051420068655956275,0.012182746611768991
2017-09-14,0.0,-0.011617372809458848,-0.0033337915983330246,0.00033219205697010423,0.0017901939031226277,-0.0010769968970129051,-0.0013869917439990331,-0.0030539412529577703,-0.009332128594595535,-0.003250939412445253
2017-09-15,0.0,0.004044380494460764,-0.0012740690404710042,-0.006031700106140292,-0.0019743157397411615,-0.003258098402349474,-0.00746310056163535,-0.013815865018589557,-0.027847376900841714,-0.028852639704438743
2017-09-18,0.0,0.013382335771964016,0.015548030237969357,0.006607765300136181,0.005149043928825536,0.008066745439722967,0.0017945587982477473,0.004375434897152974,0.006685778884088389,0.000978281770251943
2017-09-19,0.0,0.006447368322187286,-0.0015233428593826037,-0.0034971742582455834,0.0012129557162676718,-0.0010428097750330156,-0.0023159091988611546,-0.004977220913112701,-0.003986384632435613,-0.001415036603675257
2017-09-20,0.0,-0.0018044860010059116,0.010387293042038559,0.008382777090821802,0.006077022828745671,0.007294487649750936,0.008794562986155885,0.007515352228673278,0.011507556886976245,0.013354775293121124
2017-09-21,0.0,0.009966962671610569,-0.0037427020001998823,-0.00874023109291211,-0.0073604479489458585,-0.012171249120013439,-0.013788174536294662,-0.013112827485074474,-0.015680928892258916,-0.013999307940489536
2017-09-22,0.0,0.00993179252952725,0.02528020566687017,-0.0051648007256972495,-0.004696396846412987,-0.00555446660608494,-0.0071090647175166,-0.004971276915536782,-0.007063096074679032,-0.0035168671923789807
2017-09-25,0.0,-0.011370846172470417,-0.016370819918436252,-0.019740774219331625,-0.016684351840398293,-0.016923124460581418,-0.022035812343230488,-0.01820372906324408,-0.013879762624107173,-0.01983164209747501
2017-09-26,0.0,-0.007382311330839331,0.006885554677377614,0.007034814145867374,0.0036370402735477203,0.006808947570005053,0.003897135651952155,0.007420792273278964,0.008972669245988385,0.011874393176175113
2017-09-27,0.0,0.010822112369385017,0.02471673063076163,0.00790442961706983,0.0032596720492892306,0.001196509309896232,0.005090694661058048,0.00853288608257774,0.010820295002915703,0.015283483417018129
2017-09-28,0.0,-0.007900346446114148,0.009203156753470942,-0.003047181149779754,-0.004317890601267749,-0.005190107525961052,-0.007293909631628348,-0.008575860954651016,-0.011896591184538896,-0.014650419273079196
2017-09-29,0.0,-0.015946286618412464,0.005353448168559094,0.003155536740098386,0.007965635272054072,0.005090539596875887,0.003953710769048602,0.0049765655167999245,0.004771529372073369,0.009028917544007697
2017-10-09,0.0,0.01091536322835518,0.024386037406009864,0.013559873631160846,0.01304672882886937,0.01181459643877103,0.011353926808869153,0.008016419775504602,0.008830901104761812,0.006987578766392
2017-10-10,0.0,-0.007844648536507903,-0.0007653368427318341,0.0037268497993703242,0.007719576923847837,0.003729027715601685,0.0035835888515107772,0.00015471079495377182,-0.004974786817991128,-0.005567589867928158
2017-10-11,0.0,0.011946984007933592,-0.00175937494569256,-0.001536321774849858,0.0026663831333368915,-0.0017132498016394493,-0.005143248052572602,-0.003188646837831044,-0.008368597543051637,-0.010178413289305688
2017-10-12,0.0,-0.006773568917590955,-0.005138476655880075,-0.0061898963318554046,-0.003214101966379279,-0.0024668247911469043,-0.004322855408568249,-0.003013258670609531,-0.005053554697300844,-0.004964091272735005
2017-10-13,0.0,-0.004611816090433596,0.0060849131316655924,0.005480651419288218,0.002022003395995231,0.002096723743235218,0.004297429923810547,0.002752323527260847,0.004545062482833373,0.004857018787089995
2017-10-16,0.0,-0.01723678414499441,-0.012270118457995416,-0.01895307986024697,-0.01509551082759375,-0.015880091398203122,-0.015523434101848532,-0.011603538606694386,-0.010907987115608697,-0.004658895099547866
2017-10-17,0.0,0.01116679410911181,-0.0001723867796182832,0.0006844577437858934,-0.001931832851784887,-0.0007012600861378004,-0.0025028941001479232,-0.004352462587966288,-0.006145203275747635,-0.0012209918450128976
2017-10-18,0.0,-0.01674925471453592,-0.013801784925251859,-0.010573628558449899,-0.009085635343591192,-0.006616701122886592,-0.009964002675975303,-0.013024579835327565,-0.012966809802607226,-0.011860580790936215
2017-10-19,0.0,-0.011734989566417608,-0.02893183871107019,-0.014449363821540495,-0.0125609639546721,-0.012738309019132532,-0.010663183599277204,-0.009551660980359644,-0.014427813173224058,-0.01579637840022008
2017-10-20,0.0,0.0019903529538785047,0.01982747615007896,0.01305028143751441,0.011152071825318188,0.012784564038466506,0.013409590008031325,0.013720152356239579,0.01726797777086886,0.025502962416700692
2017-10-23,0.0,0.015269939005543076,-0.002800054727096324,0.0021930690290368204,0.004247533794285552,0.006174790141095565,0.005011989720783205,0.003815434031885445,0.0014211041451439588,-0.0012171121593688161
2017-10-24,0.0,-0.0021407078203906638,-0.010783498403932334,-0.0038666033648854237,-0.004585846458805665,-0.0025330688951187286,-0.002304014079488881,-0.001105313101506522,0.0021094331252204945,-0.0002668512133184864
2017-10-25,0.0,0.011517772847666086,0.007675442416057221,0.007023699575397613,0.005518659941240234,0.003177514937610759,0.006614856000692226,0.006323934464061098,0.0032317691922776337,0.007567447227210922
2017-10-26,0.0,0.02134470423215329,0.009391410019620183,0.001239758060534113,0.0018971660703104298,0.0045729178323230535,0.005758491108407204,0.0026917353352080564,0.00556804587384363,0.004665116186972629
2017-10-27,0.0,-0.023397250362783728,0.0006095669284640337,-0.006847337946312315,-0.008985507871323795,-0.008538620669431007,-0.008372630207159615,-0.010172132324999028,-0.015225627793635677,-0.013624735554680245
2017-10-30,0.0,-0.014189963878770806,-0.023938063821359767,-0.019797157490440753,-0.020944737557131665,-0.020397484649830044,-0.021831837811407406,-0.021752564687023357,-0.026870322263841007,-0.02321241217116965
2017-10-31,0.0,0.002527401029558174,0.012727816450144536,0.006077250061280237,0.007733516429443865,0.006972129911393621,0.007047146135882532,0.004761653441505587,0.007009386947642859,0.010588987049965803
2017-11-01,0.0,-0.004622316868124976,-0.003699991319628393,-0.002018940699097027,-0.00205735183473732,0.000620735434587516,-0.003955341583041561,-0.0016623482678290724,-0.003071028561530076,-0.006215296851080021
2017-11-02,0.0,-0.0014183261716149698,-0.005673391827133445,-0.009790656970761535,-0.010951049268270396,-0.008257553496353265,-0.012729609294608535,-0.007578807143954092,-0.010258514113053896,-0.012319071337705711
2017-11-03,0.0,-0.011265625226014486,-0.003217782266068947,-0.00789722838148732,-0.007379191244808125,-0.01014125422173906,-0.009918521756843712,-0.013048842518381565,-0.017611330256356528,-0.01801793655195505
2017-11-06,0.0,0.013583818113646062,0.014865544961913058,0.00572981284606322,0.004678341095727179,0.008583999957848532,0.010186778859551326,0.007785813781340467,0.012425773798524276,0.008762029794574744
2017-11-07,0.0,1.6993328689318687e-05,-0.002288041730220902,0.006735512434237645,0.006334015522560188,0.008217428427314877,0.007229587211079913,0.00826652866275146,0.013122310890546274,0.011158380681383084
2017-11-08,0.0,0.009939890285255437,0.0048676272962524525,0.006912556902932021,0.0019447756212980227,0.0012485784667606303,0.0011174364516040036,0.0016563433466627586,0.002093263355701369,-0.00020328817982706582
2017-11-09,0.0,0.012536096078856751,0.02404909511151665,0.0008638040622093168,0.0029971570941771386,0.004679369496720431,0.007659586881506808,0.007628159878601215,0.009829547373119585,0.005794371304904011
2017-11-10,0.0,0.03631494709833749,-0.003389476658180346,-0.0008344387289404009,-0.001165257481014148,-5.552439864520142e-05,-0.00031913615112655336,-0.001394633879988727,-0.0027252616801176632,-0.012516536088214014
2017-11-13,0.0,0.04214557782917461,0.004305255269048569,-0.0011217443077141676,-0.00248926904622504,0.00045010960330582606,0.000501817903034274,0.003177025659596877,0.010226650754931121,0.015463284051648873
2017-11-14,0.0,-0.020416892981748536,-0.009494067368543524,-0.010261799887941625,-0.009617861021307128,-0.006116040817451429,-0.008632313239055889,-0.005745210298169323,0.004539556531586886,0.007512149149709435
2017-11-15,0.0,-0.01285674889591093,-0.009717200273352211,-0.005286788831874278,-0.0020561755447614516,-0.005292789502824413,-0.008136082063960326,-0.006950865765706471,-0.010445871235139403,-0.012558386723443338
2017-11-16,0.0,-0.004251753047541329,0.004935032235957593,-0.003589204445474947,-0.0019207841689671268,-0.0014589293750822963,0.0006293636238920985,0.002140062706976309,-0.0025514499474169616,-0.005838845102533741
2017-11-17,0.0,-0.029422961250150204,-0.03507114592490235,-0.027337762737554394,-0.029601470475754343,-0.02462140065511509,-0.028299076780603727,-0.026661857856375315,-0.02939889836404408,-0.03368559738002941
2017-11-20,0.0,0.04757347959786995,0.02221903649694079,0.0034944675389920743,0.0035925624632868747,0.006173715571160754,0.003822744440966419,0.003924636994093289,0.003546855373363522,0.00035283676340669423
2017-11-21,0.0,0.007213636077401331,-0.0017234916950561452,0.0040779217305886295,0.004437736745436238,0.005430102068479048,0.004360622222379984,-6.524885259973079e-05,0.00208814175527805,-0.005310110982972627
2017-11-22,0.0,-0.019340945257589337,-0.003067101859923538,-0.003385593959378208,8.264445556283029e-05,-0.0009381916487911646,0.0009096821660519172,0.003126414299056801,0.006085127127842371,0.007457352831317321
2017-11-23,0.0,-0.04139266249489937,-0.017261281812905427,-0.020162678796289746,-0.018457317439962817,-0.020681128254674497,-0.022766417544767492,-0.020397462889808926,-0.013194497096390423,-0.009729075344937943
2017-11-24,0.0,0.013139310910190716,0.002369313054563227,0.000209574154273362,0.005701036100476342,0.004617639424055575,0.005277529005960124,0.0026144441746986935,0.011019615039410402,0.00221417276142466
2017-11-27,0.0,-0.0228350063863203,-0.03121436348244988,-0.0019953174129874185,-0.008628365577039498,-0.008469948026046725,-0.007847972133558923,-0.005709733985692189,-0.0054607573049899605,-0.005048231939043468
2017-11-28,0.0,0.01985014470665103,0.023672507898370387,0.012404283870715016,0.013893372119377911,0.012681232883370752,0.012321662770482522,0.01615932847547552,0.027748950362619818,0.02960619297871081
2017-11-29,0.0,-0.005274052303077759,0.008846832765112334,0.0032598369158345353,0.003109773041148456,0.005157384428459366,0.00976844055466275,0.010906633593918968,0.02055477881225065,0.024560997337552903
2017-11-30,0.0,-0.022754734051738223,-0.013260909582347824,-0.0013659570637186702,-0.005985957197778835,-0.005756894698147219,-0.006932999907365067,-0.007755980348775338,-0.006400045571869684,-0.010169356644958327
2017-12-01,0.0,0.010649714958293588,0.005108941776179821,0.006419484323845426,0.008327145559509086,0.005180952240257941,0.0035718199745629065,0.0024104603121450907,0.0017974901910038366,-0.0013551785488062906
2017-12-04,0.0,-0.012516122945797403,0.005023111561977878,-0.0051618233085169996,-0.008968789156422075,-0.002708671220554182,-0.007404474187694965,-0.008954506000605988,-0.006632595084476556,-0.004267670428832249
2017-12-05,0.0,-0.01762122149459644,-0.02459115768657194,-0.02133563396404814,-0.0215904516783193,-0.02042570603147631,-0.02004271161215343,-0.022769239523130702,-0.021092891315119155,-0.025406959422452746
2017-12-06,0.0,-0.005656503048889094,0.011931713591485593,0.007533547083459213,0.006770985930923734,0.0035986942192041127,0.004485674136320172,0.0031889386916186258,0.0033092786208435143,-0.0044330527010536525
2017-12-07,0.0,0.008855714829934858,-0.00512370074569235,-0.008256021417897275,-0.003143225828096008,-0.006049827756672843,-0.0068850580795912775,-0.008214043986574882,-0.014174550987416601,-0.015047903186372613
2017-12-08,0.0,0.006455375656457596,0.016660907414870474,0.010272953053443779,0.005479591591844191,0.004816091715182713,0.009318332126369677,0.008215324830877613,0.010949571594377483,0.013338598655505018
2017-12-11,0.0,0.020348734861446838,0.022798065698841796,0.007108930379634115,0.009968516509920367,0.009736958659600115,0.010216847079405289,0.0070562423704843,0.005823519070551564,0.006295832561900028
2017-12-12,0.0,-0.02359644301560382,-0.012811566827034215,-0.008791506496015011,-0.0109497886958706,-0.009624038541056534,-0.010456747020825996,-0.012613873013577415,-0.014737689837569401,-0.014209515710638887
2017-12-13,0.0,0.004242895343137043,0.010507528250045528,0.007764646897481242,0.006417913345549531,0.006796117791451062,0.005948434558370241,0.007968914615354983,0.0050235428159364215,0.0006657560572458365
2017-12-14,0.0,0.0011149008044815112,0.0017515602705249211,0.0017397053835679355,0.0020854731524360126,-0.0014162825156187608,0.003977556731444398,-0.001121063243773035,0.0008847113483856361,0.003665575913795349
2017-12-15,0.0,-0.011607071548472181,0.0002716314295925226,-0.007964308349481253,-0.0072431080335763065,-0.004728481497668469,-0.007510130883636279,-0.005279320397020282,-0.017867915621186947,-0.013956758123884638
2017-12-18,0.0,-0.006921698873618376,-0.008780657083930277,-0.0017767025964714467,-0.0028511896869476416,-0.00507669416634704,-0.0037786521894027647,0.002465971750507334,0.007027900596064285,0.01284462449366508
2017-12-19,0.0,0.010715680495825719,0.001353657664775021,0.0047807734212388375,0.004958898820600854,0.006176620150442069,0.006200475780166803,0.005489227968888066,0.0055830866378427935,0.0035531832241144645
2017-12-20,0.0,-0.000328002229943003,-0.0034644685081670623,-0.009780984613335986,-0.008892525825516029,-0.005005110201879326,-0.010721769648943447,-0.006716120296839878,-0.011684989751116759,-0.014337146698110037
2017-12-21,0.0,0.02180026992202433,0.010461489009060854,0.001817044970121584,0.0026577808662235913,0.002172337294168436,0.004529015849565665,0.001996243293401312,0.007941635910020395,0.00509103388405574
2017-12-22,0.0,0.03961180872433956,-0.0031554867795230424,0.0014089141937674299,0.0013082965278286007,-0.0008909818346936049,-8.714770280671136e-05,0.0034292598451375333,0.00108220076187715,-0.0004227805713806765
2017-12-25,0.0,0.006815068650223077,-0.01944927765697002,-0.011120257120198263,-0.010337714441979617,-0.006173825582678316,-0.012036537896991328,-0.009211008159715095,-0.014969888230167205,-0.012974697585545258
2017-12-26,0.0,0.001755588689826837,0.005934668121298392,0.006390083787341405,0.00902788507050789,0.003716725683795996,0.006885632061918612,0.00830134064958532,0.01062129542515633,0.005947607282347667
2017-12-27,0.0,-0.00872054452642157,-0.0001869298207527459,-0.0006372462051338346,-0.007924848288600295,-0.005260316451807134,-0.00219093340528842,0.0006712203851710896,8.140597258776694e-05,0.0014827609912744233
2017-12-28,0.0,-0.00535632374840922,0.0036376451148434352,0.0029705480280097785,0.0007720320356578991,0.0038776318342150784,0.00936214221040177,0.0075617378310779415,0.011101809949233932,0.010614325459878726
2017-12-29,0.0,0.009187198401166219,0.0031841772723424366,0.006253104914253349,0.008833649860388704,0.007706537168046257,0.0073199941603900864,0.004088686540887787,0.005523516188916,0.0011721005588578581
2018-01-02,0.0,-0.0015265278996345888,-0.011952002349007618,0.017353562031964698,0.011209719891753123,0.013715653964977426,0.012995828786033892,0.019048679995531392,0.031764805769964655,0.03271286319210254
2018-01-03,0.0,0.010561579526414677,0.006500832162085635,0.007904903440028699,0.008096204574132626,0.0072304133478691135,0.006996754410586892,0.006993296343138722,0.009499782243361787,0.001657034295867943
2018-01-04,0.0,-0.0007627439428168348,0.0018351798673099662,0.002388267185073456,0.0030026159019145293,0.0025188291178122046,0.00370085668177067,0.0027852913354111664,0.01231081438108017,0.010177184904878844
2018-01-05,0.0,-0.017355612045514168,-0.0032612676849603783,0.009046295449563369,0.003742903485633553,0.004296041918205651,0.001762710478676377,0.006048863330656129,0.0005430880824444095,0.005274703237364786
2018-01-08,0.0,-0.0263805700759413,-0.005380551681257284,0.009895208068383843,0.003963694781784488,0.007311319805267225,0.008538072548009534,0.013260084773920822,0.01873974801163958,0.020626633252687654
2018-01-09,0.0,0.009019852602766942,0.004808594291069612,-0.002990998826245206,-0.0001668981783781165,-0.0033669758282719453,0.0007105866534289351,-0.003761194547281188,-0.0015869530028403966,-0.0037913441384931357
2018-01-10,0.0,-0.02075830558953151,-0.01579447800673306,-0.004418593381809055,-0.007120090413621383,-0.008053324761755132,-0.004084242170938612,-0.007685150287219389,-0.00565552513562162,-0.0052855741383092125
2018-01-11,0.0,-0.0004197818774609452,0.001488078452620556,-0.0019750179642248344,0.003737341345628531,0.00432711344661052,-0.0012445358336843348,0.0005540817438900447,-0.012619640791743936,-0.017608586527327552
2018-01-12,0.0,0.003766904595251086,-0.007401104522584689,-0.0030436212802847917,-0.00010083328960475146,-0.00252517072319014,0.00016860569714194362,-0.0011340047360981487,-0.00216724754747466,0.0022820338873410506
2018-01-15,0.0,-0.03053145737533347,-0.018006234325188775,-0.01868704943920052,-0.021630185728970797,-0.020940772009038544,-0.021766314495917594,-0.02215190739174233,-0.025092435726376094,-0.02843345640494188
2018-01-16,0.0,0.002956190137109793,0.025548542602454205,0.0167600297485484,0.00985455334066998,0.012278093201610218,0.014090137311358664,0.011041473127276102,0.009955989331289938,0.014023719966377746
2018-01-17,0.0,0.0033592355476910196,-0.0053941591845168,-0.004318850440891531,-0.0033212081583727793,0.001200720417940726,-0.002695124020386186,-0.0039032997813035486,-0.0011765874168208068,0.003298407496977518
2018-01-18,0.0,0.013930595683760982,-0.004337213097626247,0.000644048472949077,0.0052440693817956685,0.0067573156749287655,0.0035135846761868983,0.004603628532708015,0.011587511230567449,0.016352603457064685
2018-01-19,0.0,-0.007434016573207081,-0.006751867824350666,-0.0023800785060195118,-0.0019816765281474025,0.000246129283838048,-0.0006479257356339918,2.2634655890696465e-05,-0.0016301651513576099,0.004817314876419676
2018-01-22,0.0,0.006571076496064254,0.006928077577122993,0.0043516208827985015,0.005240994889176731,0.011110488051611966,0.010324915096996845,0.009353523945555109,0.013635206356169327,0.012267993562727675
2018-01-23,0.0,-0.009561113596171622,0.010446061908616189,0.005548098378596489,0.0008116735735048675,0.005596646428678076,0.0036179065032921898,0.0015918155483480856,0.00238972491549716,-0.0018727928889253898
2018-01-24,0.0,-0.005204219252084807,0.00543896994917259,0.0011705956370759996,0.007163922151868896,0.005088427873369605,0.004139897542079662,-0.00023731783070357615,-0.0029372693755531643,-0.005977399585421539
2018-01-25,0.0,0.003750578327552878,-0.009494407190071552,-0.002816767797983233,-0.0004893291044361092,0.0074437102292990165,-0.0030552142089260714,0.003494061405076687,0.003008779445416332,0.013248401710182378
2018-01-26,0.0,-0.006736060982671321,-0.0034118150530692004,9.978530194154622e-05,-0.0003996071276848312,0.0008806656469910745,-0.002162043459560281,0.0022722309284151088,0.007660273203323298,0.003382590249317863
2018-01-29,0.0,-0.012306512778661571,-0.03157851138721879,-0.008976190618174451,-0.008768875254691832,-0.007566856173140124,-0.011803317245016931,0.0009005794554117763,0.00778769686733205,0.01093896916492243
2018-01-30,0.0,0.0013266428185267909,0.00026873483732337,0.00039804460020564925,-0.0032337802474264876,-0.0021941214558504063,-0.0038201694332797853,-0.003059007254745283,-0.007835424353378917,-0.01089905263367874
2018-01-31,0.0,-0.018043419681238904,-0.03661634598903585,-0.0281272086672415,-0.020530364693146175,-0.016697145378865463,-0.015656792965047184,-0.01449698629151297,-0.012909376975864695,-0.00601094683738812
2018-02-01,0.0,-0.04530777494005067,-0.07102563581715937,-0.0399950552574333,-0.03694008141233596,-0.029704488182035416,-0.03023460538664513,-0.03381664796431494,-0.027681287221801743,-0.017893949467676418
2018-02-02,0.0,-0.013482225146172144,-0.013938237479655724,-0.001446474617537552,-0.006267154717900958,0.005203096413361585,0.008389535996589093,0.00725365184524307,0.023663880166373552,0.03536194165105688
2018-02-05,0.0,-0.009436929652095971,-0.0002875408240592403,0.0029511169449178976,0.0031546645997118095,0.00478976270898257,0.004871736293185602,0.00987745930687578,0.015927090120720466,0.018107799883662512
2018-02-06,0.0,-0.02065061149149028,-0.046119838452675865,-0.04670139542443419,-0.04020950117904942,-0.04338938531972936,-0.044798162323317015,-0.044351833289221876,-0.0543585783300794,-0.053463769478227174
2018-02-07,0.0,-0.0005458718901314441,4.838860660716371e-05,0.0009635752559422617,-0.0008924721425791482,-0.008485136716883668,-0.0017104267038293708,-0.001055961686446949,-0.007130536687710909,-0.005069409998548546
2018-02-08,0.0,0.013157095954953624,0.020890301939766598,0.0033506001967635868,0.00682291158747983,0.0012333242705497849,0.0028051263318287223,-0.0036135429881121173,-0.005022148783239921,-0.017605799211030337
2018-02-09,0.0,-0.03139088799387235,-0.025750606027759693,-0.03981835729415595,-0.037550707709099074,-0.043426261367050634,-0.04453055118012661,-0.044559058437275034,-0.06120585661245548,-0.06511506505049314
2018-02-12,0.0,0.03750633168030526,0.026177802624445246,0.018723633183256094,0.0167945478705418,0.019809321776606437,0.018546967838543482,0.017345569016177675,0.0167454724411904,0.013106703988312152
2018-02-13,0.0,0.0071867651937655985,0.004302776833058131,0.006200117715220221,0.0020763508281167464,0.006869036502208159,0.007170909318541252,0.004784426409538689,0.007937059608316588,0.0068055162554727655
2018-02-14,0.0,0.006452662695423106,0.009177641281635562,0.008050510410961609,0.001476718958635992,0.003457215252455237,0.005922305388407212,0.007355012630652968,0.009655185717044601,0.015291537019065826
2018-02-22,0.0,0.007618922537850681,0.010381534175837315,0.01564457069273062,0.01562068512950443,0.02433041479344733,0.018204946341610073,0.01743735983949013,0.026611149273811918,0.015132662370072714
2018-02-23,0.0,-0.007093360415999506,0.004482965022422292,0.0031001358665205814,0.003908150613502137,0.006652286383987738,0.006467704624537829,0.006972663935965073,0.014768360870827335,0.0149715130734418
2018-02-26,0.0,0.02128291964147233,0.03161485976505718,0.014944991723685463,0.017650678490420457,0.015383814025725195,0.01565761023913881,0.013708277603455832,0.017634091161325083,0.006357109112020476
2018-02-27,0.0,0.00171641993951277,0.006113960821549913,-0.004274063351536461,-0.0030051070027166116,-0.010044060809870858,-0.005909278884126734,-0.012913478110400889,-0.02013234786832996,-0.030233607161274767
2018-02-28,0.0,-0.002101248774417752,-0.004769259786476798,0.00011883187867556266,-0.0024990544439017492,0.0016654199596688457,0.0017412474306286452,0.0001890554299850411,-3.001009406511379e-05,-0.006266972991522457
2018-03-01,0.0,0.012149137219029438,0.020374034453036094,0.010050692495846114,0.007906180010400332,0.006842729678200987,0.007486212031171169,0.0037859965196667122,0.002326732098475448,-0.002721390978547178
2018-03-02,0.0,-0.00587367966892427,-0.008938017810544596,-0.0020618332871180645,-0.0010556273868336241,-0.005131627158823204,-0.0013024999603853393,-0.005476875401344006,-0.013438053432586305,-0.011584469310806478
2018-03-05,0.0,-0.0010463450324423862,0.0011979895510785266,0.004763721156878287,0.0015691454049031606,-0.004871767219073231,0.000261567911904681,-0.0008347246305303591,-0.01089083219917708,-0.009931476108623105
2018-03-06,0.0,0.005584149271228744,0.015569467917550206,0.012732337429114393,0.015875516047918037,0.014000018098253797,0.01624315702038759,0.01329219052984909,0.02417384265893796,0.0262303067785834
2018-03-07,0.0,-0.009207039921821036,-0.004507254316954312,-0.009886312190540258,-0.0066650907920262625,-0.009312514093418378,-0.009621853747465825,-0.010396075905580782,-0.01744193073912126,-0.01927912048948488
2018-03-08,0.0,-0.0032268726303305018,-0.00039468338415593607,0.003940272026436098,0.008512416201559736,0.007807402139791586,0.006406472835640109,0.006818104214830978,0.0039289507497779486,0.005564720256429734
2018-03-09,0.0,0.01268975831816066,0.0205257683079465,0.006020068321300087,0.00974244245901068,0.008026534830185117,0.005008659645445057,0.007305735241335709,0.0001654053023956159,-0.003802587344723607
2018-03-12,0.0,0.022265565507534335,0.021294527634552196,0.009916377160219092,0.009761725964403611,0.010991119561794882,0.010402618103057204,0.012960859050066276,0.015176923099609496,0.012397362451405991
2018-03-13,0.0,0.0020376133160762144,-0.0023318762216895106,-0.002742742196645609,-0.006373493048141499,-0.0068268422867561185,-0.006838888196740389,-0.002756821322592806,-0.0034760672659837066,-0.005050025089966548
2018-03-14,0.0,-0.012303455048757628,0.008014756043171811,-0.002090976162867242,-0.007109748354931056,-0.0072879009298895125,-0.005560280834645326,-0.005428550016271072,0.006264716638883172,0.007304053682939848
2018-03-15,0.0,-0.006517369236300752,-0.005414279530898902,-0.007762259784148573,0.0016392192212772994,-0.0052490034476153635,-0.004402114198088114,-0.004211093829130874,-0.0018594037706515243,-0.008686213308515822
2018-03-16,0.0,-0.0001274762508596261,-0.005766048153580172,-0.00025051689936361754,-0.0026076448482527104,-0.004280911573950497,-0.0017795462238376913,-0.002454554772618134,-0.011062941980165886,-0.008587249781354167
2018-03-19,0.0,-0.009669816006338428,-0.008009659230742705,-0.004155408933035787,-0.003018637991313078,-0.0048950898320596625,-0.004466718945316583,-0.010065039159250166,-0.016630688428279194,-0.020143303380964706
2018-03-20,0.0,-0.00295435758912177,-0.0001573615905490211,-0.0029519139168958652,0.0012074438956708455,-0.0007821164866914643,-0.0013066307131665011,0.001857561478530334,0.0016102821058985306,0.004161198034868141
2018-03-21,0.0,0.0029631116806030366,-0.004840869426194994,-0.0013629573280082852,-0.002547879711360612,-0.004047481342780435,-0.005928011680420675,-0.004150755392969385,-0.005509620122250092,-0.010343563338273354
2018-03-22,0.0,-0.0007163079294297825,0.010335741430029133,0.001723487553593861,0.0012421684197514438,-0.0018602617646672481,-0.0019449488948816152,0.0004009007673957399,-0.003558125889422392,-0.0041843950770008576
2018-03-23,0.0,-0.03270621486059644,-0.048714261404360415,-0.04613255836042396,-0.050512108772249986,-0.048672228092149106,-0.05245342614313264,-0.04738680252254723,-0.06077847120261648,-0.05349225257938872
2018-03-26,0.0,0.012949743199144104,0.02000518323636813,0.0176889337335544,0.008354151624445638,0.006069177562465278,0.0061070703421359784,0.0007318549753949632,0.0021296735672422518,-0.002135938545946847
2018-03-27,0.0,0.01053212376782664,0.030736978153803607,0.014993656808333533,0.019172204408266946,0.017298062800966907,0.017490090328685426,0.018404921854842327,0.01673305288383964,0.015826121393214043
2018-03-28,0.0,-0.0029859177488712474,0.0013849512920141027,-0.012024246487189694,-0.010521369782098056,-0.008942266122021314,-0.013334242016352249,-0.00984865078914443,-0.012736959205784326,-0.015634301468662293
2018-03-29,0.0,0.010045329815866033,0.003119270137536434,0.010646217946167713,0.012741734419911221,0.013839724199766312,0.016665702880489075,0.013108140902703846,0.024632034201188535,0.023220330187978977
2018-03-30,0.0,0.009484927062793691,0.022949249045773445,0.004835599524898093,0.006169149017662079,0.005636885656999935,0.005660753222224368,0.0031638538791409765,0.004289010927415182,-0.0005054836612732316
2018-04-02,0.0,-0.004105538399946429,0.0009501528145525739,-0.0018194933762837318,0.0034457783348322835,-0.0012139893670652935,0.003705736619082689,-0.003386928155460489,0.0005026469116200527,-4.2543782329262925e-05
2018-04-03,0.0,-0.005368099733766396,0.002977822304169875,-0.01028800111111694,-0.011152751450854925,-0.009851450181760368,-0.008889047875561773,-0.01325123049395227,-0.011506499635268175,-0.011833171987789215
2018-04-04,0.0,-0.005324183123023407,-0.0002484891122893629,-0.0001828164290281764,-0.008110507522582577,-0.004831347031858724,-0.008385948605945548,-0.006555530874287285,-0.002362813293939947,-0.008920034284903844
2018-04-09,0.0,0.0029977682656645577,-0.013306998006290649,0.006437458274251906,-0.003162506948844346,-0.001771628493588584,0.0013461771128979727,-0.004770881473786348,0.00438206732777946,0.011227098200547347
2018-04-10,0.0,0.010042396594808212,-0.011892932742845197,0.0017400293588731852,0.00492303822393203,0.01104529250086883,0.014128728112558386,0.01785483290881884,0.018525501369276665,0.022086189245723142
2018-04-11,0.0,-0.0032714407476950313,0.018571560453688907,0.002010723100533518,0.0010207610427566127,0.006100362253680824,0.0018912450314079177,0.003974490746266435,0.0028469874609644563,-0.0008508416067631863
2018-04-12,0.0,-0.0009170306928409921,-0.0023893144960641655,-0.006889790112474481,-0.006651513763650918,-0.007794277806374761,-0.009374735596100914,-0.011340841329831042,-0.008414910990982905,-0.018412893387124707
2018-04-13,0.0,-0.0020371484783383575,-0.016740832012639872,-0.004462536443001208,-0.00270149001728226,-0.0025941660150951007,-0.0033448995536067283,-0.001033455654407156,-0.0003353632736440293,0.001390550338628005
2018-04-16,0.0,-0.008496071604353728,0.029559665470878516,-0.004093124449015884,-0.008643379629620362,-0.009026126504345422,-0.010681716846099198,-0.011782592830823946,-0.01317294532604274,-0.023527327614107696
2018-04-17,0.0,-5.6725407797109106e-05,-0.017696465957260266,-0.014421865053005356,-0.022021728583752842,-0.020230401127291242,-0.01868543651184207,-0.016429881540875546,-0.01183042463191808,-0.007678683707722955
2018-04-18,0.0,-0.002636212608448707,-0.02037704064051271,0.001888797874123549,0.011619485209191094,0.0075754950148287925,0.008512387952682055,0.006081547745786509,0.010248803402952422,0.008813317930443265
2018-04-19,0.0,0.03264495324066785,-0.006015128631941757,-6.905951579994074e-05,0.00020143616716139512,0.00905183518717334,0.0075027499027442435,0.005779832380250038,0.01621170762117119,0.019310222661811816
2018-04-20,0.0,-0.026966750289732278,-0.030220288898629044,-0.03147523369717453,-0.020348465591597975,-0.021106409104345025,-0.021319645395730835,-0.022155772678641106,-0.025684719606847928,-0.019693309217299615
2018-04-23,0.0,-0.00807148889535092,-0.006047564489937485,-0.003205518793765294,-0.004612724159131276,-0.0038252809472371085,-0.002315497818095369,-0.0044222190533296235,0.0011884138702309421,0.004245866292587719
2018-04-24,0.0,0.006811185554053356,0.014915163408311338,0.01628565571293894,0.016038377860306374,0.021666832499689592,0.021669981495014756,0.01697266603025893,0.022752323854164258,0.0188127707306871
2018-04-25,0.0,-0.010342711873586374,0.006080338158845011,-0.0015916567258663639,4.483260773513464e-06,-0.000286302101427105,-0.0013093550187919245,-0.001995384344127271,-0.001911349640275506,-0.005310029472016864
2018-04-26,0.0,-0.011387398155390693,-0.021803497329197286,-0.017103600088047677,-0.01907671976972447,-0.01853170687928296,-0.01628232539719021,-0.017103802754380504,-0.014574504039824632,-0.01050165373553913
2018-04-27,0.0,-0.009190996694152798,-0.0017523452686947216,-0.0021785297136681647,0.001707480647510362,0.006903132432940495,0.0021583221093481875,0.0015289457311062904,1.733681856830316e-05,-0.0034214606203636366
2018-05-02,0.0,-0.014645269781393577,-0.012923541042140108,-0.007891331295319048,-0.008426607660374064,0.0020449189742315355,0.0004182554095417679,-0.002462018851639103,0.0017043358329495994,-0.013153940346933957
2018-05-03,0.0,0.008674121606983887,0.017284325946371082,0.01052095124590191,0.005401380979338066,0.007076234619387112,0.008548328218876078,0.008057328600486136,0.007725232049946129,0.003971598532044318
2018-05-04,0.0,-0.005,-0.002038341363106079,-0.00868842079162143,-0.005921533369733685,-0.0062499816287204905,-0.0019255154154297271,-0.006625343162574431,-0.0038540584796097318,-0.006718851282224221
2018-05-07,0.0,0.0,0.01879290168532588,0.014526331927334102,0.012972619122467277,0.015549559515371847,0.014254077106236496,0.015792136100998055,0.011382869526521233,0.018223926863739637
2018-05-08,0.0,0.0,0.015128569625777022,0.007456092528911995,0.004988348977679635,0.005334086299645602,0.008403748072417505,0.0041198822602583896,0.005376901293230318,0.005192749518875939
2018-05-09,0.0,0.0,-0.006266699264482423,0.0017033687763092775,-0.002080707468693599,-0.0001193281563278692,-0.0013759960248873604,-0.0007845523980130054,-0.004454448110576825,-0.001314815241508116
2018-05-10,0.0,0.0,2.5050822819894236e-05,0.005444832763577434,0.006396395352911144,0.00379139569451592,0.0042026770121987855,0.004065483373024703,0.0040704291249633595,0.007306521157122603
2018-05-11,0.0,0.0,-0.01469788685153961,-0.007253200708176699,-0.00688295837406494,-0.005456530243936442,-0.008177442429093795,-0.005301948375063814,-0.0029318377806385465,-0.003464649489746785
2018-05-14,0.0,0.0,-0.0085448827803285,-0.0053990799294807434,-0.006509738714770452,-0.003639658079255925,-0.005910000427422735,-0.01197564273269347,-0.0022404691385451425,-0.006768188342709647
2018-05-15,0.0,0.0,0.005284395162669542,0.005414546505806417,0.007859264868994353,0.007804690329163533,0.0049457232737466494,0.00932298781581764,-0.0008750500413037265,0.007309614975139933
2018-05-16,0.0,0.0,-0.007151150790658867,-0.007626223456370429,-0.006053053659147212,-0.004991836386301851,0.00010615181233064597,-0.00401371936550321,-0.0067165085346034825,-0.006698726270315314
2018-05-17,0.0,0.0,-0.0031501651830316835,0.0029244669023451575,-0.005083185068023854,-0.0011918587466965835,0.001600500248435388,0.0006737288544176323,-0.002075132667539892,0.0029573189349145768
2018-05-18,0.0,0.0,0.007978723082734396,0.006013670142124727,0.006374052903409311,0.006999912310662326,0.00989009678908026,0.012809134220310048,0.00855695916640764,0.020289094348193704
2018-05-21,0.0,0.0,0.01003055579217249,0.008139405286273549,0.011114746531470043,0.010716533888919466,0.008071432507997356,0.008519382628256134,0.011647736912314688,0.008767502410513162
2018-05-22,0.0,0.0,0.0036383466026748135,0.0006777302329776802,0.0034829814598531517,0.0022968222522743442,0.0007595727548912468,0.0013447704330959986,-0.0014014707209087929,-0.00022535693714520466
2018-05-23,0.0,0.0,-0.010198529290272984,-0.010984351367204215,-0.010397025585061281,-0.009143767862430652,-0.008037417703853245,-0.01776015552432819,-0.017351276582897812,-0.026690823046038648
2018-05-24,0.0,0.0,-0.0053592011708276655,-0.0048088708923034185,-0.0034560749120058354,-0.00343611026513968,-0.0039876061733052914,-0.003244663082528687,-0.0024498835775599304,-0.0021208811355777346
2018-05-25,0.0,0.0,-0.012942998388648874,-0.011837595146905855,-0.0072015607892029765,-0.009447972604565091,-0.009037137043968246,-0.010867700930008328,-0.007868518271562097,-0.012013271697575378
2018-05-28,0.0,0.0,-0.01743025284251931,-0.010995317706416263,-0.012106153616613158,-0.008180667668796993,-0.010022563968710152,-0.007788594709672192,-0.006512905525253965,-0.006497351832521425
2018-05-29,0.0,0.0,-0.004681846291393121,-0.004766062108297997,-0.011889181709928143,-0.009224210694868118,-0.004289193210118447,-0.0018434313369340982,0.0004609338893308834,-0.0007551201954923981
2018-05-30,0.0,0.0,-0.03889479720990552,-0.03430436666056247,-0.03443952224353519,-0.03402611954327994,-0.03112302851243476,-0.03644512384150622,-0.03325804729535875,-0.04052038807117064
2018-05-31,0.0,0.0,0.011879677332470528,0.01181544929841949,0.012856560844257015,0.013992398044693655,0.016381965391397024,0.015234323428970242,0.015634704236098695,0.012486182987092365
2018-06-01,0.0,0.0,-0.00560471335202839,-0.003474391276050537,-0.003875326357129172,-0.004862697259268023,-0.005062438911613731,-0.006100844351151213,-0.002263207851975313,0.0017191599449841721
2018-06-04,0.0,0.0,-0.004226284683706671,4.5330047293568043e-07,-0.0015284448484785829,-0.0032869719334482905,-0.0005824204484425888,-0.0017489223458736491,0.0013084108454051169,0.0046235449938039075
2018-06-05,0.0,0.0,0.009914409530659585,0.009762116642675789,0.0076379406779640835,0.01063340280289915,0.008851868415667763,0.00887303651965543,0.00639809511490097,0.010250495106528756
2018-06-06,0.0,0.0,-0.001671988110347078,0.00021789676880246134,-0.00035900265843036294,-0.0013786922437860616,-0.0030980518919401234,-0.0005331762825901976,0.002895976321145133,0.0033273658231978143
2018-06-07,0.0,0.0,-0.004784120423440008,-0.002149793042713899,-0.009044702114535674,-0.011447855526660389,-0.00788903997711976,-0.006451189630225507,-0.0022836424400567434,0.0026926875753197077
2018-06-08,0.0,0.0,-0.020556561909630622,-0.016424050709694882,-0.017399080927993915,-0.016360049611364058,-0.017022943942281987,-0.016275076797792498,-0.015395242469830928,-0.011900790898619507
2018-06-11,0.0,0.0,-0.0037651807996165187,-0.012111984498525685,-0.004739091963961384,-0.005382276862872626,-0.006450872303784827,-0.004877649290907393,0.0004079166437414017,-0.0040372374867549965
2018-06-12,0.0,0.0,0.011593050440819042,0.0038167805360755924,0.0032164521718307526,0.005032452684530231,0.007033895670591317,0.008565615548295602,0.008321856025196084,0.012230250884215588
2018-06-13,0.0,0.0,-0.021410475431279052,-0.014762183528949202,-0.016041862482212177,-0.012240485411310065,-0.014241764523641787,-0.012895576408439746,-0.013942079747334302,-0.012138797635030674
2018-06-14,0.0,0.0,-0.004747865773322091,-0.00334537537473234,-0.009776014481203799,-0.0024003436950742474,-0.003898432565007437,-0.0043841791720447,6.348933769961818e-05,0.0066928947651290205
2018-06-15,0.0,0.0,-0.020415758769322223,-0.019114488597473,-0.01058314800340976,-0.019453302323431232,-0.01354501943323061,-0.013467868181200604,-0.0033408334120811345,-0.007456774785390197
2018-06-19,0.0,0.0,-0.0816653198285926,-0.06734271669961867,-0.07169010337424297,-0.07505941876833622,-0.06559177849805975,-0.07090078714626458,-0.06513296827102,-0.0648851051511109
2018-06-20,0.0,0.0,0.0070781756137716645,0.014535317153320904,0.008199853497149912,0.010660643659188729,0.010178858206898234,0.009278585113111193,0.014689640333827692,0.014182264209214424
2018-06-21,0.0,0.0,-0.02344896904449212,-0.02589488899173653,-0.018239994733637577,-0.020953114002942308,-0.01420262871938438,-0.012650916722871663,-0.007203656583184781,-0.010659936155076433
2018-06-22,0.0,0.0,0.014094537837143317,0.015207329594685959,0.015011435616857582,0.008768582051930096,0.009972990795720893,0.013298946577547488,0.008880586947507263,0.01325788420385332
2018-06-25,0.0,-0.049763033175355686,-0.006989825993476084,-0.0009185957133693856,-0.004440764430688748,-0.004300150661777913,-0.0031863621072444337,-0.0067731830740780374,-0.013142026039341004,-0.01022724021509247
2018-06-26,0.0,-0.049875311720698146,0.008822946578308066,0.003246135290658536,0.004068985801197078,0.005101966128285174,0.0035146666730974108,0.0020345195954600825,-0.003996355249346606,-0.005865683713534686
2018-06-27,0.0,-0.04986876640419946,0.005695005357709171,-0.006542153542175466,-0.0056297630928013875,-0.003483108158301995,-0.0034069236099533162,-0.0021641832777746783,-0.00863843890671967,-0.007665915817863356
2018-06-28,0.0,-0.04972375690607744,-0.007446408905728896,-0.012736853540564086,-0.005920218750934181,-0.013414995940845942,-0.009766613390351786,-0.007169860148586893,-0.009717321224042452,-0.013528012812015322
2018-06-29,0.0,-0.049418604651162656,0.032863545515617654,0.02483864316519835,0.016733587847283182,0.023960151351503978,0.021582425268208416,0.022950379022730782,0.01756843879490244,0.017968450209011833
2018-07-02,0.0,0.0,-0.007975227572163734,-0.01765583831352424,-0.017950942142774262,-0.01669741718629225,-0.013328002809201323,-0.015510374699648,-0.019992233227315692,-0.02604508815150286
2018-07-03,0.0,0.0,0.019847589508078523,0.012395763643525015,0.005413684165554322,0.009568543052737022,0.010798917994826684,0.010270099986272818,0.005997840169573276,0.006210876725844194
2018-07-04,0.0,0.0,-0.017296349509641096,-0.01725403816515292,-0.014743705393497786,-0.013511103996334595,-0.01450235575739578,-0.013128612654767391,-0.005219206660127873,-0.005661425576950041
2018-07-05,0.0,0.0,-0.0290491373678593,-0.027745326301046536,-0.025119347337785314,-0.025095430000008134,-0.02496347349039496,-0.025730193554798553,-0.024900678817383115,-0.02831305074985202
2018-07-06,0.0,0.0,-0.00029207064881398015,0.006314546959170775,0.001118452250441937,-0.002684437259514283,0.0017591401763958903,0.00010656143669529605,0.0018640926971273952,0.006154229347502316
2018-07-09,0.0,0.0,0.01874328415930071,0.016639907394045306,0.01644393785341114,0.017214102435282985,0.016837498272573193,0.019191820934358228,0.018863689147606832,0.02312574478642504
2018-07-10,0.0,0.0,0.005662750254231463,0.006343501297240595,0.0028208278757011485,0.005197006611559418,0.003948741318693605,0.007275897264933606,0.010596911593860003,0.005646770468183293
2018-07-11,0.0,0.0,-0.02737813979455539,-0.02375218907429566,-0.024784036958016786,-0.024839718824674728,-0.021669421637328767,-0.021143495454119532,-0.02108724236378967,-0.023838744065689532
2018-07-12,0.0,0.0,0.02089033095815318,0.02310187002474362,0.021695298893035675,0.023699911992538958,0.02026221061318334,0.022856662016818463,0.018829751621202595,0.019861637011517885
2018-07-13,0.0,0.0,0.0021143141683124256,0.002947509811606075,0.0003074264772022772,0.0006750650309215178,0.0015995228718703736,0.0010372641707447894,-0.0005214712734390448,0.0009191991382124787
2018-07-16,0.0,-0.033639143730886834,-0.0008811888057164152,-0.007832701725827618,-0.003242601178905513,-0.0024209315103818074,-0.001325595445651806,0.0009935512066236996,-0.0063039146243712985,0.0006633314052615358
2018-07-17,0.0,-0.006329113924050889,0.011519603266628042,0.004538384710637944,0.00370495305167462,0.0016424377158144043,0.0014115868238071538,-0.0001572809430900879,-0.003838260132692506,-0.006933602185104637
2018-07-18,0.0,2.220446049250313e-16,0.00012783889892209466,-0.003711224778493616,0.002111994364130121,-0.0008520217308156663,0.0010104369202343921,-0.0004993473175489704,-0.0034047851534126927,-0.0033410806846546626
2018-07-19,0.0,-0.03821656050955413,-0.014786944078895914,-0.010233956593735272,-0.011209916449570145,-0.008951029222848628,-0.008255984444010434,-0.002488539723223826,-0.001454700050103841,-0.0030917257794736974
2018-07-20,0.0,0.016556291390728672,0.008215040744396829,0.011554598487677037,0.013304600482010986,0.012370366180342707,0.012829949917006811,0.008416242836079224,0.008159352611047721,0.010362197619330882
2018-07-23,0.0,0.0,0.013846144724449783,0.01698996561573063,0.013498136815098816,0.008359060810327223,0.010982265006785452,0.016936736651848028,0.02000819778074381,0.017365891385630938
2018-07-24,0.0,0.026058631921824116,0.021549017088395628,0.019860228574384742,0.019937415869692998,0.02060307293518515,0.018885794640028042,0.023306303355604907,0.02860842201253133,0.021501597605923184
2018-07-25,0.0,0.05079365079365061,0.002947714708261051,0.0024837372356902865,0.0012866455671836086,-0.0006812866505770954,0.0002748425807848065,0.00024289811946709428,0.0019574100039232434,0.004454023305904942
2018-07-26,0.0,0.015105740181268867,0.017128228353886055,0.0032292300531191476,0.008177097666738353,0.002992848384476332,0.009507829542716673,0.004609324930175518,0.002440311272394524,-0.0013037067183414575
2018-07-27,0.0,0.05059523809523814,-0.012579941494324731,-0.007123420163577365,-0.0068054003760251724,-0.0026342883334974365,-0.0023622833621051997,0.0010967072595642335,0.00024250534657377365,0.0018640280824167021
2018-07-30,0.0,0.05099150141643083,-0.019479822246244338,-0.011381087651632371,-0.009067766009764888,-0.007777207872903369,-0.00444585473931447,-0.006464976536868949,-0.0027473258787327204,-0.002360789437852562
2018-07-31,0.0,0.05121293800539073,0.010524877751050488,0.0045209678566595635,0.003031292637336591,0.006105436083081228,-0.00034128005064981703,0.0004887323270412747,-0.0005585631256403989,0.0004883537141604499
2018-08-01,0.0,0.05128205128205132,-0.020311236036505975,-0.020048999018637437,-0.015501152124787088,-0.01506686805505919,-0.013598824424817968,-0.017350169813980965,-0.014098235121593694,-0.020423628573206343
2018-08-02,0.0,0.05121951219512222,-0.023796956432348693,-0.0240808249326786,-0.023688686241940315,-0.024550450811349767,-0.019482571626805778,-0.01551856592337364,-0.015150461171880791,-0.013100073541676416
2018-08-03,0.0,0.051044083526682105,-0.010156952994711754,-0.010400419125192961,-0.0057842123102690435,-0.0021388320502028213,-0.003456124623651302,-0.004575046314207909,-0.005296896738671952,-0.001127084456768901
2018-08-06,0.0,-0.050772626931567366,-0.014010485167837983,-0.014929008173184544,-0.01134314943130954,-0.015867517333431502,-0.015132746444408207,-0.009388086219472291,-0.006040911075247513,-0.009298522314515556
2018-08-07,0.0,-0.0488372093023256,0.032015298599325615,0.025225101674228645,0.026695256194042782,0.02479063130533854,0.026705304758958937,0.03204108100941694,0.032106115602002605,0.03257970278934974
2018-08-08,0.0,0.0488997555012225,-0.0016756389086431955,-0.00581998149009777,-0.006265229210005052,-0.00457545879640231,-0.004314537762170612,-0.006805191796318777,-0.006087063150510663,-0.0029109090032267693
2018-08-09,0.0,0.013986013986014179,0.022309527900162607,0.019856301925834874,0.015132271087776372,0.016178344535113798,0.012759847248784206,0.013076926921990362,0.014964425384378588,0.011690521798312314
2018-08-10,0.0,-0.01839080459770115,-0.001220109169811301,0.0030055890364188986,0.0003635296098205565,0.002766585509169639,-0.0013890328945120878,-0.0014182167184595418,-0.004000567617149842,-7.059689992938711e-05
2018-08-13,0.0,0.025761124121779666,-0.004947976087431694,-0.004989457421814669,-0.0020575751855110846,-0.00591316321147195,-0.006520008804260846,0.0004137382366349307,-0.00019426155373880594,-0.00046393667772293146
2018-08-14,0.0,-0.0182648401826484,0.0016985605682995342,-0.0017620132319967619,0.0021744120441213877,-0.0002780862270155282,-0.0005033869718098494,-0.00036680158512292227,-0.0022123190654067537,0.001962885441393336
2018-08-15,0.0,-0.016279069767441978,-0.01814365798256401,-0.016767928079596484,-0.014946003049825074,-0.017344394459936407,-0.016025652886796582,-0.0158150554329215,-0.022640411791150616,-0.023350313912419485
2018-08-16,0.0,-0.03546099290780125,-0.0023529631102323645,-0.008915486565636122,-0.009809270960454364,-0.008869623175397634,-0.015214160233303464,-0.009556735277929884,-0.00883618126256036,-0.009335760959688133
2018-08-17,0.0,0.0318627450980391,-0.013005015709371959,-0.011711545674715329,-0.01840300488027591,-0.014630070279411767,-0.015516540615990171,-0.013512404914060139,-0.011903587295943097,-0.007428443189154366
2018-08-20,0.0,0.02375296912114022,0.0024699696088998913,0.002847151468610809,0.002995739316220769,0.0019357983052454841,0.002673032306274692,0.004376232052389684,0.00623792858548633,0.007682516170799181
2018-08-21,0.0,0.0,0.01521625458477116,0.007812614795314587,0.007817483655541135,0.008209442610244588,0.010004211842861821,0.007052319628842785,0.010354473665578068,0.007945807291353413
2018-08-22,0.0,-0.011600928074246064,-0.006855622789219251,-0.005416750252333236,-0.008168349660811147,-0.010481887589688377,-0.006550428576790446,-0.006797011048247703,-0.009114736891138397,-0.008038440133746327
2018-08-23,0.0,-0.014084507042253391,-0.004574273306985344,-0.0004962634513352437,0.0026672161362235602,0.0032530766826024404,0.0020232233963919377,0.002149618408851861,-0.0011072907257697606,-0.004232223645980637
2018-08-24,0.0,-0.021428571428571352,-0.005305409574957065,0.002570605442431928,-0.0002307939051664487,-0.0021944439057957066,-0.0022124553624586207,-0.004071029216777378,-0.0022270301324303077,-0.005418171692756157
2018-08-27,0.0,-0.0024330900243311193,0.01328480006357946,0.019134529916798204,0.015109858531000775,0.015287717375330745,0.015596497152317701,0.01655807207942095,0.015686348716080767,0.014575336419414997
2018-08-28,0.0,-0.007317073170731603,0.0017098993210702407,0.0021981571141533873,0.00210539777472607,0.0029764979065087793,0.0008631999241914823,0.0036365207633848318,0.0010461176390670346,0.0014920426700686384
2018-08-29,0.0,0.0,0.0015005411584712025,-0.002223867201791019,-0.005705988783603733,-0.0039562232338408165,-0.0039756199703905315,-0.0044825231754305195,-0.005519631626207833,-0.008942534132947433
2018-08-30,0.0,0.0491400491400491,-0.02027398982525408,-0.011968531490942458,-0.011976582956064186,-0.010181624901205444,-0.01335895776964069,-0.014118865512098289,-0.0179287517165293,-0.010988793929914364
2018-08-31,0.0,0.014051522248243575,-0.011663155322409136,-0.007986184001342322,-0.007900933502683949,-0.004923805622233157,-0.005790370116194321,-0.006335846064658979,-0.008784559235177736,-0.0062950968560240295
2018-09-03,0.0,-0.03926096997690531,-0.0012371737286586137,0.000419563337158424,0.0006027475525482995,0.003835536233734782,0.0016259001463168055,-0.0005888797128114076,-0.003293598086886451,-0.006392320864902157
2018-09-04,0.0,0.004807692307692291,0.014056798197134901,0.009816832607834725,0.011193951339736996,0.013228587240739165,0.008804262967410326,0.009341094854316445,0.007409159345513894,0.010418444064123733
2018-09-05,0.0,0.01674641148325362,-0.011250497065446896,-0.005373775400211778,-0.011467102544390095,-0.013306648426531842,-0.012750351090732859,-0.013571661610802477,-0.01741311616416752,-0.012989385627408367
2018-09-06,0.0,0.009411764705882453,0.0006515991599764792,-0.00681100624148212,-0.0034514491670073477,-0.0070054613738146365,-0.004397795762206336,-0.0048771811627081885,-0.005415133993032284,-0.005419372632397779
2018-09-07,0.0,-0.013986013986014068,0.008229011115764129,0.0017238860354635843,0.004465337796921043,0.0030746126737819512,0.0029405077864286255,0.002908607040102762,0.008325485703019941,0.009750402853536233
2018-09-10,0.0,2.220446049250313e-16,-0.01698829053681139,-0.009912193970098793,-0.014118237558910618,-0.011373083123750405,-0.012430194306861875,-0.012340761632970931,-0.01156685197132612,-0.011052767238109107
2018-09-11,0.0,0.004728132387706863,0.006376991157626133,0.0025033203695579154,0.0034741535943147994,-0.0017257709535712928,0.002323018828722434,-0.0018514777744672584,-0.008177351375242337,-0.010569837729835219
2018-09-12,0.0,-0.0023529411764708907,0.005945867779056702,0.0010633305570748597,0.0024403580866516617,0.0013019016252948656,0.0010065213118601868,-0.0002751718762281641,-0.0014469585466069246,-0.0006204912041049004
2018-09-13,0.0,-0.007075471698113067,0.014115293424393105,0.012061789303616788,0.007842416243697636,0.008568139993829993,0.010247562505645291,0.010159359437205806,0.009369003998598302,0.008432823848445459
2018-09-14,0.0,-0.004750593824228155,-0.008334545546813565,-0.0023336635705835107,-0.0034102410018569396,-0.003851506344598521,-0.0042628281412527835,-0.003550881848102372,-0.001743226414970822,-0.0018553526176223745
2018-09-17,0.0,-0.02386634844868729,-0.008188608233523631,-0.012444257706553774,-0.012862099262610727,-0.007558112571340647,-0.0108550949798486,-0.011296445307939829,-0.015812705232585378,-0.018725354793987292
2018-09-18,0.0,0.0024449877750611915,0.01603387271458323,0.012797746813875355,0.014130777400939598,0.01587857883479349,0.016342726961952714,0.0189322832895098,0.02258174632236698,0.021232078569997093
2018-09-19,0.0,0.004878048780487587,0.00784801763816989,0.008346010213759802,0.009547303532990492,0.009096682631360098,0.009658593212608979,0.01045533066167792,0.00858441135233523,0.00917084149394043
2018-09-20,0.0,0.0024271844660195274,-0.0022227387327864445,0.0007031500339795826,0.0005257137867646922,-0.0016870364295699103,-0.0007562929512828775,-0.0009944087175407512,0.0018454221299928353,-0.0026202566373738634
2018-09-21,0.0,0.004842615012106588,0.010550074062056991,0.014598365911030697,0.011216180623459415,0.013184581220246017,0.010382005130017413,0.012311608041705835,0.01593336959444769,0.016007711208880115
2018-09-25,0.0,-0.009638554216867656,-0.005843858226596055,-0.008426762627664286,-0.0035685038055378593,-0.002882895514613404,-0.0031966508279078765,-0.003943384177824472,-0.004924883938895119,-0.0008792581746688288
2018-09-26,0.0,-0.007299270072992581,0.004271860987838938,0.0015120041534879558,0.0009359371876220823,-0.00034141044002988785,0.0009473827901829157,0.004850072516549231,0.0026390173692756314,0.003794757988815345
2018-09-27,0.0,-0.004901960784313597,-0.018627524659507344,-0.015758352081094773,-0.012038595045290923,-0.01273637623527979,-0.009684967883788365,-0.006324513983543056,-0.007551097170175103,-0.007930346903188612
2018-09-28,0.0,0.01477832512315258,0.008138637488124711,0.007525716377486669,0.00798795572491473,0.008230692338446755,0.009080389151600032,0.009551154840605314,0.00905327759181862,0.011302033800749012
2018-10-08,0.0,-0.00728155339805836,-0.025771951518820613,-0.028688665154150028,-0.027343330169928515,-0.022392962132084526,-0.026125210461448667,-0.02283252599676222,-0.025188874628153224,-0.021965632272598845
2018-10-09,0.0,2.220446049250313e-16,-0.004046338566682572,0.0005237116830587585,0.0002678846907806509,0.0032352595339240064,0.002545932397429951,0.005249702632776909,0.0071974381101516105,0.013636251015604728
2018-10-10,0.0,-0.0024449877750613025,0.004006064322690017,0.0005576158576232615,-0.0003592347248634331,0.0015628325952017352,0.00015352230976284353,0.002518483988547038,0.0036562932005106408,-3.2690319853201366e-05
2018-10-11,0.0,-0.02450980392156865,-0.08724098050949425,-0.07475954613442337,-0.07706300710040315,-0.07168244894007969,-0.0739035921864567,-0.06829944223458717,-0.06556331436621388,-0.06946613763261844
2018-10-12,0.0,0.02010050251256268,-0.011825370891937692,-0.010544798376191378,-0.01293816958526528,-0.009780437327891467,-0.007825828188209094,-0.0032317590778515592,0.004499749753406057,0.007401443798610519
2018-10-15,0.0,-0.02216748768472887,-0.025682248101246752,-0.018033569158343754,-0.015685736993046318,-0.016043258375659786,-0.01386241279458078,-0.016448152616548195,-0.02121294465895185,-0.023126891674155714
2018-10-16,0.0,-0.027707808564231717,-0.014404207227644128,-0.01990453210952925,-0.021237906485961244,-0.02178168666094793,-0.02131199204351819,-0.023121547308190715,-0.017047393652377174,-0.020414070711867294
2018-10-17,0.0,0.012953367875647714,0.009416736019190575,0.00886815508915939,0.008938604080407364,0.007572531538056149,0.00786275100824918,0.01232515860639305,0.010865828322835336,0.010574830058454054
2018-10-18,0.0,-0.007672634271099765,-0.029720606760690327,-0.030284824558638346,-0.029940754547953197,-0.0295799898663468,-0.030812332151758715,-0.032567082236463096,-0.03284697610329412,-0.03901568784886578
2018-10-19,0.0,0.010309278350515427,0.01990736167329099,0.021975597468348873,0.01860058765215733,0.01596548317176949,0.016835687175749126,0.019102115368809347,0.018659755256684285,0.01644675893090719
2018-10-22,0.0,0.028061224489795977,0.04877309836583765,0.04503651508946804,0.04764193690791996,0.04463586540872533,0.046279718556129223,0.044610856606389415,0.04420085259177364,0.045581582250578956
2018-10-23,0.0,-0.007444168734491385,-0.00861769486951891,-0.015661904515413494,-0.014899290167072143,-0.013006697124671951,-0.015261794379331284,-0.01573685586853435,-0.02084737292701966,-0.020460630045179395
2018-10-24,0.0,-0.0024999999999999467,0.00555548819140772,0.0041154675202923485,0.005247549894553449,0.003461907278903942,0.002806380388175933,1.83655853143172e-05,0.0055806042759920516,0.002638382439572151
2018-10-25,0.0,0.005012531328320691,-0.00020332716415338847,-0.0008841489262663149,0.005504698030875721,-0.0005272527613354727,-0.0008686561925328462,-0.0034841671501534277,0.00034895120681377456,-0.001152343437617609
2018-10-26,0.0,0.0024937655860348684,0.012536387966840534,0.013472558570587045,0.008070040556225733,0.009714395741690529,0.010213335131653567,0.008972664430595634,0.009940758406369321,0.016091792789132864
2018-10-29,0.0,-0.00995024875621886,-0.014200690693169982,-0.012213645928855543,-0.010484999055294875,-0.01423501135720262,-0.013975002067930675,-0.014185393623026843,-0.012754767340481421,-0.017861582348770888
2018-10-30,0.0,0.002512562814070307,0.0194570556252327,0.01223643108600836,0.014686970019013756,0.01236412045581603,0.011657537292550035,0.012331931832295195,0.005303572649280719,0.011021216188966898
2018-10-31,0.0,0.012531328320801949,0.00886763032369009,0.009920399915710254,0.013543252525204164,0.011665663502947066,0.013184946446070045,0.014127588102235356,0.013218571536936397,0.012668753614772488
2018-11-01,0.0,0.0,0.0010018441022854319,0.0020566522869680526,-0.001227767852317152,0.002311179147456599,-0.00031319538155050175,-0.0009738813867699037,0.00223291503020695,-0.0020151295895334265
2018-11-02,0.0,-0.004950495049504844,0.02370975604393899,0.023590766233207328,0.022831282608015036,0.022071817238079827,0.019617111980932522,0.02078817003225497,0.023115351605788037,0.02055506608068325
2018-11-05,0.0,0.03482587064676612,0.011910270722801597,0.012445927315548833,0.007999898814823325,0.011992986840943631,0.007066755232441935,0.0018821045241730339,1.218334123942455e-05,0.0025202434557480835
2018-11-06,0.0,-0.016826923076922906,-0.005457300294961387,0.005603036363436953,0.005029264270806966,0.0022072428737944794,0.005661499838856443,0.0036203182159111336,-0.0006218780969929893,0.0030498338432454197
2018-11-07,0.0,0.004889975550122161,0.002342716761995378,-0.0062410494456480725,-0.005861282577015903,-0.0019124959861054336,-0.0058721361403965,-0.006840228965786399,-0.003856315299968105,-0.01028822868355217
2018-11-08,0.0,0.02676399026763976,0.0065391340712950274,0.003887432267307256,0.00034137624878249895,0.0007276657972095091,-0.0003498205585319436,-0.002716052729439422,-0.004364760151130409,-0.0017453467002761514
2018-11-09,0.0,0.04976303317535535,-0.007910747042884303,-0.0024504833093839107,-0.001097827820721653,0.0003443141845629327,-0.005311074368929858,-0.004513555771614386,-0.008476007617924886,-0.0033185641383550735
2018-11-12,0.0,0.04966139954853266,0.04470133531751119,0.03142492796236063,0.03525917571653414,0.029521560098431987,0.030801533522141877,0.024521622878567406,0.02218359782962387,0.02081966144574321
2018-11-13,0.0,0.004301075268817511,0.03058750363465146,0.026557093485405137,0.023463352702081997,0.024322516463711752,0.0205567324079019,0.015576087314353337,0.014401563659606653,0.014615790028712272
2018-11-14,0.0,-0.0192719486081373,0.0043174925168194545,0.000897470890222074,-0.001130034974429872,-0.003759469154396622,-0.0029016426777116466,-0.0009596807734271184,-6.397807253222254e-05,-0.002055139331802902
2018-11-15,0.0,-0.015283842794759694,0.004800106780266322,0.014493302246011863,0.014111892323250386,0.015978373658306788,0.013073727599780094,0.012772164653429341,0.013223481085529842,0.0135395410480188
2018-11-16,0.0,0.028824833702882247,0.012833083956321545,0.015997900683524247,0.017176046694073133,0.010169674283487362,0.012118693451500517,0.007891805625846349,0.005963680100192992,0.0033510790660669088
2018-11-19,0.0,0.012931034482758674,0.002786896179553855,0.009497694774227794,0.00838834162843094,0.008858268746862574,0.009373262089194867,0.007528025480717515,0.010362341005763387,0.0009362651970166169
2018-11-20,0.0,-0.02765957446808509,-0.03929820344802104,-0.027577230154812837,-0.034438571540342466,-0.03028352164276049,-0.030537580919103635,-0.02443197889765758,-0.024235828814858418,-0.026196812888355958
2018-11-21,0.0,0.026258205689277947,0.011830425460984006,0.010687801686252163,0.006423405837633789,0.007933060932512559,0.008313945080671736,0.005284776626321985,0.00416728320224613,0.006102439386334035
2018-11-22,0.0,-0.006396588486140886,0.0029810896000737053,0.0011665847303738985,0.001550499916532111,-0.0015004643178261334,-0.0016730859131214304,-0.004004303006351018,-0.0045948537116151655,-0.005367919453466818
2018-11-23,0.0,-0.021459227467810926,-0.04215539558826098,-0.042959906237416745,-0.041766975554991204,-0.04284038091200326,-0.04174944688806548,-0.036618862382278516,-0.03776325060594243,-0.039437765530338176
2018-11-26,0.0,0.015350877192982226,0.0019299139875255111,0.004386420490934517,0.00720056092439636,0.0044701785951515305,0.0009930016568331368,-0.0005725742931375066,-0.002110872238210937,-0.006911199140608004
2018-11-27,0.0,0.010799136069114645,0.011478876308652408,0.007415177162511721,0.005226923208284662,0.006490430796463498,0.005834340262791393,0.0008621899875393968,0.0033391871314463195,0.005505098762908167
2018-11-28,0.0,0.04914529914529897,0.014058721277503183,0.0128956344103075,0.007250507524014127,0.010961167626456492,0.013388539617774642,0.010641887936152727,0.009672933886611723,0.009324755696609177
2018-11-29,0.0,0.0,-0.030377252486369133,-0.02358978457148886,-0.0233965984853034,-0.02128400623287041,-0.02198412082667134,-0.01930611621015843,-0.019958734960310087,-0.018490860685109523
2018-11-30,0.0,-0.00407331975560099,0.0031575825400060875,0.004219037938466341,0.008401097533049517,0.005950166564612225,0.004373659130760821,0.006170675871738807,0.0056156369185556,0.008018289081804575
2018-12-03,0.0,0.049079754601227155,0.030638641061436767,0.029998125047048685,0.02929915212719414,0.030672231046715348,0.02915677281033857,0.026277141006791016,0.0248922750626952,0.027075493190553468
2018-12-04,0.0,0.013645224171539905,0.019043043800748505,0.004667175563132453,0.010782494748589055,0.006990814109610444,0.00748915425939356,0.010571389318216662,0.011632956863667054,0.009503285683923446
2018-12-05,0.0,-0.0038461538461539435,-0.009451940054813202,-0.012347350981098293,-0.009357826038692396,-0.010315306029304416,-0.007786555025315556,-0.007499606724697183,-0.00911081197308361,-0.009622760906620842
2018-12-06,0.0,-0.01158301158301156,-0.015905967829277223,-0.014691150918073825,-0.014819983253209545,-0.01640110155023,-0.014650169763833487,-0.015070952977384366,-0.016044013612374286,-0.014690011947313342
2018-12-07,0.0,0.015625,0.008064931430351585,0.004678181670363379,0.0013911751135162742,0.0023555328050599567,0.001291290639691578,0.0006448933155633885,0.008735720030899508,0.003232527180240252
2018-12-10,0.0,0.050000000000000044,-0.012290575335128118,-0.012813793918217353,-0.008232638003130677,-0.013647356353131523,-0.01131689777635625,-0.011561398818012325,-0.013380118032695565,-0.012127016835959514
2018-12-11,0.0,0.018315018315018472,0.00796896715163653,0.009392440408942937,0.008187300527066066,0.005901863480759273,0.0052079012114008005,0.004603906967105331,0.0020772549534766593,0.0017425002665811817
2018-12-12,0.0,0.0053956834532373765,0.0004276679275290185,0.0001634518785980088,0.0013708989879024358,0.001586430864795707,0.0031053945952579376,0.0005018362973445711,0.0009893326190921758,-0.0014023619833753997
2018-12-13,0.0,0.050089445438282754,0.005005988056069999,0.007914007467390682,0.007776281122943596,0.008879451720430254,0.008730635474786475,0.01012064148562386,0.012394842748419954,0.008466507153088498
2018-12-14,0.0,0.035775127768313375,-0.028000499856564942,-0.02860126979858313,-0.023774008327117513,-0.024682476569773515,-0.023005143669809547,-0.021095371338875957,-0.018124034548803625,-0.021249652615652925
2018-12-17,0.0,-0.02796052631578949,-0.0011966149313163976,0.0012233028842727478,-0.000173043669789541,0.0017412964277871978,0.0021657884377874748,0.0027048883619222863,0.005338051631228025,-0.00040581675225659364
2018-12-18,0.0,0.016920473773265554,-0.007728531704900399,-0.007371144753457126,-0.007442289301245686,-0.007023568457392493,-0.006601734131611026,-0.007258511029410775,-0.005293030055485426,-0.006903435171460193
2018-12-19,0.0,-0.0033277870216307237,-0.009530084327878274,-0.009825442698355835,-0.01062306831689841,-0.010157581424436901,-0.007255179672844947,-0.010245532064514618,-0.009000174832471619,-0.012292989893176176
2018-12-20,0.0,-0.04841402337228706,0.00268465936014195,0.008072196498129847,0.0057071461202053975,0.002786021740226241,0.0019425199380020963,0.0029555516094827983,-0.0002472222186610251,-0.0005737737787916419
2018-12-21,0.0,-0.0491228070175439,-0.00796398692610234,-0.011597823628797688,-0.007875473721161153,-0.009319208535226053,-0.0077838683393369745,-0.007809230863466632,-0.008044210606890756,-0.00769365766906871
2018-12-24,0.0,0.02029520295202958,0.0003891347336928419,0.006266966590001921,0.003422771278245751,0.005650128190341386,0.005232047959376596,0.0071674042384359815,0.005879322234680684,0.004301782079670691
2018-12-25,0.0,0.03435804701627476,-0.022086619171335253,-0.011763160891382629,-0.011062334165351517,-0.0143945030276178,-0.01362191180731831,-0.014480628664870765,-0.014584836179020622,-0.017044171486799486
2018-12-26,0.0,-0.0034965034965034336,0.0041197112831261595,0.00559042662666398,0.001602065108478934,0.003407591930295606,-0.0009488902537159172,-0.002056992648972189,0.0009522931764176512,0.00022769080474338566
2018-12-27,0.0,-0.019298245614035037,-0.018481312211579448,-0.0156330979908178,-0.01022703538568226,-0.014833435669839079,-0.010035185569182592,-0.00915023784161384,-0.00980853972560114,-0.010499111934296868
2018-12-28,0.0,0.012522361359570633,0.006722826132605331,0.003221522704304869,0.005305684458994486,0.0016951623948020522,0.004547842504124766,0.0021536071412413538,0.0026465288790520347,0.0001324436898750836
2019-01-02,0.0,-0.035335689045936425,-0.004425073122823031,-0.005155477631695438,-0.004521475362281313,-0.0049225265949333075,-0.004173313606168794,-0.0030890289522705894,-0.008283523206855214,-0.0069574050346837835
2019-01-03,0.0,0.00366300366300365,0.002218353204075152,-0.0032809225784147245,0.0024052169090356124,-0.001594619276796716,-0.001135011216812587,-0.0019755491693971283,-0.0015785378152695095,0.0024432288186786444
2019-01-04,0.0,0.010948905109488871,0.03499879111186588,0.030428932267189124,0.024518039518519608,0.02564226153763638,0.023482284936327202,0.021183793973948983,0.020011282864300206,0.023473301202961983
2019-01-07,0.0,0.050541516245487195,0.031833187654676465,0.022071215768295627,0.017723850021715615,0.018252991814486474,0.014894548751974268,0.01644198349820236,0.015097168526199578,0.016153000106195137
2019-01-08,0.0,0.020618556701031077,-0.0024110661635708963,-0.0013891297641488443,-0.0018159485758807437,0.003017981297654959,0.0023598442212906523,-0.000730155166183355,0.0001690262506739426,0.0019790267985837495
2019-01-09,0.0,0.005050505050505194,0.007044975597105152,0.007801711527149591,0.007509937826346125,0.004838295907112267,0.0005015043147367226,-1.7922296015604466e-05,0.0026405641265785373,0.010666941329106505
2019-01-10,0.0,0.05025125628140703,0.005119514093523403,-0.001751680709750958,-0.0005084534777058947,0.000372436555212019,-0.0008316094503183491,-0.0013379184597984706,-0.0012059477485348857,-0.002195298232156362
2019-01-11,0.0,-0.0031897926634769647,0.007734080280253464,0.011718393967195206,0.005379025596632836,0.00706656955682039,0.006252501983445846,0.008904717275689533,0.007742729705657592,0.0032606207888452587
2019-01-14,0.0,0.0,-6.593616973604721e-05,0.000321021213936179,-0.0016461848737089335,-0.0047872614806183655,-0.0001849676628009611,0.0029910150995480222,-0.0006125958437915857,0.0019957319932295547
2019-01-15,0.0,0.0,0.02258103376655618,0.007300930015871954,0.004636591186521155,0.009940991267924026,0.007162385201843424,0.006997324691417228,0.005219402570366238,0.0031444274891050394
2019-01-16,0.0,-0.04960000000000009,-0.00878116819682484,-0.004234657322092161,-0.001333498519481946,-0.0015910911410590423,-0.0035412806037820044,0.00019807888413470032,-0.00228242095415343,-0.00014232089797194813
2019-01-17,0.0,-0.05050505050505061,-0.0014010146700214055,-0.003876744970392143,-0.010688384865168099,-0.007644064235632797,-0.004839942329037505,-0.004579003927859038,-0.0015715710993703391,0.001181310047903228
2019-01-18,0.0,-0.049645390070921835,-0.0008083482096165051,0.0017946975170317625,0.0038955864465910484,0.004142296029863823,0.007397626450412531,0.012838759656350618,0.012258791299540883,0.009240295956967959
2019-01-21,0.0,-0.03171641791044777,0.013109654084684452,0.005630723386813585,0.0016949238499659458,0.004743655166706162,0.0038200118930473703,0.003382933110934516,0.0027841399436572267,0.001511652561366983
2019-01-22,0.0,-0.05009633911368028,-0.012491280006490024,-0.0052184795627112646,-0.013519041779015195,-0.010922306291492823,-0.011292586374935243,-0.010010684949991355,-0.011638307567438444,-0.014560360798582361
2019-01-23,0.0,-0.05070993914807309,0.014625177922061194,0.007863331479705193,0.002690984117483808,0.0029321355499933865,0.002538881801438464,0.005247194362226537,0.0019067715873037905,0.003328470434512454
2019-01-24,0.0,-0.04914529914529897,0.010827541056594558,0.0038056740933509747,0.0019681814263468045,0.005093790110610952,0.003578835701431471,-0.00016993483164995382,-0.0007667514976320566,0.002221495296015119
2019-01-25,0.0,-0.04943820224719098,-0.006568202864598138,-0.009288372769746034,-0.004531955171313107,-0.004696628768912747,-0.0033807692494458585,-0.006347213591928469,-0.004204770398518631,-0.005543701144570257
2019-01-28,0.0,-0.011820330969267046,-0.02178780828852489,-0.006102336462076807,-0.004492775291656592,-0.007563887917685808,-0.007054214186847374,-0.004714923879170163,-0.003190646853041601,-0.005286037124735854
2019-01-29,0.0,-0.004784688995215447,-0.016860112186432907,-0.016404562393792066,-0.020666094771444876,-0.013469174337351064,-0.014230181086245075,-0.010912703276780844,-0.0010188636341498247,-0.010072233119407525
2019-01-30,0.0,0.05048076923076916,-0.026629042888587695,-0.011301265324425214,-0.009358875397898592,-0.009665418078784627,-0.010464396679479737,-0.014930042945027422,-0.012184342918942104,-0.010925267115636683
2019-01-31,0.0,0.04347826086956519,-0.029199075755637516,-0.013235538007682845,-0.016101136001255734,-0.013688474564261255,-0.014062686698815496,-0.008628148530706037,-0.010178425235786492,-0.004057344097945781
2019-02-01,0.0,-0.02412280701754388,0.023328125939636957,0.022236859136516962,0.02287012311688863,0.023862326898961506,0.02028420339453163,0.01916641225388549,0.018560251007354145,0.01997692776296267
2019-02-11,0.0,0.004494382022471877,0.027419422033706953,0.02677277897424135,0.023428473947861184,0.024267157048414756,0.020311960819936248,0.023520250304431833,0.01905658252244269,0.017506220014438467
2019-02-12,0.0,0.0,0.02249882691881666,0.011479801754022745,0.014202131366082726,0.012080586330606158,0.013166829161909588,0.011855633763476314,0.007801880798973926,0.00891081119807735
2019-02-13,0.0,-0.017897091722595015,0.019854443787648668,0.013824729668697078,0.015333576526613157,0.014300332661967285,0.015556653573585155,0.013986147477477395,0.015855866583685208,0.01256133596959419
2019-02-14,0.0,-0.006833712984054441,0.011335011125008121,0.005625572890824548,0.0017855680021050535,0.007826063331242139,0.003080410039698167,0.0008944594431270492,0.0029555291112579596,0.0022310173441382197
2019-02-15,0.0,0.016055045871559592,-0.0015771980383879614,-0.0015565708017912794,-0.004337514992116875,0.0005249142799090833,-0.0029003981933118927,0.0012120829395534383,-0.005099799599915467,-0.011184980533858302
2019-02-18,0.0,0.018058690744920725,0.040570562609481664,0.03234460343342693,0.027365466378007186,0.03170446981457009,0.029600901183021167,0.029844955637073678,0.02526843406365753,0.026904891832965516
2019-02-19,0.0,0.008869179600886845,0.01274379600263309,0.0015256801705545442,0.002205536457758006,0.0008857491567171305,0.0025076781434818507,0.0004248376666002862,-0.0017022957650375536,-0.0011703098472928275
2019-02-20,0.0,0.05054945054945059,0.0014169204530229962,0.010170407869907416,0.0044421794017517335,0.004798734085245782,0.0036040999147479713,0.007026415142341813,0.004138458368661224,0.009185155631532549
2019-02-21,0.0,-0.004184100418410219,-0.0017494891110085842,0.005297229159427541,-0.004953406332987131,-0.0036985148656775158,-0.004740819428079246,-0.0065532496608544655,-0.00660646029233114,-0.00685646034293097
2019-02-22,0.0,-0.006302521008403228,0.027279305200653914,0.025795254995057082,0.02244853004647185,0.020007533723906068,0.016130466167256996,0.01534346579678636,0.012968470772382723,0.01400102770492384
2019-02-25,0.0,0.03594080338266381,0.0577069801636001,0.04677874841474372,0.05079435775660923,0.05006478633387679,0.04600459625650544,0.04927259890041791,0.05289297800906256,0.05073616911004719
2019-02-26,0.0,0.0020408163265306367,-0.0038228770246648835,0.00529035939112088,-0.0010229026347093884,-3.861296769402944e-05,-0.00020709755865377932,0.0017608104147948112,0.009616885646249518,0.0069768438390716
2019-02-27,0.0,-0.0020366598778003286,-0.0009953431634874832,0.0033224327531646836,0.004002719289014189,-0.0030342404441823234,-0.00039654111625420096,-0.0036194727444205377,-0.0005962666405581185,0.00024383908877978477
2019-02-28,0.0,0.010204081632652962,-0.0051914361957824395,-0.010710975894328678,0.001155979150382791,-0.00035260882595622434,0.002276407386532009,0.00016228510973315124,-0.001911072765017341,0.0016670072865025976
2019-03-01,0.0,0.002020202020202033,0.008202035803611674,0.011240366692061965,0.007462641694016892,0.008110959582282362,0.0070065642487053825,0.007574241616008726,0.013191352153478109,0.0077120743701053485
2019-03-04,0.0,-0.002016129032257896,0.017276669985016424,0.029320751496003217,0.017106557389999555,0.014814150027948614,0.018306819348910652,0.013194670391536434,0.013788499849959335,0.008807237515703115
2019-03-05,0.0,-0.0060606060606061,0.026563669271401524,0.035774869928734354,0.024047020549746723,0.022321473942543024,0.021314169253527693,0.020549354545942755,0.018007022961200603,0.01714804353561572
2019-03-06,0.0,0.04065040650406515,0.02891536412814477,0.023797512490826067,0.024185425908709757,0.021073256422927233,0.02259642811913376,0.019736386689493512,0.018338965554592024,0.022133640240350028
2019-03-07,0.0,0.025390625,0.02770903974967398,0.0097532925082644,0.019646802856358114,0.018378880034874756,0.01638056888322703,0.016212869675906294,0.012115796604448503,0.02079225274951302
2019-03-08,0.0,-0.049523809523809637,-0.05378400324799548,-0.039405237994049935,-0.05757128144826795,-0.052188981652932065,-0.053869578524166295,-0.05157467313514286,-0.05904348196493525,-0.053304416758989226
2019-03-11,0.0,0.002004008016031955,0.04284765075578867,0.04087087121041422,0.04231373810231087,0.03805137677808834,0.036266125884816924,0.03896166610813556,0.03336306114082199,0.03479586850248828
2019-03-12,0.0,-0.002000000000000113,0.025102723431678964,0.03381536196908996,0.018329826025095253,0.01654061700349052,0.01388331136287202,0.014421374613939442,0.015186137324540105,0.01238408280280523
2019-03-13,0.0,-0.028056112224448704,-0.018940302260955666,-0.017324438669540143,-0.007709282346988644,-0.016026997043308677,-0.013611742154556628,-0.0107889174676995,-0.017216226249693434,-0.011103987468930154
2019-03-14,0.0,-0.04536082474226821,-0.028984376183602834,-0.042692405673559586,-0.02880061663989497,-0.028640122371438537,-0.02441306039101765,-0.019694831329873375,-0.017066619928794102,-0.014879884388536158
2019-03-15,0.0,0.01943844492440605,0.01696809533572119,0.02365489387123776,0.02031938783796816,0.021010519827818985,0.02671450602218517,0.017412978006630553,0.019666151039954505,0.01542637686955306
2019-03-18,0.0,0.029661016949152463,0.02395534007092448,0.021561880884667373,0.02106212755287884,0.024380644899672177,0.023638527950454957,0.02615974143222588,0.023634100929904367,0.02345847631593978
2019-03-19,0.0,0.022633744855967253,0.010086385618755411,0.005459563463492412,0.0029314123151997773,0.005930985121038734,0.004844044703040451,0.00376940484863586,-0.0009795261822308499,-0.001761125519029627
2019-03-20,0.0,0.05030181086519114,0.012827254461716953,-0.003846160403902399,0.0010579331593234542,0.005389573694958294,0.00264967585359277,0.004584122439113436,0.009737087458497218,0.010798071934098541
2019-03-21,0.0,0.04980842911877392,0.02186885328752486,0.010734932439315115,0.012197563802844869,0.01384188224498839,0.010051912804997398,0.009243626719126485,0.0029164829258747638,0.007084402564800474
2019-03-22,0.0,-0.018248175182481674,0.008711449402713622,0.0024225739130969703,0.01432509805661919,0.0052614634223966394,0.0028931585520610703,0.012401905006701686,0.00298586768689324,0.012015076169551442
2019-03-25,0.0,0.05018587360594795,-0.012622493418350422,-0.010365625540106116,-0.014016645946166806,-0.011161186170173032,-0.009573678556704546,-0.004117126494257883,-0.018895388313986072,-0.013897945871051642
2019-03-26,0.0,0.0,-0.03539993894243232,-0.027688788277876353,-0.033364434231019646,-0.027875604598502024,-0.0275743218572706,-0.02303762771141815,-0.022826998332556747,-0.03184242008147775
2019-03-27,0.0,-0.017699115044247926,0.010099610721993946,-0.0009669900106197282,0.002088738116699407,0.010744956065419364,0.004622852090983232,0.011725477856070032,0.010064390279816982,0.017083955888432145
2019-03-28,0.0,0.021621621621621623,-0.03162912905639648,-0.008848140855077569,-0.013816197143033615,-0.017572348112834923,-0.01722930757043417,-0.01830037789152472,-0.0114627709505426,-0.022810067385864996
2019-03-29,0.0,0.02821869488536155,0.0239198297698473,0.03359983059841065,0.03199893243314644,0.023697851362948885,0.023860853769357426,0.021294434600130252,0.025239973614492595,0.028874929506056635
2019-04-01,0.0,0.018867924528301883,0.04176217561229256,0.04179168244535458,0.034806496239774276,0.03432688585188437,0.03173525089511697,0.033282471272546355,0.0323884387738842,0.0349123120322834
2019-04-02,0.0,0.02020202020202011,0.02120690781843204,0.005434503383273004,0.006033246117451929,0.00515297595081865,0.002494445964626113,8.945590140418958e-05,0.0029316922574165183,0.004901236318372915
2019-04-03,0.0,0.04950495049504955,0.011287271020108403,0.01347005698494752,0.021106309246122557,0.009575768613941937,0.017144584379832795,0.01310247036458101,0.0150436288368887,0.0085949945538073
2019-04-04,0.0,-0.009433962264151163,-0.0022835166302872523,0.013571330340277132,0.005515565406061906,0.00385640328084369,0.00779335226163691,0.011028626394800067,0.005262629366248328,0.010462274837079955
2019-04-08,0.0,0.04761904761904767,-0.0021246978719675624,-0.0007247239009096074,0.0005290274083298296,-0.004082532963720076,0.0029415628302318364,0.00511757647271005,0.012275243427859017,0.025137227981111954
2019-04-09,0.0,0.050000000000000044,0.01788634707744552,0.004775433817602259,0.006131059772371383,0.005863969542562852,0.001622777351769189,-0.004871648785604643,-0.00563438878209388,-0.01749032327248623
2019-04-10,0.0,-0.02020202020202011,-0.0006016850624875891,-0.006692384686861064,0.00765751535602055,-0.00040195784317320626,0.005134840194975121,-0.00039602523788206945,-0.0047387014631270485,-0.00243746857593663
2019-04-11,0.0,0.00589101620029453,0.001456800601710162,-0.013325076705448136,-0.006565077195128222,-0.005453157245074003,-0.012690242885941005,-0.014615467867378551,-0.01965151399906595,-0.01597537747164557
2019-04-12,0.0,0.049780380673499325,0.004852200306938226,0.010188252020656652,0.004113685017195667,0.0029854432899738548,-0.001276372304251927,0.004526971770660637,-0.0025901897665301377,-0.004223484892412532
2019-04-15,0.0,-0.02789400278940035,-0.004875909199730466,-0.01349394227072609,-0.011800425041361695,-0.009815380026550913,-0.009347150505039203,-0.009951843422094542,-0.003620346624270465,-0.006398908526756952
2019-04-16,0.0,0.004304160688665792,0.018374020705828498,0.013122224181927544,0.0210212234110283,0.010714834689517616,0.014324586402054917,0.01524493214893674,0.0198557165664337,0.021137086296207697
2019-04-17,0.0,-0.011428571428571455,0.022678084570033397,0.01226478755002236,0.013125164394178102,0.00984374138752675,0.009170091508169165,0.011817733750446369,0.00609596185087824,0.013842274410279742
2019-04-18,0.0,-0.030346820809248554,0.0016163574823773175,-0.010634112447906241,-0.00796692389119058,-0.010088176440043561,-0.007273713222734068,-0.007117259969719791,0.0012718605308466024,-0.007764150930057556
2019-04-19,0.0,0.028315946348733245,0.032107870466318245,0.004423881001873742,0.01010668151131111,0.0052415128184168935,0.004299676427063082,0.009056086004310515,0.013716437637860901,0.0163278594939138
2019-04-22,0.0,0.050724637681159424,-0.00217718829596647,-0.0010522245772640604,-0.014279475584570323,-0.009290488299881883,-0.016818400166234038,-0.011451356015337866,-0.016399116247868606,-0.013954032339873135
2019-04-23,0.0,-0.016551724137931045,-0.0478697200635575,-0.013571755178239053,-0.02120248085104981,-0.014725603552054434,-0.015670831846023026,-0.01897637769125804,-0.014529945570182945,-0.0170604214773038
2019-04-24,0.0,-0.004207573632538764,0.005629790807648805,0.015561775834480596,0.0036666601937345167,0.01027717692477581,0.006406484007590585,0.01164531815839065,0.0014440223593197299,0.01167830528618552
2019-04-25,0.0,-0.04225352112676062,-0.04795226816128162,-0.030762891772229017,-0.04626904615244365,-0.04419675013688962,-0.03990818410650454,-0.04093239041812491,-0.04075016840977996,-0.0441994103023704
2019-04-26,0.0,0.0014705882352941124,-0.014991230341817485,-0.016997380313009902,-0.014151142466545363,-0.012468514279355136,-0.01066896614737134,-0.01768676311836026,-0.018562431361571874,-0.022388580399038016
2019-04-29,0.0,-0.04111600587371533,-0.05323765084551513,-0.043750683775755084,-0.03261349437111516,-0.029120700926380638,-0.030967595864178188,-0.030709048246727044,-0.02837100154785166,-0.029712354984891665
2019-04-30,0.0,0.007656967840735218,0.014054066813752097,0.02619340661112557,0.014514752107618545,0.015939110366714804,0.01254772826863415,0.02157524849648107,0.0077310605129692345,0.018607736225037863
2019-05-06,0.0,-0.050151975683890626,-0.0855869165440517,-0.06703095284601646,-0.07329153295294821,-0.06565024324650215,-0.06948933265612856,-0.06443143588185851,-0.06752243658298651,-0.07054495908826675
2019-05-07,0.0,-0.04479999999999995,0.01942232394567789,0.006035835746536877,0.018359058003018403,0.02161500002795358,0.0169687530246021,0.01502905265755805,0.015744841800150455,0.016578025020062226
2019-05-08,0.0,-0.009783200609962623,0.004407866136057937,-0.004228287701441872,-0.002417439078487074,-0.00790377317889614,-0.00650618751417034,-0.008254567427832586,-0.007744531246798344,-0.012367923737469862
2019-05-09,0.0,-0.0067547544334971565,-0.008473285445777634,-0.006094396773099087,-0.006405867964257572,-0.009593316970682997,-0.010681007189228708,-0.011067116755917539,-0.012211216382501666,-0.0006773078816538769
2019-05-10,0.0,0.02261860331089749,0.02764645682182576,0.03373160896423899,0.0286634546695419,0.02983400767674449,0.02956554950618595,0.02756080523421134,0.03068079725219386,0.023588362747283043
2019-05-13,0.0,-0.014176383894019984,-0.003797427289126687,-0.005156978465457707,-0.007197422432329459,-0.004901164374566336,-0.005399727598778381,-0.004654131539954642,-0.004278710623263349,-0.00830586057005922
2019-05-14,0.0,-0.01114100132118323,-0.01423994224266234,-0.014065128703084961,-0.006911192834906266,-0.010161729726030022,-0.008436324675309748,-0.009571910056036192,-0.013775174946868862,-0.008030202919095508
2019-05-15,0.0,0.02300093874932152,0.024820331447340527,0.021695161666803964,0.018098542617538627,0.023199503167999236,0.01849877421116397,0.019081118853158996,0.01915250006249658,0.01971538230474912
2019-05-16,0.0,0.02939607677230094,0.003994396178615078,0.010233309358034015,0.009262766819977175,0.011973933481024934,0.010138904799463555,0.010971775670159056,0.01634658246768117,0.0109134640541666
2019-05-17,0.0,-0.04320235664110572,-0.03743505046933804,-0.038203526402566856,-0.03372951760293097,-0.0367636850543307,-0.03608649432611599,-0.0368972516624968,-0.03051047853014477,-0.035192388630304605
2019-05-20,0.0,-0.015883425505467286,-0.0018045237755717203,-0.005899051824298729,-0.007429078804297107,-0.009374299462122426,-0.003980203567571894,-0.006213207796561093,-0.005271917547164828,-0.004798123362863893
2019-05-21,0.0,0.02731609769290655,0.018866777347528174,0.019081453125793235,0.015420505800084694,0.018821699909335354,0.014948273469520768,0.019617764522687153,0.019960112983162137,0.01860313275414005
2019-05-22,0.0,-0.01415211363593094,-0.011220047511584563,-0.013966055872909111,-0.010930426922652114,-0.009974766538318192,-0.008955297479942947,-0.008921184050426079,-0.011463552083940343,-0.00856050542668152
2019-05-23,0.0,-0.014145882666218967,-0.023390773723840685,-0.02028245007272922,-0.020575059009409702,-0.020824669788056194,-0.015937884358622534,-0.015545581295683286,-0.015920400653032574,-0.0067428662931509065
2019-05-24,0.0,0.011946718742206652,-0.009200484958613586,-0.004277741431545579,-0.0015397797803889945,-0.003894281392012977,-0.00370610324897247,-0.004303522521519443,-0.007021096953367056,-0.004962729661282417
2019-05-27,0.0,0.027446925705620462,0.027859869454863295,0.025114618291005586,0.021422917906386507,0.022309028864405,0.02178893834455753,0.022122803662895985,0.021208475565454687,0.02255063618133346
2019-05-28,0.0,0.0006778039401011959,-0.0025295059487662197,-0.0002797598473250895,-0.0008511567266944464,-7.481365294981224e-05,-0.000985209434234302,0.0019504824222644768,-0.003140617805922452,-0.0010865522836194241
2019-05-29,0.0,0.01571575399195635,0.008704565955571342,0.000703250565344149,0.004091515222001796,0.0005593721977616983,0.002758578778351506,0.0007800170785647875,-0.00021902312406030244,-0.012129137384608746
2019-05-30,0.0,0.004052315790259886,-0.004640824879572736,-0.011294911835715293,-0.007156179822859987,-0.007216721809038207,-0.00786741581886552,-0.0035845300366162958,-0.005411930306477686,-0.002043891185999569
2019-05-31,0.0,-0.0041947464416088875,-0.004915697955700571,0.00025978276575155945,-0.001764002054468139,-0.003779585052984258,-0.0016571555945046335,-0.00736947643610486,-0.004843150218712622,-0.008376627030092232
2019-06-03,0.0,-0.01744514828747723,-0.007334206237448404,-0.015905020210915,-0.01539054939607476,-0.011191237588274228,-0.012007065013575624,-0.015869937010786428,-0.008456020233064132,-0.005541191351262964
2019-06-04,0.0,-0.020026015156355936,-0.023608083450292194,-0.017005254190793684,-0.01543739194303173,-0.01157973744047347,-0.011648669668874123,-0.011494469496325266,-0.013408411748773497,-0.015409922605339021
2019-06-05,0.0,0.01741771478217724,0.0014329576920988352,0.0017206538224867618,0.0029543791640012085,0.001970850537260871,0.0025033770886964124,-0.005777003396101987,0.0006075672234477913,0.0005706214120009268
2019-06-06,0.0,-0.006170626781599298,-0.03441189504843278,-0.0246493181129126,-0.019076718717723762,-0.019325880536451345,-0.01881298213078908,-0.017172687187668068,-0.019029347082829884,-0.014639111542789296
2019-06-10,0.0,0.00512470564732781,0.014060689403578408,0.01583146933705537,0.00933859702608597,0.008849885231861032,0.009908010293668168,0.008805103740993303,0.00906528651709837,0.007977436420276485
2019-06-11,0.0,0.023043164155351903,0.03706030109731695,0.03359788933733965,0.03372984049218086,0.033663833651131236,0.03383560662241969,0.03171885680492159,0.03223078827144299,0.03597484089626213
2019-06-12,0.0,-0.003163932668292513,-0.0030308111845513963,-0.007405103138471647,-0.004835761375322156,-0.006693773904077216,-0.006534649802135251,-0.008085540307064099,-0.013890457034302472,-0.004402340719839359
2019-06-13,0.0,0.004090195662976637,0.007115687674309923,0.008637536168615512,0.008012168166739997,0.005392555509251773,0.0037989742041475427,0.002013828035772214,0.00424940812998531,-0.009252044515822289
2019-06-14,0.0,-0.019698581238632218,-0.014080822753586464,-0.02203399220685609,-0.01745136509297096,-0.019133664371431047,-0.017898211574093215,-0.018570198282839234,-0.014112450846378244,-0.01623279215247586
2019-06-17,0.0,-0.004852382241875675,0.009647663408868024,-0.0015019074476024796,-0.00018758910066152268,-0.0006384836092149238,0.0030406354387753076,0.0023097024586413717,0.005570451228043005,-0.00032766293854180617
2019-06-18,0.0,-0.021069416106418548,0.0032390201090146675,-0.0032768916119982894,-0.005911409175463733,-0.0014306605210061552,-0.001044394759358136,0.00041416171775088273,-0.0019416464414704349,-0.0033165251083607794
2019-06-19,0.0,0.0158772953769708,0.02014804835674333,0.013044720564794776,0.009731161081712125,0.014000595672659433,0.010875245017077262,0.00870994544470527,0.010942829182835734,0.007299569698451247
2019-06-20,0.0,0.007196175636611679,0.01998976525358631,0.011667811968595121,0.01587623047381448,0.017958771784594596,0.016921004371873716,0.015497014653268248,0.015234679994805322,0.016827637329233314
2019-06-21,0.0,0.028418944175790717,0.025295635513785886,0.01682900491167949,0.01316590889813063,0.01591732694984538,0.013278232423705516,0.011744360561806833,0.008986175761892978,0.0055984900817989125
2019-06-24,0.0,0.0008981188221739433,0.006454965189222062,0.0004219385878838633,-0.0003416067712510573,0.0030899481432431486,-0.0017502749275098983,0.0036883282599053935,-0.00022313435546028604,-0.0003752481949635955
2019-06-25,0.0,-0.011882970818204552,0.0002560830352567045,-0.009580103030806808,-0.008265637099895362,-0.00833888002239036,-0.010371829706313784,-0.008759601550252905,-0.008438881647179763,-0.010358468847158298
2019-06-26,0.0,0.00623613466998818,-0.010083192423587017,-0.011315058103978037,-0.006694141200119685,-0.0038495628848173036,-0.00017972503459773304,-0.002433514799524805,-0.0016554345100719958,-0.0021735595834678767
2019-06-27,0.0,0.0031075544624163953,-0.0025923590897234394,0.005895726115628941,0.001876081619055503,0.00152822009505571,0.0025591416437553693,0.00018738957405073364,0.0025362044418297813,0.0029381100960157447
2019-06-28,0.0,-0.009367274358172417,-0.017909120440469106,-0.015899193344510176,-0.015511221384089002,-0.012370816276518704,-0.012042212789486362,-0.007994801984051225,-0.014118914709644326,-0.007511669958148115
2019-07-01,0.0,0.027219545865982298,0.027807517404264015,0.028291041906931103,0.02904889926754639,0.02455887478517571,0.023452106495769565,0.022084126933640036,0.021122956153141415,0.0208598576406831
2019-07-02,0.0,0.001029374259254645,-0.00040059763346311783,0.0024575179862462715,8.578946942683352e-05,-0.0010541952066988047,0.0002058337799470955,-0.0024686544166694357,0.0004040698872624926,0.0011886387028026135
2019-07-03,0.0,-0.011444009821030887,-0.004992786654696713,-0.004784941596209125,-0.005618064406858525,-0.004527591065710879,-0.002686768898260028,-0.007217323921961283,-0.0075713398583652225,-0.008194950637798182
2019-07-04,0.0,-0.00022557098936970554,0.005012845544987599,0.006482047015353043,0.0002840020072176763,-0.0037489219335864465,-0.0008718828107336929,-0.0010898412089921372,0.0005002204338748761,0.0013500872588845247
2019-07-05,0.0,-0.00338736464973044,-0.00292055057269458,-0.00016505977193415067,-0.0012334267100936325,0.0019083314196468582,0.00012269192874558854,-0.0038052858274931767,-0.0018230930136722279,0.006143030666757809
2019-07-08,0.0,-0.03465112477037602,-0.0407318386534653,-0.03267870123265637,-0.03268339166870926,-0.036655205232388965,-0.030984109106509172,-0.03575595869966086,-0.03700769380200275,-0.029079429826187497
2019-07-09,0.0,0.01178478691195095,0.003048717073034446,0.0030734539714083464,0.0008781361865730641,0.0007057935212033684,0.0023005744863149324,0.0010959879853220666,0.003505026859250915,-0.0019473062247971074
2019-07-10,0.0,-0.009081524602553182,-0.0029036504126245255,-0.00917982047173338,-0.0062836487275834685,-0.007969780096694912,-0.008952264312156788,-0.007354433940563787,-0.008606595146034346,-0.011600872166624754
2019-07-11,0.0,-0.0013444441929383322,-0.0030974060704558326,0.004122513896468671,-0.002019751345557319,-0.00027393314506407584,0.0006288110590104701,0.0017701164395569347,0.002193751346023065,0.0031240785137955918
2019-07-12,0.0,0.006227263318236309,-0.0003801515875799799,0.00031496013860876637,0.0025085720627520125,0.0006771497738387033,0.003574476421953632,0.0044263997011044776,0.006016860172744831,0.0068874446756264085
2019-07-15,0.0,0.006710268512137629,0.009140132490118802,0.004745302594476364,0.008195905371541912,0.00815464171081226,0.009584653371884855,0.006705305245686244,0.00913744015719442,0.00794024133494231
2019-07-16,0.0,0.006652841991398706,0.003798307312932403,0.0025287056101959138,0.003872247135077167,0.0014768357342156424,0.0013426857491549704,0.0039018845171685523,0.005667920698108064,0.0030361622678163336
2019-07-17,0.0,0.0008538995119971027,0.0066858947000174584,0.0018993426891282805,0.005299735520692961,0.0011547476743021257,0.00208522658558441,-0.001148770679937794,-0.0019003055947601766,-0.003741394067489412
2019-07-18,0.0,-0.011854567959562301,-0.01178169263855644,-0.01872805017197554,-0.01503371124989783,-0.01708473009768685,-0.014870156895965603,-0.0153470402264958,-0.015249834947784757,-0.015656450880050743
2019-07-19,0.0,0.0126832343591603,-0.00407925079819349,0.004534122815727404,0.00326362197154495,0.005415461665501109,0.006884194746541672,0.006925430028257962,0.008027236873843213,0.003912223963102424
2019-07-22,0.0,-0.043031015188066846,-0.02287425790827513,-0.024696142870893167,-0.025361118537235106,-0.025296935546814336,-0.02124918487992633,-0.018322448032213834,-0.017717796603980873,-0.024633142614251202
2019-07-23,0.0,-0.002468809219156376,0.0104022648857236,0.010792137656035594,0.008776093469539115,0.007574972784496259,0.007391889972444554,0.006387372005173253,0.00689675730053585,0.007621556040713129
2019-07-24,0.0,0.006914979861505133,0.006751932479815537,0.007552847547512842,0.010487628906699298,0.008682604633199364,0.007444448757665478,0.00997317266596398,0.006054865679028465,0.004466991260992037
2019-07-25,0.0,-0.0011822191237677027,0.00316631283188884,0.00022271709981525056,0.0014522706001229846,0.0004569177290481008,-0.001175380857947772,0.0026672074151474767,-0.0032679072093829697,-0.0026607110705444414
2019-07-26,0.0,-0.0017067766609525359,-0.004875259603631998,-0.00036029116142699547,0.0006088614188646257,0.0002347128687945066,0.0012123127082019902,4.4805075313458786e-05,0.0018465756000212163,0.002795371471072894
2019-07-29,0.0,-0.011152096076483486,-0.004414299236564556,2.6188296660123456e-06,-0.0030731499747199686,-0.0027545917509484985,-0.00276104086849438,-0.0017475366525642189,-0.006302389389587604,-0.0013475222396089892
2019-07-30,0.0,0.00221191692031919,0.006574380447202932,0.00640837306558284,0.003833694165381818,0.006182131314885986,0.005732280889757524,0.004345142913584343,0.0028047070290631027,0.0012651135392911517
2019-07-31,0.0,-0.011058616327567328,-0.01420588424355751,-0.007224833314193213,-0.006064649057501703,-0.006512315642670075,-0.006435834030973031,-0.005586974043216397,-0.007625228393920214,-0.010567435558626936
2019-08-01,0.0,-0.0033881593253274334,-0.007450794753696144,-0.002859967691348997,-0.006291802164127724,-0.003893660845688429,-0.009326118064581057,-0.005011341255419133,-0.007120689560809024,-0.0035120542886541983
2019-08-02,0.0,-0.0181904667062166,-0.011402632334963858,-0.014808746970250697,-0.016843262830287697,-0.017724536195472762,-0.018076855979242468,-0.017830652279851922,-0.019450234882376738,-0.014757704121905801
2019-08-05,0.0,-0.01502967263615751,-0.011055200999430026,-0.013797634248311708,-0.016238352870837525,-0.012101504606053748,-0.01264460316513183,-0.013209138739956106,-0.015544747697885275,-0.013632582040728258
2019-08-06,0.0,-0.03404179183014755,-0.03615590127786861,-0.0281951115399095,-0.03256366571027702,-0.02930720274796139,-0.02854749334175588,-0.02755991267886526,-0.02967394204493068,-0.02638616026386953
2019-08-07,0.0,0.0001548874320025373,-0.00937282265190642,-0.007410217574077338,-0.00047700174300580045,-0.000647109727314743,-0.0011355513152866425,-0.00043654233196199765,0.0006492209246913294,-0.0038993171010300864
2019-08-08,0.0,-0.0009749450634872758,0.00969074416436233,-0.0005715646540008779,0.004943643786111673,0.006215190390147951,0.004103949971931975,0.0020653349014336797,0.0033898465469610617,0.003447400942428791
2019-08-09,0.0,-0.00303225827329201,-0.012020446594854794,-0.013207837526979849,-0.010461502399296552,-0.008128108853948213,-0.010247885564260484,-0.010143705867889485,-0.010771677877564612,-0.010573477970201917
2019-08-12,0.0,0.011525370075333052,0.01504180871343963,0.011670151448331723,0.013945552546379858,0.013093304243424475,0.012946979245615164,0.01145873322949198,0.011668323896458332,0.009082977796178948
2019-08-13,0.0,0.0009144177905908712,-0.008252750365053907,-0.008363138166626816,-0.00838093370559978,-0.0038253713469177386,-0.005972893262224721,-0.00755385665714936,-0.005017816133508268,-0.0058612422347055215
2019-08-14,0.0,0.0012330408846141783,0.011768046189118753,0.0031729525392734104,0.006506956483756543,0.0034618135217003854,0.0044651839135372295,0.004578105720639769,0.005959815661557899,0.0035186208880577663
2019-08-15,0.0,-0.0017904310510694632,0.0015125018077664087,-0.0010372204462439916,0.0006485056096130482,0.0006108987114288311,-0.0005019106702812692,-0.0006677967662872542,0.0002657291426795272,0.0016773178911146935
2019-08-16,0.0,0.007983222530783873,0.004342850878968019,0.0029893789921398017,0.0009384135116590198,0.002366856375708659,0.0027389243961188914,0.001074809668096366,0.0010082570396543478,0.0036153362448076987
2019-08-19,0.0,0.05107673591417505,0.02514369718130194,0.027239545372352403,0.026686652844586156,0.027338006256809155,0.02535258123474149,0.024380823544808194,0.025991931459692585,0.02449823503307691
2019-08-20,0.0,0.017944452967713076,0.0071949941104894055,0.0035281803851472393,-0.0005181471038755436,0.002733542306278647,0.0013822016028977036,0.004347301637440459,0.002857660043909638,0.0032474785049310118
2019-08-21,0.0,0.00489925986762807,-0.0011010798656346799,-0.0013571717354150525,0.0037860144282970687,0.0006532212071186372,0.0009122961273448915,-0.0003291824985545144,0.0024066846913803897,0.00020195669391775972
2019-08-22,0.0,0.009314620423891196,0.007020558582444103,0.0042084678263552,0.003785852660429745,0.0025467620002319613,0.0024794037477082753,0.004298183523230303,-0.0006257924303750828,0.00476164206437546
2019-08-23,0.0,-0.015985388588418137,-0.007811706564829324,0.001874243803189346,-0.004893331306111248,-0.0012251517166516068,0.0007084527944660746,0.0005104946607530358,-0.0010781095831264853,-0.002122216749305905
2019-08-26,0.0,0.0034102622390694837,-0.005617132120750767,-0.007766945905732681,-0.006105624689873301,-0.008398228794709306,-0.011679793943385586,-0.006919437727551547,-0.008614919653958775,-0.006201362053160686
2019-08-27,0.0,0.006556379423359182,0.022958455176659953,0.01780171684778642,0.018108778953397797,0.01837863328918088,0.017707481736001895,0.01745615881954521,0.017425784099131203,0.014064121487317394
2019-08-28,0.0,0.011434469912215306,0.0012371212714024082,0.0026888889670089178,0.006229524649234763,0.000842120202987573,0.0008604599962063197,0.003538314311348767,0.0012111704605923812,-0.0026724644932480945
2019-08-29,0.0,0.02020485455032084,-0.007392386820469055,-0.002536885476509987,-0.0014681509437505236,0.00013526869224111948,-0.0033286294692085328,0.0006875091231259844,-0.0023366725965997537,0.004003340992707605
2019-08-30,0.0,-0.024610503471550138,-0.0194082410199381,-0.015326864042749522,-0.011512180128758653,-0.012301337468565654,-0.008987863384011363,-0.012890301826934847,-0.009366472679200877,-0.01156388916445028
2019-09-02,0.0,0.0313373521381084,0.026197902680211937,0.020454232215858514,0.02048111534725039,0.018467130925968744,0.021972240308983704,0.016847919189680205,0.026116515821375863,0.01959891956869564
2019-09-03,0.0,0.020123975569592556,0.004433892956372754,0.0019661522269041054,0.006664782649535406,0.002610740085160268,0.0023567716312720144,0.004331632674716257,0.0031489939250772814,0.004606821685399387
2019-09-04,0.0,0.021763071251817312,0.00987138833867296,0.014526506303695674,0.005758756778646346,0.007676077984644536,0.010723701671829344,0.00960292856362166,0.011801716563337061,0.014311321960152279
2019-09-05,0.0,-0.009555103464012893,0.004126428536275872,0.00481575953733171,0.007263515658036956,0.005732029849920606,0.005432799361932306,0.003644430989140579,0.0013755964909842877,0.0020237702887073716
2019-09-06,0.0,0.0021178711336917733,0.007148415673361663,0.007452888435528937,0.004155605944050178,0.001748332396962704,-0.0003969066419019507,-0.00020542382410626558,0.0036092096923876493,0.0013002901444745252
2019-09-09,0.0,0.00839371668434441,0.017046114879736507,0.017709859381937143,0.020252349487520194,0.015541917897861746,0.013732900351128619,0.013036838184790511,0.01172724141648307,0.016804517593661306
2019-09-10,0.0,-0.002218070979970954,-0.005216452789557846,0.0028324236969063943,0.0018181036935360773,0.00028261396143869355,0.0008271452817569802,0.002845468324585987,0.0020583092936365954,-0.0015517056824548847
2019-09-11,0.0,-0.017214372718590276,-0.0038481757325873334,-0.0022160813187102057,-0.000141108422351377,-0.003267128527653318,-0.002047132191203893,-0.004127029665901061,-0.0020929161235045957,0.002875123020544601
2019-09-12,0.0,0.005409682997068677,0.013822668530672821,0.008899596817468991,0.008247828800757029,0.008840466507519462,0.005492005805001865,0.005924455648504523,0.007157155280464789,0.004396002265495413
2019-09-16,0.0,0.008409399514870852,0.007755840571650685,-0.00015329771525462998,0.0016054114346579773,0.0026862926290247557,0.0045131008784971005,0.001996560228684885,0.0003215555889823918,-0.0010707406268841702
2019-09-17,0.0,-0.026380995018435827,-0.02858488695017436,-0.022264732425452127,-0.023853288603459366,-0.02160782340445977,-0.024092529101314875,-0.01964501860328638,-0.021429412657430813,-0.02203003344523835
2019-09-18,0.0,0.0033933485577992695,0.003814552770188495,-0.0014331592114147362,-0.002356209828623723,-0.0014196648489486208,-0.0003580336407263962,-0.0022180868926007236,0.001763287458463214,-0.0009951958850944465
2019-09-19,0.0,0.006200322341686881,0.005725558038791823,0.010079999000705442,0.004154318533753365,0.005204198518172776,0.006837124935890726,0.006769859336702488,0.0027602739394247955,0.0026007904334470755
2019-09-20,0.0,-0.0008110481566823147,0.0007712088831419717,0.0012598449843841397,0.002026390964410929,0.0038749695893185443,-0.0014189099601342736,0.002289663513148632,0.00045782809051053697,-0.0022188517840299182
2019-09-23,0.0,0.0038527386724409585,-0.00614476822904908,-0.0065495459062104855,-0.013680409639808433,-0.010073438536440937,-0.011054466054404521,-0.013371806846381618,-0.011162434254855857,-0.01834587259325149
2019-09-24,0.0,0.02015367315757377,-0.002229051332151344,0.00018185663759617832,-0.003319606788118712,0.000736961890636767,-2.719820184005073e-05,-0.0020904587057729573,-0.0006430681691493856,0.0016613633485147439
2019-09-25,0.0,-0.01958072855122639,-0.024241022847868776,-0.013923331647276105,-0.019401225851239712,-0.014902479768778343,-0.014451636642089594,-0.015340410997495058,-0.012318926940313779,-0.011676485426980965
2019-09-26,0.0,-0.03193167846243794,-0.024826879888275366,-0.020176272889060654,-0.019623097251500132,-0.01702172336304364,-0.013941800125564674,-0.018868708683049573,-0.014727191095625036,-0.014422234685559365
2019-09-27,0.0,-0.0009091479678405845,0.014357780715695379,0.009077856055334843,0.007952571933501629,0.0050617632240668176,0.006196812994121004,0.0067695129719649305,0.0014518709201085667,0.007363797416753748
2019-09-30,0.0,-0.006943457141901921,-0.008994806108491793,-0.010646715837471454,-0.007998863321962424,-0.009826223055281247,-0.009301117216251487,-0.007228167494432558,-0.0067924562028715,-0.002957205649963157
2019-10-08,0.0,0.013693810403245132,-0.005581529306870725,0.004880830674759862,0.00528788448429518,0.0018399790667407157,0.005155646425331506,0.0015355458504855424,0.00502394312830079,0.009836148554789315
2019-10-09,0.0,0.003713972162120216,0.01166880800719583,0.01247351694159926,0.008714797252532769,0.01196903196854504,0.007420619350731794,0.010250385971179554,0.004910790450427527,0.009710422134116659
2019-10-10,0.0,0.005724230995925117,0.004527304983145797,0.01323091902196305,0.009119366854146493,0.014183547533919372,0.011558148353399744,0.0079775417174901,0.009209247500699957,0.00523294343375591
2019-10-11,0.0,-0.0019571569528610278,0.0036679937630461623,-0.003039660472705652,0.002698634651289833,0.005188548299170925,0.005021602821408511,0.007517330725149707,0.008740488412822822,0.011068713270324215
2019-10-14,0.0,0.01844216162571466,0.011597643526178869,0.014710304538607888,0.012760795206897546,0.017007225770300893,0.011861685519267473,0.013257352972936731,0.010880568372537924,0.014527581675774615
2019-10-15,0.0,0.0014704211758251873,-0.010973414579464547,-0.009695382401129216,-0.008716231692826537,-0.0065566743911108505,-0.011176963823275154,-0.008252990963388385,-0.006890005069977501,-0.006866898250842857
2019-10-16,0.0,-0.007665448884664916,-0.007042312774238835,-0.007715038567313481,-0.0032670947169870512,-0.0077509166238362015,-0.006432062022360352,-0.005954307674278847,-0.006629078812568467,-0.008073709894578673
2019-10-17,0.0,0.0009444941883598457,0.0016762173356705823,-0.002526327537892503,-0.0024667295859409633,-0.0033541336073746875,-0.002821661960261679,-0.003923707804947996,-0.0035130570188507404,-0.0068069253560297804
2019-10-18,0.0,-0.017677754616998054,-0.013223691157486783,-0.010880861027178113,-0.015032242095531445,-0.012690997290026429,-0.014094301625113936,-0.014306370453980088,-0.011164893053728808,-0.016447809922958134
2019-10-21,0.0,-0.016659973997699806,-0.0025803255672628422,-0.003822455700038141,-0.005297726322528007,-0.00471896497843749,0.00018038573063439145,-0.0033750106607663977,0.0019278942032956436,-0.0024361385452393858
2019-10-22,0.0,-0.0002391813586145597,0.007867550670441537,0.008495285877845093,0.009627442338666414,0.008366902368982743,0.006779182409566209,0.006569459449776938,0.0067351863179090365,0.008927528180995736
2019-10-23,0.0,-0.001708855832826095,-0.004083109915112515,-0.008092479816381504,-0.005057944098670886,-0.0059305357741403775,-0.0031324911037940995,-0.004863564930903452,-0.007075792366687872,-0.006922166346386649
2019-10-24,0.0,-0.004906103527412831,0.0012593842433099578,0.0019017995694541323,0.0010842163268944827,0.00034648489921274006,0.001172144819174381,0.004311138371492884,0.0022237461860132868,-0.0018210467985894097
2019-10-25,0.0,0.015054944378904977,0.00436977340190059,0.007005077603876586,0.004997045803882605,0.004526302169798324,0.007815380234215796,0.003066895959704885,0.006720481106439857,0.005069408416831234
2019-10-28,0.0,0.010164306140890478,0.022891825628890583,0.014011614400795347,0.014150088661797566,0.011368260045392375,0.008334224472177798,0.011127851223449614,0.010045792192453717,0.009292036165824191
2019-10-29,0.0,-0.017072703407830403,-0.013696300459421051,-0.017721582203705566,-0.015568391522194136,-0.012967444323267463,-0.01384077263595851,-0.01207821760930361,-0.012737718854920588,-0.010293296046028577
2019-10-30,0.0,-0.02065168746198942,-0.019563146293918532,-0.013128425294810508,-0.011487312423952623,-0.00991403905213184,-0.012242213967923687,-0.014205893399225844,-0.0063350608751227,-0.008273907365779043
2019-10-31,0.0,-0.023538340730044793,-0.016611174102739157,-0.005719222557874715,-0.009043814209028,-0.008907398923646115,-0.007462958938131092,-0.00939076481055312,-0.01199885760708641,-0.008839865582007667
2019-11-01,0.0,0.027742359112830073,0.007584953781306858,0.009106486506249567,0.009160590089841048,0.007065909337079734,0.009423539423873306,0.007798928221907531,0.008452504386338822,0.015002275740242599
2019-11-04,0.0,-0.007229072559534644,-0.0010804651803458798,0.0022028672029574814,0.0010915494228056488,0.001141687275764136,0.001438546388274009,0.00541813962519111,0.001129243666520452,0.0022076066988607757
2019-11-05,0.0,0.0022226295442866473,-0.0026274238406659434,-0.00382535982046317,9.341558806497119e-05,0.0017294751480534387,0.005106391934184051,0.004052081492248005,0.002771078032266061,0.003045675725508845
2019-11-06,0.0,0.007733377887482185,-0.007912779169388595,-0.00757142702925484,-0.006594208915567501,-0.00983258336331383,-0.008259723168660527,-0.003958726626152376,-0.0037433603490111267,-0.0025330743673306344
2019-11-07,0.0,-0.0005286132099318053,0.010315862439980394,0.0084796655156818,0.007118467211996604,0.003043888955888141,0.003555657855279337,0.002601719729898422,0.0021410390218412623,0.006049350166926315
2019-11-08,0.0,0.0031406440138035396,-0.005801593971927144,-0.005399232295743794,-0.004011652598281179,-0.002735007181414617,-0.0020138050948728115,-0.0035895495926829835,-0.0032944393520332182,-0.007271096984466263
2019-11-11,0.0,-0.02883954776147024,-0.025480666728801227,-0.027930377110023996,-0.024646779662172325,-0.021685253096508705,-0.02306782126375162,-0.023779609777165533,-0.02504905899147447,-0.02649125620220516
2019-11-12,0.0,0.010869356802288399,0.009029285411255916,0.0007352180008726172,0.005642130078524987,0.005025315703194755,0.0010131177193251073,0.002800945474388028,0.003057992438353363,0.0031513745862974396
2019-11-13,0.0,-0.009262621263179782,-0.0041611131756024156,-0.010524288318757624,-0.007360018136278623,-0.0025272789046330013,-0.0039262197036886715,-0.007892228022442715,-0.007221497941427901,-0.006189416603345266
2019-11-14,0.0,0.01686590068721694,0.010261627727671696,0.004575192957087415,0.004396097706189872,7.473523435019835e-05,0.001675481554889835,0.0027349958235167726,0.001533356295160937,0.00587637288959364
2019-11-15,0.0,-0.02752575673537272,-0.011304624062606794,-0.012086333733554278,-0.011040986962160493,-0.012014596710294145,-0.012641027641845048,-0.012913073770414174,-0.011083467318528384,-0.010629830311803312
2019-11-18,0.0,0.009714656117320475,0.0001867734962013312,0.004544287703921901,0.006552006923572717,0.009446833554708656,0.008212340669407903,0.005998427975997478,0.005930516610304082,0.012877482791133987
2019-11-19,0.0,0.0018784149588952914,0.013995143806977417,0.01505118056431054,0.01728443907691335,0.013509369829253881,0.013125754974591342,0.011598247462923705,0.011640673151110503,0.014925095011721456
2019-11-20,0.0,-0.011116092371293629,-0.0049574813050792255,-0.004510481482936757,-0.005617847875837856,-0.004764669572754343,-0.007227019402268331,-0.0044404058551650305,-0.006256379346501362,-0.0007771514932169987
2019-11-21,0.0,-0.003295916844249347,0.0052780601648483305,0.0011475400190468221,-0.0019018853577713601,0.0027262791023960897,0.0012665830671261258,0.0003476850101045148,0.005137200944763887,0.00014911767270753273
2019-11-22,0.0,-0.005233782004442689,-0.001671225684101163,-0.0030154733442741,-0.003129963082573406,-0.0019469680863908323,-0.002943000654849315,-0.0002384238093861013,0.0018168519128949345,-0.0021483377622590893
2019-11-25,0.0,0.010864622876323837,0.001472172143519579,0.008870891991458185,0.009082266524317317,0.009160896241385164,0.010987496988904777,0.017092490532890414,0.024496284389279976,0.022612613626535882
2019-11-26,0.0,0.002642500414734128,0.006669085100215133,-0.0028748636452569087,-0.0017170180637499088,-0.0036501766400457436,-0.002672703551896194,-0.006140033292272196,-0.010393920641778576,-0.00961378496435461
2019-11-27,0.0,-0.0035925648409266264,-0.003365153025655654,-0.001917964766650515,-0.004409001036527083,-0.0019246121645131176,-0.001724199369490531,-0.001903646321692154,0.00040264951903701274,-0.0029802218529789704
2019-11-28,0.0,-0.0010885307992518634,-0.00201217680557475,-0.0031262590126200918,-0.0021648976590987745,-0.00512717365589177,-0.004268683446253307,-0.005770506002736542,-0.006900587897207933,-0.006274323189185194
2019-11-29,0.0,0.002353596582987283,0.001428712104816876,-0.0009299478154231045,0.005904373899757065,0.001670998975167981,0.003416944678838796,0.0018805966921022765,0.0009353527269064799,-0.001974140142424363
2019-12-02,0.0,0.005982111791790867,0.0030831358392253705,0.002324649311457039,-0.0017225158806348784,0.0012616525961479663,0.001661046771366248,-0.0006819717740881304,0.0017641669389283354,0.0028953778793912033
2019-12-03,0.0,0.011813798623361516,0.00586536892281897,0.008398002453806841,0.005975259944806188,0.005732823830580491,0.004564486323195949,0.006174110824666013,0.0030542752643347715,0.0023650535078074686
2019-12-04,0.0,-0.002242114715742649,0.0035263294798051348,0.0017022248619369407,-0.0009298977185014934,-0.0010062716962530027,0.0017843795988605748,0.0010352805197113568,-0.0022058851132589208,-0.003891587327963797
2019-12-05,0.0,0.009393926785792761,0.0024777155093491654,0.007891677335337022,0.009515482144581533,0.006087886652979879,0.006619006709309039,0.005235125143715935,0.005906747582492322,0.0060789881322493855
2019-12-06,0.0,0.003998200355690429,0.005587362942786278,0.0035142391568743214,0.00586374137776291,0.0053479359199355425,0.0026399700014168026,0.003018317342252219,0.0008689706267386299,0.008829203143092768
2019-12-09,0.0,0.0008650890395367483,0.0010592508183269178,0.0025645781267269463,0.006069032125041618,0.001291562999693685,0.004441722323817343,0.0025895707291592185,0.006702635580162708,0.009380878239445112
2019-12-10,0.0,-0.0020292705715043713,-0.003892722226638279,0.002219424356496358,0.0021289249960141365,0.002528115410557641,0.0027377962860215543,-0.0014632382200198135,-0.003015409192929752,0.0040580771503799795
2019-12-11,0.0,0.004290982807647392,0.008037752450609226,0.001827562610665412,-0.0022739695559352846,-0.002084920054177042,0.0005847934171072655,-0.0006454957577342046,0.004012005269911967,-0.002497206551103859
2019-12-12,0.0,-0.0029383316851052665,-0.005416090725707479,-0.00421126307003139,-0.004359920890037117,-0.0040548033862861654,-0.0047467070820119694,-0.0028426356784255757,-0.005078659363724647,-0.005392988850922986
2019-12-13,0.0,0.009198010995061123,0.007266818242182227,0.009915232652603967,0.010534150408287646,0.010303196456741714,0.010540432148614887,0.011751751267649047,0.010001628304753707,0.010011905168118451
2019-12-16,0.0,0.010219821156482123,0.015515928294934644,0.012967659663829734,0.016944345271874495,0.011643336966975504,0.012698757354022039,0.010717035803064157,0.00861684170615562,0.01410355924340223
2019-12-17,0.0,0.007063330543839674,0.016300067987039757,0.014366138419106722,0.013972420951977371,0.01146055639866872,0.01110367786979194,0.013423679394429344,0.011454721956638547,0.019041243115280215
2019-12-18,0.0,-0.004364101466751147,-0.002712745168615416,-0.0029281406847609937,0.002289352680037826,0.001486895915304931,0.0002835920846284701,-0.0018882737928032078,-0.0039807876171925605,-0.00010823029327444722
2019-12-19,0.0,0.0033756410511431856,0.010532790790636293,0.009133001449419753,0.005801212300416303,0.008195981700183541,0.005038041500507573,0.0034568701461252793,0.006707120792411203,0.004568062733524503
2019-12-20,0.0,-0.002908822404526945,-0.0013179043563837922,-0.00883784952685307,-0.009687496953949104,-0.0060726787786655745,-0.003115410258142992,-0.0076889295396876944,-0.005727919247990321,-0.002872165063335319
2019-12-23,0.0,-0.01780315493377016,-0.01810951542093686,-0.02234892147593992,-0.021021650195978347,-0.01681629436586618,-0.018895662862381646,-0.020809575229670307,-0.017115383082633273,-0.02141107806254261
2019-12-24,0.0,0.022959802244538752,0.0072268528060484005,0.014206729376135874,0.012746150332849426,0.013845169074133246,0.0122136192840403,0.010874248970816014,0.011808882743769455,0.0021684103401378163
2019-12-25,0.0,-0.00030408445516949545,0.002602804679857851,-0.0010934017261773343,0.002159151332013387,-0.0012081883287821116,-0.0005817308078350791,-0.0004957319526649462,-0.0041417711991385,0.0033250120274468387
2019-12-26,0.0,0.007976666342712102,0.002863904419337704,0.009410347520640627,0.008471687542324968,0.009152789753847479,0.01115257000087544,0.008403959982048681,0.009325781583019888,0.007616843228588577
2019-12-27,0.0,-0.011561749022904744,-0.003929217984416922,-0.007073148926858175,-0.00718583433497344,-0.002644824060244022,-0.003100837748190699,0.0011795149400790628,-0.001916801424827308,-0.001403474604964705
2019-12-30,0.0,0.0009209556465563651,0.011802817262011267,0.009713507641232022,0.006030369107793865,0.0074676291083757285,0.00931388444792347,0.010169641368224847,0.016026841127660285,0.010728539555324934
2019-12-31,0.0,0.009351559763233874,0.005289993413541749,0.003470954808403759,0.003220060482031606,0.00792779223294282,0.004603528487689967,0.007099116811530415,0.0057457246122099015,0.0143236879352453
2020-01-02,0.0,0.010898068294324048,0.0167403224136915,0.014983941842889203,0.01833859674068039,0.017763026280387617,0.017716558438096497,0.011152260731230434,0.009583345267512033,0.0091920991474157
2020-01-03,0.0,0.007325643135178028,0.016152813206072203,0.0057007675720102124,0.0037741713837884383,0.0005826400903403695,0.0037094493273872597,0.005217053715259157,-0.0008160865458072264,0.002175480211976888
2020-01-06,0.0,0.02874414432958683,0.00612603320893057,0.00640622455418427,0.004313621435991344,0.007551408154395256,0.004703922536604788,0.005857336479978548,0.0004885589144854041,0.004727758628108036
2020-01-07,0.0,0.023336808193066272,0.014802198356605567,0.016542934308084734,0.013034637232502089,0.012560708334059534,0.010280050205596414,0.013585306797777807,0.013116806059334962,0.01307706610094539
2020-01-08,0.0,0.006637215848943834,-0.0022385281001779944,-0.010463839015718901,-0.007580513202555927,-0.012131512338774075,-0.01347901025439735,-0.009930538187075233,-0.019246193880193663,-0.02094150599324207
2020-01-09,0.0,0.032800233257118894,0.010417172844440437,0.01447843728668663,0.007733860399604442,0.009033735381621222,0.01011144943318043,0.00994202920593823,0.011366498402028968,0.011968589326469603
2020-01-10,0.0,-0.025628904986139234,-0.017855911815167325,-0.010949480018255686,-0.0016411908339354353,-0.004184126384619957,-0.0017991225540687772,-0.003333575344207196,-0.005619084026864396,0.0008914923240539441
2020-01-13,0.0,-0.0005726350014948478,0.006932552199185427,0.008044136993037299,0.00870473221842194,0.006306019522397843,0.008557145054169046,0.002768650185531518,0.005486497992368777,0.01223610051859736
2020-01-14,0.0,-0.007110719399224252,0.002135700872425872,-0.001753537169136954,0.0029392272330477365,0.0023204566853574082,5.295161828611228e-05,0.0026066076281965334,0.001365611013003587,0.0010641176205195002
2020-01-15,0.0,-0.0141899564517326,-0.013305245848882152,-0.009985007808294255,-0.006859421621200235,-0.005511760860288151,-0.011165916384162422,-0.008615110051435448,-0.007797056302045191,-0.012311691457371099
2020-01-16,0.0,-0.0012553147022791311,0.0004444188346561795,-0.007360118023024276,-0.005015037809232958,-0.008464139660977255,-0.004297337744131768,-0.003239364484659113,-0.00697117315859741,-0.008212183921183391
2020-01-17,0.0,-0.009943981929342982,-0.006956420277158815,-0.002845124675318944,-0.004288269501760311,-0.004403630294082972,-0.0046745870412162605,-0.0023426992281996295,-0.0030449460701158504,-0.006307130178235476
2020-01-20,0.0,0.0016248130187399568,0.0027271662200465396,0.005028516837040753,0.00929075075227237,0.006580015508057757,0.010997693728249214,0.003802214552885763,0.007164772830565491,0.005181780561330784
2020-01-21,0.0,-0.015891969616222967,-0.01890476251504858,-0.01905379293261078,-0.013586735985826603,-0.014930013498857586,-0.015154168841564175,-0.010411850467261119,-0.014850525134802672,-0.008410460529394315
2020-01-22,0.0,0.005279235661451276,-0.005889713655221618,0.0015539213726138978,0.0034140498168655498,0.000918024706497933,0.0003516875106974737,-0.007463621656892849,0.0005507562500375318,-0.005516479566090249
2020-01-23,0.0,-0.027509142206730175,-0.04215518916770489,-0.03231227624515043,-0.032681780743219924,-0.03546518675364674,-0.035369493033504784,-0.03311072713242891,-0.03271428701022816,-0.03322677455698386
2020-02-03,0.0,-0.09174386145824809,-0.0892154160190003,-0.09500699523400191,-0.09376789636204774,-0.09299124900870759,-0.0973496436228225,-0.09343283001061242,-0.09287481951729393,-0.08713598298363145
2020-02-04,0.0,0.022750306115104646,-0.03445841694830898,-0.017454716621906674,-0.006822795947323379,-0.004887981765129501,0.003045063416217797,-0.0019935825931797213,0.008986728161443969,-0.0010301081537368306
2020-02-05,0.0,0.026880413068409048,0.02334486137423153,0.026353080208471935,0.027004774780633678,0.025557975991799653,0.020561883573248396,0.020241504168887925,0.022165538958750508,0.0198105720871955
2020-02-06,0.0,0.027165641898595716,0.02370134502920429,0.026214135824642604,0.02547988970327575,0.023233954269157975,0.022369409436316268,0.021365138474088496,0.02059291351530823,0.014264135609516115
2020-02-07,0.0,0.0068273995037575474,0.0035255521979906668,0.017580304710598016,0.014076273808542927,0.010988699616170994,0.002614987654249834,0.00555726751415242,0.0001790638319882909,-0.0006970885436107244
2020-02-10,0.0,0.020718865346867732,0.021272800900226096,0.023839116245790937,0.013671590864839711,0.023959245592536815,0.01868081111341091,0.01403420596277205,0.02076710398617987,0.021763379665855398
2020-02-11,0.0,-0.001652005341649554,-0.00566352383512736,-0.007064028705357939,-0.009400837407138596,-0.0059008364072926645,-0.001490975756048507,-0.0030603475870978336,0.0022764588672239405,0.0038397113368977553
2020-02-12,0.0,-0.005020493094888168,0.009036877598575632,0.011594530245788937,0.01456111983870434,0.012445403616621054,0.010609648481592293,0.01424794756249348,0.005650945107094518,0.00973625358023944
2020-02-13,0.0,-0.025368785855752973,-0.016189355474897527,-0.010252098302772739,-0.0020239646248599863,-0.017068012827873402,-0.005955107943080851,-0.010569004520911363,-0.00724353398080102,-0.00922282517298012
2020-02-14,0.0,-0.0062187172334485785,-0.0022044591338679087,0.0022640989850355453,0.0015520128048931436,-0.0004812749028695329,0.001113647929577466,0.0026160146893547953,0.00260807327295165,0.0025678870697394274
2020-02-17,0.0,0.032370227289294284,0.03671484957766635,0.0302402439946865,0.03146435657995106,0.030406641565609904,0.02631774206880677,0.027149418870230146,0.02335966000180023,0.028558363052678004
2020-02-18,0.0,0.018442819440628533,0.0120486614541917,0.011555592964591854,0.01193120487479149,0.01223082206941073,0.01146713940543953,0.012081395124472927,0.004042387625210697,0.011850778815741148
2020-02-19,0.0,0.027232956107847928,0.0033103466151942484,-0.00048599789418735106,-0.005707653746968022,-0.008675387416819724,-0.0015082289815572247,-0.000439012676235806,-0.0010396706044643045,-0.0016323985556020437
2020-02-20,0.0,0.034040759873465554,0.025472456497056983,0.015427557108564027,0.0158354891172634,0.017726663864836345,0.019463826829189346,0.01746881451571003,0.012253888960351178,0.015708996094064176
2020-02-21,0.0,0.021797380247119857,0.014535612987366386,0.010642939200662171,0.008699870162756529,0.006490084256036921,0.0044760159106014274,0.00944097421266954,0.0044918542155321095,0.008775674540098644
2020-02-24,0.0,0.040442949528159966,0.0027514993175208335,0.008384970693777749,0.013835052935008862,0.004465114511632118,0.005162348594671906,0.00035269469214704863,-0.0006972927328323664,-0.00209099374832189
2020-02-25,0.0,0.03525300875524695,-0.00617293471710223,0.004238068455050037,0.0011690174914236184,-0.0010157344162596837,-0.005244840109809745,-0.004706928661069254,-0.005620502897127899,-0.014896523422474828
2020-02-26,0.0,0.02537559814115653,0.00444112475954439,0.004158392116495824,-0.010173736140404288,-0.001935644739116782,0.0006464972300084249,-0.002614668363800643,0.008001630156773354,-0.002345649340903311
2020-02-27,0.0,-0.025888374596465202,0.00012863203901347653,-0.0004072397721316401,0.000173662941654662,0.0028415984875689304,0.0003491849074763742,0.0005329599769652305,-0.0011050506073128075,0.002946074386205977
2020-02-28,0.0,-0.06669158015499665,-0.058634890242281856,-0.055011823489354406,-0.05128801317027143,-0.04393050989140512,-0.04937992152267734,-0.04221535680707589,-0.039267186387311304,-0.039886333948708774
2020-03-02,0.0,0.014951721776286675,0.03811389577622015,0.042190469353373006,0.04511448041571109,0.04426639523635956,0.04288904073586641,0.04024859711594986,0.043725222451437284,0.05008655471004597
2020-03-03,0.0,-0.005125488955738056,0.015725701999195874,0.007259002340429976,0.011038848299826043,0.01465350901040341,0.00675189901033213,0.008152450492250107,0.004526861055902831,0.004274654856432969
2020-03-04,0.0,-0.0004894063524507608,0.02305517392506462,0.01353884354669277,0.01280629369134223,0.017506121915571216,0.015705522166417962,0.01432110164567546,0.008146038135459444,0.016234431925181037
2020-03-05,0.0,0.019710517385030712,0.016666690149743202,0.02129861061935201,0.016675120538314214,0.02163366588843041,0.020285411833071754,0.0197446605474203,0.016593802079980513,0.017004261472415072
2020-03-06,0.0,-0.009097297618680389,0.006192703188854676,0.002204379902186915,-0.0029404446091386705,0.0037314785663695726,-0.0046541263543625755,-0.007644744798104175,-0.011130404545765304,-0.012382736289815566
2020-03-09,0.0,-0.0362967193583974,-0.032315197187319455,-0.03775342713004948,-0.03304150382391624,-0.021870037105223283,-0.034544565616782985,-0.03126768265024382,-0.03403850808021691,-0.023269641720161216
2020-03-10,0.0,0.026835501011301943,0.014768141483983754,0.021781696965437858,0.019489744565349465,0.013804558688557567,0.02027100851389063,0.01616707360915437,0.01512286744349911,0.017471167000028265
2020-03-11,0.0,-0.042270314564671896,-0.010119785322062147,-0.00913976597137911,-0.012065527606814563,-0.0067864813639367805,-0.00985746352899386,-0.006334248982016399,-0.009441623781982433,-0.005338611115658587
2020-03-12,0.0,-0.02843955568083445,-0.012803275901155375,-0.01493283152235192,-0.01927081192266178,-0.019471695507459086,-0.018576016898925962,-0.01449783042018471,-0.021249193564829683,-0.01661838115981018
2020-03-13,0.0,-0.019481543560290082,-0.006695364068641019,-0.005037377383909858,-0.014156510854012816,-0.012992071789152848,-0.008353262604712919,-0.012420350821212067,-0.013007708483988578,-0.017065023502399024
2020-03-16,0.0,-0.04451241970109454,-0.030970420728161474,-0.036801520895960116,-0.039241341749942094,-0.02707561427530747,-0.0353860187720918,-0.026412689264683542,-0.028388442853501616,-0.03104254592022837
2020-03-17,0.0,0.013270562756646509,0.01460724237921962,0.005387569958284155,-0.005267936317750355,0.00039796017472459866,-0.0029935632164680426,-0.0029280883120542667,0.002814767076580571,0.007717819825433292
2020-03-18,0.0,-0.023748038387979786,-0.018181146942324977,-0.019237656909189216,-0.022634379643061364,-0.02287007788317541,-0.02032416307881313,-0.01832892347959547,-0.014752690696978599,-0.010576131948438316
2020-03-19,0.0,0.003963309869259968,0.004562795874044179,0.0031747325861348763,0.0070420072491093055,-0.0021088227739920473,0.005781165263144539,0.004030665525935007,0.0008591517094806989,0.0067986070788692565
2020-03-20,0.0,0.014445923674886618,0.011568727871756224,0.01562644461751539,0.015808086151700484,0.012015687581734547,0.016938910330391854,0.016808292346747633,0.014048748834373681,0.015834115182479014
2020-03-23,0.0,-0.05287435147811159,-0.029701213848806973,-0.041953868364059566,-0.04275311650289526,-0.04089098078536235,-0.03617208025953955,-0.03248248100966944,-0.026505261577015715,-0.02203923603477098
2020-03-24,0.0,0.02139520399130146,0.010277243535775193,0.017350181077101956,0.019600102980092515,0.014884704846275021,0.0172050594352684,0.018431590334496706,0.02075932546310244,0.012618389111055617
2020-03-25,0.0,0.02394512781467828,0.015364486716255232,0.02372785905950381,0.02194378382549944,0.022736917057053718,0.022241434844927133,0.01814933085080961,0.018257778060628338,0.011630328186789551
2020-03-26,0.0,-0.012474156915591283,-0.015860160217553654,-0.01357970928972807,-0.013206111945106014,-0.012033426479495679,-0.011292981485166664,-0.008955449056875842,-0.012050766095779708,-0.009508567515871813
2020-03-27,0.0,-0.004769688256490157,0.0010601096610616256,0.0020448278584974666,0.0009088613280197055,-0.0005804864219615125,0.0025121620310020187,0.007437525223505936,0.00648483129324573,-0.0016535670653878842
2020-03-30,0.0,-0.03286940219828072,-0.010494821344093408,-0.021974692651904326,-0.015153174856707974,-0.01626908384943715,-0.013221092295268022,-0.008806944290283059,-0.011634805652572577,-0.009843186742938048
2020-03-31,0.0,0.011167944226142978,0.000748746776573217,-0.006818690711542619,-0.0041751601430234375,0.0007986504961798868,-0.004026887264944823,-9.272156203943283e-07,5.8230035039796846e-05,-0.007465746991932254
2020-04-01,0.0,-0.013943319076425209,-0.012921675535403243,-0.005620112785525766,-0.007463657905971144,-0.008106505577663237,-0.005982834715926533,-0.0086184718172867,-0.00406243663627992,-0.012708113777037955
2020-04-02,0.0,0.03995562418536647,0.01822207871709769,0.013708588531543775,0.018255230207431028,0.01649950806638434,0.016272508784699102,0.017079025468272224,0.01342580889090872,0.010656814403362525
2020-04-03,0.0,-0.0027721204237691754,-0.011773118704329955,-0.008975111723847573,-0.00836037637296716,-0.006027755389388378,-0.006970477684698606,-0.004894573522253198,-0.0055948383472629315,-0.010537563346280976
2020-04-07,0.0,0.018518040628099586,0.039011803668612455,0.026257176647067615,0.026385080958996276,0.029318984817555016,0.02841847736560288,0.025933039229995236,0.023118406999743213,0.02985453092445689
2020-04-08,0.0,-0.0007391339074818148,0.002623102189768023,0.007611185762227635,3.141838955200704e-05,0.006255804297179868,0.0031605856934158183,0.00667044385264659,0.0037403124076054173,0.0030350979793805077
2020-04-09,0.0,0.006144545022471304,0.01642173720029172,0.0028185244200706894,0.005579618182399271,0.0030347643871595498,0.00557438444046876,0.006362890634485918,0.0036378383238802048,0.015727996265440636
2020-04-10,0.0,-0.044861556176816864,-0.027341181031276807,-0.020094196860122704,-0.01564444475842941,-0.016563743392146613,-0.016629833267614358,-0.015235268715229178,-0.016348417190279796,-0.014060979480189584
2020-04-13,0.0,-0.018168001570082137,-0.003653765659593522,-0.004512046666932612,-0.009259558916423383,-0.001317205806047661,-0.005027379423550693,-0.00036285528541823986,-0.0005655263260981869,-0.002334436165819964
2020-04-14,0.0,0.031062230510138678,0.019224163309189857,0.016324523256202594,0.014965680109445767,0.01767369957424858,0.017574849903563727,0.009557321242685601,0.0159809362405281,0.00863277997017664
2020-04-15,0.0,0.008558324481847901,0.004657113015070546,-0.010307468573713674,-0.007983337718923789,-0.008618875119781433,-0.008709777116116535,-0.01045332633071594,-0.006042835411720016,-0.001998201608232497
2020-04-16,0.0,0.034865307186385586,0.017841684237559496,0.005167339364662293,-0.0010174310864811131,0.0017344341341565261,0.004461546430904795,0.0016497200503953202,4.986659107997227e-05,0.009712398595024263
2020-04-17,0.0,-0.01103798036771586,-0.01072119777200975,0.0032399559775866393,0.0007042198634801267,-0.001980189438785418,-0.0019854608400772245,0.001659325563218239,0.0073952291113703605,-0.00220280143927043
2020-04-20,0.0,0.004351497196923182,-0.0006224659679250344,0.009133074430605514,0.0028914688360197616,0.013130644430006777,0.005600244970723756,0.00601494808356029,0.005464782150230274,0.014466587942229214
2020-04-21,0.0,-0.010763611167738829,0.009671526475311554,-0.003641065065554727,-0.009327270680502986,-0.005173900879242077,-0.006111187081704217,-0.005844361132883447,-0.00216401245308806,-0.0001600206373039148
2020-04-22,0.0,0.012301545806755465,0.011433962418746946,0.00537685571933344,0.009322032879734543,0.003150614227935833,0.00991975726153349,0.009164926224380032,0.008337678712723395,0.014744888038537463
2020-04-23,0.0,-0.008905960115466294,-0.0077744566365099965,-0.007299045147026506,-0.0011033185389093259,0.0014540642145237648,0.0027005775929538345,-0.004177351865871426,-0.005687534009723327,-0.0051482693332013385
2020-04-24,0.0,-0.013830993896336796,-0.022985532993095026,-0.017438102475397455,-0.018368815979701747,-0.02212053740776243,-0.009182220844506261,-0.012431089699015963,-0.010297575881788146,-0.017806990049779814
2020-04-27,0.0,-0.0322817971804803,-0.005034070663429868,-0.00901368559933824,-0.0028569532117500573,0.0016469126881522023,-0.0048529783832795825,-0.00564692032962355,0.00220818432014136,0.005236699814270995
2020-04-28,0.0,-0.025573455397369882,-0.015867821025082995,-0.015969489208010113,-0.0169072287933012,-0.02085688095111582,-0.016370972314611265,-0.02095600029921907,-0.017514804879302237,-0.01928434154523273
2020-04-29,0.0,-0.017244435925921064,-0.013838199792208683,-0.0003491231563831354,0.0007667141865692617,0.0007539348825305048,0.006599101503702132,0.0037814483948033217,0.004610821483884475,0.0070165786692708565
2020-04-30,0.0,0.024593944731662765,0.012366641757137753,0.023220901377340564,0.019834950851037814,0.011906916755100916,0.016888447797990702,0.0161756494498142,-0.003863341259441877,0.02069037040826127
2020-05-06,0.0,0.011550156630586228,0.01749614126491794,0.01654794210060495,0.012651028524927721,0.009610270102470064,0.011003890920271653,0.008182137027120229,0.0025024317629154247,0.011468551448332143
2020-05-07,0.0,-0.006688201621048884,0.0009780497768940855,-0.008352897006247417,-0.006355179914720566,-0.002314989087912611,-0.0032307665785169526,-0.0033688346787691392,-0.003183353837919345,-0.0034918920464642733
2020-05-08,0.0,-0.01506685626938797,-0.002424811471799653,0.00028413631256694015,0.002216508124436585,0.0031925030412873695,0.004183636269677954,0.004901503601817883,0.0009957763878598088,0.009241595371507063
2020-05-11,0.0,0.004138537999525571,0.0005004593482411668,-0.0019027116034409097,-0.002209337070840367,0.00020381188597595745,0.0009423979626554946,-0.0005909282491577406,-0.004239718698249129,0.008798199804458173
2020-05-12,0.0,-0.0002552006955457431,-0.01773142188263177,-0.007774144624502544,-0.00634421148960862,-0.005364309671867962,-0.004563801497338815,-0.006632560521615205,-0.005747986751773793,-0.009538814954278552
2020-05-13,0.0,0.015127362556485613,0.0007458448390573746,0.005378401686338963,0.0016213936968161313,0.0046415238469359466,0.0007656134361442302,0.0029576602716927525,0.0036491903692430494,-0.001118091221486428
2020-05-14,0.0,-0.026228767684901344,-0.007246985119808702,-0.006181963329914386,-0.010815225910276727,-0.006617609412683079,-0.008437644563131341,-0.011697678888441865,-0.007951610359921424,-0.013080146006517523
2020-05-15,0.0,0.007354085751398509,-0.0035357230144734686,-0.002725197482320696,0.003532281367672363,0.0024168514111051476,0.0036067596795719137,0.00449906634636732,-0.00010953125358692528,-0.00018109580726177743
2020-05-18,0.0,-0.0007893328894474916,-0.010841706239127169,0.0014518455456364876,0.0028779879731930524,0.0034623430042874936,0.0014806892528556048,0.003078756786472292,0.0005297695088757326,0.0004956403500722129
2020-05-19,0.0,-0.0057435226062992895,0.00355217281008513,0.004626444818806252,0.002783596783529463,0.006214172839150267,0.006504409001913292,0.004867826375181572,0.006538584078751519,0.001121959092294622
2020-05-20,0.0,-0.01608594967477106,-0.005210583806857794,-0.0017562427880063458,-0.007757320690773284,-0.008000477937018524,-0.0056954058829914445,-0.0054191807631048805,-0.008152959507229718,-0.010193957423939692
2020-05-21,0.0,0.0016181148360785436,-0.006247312001309457,-0.002735012951557203,-0.0032468675888739362,-0.005391234699681058,-0.0020512939788460693,-0.004331034569987291,-0.004167351633259098,-0.0003586807575216566
2020-05-22,0.0,0.0015449979769086575,-0.012691099559679175,-0.011721161949965975,-0.018514430051890907,-0.012272935585456501,-0.01125188568228308,-0.010707178367012848,-0.012639827733558873,-0.01318505292643224
2020-05-25,0.0,-0.012792305516521107,0.011394939121075476,-0.00474656876575108,-0.00314400320754471,0.002318789878965166,0.0024733343043692457,-0.0013202187669308918,0.0022853275053902333,0.013536843301379609
2020-05-26,0.0,0.012443143296583914,0.019271427309578648,0.01642857726571112,0.013504694684147722,0.010481026391969683,0.013780627395985068,0.01482628413642395,0.010325931720575943,0.011046690197312081
2020-05-27,0.0,-0.0019136903132369598,0.00165446270154046,0.0015949122576941477,0.0025859296305550394,0.004324201239034764,-1.1890605025155487e-05,0.0054479706897796465,-0.0001761258020059886,0.004894949159705675
2020-05-28,0.0,0.0024798556168852404,-0.008607498522891444,-0.003711084992640057,-0.0013644506922985133,0.0008710583250080006,-0.004387918028534443,0.003233644866970531,0.0032717261238601747,-0.0008796923173644
2020-05-29,0.0,0.005100182160173272,0.010093086039622223,0.010207553093708022,0.009491888526670156,0.005056820807476159,0.0011739779523816107,0.006459896374568785,0.004648557955802879,0.008362586551513562
2020-06-01,0.0,0.02078236284540136,0.022189640908800046,0.020547368852859682,0.02072109343845141,0.021973511725920103,0.02423851038259106,0.02380366175292692,0.01791341553309511,0.01827469268871651
2020-06-02,0.0,-0.001245662402321157,0.02597825016790023,0.013427298994792336,0.011856644541387462,0.008227983441638553,0.01080456139893804,0.004414714850608625,0.006452930029375414,0.004334828030172044
2020-06-03,0.0,-0.0037128039768660193,-0.003077730510069765,-0.0022858182034619645,-0.0012400346012296781,0.0012472159507483926,0.0030089646762523348,0.0011072205608240182,-0.001372052333361018,-0.003822078198451373
2020-06-04,0.0,-5.473471091377302e-05,-0.006992164300903436,0.007159893515546134,0.006360518018881711,0.00478771314022608,0.0017576679117636829,0.006858027148956003,0.0012185111163738327,0.0014877747492922921
2020-06-05,0.0,0.0010475744800542142,-0.004868048833273186,-0.0035650746786182186,-0.00399719054304315,-0.003015848505903751,-0.003656332595030287,-0.003959096749345914,-0.005545962465485776,-0.0008611904641051549
2020-06-08,0.0,-0.006497213490761489,-0.00048796382855842424,-0.007709916380694515,0.00010563518874073807,0.0019341117501885385,-0.003000531424809605,-0.0011625325639098572,-0.0031991835311703243,0.010827645228715266
2020-06-09,0.0,0.01049247364590844,-4.0886040917342825e-05,-0.0016598495769288846,0.00010536334713462381,0.004238897696459576,0.0018612157807018637,0.0028387859796616954,0.0054417852568924285,-0.0017686753040871972
2020-06-10,0.0,0.0004954631954641187,-0.005319956379856827,-0.005981136651374008,-0.0037792176391457932,-0.004446718509601655,-0.0025217389992546746,-0.004906051658549182,-0.0064770202960187095,-0.003707476525698583
2020-06-11,0.0,-0.015347184880755815,-0.0007890870338114198,-0.008428332093259772,-0.004252426431840206,-0.006449795778792566,-0.005603599263141024,-0.000425163666838424,-0.007428510912157238,-0.013152511778058096
2020-06-12,0.0,9.011104534750736e-05,-0.003381528714589077,-0.0015039336289854877,-0.001241218148134715,0.0014619774899231608,-0.00032168805363230746,-0.0007455388931563167,-0.000574431576234935,-0.0022738066405301183
2020-06-15,0.0,0.011713351031164887,-0.002136025456844548,0.000486100774701681,0.0017431758466006642,-0.0014782442740673973,-0.002553602240005448,-0.00458954695281466,-0.0018913609351137728,-0.014980174821902503
2020-06-16,0.0,0.0017266097612955722,0.010660570638864275,0.012469489193588146,0.015779663772244268,0.014033749755137936,0.01124333517841114,0.013227136776309267,0.010823112988741945,0.02360375824775418
2020-06-17,0.0,0.0029884255326297904,-0.0014843773357385848,0.0009450140239692928,0.005837752970299759,0.00130333696327245,0.00495310870936061,0.002558963897009603,0.0013493371667574472,0.005790021760859965
2020-06-18,0.0,0.04530438636830891,0.006441415894195224,-0.00116527845534653,0.0027476304582010336,0.0028563302824038406,0.006830799416277733,0.004834642916102583,-9.177808029325885e-05,0.00818064090550119
2020-06-19,0.0,-0.001047767562934343,-0.002586639949011982,0.0016483980528307907,-0.001271699976111873,-0.0030781563257836764,0.0014834156312888425,0.008310412285821078,0.0003102820810558793,-0.0020594709944784517
2020-06-22,0.0,-0.026170298694341065,-0.005217316030432406,-0.005495605970438411,-0.006312679922728326,-0.0027769877912046104,-0.005723485295817232,-0.005216278055695911,-0.002679630771561081,-0.004867641958594904
2020-06-23,0.0,-0.019438966551415637,-0.006797223768847838,-0.004731737679060322,-0.004389780182874725,-0.004693447481920354,-0.00598451239670883,-0.007505575548915844,-0.0017275970345529412,-0.003382779561263649
2020-06-24,0.0,-0.019718256169353965,-0.002735697123860681,-0.0022552865281060264,-0.004161084275650873,-0.007049488474858645,-0.0066060831458696345,-0.008349320374587021,-0.004565541976628951,-0.005523131192116892
2020-06-29,0.0,0.008273021285648996,-0.010407482795712908,-0.009567111042310561,-0.011243256553796988,-0.006990131674357691,-0.008112619543410471,-0.008418926904026569,-0.010464287386001137,-0.019362208548640014
2020-06-30,0.0,0.02218678339908675,0.007878865673842661,0.008439629215552857,0.009115388658753831,0.012175346670769027,0.010309795145405865,0.01122238880235038,0.011014820128267377,0.00882187090946962
2020-07-01,0.0,0.029493721796134187,0.005054968878573263,0.012575664795457797,0.008509866014878575,0.014086936966494656,0.012333662419576008,0.011784842130771356,0.009581756101665562,0.011728485945061928
2020-07-02,0.0,0.03621413933541695,0.014593704213836434,0.019132253791900755,0.02209764648563195,0.023379767129049434,0.02322989023007538,0.019892489539824476,0.02258589037085068,0.012172508117626268
2020-07-03,0.0,0.023124277443598018,0.006312227658231029,0.0173525244035464,0.015164599375291132,0.020310383609913885,0.019007212748718416,0.01833834191006134,0.01855693500933686,0.013643170582160913
2020-07-06,0.0,0.0566249121979332,0.04204462895968186,0.043815385757578484,0.04702810604098495,0.04839877370698353,0.04871664444306911,0.050457147742640984,0.04980939763886805,0.04477853676208787
2020-07-07,0.0,-0.032441258635035886,0.0013338036541032938,0.002606039668179738,-0.0029813629873725045,-0.001669543639081339,0.0026770582543189647,0.00556421859798073,-0.0013936124683384676,-0.0019354018189235989
2020-07-08,0.0,0.0023986565426714623,0.013285982066817414,0.019556800576989053,0.020130235781865347,0.018061767803322137,0.022345776289315555,0.02243920249646858,0.023629884495746323,0.02470110777597867
2020-07-09,0.0,0.018095929934503152,0.01637278858902791,0.021455470624016204,0.019067109359720114,0.017663426401556048,0.020729481258531912,0.026609879914308632,0.020666768021665227,0.02964943216046456
2020-07-10,0.0,0.010493695524591562,-0.006983002830158513,-0.0019883422764912506,-0.012677436693500188,-0.009190279287459746,-0.013937439446830346,-0.010110313269563131,-0.011293416577246695,-0.001146346525292885
2020-07-13,0.0,0.02983674887546295,0.020961980885372267,0.023524993983501385,0.02687358815600316,0.03134518407643494,0.025791105954680704,0.03469761461655141,0.02515749852772675,0.03527988540524518
2020-07-14,0.0,0.015679029654695587,-0.00627988067541807,-0.004243764902459479,-0.004889440627439345,-0.007185272904951523,-0.0045810268938519805,-0.008321652448068595,-0.0024600304759135883,0.0027111877329519807
2020-07-15,0.0,-0.0006294994339701709,-0.031160886480556815,-0.02766860675342342,-0.02435265411873022,-0.02456673090598971,-0.024517385512755285,-0.03332661578180052,-0.02113550842974521,-0.03432760015688652
2020-07-16,0.0,-0.017692980508334677,-0.035196551319457314,-0.03250141803611184,-0.035716904305410635,-0.042357834914575454,-0.03837279638440483,-0.03829206566220811,-0.026859942690567018,-0.031051061076227682
2020-07-17,0.0,0.01308254315762003,-0.015686299926276792,0.004288197188467624,0.00025742501428061004,-0.0032370937879253603,-0.007126407648372579,-0.006718967391992292,1.8720430165597435e-05,-0.00561466194229987
2020-07-20,0.0,0.044677894455678935,0.04162638384183803,0.04419480980047363,0.04067054212556931,0.044854323206254376,0.04093691210163408,0.042395438718154654,0.03931863462556917,0.04063696680263229
2020-07-21,0.0,0.00959674389483145,0.005595512564668503,0.004138394339336049,-0.0024022105246849224,0.0029655456928741053,0.001483862168028205,0.006911140640860625,0.00143370742034854,0.0009552609979730509
2020-07-22,0.0,0.018815314568167985,-0.007874705209337307,-0.0031201980357954406,-0.002173505040814261,0.001928247874024569,0.001463448386596955,0.0010128409757765855,0.001514330723292323,0.010536221254675127
2020-07-23,0.0,0.012752549706399607,-0.006652803429651577,-0.005494579907020514,-0.00895464719401351,-0.001941596356023756,-0.008092207772140037,-0.004156329079226473,-1.3807566343615463e-06,-0.007030582138319197
2020-07-24,0.0,0.0006342324877928185,-0.03505518507812255,-0.03354364413001765,-0.031317312800492214,-0.03332874336463976,-0.0352845758815975,-0.03669855192013649,-0.03382421532954283,-0.042952803089346014
2020-07-27,0.0,0.02056021887860293,-0.002650059838893992,0.002811106396118923,0.002965236345464639,-0.003230605008885834,-0.0017617821990930649,0.0034438475350955233,-0.0011848424734117735,0.001464903121004335
2020-07-28,0.0,0.02290907482744875,0.008461794493708652,0.0034092626595008113,0.016002143550517767,0.006451980021448422,0.00429711357386009,0.004962064435625635,0.004624541324916631,0.0032998683618585822
2020-07-29,0.0,0.03399128610297075,0.018541765071097727,0.015488234392329714,0.01558978809178413,0.019460447262316327,0.01843886896024327,0.018210964134679708,0.01798455412916078,0.0219318542736473
2020-07-30,0.0,0.020683415012952455,-0.003956220851810577,-0.0012862296262393658,0.0032038883154521525,0.004612745619930747,0.006474497464025619,0.003608379861000932,0.009395703187059512,-0.004506015108054595
2020-07-31,0.0,0.027351688918958006,0.00625313529600402,0.007227314228414716,0.01047102845098058,0.009832856975878101,0.008523657670564955,0.01331374178393152,0.006128176172039312,0.0039046919853460427
2020-08-03,0.0,0.03498619022681981,0.022012867873064224,0.030166565456417826,0.025515141980952283,0.028734610811730787,0.02385436834998944,0.029099429048371483,0.02744173252468629,0.038703857387086815
2020-08-04,0.0,0.023448425468900247,0.009563391586645542,-0.00276704647096937,0.0017971948023767226,-0.006083493104610982,-0.001106237317031078,-0.005019433696059283,-0.0056926481934517215,0.01353944768536941
2020-08-05,0.0,0.025206831855995926,0.0021164435857561337,0.0035969089096095086,0.007067702351729377,-0.0006085085769749199,0.0012970644008301058,0.003740174613370062,0.0010835161149527206,0.014686703244131127
2020-08-06,0.0,0.027389624155045533,0.007843134936485363,7.129766645430635e-05,-0.0075901795638188,-0.003296022944373145,0.0033928798926032844,-0.0018884111960740801,0.00030823786286249266,0.00023187284548975562
2020-08-07,0.0,-0.03810526881935039,-0.008959139950876938,-0.005940257045341513,-0.007966750278899037,-0.007144636125541504,-0.009521042521440592,-0.012185536837635902,-0.013479752281006174,-0.015617770344722004
2020-08-10,0.0,-0.01981199086805241,0.022301419132949363,0.0096058754836863,0.01052947689169903,0.016300387629596402,0.01433372719377779,0.014423189494400024,0.00879775722122167,0.00721626716543855
2020-08-11,0.0,-0.03378414850077727,-0.02242567346255986,-0.019203068186712247,-0.013478621631108245,-0.014872011536318896,-0.01758045256597085,-0.014504468153484162,-0.019809974810449438,-0.017652368875828772
2020-08-12,0.0,-0.022622652696166035,-9.179662308711478e-05,0.0034583965933840943,-0.00026782198659713874,-0.0034761981891481275,-0.0009083344079380273,-0.002847687264387333,-0.004901677640842261,-0.006644177793072914
2020-08-13,0.0,0.030770593450031747,0.00695651315850343,0.006650738272488299,0.006313781741826396,0.008988275262200363,0.007935178643103447,0.006140529217689927,0.013044904270262503,0.009085724520361271
2020-08-14,0.0,-0.024743664707157276,-0.0025568930991759498,-0.0012138747872720845,0.005156002401913495,0.0010074913246378436,0.0022522811473477677,-0.0013856377688521437,0.0018660417796136919,0.009738906945386816
2020-08-17,0.0,-0.008187583721084413,0.016007543171341343,0.017813014922103187,0.01788888909737074,0.021976301828477984,0.02066306816011565,0.016100231156237266,0.013306792770464204,0.014021393776707969
2020-08-18,0.0,-0.011022992828830458,0.004449651621710959,0.0086737122590399,0.004693634543328606,0.009971033502006454,0.006804176327250389,0.010030755998855057,0.007880344156972585,0.009542009188691969
2020-08-19,0.0,-0.02894747779275464,-0.00799008075276908,-0.007238587123672202,-0.009942059595925534,-0.009215765742041415,-0.00808402106342121,-0.009770444496153718,-0.0043627770056055,-0.008746897409517285
2020-08-20,0.0,-0.01963078888601877,-0.015314344287668868,-0.011922861924266281,-0.011978289884753024,-0.014909060383481831,-0.009255942002127648,-0.016523247666413998,-0.019320822368385948,-0.004854906205340237
2020-08-21,0.0,-0.02116490036180052,0.003185699299875999,0.003937160445453669,0.00142111690428659,0.004797482965336108,0.007680692247498566,0.0026171831731691686,0.00439822829128933,0.004520721492544455
2020-08-24,0.0,0.018016355721714783,0.001397307850487195,0.0024892910004836732,0.0004918592474512096,0.0028064210906422193,-0.0024270261395574755,0.0014091001971261452,-0.002532752495035262,-0.00524149600360968
2020-08-25,0.0,0.01823994187972411,-0.006234927141154922,-0.006582434661321246,-0.010765910870401907,-0.0042613274610580065,-0.010551867805494441,-0.013775113699665997,-0.008166323882806692,-0.006537206994050027
2020-08-26,0.0,0.0177444659949475,-0.014202250357287727,-0.013146776294188478,-0.018377443185013664,-0.020198731830805783,-0.01604970016142193,-0.021567668499511528,-0.01764013996478797,-0.020061104872444724
2020-08-27,0.0,0.033523433362805166,0.005195569529354849,0.010361898425460758,0.008075456175774542,0.007930781441526369,0.006145368512579408,0.010112617401559998,0.010504351512769405,0.012385755892968087
2020-08-28,0.0,-0.01140293666226877,0.0028612484638816937,0.010184146650999981,0.00484306619812136,0.012569978496824286,0.009576692636007245,0.005357541088416573,0.007894337232313253,0.008668983119122009
2020-08-31,0.0,-0.030917501845294737,0.003129110240199795,-0.0063979660316833,0.0036782359874045767,0.0006523485810858709,-0.0022862825144094323,-0.001514310132795238,0.0009321679669513916,0.00584199137746233
2020-09-01,0.0,-0.010346821027192199,0.013923884207165615,-0.00023020238844040364,0.004160803201015417,0.005101366109902639,0.007023806011270173,0.0009474786854821726,0.003618430341332246,0.0009939497803417296
2020-09-02,0.0,0.0030867569440653497,0.012966943620189353,0.004526297456618478,0.0007041572286050624,0.003870731140678041,0.00014550729078810498,-0.002640766081101975,-0.0013494782061503896,0.0006651063773559507
2020-09-03,0.0,0.01853045769719519,-0.004755958198659704,-0.0017650075094745032,-0.007062087487582636,-0.010099472402231968,-0.007220879456173224,-0.00830372321366446,-0.006810778838989395,-0.01191716131601983
2020-09-04,0.0,0.014154495378654985,0.0070703501854041395,-0.0028755956329400423,0.003267485794831382,-0.003274306166615837,-0.0020799204240706803,-0.003389580281053073,-0.004487947224505184,-0.00494841036461624
2020-09-07,0.0,0.021255081107208307,0.005433521271922981,-0.007011278076286542,-0.008524950144195742,-0.00819432475969084,-0.011695186651936362,-0.009175465126017524,-0.009931204077644473,-0.012014703766212942
2020-09-08,0.0,0.017390548550101803,0.02203232531867627,0.012944099615791682,0.015005191757889502,0.014955350213735619,0.015196543845217514,0.01962410337759435,0.01783301842931695,0.0027741930449540764
2020-09-09,0.0,0.04778057374541356,-0.019958368427439144,-0.009518669431525573,-0.013896588568796608,-0.018439793218300138,-0.009887040314302431,-0.008381229655256117,-0.00867509270878386,-0.0036511033126293
2020-09-10,0.0,-0.007278325962025156,-0.0427039112728097,-0.028189956345229583,-0.0324751018779138,-0.029632070137026068,-0.025377771372252278,-0.031839340775464575,-0.02540894392096338,-0.0304348048236881
2020-09-11,0.0,-0.0028492954241619017,0.010015778643810869,0.006555453946590406,0.014693864125203904,0.007857417498102093,0.00377264212302153,0.011212879611730786,0.003993731907476983,0.01055480048556312
2020-09-14,0.0,-0.020782450606199543,0.004079385019007731,0.007752000794566838,0.004860787912541076,0.00780824228864474,0.006126468143473618,0.005166134990861604,0.006393365931821382,-0.0005180885128696078
2020-09-15,0.0,0.01964231510652259,-0.008339521999102595,0.002673231719405811,-0.0022253368340238167,0.005453549865849006,0.0030857220850968314,0.00435642712239348,-0.0023483621961225554,0.000854728471586963
2020-09-16,0.0,0.023943613892885462,0.001562231151862159,0.002336017796883416,-0.003080036960895538,-0.005396580370630066,0.0006271024553854421,-0.0028141272995722,-0.0016496291550107678,-0.006148739619939003
2020-09-17,0.0,-0.013464403656242574,0.011228123034184856,0.005691795358362395,-0.002851645044240847,-9.934368475195132e-05,-0.001938489443715996,-0.0020540792266895425,0.0012359881899290937,0.003232706345706493
2020-09-18,0.0,0.010409396584697417,0.009604646137645556,0.014315213815656591,0.014552295684667538,0.018028653932371963,0.014007997975890474,0.016177004581800603,0.013782442546957263,0.01366902596504449
2020-09-21,0.0,-0.017761009748600842,0.013149449997051477,-0.0036277246958614784,0.00039743253675794676,-0.0019406295188957312,-0.0016989120608861263,-0.0020083717968700787,-0.0015852625596098902,-0.004269245533541355
2020-09-22,0.0,0.007790724937021043,-0.01355794909521535,-0.013020587255223703,-0.01628355458936981,-0.02009754843717526,-0.01536331122216894,-0.019280557492186046,-0.01646411292627581,-0.0177091739472115
2020-09-23,0.0,-0.027799640195061315,0.0003945475539668397,0.00011544295775989255,0.003378679352447511,0.00084481914141743,-0.0007998988283555164,0.004070855452273925,-0.001380378050863551,-0.0009706050245188447
2020-09-24,0.0,-0.03591302487239323,-0.029759748863223634,-0.023525148294936793,-0.02561713102632801,-0.024259441951724137,-0.025479161363568426,-0.025240647544378048,-0.02283869919967152,-0.024711114994187766
2020-09-25,0.0,-0.025652713666274418,-0.01666130661930576,-0.010431708798161021,-0.005248427439386583,-0.0067058565322404284,-0.0035427294345866667,-0.003509429932195496,0.0007562987189897452,-0.003342992672217715
2020-09-28,0.0,0.01815446544432109,-0.01148062910483827,-0.012353842435682827,-0.008954270304110112,-0.0077198513504253,-0.006741446336519186,-0.006088552496727906,-0.0024875030748922056,-0.010727234770788852
2020-09-29,0.0,-0.02950069171601677,0.007902767808073419,0.004045145534848693,0.0022904390434663746,0.0037540096610109153,-0.00012856188492760268,0.004657405550668514,0.004057406409809561,0.006298329045588025
2020-09-30,0.0,-0.0032894198348293324,-0.004375665406527118,-0.004606555788498556,-0.0038569068404858964,-0.004115335529916497,-0.008526106376669285,-0.008760864386960221,-0.010270369257994072,-0.0058219287051566315
2020-10-09,0.0,0.008449945254233482,0.01686837013317155,0.019552189544706167,0.025714543908436305,0.02426503665318802,0.024646222952049657,0.02962617681219415,0.02923744852674548,0.026889971700393867
2020-10-12,0.0,0.013270146096800328,0.0259323599888992,0.022835009571200438,0.02439050434301593,0.024329623740558803,0.025255340629117606,0.02636329718965902,0.02231000312942899,0.032552013458089
2020-10-13,0.0,-0.010408231736877327,0.0011054418712794778,0.001104893120232875,0.00475216955529234,0.00031861088862106257,-0.0010299889608625934,0.0006441770485252629,-0.00016461863731620507,-0.0019058591441899475
2020-10-14,0.0,-0.018330928603982,-0.012906664774651189,-0.014392826762846034,-0.004873883858388162,-0.004664434232500514,-0.007085506906396977,-0.006887593893194488,-0.005704279358446973,-0.008684944268620876
2020-10-15,0.0,0.02650453107779227,-0.0009698419241275236,-0.0017447821781156891,0.0007463766862132459,-0.0036805147436831387,-0.0034846753454673696,-0.005079927796925454,-0.0005136417883745414,0.008734035098101556
2020-10-16,0.0,0.0008570513102093003,-0.0029063126242983017,0.004439355794396693,0.007558135874292882,0.0039177407883483895,0.0026469725103857034,-0.0013107617410873518,0.002147998742770607,-0.006426197044281823
2020-10-19,0.0,-0.0031491783524602024,0.0041772413604732606,-0.008913843581095482,-0.002712050197594351,-0.006515058004870511,-0.004984896193039101,-0.0031203820488324707,-0.0065680521482638365,-0.01159848823724896
2020-10-20,0.0,0.02301134104601532,0.008451313143856831,0.0054086573377425395,0.0015867673354799106,0.0044409122171436,0.004168935966277099,0.006868959205784453,0.002779924737646766,0.002605041956015297
2020-10-21,0.0,0.021617227439338915,-0.013477648242326667,-0.010105019606377219,-0.004659096769186966,-0.009200825492441056,-0.008021724436501732,-0.011025884757334126,-0.006181052333619763,-0.009452244277565525
2020-10-22,0.0,-0.004969854932800555,-0.007310725196097878,-0.0014151073368825484,-0.0047058880938737335,-0.001179828322569243,-0.0047640702590783235,-0.0018947114278707877,-0.005311099668729891,-0.002721196913481827
2020-10-23,0.0,0.014898474385102167,-0.0029455332839603,-0.002561045726100164,-0.006562890313640546,-0.005210742788415823,-0.00814580873476356,-0.009956278465202306,-0.008481138054779902,-0.012197025939639006
2020-10-26,0.0,0.0006939360090214564,-0.0012277773104679701,-0.0004242104624128107,-0.006342461725776016,-0.004622241609657407,-0.001890335564475265,-0.00021435154834303916,-0.0012077437747274322,0.0015727239768064116
2020-10-27,0.0,-0.017505199538446314,-0.004601522959251092,-0.00771085436434249,-0.00012324878644143222,-0.00332925723805777,-0.002607903012362911,-0.004483594618251763,-0.004078820362976798,0.001580558118871922
2020-10-28,0.0,0.021639911619390162,-0.0006233312249224188,-0.000549162060652364,0.004463096407450795,0.005015817759896235,0.001050676772781145,0.004305250659332405,0.0055655729312615865,0.013248659072560454
2020-10-29,0.0,-0.009177291365987217,-0.010590793574656976,-0.002881765754877974,-0.0036335113664243135,-0.0010127568177491497,-0.0006026734285253799,0.00445697754027119,-0.0016473767099041137,-0.001382691855078444
2020-10-30,0.0,-0.035520841294404026,-0.01507225957261249,-0.022204637107666292,-0.023122273507673596,-0.01926214224778877,-0.021234335680159755,-0.018121564840890114,-0.02004805569890189,-0.016884235126636282
2020-11-02,0.0,0.013472191436435299,-0.0015417775819036583,0.0017893118777854156,0.0008270780827210888,0.0018724245622931956,0.005076316899896405,0.005075459520221592,0.0027512613026532406,0.009088935847665569
2020-11-03,0.0,0.04709722831186647,0.005423068641714268,0.020882928330796302,0.015001143727078947,0.017665922246789423,0.016205375263479427,0.01664280603191881,0.02067752769696285,0.0155066454323054
2020-11-04,0.0,-0.005829216688766681,-0.006511293816717223,-0.0036277160369994066,0.0006506799052736767,-0.00012358095756725973,-0.001481130863092761,-0.0006961562919313158,-0.0004900004506905864,0.008614791741615502
2020-11-05,0.0,-0.0031243894498126368,0.020718323865110744,0.014434781221595472,0.01539150918305987,0.022714044220647933,0.018227377270071177,0.01995864358799504,0.011879051661021212,0.021737210420815112
2020-11-06,0.0,0.0038660795696783268,-0.006826177671674816,-0.006159627514059407,0.0021333265881702257,-0.0007663455824804544,-0.0003116274915707651,-0.003466477947361324,-0.004796560573514408,-0.005612848601478926
2020-11-09,0.0,-0.0033219810955386064,0.0074473960694037,0.011791032686150782,0.01754289412344745,0.020617213522471145,0.01705063365816817,0.02334031492205768,0.0154811775807564,0.02625792555744111
2020-11-10,0.0,-0.010238576584803205,-0.00756117797375544,-0.0006397969408281634,-0.002330299150552939,-0.007324096117158119,-0.004339768402524258,-0.010128615410110453,-0.0054422691389117706,0.00037814678648295796
2020-11-11,0.0,0.018994762018775813,-0.01159840368280396,0.0033756720355433423,-0.003944900430214782,0.0007427779065984907,-1.7615806355952834e-05,-0.007961587610973875,0.0032353099980722,0.012693286203265375
2020-11-12,0.0,-0.024220927631431688,-0.0007571845005681643,0.006447997669256855,0.003650801369948553,0.008308156492841334,0.003893057806482414,0.0023590487390523496,-0.0009733708490475834,0.010000965167502818
2020-11-13,0.0,0.0037830265603719937,0.0001241245567848992,-0.0031162680506251483,-0.004546568408864915,-0.004690101317937012,-0.0025648604348190718,-0.0005344899080962362,3.770078471054816e-05,-0.002079605635118331
2020-11-16,0.0,0.0579362542592079,0.0073670999148491845,0.016438015803533323,0.016740796612403575,0.025044823740357547,0.024944335955288333,0.02302898220468652,0.018478977367201166,0.04035798921756051
2020-11-17,0.0,-0.010527177976655588,0.013518555694027157,0.0018382780859169667,0.001238131391804842,-0.0028734236496416043,0.0005680335828166516,0.004401120620783017,0.003660321542898304,0.0031142138594724145
2020-11-18,0.0,-0.012364736969048162,0.008807372262951363,0.009953997790119073,0.006118876246857807,0.005156452526415167,0.007786616860114615,0.0016017602562869993,0.0102546656467013,-0.0008425579124633487
2020-11-19,0.0,-0.03931806079196287,-0.007112208464983172,-0.0042016992920026475,-0.005412261325368095,-0.003694264493490751,-0.0036096635189160065,-0.0068475679618428265,0.00352713916858316,-0.008564132211703934
2020-11-20,0.0,0.024924134384930907,0.006829732946997957,0.003424333886764108,0.009199983175102844,0.008186244609830862,0.008711351477998619,0.01461292042049922,0.009455489137078832,0.009517683434348223
2020-11-23,0.0,0.019779323741820676,0.013695049658780434,0.010040140410876308,0.012283183436437417,0.014251790432112443,0.015432161207057593,0.012149123111896643,0.014138523806189074,0.008351204308619797
2020-11-24,0.0,0.00831255358019578,0.006592939464663994,0.0055958163392293425,0.001983473062039831,-0.003637218641454165,-0.0004372444309932444,-0.0033318427539095197,-0.001179287786006844,0.004172412472092546
2020-11-25,0.0,0.03610143441266267,-0.009881648372966456,-0.011723501375041967,-0.00728325306425559,-0.016293498447761734,-0.015050571649450561,-0.012283967862077416,-0.016333578954398686,-0.018316978349929736
2020-11-26,0.0,-0.01517019585225865,0.0021676854389056643,-0.003341577237741533,-0.0036194689640204336,-0.003318504541406253,-0.0038214268761831427,-0.0050627620580093735,-0.0009697974606761584,-0.0015248283652292693
2020-11-27,0.0,0.03447917453826199,0.0016209173617796058,-0.0011752841090472144,-0.00034119699975831974,-0.0013771647349357652,0.0022392044888270846,0.0005579870370073792,-0.001886895662217114,-0.006889478036734675
2020-11-30,0.0,0.041397109641053254,0.0005936130040216092,-0.00010970849654323711,-0.004381836037758879,-0.004929950299767283,-0.0006706535460664353,-0.002538069542026955,-0.0014536368102259223,-0.00871841988893074
2020-12-01,0.0,0.03940844398956522,0.004246139813412819,0.0041740162866743535,0.011287157309448625,0.009191959882822287,0.010887073826040483,0.010454124689579514,0.008501589227286166,0.012358946013803607
2020-12-02,0.0,0.059285652032347924,0.010445026118396594,6.10928890782958e-05,0.002953463597409778,0.0018747958877856075,0.003198368119016415,0.0015807070608397922,-0.002142495572793335,0.018482568701744695
2020-12-03,0.0,0.01814988892322189,0.00018270969923239733,-0.0032445888113498134,-0.008578287317908329,-0.010794273729037629,-0.005292018428114331,-0.0033187081796661744,-0.009097447777793644,0.014818065867373775
2020-12-04,0.0,-0.034037953935725174,-0.012474256396310723,0.0026537077232111628,-0.00016668150607990206,-0.0008286044517650248,-0.0040690891639654225,-0.003923572913102968,0.0003138862465634773,0.02022364820965117
2020-12-07,0.0,0.02034188424911121,-0.015157827410911762,-0.0001982462918795891,-0.00777814339631544,-0.007172663913796118,-0.010087512772189777,-0.007693294460882627,-0.007333843678530849,0.002478145070303528
2020-12-08,0.0,0.020160925092052473,-0.00394228290258769,-0.0003914804655960058,-0.0006470399379288061,-0.0034021631452969547,-0.0034496607683002223,-0.0016710505217698568,-0.00576052231841695,-0.01580104797653059
2020-12-09,0.0,0.027194337204511143,-0.018098236400408863,-0.004933757428728702,-0.01004566254524586,-0.012898044856008206,-0.014534810068050463,-0.016238047090824548,-0.01488769287279279,0.0063051756610510434
2020-12-10,0.0,-0.02627419026405997,-0.003121000848686939,-0.0004445219382323007,-0.001350650215718563,0.004486668468608679,0.0022956298707723644,-0.0028192347868273293,0.0009942851295308142,0.013169178397193004
2020-12-11,0.0,0.005356766836073001,-0.017387842121196595,-0.011308791906257665,-0.017077980452039565,-0.01852982551077531,-0.009375183596938563,-0.012740764467407462,-0.013645587667630465,-0.00749696309436132
2020-12-14,0.0,0.007037875172795749,0.004648183127862415,-0.002025489251606616,-0.000535348134605762,0.002416311129001425,0.0019018347006687364,0.006246236811658923,-0.0027647594918455143,-0.0020324782376408557
2020-12-15,0.0,-0.01570587387461364,-0.007401285168700644,-0.004303491212212962,-0.003181933575914564,0.00010005327733253466,0.004703376738436349,0.00414312778353243,0.0056877822785901255,7.692088747290882e-06
2020-12-16,0.0,-0.021051327819238908,-0.015407664937385102,-0.0014759260479105807,-0.012364566600909899,0.0003939623949484883,-0.006329819429291561,-0.00315233878418808,-0.008846976662783002,-0.01705608346618992
2020-12-17,0.0,0.03497743198381342,0.004086995253704373,0.012015035187448841,0.009418014669247299,0.014700087831686748,0.013841515956457329,0.019245577239959344,0.01135081195442078,0.020826671292080823
2020-12-18,0.0,0.018506930575092007,0.00360859720702833,0.010473121335353497,0.007349438408951636,0.0031666125586113925,0.006831463274431293,0.010879165029460625,0.00543038664851192,0.02613473794733312
2020-12-21,0.0,0.0339025391628871,0.005938761586290031,0.0082299818827829,0.007148975107809097,0.01017552423403889,0.010945454649217146,0.014038546937984897,0.007638908702452429,0.013834133873209087
2020-12-22,0.0,0.027129619084693912,-0.017312947944980506,-0.006578274623391334,-0.023318303477416813,-0.026644474057939682,-0.025832972841172253,-0.022508694934509466,-0.023848582391761353,-0.04084216260922913
2020-12-23,0.0,0.06671172967502303,0.00233702738232644,0.008691485044485914,0.008010727777375104,0.00966680452372648,0.007572784064804994,0.016963223634777647,0.014088426263261233,0.003388421793923513
2020-12-24,0.0,0.04516040037703961,-0.012736541218950626,-0.016808430997496848,-0.01047883581501785,-0.0165040858556863,-0.011929765977695461,-0.009205222970979365,-0.011216173478616476,0.00081587669857619
2020-12-25,0.0,0.05441864310236855,0.011941372097472813,0.008009872053075906,0.023290672406315105,0.016222320437998983,0.018010265088203248,0.019970468761663973,0.01858159569980855,0.0120897453352653
2020-12-28,0.0,0.04351397767503906,-0.01623475336541025,-0.0013854427788138057,0.0037918584312248704,0.0003992346419607884,0.0005446511349933569,0.003486888100478147,-0.0007839074201001495,-0.0022566062817023225
2020-12-29,0.0,-0.02352515573609404,-0.002719195119123996,-0.009813608270103025,-0.011498763277131285,-0.008763930500934047,-0.013381968707929293,-0.015463728096265728,-0.018935823619569248,-0.006475437387173044
2020-12-30,0.0,0.04755348756318112,0.006733245297311452,-0.0014280175389574934,0.002151089918529747,0.008304007275246938,0.011776524083677131,0.006596042084323628,-0.000351127451237776,0.016406822566792156
2020-12-31,0.0,0.02199165809645187,0.009866809551265066,0.0014191811063737347,0.005386555604648624,0.012342713860920007,0.008680394266193492,0.006012248521288122,0.0068700567496926546,0.0010348419463850345
2021-01-04,0.0,-0.015818619136782175,0.0016907337269507217,0.014987426699618167,0.011109969019582167,0.01432323395370827,0.0114717073867463,0.014969710172453743,0.010014519421440937,0.011524869387641523
2021-01-05,0.0,-0.054540903684070385,-0.0029699389018701394,0.00288961058914583,-0.007223376430812833,-0.0062770479402922685,-0.008177037430970868,-0.00501591400921253,-0.01044661135470848,-0.025740262659956104
2021-01-06,0.0,0.015942572375725383,-0.0003656839653846111,-0.011077758938983218,6.307039246444823e-05,-0.005302487826842617,-0.007198962832520639,-0.01725007263015521,0.001449279392863323,-0.007251944576879721
2021-01-07,0.0,-0.039047245213587045,-0.008011381191986189,-0.022798687484778868,-0.01418118806030233,-0.011273425450685215,-0.01372152936411064,-0.012060845995878089,-0.02158087453648805,-0.006374386196298043
2021-01-08,0.0,0.01697594182836526,0.007151042526246654,0.003122907188285007,-0.00045438743403047877,0.0046122433199886625,0.00492055671670899,-0.0039704769041440935,-0.0004352288651360281,-0.0025775939649698154
2021-01-11,0.0,-0.013538793607043798,-0.027773834647250695,-0.02022722950636746,-0.029213907964441566,-0.02319006571108584,-0.027918084564214518,-0.024240717761113473,-0.02829613433917466,-0.038857296376535344
2021-01-12,0.0,-0.035476866872482415,0.003665996101017921,0.003828923609646484,0.004702479561345951,0.01395803006866525,0.007762778509370349,0.003619353656803437,0.005572106955930689,0.0003033159863470303
2021-01-13,0.0,0.043478085629715,-0.009612589241545622,-0.006392775261806594,-0.007639977784780094,-0.00860129030452117,-0.005972651472538892,-0.001165599549419638,-0.010367823395351472,0.00023718592855304088
2021-01-14,0.0,-0.04296915195140849,0.008466311158149553,-0.0035487311133047816,-0.001938218258916602,-0.006271643714581443,-0.004629950536927274,-0.011962366477128783,-0.002832859176020386,8.719450426530884e-05
2021-01-15,0.0,-0.04015208276962723,0.012945964071701122,0.008794828269669042,0.006443603973464773,0.003698824248345556,0.005044911948287822,0.011621584130836249,0.00985587443467284,0.0079643732730863
2021-01-18,0.0,0.01322505116968542,0.014163283623647382,0.014596050038304664,0.014011450746157506,0.010372641999411236,0.01507127300434652,0.013366864363825615,0.012746915612813714,0.010930075421953012
2021-01-19,0.0,-0.017531870898341628,0.01694426323344267,0.003992057596737597,0.0009478094124417691,-0.002500821121002139,0.0018940865315892896,-0.0008672621682661585,0.004786470821806166,-0.0018701679127236526
2021-01-20,0.0,0.0283658388734489,0.002835757767553515,-0.0011988280103186755,0.003990779197431404,0.0005235305639641474,0.001592675184334924,0.002923317438473294,0.0013657569875440423,0.014532311152016142
2021-01-21,0.0,-0.015270101199211461,-0.007602370165945893,0.006668893134863962,0.007968274769939443,0.0077746346238465325,0.01178901159889012,0.005280083008780023,0.008293281042758727,0.0074015175593828975
2021-01-22,0.0,-0.03548913950994037,-0.006373788316828444,-0.016509507627743503,-0.007376261146508356,-0.013823002688109542,-0.008901083975159207,-0.00838439460281104,-0.017441333659809377,-0.003348646522044807
2021-01-25,0.0,-0.0011114650931646208,-0.01765998017186876,-0.006041253757695597,-0.007403427031131837,-0.013423227998753062,-0.009207597065407191,-0.014941803164706835,-0.01707197987980502,-0.01644564909856394
2021-01-26,0.0,-0.02313152875000568,-0.010542446698284968,-0.00018833776715576622,-0.012312497005875223,-0.0077622251974686085,-0.010108575998013736,-0.007934020563057032,-0.009802488630246797,-0.012117351881390959
2021-01-27,0.0,-0.0229789844562881,0.006692006113196092,-0.004303005491524958,0.004518897616242024,0.0032713307019121007,-0.0029770603904508697,0.004691315202519197,0.0020499944650758106,0.0025432395304365585
2021-01-28,0.0,-0.022341835543354782,-0.007010881570547189,-0.013346983203126106,-0.01449982940942185,-0.01826332872368508,-0.016505063249698027,-0.019293923227868714,-0.011487194061819084,-0.019447309082027964
2021-01-29,0.0,-0.025499894541492263,-0.015872026104432946,-0.006872210225432052,-0.01913179380961627,-0.012578718550315449,-0.014751738497161493,-0.013745325276274034,-0.013689972540315898,-0.012392665070579123
2021-02-01,0.0,0.06034241653856176,0.004297054214590146,0.0008863158052960785,0.00520015281027697,0.005414415847283305,0.007037459722869954,-0.0016492571391997224,0.000287291738451545,-0.0004713377206823077
2021-02-02,0.0,-0.06328026453726177,0.0007796470172138914,0.0023051387194201745,0.003051952541132552,0.00571837735027958,0.002433685269698671,0.006451923154469741,0.002501786688778651,-0.0012131451388084358
2021-02-03,0.0,-0.01066047080992194,-0.004846049544546038,-0.012347662662568482,-0.006995778071198111,-0.009256565480360246,-0.011693925743494704,-0.0075614361972249355,-0.014288411125155664,-0.01010212853061998
2021-02-04,0.0,-0.029050305664015896,-0.021894782489981446,-0.004053961211396451,-0.01905953830734375,-0.015051019839476543,-0.01110035359113426,-0.01851165803905286,-0.013950501599518828,-0.006976765222032166
2021-02-05,0.0,-0.029447293608005132,0.0058703945954694525,-0.018122810512140708,-0.014612442155175653,-0.017348224540412183,-0.01171559311257242,-0.02159337414907425,-0.011814581814979186,-0.005857341890145418
2021-02-08,0.0,0.016496326821231255,0.00928091771566697,0.007522136576354921,0.009363253903586388,0.01421539807924277,0.007917635676653267,0.0055016205162694565,0.0030568704343341135,0.018297391101083083
2021-02-09,0.0,0.0389359763544066,0.008612627841487974,0.018535948720316275,0.0195745783869814,0.019671991582751902,0.020357282166066915,0.02096236762559922,0.017914503769786094,0.012970325505992752
2021-02-10,0.0,-0.04579317964422924,0.009446251614030343,0.001538583810655414,0.003867708564871064,0.0023697436211438383,0.007731351036758927,0.00024767642788625643,0.006280114900401035,0.00397740763564669
2021-02-18,0.0,0.026956962989816757,0.02731375867195429,0.030762962380782133,0.03955779281157157,0.03344470481946038,0.036969663354072146,0.030862133126855706,0.03098015827727596,0.026128326039747796
2021-02-19,0.0,0.009408049313229139,0.029983655709952428,0.030527320097642363,0.02834609957258083,0.027190551397715534,0.030068717324882588,0.0237444546115948,0.033061544442392954,0.02251639520095572
2021-02-22,0.0,0.008450683816144666,0.013357568304232625,0.006555812204340539,0.022910571589844775,0.02170667216408395,0.019060242654034498,0.01583948851909267,0.013563872620339756,0.014817826210608898
2021-02-23,0.0,-0.008552196714878835,-0.0022330388774705057,-0.005388765422549291,-0.0022195681226246933,-0.004278608020325758,-0.005635664102455196,-0.0069533095316380855,-0.006162268327182696,0.0030225324799679765
2021-02-24,0.0,-0.024413392838316228,0.006660083563992503,-0.006690320435333574,-0.005359732312249399,-0.007910613774601338,-0.013632400885342344,-0.002503617016837656,-0.005157871364967814,-0.022266783178767513
2021-02-25,0.0,0.015097713520820566,0.006981204275978481,0.0025614332891874536,-0.004781827869574595,0.0017001821499373904,0.00047548813034148374,-0.0008494553657103499,-0.0004064300868986681,0.004954086657185552
2021-02-26,0.0,-0.01242534134384854,-0.0018801194799316079,-0.009756996913826477,-0.011088253003479043,-0.013979332153634783,-0.013517675663088813,-0.01137068278221487,-0.013115185527412754,-0.006574962345037627
2021-03-01,0.0,-0.009262711561142889,0.010737940796373469,0.014864152618028204,0.025101257178881342,0.026987134469916185,0.02040482748185668,0.018213006919647112,0.022795003235952738,0.016939933482292835
2021-03-02,0.0,-0.005436571978053473,0.0007522218419737658,-0.0034513732415266674,-0.011400862600619233,-0.008370025119402547,-0.008559681423398358,-0.0055527333928439004,-0.006520248247512073,-0.0015821151334995953
2021-03-03,0.0,0.026236012280805188,0.020340672998380604,0.013635614467105706,0.021328770132917008,0.023251825987363972,0.023592570863446127,0.016775948073882496,0.020528143853613567,0.02116349731623024
2021-03-04,0.0,0.045660115621195985,-0.00011164678869335365,0.0033920567465159923,4.1623609835728104e-05,-0.00584933120542297,-0.006244945018730186,-0.0017071430679094224,-0.0025791972140910557,-0.004186651843728573
2021-03-05,0.0,0.0641739645430921,0.0003286137978972814,0.002924459787833955,-0.001246277943516838,-0.005349172078949249,-0.0038718120165163183,0.006115539342098408,0.0009328762072289276,-0.011475266146317775
2021-03-08,0.0,0.06771140251772456,-0.013723862102021145,-0.006798620225830665,-0.011333301967890286,-0.009420931527403309,-0.005215030422277667,-0.004891360401229172,0.002190875780677226,-0.013353407722131672
2021-03-09,0.0,0.067830711727765,-0.00128176710648098,-0.008429512713950982,-0.01759645595053072,-0.01194314636141458,-0.018075044715941013,-0.012451410821078812,-0.01987521355865607,-0.01943213596464133
2021-03-10,0.0,0.001677657589124415,-0.011257287914269831,0.0021303698285197736,-0.011952474815138059,-0.007393036343554593,-0.007466760313189602,-0.012456187351411074,-0.008431018009899871,-0.006604748531348625
2021-03-11,0.0,-0.037858152691753855,0.015703624743134803,0.014400274797572443,0.023021870826294144,0.02637333079502513,0.026842619513510968,0.026199477645732383,0.027926516938827195,0.02374935406262968
2021-03-12,0.0,0.06666224801113696,0.01588362633844831,0.009869873659339001,0.004493117789821088,0.009548668190211496,0.011503562260901212,0.014353660765643816,0.020958223492431483,0.01046182747456803
2021-03-15,0.0,-0.05239416828877641,0.013998010707329422,-0.00197921255033906,0.009043090363307638,0.009797659180139195,0.007210068274871917,0.006968599149947297,0.008833037296733792,0.002921821466781216
2021-03-16,0.0,-0.015866565800208843,0.007294839615787252,0.008347748310584269,0.008356668757868224,0.0021097242379253256,0.006405972175448138,0.009958743006557746,0.011419340901285047,0.0006733150316327041
2021-03-17,0.0,0.011842207930646609,-0.004278514364375874,0.004203928273681212,-0.0026118424502831195,-0.003967016444965887,-0.004713668004672433,-0.005381661956501249,-0.013017751012083134,0.0002273095796399005
2021-03-18,0.0,-0.03939999057163024,0.002501526795258613,-0.005289752382366508,0.004345073569073321,0.008468791046927437,0.00241697486895176,0.0019749991361288632,0.0011807375741281767,0.007383115793834216
2021-03-19,0.0,-0.007433379744446245,0.004012231438506042,-0.006186152236774101,-0.012856359420550523,-0.014701279824931412,-0.009158893555697767,-0.0022803022947556206,0.0016852082089782172,-0.005212284635843112
2021-03-22,0.0,0.007496469509437276,0.019535704842661206,0.018706503559095866,0.021117968815570487,0.02095699790100669,0.022237751761386537,0.02565775864654385,0.025174632990125234,0.004495091591250944
2021-03-23,0.0,-0.03709054682458646,-0.012782858368884153,-0.010917630315536941,-0.021050857720920968,-0.022225354002117226,-0.02614412822798662,-0.02215748203053136,-0.01984917115746565,-0.00019774986397602667
2021-03-24,0.0,-0.025590380416864567,-0.014013200111061885,0.0013909643287304263,-0.014551941228607812,-0.013876838778836054,-0.008609747889003372,-0.011585051905586341,-0.003780132519785817,-0.0055124976223753785
2021-03-25,0.0,0.03329901788266776,-0.0010528407951375662,-0.005739665546161232,-0.006089729770491492,-0.009207160204756981,-0.010666149623067334,-0.014006806455539866,-0.017310640070394068,0.01633942385459508
2021-03-26,0.0,-0.010525947491895171,0.004105684685553612,0.006952854244050677,0.01893044596987603,0.014531336913733872,0.013300901752930638,0.020794039388536634,0.02371715197227675,0.004836036007142441
2021-03-29,0.0,0.01624480302371767,0.005558991822367965,0.0076835199153373335,0.0036380909863074073,0.006062881082502081,0.010352987553448267,0.005682070271818551,0.009984038061942702,0.02420033980870606
2021-03-30,0.0,-0.0017959741191773126,-0.009776687450881005,-0.014772616151025542,-0.0015880637236024286,-0.008314482518462896,-0.003873181761158806,-0.004058610483010261,-0.002500959727912755,-0.0007379223448362726
2021-03-31,0.0,0.03141105713996817,0.00856359799834383,0.0006231017880768963,0.008180545594065336,0.0026507240490056816,0.002157103284704087,0.013069480873684203,0.0045307707376804895,-0.00022598569400356094
2021-04-01,0.0,0.04415754021253537,0.008783207386684255,0.004457647602363224,0.010661949077634514,0.008470375606011826,0.008187750409714978,0.005141597321541624,0.0030848181668821084,0.0010337289836699348
2021-04-02,0.0,-0.0390458977960495,0.00863527528860808,0.004927748939722809,-0.00016570330035392544,-0.0029912803230430773,-0.004498214827827862,-0.004580783683159728,-0.012325139398734142,-0.006265283779570696
2021-04-06,0.0,0.01714769791618065,0.009702834918024594,0.00972978663880153,0.012102743820186834,0.005368138703216507,0.008385560493955557,0.013145388337840513,0.005274187243266226,0.0031873703127078823
2021-04-07,0.0,0.0639724045500758,0.011516954073134134,0.014380491919438798,0.010351275317322495,0.0131197625112065,0.01483827081330591,0.017525171821877183,0.013241736121236025,0.014119982546414
2021-04-08,0.0,-0.01147307658381791,-0.014625509423667804,-0.014719401006502486,-0.005462079943265641,-0.007194687735514571,-0.005555751043584967,-0.013080078920508331,-0.008640078545484542,0.0033230564056707657
2021-04-09,0.0,-0.012233885635892006,0.002044080059001585,0.0004593911281589591,0.0008666376855011038,-0.0009316118867183087,-0.0009601101639865606,0.011065761191924928,0.0027668679855483713,-0.001114218504089548
2021-04-12,0.0,0.017997554454539655,0.004760723936338307,-0.003070265762489366,-0.0035187471037597673,-0.009835129549354282,-0.008717860865673166,-0.006970168818713707,0.006355284578163811,-0.005183122246488314
2021-04-13,0.0,-0.04152424303664792,-0.010648662859708558,-0.006726831232891972,-0.008291928760430278,-0.012563995864049993,-0.009547419674802882,-0.017120084781493516,-0.011684397667893753,-0.017970888951212904
2021-04-14,0.0,-0.01310098216666511,0.017772236071293745,0.012541412987113087,0.009069871009541375,0.012484459183880192,0.011959848143021423,0.006673425508533004,0.007224156815337501,0.00990107647763483
2021-04-15,0.0,0.01866370845583898,0.01147505827472517,0.0007086547082588712,-0.004555488244418648,-0.00026590989371511053,-0.0027645192032846877,-0.008591533161887432,-0.0062975682831617474,-0.0017950590644562059
2021-04-16,0.0,0.0017363028287658011,0.01780592226039457,0.02119403555820476,0.00814610443603292,0.018791569776618333,0.017796906066862128,0.018347448931668398,0.016027915466699794,0.008910878931705613
2021-04-19,0.0,0.010015275102333687,0.004383763989332934,0.0020447838825752296,0.007897930703156808,0.009769450491958764,0.0090910994042106,0.010355666255535079,0.0049988135899468045,-0.008818623699891948
2021-04-20,0.0,0.02481719325929177,0.004083656064635122,0.0015913419414366192,0.0006923715439983713,0.0017237190535592806,-0.0008461818284254408,-0.004971077889180275,-0.0012438844247726344,0.0004292372655627652
2021-04-21,0.0,-0.02655072765118105,-0.0014451474584001867,-0.00047207191614151434,-0.009197796810846648,-0.008341153853258731,-0.003876192876871909,-0.008596727723344522,-0.011890999371191868,-0.016770919706285414
2021-04-22,0.0,0.0065494601100966054,-0.01512487874460089,0.003122901594639238,0.011232976185396204,0.0013914217254524797,0.004745315357034041,0.0025742812827413974,-0.0004899672680749312,-0.0003809094870824703
2021-04-23,0.0,-0.01118050530658754,-0.017392898875749907,-0.009929798866741724,-0.0015800473011973182,-0.0031729580535159174,-0.007730836848756528,-0.005840853265828283,-0.014624157108770186,0.004146616144782289
2021-04-26,0.0,-0.01863202699530131,0.000263072105672002,0.00026689635295062963,0.00713359584053852,-0.007518402518330025,-0.0015920287473184525,0.0003816524354312012,-0.0005004006299984542,0.00951175945335292
2021-04-27,0.0,-0.03159213286898965,-0.005248452835755146,-0.00048114051218017817,0.0031049998085705965,-0.012808884386221409,0.0006412084932465589,-0.005352262646368122,-0.012144537515542342,-0.015179630946580813
2021-04-28,0.0,0.011892598766901852,0.019000407178335177,0.005660904165059266,0.010398796565332491,0.00900015567949164,0.012288093381021437,0.0035669966304054945,0.008175945606766044,0.0035539787547200774
2021-04-29,0.0,-0.019833163622057115,0.0016181874665932572,0.0006066854301278735,-0.0011213015265995052,0.0022585757099526926,0.001418546104670293,0.0035999829454611554,-0.005157827156545891,0.0055166040255623106
2021-04-30,0.0,-0.03567080403043266,-0.002317872409588584,0.01051616016631618,0.0007296609263560683,-0.007008129473616398,-0.006871529256283093,-0.007582370129819438,-0.011087465182283873,-0.018876768408455313
2021-05-06,0.0,0.02214375283900738,0.024536994184709338,0.010895029459749628,0.017471913770295444,0.01635281039842873,0.0200192222273341,0.024902168530141378,0.01932266843396424,0.02894880062636429
2021-05-07,0.0,0.06594127697711483,0.015079977779409948,0.010037476993866479,0.014184926575624646,0.010395281029166092,0.00498886571027346,0.008165538664992367,0.009445244142253673,0.015223664716937035
2021-05-10,0.0,0.04460956755610324,-0.009295710555574226,0.00034496510929156454,0.0012506416840754675,0.005556248634000599,0.006823943423703108,0.009581242418128622,0.005412865312519634,0.003831713683592923
2021-05-11,0.0,0.0015952023558767348,0.010811828756816855,0.008446123599951783,0.005592484451486079,0.007226966600565987,0.005255255119870128,-0.0024581836232391296,-7.75520083807768e-05,-0.0019727547069341433
2021-05-12,0.0,-0.01854591841993336,0.010891295735554696,0.011490162167418161,0.005686964185249721,0.006443208745384288,0.00846018912445623,0.010869373078031375,0.002998356620795173,-0.004254616877069184
2021-05-13,0.0,-0.009578843084725008,0.00195765422444949,-0.00762257464095939,-0.004370220750044895,-0.008084341238670634,-0.008866743005846,-0.012787936458080518,-0.010467918161137901,-0.010568202601531462
2021-05-14,0.0,-0.014938832949601077,0.009333115379188905,0.006710942104435347,0.008631546491342457,0.009013203926104829,0.007680989030554031,0.004618533676525205,0.007156679118154541,0.009027045919300036
2021-05-17,0.0,-0.02288124862601182,-0.023643883095480045,-0.01979987102164049,-0.015498768544577213,-0.011551070632673466,-0.011071853293257106,-0.009469042018031892,-0.0019971514962640047,-0.005342947144851284
2021-05-18,0.0,0.006868116181243833,0.008341377633714453,0.0036247330154750568,0.006546926534315212,0.004991045022760154,0.0031492782484523474,0.004837050605540627,-0.0003938836971327797,0.0020759877285139172
2021-05-19,0.0,-0.0132360397672735,0.004136398020287313,-0.005542074047448442,-0.007652936478742101,-0.002485788034474967,-0.005434129345400773,-0.00574495432863853,-0.0026299876210562623,0.007295345239443307
2021-05-20,0.0,-0.030817643837507736,0.0021906995442899646,-0.00431289593335904,-0.006469743812674289,-0.01064097674147002,-0.010178219945214617,-0.009908279867902436,-0.0073958523291396405,-0.006057742853172954
2021-05-21,0.0,0.0484729993315427,-0.008660953352564116,0.009549868413216478,0.005502547955298365,0.006165794309088479,0.008098926866256795,0.006565931648543799,0.012533346481276242,0.02479031914639651
2021-05-24,0.0,0.059322400693906596,0.010908013720068999,0.008241440764894303,0.006481512352893848,0.005318458423244854,0.005128341110015366,0.0028296436357413413,0.0003981811972606497,-0.0012350909690134193
2021-05-25,0.0,-0.026917201097811816,0.00179613611007845,0.00169362149386032,0.004403162619630141,0.0029103063090814008,0.005703453877812015,9.05613940198613e-05,0.004940229151801034,-0.002798095912931564
2021-05-26,0.0,0.04528994430588673,0.002831757256144485,0.006046715489818721,0.01190733223695939,0.005987255903092015,0.005161875213143041,0.0072313755926125545,0.0038255172347303468,0.00010885188009823743
2021-05-27,0.0,-0.003741627498763056,0.0031071110402991486,-0.0022906963566582395,0.0016341334096283688,0.0028921525700074113,0.0005802274095407789,0.004102880677801624,0.00042745756767192944,0.0018173087935065002
2021-05-28,0.0,0.0077455539350799185,-0.0026472532932779735,-0.0060698710895851216,-0.0012939670911086276,-0.0029559834217297576,-0.004264050450705104,-0.004314791961975262,-0.005348291302189612,-0.007120042123566539
2021-05-31,0.0,0.04359566689706584,0.006348977401978706,0.0015322028175401847,0.00611219495864046,0.006217042791689886,0.003765487179897997,0.0033250735655792063,-0.002814577480371727,0.004251868633844191
2021-06-01,0.0,0.023033702561982006,0.0031227597109364513,0.002862546785754594,0.00406698946114914,0.005934178343115715,0.006435626591356325,0.0020427607777220302,-0.0010645593852746105,-0.002182141123175607
2021-06-02,0.0,-0.021261276593010914,-0.001323245467619416,-0.0051600502203617005,-0.00799866997605525,0.0030095444244790936,-0.0031443907754540312,0.0005106862122001843,-0.0030529681505014894,3.83644827033347e-05
2021-06-03,0.0,0.00451819164094136,0.0027015041895410707,0.008694486485841368,0.0019164118471384217,0.005096611163677656,0.005817431056321487,0.0021995803689003335,0.0029075624979515435,-0.007223285378957778
2021-06-04,0.0,0.00393482293473002,-0.0032704022971900004,-0.010437912459783427,-0.005525428587644043,-0.007135355502089991,-0.01012391227118048,-0.005108437808143962,-0.00625329540591868,-0.009241014171047168
2021-06-07,0.0,-0.02556609534382792,0.007867680476017602,-0.0003124787112481764,0.004178403519803808,-0.0018534354096495509,0.002100625672636136,0.0031003169551508947,0.005809597806981648,-0.002365761435108915
2021-06-08,0.0,0.06422450404441649,0.0022068142161568716,0.0057002230223799355,0.0019685049089726014,0.0031014989803621607,0.0009433072796234399,0.0007726424081775374,-0.003884250800265998,-0.0034000332095399655
2021-06-09,0.0,-0.021403080399640673,0.001311879665810256,0.0011966404610759263,0.003120536776361149,-0.0011672390683904466,0.008071308708383018,0.006779877674676804,-0.0015983775137097256,0.0015314255287071088
2021-06-10,0.0,0.003610923922034548,-0.0052817456437044275,-0.0030255313589885313,-0.0012327986167085525,-0.00023280221019328362,-0.002630123713344923,0.000581324118301696,-0.005147177768374811,-0.005310772751359827
2021-06-11,0.0,-0.010803601440651511,0.0002371199628068421,0.00015218803295713457,-0.00428062260628681,-0.0009842852722237172,-1.8405522931530527e-05,0.0024892331574515314,0.0007812331777352632,0.007074774485283042
2021-06-15,0.0,-0.018751266158975377,-0.012330738864992252,-0.015572772850581673,-0.010020808639934153,-0.008031825320664043,-0.012640829745536819,-0.018378281807405084,-0.015785168840268593,-0.019867201455726402
2021-06-16,0.0,-0.008953775115302154,-0.0023988635038834083,-0.0064094883741872,-0.0054781811933195534,-0.007165415558703536,-0.008003693329132755,-0.005762082451290063,-0.008368025947797175,-0.013099569788480925
2021-06-17,0.0,0.0324022008341609,0.0005542162623044522,-0.00490827501079194,-0.00559955590489758,-0.0014598222261233973,0.000464154096138758,2.717180334022018e-05,-0.001292689526473323,-0.00902261771230417
2021-06-18,0.0,-0.009489042875159948,0.007701054430959475,0.0037771088556624033,0.0030327181810232418,0.008368700613806013,0.00032046692854437175,0.0015181494006895058,0.0006859240364702757,0.0005979077475055661
2021-06-21,0.0,0.005122410846004399,0.008115876124255239,0.0016937484569918837,0.006146076412115731,0.004369808421827992,0.0034499252315514095,0.002348546436522936,0.0049456275264239125,0.004155720552828646
2021-06-22,0.0,-0.003278977726447696,0.009460840538927373,0.011273099433629863,0.005374279454670727,0.010409428069945381,0.009971928042921796,0.007338457775036167,0.008708720101178624,0.004838388920954673
2021-06-23,0.0,-0.0003600584180243338,0.013069365500204544,-0.002660400837582566,6.601531445693531e-05,0.005976332159532749,0.0063504677962265,0.004066477580559225,0.006075715637989143,0.00033823569985802493
2021-06-24,0.0,-0.032589344187671565,0.0013031967231322827,0.0012661956482844516,0.001376208738603335,0.004401262737844247,0.0010715687105509186,0.00064608182610848,-0.0001678883932616504,0.0005645928167861136
2021-06-25,0.0,-0.002171313074603498,0.006074787421174621,0.009910613031604454,0.00044696709207880936,0.0034857194698445504,0.007435726643202134,0.0058373189715381635,0.0030152434853210064,-0.0034780942942972404
2021-06-28,0.0,-0.012767196059314645,0.008278141722945165,-0.0005888938544449385,-0.0032926891727190766,-0.004220231207482161,-0.00549708589931619,-0.0011829082307212024,-0.0014462702918861536,0.012888111216338594
2021-06-29,0.0,-0.02014903410126101,-0.019835355207371563,-0.007394068509278484,-0.0014020106470280513,-0.010722619072064399,-0.008789861985721514,-0.011680227495125428,-0.011077676355862875,-0.009666917567708877
2021-06-30,0.0,-0.006063210881312342,0.001304090583564621,0.001230451736221605,0.002208723145706637,0.001059127860018494,-0.00027956517729055275,0.0016165117037627574,0.001746532333511075,-0.0004944409227833901
2021-07-01,0.0,-0.033131089786383905,-0.013086931876962304,-0.0075411043536459665,-0.009367417582589965,-0.010933795284673531,-0.01091633032658157,-0.01703044981241164,-0.00822562024688267,-0.004603926836678207
2021-07-02,0.0,0.017800831017990904,-0.0033574320571444494,0.004142573929793114,-0.0035747642295141935,0.0006745819485109994,-0.002738946990199276,-0.0012903864493365447,0.00021489850504963215,-0.006300603396117821
2021-07-05,0.0,0.014081713426177034,0.020734225884859958,0.004682092835394114,0.005862234595206406,0.013610125124363437,0.005039802146673544,0.006810749384961401,0.00726784043799289,0.003039463282170418
2021-07-06,0.0,0.01452626815036795,-0.00023336212926661215,0.0067632965882080676,0.00528951097863728,0.003967778466739125,0.0021850333221098417,0.004504337097179789,0.004291493294585891,0.006551523501734602
2021-07-07,0.0,-0.004579527156587715,0.0012117380910852127,-0.004273557053630417,-0.004664629706454204,0.0044375748651455105,0.0018349808485935704,0.0018330424675707668,-0.0008848807230600331,-0.00790004541252931
2021-07-08,0.0,0.00960683936304041,0.002713992291744738,-0.018619782915233696,-0.00997638601086659,-0.007525155104596615,-0.01078011178009386,-0.007735724024538704,-0.007885157902546402,-0.005615228423383134
2021-07-09,0.0,0.038369106958755284,0.005647854548434861,0.008070875631040808,0.009365362623529494,0.011874458508160268,0.008634514044965735,0.010401344394655121,0.012203392637927468,0.003964583886678197
2021-07-12,0.0,-0.018065611932376324,0.00275713666134747,0.004411647989350342,0.0035700773397639995,0.006988104620858415,0.004435678539845167,0.004000773370679278,0.00395546633361632,0.002291703444573301
2021-07-13,0.0,0.014448495133228878,0.005315085310892753,0.012567307489469437,0.007173011217945335,0.013773424293648029,0.008760745404687409,0.011951401115072757,0.012756450984606538,0.011408555240752127
2021-07-14,0.0,-0.00801227484908329,-0.011067753392964175,-0.010307002915200925,-0.00796740918823502,-0.005463937646849604,-0.007316063664946859,-0.010119915025056492,-0.004247543385129227,-0.0051731007684531205
2021-07-15,0.0,-0.0051786280104642035,-0.00789495035598975,-0.0041143357265917,-0.0070964622039690894,0.002982049462081804,-0.001610049971209726,0.0006644051987023669,-0.0013117995071184607,-0.01442726821568907
2021-07-16,0.0,0.018814538494722477,-0.00239089135667625,0.0011120247518294768,0.0023227998058832355,0.002391535256935473,0.0036637142155449,3.0575184304160175e-05,0.008541615005388747,-0.0035977730589389356
2021-07-19,0.0,-0.005111590848923431,-0.006659427580795185,-0.008277681624970223,-0.0008176216328290575,-0.006564529295328803,-0.00477965767170041,-0.004397121929333392,-0.0039070083474535,-0.00987203022121308
2021-07-20,0.0,0.006587488143465103,-0.00229891288519668,0.00032095422146261043,0.001671569547066154,-0.0010594849300473719,0.000641841117091424,-0.0015061793127759682,-0.001413887256415447,0.0038014345690948748
2021-07-21,0.0,0.033879183629813125,0.009677164170638797,0.00818704696451844,0.009476734843990142,0.014572410367220012,0.0049120431595952585,0.006787628333662532,0.009132529543702805,-0.0035527743764131037
2021-07-22,0.0,-0.012746883238139217,-0.0037046990494905563,0.005231210956997634,-0.00256616665833731,0.00733896131733669,0.006300723432591804,0.010841070650420948,0.015098366331642632,0.0018969760203761954
2021-07-23,0.0,-0.013116258201027242,-0.005719008960006544,-0.0056635796448529785,-0.006753622604538823,-0.00600609273840258,-0.009425148589794596,-0.005009088518222349,-0.004009737549873993,0.001732694055623929
2021-07-26,0.0,-0.004346245731400078,-0.017930075583601046,-0.01697201118843994,-0.020070494950741757,-0.011351864151488256,-0.013225420710946123,-0.014349146252630174,-0.016556676324776753,-0.006663367345671856
2021-07-27,0.0,-0.034973132457564726,-0.02343492039423334,-0.01908336579853298,-0.019902860476102235,-0.02613464921346864,-0.018842295385127827,-0.020622486276325236,-0.023534243046098302,-0.005109922957655888
2021-07-28,0.0,-0.02204973245485886,-0.038140310748773665,-0.03193766715807844,-0.022262579986603637,-0.017747818793815928,-0.023694559426819528,-0.027435608198435713,-0.017005715336607774,-0.010432534697327966
2021-07-29,0.0,0.023616299213461867,0.018424281531583153,0.011189825164487521,0.008874988969706621,0.016901097044380364,0.01348494889293761,0.015599492437050833,0.011895840037799976,0.003337653148858699
2021-07-30,0.0,0.0008847894833092784,0.01151676729260065,0.007129131747705575,0.0074179620482934805,0.006391922391178584,0.004722851666901562,0.010464019915772171,0.0046050894756048955,0.031552691096125685
2021-08-02,0.0,0.0008858744979005628,0.01130555464130567,0.010059015452537512,0.010121381830411114,0.01322784617695505,0.013197219023228346,0.012757302098302725,0.014159070157580222,0.025501372022623592
2021-08-03,0.0,-0.016829776615024272,0.002855934036105401,0.00329472121472274,0.001910865913610671,-0.007109285786221831,-0.003948712462803927,-0.0035681703998695635,-0.005389841311386534,0.02713741891057242
2021-08-04,0.0,0.005887874099991475,0.0026846983712556227,0.003662901939815777,0.0055102906166821786,0.010187205356998685,0.006758596475509027,0.009378169286268445,0.008328867182100685,-5.958387336402193e-05
2021-08-05,0.0,-0.01907833703063444,0.0013086877891343995,-0.005984807684085491,-0.005903063512387785,-0.005484369678009915,-0.0021413498151192645,-0.009592235455343046,-0.004729125951683177,-0.012617318680907097
2021-08-06,0.0,0.03658181250511028,0.005685460076544135,-0.0020107860219250595,-0.0007413245195133644,0.012892467694464615,0.006464953760975334,0.009666982361828502,0.003230084674185285,0.00028039532350065954
2021-08-09,0.0,0.030175206118755904,0.017740180290806817,0.012928821911088129,0.010433814020085697,0.007222542295507672,0.013692094775164199,0.009269592355687806,0.009819597868241159,0.005313091219516508
2021-08-10,0.0,0.00644244380600667,0.011117833468826444,0.005237343448155407,0.009419900035611883,0.0070759517347809275,0.005896730526706362,0.0069191168246305335,0.005835609963390054,-0.001188633827522878
2021-08-11,0.0,0.011437041776326762,0.014235740707954303,0.011036332447217134,0.011109691764998653,0.011784710615512006,0.0151332801427142,0.01081948095567209,0.01948120834646505,0.019115011201074728
2021-08-12,0.0,0.006933054072773448,-0.008307272454300296,0.0004961283099651492,0.0033140102206077326,0.00896381960605841,0.004790660522372203,0.005615063884056637,0.013063323975339047,-0.007551013134447726
2021-08-13,0.0,0.007689973778718828,-0.0004097091971849709,0.009847054739672734,0.001314167980640546,0.0011992374303808617,0.006566146528851569,0.004029072437279124,0.0072380802059504035,0.0002877279483164408
2021-08-16,0.0,-0.02110673527896756,0.010904902144233342,0.0014517393549351443,0.006756153881410265,-0.0022271710499081054,0.0017567046987327917,-0.0005938369317568526,0.0013973300829095425,0.00943551742991855
2021-08-17,0.0,-0.030688610161071384,-0.02034147146574128,-0.016103180304286924,-0.01942688271434645,-0.02134784124022293,-0.019183942646409102,-0.01801834229317112,-0.011248922190176036,0.007537251877953288
2021-08-18,0.0,0.010142743501245777,0.016732959923080548,0.009319773638647,0.011049560552401028,0.007381090021726822,0.010274370243053221,0.01220654172613278,0.010069534129260704,0.015961558907336082
2021-08-19,0.0,-0.008882188270584623,-0.010062539344398491,-0.005340243891296614,-0.009338968134085857,-0.0026444971129533368,-0.00873546093972044,-0.008546790890765377,-0.010031161985481152,-0.005145927541650774
2021-08-20,0.0,0.010760661652842174,-0.0020347513816395546,-0.0037627426869910607,-0.0015873983161182048,-0.0007996830165485358,0.0009224655199324694,0.003681161117969678,0.0013705674685056124,-0.011424191183561638
2021-08-23,0.0,0.005931077596311951,0.020912395632741942,0.017446719139427636,0.014831062753206004,0.02259140842289531,0.014159628934917734,0.016251616133367675,0.016865569624626042,0.02425025383866175
2021-08-24,0.0,0.016508384931269715,-0.004935998172164502,-0.0008312866925236362,0.006003097587137907,0.004524008611918706,0.008461668656446264,0.012018007697337518,0.007588291069423603,-0.0023337329028566556
2021-08-25,0.0,0.024686642245774992,0.02017348564016319,0.008764780618784052,0.013761793855676219,0.008191483752875373,0.009484895735784038,0.01160813845264852,0.018855085085932144,0.010393776400230648
2021-08-26,0.0,6.495565407238502e-05,0.004956102399486406,0.010130813907128111,0.0044005359071452865,0.003402911537390363,0.005937626868604884,0.007123320831090796,0.0037598436007801883,-0.008735162291084175
2021-08-27,0.0,-0.011203735756519895,-0.0061779666297421265,-0.001064721954115777,-0.002405130111344689,0.004389072886460177,0.004882394783326305,0.005078065663039366,-0.005567695495923175,-0.006543086489780081
2021-08-30,0.0,0.015241412227954498,0.012520300544351715,-0.000446109903530334,0.00099541952998905,0.010480020845785365,0.0023189487982417933,0.0012933434572903746,0.01282882806729524,-0.0026002509514995165
2021-08-31,0.0,0.012343911724203682,0.013344158408004958,0.009197443728524268,0.012619823069924152,0.019823380196428264,0.014586908251933428,0.012452058361679175,0.019078338269374884,0.02123831171719326
2021-09-01,0.0,-0.011815039045277254,-0.011249865850398222,0.0016682356146706656,0.0031489082517666134,-0.007492409020343871,-0.002875782183665576,-0.009521653129541341,-0.004776661590766174,0.005133393373241368
2021-09-02,0.0,-0.00012590188083738685,0.02377322615689481,0.022747932794719095,0.015543093435571587,0.028731883634770305,0.024595708991753673,0.026907781873522163,0.028890593585170876,0.04577929441483097
2021-09-03,0.0,-0.007731459815509156,0.00564619552589396,-0.00011612237346603216,0.007217897963182729,-0.002810184834728724,-0.0031975552729421874,0.004201276671987886,0.009051912174326437,0.014618324165545982
2021-09-06,0.0,-0.006944590671090101,-0.005899865586811215,0.010008762091335832,0.01220860481125352,0.005449036107086247,0.008333105119487927,0.005081149469142954,0.011646178916216776,0.027185328586072366
2021-09-07,0.0,0.03497700378786539,0.006168816779456687,0.014267134567753859,0.01411631607999042,0.022345736086045287,0.020586001079387906,0.01697239967585218,0.01845585130862437,0.023259439482651523
2021-09-08,0.0,0.03038926030102762,0.008407203099493943,0.02218093888827699,0.01326424361529055,0.014185776551479234,0.015412729662468871,0.02215084240564935,0.025345692050046775,0.03712344775830423
2021-09-09,0.0,-0.013115086011739274,0.01028644292058023,0.01288364186954527,0.009317478878531738,0.01356715294946964,0.014210711889933947,0.019988340090805856,0.01774335037517427,0.006044138914329311
2021-09-10,0.0,-0.009482873615678789,0.0014226714245055838,-0.007228529557756214,-0.011027036207242102,-0.010540575359577975,-0.012565891950638286,-0.010913353380870405,-0.009472337411909781,-0.007271463296404823
2021-09-13,0.0,0.03733393869898727,0.020096675449533752,0.014166295324691713,0.019318983898880093,0.020916345740341402,0.017981715287785693,0.021921673347121473,0.026580874388616005,0.009727611607050601
2021-09-14,0.0,-0.04307815998710163,-0.0023131919089423025,-0.02249674939052293,-0.020343343934621227,-0.013554849229618249,-0.02229359467143799,-0.025738171546936806,-0.02067703393174536,-0.02846564871283208
2021-09-15,0.0,0.025658381100232663,0.024625898431090754,0.019980300859010036,0.01793467690816697,0.015132894946831232,0.013015584941070024,0.01448399161306857,0.012435495288736664,0.01105544221404009
2021-09-16,0.0,-0.02732251161006838,-0.008307654341116022,-0.016686396672443538,-0.009265185524192643,-0.015761525429796475,-0.007686226510820404,-0.009875527790442429,-0.011585595957275152,-0.025255902896893168
2021-09-17,0.0,-0.0323990397726337,-0.003731324242493117,-0.00878294785772693,-0.0026321678288906414,-0.013678260071255832,-0.010637738272155528,-0.0072865556136422205,0.008753771417738365,0.013060664493379948
2021-09-22,0.0,0.008090995046994065,0.009969277988135294,0.014096259258106203,0.018768055315048437,0.018281068436488468,0.02484971845685746,0.028036191766118046,0.031115611141077082,0.05385976157478667
2021-09-23,0.0,0.020629295136426196,0.01390777485552297,0.012326554459971328,0.01050240316841422,0.0006224348720120787,0.008616821455914359,0.009029374171305449,0.01011925702059946,0.03741744390494883
2021-09-24,0.0,-0.04170552638703462,-0.014599043813622536,-0.023499791284278038,-0.017931359484541054,-0.02982343490584982,-0.027704193812385425,-0.03785209839010506,-0.03955826318913891,-0.008724419909835857
2021-09-27,0.0,-0.04455635187013973,-0.0286174558526322,-0.0439153397245543,-0.029930129878420253,-0.03557282691897623,-0.0387605132429415,-0.045031622845742025,-0.049969581284917575,-0.05457339882561374
2021-09-28,0.0,0.003314553786522012,0.01586263870742588,0.02197338420377104,0.014974902387725253,0.007208672239280567,0.018898736611575373,0.016498982806475437,0.02001095934234054,0.0360291522337115
2021-09-29,0.0,-0.029101771018107625,-0.04039211731193093,-0.02838616071585731,-0.03204134239395495,-0.03704148135351226,-0.037198741777007105,-0.03175104235814186,-0.03384223952009957,-0.0201121924210933
2021-09-30,0.0,0.016619037791525848,0.015929999529974426,0.0162353511304425,0.014389465997310502,0.0211015963783745,0.01867166011018484,0.016516801541789583,0.01945365001311039,0.015150443334956298
2021-10-08,0.0,0.028464353109884488,0.019290172276931417,0.016956863975096104,0.017937879037636995,0.007969092531386002,0.009963215964218897,0.004235068609973247,-0.0028280778079103897,-0.027612786817385326
2021-10-11,0.0,-0.003979954821534792,-0.02382236322897957,-0.010669007144538556,-0.011073203943100962,-0.009847545169342498,-0.008238077531801169,-0.0033658542732587504,-0.005685895435908139,-0.022847521766095502
2021-10-12,0.0,-0.010295965686361042,-0.017858255261756883,-0.02225481319109046,-0.016822203546589143,-0.019309543740816393,-0.021952986310803113,-0.0261680382688827,-0.021367685984739815,-0.03242557723163708
2021-10-13,0.0,-0.011209382424029357,-0.013058937239768365,-0.013207378321644203,-0.013724082188832032,-0.011754032890360144,-0.015866900486718905,-0.020161244181156057,-0.01483388307229161,-0.037195907199878864
2021-10-14,0.0,0.02324749048465824,0.005457156662767471,0.001968662293032164,0.0042309438598748805,0.00482284355335727,0.002134505979434209,0.0012374773272696427,0.0028346236814194015,-0.00515798375019938
2021-10-15,0.0,-0.034029205898604586,-0.024856680357281502,-0.013135587155647777,-0.008462691447738924,-0.009124841590021582,-0.01114078603209323,-0.007120990679990502,-0.008533367679716464,-0.004116229063999444
2021-10-18,0.0,0.017525407264753934,0.01819511291438869,0.013965720075249433,0.018644380727478094,0.02124619639732006,0.01823737811811954,0.01720775087908044,0.02447791312003411,0.016516814083984865
2021-10-19,0.0,-0.01899122235604056,-0.005893121887512565,-0.0010527141698845055,0.0020604035393907427,0.008161811436014244,0.004895163604177188,0.0036611121138692138,-0.0037020228460871163,-0.0030279996889384098
2021-10-20,0.0,-0.01483687096681674,0.00924919895229781,-0.008254661884800285,-0.004000256065903041,0.001498054835709528,-0.005257770760008884,-0.003610710748790935,0.0007538869370742329,0.022018614123573643
2021-10-21,0.0,-0.01523390471052466,0.0228781820491617,-0.00386596087698432,-0.004733287442084899,0.0016046977958776854,-0.0016216904430015333,0.0009703071374915773,-0.0039119665064223375,-0.011295584952731308
2021-10-22,0.0,-0.02581282891466019,0.0016908942347657607,-0.012334178917630778,-0.013314371155989213,-0.022017789496545315,-0.020018303054271658,-0.024577913014119157,-0.02336665701439411,-0.03300554220551677
2021-10-25,0.0,0.003831941973450048,0.024392090349434126,0.0022630266181962178,0.003924820482872571,0.009859048167770945,0.006479277121734794,0.004706957880656226,0.00477817652760848,0.025519588229285572
2021-10-26,0.0,-0.005640674052663219,-0.009816321830029229,-0.01273545200505799,-0.006679009770931499,-0.005019398058821678,-0.007969071122518656,-0.0014727382799513133,0.0009951151677947134,0.0040481442005138035
2021-10-27,0.0,-0.010029204805573233,-0.006858409908433227,-0.019239455196957023,-0.009717925847629427,-0.007551614982699739,-0.01110272133225143,-0.010061678227060611,-0.0036624789079344744,-0.0010034158959771888
2021-10-28,0.0,-0.00967241641397032,-0.02245683927749298,-0.01995541617947727,-0.022703756540194298,-0.022915239540238552,-0.026746002355225618,-0.026244286943511774,-0.016030834095347446,-0.004613097148851941
2021-10-29,0.0,0.04721161625032999,0.01127550468972216,0.01513202963003657,0.008729246069572039,0.014451723839034702,0.00638469869009195,0.014464446194695446,0.01183426654750086,0.005781672246462755
2021-11-01,0.0,0.03766964406857021,0.0018119777067073795,0.010038730749585945,0.005722393262932446,0.005087246438130855,0.00903724921493243,0.006172815678607169,0.004692694347343318,-0.0018185563846655484
2021-11-02,0.0,-0.024473523634946703,-0.0406355416253642,-0.023560528091793542,-0.020429563728750377,-0.029044545172478342,-0.022339866161616317,-0.025118830505354017,-0.028860754776656394,-0.031698344372944054
2021-11-03,0.0,0.021351281593931182,0.013501212742707214,0.006335219975593276,0.007750032111565774,0.0075815029265868805,0.007176518212232086,0.008362736850327845,0.008031240055036415,3.695022257543812e-05
2021-11-04,0.0,0.03148866827696972,0.03428980669490711,0.00755345650904693,0.007587216562002563,0.006182652143617462,0.009003701623940596,0.008506965674163203,0.011055071783165227,0.009685726691540886
2021-11-05,0.0,0.02093787857117113,0.03158370574161795,-0.00616352244735896,-0.011777423235980744,-0.015126974201441268,-0.014461406125619525,-0.017686548489917242,-0.023896121951927474,-0.03951148220512124
2021-11-08,0.0,0.005593749790856695,0.007568672682697786,0.009105256516226401,0.004696970112083809,0.011050939368536072,0.009230687534184545,0.004713378115861699,0.008383212540800322,0.002177232967303766
2021-11-09,0.0,0.005398841538449384,0.004127722960835634,0.007134667227104208,0.004873285778746572,0.007349576317531303,0.00687574447368644,0.0063074883440354945,0.006844889252980435,-0.0016080901243076262
2021-11-10,0.0,0.031124256012502682,0.04573589990118365,0.0031924110091969826,0.003258067904380768,0.0009190447902831522,0.003767695162553375,0.001880161917877432,0.006011275938876626,-0.007704239275842961
2021-11-11,0.0,0.011308373170882735,-0.03719969697329917,0.02020537335071726,0.011109556538259957,0.007745455251557454,0.007175598220683588,0.012086967716955721,0.007493559910722869,0.004065537883092496
2021-11-12,0.0,0.00310439781704841,-0.01275722033333826,0.0038858371877035225,0.002458423556850331,0.0025874415777571436,0.0033476501511933154,0.002846079545172575,0.0018466111082284797,-0.0021280329363440043
2021-11-15,0.0,0.019873970330124724,0.006748952122864527,0.007833876203431123,0.008525375716686101,0.0004935688607707878,0.001882139851372422,0.009527358581091105,-0.0042422311102152666,-0.0008730621522619053
2021-11-16,0.0,-0.0002129707828188998,0.008352613049050106,-0.002214043796398446,-0.0003678879253286027,-0.011119664235377136,-0.006995282105139666,-0.009367649258379962,-0.015377326318693818,-0.004938123131824179
2021-11-17,0.0,-0.0008242850703310545,0.02628363476261253,0.009115150203192535,0.00900231097333326,0.015057114947130357,0.013475486863911756,0.012462317861260841,0.011811838117895768,0.008417181547209385
2021-11-18,0.0,-0.011446214994529358,-0.020689647604753558,-0.009855110268618295,-0.009213388563242164,-0.0026175577265922234,-0.004131872805068992,0.0046525974302955575,0.004924203252259174,0.0072760891797958305
2021-11-19,0.0,-0.0027625311622294646,0.0067614876385566625,0.016792528119338623,0.01157212932797913,0.016644646914264483,0.013463727676241266,0.012524964245933079,0.012666097828970768,-0.0018561623124320192
2021-11-22,0.0,0.021350875407853742,0.0012988046956672328,0.0021523818205988476,0.00461570267822542,0.004754080024645502,0.0028679358456182857,0.0035001172118149793,0.005129284717824145,0.006974585508658704
2021-11-23,0.0,0.04721059383885895,-0.008311160646866544,0.003147250322607986,0.005337195057474542,0.00424448874468486,0.005848756700036706,0.005577445957121396,0.001127906298846293,0.004145996589891565
2021-11-24,0.0,-0.013122929991092103,0.003878448862949968,0.00595583889749185,0.003002877850421415,-0.001969059340360957,0.0010424645762565632,0.004970038878509664,0.0024759165069312417,-0.007176932582127704
2021-11-25,0.0,-0.019957913345688083,-0.0026376766431160936,0.0005799683404954514,0.0016688800229287537,0.0002387167926511946,-0.004295915627145708,-0.005588528505844792,0.007509945928546369,-0.00021603202322695303
2021-11-26,0.0,0.016793410919201834,0.016792293654572577,-0.003544342090620378,-0.0023116300617096464,-0.002040417113375659,-0.0024407334008333947,-0.00189406167225592,-0.0061330020063716795,-0.02000448344042216
2021-11-29,0.0,-0.0050413517561789245,0.005199110268264029,-0.0021635308932277386,-0.0035022241087415695,-0.0035088172881810875,-0.002450718100442062,-0.0041148098325900495,0.004699017898722957,0.013756035968812252
2021-11-30,0.0,0.005599404650602935,0.0008621474024526066,0.007596027968321151,0.009799517982781447,0.004289829312493998,0.0062605456301974005,0.009398314534300622,0.0037968416680762562,-0.00759006001508622
2021-12-01,0.0,0.02551970890377575,0.01711092522979496,0.011938807387296135,0.01764256291428201,0.013257063402512204,0.014249071235188593,0.018304703914698406,0.015677428079690747,0.02068430301001456
2021-12-02,0.0,-0.011641607078155425,-0.003729946038484089,-0.012099551414456178,-0.008089253812877839,-0.0026413308080448505,-0.006326415693601484,-0.0018838284355400248,-0.0017635490133768306,0.004256574525958179
2021-12-03,0.0,-0.008060989210590397,-0.012659375160213204,0.00637309608715686,0.010501844921548376,0.00993468484124116,0.012483535170047633,0.012092992681794312,0.014088067383700054,0.046515951302849246
2021-12-06,0.0,-0.011759732459917016,-0.014097413934177072,-0.003005974597689587,-0.01084424672495532,-0.008024008984620967,-0.010217754335443252,-0.006869693652841402,0.002110951187659804,-0.003295544109871207
2021-12-07,0.0,-0.013278758442082483,-0.0035058511622649835,0.0010254866254415518,0.0006670768332452948,-0.004604514075101096,0.0012967466565323438,-0.0028691283174155924,0.011607719406709682,0.015589398082960226
2021-12-08,0.0,0.01402231163547607,0.003028339459835827,-0.0011318665366196745,0.0066959674198174834,0.010870254258936507,0.0022258668017631766,0.006600730798230536,0.0067529009745281865,0.0008486467844146528
2021-12-09,0.0,0.0025941524671737604,-0.006209906241151364,0.006189273241312465,0.004112504614768975,-0.0006159605052188377,-0.0004386075380474752,0.004301431359209129,0.0008531177787629574,0.012670480861372013
2021-12-10,0.0,0.015612780134317772,0.0032347790139006793,-0.003539840484527046,0.001666595517999081,0.00288582829488071,-0.0027696178100520275,-0.0009000184239339459,-0.005475612090304005,0.0020820860525436746
2021-12-13,0.0,-0.011390756587946416,0.0018144029057893807,0.0066516050909539715,0.004083319248708639,0.006325862364611412,0.007681751341275023,0.011397829365123124,0.006973505841093797,0.030988801308898584
2021-12-14,0.0,0.0016914163510828306,-0.003632445746228008,0.007459123751761387,0.007085453155680321,-0.0018915421406113797,-0.0009124150609142179,0.001657275801161262,0.0009104241581701089,0.009693894005718962
2021-12-15,0.0,-0.009518660678746849,0.011353040867701836,0.013121401027323953,0.013135157213674864,0.004909649485646872,0.013272209957925218,0.010392913111942681,0.019633429937410796,0.041620139491577834
2021-12-16,0.0,-0.006017750014350121,0.010444042436379197,0.0191576947547325,0.013556109272642836,0.012822332542009374,0.017344667979463546,0.015393993669315709,0.012669784253068528,0.03273289783724942
2021-12-17,0.0,-0.01737776139322611,0.0010050201104609968,0.004971533403118178,0.005054035019273595,-0.002558332422690879,0.0027369126623364437,-0.0024552777656708935,-0.00398523265557138,0.026962768696176864
2021-12-20,0.0,-0.02849532732693938,0.004005626786807603,0.0050637972851963475,0.0007738201475839812,-0.00917665880947105,-0.006059413641925637,-0.010889109916087603,-0.014126282235683574,0.01834025963691932
2021-12-21,0.0,0.028027599138997994,0.0325884506620473,0.033314309564890454,0.020778513710967506,0.015869069811928593,0.024552342590003384,0.017607332165322065,0.015937215828854878,0.0013588738887975182
2021-12-22,0.0,-0.01091066590641565,-0.0067568549200602845,-0.010709819270615095,-0.003090638153100733,-0.0010477415785228317,-0.006930238356255947,-0.000913270994510107,-0.0071472834687476006,-0.036997399281447185
2021-12-23,0.0,-0.02337704161247489,-0.021280103698147257,-0.000989019954391157,-0.006266258017146975,-0.001954329168798674,-0.0009276424844532061,0.0005084458955582072,0.004150532488912173,0.004436203956516671
2021-12-24,0.0,-0.020554684860131234,-0.01170288588513313,-0.018956268969209322,-0.013587440479159829,-0.017193471557089612,-0.017381105112910133,-0.018904632987285952,-0.005443021603476872,-0.02076497880888606
2021-12-27,0.0,0.0005101884399001388,0.0038523445571172488,0.0006707930703455656,0.00915969718936327,0.002802356176307308,0.003301697499684675,0.006226563316272804,-0.003789263772641549,0.02565325863842749
2021-12-28,0.0,-0.005265679792291311,-0.006522295050380711,-0.007994487304147757,-0.0027382743166817214,0.003089408401543592,-0.00791540240750821,-0.003306225864175394,-0.007568332335043393,-0.04148477865356481
2021-12-29,0.0,-0.005969514153881361,-0.004357126491327579,0.0007170453848877045,0.006704874257925875,-0.0028988612842327788,-0.002991230991556959,0.0009648297682218754,-0.005989572183247693,0.0005086674956467085
2021-12-30,0.0,0.030910013027279026,0.003966500424880337,0.0185072252396683,0.010613419835682425,0.002777264685406733,0.004401171787886016,0.005485543966367468,0.009558406386565466,0.011932869681239522
2021-12-31,0.0,-0.012749990128797628,0.0021583681364421015,0.005458519140234985,-0.0006523445096084934,0.008840974192486417,0.0030991689990862437,0.009469684475180484,0.004582660089584634,-0.0030794547077427348
2022-01-04,0.0,0.0558666968363879,0.01789669444244213,0.02596380318493474,0.02343661776222139,0.013360787773819105,0.014001485687882065,0.015117881696481872,0.004942519920453803,0.0030985716219247283
2022-01-05,0.0,0.033719746174439624,0.004880209165133653,-0.0045830159562491035,-0.008895238771476133,-0.01110193287020167,-0.01155165786510548,-0.015408299069467946,-0.01591720113845463,-0.004371034874872226
2022-01-06,0.0,0.023516773175267236,0.004005314216042555,0.0123588999807418,0.00544108086498718,0.011994766918632882,0.010405969188019837,0.011025768041193373,0.007903331368049216,0.027888537104874045
2022-01-07,0.0,0.00445421753530395,-0.01845130518514937,-0.0057470183144215925,-0.014084282621161237,-0.011191930260929794,-0.006272224427886108,-0.006991870681843593,-0.009126621381972955,-0.016239047543388674
2022-01-10,0.0,0.03901826943832276,0.001342379496699575,0.006558968416315647,0.0074255351715446505,0.0067768150935438864,0.005730747627150867,0.008832847694350665,-0.0008235512575024417,-0.018310889638121997
2022-01-11,0.0,0.056196830389625196,0.016229669880248876,0.005927249132748447,-0.0004743538694736982,-0.00014130846971183164,-0.0022365321021017293,-0.002515345863056684,0.001721984063038029,-0.0017052291887219573
2022-01-12,0.0,0.04907737985531302,0.0008807564072916829,0.010424993932950377,0.014315160354419376,0.00441790603605674,0.007638808533106944,0.0031533704941000273,0.006100443989745408,0.005902022463271761
2022-01-13,0.0,-0.01376319444514884,-0.008694270947513738,-0.0009533860377173298,-0.0037414288580907007,-0.006488063647009046,-0.0033695913113274134,-0.004292705426098609,-0.009865092020414523,-0.013619257827122144
2022-01-14,0.0,-0.023156216118774386,-0.022665914138842225,-0.014360173295497769,-0.012581731213969993,-0.015381244334952693,-0.017308671415289023,-0.02142357413286,-0.02229767164813523,-0.02282397787222379
2022-01-17,0.0,0.04178487150080157,0.009419530028675904,0.02089068632547919,0.0077114344146198555,0.012211878887525174,0.011220561905589621,0.008992374464481312,0.005115814545539887,-0.0003288331610967754
2022-01-18,0.0,-0.015715235273771833,-0.008795761213729936,-0.012783501986953438,-0.0071393171821293455,-0.0067552881424939315,-0.003016602192373763,0.00421791581750508,-0.00260401685647349,0.020310225905007195
2022-01-19,0.0,-0.005660723745211316,0.014916813301562915,0.01930641903900354,0.0003066243774312305,0.0035778636602599168,0.004303204187943832,0.00562240342218967,0.003900326145668709,-0.0005948987412291995
2022-01-20,0.0,0.033019975157785986,-0.03495076437418232,-0.008877365394854397,-0.020544425660168897,-0.022745112133147116,-0.018614923277089024,-0.020290952892595304,-0.013705721771387624,0.0062190405671913584
2022-01-21,0.0,0.05205304299893365,-0.011820838838275005,-0.010769783017464007,-0.00930219329193227,-0.006447934473573946,-0.008909646354509415,-0.004682957158789636,-0.012740206392057751,-0.01991564429612047
2022-01-24,0.0,-0.02526933911013185,-0.0024403609986572983,-0.014177578786708334,-0.0057824468265809115,-0.005828912153664434,-0.005011306653765479,-0.004172167406400473,-0.006282184182022532,-0.006066854912928243
2022-01-25,0.0,-0.04190084948900641,-0.046212464235908746,-0.04225141842750724,-0.046663958527390914,-0.041101682595560685,-0.04085362825502492,-0.04155901556892816,-0.042376078120092586,-0.038921382598050336
2022-01-26,0.0,0.07939649533554682,0.007884268762702318,3.5502607335091696e-05,0.009910272390045494,0.010526569433458643,0.01306139734725198,0.007340624435679288,0.01079052697476568,0.015440929952339033
2022-01-27,0.0,-0.05104771254706442,-0.015764991047861887,-0.029100277168223276,-0.0244273079218571,-0.020969900778338157,-0.022722168950592203,-0.02624849055504186,-0.01791200794425507,-0.01372779952039438
2022-01-28,0.0,-0.030160539198761604,0.028655782250433193,0.010857573777226737,0.012734006922572094,0.007370363435646121,0.005752159882875141,0.008023404780003185,-0.0021475950082565642,-0.0013614940027466549
2022-02-07,0.0,0.0309613047879691,0.01897854489425166,0.024305426125238228,0.018130436426972096,0.027183490944881372,0.02851117358096289,0.02341561619650978,0.031760661195884055,0.0356637035541465
2022-02-08,0.0,0.04060077124734507,0.026807225580870675,0.026340326903791844,0.026745178835377637,0.026441979391971904,0.025172303214455738,0.03086678763777173,0.023890877552668055,0.022036727433637937
2022-02-09,0.0,0.0801589598962349,0.010440032186462611,0.015929999614187063,0.013342611075960464,0.010092788491480764,0.009517068222560265,0.016390255676989263,0.011239757705724163,0.006113489220677781
2022-02-10,0.0,0.016760358887134785,0.007217432925515022,0.014724552562449755,0.008251921369393234,0.0074932012080177746,0.0038111745571356437,0.0067278781863751025,0.0065458784805194625,-0.00427499483911864
2022-02-11,0.0,0.018703461849426173,-0.015515801453986788,-0.008627386845206808,-0.013819104106112756,-0.007866546077209935,-0.013636596568281756,-0.011438503692755009,-0.013547949949035187,-0.024468861271249587
2022-02-14,0.0,-0.002931952297293594,0.00220752241829536,-0.005575498632627074,0.0011799969574826097,-0.005349281863081923,-0.009124812032141105,-0.008440785383782234,-0.008497675217614797,0.008769256070044307
2022-02-15,0.0,0.02273446174355609,-0.009064448716776918,-0.008487167769766102,-0.007772709638066533,-0.004030748477105717,-0.004732290831399588,-0.004949637615092151,-0.002156952542048174,-0.014510648753216726
2022-02-16,0.0,-0.038916933742725424,0.016303072107299643,0.014581532220214743,0.011064490867547239,0.014219677832621347,0.014818119660780171,0.016093662581289303,0.014973166496976775,0.004971151717579003
2022-02-17,0.0,0.08003924143344143,0.012160449735749035,-0.01441946581242226,-0.009766397922880254,-0.0042665459376468595,-0.004521295422520333,-0.0037108227784552472,-0.00042836122043588,-0.010738318775233457
2022-02-18,0.0,-0.023133639297093334,0.023158491520328006,0.015187808922133117,0.0153826937198831,0.012473784573280744,0.013110058182224549,0.013020256414686848,0.011738848000588664,0.005517462603985779
2022-02-21,0.0,0.03284775589232369,0.01432117573890701,0.018359698863628537,0.014295373184879834,0.013652599474122784,0.008783721717724013,0.009371069744332328,0.0050209192644674605,0.0027758164200157864
2022-02-22,0.0,0.035676959834119115,-0.0006989850291629907,-0.01611462482729442,-0.009922934420932061,-0.006276923986323957,-0.009130777653007183,-0.008584464025146787,-0.01200217572471396,-0.03134492459363647
2022-02-23,0.0,0.05444888771929657,0.014217021225261917,-0.0020486942137974973,0.0020094949754234648,0.006958525915857772,0.00666547172784937,0.00039010781061454836,0.008853517565797553,0.007497204546590197
2022-02-24,0.0,-0.0012024029595788521,-0.01864529779707802,-0.025510115401877753,-0.030565495766792794,-0.02244623094331788,-0.021907218113353166,-0.02284531514288346,-0.016817834258119335,-0.028099019716685825
2022-02-25,0.0,0.05339699691180111,0.003087299307884317,0.005851908618107471,0.00883868985055436,0.0037280177025429406,0.00863579767274203,0.00013735062407094212,0.018350777506092264,0.02098972688079548
2022-02-28,0.0,0.056917039928715774,-0.010479798759283065,-0.004313647816045707,-0.00011476429373813435,0.0028340303410716583,0.0017976422279293303,0.006764722964682113,0.0035069068808899484,-0.0030169574751001127
2022-03-01,0.0,0.04608663281356984,0.009715518948028024,0.008457575143611118,0.010489383250681161,0.008661558783009893,0.00944913421676552,0.011790289478334604,0.0027018569691561467,0.02024110807899926
2022-03-02,0.0,-0.026009324512773935,0.0029379988553250858,0.01121454280341716,0.009719830306274213,0.011091692858002267,0.0089077601951979,0.010045205445002203,0.009243779725006673,0.012831352934532747
2022-03-03,0.0,-0.03617312450822063,0.014647195531982682,0.01100308419635554,0.010657070723852469,0.01581262989786003,0.011969972087617853,0.01464179704267754,0.015490657253431683,0.022797164774320144
2022-03-04,0.0,0.0026352755145013784,-0.015058427610279757,-0.022512541361881522,-0.011801724448648021,-0.012985557654928925,-0.014915117438616843,-0.018552366378581264,-0.006187010517607061,-0.0257942190459155
2022-03-07,0.0,0.03607263404276484,-0.007597227009317198,0.0002671238360179018,-0.008082336100197929,-0.006172213799621296,-0.011460661234408254,0.000607969115000051,-0.007879811605065679,-0.009424489734125574
2022-03-08,0.0,0.03666175275994199,-0.029515877839981552,-0.026579669034798137,-0.029788899356979703,-0.03616762636857729,-0.03514531940590582,-0.03168398862844868,-0.03422401085930227,-0.03807117430206697
2022-03-09,0.0,0.07202252947919785,0.00048369610244547445,-0.010121000468186536,-0.008327627754511902,-0.011026756855326947,-0.008724230240310549,-0.009389251856686376,-0.009260135656876556,-0.013940665122707196
2022-03-10,0.0,-0.07532958181641969,0.015119388959367708,0.014989604474129559,0.019387966058743267,0.02066338696119918,0.016489607831406072,0.012766579279338774,0.014185290916470139,0.022905697037880035
2022-03-11,0.0,-0.07577378616782227,0.002800333707319469,-0.0005593944961099773,0.004599357691693395,0.004993031309449947,0.0008475426674452446,-0.0007127781624519658,-0.0020124276696824595,-0.007866833972849485
2022-03-14,0.0,0.04079099716519652,-0.022557261794781236,-0.025038759372663533,-0.02649133386049818,-0.025558880538432804,-0.02594936042806051,-0.03050368123586744,-0.0331122594248372,-0.029998023391937356
2022-03-15,0.0,-0.08348084260114652,-0.05372319974897477,-0.057576246463806324,-0.052552474544052874,-0.056098834665773145,-0.06368417576995222,-0.05889669893201621,-0.06043403627810062,-0.0779961979751258
2022-03-16,0.0,-0.023454692724061754,0.03301352253407863,0.035443132379929576,0.028724724117185074,0.03255862755118599,0.02973128150451898,0.03365478356540463,0.03202999922185046,0.02696407536181411
2022-03-17,0.0,-0.022629033124439757,0.018804986887190678,0.01982297296297597,0.021814192244622888,0.011841181510228838,0.013612826138704959,0.008120759840728908,0.01483065688487728,0.012453213595940316
2022-03-18,0.0,0.033537411785371285,0.018398824161868,0.030147051650964096,0.026641014691465292,0.02337354722657059,0.022767650623287672,0.024541600912276307,0.03040624478231102,0.023744486130177433
2022-03-21,0.0,0.00910637006583448,0.013777385295760558,0.01862969614089449,0.014126934633091226,0.014862473336209048,0.010675597942715775,0.011226892001613642,0.005019555540503262,0.0046903670453242174
2022-03-22,0.0,0.06778439987908103,0.015562619583352255,0.008030303400153205,0.0037990939086074427,0.010850693379091059,0.015859488254455822,0.012378648435189321,0.006340364049154612,0.0022719835902043073
2022-03-23,0.0,0.07333911220480527,-0.0026092074184767,0.004932945057831928,-0.0023897237440742014,-0.005872067893251787,0.004577839170673226,0.0019329824585994082,-0.003991627254500418,0.013271388530509798
2022-03-24,0.0,0.03905957005593397,-0.012368537658629775,-0.008028925850527835,-0.008860041400109986,-0.005466287997429542,-0.008618389412325178,-0.005574953259640747,-0.00898414193656083,-0.01822516721020606
2022-03-25,0.0,0.0752324541434346,0.0016565665297521015,0.008946008226178526,0.003586194301008927,0.0007712990765560424,-0.002126465793937826,0.0011034405137140268,-0.0006137168255154757,0.0011316573204840363
2022-03-28,0.0,-0.07399439103927885,0.0030602080998449743,0.01475254767307832,0.005402014667691857,0.0030896378732425678,0.006549576177812266,0.009927834806292335,0.009160062531853974,-0.0033945431435072893
2022-03-29,0.0,0.01935024971065724,-0.0008798147699629055,-0.009139752845686466,-0.009931811649644962,-0.002522338341777397,-0.007511672559864624,-0.004707018497889126,-0.0025945149190959027,-0.010433305643949065
2022-03-30,0.0,-0.018013186226554456,0.02053488189537722,0.02279787598836669,0.016302106603836908,0.012027125884485956,0.0167403900402463,0.00794439196734964,0.007917516932927748,0.016334495899269275
2022-03-31,0.0,0.07069950640831446,0.005020852252619168,0.010598799334905262,0.003145919600491265,0.006419574443804921,0.00788700858793856,0.003262995036368066,-0.001793557743947849,0.002300202593226164
2022-04-01,0.0,-0.045004302976895394,0.010773431770735309,0.006938393072358551,-0.0012274898295144832,0.006488266356174277,0.005109030520188185,0.00520147874617316,0.009181661253051754,-0.003823026079889047
2022-04-06,0.0,-0.016276906758777465,0.012670126326751907,0.020519251257138382,0.02446603722714613,0.018492378081802707,0.01823492904775792,0.013938747382692185,0.01831225953058291,0.02792809461587975
2022-04-07,0.0,0.02299914862865493,-0.022631550544089496,-0.020389507835793186,-0.0273171883148855,-0.021757101293773062,-0.023752744665153425,-0.02009805743608284,-0.014959764431727307,-0.02059882498800414
2022-04-08,0.0,-0.07795332548515621,0.007651916583063301,0.011818517136590323,0.008197204919853762,0.0074927874569916675,0.010772251554072243,0.008074443891882499,0.001963564274398477,0.012820751984778944
2022-04-11,0.0,-0.021689134744572347,-0.016150449651073373,-0.012574589830103955,-0.016000807531357908,-0.02204709381645542,-0.025439541003464905,-0.02348822116885696,-0.015886551298736618,-0.014150597030235024
2022-04-12,0.0,0.04997477555981944,0.015335536598760857,0.002970900923699782,0.01099368166078496,0.01697244875728665,0.009245432476413518,0.012535375965232465,0.020068633927641022,0.00815319076193144
2022-04-13,0.0,0.04722241921345405,8.993279605240545e-05,-0.02891767363563935,-0.018699679237334954,-0.014715761578571018,-0.01693572069661753,-0.011557818010655474,-0.005147513684570004,-0.021410087802911537
2022-04-14,0.0,-0.005886337485944693,0.009900681969933434,0.011771899027640975,0.014003157215143336,0.012712842887103726,0.017568254237278813,0.013914453587497988,0.009872855050549134,0.012066541323403124
2022-04-15,0.0,-0.02367318692658804,-0.01177774945997101,-0.019238647227202588,-0.016129662552117008,-0.021261006163599938,-0.01436986316963651,-0.022766033250291362,-0.0168054988562768,-0.011030409994828627
2022-04-18,0.0,0.05007208799411367,-0.01763401307991408,-0.02088912827982703,-0.0036927533795753087,-0.0054318396331438645,-0.0040128252913286255,-0.005366081904273234,-0.011368560390071947,-0.0050841110749977325
2022-04-19,0.0,0.013387992456751707,0.002285009711419317,0.012858552438550275,0.014391558372306879,0.012219838819282014,0.01387395220681742,0.01683608345497456,0.016232995061561395,0.00817788502625616
2022-04-20,0.0,-0.07950898129796025,-0.015188684487549509,-0.022843288472440104,-0.020205159513249193,-0.02262467640203658,-0.02464108912184093,-0.013872080616304072,-0.009972739738739467,-0.01902540441111711
2022-04-21,0.0,-0.08445750829397602,-0.051649581573240066,-0.047129029447420145,-0.04479296982771097,-0.04061468757230746,-0.03847059063021363,-0.04457700260134323,-0.040213043333009346,-0.04747731953886247
2022-04-22,0.0,-0.042720914867146687,-0.021001955715739262,-0.007307264717494211,-0.006491426987806026,-0.0010320750400489853,0.000797169306706591,-0.001037166212075613,0.013253120360988024,0.021500456140085777
2022-04-25,0.0,-0.09855388748936067,-0.07492283317036341,-0.056594682606854296,-0.06643393503652184,-0.06400234769776258,-0.06981638146829772,-0.06792545846833709,-0.06062356569229099,-0.05892241266335274
2022-04-26,0.0,-0.07597415718306144,-0.015534644379948226,-0.012215929605507436,-0.023377209267504195,-0.019232733062072294,-0.031512728592967165,-0.026022708889579582,-0.03280616882155374,-0.03597928973901843
2022-04-27,0.0,0.07801794112073135,0.01561707531037948,0.030077325107810138,0.015596034867399133,0.031421371765546935,0.02134224608298907,0.0259246170900993,0.020833623812195334,0.030718590262401646
2022-04-28,0.0,0.03684571768477385,0.007986419110141307,0.00040375756271227026,-0.00917869438214447,-0.0034201315041190172,-0.004375104798960638,-0.007014596701329423,0.009749109944111822,0.011203646317781368
2022-04-29,0.0,0.04560455490586213,0.036740411525917116,0.0399120361865033,0.03577049451719305,0.03430966137414804,0.03777175121259502,0.029823128339424132,0.02197541735744335,0.025019629494474227
2022-05-05,0.0,-0.039115259412968006,0.00033025069085868,0.012705731738532622,0.01930108503803596,0.013367151927732968,0.015863502855949285,0.01368454989219492,0.008627340370886971,-0.0013373052837698518
2022-05-06,0.0,-0.012831428589256122,-0.01741735775194253,-0.012457739705847293,-0.019438448954841592,-0.0234276974273383,-0.022516554428506308,-0.020373216644885894,-0.016008505177544152,-0.028293367303716788
2022-05-09,-0.007666666666666706,0.018276239357983063,0.015318674981970818,0.0169334802157024,0.016495904285614874,0.0153281481027201,0.017427280282601085,0.012710047702828617,0.01156457688976123,0.0013000029274848933
2022-05-10,0.010695187165775444,0.027341925765654196,0.01310679786715152,0.01358525036737479,0.01761935851621277,0.013877590877930945,0.01324107348944037,0.0078288156211328,0.008613504882258649,-0.00035847085348827967
2022-05-11,0.010582010582010692,-0.009531535115419931,0.004049185805644395,-0.002181957370793852,-0.004771536961792666,-0.004664752682479345,0.0004356023280103205,-0.0005384223059038407,0.0020708483859590565,0.01033458107643681
2022-05-12,-0.002617801047120616,0.01467286589947614,0.0066233287249855,0.008235483131752597,0.006724785428411817,0.00886496514395052,0.004035141694073818,0.006891055505566568,0.006391520171888487,0.0013424206061716237
2022-05-13,0.005249343832020914,0.0010468827357275057,-0.003908973694364937,0.009673459642623117,0.012727246446418983,0.012400008996670486,0.008447775468330088,0.015336401387228582,0.015833441783383417,0.015221292031731615
2022-05-16,0.0,-0.004648051838882505,0.002276741711046748,0.0003288319281620211,0.005782830697317554,0.004060747365024042,0.0024535655538464596,0.006493577522410421,0.01402571625802973,0.00921084196918498
2022-05-17,0.0026109660574411553,-0.015155110217251466,-0.012729301593153552,-0.009037710250949349,-0.005238746632434621,-0.005616947151110274,-0.005036676099091308,-0.009685218668970874,-0.0117352238349403,-0.001386891223248976
2022-05-18,0.013020833333333481,0.02638463136798208,0.016361362374128108,0.006457951346380941,0.005825337757822124,0.006067842167269966,0.0016969616648911945,0.005622536768205011,-0.0008235287148748993,-0.0013640399068429732
2022-05-19,0.028277634961439535,0.020578171373859533,0.0030654311796864953,0.009655958107348539,0.009335628442095789,0.008806882558137774,0.0074092199266555525,0.006796796141320449,0.007089382331210148,0.0034587202212656987
2022-05-20,0.0,-0.0017052086549679268,0.008161307683933972,0.01154581430645929,0.01207218143480926,0.010028705707267438,0.010541445649763226,0.010307064126903631,0.010399850059026106,0.0240564744246059
2022-05-23,0.004999999999999893,0.01333297999769023,0.01027315166980336,0.006973955631442763,0.008011939672232904,0.01329066697476744,0.008015828486121146,0.012063976891892425,0.010508401336900342,0.016168083354310303
2022-05-24,-0.02238805970149238,-0.03883104745664623,-0.04709384323972232,-0.03926714230201056,-0.03680577889775738,-0.03705547558982325,-0.034898362430552776,-0.03545943347494185,-0.037485063298120735,-0.0384318155751836
2022-05-25,0.022900763358778775,0.02560993852418525,0.02553330650450003,0.021203053996177168,0.02510115041213634,0.02894818897274276,0.024727676809587207,0.026572762295078434,0.027276748003198792,0.021483370712187755
2022-05-26,0.004975124378109319,-0.0016402436828670819,0.014425918369693758,0.003934836368800099,0.008915950599182265,0.007350104218775799,0.01059620321986432,0.005131407209477468,0.01147877100140815,0.015427815777214304
2022-05-27,-0.004950495049505066,0.0009627627611927814,0.006437417138605461,0.0007314228801431621,0.004492753949577377,0.0021350427102500014,0.0006114460812576272,0.0038380859270865653,0.002235731138374941,0.0013110881448057388
2022-05-30,-0.004975124378109319,-0.00018948319888800746,0.017442409862971076,0.008105205747699573,0.008148302891049397,0.004271984572510545,0.005771375508245136,0.009500505717423113,0.003912547821110612,0.007282798803060153
2022-05-31,0.01749999999999985,-0.004227941157754267,0.00264702685360807,0.006537536115618803,0.006680762737814039,0.008847840799864004,0.005964965475936612,0.0058550410143527465,-0.0008649427569802359,0.005786186317818132
2022-06-01,0.02211302211302235,0.004999328845978868,0.006624700268555328,0.006199130141453901,0.0017270105686455484,0.006489162027777384,0.001939568778603462,0.005563128978829379,0.009658225418785138,0.010037949568375337
2022-06-02,0.009615384615384581,0.005515590276522708,0.013406925943871606,0.0023447065448405358,0.006586425078490832,0.002840422795965525,8.397070919707872e-06,-0.0003105416820512463,-0.004565815877387358,0.00564402488301341
2022-06-06,-0.0023809523809524835,0.013531171823401467,0.013672762468367905,0.006645687024860125,0.0070244924608917625,0.004497508983104748,0.0046299999458465635,0.004142868720443227,0.007469735103909025,0.0175169212866646
2022-06-07,-0.007159904534606021,0.005712280040824025,0.007441340939795316,-0.00023152772942358624,-0.0030920327196913844,-0.004709224896202957,-0.0005305888205909826,0.0023414606232883273,0.0005512088053862829,-0.002193195303408113
2022-06-08,-2.220446049250313e-16,0.01107972860390194,0.0063279931781550225,-0.005241436092020102,0.0002667377065392884,0.0023393984417217073,-0.0008487962178569397,0.0007337569729952698,0.0035821427125573013,0.012302297270983864
2022-06-09,-0.016826923076922795,-0.03354260731670777,-0.017288865961783584,-0.012072687717310071,-0.014031169648898612,-0.014452850459665822,-0.011950847206013804,-0.01194255281466039,-0.009135726663891619,-0.012525354210608075
2022-06-10,0.009779951100244766,0.024933737165943715,-0.0006166466702729467,0.006398085502390627,0.013046434833263287,0.01335282389165382,0.011483827525421875,0.011159917006142495,0.010766075571664313,0.018477472733249956
2022-06-13,-0.009685230024213176,0.014076132857427925,-0.009886292928559803,-0.007353390701444584,-0.0045819310024217685,-0.008613414184969193,-0.008296308663695795,-0.008684531275073626,-0.005923342291533129,-0.010453124002043346
2022-06-14,0.007334963325183352,-0.009367675797533614,0.002774051206119621,0.006754786542671143,0.011000366315976562,0.009536116512000703,0.009291014290580879,0.007663497662907082,0.011472690712720057,0.0035781454872967355
2022-06-15,-0.0024271844660195274,0.012688873846286475,-0.00020733670100592239,0.0016261193462900891,0.0015875932574460627,-0.0037503304570144502,-9.957212028344209e-06,-0.0031696942042176435,0.00021604791621210317,6.753313309215692e-05
2022-06-16,-0.012165450121654597,0.03765747946985387,-0.00369432277725823,0.0023996604684959344,-0.004641591805395362,0.0008635996794805756,-0.00451415387101195,-0.006292367764397566,-0.007164028314152082,-0.011382656982847017
2022-06-17,0.0024630541871923928,-0.01888184469950127,0.0020807117107881634,-0.0051292390230253115,0.0033031754917800527,0.004070958992681728,-0.0031055906271227895,-0.0048315523183213305,-0.005389923152880338,-0.002469251567728592
2022-06-20,0.02211302211302213,-0.0007830469493397274,0.01895586195052479,0.017679677833537744,0.014570096708202529,0.00686059833414121,0.009065371861614713,0.004134819329343786,-0.004783713699943126,-0.018939018277240982
2022-06-21,-0.0024038461538460343,-0.002726895633801907,-0.00846831265406256,0.000618954010260131,-0.0008284028933425169,-0.0010304103975367074,0.00010235072687714286,-4.205676623814103e-05,-0.005504574934662387,-0.006004794770668953
2022-06-22,-0.014457831325301429,-0.021467299813065388,-0.015379798673253786,-0.014671946188473228,-0.011899914928766742,-0.01284971487049269,-0.013803361386348967,-0.011486591700678561,-0.003046301834810472,-0.011883118558040362
2022-06-23,0.0024449877750611915,0.023045035651078738,0.020400129451042304,0.0027497192329017928,0.020259045969748923,0.020782334663233648,0.013913280940572648,0.017522641243574943,0.016560097323134126,0.005761575406107555
2022-06-24,-0.0024390243902440156,-0.006447899451248684,0.0027633815362435588,-0.003382736250550411,0.005198350487229497,0.0059798903185777075,0.0026870993245178276,0.0019584743829794693,6.636264044956874e-06,0.0007149761427522883
2022-06-27,0.0024449877750611915,0.017678630185768318,-0.001159591088743972,0.007147641391738402,0.00885929085530801,0.007827415509122915,0.0043032386723198535,0.004564380172079163,0.01276673592421984,0.018405933753761206
2022-06-28,0.04146341463414638,0.014117017498934237,0.012023144876245562,0.01378502297774964,0.015901760234442675,0.015879999197699224,0.013013147575770656,0.011023089590144197,0.01708744507400506,0.017690349127595484
2022-06-29,-0.03512880562060894,-0.03291189800815186,-0.020057204000513584,-0.011350671002234525,-0.014043083719334604,-0.01465845156772061,-0.016840042197689864,-0.016865866478002922,-0.0224477359622256,-0.01624337738233106
2022-06-30,-0.0024271844660193054,0.00245887194268235,0.010757047119046792,0.001601706192263519,0.0027417372973170817,-0.0013303594122473505,0.0031326691105302285,0.0035005428873975397,0.0032274445509852256,9.309226017051309e-05
2022-07-01,-0.009732360097323589,-0.009629474430839613,0.005784878002394578,0.001473141084070706,-0.002322345921532243,-0.0028340540872949793,-0.000710854106746428,-0.001093218083877412,0.000895504120443924,-0.009026626606929322
2022-07-04,0.027027027027026973,0.013629142718158294,3.837501187353709e-05,0.00196835233844439,0.003012878943220887,0.00018998318545326853,0.003157281860120431,0.0022810549647074296,0.001391264769110112,-0.007123851030142125
2022-07-05,0.10047846889952172,-0.007457565895589102,-0.007439862804654251,-0.004879425014044814,-0.006970510183039735,-0.006715858875556147,-0.0023454635285926617,0.0010745644273641997,-0.002082972883293177,0.0069956501447836494
2022-07-06,-0.04130434782608705,0.0017383115621534273,0.0028708334315712403,-0.00996905193291664,-0.015826064510596205,-0.015071280370120288,-0.014104284708837067,-0.017927482735560885,-0.02351438338958567,-0.027512936757534967
2022-07-07,0.013605442176870763,0.003116197927758968,-0.0022577683613967947,0.006911208395906421,0.011166975196736706,0.01357866927056639,0.013410180519902948,0.00489515890395209,0.01230396470357431,0.007244624932547072
2022-07-08,-0.03579418344519014,0.006912858437821967,0.00745756038338885,0.008383980826866866,0.003064907490584412,0.0021171045535053334,0.002463046848522943,-0.0014151527697179311,0.0008293002708814612,0.002515212476530637
2022-07-11,0.04640371229698381,-0.023817213172902862,0.0011789170881189026,0.003182438260827647,-0.0007411530566002744,-0.006227128531416937,-0.007026351263489938,-0.004495853831445129,-0.006342093188452691,-0.01079404004420148
2022-07-12,0.006651884700665134,-0.022392553921095515,-0.016117819111531317,-0.0035870984547254903,-0.0019839137171939747,-0.005135105803380502,-0.0027226794264733067,-0.0023389090600830498,-0.0013226221124716941,0.0005111370467036913
2022-07-13,-0.0022026431718060735,0.034819248745116216,0.019943879585120117,0.014751412428674948,0.01870053911434577,0.013173108513583998,0.015184864111265961,0.012122769981737891,0.010942073045855594,0.015037724684275888
2022-07-14,0.0066225165562914245,-0.014974601464959325,-0.0007890781141817182,-0.008703256399199999,5.48109180265044e-07,-0.00901004167293007,-0.006373733252842073,-0.008600824391220563,-0.011714853305057282,-0.01829036191380018
2022-07-15,-0.03947368421052655,-0.04150666259608782,-0.03288491347928357,-0.031796119556323776,-0.024095773032690282,-0.028040109571802585,-0.03005179906684674,-0.02822276751469166,-0.020426872278994868,-0.03066682132780263
2022-07-18,0.029680365296803624,0.025618530370024706,0.03818250903635856,0.03464941854714754,0.028943133903184926,0.031608730808897034,0.03382434450766558,0.03011371306383026,0.035201342274678415,0.029773847170568857
2022-07-19,-0.013303769401330157,0.015290241475990785,-0.000669884303179602,0.014348400454002874,0.006101114102530447,0.00914288757738424,0.004432329854753281,0.006967327948147473,0.004945818836497695,0.0060588847753522135
2022-07-20,0.008988764044943753,0.006107610424576526,0.01841811894695522,0.00670112639056808,0.0025192553955044605,0.003165266469840722,0.0059897220927351835,0.008809843418680519,0.005559262741338333,0.0024487728248301366
2022-07-21,0.008908685968819663,0.005853068399664263,-0.0069657308785433525,-0.0006809789573415381,-0.006023449413224635,-0.0038002465550894815,-0.005901836426216001,-0.002491038553500413,-0.003916138075129472,-0.007712154524986414
2022-07-22,0.0,-0.0018455840885748254,0.0005917494787368582,0.0005138663427786128,0.006057178160806753,0.004785678264703108,0.003386641213436903,0.00124996835804847,0.0033876667768750757,-0.006033681357681231
2022-07-25,-0.019867549668874163,-0.015236710469765047,-0.013887188172937437,-0.014923667296393717,-0.009901417552923841,-0.014205757396789198,-0.008761054739101493,-0.008547988613066826,-0.007389467173346875,-0.006490371570570086
2022-07-26,-0.0022522522522523403,0.016544676158448013,0.012994603832859442,0.009583891005023215,0.012448421734939652,0.012132771136475373,0.012913894628153955,0.007905409966000532,0.013501291931237835,0.008219277840805228
2022-07-27,-0.0022573363431150906,0.005241149193037309,0.007139574179424235,-0.00017149180550513066,0.0037011160120832276,0.006202150974708109,0.002664199070276707,0.002164209557161678,0.0043631635706897764,0.0010255705623216649
2022-07-28,0.009049773755656076,0.00645425097502228,0.00947720698458987,0.007421313011763742,0.007396649548475631,0.005934735831440774,0.005984226283150429,0.0055802173212027295,0.0034097156679002705,0.007444304715612526
2022-07-29,-0.0022421524663678305,-0.0034639197817611933,-0.009444687836794863,-0.0020804656843695923,-0.0009041576988274569,-0.00011343233145733045,-0.002972784685269625,-0.005603519038585358,-0.008924412796127656,-0.008732998701245998
2022-08-01,0.004494382022472321,-0.0003475945192104035,0.01600499652185494,0.00508310743819429,0.001674369514939933,0.003675282576450112,-0.0007825542615367276,0.0018347657175419307,0.0006507960816029001,0.0010279285722245568
2022-08-02,-0.03579418344519014,-0.04522706276953081,-0.02440269528636063,-0.04758180822185831,-0.042437342727912886,-0.04377306692632976,-0.04174070009196429,-0.03680822366207981,-0.03934652956567064,-0.03875736732904178
2022-08-03,-0.011600928074245953,-0.005563666365057673,0.0068656107548836776,-0.012240527986603356,-0.01104219128450612,-0.00776607443370525,-0.011371746762189217,-0.008854452442555782,-0.014691443626803857,-0.011503489816152124
2022-08-04,0.007042253521126751,0.02173868113936539,0.0025998898051387,0.01741059284516777,0.009051444018480792,0.01251555697005502,0.010986695952474923,0.01448574519387269,0.005581708357697668,0.007691580162859868
2022-08-05,-0.002331002331002474,0.007128302902917216,-0.0005507451368347294,0.0012785429053798758,0.0030519728162987647,0.009227586068901728,0.007740726469579018,0.010890167313651666,0.005555478574488237,0.009082755019515165
2022-08-08,0.00233644859813098,0.009522029437734725,0.009460880390837145,0.007182874007702678,0.011730854718860817,0.010222628744792406,0.009972538072302362,0.009785090432611998,0.014967396685634515,0.009611441724074021
2022-08-09,0.00932400932400923,0.012799389378936876,0.0012066255007847637,-0.0003703168645508015,0.0015085940134413889,-0.0023211934149638402,-0.00030865708983196516,0.003003808433089672,0.00492144037060438,0.005778005521285934
2022-08-10,-0.009237875288683584,0.0010720747509518347,0.010284538279008437,0.002434003708350563,0.0023923727693322405,0.004647575846164598,0.0012622799642163507,0.00282322911141053,-0.00115217692534908,-0.0037796943348331613
2022-08-11,0.013986013986014179,0.012302633233538751,0.015527350022980224,0.013098137935154242,0.014259367514565469,0.01650076696795244,0.014123691689210904,0.01667666244099908,0.015011313308858298,0.017017419452432403
2022-08-12,0.0045977011494251485,-0.008769445913723084,-0.0012774015599970046,0.0014810868058661164,0.00010473935442223414,-0.0011315108900769033,0.002621667991831833,0.0038710308252183356,0.008344192982356002,0.010821638972627445
2022-08-15,-0.0022883295194506825,0.006967816693834505,0.0027738045141658674,0.007104765258429069,0.006627851516906258,0.00331314265514826,0.005035297399573535,0.0038434096524673222,0.0062065178870924775,0.006136598412987748
2022-08-16,0.01834862385321112,0.010132083910334266,0.004542427262899551,0.014673525489483419,0.013679727378006268,0.008294438060960196,0.008983986591424076,0.007213236319873362,0.008105034539240386,0.007415308182447733
2022-08-17,0.013513513513513375,0.022780512393257624,0.002031795062010344,0.0109760336575917,0.005867900242499724,0.011033939553152461,0.003946574219823917,0.003228207946774919,-0.001183912458440295,0.003246427641885763
2022-08-18,-0.00666666666666671,-0.017874843241348692,0.0030950991540548145,-0.002313560527707925,-0.0021432178695195425,-0.0017416795802727147,-0.004521422419451526,-0.006950629827911614,-0.005576607183531257,-0.01753949436975777
2022-08-19,0.0,-0.007931695756779877,-0.007939779349373843,-0.005836721209161677,-0.01469676398074049,-0.002455165027391071,-0.0013841512386720822,-0.005872525426579789,-0.005398428517327636,-0.00011773077020138523
2022-08-22,-0.008948545861297341,-0.006675358526642361,-0.0012217425832059536,0.0008087095861353255,0.0053707769278033,0.007636682072474699,0.003064669358861627,0.005270549127814217,0.011428780176630182,0.008061210942430286
2022-08-23,0.009029345372460362,0.0057203944836601295,0.004899325884666572,0.013074367212902782,0.005504561069321845,0.006646446147680951,0.006264648063213141,0.0026650865278354807,0.00824351711486293,0.010853049502609124
2022-08-24,-0.031319910514541305,-0.01830566223568586,-0.03595496499899675,-0.029302487077231265,-0.02496984162476512,-0.02700687699898985,-0.024292382858457473,-0.022084824235308553,-0.02049578637457894,-0.01990457037509985
2022-08-25,-0.004618937644341847,0.0010009090440497026,-0.009256831985612668,-0.00018414385495257868,0.0032487673903716097,0.0010248155197549735,0.0075667550087683555,0.006783370632499119,0.016158972852848397,0.018631057378393878
2022-08-26,0.006960556844547661,-0.023459024979198495,0.00197022604441055,-0.0037181788902027613,-0.00785663044890239,-0.005140217503237565,-0.004259325850745399,-0.003291902105416411,-0.009382751780003362,-0.011524484677729152
2022-08-29,0.00691244239631339,-0.004509611927180801,0.0058478843582543405,0.009155842839837502,0.011565398524239434,0.00922607668297637,0.00799139425199713,0.008855023837300635,0.010113203876223276,0.0045999311481605965
2022-08-30,0.009153318077803174,0.01178121957602829,-0.0036896892963658168,-0.0016154714377303314,-0.0005859058380907056,-0.0012649214557240995,-0.0035612742790576135,-0.0025400040295842086,-0.008951372685892744,-0.01655715343835107
2022-08-31,-0.038548752834467126,-0.04099369367729522,-0.024119597635676615,-0.02348529722396908,-0.0251394620268941,-0.026755704875208286,-0.028265161878003764,-0.024786386062319088,-0.02907460246578064,-0.021950523195693905
2022-09-01,-0.014150943396226578,-0.014298175722754936,0.00017183730480851978,-0.0013452018418578238,0.0018502449876331983,-0.0007671115008183182,-0.0004000865703486234,-0.0003243709126611316,0.0028466503848403324,0.0017992365992076653
2022-09-02,0.0023923444976075015,0.018594527228725122,0.013581213456785424,0.009103460723069112,0.011661076616363841,0.01084112058714437,0.010091141889770006,0.010343999114003744,0.006863738126779539,0.0036836716133137326
2022-09-05,0.019093078758950055,-0.000707113535332704,0.008238914709854717,0.012950651881900699,0.013569473687198297,0.012632756400184686,0.01181334824779623,0.012879099277758321,0.016358047755291816,0.015905610626343547
2022-09-06,0.016393442622950838,0.007646573975333304,0.014200791467149587,0.013888564675301973,0.015166593269216877,0.015467889831859205,0.013227540104192581,0.014463767905122493,0.018740146214733633,0.012852420013084398
2022-09-07,0.041474654377879894,-0.002794157982309753,0.0011390218177100842,0.003699182947799251,0.005238795903461435,0.0035350356824583873,0.0029170002212386414,0.0019308841668201904,-0.00010070952229279673,0.0029116501992003663
2022-09-08,0.013274336283185972,-0.010065391661899459,-0.008465900454470265,-0.0054517222450845,-0.0046368094770170565,-0.00338217597720325,-0.006055586128180468,-0.005609032632863831,-0.0035482526239125622,-0.006975301386042743
2022-09-09,-0.004366812227074135,0.01226224224532979,-0.0036108424813762197,0.0009160601982773908,-0.00045312918639284216,0.00013028560082051222,0.0016836062198350987,0.0004328794525543245,0.0016506914955636276,0.007024759250519486
2022-09-13,-0.008771929824561542,0.005636195035898517,0.0029834852208032725,-0.0014314225878264697,-0.003885102948189112,-0.005232941597333118,-0.0063531653856429005,-0.004022971435350797,-0.006532459517075817,-0.009548810189533352
2022-09-14,-0.013274336283185972,-0.003577389337365955,-0.010650479248361266,-0.011141210089928744,-0.01006941675352091,-0.009388585205659772,-0.009978874137871352,-0.008090887400445168,-0.011326228948914108,-0.01001004432177699
2022-09-15,0.0,-0.004861336779934611,-0.019996784285761238,-0.01649522376063073,-0.018613823415460584,-0.017309467053096883,-0.014757824067994307,-0.013158740273631175,-0.016879185622225235,-0.00893722283254117
2022-09-16,-0.024663677130044692,-0.03263268461670288,-0.021736780272643252,-0.028729632007058248,-0.027468899650795797,-0.0310872054829342,-0.03190150103695444,-0.03220062713394933,-0.03697885585804239,-0.041454855567715776
2022-09-19,-0.025287356321839094,-0.01457343683160095,-0.008085389369727247,-0.010680341227375711,-0.007021116784379333,-0.0097777972129387,-0.011747425199187034,-0.009464949585634375,-0.009022798207504623,-0.009811917035288165
2022-09-20,-0.002358490566037874,0.005822296863990495,0.005062765633211175,0.014278191637903781,0.013710127042036113,0.010891562140802336,0.011981873309142133,0.012904115360569568,0.014570627203648767,0.0080830962839471
2022-09-21,-0.0023640661938533203,0.009362066855781226,0.006115032692739053,0.013887384303718386,0.011710603549616394,0.014133358638008575,0.012375721125871264,0.013703630643994602,0.014203376861336547,0.01638190224124525
2022-09-22,0.0023696682464455776,-0.007021778984911853,-0.0013410996242162465,-0.008672949756065251,-0.0074881407873098604,-0.00839184061603937,-0.006224261958722388,-0.010359227524492476,-0.0018813226314082776,-6.676371460023756e-05
2022-09-23,-0.023640661938534424,0.0016684053604263394,-0.02043892113141299,-0.0162566162390112,-0.017418574151501387,-0.01814347268343308,-0.012635138924328992,-0.015076716118147648,-0.013632871888643927,-0.012600160133742877
2022-09-26,-0.036319612590798966,-0.030537397212937134,-0.027696660368309756,-0.01800239643933621,-0.02310358897332554,-0.024961711472265224,-0.02560043163710024,-0.0293581229909865,-0.028393971658458583,-0.03556413069600084
2022-09-27,0.017587939698492372,0.025205811713247206,0.025453424451429507,0.026825002344539328,0.017972607855829326,0.019851419257764347,0.021575383551351912,0.018280819797871883,0.014452868373642236,0.013505156749599623
2022-09-28,-0.017283950617283828,0.0008965977896808752,-0.028649795356812002,-0.016486060987148776,-0.02122609246298912,-0.02340135951189526,-0.020537447557659738,-0.024769025913491727,-0.026124382348433284,-0.020856331988092447
2022-09-29,-0.022613065326633208,-0.023893150425928877,-0.0071777168841197225,-0.012988656893235917,-0.01449112366144456,-0.012319551719485844,-0.013673961104255006,-0.010312049911430088,-0.005494277695815342,-0.003932256645957644
2022-09-30,-0.005141388174807249,-0.013553937932994087,-0.006727403298320778,-0.007587641979117654,-0.009688007887583061,-0.008296296071154896,-0.0046180032628813095,-0.002689329144787811,0.0003509500262430798,0.001378765083078104
2022-10-10,-0.015503875968992276,-0.0008861042494963112,-0.01134346301585154,-0.015416305811930209,-0.014285935900922753,-0.009236304446189059,-0.008608193972462819,-0.006475810363038015,-0.005749326965646673,-0.005465506676952003
2022-10-11,0.0209973753280841,-0.0013053816943812135,0.004131445983287962,0.0080981698000826,0.0026525284060920917,0.008964629042283123,0.006527971143769795,0.003620452613513736,0.006866068969054062,0.0014016821710483018
2022-10-12,0.020565552699228773,0.02914998026521065,0.029157790545099482,0.020117145654671598,0.02280222306877655,0.024214773969565062,0.019556243370937088,0.020897914233571013,0.018960334943169066,0.01741757162232549
2022-10-13,0.007556675062972307,0.0024727908636392737,0.006551304797355106,0.009427302723998165,0.0029663638579107143,0.007594533931028602,0.0014638130885049616,0.0005566553524209983,-0.0057035312930046045,-0.01014433575633411
2022-10-14,0.0050000000000001155,0.029257978950095742,0.015982467655180077,0.0159690989773702,0.018332082808920402,0.01482238665857194,0.015386520687295402,0.01598929548504824,0.016786009676026836,0.015641342274408387
2022-10-17,0.0,0.02229211685209198,0.02248732535974529,0.010521828493889718,0.011344310783604872,0.010563639168257533,0.013925833432242962,0.013285295754259074,0.00688998491756565,0.0055813927141814546
2022-10-18,0.009950248756218638,-0.009619802220430462,0.006134786679367066,-0.0004083838562610742,0.004570153985377523,0.0005660470250894445,0.0001420437357924076,-0.0006238293672420347,0.0036181813681510633,-0.0026603846261157305
2022-10-19,-0.01477832512315247,-0.016089593570550287,-0.005777770828321538,-0.012209746635521435,-0.009326487891178403,-0.01289646806992506,-0.005979135558608739,-0.005969497820090708,0.0007413842771104573,-0.007079540440943832
2022-10-20,-0.0025000000000001688,-0.010111804751233078,-0.006718015475474903,-0.00855285983772991,-0.008076368164616765,-0.004574057293541101,-0.007124672292495471,-0.003706942904947441,-0.009470963929964271,-0.008998521604178578
2022-10-21,0.010025062656641825,0.0030404024592964873,0.004562587901920878,-0.0019356452543251024,0.006138478246776824,0.0022976161879209034,0.004182851753311345,0.0009630761824557244,-0.0012000657390515146,-0.0019084350917586423
2022-10-24,-0.012406947890818976,-0.022824152401783038,-0.010655625060023044,-0.023764053127626084,-0.016674231154814034,-0.017061579966814677,-0.016911562778437306,-0.016703985537545152,-0.0169806776547331,-0.019700733083949595
2022-10-25,0.012562814070351758,0.0035537570687278475,-0.0163771522192242,-0.001336163673319235,0.0014866729981937166,0.003981171079495471,-0.0016834794965191469,-0.0032476153820960585,0.002609822067494827,-0.00573890311734071
2022-10-26,0.002481389578163684,0.015397083213126717,0.01470547107360698,0.014041012236041706,0.013527349707251224,0.011766422456478631,0.01015704647819704,0.013222267921285669,0.0067829078078560645,0.007832207206210917
2022-10-27,-0.012376237623762387,-0.007211983448458081,-0.006112427128739606,-0.0022570027682128346,-0.004092133583909807,-0.0027054517311165815,0.0021719150334835735,0.006632456605442094,-0.00041464923607903437,0.007508554069418638
2022-10-28,-0.020050125313283096,-0.03902203810287552,-0.03930537901827347,-0.04077140921893885,-0.03628220467855792,-0.036918241275361474,-0.03683149328911517,-0.03239604442728339,-0.03140690227819132,-0.03145424457617185
2022-10-31,-0.007672634271099765,0.015434188465413001,0.00012150896180740389,0.010548116294015086,0.004016084267706832,0.006279303192382013,8.470262923565564e-05,0.0005829957347320835,-0.005525117563058735,-0.009274378182224763
2022-11-01,0.02319587628865971,0.031095971574343295,0.01748977441149302,0.02465349078189738,0.02234967558534695,0.02289764212629719,0.022846802058710702,0.022873616034951638,0.023987342250262333,0.025132064585167813
2022-11-02,0.010075566750629816,0.015110615672444538,0.007335757268355447,0.009155587029072931,0.01161423761100866,0.013277281753370618,0.009082745512184243,0.010449151821888769,0.010956588217066576,0.006821724337943147
2022-11-03,-0.007481296758104716,0.008054275406201183,-0.0015971083632815297,0.002622209389881114,-0.002087788807538127,-0.0010586387709050626,-0.0011014317843945909,0.0012462439781075751,-0.0031354595762473902,-0.0030435230803320668
2022-11-04,0.025125628140703515,0.023351245051920433,0.015221102040342993,0.01644326132104501,0.018942429136838967,0.017937994602691187,0.01802914832963065,0.012583412537563232,0.020530109683086106,0.020563333350928303
2022-11-07,0.009803921568627416,0.015832443331000645,0.009673548285138667,0.008976249688070759,0.008508531694899624,0.006077698609908699,0.0072069627447957085,0.01164045962936755,0.009850833966388528,0.011288789898809659
2022-11-08,-0.007281553398058471,0.015500594035112503,0.0007610530694273088,0.0006061699418802302,-0.0029759533615990597,0.001859543994953139,0.0022605979207359628,-0.0008645950108473466,-0.002184036544219836,-0.0007021175730728135
2022-11-09,-0.007334963325183352,0.02119006237228449,-0.004625242009173913,0.005175151950006951,0.00026859616447616474,-0.001109619471749812,0.0005180996004614524,0.002428972137094254,0.00034907129023786787,0.0020700885387834322
2022-11-10,0.0024630541871921707,0.03598340108094766,-0.003035754255101164,0.004922057561576487,-0.0008313428530971612,0.0021382298554661894,-0.0005338508179214552,0.003157114047112275,0.006224876515138478,-0.0025568637804064265
2022-11-11,0.002457002457002533,0.023256135392137445,0.004849434563359845,0.008313868423933446,0.012545174794810876,0.006191175075498823,0.010907743869291942,0.013342799054534504,0.01406758761074789,0.015471556563542377
2022-11-14,-0.009803921568627416,-0.020820913286977105,0.0012036610578396445,0.002020163187832713,-0.0004839237717906286,0.0007110257410258836,-0.0006382249056673395,0.00166739152718276,-0.0005891327794566026,-0.00735450088468903
2022-11-15,0.014851485148514865,-0.0043441232058316626,0.012395691501247086,0.013743113487592051,0.013147090652807503,0.009933368893416006,0.012027800732722582,0.011558411947205194,0.011734266387553705,0.013976518792489179
2022-11-16,-0.0024390243902437936,0.02422636183267346,0.0023701558401472145,0.00042120698379877197,-0.0030241122536356357,-0.0003579040840829828,-0.0016833067047360428,-0.0026325827188158346,0.0012650694991653832,0.002084143875564992
2022-11-17,-0.004889975550122161,0.02852712399466517,0.00025179809918607354,0.007151667098816539,-0.0007871210459489131,0.0009844330162096515,0.003525072424604536,0.0031483606472757497,0.0016450888795829233,-0.0019426466340787263
2022-11-18,0.004914004914005066,-0.015923375099601622,-0.007478853972205601,-0.005641084129285323,-0.008016370316956012,-0.007995800254351315,-0.00612546866158592,-0.00782945502181187,-0.0017990307763081637,-0.013344091519022161
2022-11-21,-0.0073349633251837965,-0.039698365842807504,-0.0009948971093968195,0.00568940685384467,-0.0008284450297229018,0.002603137206070194,-0.003661761038404765,-0.005024910485692535,-0.0005500719422550926,-0.004772224677702108
2022-11-22,0.017241379310344973,-0.0009246360191812464,-0.009970962578149223,-0.003833769931699038,-0.0031139307343733824,-0.0042762273093677194,-0.0020515911688686606,-0.002968319869803282,-0.00552403967841808,0.00581281188151106
2022-11-23,0.009685230024213176,-0.007648221279244138,0.0007070980377992253,0.0041640501020532295,0.0015668328039697421,0.002598752720561537,0.000264827385520805,0.00010458053421680269,-0.0016836715936774382,0.0017756123528365197
2022-11-24,-0.0023980815347721673,-0.0026764042797068344,-0.0018782415438391986,-0.0008279810392626263,0.005302508770023806,0.0029308923539856924,0.002951298931575197,0.0005857791300925008,0.006947875593455333,0.0004318605260287267
2022-11-25,0.02163461538461542,0.002253260950930036,-0.0007946282504308622,-0.0010514699179100528,0.0021513692105816773,0.0011527254672623055,0.004633301586889127,0.005928299410385307,0.002479735981778086,0.00555459396298752
2022-11-28,-0.018823529411764794,-0.01298111558211279,-0.0019195962936640054,0.007191119674845758,-0.0017885382388923565,0.0008951703491761887,0.0006912785196080407,-0.00246283469372377,0.0003684355603255085,-0.008875849103320843
2022-11-29,0.0023980815347723894,0.034049624734452166,0.02353464451763987,0.020872082247264556,0.024073041331149403,0.020391749144470506,0.02452049332924444,0.02169571797081593,0.02106615521233879,0.020514234115087016
2022-11-30,0.014354066985645897,-0.00034876026184249564,0.0014878024129441059,-0.000725775465985401,0.0037729852758721094,0.00509252181638109,0.0011532805794589596,0.00346056276767448,0.0019350967668587682,0.0003225026239561668
2022-12-01,-0.002358490566037874,-0.003651664822571621,0.013501328698636295,0.001884336933156483,0.003490840921154703,-5.313954939256682e-05,-0.0003740921199278935,0.00020026815474349924,-0.004501544685185932,0.005480557050999035
2022-12-02,0.0023640661938535423,0.009526678019756263,0.002132674374986765,0.004745227388430973,0.004230316526123934,0.002024397689779356,0.0010970246117911753,0.0003751335429975633,-0.004280504803704455,0.0007505274513122107
2022-12-05,0.021226415094339535,-0.005753828370804404,0.014691744848928323,0.007423036566307939,0.0173990721974151,0.01574926673970567,0.013327639252441292,0.018560100869341012,0.023325764177958064,0.026451642671143416
2022-12-06,-0.013856812933025542,-0.012933767903821503,-0.007752240721672798,-0.01214538480491223,-0.005846507627466635,-0.00967478448419501,-0.0070174822817701266,-0.003714941297983443,-0.005746911991763248,-0.006356170112450266
2022-12-07,-0.007025761124121566,0.006746276579070454,-0.0051605957487923515,-0.0047057970567765395,-0.0022430151701196,-0.0023980544330253206,0.001021430276246127,-0.0019447202988642776,-0.0013792699515094986,-0.004207101807685798
2022-12-08,-0.004716981132075526,-0.003248025796431464,-0.003535617942681979,-0.006167868421968703,-0.00038370561062983644,-0.002686054072927546,-0.0007238439775163474,-0.0010267433482015198,-0.001441733538786849,-0.00017639026771498756
2022-12-09,0.004739336492890933,0.003119866893797729,-0.004701753462011404,-0.005621361179624751,-8.833470204649974e-05,-0.00237347736342719,-0.005356665176464825,-0.0033931160066702493,-0.002941647001757919,0.003909928581266264
2022-12-12,-0.01886792452830177,-0.006606441681002551,-0.009145915042643948,-0.009547219654435168,-0.010649237832771274,-0.01004437092591881,-0.0148431171459108,-0.008081127266513333,-0.008263428286481078,-0.012420543456405753
2022-12-13,0.012019230769230616,-0.0037326730137896558,-0.0014908799428690056,0.0038731815056429753,0.0009378374684314572,0.004163615046479663,0.0063830398136626165,0.007617607169315921,0.009451209471979194,0.010051487798589998
2022-12-14,-0.02137767220902609,-0.01655522643505858,-0.004626384516691839,-0.008514270751875719,-0.0044781726865001925,-0.004678144831460007,-0.0024509289749158336,-0.0007575923827854991,-0.011954836175045003,-0.0035037458001203614
2022-12-15,0.0024271844660193054,0.013153445842611466,0.008122337678003078,0.004857295582767485,0.0037333336276255125,-0.0006422325997068601,-0.0018606321391605452,-0.0015485149649128171,-0.006252938598506286,-0.008601808756104279
2022-12-16,-0.004842615012106588,-0.0037323695183252292,-0.008181693483355845,-0.002952856060477793,-0.007632738672767148,-0.0009655069518615944,0.0021846695983516184,-0.0007881306523201959,0.0008003807251764083,0.003352992402112065
2022-12-19,-0.021897810218978075,-0.008495587406681104,-0.02442288048707375,-0.018254050000660493,-0.0255759408576941,-0.020737232984262,-0.0208232267290116,-0.025815225003913977,-0.028813571676478023,-0.026673610735098552
2022-12-20,0.0024875621890549926,-0.008060963364709961,-0.007687630005995594,-0.00308108175383337,-0.004747421436596455,-0.009006356704928664,-0.005447939265815882,-0.0055941981874342295,-0.003665952756295665,-0.0018295010453173166
2022-12-21,-0.00496277915632759,-0.005233887150821515,-0.008422135695021926,-0.01133934301242967,-0.0058578399798613345,-0.004612306042195535,-0.006912495757851467,-0.004200977851644971,-0.0028227788793654396,-0.004067846215801807
2022-12-22,-0.009975062344139585,0.004583058240754001,-0.005135627576348112,-0.016798455444595684,-0.012842674057510162,-0.011825025445256876,-0.011836131174592035,-0.012961486270475775,-0.01668255225351367,-0.015273895904427293
2022-12-23,-0.007556675062972307,0.010279360494345857,0.0013269045994226403,0.000540053584289879,-0.010306043783700036,-0.003488418174903418,-0.002693759712103727,-0.004004775197565924,-0.005354126855126817,-0.0027731626382311303
2022-12-26,0.0050761421319796,-0.00858227803231082,0.009728475052124486,0.007032343107287398,0.012499546868750322,0.009738366526792275,0.006411940715293607,0.00598767425452662,0.006886593738888669,0.004153082456972879
2022-12-27,0.005050505050504972,-0.021992796099259304,0.005338634320133595,0.0030858761774126275,0.004854473759868361,0.00573884837208638,0.006785059552876005,0.008661874876331854,0.010131616053646875,0.015905107406313457
2022-12-28,0.002512562814070307,-0.01940010055156205,-0.002177484302889887,-0.009343084524032319,-0.010453400033131,-0.005425757677618326,-0.00764851243500464,-0.00681366071645384,-0.007279396472808619,-0.005145560272747041
2022-12-29,-0.012531328320801838,-0.009241378710992731,-0.010450918299319212,-0.00855064267572403,-0.010781277480527818,-0.00868908081788744,-0.010800445753442078,-0.009687745988495755,-0.008006943498861108,-0.01508064937756426
2022-12-30,0.0,-0.004740249522172668,0.004013649276488174,0.014961066674818335,0.00810568698735148,0.014675526327951216,0.010163154300540045,0.009508106859537513,0.00935044243233718,0.011256531008730697
2023-01-03,0.015228426395939021,0.02197913121021089,0.01793717795650962,0.02426487036727254,0.018642560675639963,0.022465338396700174,0.015592895808993257,0.015368347788186743,0.01304837452636387,0.006831015373425453
2023-01-04,0.0,0.011528579351446577,0.006534955013593358,0.010732066418409403,0.01113202469644703,0.010838223915979439,0.011420177552715849,0.008286775223370402,0.000976482439138282,-0.001997810121893928
2023-01-05,0.0024999999999999467,-0.002336597280453323,0.003106207906204528,0.0026828448481130973,0.0012763252626226684,-0.0010801139505471902,0.0017533682821637697,-0.002144063069939417,-0.0013604914081980501,-0.0001363788033286184
2023-01-06,-0.004987531172069848,0.0018635142447167574,-0.0119404590068235,-0.007612920375995702,-0.0026518060874013427,-0.0038383132986007373,-0.0056270131543608715,-0.007950234647190246,-0.005182283812284916,-0.001943325573811605
2023-01-09,0.005012531328320913,-0.00011647215713583847,0.004201817583234346,0.0011983737596843458,0.004300031878744948,0.0013213752171075122,0.00351092908524131,0.005613150413913859,0.005510794014571996,0.006353415290939246
2023-01-10,-0.004987531172069848,0.008169363682985153,-0.007023120258198401,-0.00452212967574539,-0.0006177220522487481,-0.000656697559453745,-0.007015128169177043,-0.002685243986001562,-0.007357096645610239,-0.00745452457802287
2023-01-11,-0.010025062656641492,-0.008127009469005908,-0.011062072449975702,-0.007595426739977484,-0.00036132145163070284,-0.0072243262970010935,-0.004396796709852935,-0.006371905773549291,-0.004679480476556974,0.0016476988997835562
2023-01-12,0.005063291139240533,-7.653900821591453e-05,0.00843428044982475,-0.003067837326688916,-0.0016447321598306308,-0.00029985530529808013,-0.0008561945558980266,-0.0033037189332320027,-0.003896808769955462,-0.0014938194033992103
2023-01-13,0.0025188916876572875,0.0051794418197201875,0.009534583800881125,0.004944147819510469,0.005875180610272368,0.004294393524104878,0.0060893605184511035,0.008026445137459648,0.00471891936771307,0.006759222826089317
2023-01-16,0.012562814070351758,0.01966579389030687,0.013100401878958001,0.008818816327123224,0.002743568822877407,0.006663387887599015,0.01072821924331624,0.0074068550400732125,0.005818608451100049,0.006551886864192058
2023-01-17,-0.00496277915632759,0.0060428110005010804,0.00519997953627116,-0.005424732288833889,-0.004273984566124822,-0.0019346632825555377,-0.0019818193198343215,-0.001353703419516683,-0.001875363583759282,-0.002394730350738117
2023-01-18,0.0,0.0012199155747385504,0.015672581037528,0.0061211528266584825,0.0036819102256060443,0.0018967197390242774,0.000669654268639519,0.005311368475968026,0.004765687952515307,0.0077552553421225134
2023-01-19,0.0024937655860348684,0.003532874841570388,0.013877995922169761,0.004518867728044107,0.003052312641696142,0.0035627644871085717,0.0023892313711852964,0.004006126237803942,0.004448919145768171,0.009781194852701347
2023-01-20,0.01243781094527363,0.016847719487531387,-0.00014465390135320888,0.012457052151322756,0.013389746393407842,0.009646830612469293,0.008792722571604461,0.010659462267615716,0.015444566793164638,0.017415850781273168
2023-01-30,0.009828009828010131,0.014192779342370843,0.016441889921428476,0.017554082658794767,0.009572181534682533,0.012875488441850713,0.012457120417551648,0.012116808566126291,0.0073235678939223,0.004813787472185638
2023-01-31,-0.0048661800486616835,0.010337831268460107,-0.0017482556964172336,0.0019221342938833264,0.007388132938302316,0.007527519812180472,0.00809748686929268,0.00676563503302452,0.005698783640805338,0.0019390860625763118
2023-02-01,0.012224938875305291,0.013075090399006228,0.021307825730592533,0.013319995240847149,0.010222101057005162,0.011926849176644216,0.011566790598311005,0.01167271934391434,0.014546044868710695,0.01793816260189085
2023-02-02,0.0,-0.0099094301112721,-0.00880873670286575,0.002232439330319469,0.0007147077393223622,0.002594461726409758,-0.000266853168422454,-0.0005005300507189281,-0.00046892356912453526,-0.003901014427432292
2023-02-03,-0.004830917874396046,0.001640762063050083,-0.006618895548141657,-0.0005501384450034008,-0.007246206469757377,-0.0020931599959899128,-0.004209190191930223,-0.0040673825963588595,-0.00873669593598203,-0.00738539883814715
2023-02-06,0.0024271844660193054,-0.005876882352871982,0.0025074151886588236,0.0014795148614015208,0.001002706758659322,-0.001069565813954343,-0.0010444781342344722,-0.0004926433194166746,-0.001539303510121992,-0.001000719341023415
2023-02-07,0.002421307506053516,0.0010450872874165906,0.006036989103938906,0.009386932252406943,0.00676309689358745,0.008291358158194928,0.008245595256985538,0.009864163177527141,0.00681689900436222,0.00664320448960809
2023-02-08,-0.007246376811594235,-0.011664789192849523,-0.0015399946982580515,-0.006335919741240814,-0.004461007089812008,-0.005838900711901296,-0.008040117850398487,-0.0037933607440689965,-0.00519478709611354,-0.008030571055313018
2023-02-09,0.012165450121654153,0.010317509670074498,0.006699161846521973,0.005619558628839227,0.011065847419539532,0.009444186114494268,0.009238996242452835,0.006534274592707057,0.008748370330355693,0.010540158457503335
2023-02-10,0.007211538461538769,-0.0012031582664144835,0.0028398731400109956,0.007959593685266775,0.0025543735446773574,0.0035506583203130937,0.003852343432939831,0.002779492215234436,-0.0014834699016796904,-0.0032339054420239544
2023-02-13,0.0023866348448686736,0.01843053365176872,0.008741271571783171,0.010407878952902072,0.00987642647892173,0.009066948484808934,0.008760496204698986,0.005598152474230789,0.00601432477049646,0.0072001052829824275
2023-02-14,0.0,-0.0066418490130776275,0.004046893547408059,-0.0009476092583268203,0.001549837705410173,0.00039480355076970675,0.0032289788392552143,0.0015694600416413795,0.005337768136558063,0.004934904747061486
2023-02-15,-0.0023809523809524835,8.640300284334934e-05,-0.0010533277362552163,0.00260054767623652,0.001495101022320533,0.0012933564185995117,-0.0029816058631052522,0.0005565852129698623,-0.004687540808026913,0.002987449948891552
2023-02-16,-0.01670644391408127,-0.026579018440421764,-0.021472886663277402,-0.01911150758876312,-0.023707551666276583,-0.018443329318105328,-0.015876162898712076,-0.014530374524768241,-0.015679518544438054,-0.012697749138609993
2023-02-17,0.0,-0.005708810547067289,0.006969427720613597,-0.004103769508601696,-0.0019925927533551713,-8.599542355103296e-05,-0.00031033761495913303,-0.0043326357728458165,0.005254337164843026,0.0008507267986621603
2023-02-20,0.009708737864077888,0.021991559036173225,0.014477431436727084,0.015391633919356051,0.014249583675176813,0.016669130746033378,0.015186821970088138,0.01613952733273316,0.01792039475421725,0.020433347157788218
2023-02-21,0.009615384615384581,-0.0013833486064541711,0.0032102430038212226,0.003502371624789724,0.006850063611463675,0.006401644375000126,0.0070147851525348415,0.008167218707126667,0.010983337503057689,0.011827563470527602
2023-02-22,-2.220446049250313e-16,-0.002614264595221072,0.0024161401569258167,0.005647676235447152,0.0006894706153630636,0.0020675145402637707,-0.001729048337528405,-0.0013000299740378862,5.718199070225971e-05,0.0006858250195764803
2023-02-23,-0.004761904761904634,-0.004153013677460571,-0.005736787648551123,-0.0032717693725207164,0.001128889219738971,-0.003093068180763714,-0.0024081608298073265,-0.002594628745999361,-0.0010755477714841088,0.0036981801016677807
2023-02-24,-0.0023923444976076125,-0.011979604054342508,-2.861176235691154e-05,-0.0022366338461576873,-0.004100079580823035,-0.002865884900723592,-0.0004747460975556006,-0.0016894744241019444,-0.002649904510193646,-0.005644184383983841
2023-02-27,-0.004796163069544446,-0.015622436089341107,-0.01126105713187009,-0.00958897999729924,-0.008011650573201856,-0.006040580682117658,-0.00849999446733185,-0.006725283188769526,-0.005363355063894515,-0.00507618485010608
2023-02-28,0.009638554216867545,0.026246129155768294,0.011630356074852743,0.014279299379779564,0.009268484458526682,0.012535569667425195,0.010614869662338489,0.00977737878101137,0.011577525760014806,0.003894167190902742
2023-03-01,0.0,0.006573902401577847,0.008322172520557558,0.005948852057933829,0.0055490856155973045,0.009145115024800754,0.006440481536631015,0.009295760692572097,0.004405961786972945,0.007626921695382816
2023-03-02,0.019093078758950055,0.001740975806632461,0.005819950829495157,-1.6710255416052533e-06,-0.0027666961429977377,7.073216563635576e-05,0.0036958328519236527,0.0029409542776321906,-0.002544803328217826,0.0007201254138677893
2023-03-03,0.014051522248243575,-0.00542506942439247,0.002753565660099433,0.005110834282568533,0.0026486071669395983,0.00230682858248743,0.004126564856895554,0.003978927396854237,0.006040216925037534,0.005382820809504363
2023-03-06,0.002309468822170979,-0.01904459336481834,-0.0004976984000173434,-0.004191942198805587,-0.0013126227431971005,-0.0008230936271167444,-0.0033549519376181447,-0.0025478950985431403,-0.0026110648985889773,-0.007262487502366577
2023-03-07,-0.011520737327188946,-0.024403806724272892,-0.018614241746528593,-0.016277950988872192,-0.017305472986258397,-0.017698034874939705,-0.018285861669232628,-0.015070425452797132,-0.013260556197366546,-0.009211042661223856
2023-03-08,-0.004662004662004504,0.0160944798225926,0.009301794760550708,0.005879432699039899,0.004711761177417451,0.004461810760197027,0.004414022104732407,0.006313669287453028,0.0018028311853643952,0.00032311457418487954
2023-03-09,0.0023419203747072626,-0.0009064560835122526,0.0012208271136091575,-0.0024434441017919806,-0.0030384415078695826,-0.004073773476992004,-0.0027260214153169704,-0.0008910413928474581,-0.0003276151415716466,-0.0012245831113317784
2023-03-10,-0.01869158878504673,-0.009223521726303363,-0.01971615868856058,-0.017582717432912176,-0.015981853431945137,-0.016725053766666997,-0.018355410544609763,-0.018664558935697517,-0.019749001201617822,-0.016961949651512542
2023-03-13,0.0023809523809523725,-0.006989158651866889,-0.001911003514643017,0.00012973358434109628,0.0012737503911628423,0.003794834112097689,0.004579375156397614,0.006820569318469971,0.00626330793672758,0.00369348590882268
2023-03-14,-0.004750593824227933,-0.022958637966404516,-0.01862078952359314,-0.014814436096509231,-0.015435630691988611,-0.01240502746701766,-0.012857028695108852,-0.00876061163143027,-0.013194834488511886,-0.010802626388836445
2023-03-15,0.06682577565632442,-0.002053383456049329,0.010458249476699821,0.017486924657515557,0.01904386647140255,0.015613248332565943,0.018904034572624573,0.015887365582200497,0.018299369561353807,0.016599314183470826
2023-03-16,-0.017897091722595126,-0.01978303954404592,-0.017297905222360632,-0.010129452494219482,-0.013452276035567534,-0.010577582477211855,-0.0130574533186546,-0.013798148445172909,-0.01812815285842695,-0.024853203829320658
2023-03-17,0.031890660592255315,0.009678298710614763,0.011627011800774412,0.0069732265513613445,0.009343500780448766,0.01247849291959957,0.01096823079731668,0.011375231435010846,0.007049266696044443,0.011035378871613766
2023-03-20,0.015452538631346435,-0.012482524766225356,-0.003425850140561071,-0.007096213136857155,-0.004823613507136004,-0.00037227163101660743,-0.00481054675526027,-0.005210555284591578,-0.00427617459269225,-0.005948364872175094
2023-03-21,2.220446049250313e-16,0.018290613496526387,0.01915927877934198,0.011852780037295618,0.00941944355809854,0.013123403450346016,0.008796431347278144,0.007159143576919158,0.007118447057792743,0.00298067167499827
2023-03-22,-0.004347826086956608,0.01579299733657269,0.014807178623245987,0.006785318914368066,0.004589916628044977,0.0031574353261432098,0.00514463826039413,0.004900026047741646,0.003510633812302988,0.006466356509885918
2023-03-23,-0.0021834061135370675,-0.007197654588010471,-0.003816282927159964,0.002362259454844029,0.0005639215400601305,-0.0012940625149934215,-0.0010957651423322279,-0.0022834795753691184,-0.0007249886653961646,0.0065607701611736235
2023-03-24,-0.013129102844638973,0.0001669277874813968,0.006006749739042583,-8.553740742422988e-05,-0.00200273528636552,0.001370462057118882,-0.0008440557584222796,0.0011327725534262534,-0.00954044494681372,-0.005591371104650689
2023-03-27,-0.011086474501108667,-0.004865230083270222,-0.00020591731699248772,-0.005170225702464726,-0.006937620340590422,-0.002560876214285579,-0.00796896260784874,-0.005276232375136303,-0.00917378657211465,-0.00734249566671985
2023-03-28,-0.0022421524663678305,-0.009844079931987326,-0.013021047869238855,-0.006408136458155633,-0.004443835645310812,-0.0008387986787183888,-0.004612367206826118,-0.0018513520133354167,-0.0017308207887639648,-0.005315670871385625
2023-03-29,-0.008988764044943531,-0.004510071316123576,-0.012434583968103263,-0.011280938712365907,-0.007941285033207457,-0.005139304897984531,-0.008379712282922891,-0.006112449882075377,-0.008471095573257426,-0.008786110428852023
2023-03-30,0.02494331065759625,-0.01755204666028498,-0.0014063333498900432,-0.004680866119334937,-0.0029190764197113417,-0.005375343955940193,-0.006234295286598357,-0.0041494572783485895,-0.004803617594852816,0.006478483547645242
2023-03-31,-0.022123893805309658,0.009677042146882586,0.00938677267901733,0.008643167880769687,0.010087345222898003,0.013402824990864426,0.006264368064814896,0.014138349920566062,0.009843848226292806,0.005227073515591263
2023-04-03,0.018099547511312153,0.0029630537862153083,0.01659494884436108,0.00819350499861371,0.00614141768852261,0.01102512704141212,0.00702069121107618,0.013788451463654594,0.0039406813553124476,0.0005908026442291714
2023-04-04,0.0,-0.023941522669418625,-0.011759101478670209,-0.011296411779987858,-0.00589750679022194,-0.0022113329526950443,-0.0050534956545862375,-0.001070174143550373,-0.000466580244574355,-0.0027364812767826097
2023-04-06,0.028888888888888964,-0.008165252778936316,-0.013267842207728697,-0.006057774988222131,-0.005869933057267129,-0.009423126432426487,-0.00744592885706008,-0.00753381484166793,-0.0028132052561274934,-0.003426792826898728
2023-04-07,-0.010799136069114312,0.008607995123222745,0.01883143258084896,0.010300494697892626,0.01017286252904781,0.009059210408818963,0.0073318446988202,0.003944668566538301,0.0024438401919646413,-0.0018286847499041636
2023-04-10,0.004366812227074135,-0.026581866798284337,-0.0155262735486974,-0.012291964742915606,-0.0063008136987851016,-0.009836401604765399,-0.008900010052292018,-0.011550995210294013,-0.012228051276417573,-0.0038154973980880635
2023-04-11,-0.006521739130434634,0.0031616020133677925,0.0072922682610745415,0.007115051262916117,0.0037088302442478405,0.008123771748591357,0.0035275913325125696,0.008797582865189169,0.006954743646037986,0.0036599826115319978
2023-04-12,0.006564551422319376,0.015777929659184897,0.0070108916752944506,0.010920480432539792,0.0065901454392200964,0.00962989350832566,0.00993560244360503,0.010766658772694448,0.012487979264162119,0.009194882593773768
2023-04-13,-0.008695652173913104,0.006809243028587764,-0.007226041897985036,-0.0007320917264758142,-0.0022480820222849918,0.0011731182223500003,-0.0013490165529805864,-0.0003124835326299147,0.0030530434319149258,-0.005526698392575247
2023-04-14,0.03070175438596512,0.0069987734896805875,0.00019623271884094962,0.002213657143592007,0.004933313136390671,0.0037637588641354913,0.0032134535697876387,0.0019768975944247646,0.0035773299108594614,0.00530869536282208
2023-04-17,0.0,-0.007254768822533397,-0.0006880108042467414,0.00669179639390638,0.0051282951193412085,0.0034637460807378506,0.004162835906569962,0.004684213050448971,0.011075469404945526,0.012774370565746596
2023-04-18,-0.008510638297872242,-0.015188681812728477,-0.004472581966842415,-0.007265994838652867,-0.006380881485565482,-0.0029193802003746328,-0.00538217496523874,-0.0037501337900232024,-0.0015279765538155354,-0.004184796024979676
2023-04-19,-0.008583690987124526,-0.010202728816645634,-0.007210133499725324,-0.0008935639637763781,-0.004195661664857853,-0.0017832377846870306,-0.003926459289773976,-0.00030343449865977146,-0.006106667035714941,-0.003897455817418849
2023-04-20,0.008658008658008587,0.008534503435817742,0.00719306302660927,-0.001667018095149242,0.0016750166296337632,0.003752841352906877,-0.0024653120063987677,0.0037308197474281712,-0.0006053454046357487,-0.002147565152358255
2023-04-21,-0.027896995708154626,-0.03958999100683891,-0.027456058592137622,-0.02586189415221407,-0.022927408896090684,-0.02276405913884061,-0.01851926686264438,-0.022820201888085756,-0.014972210537634312,-0.020710139631131996
2023-04-24,-0.002207505518763697,0.03095605934303225,-0.006734102546433696,-0.0014052964292643466,0.0004636013251744231,0.0038188286869336174,-0.0006588911153422305,0.0023953973939319084,-0.0006913958727819969,-0.011077790701142565
2023-04-25,-0.008849557522123797,-0.0060092713349180205,-0.0095513754548604,-0.011571420807730215,-0.016128645253189133,-0.00848139531948311,-0.01086665549058019,-0.004373115127546012,-0.012775769250760516,-0.00799785148610166
2023-04-26,0.05133928571428581,0.0014079070060177834,0.009129305383679176,0.010904969922870711,0.007009255953326132,0.0066912577673579055,0.0077895441396580445,0.009707748099262448,0.012686903118322324,0.003528598733037125
2023-04-27,-2.220446049250313e-16,0.004405189003465315,-0.007366580034665393,0.004995047468153491,0.0058945501742289075,0.001571762487575068,0.001465665530987481,-0.0013526397132960222,0.0038133889152278666,0.004612109466129333
2023-04-28,-0.004246284501061459,0.038805864437778004,0.021410646746573114,0.01942557074435136,0.019626252610544404,0.023508330872874295,0.02301917589974578,0.025229597147386373,0.019017805154387002,0.02552783462499919
2023-05-04,0.002132196162046629,0.030984847853082753,0.02049850498939243,0.009632738606168978,0.016132380937623925,0.023893052387042868,0.016864982740247836,0.02539011653353107,0.01741850898147357,0.005182431368142559
2023-05-05,-0.025531914893616836,0.009211652716713203,0.0025476858076634024,-0.00244485682752138,-0.0065617160682648334,0.00012598266919527923,0.0011285815469253002,0.0016048183114405479,0.0007145312198695297,-0.0013366704355463055
2023-05-08,0.0,0.000845801597153902,0.003470639747184464,-0.00010274908907017925,0.003372024354594658,0.0052320966489742705,0.0042414760204424065,0.0094829786360168,0.009594993561362902,0.010949742538228648
2023-05-09,0.0,-0.00803784348106773,-0.006292918479238185,-0.006666938961329749,-0.006090501879476018,-0.006022601641264003,-0.0076286028450736065,-0.007842891058085888,-0.006104189023089179,-0.004229136015850954
2023-05-10,0.0,0.0013399793742370214,0.0025753811833804097,0.002307742532250634,0.0002882043167453663,0.0028221173785683007,-0.0007913906900967049,0.0014119615436438693,-0.004317767365685121,-0.0033602196324293843
2023-05-11,0.0,0.006908929963072019,0.005946184400895449,0.006495122515459029,0.005144497296362127,0.005084884949309476,0.0026043332379128703,0.0049657120745956185,0.0060551735602953904,0.0002074869762842546
2023-05-12,0.0,-0.003999333007143724,-0.005215618505852504,-0.0084024676051222,-0.007879216966270142,-0.009009781138674122,-0.00615290571555438,-0.005754705301317831,-0.0034564383716602087,-0.012299679252401385
2023-05-15,0.0,0.0024046278055283032,0.004832941922551237,0.002515546170072769,0.0025374295337909913,0.003727752281293517,0.003015843956229114,0.0014635023076174924,0.00493437644461614,0.007736309638343597
2023-05-16,0.0,-0.009350050756746553,-0.009051101018934471,-0.011152723606312143,-0.00927137704141845,-0.011224231675992291,-0.009672977236052427,-0.011370768080959603,-0.008652114074659822,-0.008974845516195873
2023-05-17,0.0,0.006294200816957751,0.006557359564015375,0.005908465370783933,0.004495312686918496,0.005142240388546826,0.005196064678506085,0.0031923589488351833,0.0018464923054486437,-0.0016278136828825618
2023-05-18,0.0,-0.0007362741575959175,0.002918352822101511,-0.004525987412315136,-0.000658941282252079,-0.0003468896852107939,-0.0012857414584637183,-0.0015629809552469842,0.0017478247662925384,0.0009566895393526842
2023-05-19,0.0,-0.00011780179291676074,-0.004127426969281034,-0.006347325719208596,-0.005641798212173477,-0.006806517529071576,-0.00869235223753173,-0.005471313360347896,-0.004915271066616267,-0.0024153163650187937
2023-05-22,0.0,-0.0025999593663208476,0.0009515643104687221,0.0038758663336977417,0.002590466129938296,-0.00034426425969036334,0.001071416088269661,0.0033937196845910123,0.005497215152260315,-0.005126808284960704
2023-05-23,0.0,-0.013342536774399338,-0.013120970421319766,-0.006367517198648587,-0.010659904134683984,-0.01058160374771333,-0.00969740498029703,-0.011118544501600214,-0.014302193432901067,-0.012957460266920018
2023-05-24,0.0,-0.004924704386036205,-0.00644220411299079,-0.01036811401308202,-0.007841127125481129,-0.00634277822214635,-0.0060790921994661185,-0.0088001710974146,-0.009381596652238366,-0.007417966209616211
2023-05-25,0.0,-0.0032837193394615882,-0.0008047313819271595,-0.003691245118973119,0.0011565164394926608,-0.0012779844649217775,0.003746219588659949,-0.002106873216947025,-0.0007747879333467322,-0.0070280486927302155
2023-05-26,0.0,0.003951380778778546,0.004190129457205094,0.0009250758456600394,0.004400183801386071,0.00531977341899692,0.00455945231018684,0.004389310266857072,0.0008631745998148865,-0.005140855906780373
2023-05-29,0.0,-0.008436694164414837,-0.009878879095839954,-0.004545690817352677,-0.007256670837699097,-0.005693130895970677,-0.003371754886474232,-0.0007471999803227991,0.007639316962002818,0.006979680110956954
2023-05-30,0.0,0.004494438399549994,0.003510060997644615,0.005969028024073619,0.005948755643773174,0.004430336311464167,0.00385837794423205,0.005709199900084894,0.005241144276326937,-0.0011611889736131698
2023-05-31,0.0,0.00030806482502754307,-0.007249419472013741,-0.006288971994858117,-0.005301803863508203,-0.004284945984657562,-0.005653052303599693,-0.006350437821062482,-0.010048583900117536,-0.012241833875864416
2023-06-01,0.0,-0.000386987267475547,-0.0022931641399186464,-0.000472121483672594,9.505653004437953e-05,0.0022693747725257563,-0.003702402709468311,-0.001217495628491938,-0.006015239082365231,0.0019642134091557573
2023-06-02,0.0,0.013498899533927133,0.01449308414604622,0.013780180443710766,0.010808843336318263,0.009638064886162256,0.010504322989730142,0.009658497483342243,0.008442211881477757,0.011583138342117216
2023-06-05,0.0,-0.0027914918032204694,0.00044290350391573696,0.00468705593464791,0.0024258219796988723,0.00011286501828200457,0.004321324181917996,0.005438951043885476,-0.002421409445098721,0.008931992555647472
2023-06-06,0.0,-0.010729808715616795,-0.018455208077791108,-0.015102224174931012,-0.01815607449571155,-0.018444268606419678,-0.01773655628298998,-0.016586498167754815,-0.016963686224714558,-0.014378997723703102
2023-06-07,0.0,0.002978110940192069,0.005465136219944489,0.006961690683269017,0.0008793656245384973,0.0020795077746045276,0.0040425043127676474,0.0030410976955741464,0.00273819097138972,-0.001373402251363065
2023-06-08,0.0,0.0035190547692021124,0.00557725027517586,0.006456115041335142,0.003162550274821374,0.003248378055802137,0.0047533888140594005,0.002358839852286243,-0.0012864663341353166,0.007671699618367889
2023-06-09,0.0,-0.0014066861635373407,-0.0024092084395171964,-0.0021813617551144082,-0.0011883927329283672,0.002678434674267205,0.0014016326501933296,-0.0018571617249438788,0.003496743618010223,0.0047211184619804225
2023-06-12,0.0,0.0040531519585984555,0.0063700521781537844,0.0002856362791947564,0.0013344008970448407,0.005249986987705402,0.000943493755863889,0.006724830348356914,-0.003558401793480548,0.003524167269578715
2023-06-13,0.0,0.0027414131615333126,-0.007483638915415258,-0.0009637713490375788,0.000897328477173831,0.001834650356228762,-0.0012285500694325657,-0.002327866135071077,-0.0033732072080625564,-0.013574909028956417
2023-06-14,0.0,0.0030750901516769513,-0.0010394259741287604,-0.0009469643331903033,-0.0012859184005182822,-0.0026542632333905747,-0.002044172965217861,0.0015110205775248353,-0.004890142118113783,-0.002855886232358551
2023-06-15,0.0,-0.0010972290393324036,-0.0011309397153439482,0.0013010225248202278,0.00204287121639668,0.0009466383141885082,-0.00022589538061779102,0.00022958113069715402,-0.00029981073737006536,0.005618620188881707
2023-06-16,0.0,0.008019392764864408,0.0017988357246512265,0.0031224719447726645,0.00361058320929164,0.00456955846124929,0.0006739345871040747,0.0022132827832190838,-0.005390474722571592,0.0007482353749257431
2023-06-19,0.0,-0.010828720482507714,-0.006045450801805297,-0.010824416967568085,-0.009357992846290464,-0.007275389060439119,-0.007661669624497658,-0.008513705796097448,-0.003578571660797003,-0.0261620995646219
2023-06-20,0.0,-0.013473887970390064,-0.01203476686786975,-0.01211452709188332,-0.009161314054654479,-0.00930134492125112,-0.00812794513900672,-0.0103286967830436,-0.008947107512681685,-0.012246151550771023
2023-06-21,0.0,-0.014793649473798132,-0.004703609608770587,-0.008605462126542562,-0.007592931197168418,-0.006517248980300927,-0.007777816484034306,-0.007276734373400151,-0.005485904586741697,-0.015562804422200593
2023-06-26,0.0,-0.016398388164837074,-0.014743383361417894,-0.010947550201268919,-0.012485927153467746,-0.011465038261342597,-0.008290022167118383,-0.008674269284035918,0.0017769255212392032,-0.009650678109242805
2023-06-27,0.0,0.02737172590441528,0.01987637874504644,0.023095731528364638,0.0218680863566465,0.021091770749577243,0.02351285241551948,0.0202875118379211,0.017056796259696583,0.030529963174680486
2023-06-28,0.0,0.0014759574315179602,0.007008259167844866,0.0007748441702668529,0.0037378099268761122,0.0022199960302455857,0.0038985668315500988,0.004429242750843665,0.011260102355418855,0.008605538194913498
2023-06-29,0.0,0.006735160249143446,-0.0003961889345776015,-0.00034592692866841634,0.0023176407161586976,0.0021690088210410963,0.0022554689486864454,-0.005149887375426765,-0.0022441400674557688,-0.004969272532933666
2023-06-30,0.0,0.010924990261382606,0.008561714617537852,0.010170115303715921,0.006989420131958912,0.009957404422414884,0.009054998589206553,0.009645107394664842,0.004188347993501873,0.013277620501635168
2023-07-03,0.0,0.00882584182353674,0.00924536486503924,0.010234215001527325,0.00891332587533289,0.008603603982756391,0.010271586438663327,0.005787007507924491,0.008025567862660399,0.015041893545926888
2023-07-04,0.0,-0.0014749643333629159,0.0026593321989740737,-0.0012969682206348532,-0.000697968176574526,0.0012351740718021809,-4.93113791051325e-05,0.0009777837314275395,-0.004238713567315311,-0.005939484732408129
2023-07-05,0.0,-0.0021072675621257586,-0.0006783853386652661,0.00010790564137241887,-0.0031979426610101447,-0.003215554627526651,-0.004747287493456653,-0.005040370578795028,-0.00310563905125949,-0.0018250025545696325
2023-07-06,0.0,0.0006694208439081972,-0.0007642189802183896,0.002121882182817947,-0.0009352295472637717,-0.0010583034715527795,0.0012640009580839884,-0.0013710105913113946,0.0002225865225879975,0.0027845611316204
2023-07-07,0.0,-0.001770102964890774,-0.0012931966891298607,0.0012449522730881846,0.00042356297995738146,0.001405754761821143,0.0005738193140860659,0.004239809505723224,0.003897337893630004,-0.0015751855704911888
2023-07-10,0.0,0.006853628312509574,0.0003754066070176254,0.0033330177521833093,0.0024094627311121997,0.0007291255522123841,0.0020969824343377574,0.002223015490162572,0.0021262115526339276,0.0016196058792421475
2023-07-11,0.0,0.007929715242698476,0.0063185848039466475,0.004671495597726061,0.005775895527239561,0.007049977510161565,0.003307867667492248,0.005450561363903095,-0.0003564045829935747,-0.004454518800866114
2023-07-12,0.0,-0.00827572158906853,-0.010073752871469499,-0.01139582338068168,-0.00894133593097235,-0.011510433981617552,-0.011327741668834324,-0.007068479315249898,-0.007404571074397404,-0.004883759755585748
2023-07-13,0.0,0.00025420291136191153,0.0041947502188024455,0.005056798287293773,0.007822334969188383,0.0064335435236710925,0.006525642272702248,0.006617864670970475,0.0073996892051169105,0.008421046965104706
2023-07-14,0.0,0.002830775937859631,0.001378453233956689,-0.0005510847750863634,-0.001969292963218572,-0.0039047137581325053,0.000281233670284875,-0.0029683023181875656,-0.0012415086646357931,-0.002116941354990187
2023-07-17,0.0,0.002292800017269059,-0.003938733884709222,0.0014894539327097167,0.00011435691896410916,-8.758478901549349e-05,9.519679150482574e-05,-0.00019525371681816672,-0.010503316417676989,-0.0006302114451876006
2023-07-18,0.0,-0.0003067112688128759,0.004743569326557395,0.002259907217083912,0.004105758815001748,0.004814398542986709,0.0005003158065088886,0.002814012529464671,-0.001144011039740489,0.0023549870829233654
2023-07-19,0.0,-3.5586975921653163e-06,0.004856960633863983,0.005805229561740566,0.0037240070105617473,0.003608214379214436,0.0029588257844437305,0.0026246600238988282,0.002703967676311425,0.00603984006749303
2023-07-20,0.0,-0.010398218438596896,-0.008612536498831425,-0.0035068272470003548,-0.0046868456792021895,-0.008358311606652458,-0.008333644865676337,-0.010543617098012437,-0.00788657509557722,-0.005150235115500723
2023-07-21,0.0,0.0025225536077968513,0.004060657389429512,0.008073115851319868,0.00011236276736892314,-0.0001841987943864698,-0.00017177180443794793,0.0013945431779502915,0.0005562699344781041,0.0007304709956073019
2023-07-24,0.0,-0.004682130648970606,-0.00104953297187238,0.0018041671770241408,0.0004591534974955902,-9.797121796717434e-05,0.002415778510705735,0.0022228186730641752,0.0017971904659772608,-0.008101717190544533
2023-07-25,0.0,0.018190357952366787,0.02056160566225884,0.0210854064114403,0.016185039853287897,0.01858901038966354,0.017181503233171913,0.015034931015954545,0.011674715384417444,0.017294918052320973
2023-07-26,0.0,0.010628222583272562,0.006214022761327209,0.010902433847456372,0.003800483288486145,-0.0005040396038457073,0.0016421966885420414,-0.0012963699128621942,-0.0018876412622170768,0.001013337327178343
2023-07-27,0.0,0.0004614844524646333,0.0013646947025061085,-0.005580833837641519,-0.004602051694620357,-0.0023374288595676695,-0.0025405374861386942,-0.004544090578104343,0.0003517858891195491,0.006619353921374582
2023-07-28,0.0,0.005742361944335972,0.012790754698176032,0.015008698564856093,0.011179891365652894,0.010509083076378323,0.011780633492995518,0.010748040057535269,0.009015148435878695,0.0054997766987225916
2023-07-31,0.0,0.015706144437410918,0.015147609750856716,0.017856121353588827,0.011610844790335362,0.012025424553270936,0.013201960274853874,0.009591314065748646,0.005254211673015652,0.0036884826622736178
2023-08-01,0.0,-0.0021510325933785657,0.009051266118647927,-0.0009948413332999673,0.0005493751549638937,-0.0013668620804562215,0.0023597616952939493,0.0005104372419770797,0.004169583903836482,0.0029058955909493367
2023-08-02,0.0,-0.004317191308576884,-0.0009773035196952717,-3.89836195040516e-05,-0.00013588023829624873,-0.0007480868874976121,-0.0003272608335505023,-0.002434865737141023,-0.002215844328948502,-0.010016874353400484
2023-08-03,0.0,-0.005102634321204058,-0.0010054880486548567,0.004961911703799782,-0.0011913505371735633,-0.0019483241416566877,-0.0030664158655261398,0.0008310084146774255,-0.002105601081732411,-0.000795381537617379
2023-08-04,0.0,-0.003144047251217197,-0.0007459322107926658,-0.0037132299528472856,-0.00470988292971164,-0.00246879967159086,-0.003588984738276624,-0.004098851533551606,-0.006144460910792682,-0.008061846244461157
2023-08-07,0.0,-0.00908359216409882,-0.012228715843017435,-0.014749974435567026,-0.011378112036096288,-0.010925902595706027,-0.010596482322587142,-0.007405437682727833,-0.009189969944013221,-0.008314397425409181
2023-08-08,0.0,-0.0010092714192468932,-0.006122306006602796,-0.006810191147183842,-0.0030700806411582127,-0.0028720451799116864,-0.005099151168502347,-0.0023160508247015432,-0.0006152259036846797,0.0010001054386867825
2023-08-09,0.0,-0.007406034285878493,-0.007267640512297224,-0.003990071067572432,-0.005561747824938346,-0.00924507087842319,-0.009153227084453763,-0.00982787254177675,-0.009923595999553614,-0.010596133007891861
2023-08-10,0.0,0.0033339321126313326,0.003711907993738439,0.0028523932514012973,0.002220359301794206,0.003990737304722325,0.0035856162632583732,0.00412422708675253,0.003818724597796752,0.010954999225768924
2023-08-11,0.0,-0.01970003211881377,-0.012862793169313713,-0.011241899566778013,-0.01674265287835741,-0.015406591060925012,-0.014927420283775139,-0.0179521106950411,-0.018793872714827575,-0.019713022363052946
2023-08-14,0.0,0.0046670462199913665,0.0028879515184438986,-0.001318197426109724,0.002854131379300462,0.0037093190327965875,0.002744516226972138,0.002906565136093109,0.003927089492280267,-0.0023552095657688454
2023-08-15,0.0,-0.0034054785934766185,-0.005907960194051043,0.001392960508895369,-0.001809172380649482,-0.004222460333078604,-0.0012213294423760734,-0.0018486823454717527,0.0013699393141513028,-0.0029014806398145465
2023-08-16,0.0,-0.006531775415614227,-0.0026995638209976747,-0.0016569674347660657,-0.004481389885864995,-0.0055145959025565405,-0.0012414440094516976,-0.004354653636092998,-0.007057262804860742,-0.0026859611836568265
2023-08-17,0.0,0.00934275000316287,0.006451058836547396,0.004371442839281148,0.007206452212683567,0.008341757929891891,0.008944656453377275,0.0077834036014727825,0.005723572592597259,0.0034456319207729624
2023-08-18,0.0,-0.0057432268960615485,-0.008734386884847178,-0.016716184434821924,-0.012301747134832564,-0.010715896201950126,-0.012301788995646712,-0.011230292359176386,-0.00952590596056302,-0.011313488015828765
2023-08-21,0.0,0.0037751880972241025,-0.004506716601111682,-0.007256500230234164,-0.00392340716193218,-0.0060953375285325295,-0.007573449555535294,-0.006439743749699467,-0.006884756150070892,-0.007954408889038644
2023-08-22,0.0,0.009420262245777522,-0.00465746712040549,-0.0026973735879866068,-0.0023228578608465167,-0.002019671241484944,0.0005418192168600289,0.00046248922397484904,-0.0016389956943819728,0.00476881180119193
2023-08-23,0.0,-0.0005941302886546262,-0.013294007740646041,-0.01325888993261215,-0.01072836432781743,-0.012004852812057543,-0.012291957722508462,-0.011299606091100034,-0.009731502866667796,-0.004414837518860626
2023-08-24,0.0,-0.0005103801544370512,-0.006057858176691799,-0.005729491671816245,-0.009269166155881914,-0.006363328774047106,-0.005929054603280748,-0.0036762253924330635,-0.007335606318432997,-0.004816966305873693
2023-08-25,0.0,-0.01772627516637737,0.0014687177369352433,-0.0040949333970338175,-0.006740604027336894,-0.008183217924725206,-0.005632500605249557,-0.006410072758413321,-0.001717534973079471,-0.006224093170268619
2023-08-28,0.0,0.013485295199194614,0.02922348480295156,0.025343589856718696,0.019663539352024584,0.020284727996288554,0.020770045339933985,0.016868080860529044,0.01766842289806214,0.02190813364587907
2023-08-29,0.0,0.008835000247294555,0.01827804056071014,0.018453378083866046,0.017813604557757046,0.019445936543432518,0.018759251505926722,0.014953872562152526,0.011847128785922534,0.014001737698821737
2023-08-30,0.0,-0.01339288964726948,-0.008570016924135726,-0.008699854456842515,-0.004557585907535078,-0.009364296515272486,-0.005723412516241311,-0.00562189871407881,-0.007860078867486853,-0.015000420038821738
2023-08-31,0.0,-0.0015290569298878065,-0.02554702537887732,-0.016642977010470017,-0.010558391596494743,-0.012843718810254923,-0.01477543442016549,-0.008112630417106304,-0.008969670485557968,-0.014958643349836986
2023-09-01,0.0,0.0029493479228768216,-0.002638013509602577,0.0030197294564902055,0.006990910711323517,0.0066938631578876695,0.005359771681960002,0.007341444569192834,0.008841068300561528,0.021599997765656243
2023-09-04,0.0,0.018194731013376986,0.01940091046878556,0.021570522762292432,0.01850284986127626,0.01802117822618543,0.0160202634926101,0.01636279815507402,0.018416260272490215,0.027836748655120536
2023-09-05,0.0,0.0024947613340784436,-0.010321656036542115,-0.01162959345667558,-0.006691554161738389,-0.010797186799587632,-0.009432505242286782,-0.007183425418278877,-0.0032064424725871676,-0.006504461082887492
2023-09-06,0.0,0.009067429187248122,0.004566862126993421,0.003058252978304532,0.002885719088490557,0.001396494748763022,0.0003386925156361187,0.002533436022103208,-0.0028222811415549165,0.00394733958990634
2023-09-07,0.0,-0.012253663909842505,-0.010186965280787108,-0.013600736813786818,-0.014123573107677534,-0.014768949915037632,-0.014678676379696887,-0.01566375805781528,-0.013000754844624374,-0.007204407029191007
2023-09-08,0.0,0.010567761692023225,-0.0017353327059786983,-0.0077775113013291985,0.0008180974668623442,-0.0001649450762354343,-0.00031008345539074167,-0.0006741650960746526,-0.0008296303254183846,-0.01158527545355681
2023-09-11,0.0,-0.008558552853870194,0.0069791059974431136,0.004157803790020509,0.00701999946347609,0.011188372251801582,0.008825982753631445,0.010864235524882249,0.010703041207161368,0.014557289535187756
2023-09-12,0.0,-0.005747979750564847,-0.002934528826962879,-0.00017000912388953626,0.000866839352037907,0.0002435474031317053,0.002277894169395722,0.0030174196555297073,0.0017649474231384854,0.0014661364193675475
2023-09-13,0.0,-0.008163315862244613,-0.004337141186464444,-0.005796515776469446,-0.001961513350171029,-0.0057926936837996434,-0.005441294788506634,-0.004631326184466156,-0.002179824721169732,0.0029348500523347365
2023-09-14,0.0,-0.0066788041516600005,-0.0035640393408685744,-0.002841003978947265,-0.003609730591276561,-0.004775531949531953,-0.0012804073532003413,-0.002247218496365999,0.0036163743251900193,0.0145470253889044
2023-09-15,0.0,-0.002254750412310158,0.007093926362344849,0.005936366643910285,0.0031808738600893616,0.00173964216201683,0.0027070754395821517,0.0014660675451074745,0.00036103491841710245,0.0005912386435389383
2023-09-18,0.0,0.006757329986340599,0.0016298628834943152,0.003523033103085993,0.004944690543122299,0.006085030009732373,0.004244813809935577,0.004508920308196274,0.004437369697053661,0.0032135915753568334
2023-09-19,0.0,0.0011299055672091551,-0.002121769420075803,-0.0015619799683690427,-0.0028988404804026757,-0.005143164409262546,-0.004365060812845378,-0.001480058124610939,0.00017790628107161588,-0.003004521290647655
2023-09-20,0.0,-0.010397780155286251,-0.006872906159724801,-0.0036131301479415123,-0.00603965685745278,-0.005565325468784965,-0.005382431173859059,-0.006362672999514651,-0.003919587663949287,-0.008666720141704998
2023-09-21,0.0,-0.003457709629428374,-0.006326125600066401,-0.007794232172435134,-0.0064209992143150485,-0.006864322637010201,-0.006875509087021836,-0.007150676827310187,-0.006347080490314516,-0.007517416787802933
2023-09-22,0.0,0.010832763063304496,0.009793789711761702,0.01016561623021639,0.008638400893601128,0.011020608531559617,0.010007426738338543,0.009473800013483524,0.006068839399340442,0.0028624702062043372
2023-09-25,0.0,-0.0070816407456459896,-0.009573998783664162,-0.007818314556756079,-0.005107314625181214,-0.006244861584929318,-0.006687157244785635,-0.005587233905801736,-0.005444789746091749,-0.005415055958616022
2023-09-26,0.0,-0.009068511194507245,-0.007189403649011994,-0.004858239175430712,-0.004435884121821498,-0.0033715086182073417,-0.004333345503048536,-0.0045525981706429075,-0.0036432195255902133,-0.009454215431182855
2023-09-27,0.0,-0.0023425539334216428,0.0012720012533715686,0.0014444393344070772,0.0030379847833177376,0.0019670980950980965,0.00027981059462200975,0.0010926815156582226,-0.0018243665832347045,-0.0003623099376407479
2023-09-28,0.0,0.013518232310697043,0.008533982688944786,0.005768268954065459,0.009723424259652447,0.007544390327683059,0.010324102276052072,0.007873479539113104,0.007721749440300352,0.009644209528254732
2023-10-09,0.0,-0.00812855261424339,-0.01176003748605825,-0.014279687864943158,-0.0078148409697828,-0.009206807144223617,-0.007360695516287263,-0.007432726454839944,-0.0026112385579678543,-0.0025486610168368173
2023-10-10,0.0,0.0013578097120436894,-0.0014232564614299337,-0.007137408463869344,-0.009526075404278633,-0.007146391543630171,-0.006461434934740495,-0.005784097353415563,-0.012250834403327193,-0.0190036685367293
2023-10-11,0.0,-0.005708834400750873,-0.0016456735013482549,-0.004800317288341849,-0.0031947239537595262,-0.0035816014167975307,-0.004655088322117806,-0.0036395182071548016,-0.005520356113703495,-0.011786684075081322
2023-10-12,0.0,0.004976039140956123,0.00963717861041502,0.008202024391185558,0.00808573906571497,0.01234681730789533,0.009655665889232834,0.01131477217759791,0.00848784049671969,0.0104252924244983
2023-10-13,0.0,-0.006785652362374606,-0.008418438174576326,-0.0065629010392849185,-0.005967992518246201,-0.008391396841379684,-0.0062158463213796145,-0.010099066217629793,-0.007204184934384239,-0.006113129062911726
2023-10-16,0.0,-0.00022654850866088427,-0.001019348906200368,0.00010310194972840137,-0.0011911398873635237,-0.0010029824832626932,0.0008702256025501232,0.0024493643655305597,0.0034425359075642703,0.00991458897899955
2023-10-17,0.0,-0.00115907690850936,-0.0006485452613949061,0.00020586180683368482,-0.0008688247613375388,-0.0005564887785179939,-0.0015013051734292793,-0.002078112918604269,-0.000411198072064356,0.001155133327039426
2023-10-18,0.0,-0.021206427210111678,-0.016319389662956763,-0.01644876666650208,-0.015754427342471122,-0.014264135128024491,-0.01460180103690567,-0.014609647960190375,-0.01591364268168982,-0.011908245509425375
2023-10-19,0.0,-0.008444528564781617,-0.009199148130551893,-0.010118433404729843,-0.012283404876957671,-0.010314857816536738,-0.008107232794495434,-0.012435353089030654,-0.012313688377005194,-0.011588737616551104
2023-10-20,0.0,-0.003108983581697422,0.001058678246048439,9.488125159773375e-05,-0.0034496277668922826,-0.00506730020394941,-0.004669658084627271,-0.003804146642188533,-0.0018752104021977356,0.00014554008890854675
2023-10-23,0.0,-0.028169133621301468,-0.02296908412052623,-0.02168508539925329,-0.020214072538990102,-0.02331027518883344,-0.020328014127907967,-0.020295886372664884,-0.0221477233088182,-0.024514537296718597
2023-10-24,0.0,0.03416172349234725,0.02204674870933676,0.02361904670080084,0.022005603114555017,0.021535187817215196,0.019332395035427163,0.021573287587299594,0.022567759263250498,0.019033640367667193
2023-10-25,0.0,0.029018877812195587,0.026629604082988756,0.015720363403476822,0.021472451917207147,0.018931822649538965,0.016161181569658734,0.012361472794332418,0.01386553620257347,0.0157187911880321
2023-10-26,0.0,-0.0021199892746264215,0.00286402682944642,0.0005511045890485011,0.003867038583503124,0.0030018904588784423,0.003890719412631194,0.00913391443729683,0.004607094509265552,-0.011066596095312464
2023-10-27,0.0,0.009924687612621774,0.008361210329342672,0.011915753340294488,0.015974888114218544,0.014080214431997362,0.012629681905689472,0.015036324314063876,0.010264726968308713,0.007493395101139999
2023-10-30,0.0,0.01154388153962338,0.014105792497777436,0.0084908233723473,0.006620828338730567,-0.0007278134553965199,0.0012616653059633887,0.0033979342279804037,0.0036398760047917644,-0.007855703559778049
2023-10-31,0.0,-0.006340985105812602,-0.004875533688131761,-0.001380673010374367,-0.0038606897848249,-0.00330615586391636,-0.0009608041477263685,-0.0027629520379105488,-0.0013592910635885636,-0.0028399369070782887
2023-11-01,0.0,0.005512387690963294,0.003334265102633349,-0.0009751809941337397,-0.0013243184913082073,0.002807271283377988,0.0035432774149140034,0.0012266466281849464,4.791836242357128e-05,0.0027106833198380365
2023-11-02,0.0,-0.005810643090567336,-0.007269593276045261,-0.007161601548020369,-0.006784123279637622,-0.0052648495683095264,-0.006013558100905869,-0.0061273825202557974,-0.002010117695440683,-0.0009208801844009518
2023-11-03,0.0,0.00942693686271645,-0.00020254274174258402,0.002091968989633708,0.0034700139828880427,0.0018903191037518141,0.002753605377063373,0.0015852642452960364,1.5091292815405666e-05,0.007419374099493226
2023-11-06,0.0,0.015209845909923025,0.012934560575449394,0.014456871500654112,0.013751998184814651,0.014100487372666226,0.011995944042201945,0.00781007321073468,0.006552959176978401,-0.0022637069879621885
2023-11-07,0.0,0.005160098526398205,0.004852554480013538,0.0034734489633636567,0.0021742458696820677,0.0032606168275863823,0.0015976826253205623,0.0006236246773072551,0.002073122520309001,0.004401933852941298
2023-11-08,0.0,-0.01080092547831557,0.001979898073591002,-0.0005787781503628908,-0.003044784652669108,-9.504899281209678e-05,-0.0019500410922457245,-0.0025139314335317353,-0.0017398992404883407,-0.006101679455057019
2023-11-09,0.0,-0.00015250252297116518,-0.004078188435688301,-0.0047912926463196115,-0.0026605728854650623,-0.003727112813515232,-0.004068502231956983,-0.0039963707920795954,0.0013952338660432329,0.00988366468628854
2023-11-10,0.0,-0.002898387510544831,-0.004051204462905855,-0.0009804646080595614,0.0007289984974352404,-0.0027428684024551897,0.0007201104447789319,0.0007677683268862978,0.002436126171845965,0.0064840461857595955
2023-11-13,0.0,0.012219274559324367,0.01643652029246878,0.00683990411179769,0.009517740801753272,0.01122559864150996,0.009775869077142785,0.007552508509339528,0.007136114049339337,0.00844773503805829
2023-11-14,0.0,0.0015999200614871256,0.0012415179780405072,0.004502829109150452,0.0017163616788551384,0.0025495695586765788,0.002194762317832444,0.0008635589008916256,-0.0007678274579810962,-0.007722217370336737
2023-11-15,0.0,0.006144745590529688,0.0024063675297805176,0.002245101645602876,0.005619269511770497,0.006836880067469409,0.003311612004052389,0.005601440206021824,0.0036932047598829953,0.010841246241213964
2023-11-16,0.0,-0.0007500026238883573,-0.006337803141968745,-0.005371835909003142,-0.004334746712983284,-0.004693471102766522,-0.004751954715470852,-0.005006053429820412,-0.0026000514195179125,-0.005200046203946651
2023-11-17,0.0,-0.0004732703126256732,0.00020103114405323197,0.0056240914663876485,0.0037198776777336295,0.0061802873101286515,0.0026049851139964275,0.0060949082703294355,0.0054446990629630765,0.0025660490433132566
2023-11-20,0.0,0.029421885476990983,0.00669129890876774,0.0068872071906891374,0.004698579147230042,0.0046694101890685236,0.006666793813303151,0.004138315663213543,0.006285433683373753,0.0003949503558404732
2023-11-21,0.0,0.006485282512791679,0.0028643363337144123,0.005389043896977919,-0.0006692420733045434,7.455708585157872e-05,0.00013165798636616266,5.611726691268082e-05,0.002220460664985824,0.002320370378625869
2023-11-22,0.0,-0.0035213297607925576,-0.006835984115733051,-0.004108155780823464,-0.007556532234844204,-0.006249751905276657,-0.004150086453168611,-0.006586499421846748,-0.003332549555250197,-0.007327924777560391
2023-11-23,0.0,0.027565702289616523,0.01219690089175307,0.013375466659237834,0.012669316232268857,0.010722872015873852,0.011752805808049382,0.01165431469199052,0.007047884817890981,0.011383864155600554
2023-11-24,0.0,-0.002132846901676144,-0.007115435791683833,-0.005453548442363676,-0.004889353311862243,-0.006755066483741579,-0.007479946690879702,-0.005316318014006116,-0.0019171447953564291,-0.0008540959490312972
2023-11-27,0.0,-0.006697429509528896,-0.002659105933466077,-0.00898730843577722,-0.003405400047287732,-0.002534418586010778,-0.0033654382401062666,0.0009331415332962667,-0.0007496907819045662,0.006970419875642175
2023-11-28,0.0,0.011630183728468912,0.004038584974288106,0.0018793208261531635,0.007597629076338208,0.005432020828319395,0.005753225607560308,0.007303354410705287,0.0034794901830774716,0.0015060979677343767
2023-11-29,0.0,-0.003779011102469809,-0.011076000457521551,-0.012077439414814983,-0.0066857086381924,-0.00839593346255807,-0.008028471352587219,-0.004905542155734133,-0.004211772514053358,0.0007499014021485895
2023-11-30,0.0,-0.0037821848137098435,-0.006417819029328586,-0.0029461823016653232,-0.005230588000913916,-0.004680372956207601,-0.0007236930260311469,-0.005126353253937843,3.883507076318793e-05,-0.004411022113099405
2023-12-01,0.0,0.0103471712442742,0.00829900874042444,0.008301998699241864,0.005534432216620644,0.006256161533719329,0.005540627222169858,0.0045400764460412635,0.007128277212042455,0.006538394453186269
2023-12-04,0.0,-0.0021553572425154766,0.0029776924233817503,0.0058942936880563845,0.0006974994802619872,0.0011796978573690442,0.004110035956169877,0.0018285445391168498,0.003079577586269311,0.0036613637499582907
2023-12-05,0.0,-0.03341651407795254,-0.01589437523659487,-0.014979148118490881,-0.010585445308802122,-0.015569660390806872,-0.013249956245902972,-0.014294928343362212,-0.015599082749610527,-0.019058303329238524
2023-12-06,0.0,0.005956594706624241,0.010260485486515147,0.007546503656184589,0.0031517262209668218,0.0059448869854055175,0.005014130787691196,0.0072470694993167495,0.0030048168817102816,0.004116233924156054
2023-12-07,0.0,-0.002696060032849501,0.00033849854440992644,0.0001841916281206668,-0.004134673248212151,-0.0032187079560791476,-0.0031871583130301806,-0.0017306558161626073,-0.0034407802563313217,0.0006035572540930012
2023-12-08,0.0,-0.020268020235707618,-0.015392654744774248,-0.015353242654737809,-0.010839036923297463,-0.014702213576059386,-0.013761442203613639,-0.01189747354425863,-0.009629394182365747,-0.008475418197532059
2023-12-11,0.0,0.009755013114862043,0.0008075451901441433,0.009700455868171476,0.008780428055442213,0.00816328896948404,0.010301790797033084,0.011657274958199793,0.0095125317687077,0.01725309667218644
2023-12-12,0.0,0.018247251687188326,0.010984801689773338,0.012634446083048534,0.007428798814413717,0.008378933094288499,0.008504214474635008,0.006240203745644379,0.01200093483992748,0.008334410662712788
2023-12-13,0.0,-0.021948385147214977,-0.0021442944926346463,-0.0021621799075434156,-0.003188109176165077,-0.003175505402983836,-0.003641202706863078,-0.005224481719912855,-0.0035089400014077787,-0.012777609002919244
2023-12-14,0.0,0.0010177432195768166,0.006097238883123968,0.003480456949441324,0.000892042314321273,8.047210938766369e-05,5.2654825068554345e-05,0.00277650947694541,0.0018582667907183215,0.005091635965009056
2023-12-15,0.0,-0.0009590206545269098,0.0013672797417521032,0.00011356248521288137,-0.0020783934873782606,-0.003642998330036784,-0.0018246969345389052,-0.0054841707919423,-0.006877680739395209,-0.005845508536758581
2023-12-18,0.0,-0.011474870514869395,-0.020093227378885525,-0.013419640152790957,-0.01180810911672514,-0.01090055916251631,-0.011611633070354954,-0.010250020961476203,-0.005795110518196478,-0.006628770719745103
2023-12-19,0.0,0.0002538483067404673,-0.008652911054527701,-0.010304369692497262,-0.008022952465405075,-0.004620177286103977,-0.003360484621979798,-0.003015467634489122,-0.0062152370764049225,-0.009926073000204982
2023-12-20,0.0,-0.013828703958503552,-0.010439954211565183,-0.008820410336137341,-0.010736354612731036,-0.00975044032394401,-0.009268823833671891,-0.008169580370813723,-0.0037670327357638422,-0.006176327469816334
2023-12-21,0.0,0.004430110110497099,0.0024207147671344575,0.007781779097257635,0.005298409463998288,0.004804176501949975,0.006261301043186673,0.005465628687334689,0.0034376285971828846,0.0035340859957797566
2023-12-22,0.0,-0.0022546807016934345,-0.012525132956408558,-0.01456965127876031,-0.008423319681555519,-0.012071609107235814,-0.011557902717147739,-0.00702530360118081,-0.00612555660880687,-0.0014889998832648965
2023-12-25,0.0,0.00015562387686651746,-0.008640734127480898,-0.007824431077887217,-0.003661029470023003,-0.005529349843421016,-0.006267004253671105,-0.004402158840797643,-0.0023349277957044334,0.000998839048731437
2023-12-26,0.0,-0.012159862597019622,-0.01119272059938714,-0.007381742557492688,-0.007473541443077325,-0.010340425883198057,-0.010297350882064848,-0.010521053994006269,-0.00905266313517139,-0.007738236962104961
2023-12-27,0.0,0.011242458605837502,0.006709465730658559,0.0035485433647508557,0.006557500617834888,0.005356370314590242,0.00818340403760276,0.007806583909288456,0.008387414291078477,0.01309678229223965
2023-12-28,0.0,0.008157870970256553,0.016824343057681768,0.012344408420892794,0.013705277296641283,0.01553630229959202,0.0073141544780317425,0.009670190621128283,0.002254683832498605,-0.0009272704233147522
2023-12-29,0.0,0.009260424689743418,0.004978540744553506,0.008478279825185453,0.011395848762813854,0.009214532113478668,0.009189671933895083,0.008842030749018903,0.005976993036911793,0.0033174950587193663
2024-01-02,0.0,0.011930821233429034,0.009495697267973835,0.0077044769575134175,0.006653033814616016,0.006741549003324021,0.00943046417641713,0.011321292772432212,0.02141422464477727,0.021861950677876996
2024-01-03,0.0,0.006724042978090594,0.0026681819464378087,-2.7647108088113548e-05,-0.0007539098092075314,0.0023226902239845693,0.003593749568543636,0.003550574184030042,0.005662741241870384,0.010819914251503526
2024-01-04,0.0,-0.0036216312296531994,-0.001138173701690337,-0.002274338502060491,-0.001920739725688847,-0.0009964635083545836,-0.00012999963898607803,0.0005254655106923245,0.0035893588789364106,0.003397070271058622
2024-01-05,0.0,-0.020048482736920836,-0.013728363632162122,-0.011899916000466915,-0.013213316591917712,-0.013499768867277773,-0.010651987498345394,-0.00975271980536252,-0.009199486966943171,-0.007780851506479447
2024-01-08,0.0,-0.02087514020864012,-0.01648781892812301,-0.014502056173033684,-0.015494755069395016,-0.016850344432799425,-0.018761596070790976,-0.015137718067308237,-0.015297030299221692,-0.012194911904427785
2024-01-09,0.0,0.00995125194217339,0.005790066611626843,0.003040049776959819,0.0070902146796349985,0.007285896787466717,0.008165128829900281,0.00914466823283977,0.009028525559655387,0.009156956944477601
2024-01-10,0.0,-0.011211104205765654,-0.004064659492031053,-0.007721712889233401,-0.006412868136141947,-0.006549260246177635,-0.0053056278376028,-0.0050432438869497664,-0.00440458333611804,-0.009858529431255203
2024-01-11,0.0,0.008862005609552304,0.011440697663736454,0.010430123648878853,0.007985921601028956,0.011368079759948468,0.008627228859778624,0.007068551276446788,0.0006687502927900102,-0.0027435860589617445
2024-01-12,0.0,0.0018397658283295648,0.0027798030381147587,-0.005117909451274771,-0.0026454685073833417,-0.0026238963636546764,-0.004221311852878662,0.0033011010561829757,0.000546867916983107,0.0007869508560405247
2024-01-15,0.0,-0.008217828676960304,-0.004011215550997149,0.0003214462964544751,-1.8755614798693365e-05,0.000584308051811977,0.0003764981195299999,0.005576180073479264,0.0007757499032250426,-0.0011011508177084517
2024-01-16,0.0,-0.009679600221032425,-0.0027254906746498886,-0.005281416740484657,-0.0046832603369758585,-0.0025301214259746407,-0.003999230519155406,-0.0055544497021592365,-0.004762271522229744,-0.0036239577517670485
2024-01-17,0.0,-0.02488063460100931,-0.023905227541044183,-0.019789107817367868,-0.02243242065105866,-0.022425615753308925,-0.021217902236351116,-0.015405643475253528,-0.014035856020145121,-0.016940356864088568
2024-01-18,0.0,-0.005026548941156395,-0.017176052547686282,-0.011804833605333465,-0.015246814593279812,-0.011938777558854752,-0.013157465534195945,-0.009785524994406436,-0.014044424177723669,-0.01283932187768777
2024-01-19,0.0,-0.005166021146831179,-0.013142037620122782,-0.009405536242387047,-0.012322067091313782,-0.012479420828831023,-0.008542397743313224,-0.01346743228772207,-0.00861637126257997,-0.009639086008391473
2024-01-22,0.0,-0.06161418637895799,-0.059345192886933296,-0.05376095431649042,-0.052456392113723105,-0.05328689003284626,-0.053700960873268255,-0.050551299394597016,-0.050093690065484586,-0.048974808294351635
2024-01-23,0.0,-0.006578458683730859,0.001277515320294631,-0.0031408755010924327,-0.0004354909622712455,0.0036584372705805723,0.00504176714614335,0.0014403327034722135,0.007189207985914381,0.019519573582741367
2024-01-24,0.0,0.01825516737259636,0.031132571064758308,0.024899403911309737,0.025216588018258435,0.02721702732186637,0.027992048326501262,0.021704101511470952,0.023116927475832272,0.03000006036291336
2024-01-25,0.0,0.043246337077904595,0.04431320705988706,0.037972253962057945,0.039273670479524236,0.041650212900682826,0.040665838301432444,0.03763449429274601,0.04051888137326465,0.052286976886704695
2024-01-26,0.0,0.00746971593903667,0.018356060398947438,0.01025481394047123,0.006874817467590333,0.009221787806372284,0.007635940500346328,0.007872091632290745,0.012844801057322774,0.01520530221634453
2024-01-29,0.0,-0.033264667997233155,-0.017249761913819994,-0.027345465382132894,-0.022591003798701492,-0.02313336153652379,-0.01860424807846006,-0.01703252743246586,-0.015549771899944775,-0.01660904737304869
2024-01-30,0.0,-0.030373619098719717,-0.03176917194722495,-0.029590199537240736,-0.02482384075039712,-0.02810540244066262,-0.028347969133199147,-0.020724209103413882,-0.023415127299421745,-0.02151941136363489
2024-01-31,0.0,-0.055954456809358954,-0.051792243891309764,-0.04228481768166836,-0.03905543091982455,-0.035846267314364355,-0.03421822045600709,-0.028980840144257947,-0.028093418382181934,-0.02292516911047726
2024-02-01,0.0,-0.030445055582802305,-0.029861075962329897,-0.022385134449028565,-0.01802177630833146,-0.020278848243428738,-0.020832968062220902,-0.018404578183848774,-0.019613755206735695,-0.010322817872861378
2024-02-02,0.0,-0.04186175628489586,-0.042136251379735756,-0.03487501972420837,-0.03445227546020979,-0.03442954189952896,-0.031751744877583477,-0.02654646752021328,-0.027474054753922617,-0.025057627907797198
2024-02-05,0.0,-0.08947721816425314,-0.07357659114387094,-0.07476203088205591,-0.06902606630244967,-0.07334496118595668,-0.061011928274198435,-0.055393514167182634,-0.051463214084054854,-0.043150802477763484
2024-02-06,0.0,-0.012467771605299216,0.009805237435390302,0.01764864770745489,0.023618942859146674,0.02599764775774749,0.022713322786815038,0.028460703375187357,0.024717948360442055,0.02734998389116483
2024-02-07,0.0,-0.032962663894175015,-0.012017042484365192,-0.00652589466360165,-0.0008185868209924507,-0.0010775253226043002,0.0008197713024717945,0.007120809828167651,0.011697285587353168,0.018902410936680214
2024-02-08,0.0,0.05395661100094262,0.055248777127901105,0.04988686976078327,0.05138624546683701,0.05433257767711708,0.043473036017434685,0.04301193764427347,0.033822761727585915,0.026765337880962026
2024-02-19,0.0,0.027077160597173577,0.022896079704368022,0.02254042400236833,0.019642732386367268,0.02050337262824886,0.02496987499895309,0.022167270793203908,0.020695663195004377,0.023240530668282133
2024-02-20,0.0,0.0142841168434511,0.01097796026744069,0.009012180463690678,0.0069459443411159505,0.006682696287539036,0.006849801341899164,0.0071467621773688705,0.006921651174607524,0.012859039217075985
2024-02-21,0.0,0.02391186051133909,0.026157424249481087,0.015487234996030663,0.012484688477317762,0.011643651107218433,0.009811579930620873,0.00508299956696634,0.006553777331892885,0.00475175266087291
2024-02-22,0.0,0.02755996903393254,0.01604798555842124,0.015582240583137397,0.015526187608392528,0.01305352221088274,0.01591975095416287,0.012199220321998272,0.017992153627949037,0.03731334774601036
2024-02-23,0.0,0.025116560891929263,0.0261822376240064,0.017639943063795016,0.016273747279455852,0.016111927035408646,0.015764040138479984,0.011802717831521425,0.009386763612190263,-0.006645007011179649
2024-02-26,0.0,0.009441131655923307,0.009221589373043848,0.004984941916070129,0.005880927451411333,0.007567166018502602,0.003978271532882882,-0.00024451708396833194,-0.004760438380015275,-0.007944449001158316
2024-02-27,0.0,0.0292294365623611,0.020409711095522365,0.020661110536528415,0.02045772831886694,0.021845670951940566,0.02039706354960691,0.015299336009958031,0.013926746344644414,0.011695873882040964
2024-02-28,0.0,-0.05240123880519032,-0.05224802333393297,-0.048571027925354615,-0.04672278047556133,-0.047829331472719505,-0.04230124769639543,-0.035764867058820204,-0.030606439336484437,-0.02516746224577915
2024-02-29,0.0,0.03168743596235046,0.025419498019253917,0.025781667331510105,0.028720183021612833,0.031429972494493086,0.0287588255498461,0.025174679623858776,0.02153250584657962,0.014419248491516656
2024-03-01,0.0,-0.00019123256210762385,-0.003050482887214767,0.005208476862123446,0.004188773992090944,0.004084579978060665,0.006200841708979832,0.003144804862471595,0.002057100192968786,0.013663201508975709
2024-03-04,0.0,-0.013629978095786144,-0.004891632279245051,-0.004014038931660524,-0.004273744879250696,-0.004306442068006344,0.0027363424618640497,0.002357711195974721,0.006767395195964809,0.012124234077748985
2024-03-05,0.0,-0.019892433792021658,-0.01575621195981014,-0.01187110146004966,-0.011607483125018025,-0.0099557319227207,-0.013992902620116654,-0.005959501784685406,-0.007888998445958695,-0.014204927881953933
2024-03-06,0.0,0.014203073085759854,0.015481948901560516,0.00782081136171553,0.007849747737115997,0.005495079301187866,0.011304667302473481,0.004039236077010067,0.007150408178801415,0.005833009020522306
2024-03-07,0.0,0.014684274458122148,0.0032007887254568157,-0.0022491102399331275,-0.0013749078213128874,-0.004611929020254979,-0.0016772537452814928,0.002162310792977573,0.005066358010086258,0.002589430533820325
2024-03-08,0.0,-0.003499609314150276,0.006506555024944127,0.009028206571943143,0.007428131785297332,0.007508322373524834,0.00786776974265635,0.00857212120364026,0.007993088375345625,-0.0032803578474015493
2024-03-11,0.0,0.015279997763905317,0.010594110581646277,0.018902315252379953,0.012226541643924227,0.014869295034849683,0.009962450044649351,0.007959874891949159,0.0014732141039299762,-0.010501360263580728
2024-03-12,0.0,0.013624378815203952,0.014649144614391707,0.012653916748412097,0.005716214392693653,0.009762899026033,0.0018938217930337675,-0.0006238743835668137,-0.009755704064469017,-0.015804046561284202
2024-03-13,0.0,-0.010994599662334625,-0.008680501715363942,-0.004470689766373326,-0.0015952960895700974,-0.0015953649997691999,-0.0015639919045271622,0.0044906393870918215,-0.00038042857075804015,-0.004385480086813498
2024-03-14,0.0,-0.004633106004118259,-0.00689002838293562,-0.0006947274537673076,-0.0009990163650318573,-0.000992384834736959,0.0025983354361132083,0.0034026027651401503,0.004974400063580076,0.005365310255723843
2024-03-15,0.0,0.0206111036647747,0.013381731671490371,0.015109204908947182,0.014974148657858732,0.01497725924836435,0.009995132296339193,0.01457644275311476,0.011786329194634071,-0.001642034607727938
2024-03-18,0.0,0.017648806464064748,0.014669709985442703,0.013468007001224525,0.01477804239198055,0.01681574912411299,0.011215096141808045,0.01143625995311659,0.0070270845222710765,-0.004332302467302873
2024-03-19,0.0,0.02112212892516596,-0.004174234532912213,-0.0015646099775086242,-0.004174061932332274,-0.005353556342717947,-0.00867427302149737,-0.006692442419712119,-0.006209758006613497,0.0011112861965425491
2024-03-20,0.0,0.013880476949818421,0.011581282092789191,0.007469369964780759,0.009451225194570423,0.009194123509719487,0.007288756587566336,0.005906705606850915,0.01093718669861321,0.00812280909012375
2024-03-21,0.0,0.00744322425800692,0.014275178201102579,0.0038770307814672833,0.0020779910086368147,-0.0005389883553320596,0.0027779330283546066,0.003636281218361459,0.00117873135080937,0.00038878285579846406
2024-03-22,0.0,-0.00689928452868771,0.0001958103548220791,-0.01124476403632202,-0.014749708034114795,-0.015759786384903385,-0.013138065204391758,-0.011037567227909495,-0.007887050273648999,-0.010096243064076194
2024-03-25,0.0,-0.032913828771947595,-0.026952500797353673,-0.00761956642909678,-0.01462758046693502,-0.012708497209475755,-0.013592967885207141,-0.009254157057699719,-0.010232869826021673,-0.006321273851805587
2024-03-26,0.0,0.014626422137022033,-0.006028551752484512,0.00480642265438691,0.0033244294120435836,0.007068815079636748,0.0038748039640874588,0.004075147009804381,0.0007323745408265303,-0.0035406273529291488
2024-03-27,0.0,-0.01894501848840202,-0.029199180362287858,-0.02064780491310536,-0.02506923780744208,-0.025499574278169512,-0.019700421920574307,-0.016781407708632567,-0.01616189307837912,-0.011309094175246281
2024-03-28,0.0,0.03060438110946695,0.0229162523371762,0.015110771279546409,0.015875239741277358,0.01715794521063163,0.015618624386513735,0.015444481073830563,0.014371381286670593,0.009583893434186752
2024-03-29,0.0,0.012162448082756017,0.013618088968752273,0.007477313724351342,0.014107310637418102,0.013291176382980385,0.01668366970823154,0.017346938608107987,0.017884201851061654,0.020489732855749843
2024-04-01,0.0,0.034102565560406584,0.01755290753115668,0.01972227608790078,0.023465202684822772,0.019342056619443326,0.01792432910718489,0.01496561903652105,0.008789858903119452,0.006285935115146524
2024-04-02,0.0,-0.007468176813292482,0.008760028588096214,0.007148514871849976,0.004740586921450518,0.002495713021364976,0.007086258906448428,0.011208647480968281,0.00764846816992093,0.009984533474391988
2024-04-03,0.0,-0.014800224730884604,-0.013113026392653548,-0.001967315681357551,0.000237686179372254,-0.002606091401563204,0.0016311463334466314,0.007161295722545757,0.008493882656845697,0.019557044140376956
2024-04-08,0.0,-0.012987628115360805,-0.019336971994657337,-0.02348957075892666,-0.015943309684372076,-0.017502794550230627,-0.012947092746398936,-0.008744372160648162,-0.0003683208544247307,-0.01454790843350906
2024-04-09,0.0,0.007851317156192028,0.01603960846644159,0.00830571681777803,0.008705943906751834,0.010127074656850032,0.007673387021416067,0.005198700874838202,0.0038525026738043255,0.00697844792525415
2024-04-10,0.0,-0.0249761768750838,-0.015865835777446713,-0.016454357515841567,-0.012634114441573474,-0.015847352817113358,-0.012517218883235426,-0.009737060427714384,-0.004346998516594591,0.0012606185627968003
2024-04-11,0.0,0.013661353005817611,0.004988068929525191,0.005819376681241328,0.00823161380925641,0.008401464115142865,0.009372791250190637,0.007461871649630858,0.007853691416725761,0.014993232201915285
2024-04-12,0.0,-0.029674947665303764,-0.00830321004587753,-0.009787698126457522,-0.0065658292952045505,-0.0049592652926981895,-0.004191562952638672,-0.002754597575458373,-0.0025150247395531178,-0.003419435371014745
2024-04-15,0.0,-0.04498050517976937,-0.03726154428702466,-0.028813996142460496,-0.02760021309532079,-0.020279812046219425,-0.01615743644846457,-0.006547590496409295,-0.004461700047007633,0.005967738778182241
2024-04-16,0.0,-0.07627115232971715,-0.06117406330574182,-0.05279966819351811,-0.052976160968585595,-0.05022114411640921,-0.04157450523121098,-0.03742903792676633,-0.034449612374970795,-0.0246851089414174
2024-04-17,0.0,0.04842540596967404,0.0586269615754238,0.04740423669849947,0.050883752990937614,0.0516851205901514,0.042679500431016315,0.04260255177025751,0.03449932698873437,0.031367524169971794
2024-04-18,0.0,-0.001465980737217154,-0.001985428201196182,-0.007812191804696278,-0.0017760036135414659,-0.0006881337344043503,-0.004510745467278143,-0.0006483706952016277,-0.004357907473199418,-0.0027927837393523225
2024-04-19,0.0,-0.0025973546730974073,0.0002744303709234508,-0.0028664648525398295,0.001216380972518305,0.0029602212915917914,0.0008912143951000928,0.0013310912107011852,0.0020146996610148626,0.003294553283242685
2024-04-22,0.0,-0.01717327436273952,-0.018056076911866392,-0.012871097946325905,-0.012258079313729353,-0.014490120011739105,-0.017810685642656532,-0.012611597806995278,-0.018839893618314063,-0.03656985137464064
2024-04-23,0.0,0.010171331741237077,0.00403473325645165,-0.0010135280142066216,-0.004967818506874444,-0.005843263579138336,-0.008372181250642208,-0.009485115239467157,-0.015498214563805957,-0.02337911934653214
2024-04-24,0.0,0.018415811127794113,0.01676361706194318,0.014227720055224768,0.011886811074727888,0.013691309871235235,0.012975657858568468,0.011750798983947819,0.009350986894301805,0.003860950635135918
2024-04-25,0.0,0.009573401846271867,0.00669775975274578,0.006899742399806508,0.00739121428188394,0.005803596077633033,0.0038730038290224478,0.004363143154624272,0.004991841835709554,0.0071683483699245265
2024-04-26,0.0,0.016765147995869034,0.011557441121937906,0.012408970610371384,0.009632798118838215,0.014411338244210148,0.011477664880867655,0.004897795126633575,0.0035494260973607528,-0.0043038129177443984
2024-04-29,0.0,0.04474923463447689,0.029497431507771843,0.033114996362978655,0.021501162162809617,0.021225696956807427,0.017741358938151652,0.010455839475404183,0.009763399898901737,0.010505351871993529
2024-04-30,0.0,-0.002428218959438344,-0.014277753665399295,-0.0007825015871859575,-0.007782033611085759,-0.006623423069687662,-0.004193762821081748,0.0012560900736426905,0.0028927609358719852,0.003229548573648211
2024-05-06,0.0,0.033251308000345814,0.026853421541471745,0.023437977175347013,0.025713586828010948,0.021781363066104564,0.021575680514879236,0.021260504247222256,0.022253807013344673,0.017804953052418693
2024-05-07,0.0,-0.0044832183507964585,0.002762635293146243,0.003961018060133048,0.004962541040406165,0.0040896215570400685,-0.0009184819075580553,0.0024457838068394633,0.0015160528991704503,0.0006025549675963138
2024-05-08,-0.025574054463276426,-0.013071698520946137,-0.016011017176274126,-0.017368157713581016,-0.014649809761182051,-0.016830616631656962,-0.015870483447075326,-0.014405744267119278,-0.015295186007533072,-0.019138943986881315
2024-05-09,0.02841795095843147,0.028502491279678965,0.013895572980402227,0.017778039277837943,0.01672861373411294,0.016781591297457155,0.013195535024852711,0.014381082236185838,0.01180231733121584,0.014013263294098577
2024-05-10,-0.02171754115405755,-0.0057906774951332896,-0.004743464088296068,-0.00610181274908006,-0.006169767570172846,0.0013239622915139915,0.004949239851013587,0.0038774057925916594,0.0003467899923661477,-0.0007608487638475214
2024-05-13,-0.02800337340549308,-0.021304466220309792,-0.02250433874830926,-0.017253318710413357,-0.01338820044434752,-0.008293629501687438,-0.008927668654177046,-0.007307104874675896,-0.0029173138169458213,-4.347044481467499e-05
2024-05-14,0.010454305861231417,0.001568383650718319,0.003282000672516716,0.002596970021606859,0.0061430641960977805,0.004964204778219017,0.004553142710318703,0.006146537468730617,0.008245832089340377,0.004153634226537584
2024-05-15,-0.007731437856531076,-0.006115844067033027,-0.008684989115139152,-0.002870666840639413,-0.006626947067534084,-0.004724605946168969,-0.005312333661761315,-0.008220162311351698,-0.005803662835550449,-0.009992361300369068
2024-05-16,0.012603730520871048,0.01477815001696725,0.011060271600199734,0.010598854471379981,0.00760645539166549,0.007749286749513029,0.007780581649993623,0.004860892301679742,0.002528090386693327,0.002114719119783448
2024-05-17,0.013952547134635118,0.021429805560114534,0.018430568187155494,0.018296886563649917,0.017278383260854513,0.019351526986513434,0.01648231947107015,0.014377881215926314,0.010321973298872411,0.01136564935021922
2024-05-20,0.01184079271550842,-0.011584181536652194,-0.005037414801906559,-0.007341970009659193,0.0023050618283633195,0.001752009264979426,-0.00011075848134345367,0.00436218066958749,0.0026113019067168786,-0.0012926607203160856
2024-05-21,-0.01148205777402267,-0.011989658116864033,-0.010867030372917585,-0.009065825276738382,-0.009782223938643697,-0.008135207954034884,-0.00767229016015103,-0.01280686769829853,-0.006278811402048556,-0.008407239056533955
2024-05-22,-0.007294057060454273,0.011452289461817644,0.007100681428725553,0.008815794699265966,0.008068547922580382,0.005018109229446344,0.004064915234743838,0.0008759226129542164,0.003783061462070636,0.0003677014086838071
2024-05-23,-0.020088444639178138,-0.022992335609511416,-0.025038594620433674,-0.025574055793865513,-0.022680471225178245,-0.023377380483601717,-0.02048349267480032,-0.023769722386328906,-0.021587771952458312,-0.0210363162510796
2024-05-24,-0.0033611842256738855,-0.010142635465912653,-0.011762701952332755,-0.005878553159123223,-0.007663553202681195,-0.007204811012894385,-0.0023059035837360575,-0.005158457710426223,-0.0035413449157827293,0.0013189519490945933
2024-05-27,-0.009233616699905522,0.0040413906176288705,0.0016508106148704904,0.00299755021716841,0.003153470905246092,0.003513417361380222,0.005484796518338442,0.008053478792510393,0.005060154162564112,0.007253758898088547
2024-05-28,-0.006811333867063785,-0.007150471091101007,-0.011660550620446575,-0.012082882643135728,-0.012873512968087808,-0.01320803548736238,-0.012211338847751385,-0.015553516807292,-0.009512384037641208,-0.008064674778924585
2024-05-29,0.011121953314223942,0.013073470171241608,0.001044815298627988,0.0025048946020325147,0.0049197312825768336,0.0013213080210423556,0.002143663463834322,0.002001573758824593,0.0006022996424737137,-0.002687717613975793
2024-05-30,-0.01177514339531427,0.009559604813362377,-0.01299085607307382,-0.011282495119329994,-0.009693256764776281,-0.011332320025769449,-0.015360808675063287,-0.011864595447065973,-0.011715493535170873,-0.01087319991684188
2024-05-31,0.017114684448311435,0.001494943765661727,0.005858022545146557,-0.00037937261848219883,-0.0010150713400328693,0.0010691657176746805,-0.000584983648252213,0.002018884468716786,0.004497605656491599,-0.0013131490188112993
2024-06-03,-0.03508393470182303,-0.032079419110861984,-0.031118739068761836,-0.027739299923040917,-0.024591319725939087,-0.02226953254780195,-0.02050614784891902,-0.019227217298704802,-0.020651917467394365,-0.01988624933623151
2024-06-04,-0.03222141476259166,-0.01775501997068174,-0.009877333206934846,-0.0064866139419628155,-0.0017959693919603614,-0.0010260017370935515,0.0038661432084043934,0.0015538147208176145,-0.0009677530953118296,0.0024549361915673362
2024-06-05,-0.018073883903130805,-0.015036023731291315,-0.02285186082935664,-0.0177183544974594,-0.021243753572728008,-0.02272837940113004,-0.025171877658477726,-0.022163412727580822,-0.020164316154276385,-0.018187286879476017
2024-06-06,-0.04902990526350892,-0.050209547145485645,-0.044281467144661635,-0.03997979105330196,-0.036341384519229636,-0.02997609663652745,-0.02657356935735189,-0.025900659116364633,-0.02932672169350703,-0.023869294398233265
2024-06-07,0.0308791954475498,0.009228974939450518,0.030847051142452342,0.024302618874645576,0.024497272388695368,0.0191233309567993,0.021699958656947516,0.023670532120473764,0.022981699815188383,0.025801952603233813
2024-06-11,-0.0011629579704325321,0.0032770890467734848,-0.00220121864137246,-0.0010729381046359343,-0.004968064186138932,-0.007098848334919583,-0.010047576361459032,-0.010705683254855769,-0.005495911166539358,-0.015597518409839584
2024-06-12,0.01427914056406987,0.007368977152857337,0.014075557634066982,0.012210451641399667,0.009743923098200158,0.008954436682077738,0.010671589617486932,0.008411245518857413,0.009420295208138585,0.007447621993180276
2024-06-13,0.0020566370932519895,0.00830668363722431,-0.009393819774634604,-0.011685584977510377,-0.010946923747647386,-0.014483049108531931,-0.013859685743801586,-0.013476933525665813,-0.007182471104819399,-0.009766685184192436
2024-06-14,-0.013494589602891405,0.0021207247445731436,-0.0006454930486823329,-0.0018499156258903193,0.0009938886955755954,0.004531587198457032,0.004309505213403231,0.004015467475631862,0.00263580783337658,0.00034487978470565395
2024-06-17,-0.018700715619987984,-0.005031380381005368,-0.010824881637966355,-0.009626186290288885,-0.011335669951777705,-0.009924593081569455,-0.011094321439740762,-0.011514900581412912,-0.007129074203224173,-0.007047429335093058
2024-06-18,0.005672233093698242,0.005485970677826746,0.014889712825506551,0.012398093787711506,0.009567603802191682,0.006732650069335877,0.00845978387982771,0.011135190821810914,0.012038432056219683,0.009580117705767721
2024-06-19,-0.007702863746951949,-0.007025022587869412,-0.004998521402804101,-0.009273959853745684,-0.004885724791113599,-0.006603706434186063,-0.006872688980746888,-0.006042942445378174,-0.006189229276419961,-0.0036914043772173777
2024-06-20,-0.004162301251185552,-0.0019087439421776597,-0.008706935459305232,-0.023607020886823538,-0.01693398015611347,-0.021972306431344735,-0.019386777220747997,-0.01692369290706408,-0.020314173346052455,-0.02027394797287363
2024-06-21,-0.01540674878867232,0.0020355786890633443,-0.002707865440321977,-0.003689400329247361,-0.0021050364849339864,0.0008613230920178072,0.0023395263878909223,0.0016172796514610788,0.005325734233763146,0.0016655318612552872
2024-06-24,-0.05484211187949162,-0.0326447029449789,-0.037158976115670095,-0.03581932652292941,-0.03377302180373576,-0.031417477093787505,-0.03080245325673603,-0.028333607636123026,-0.029685536364054466,-0.026956503929670084
2024-06-25,0.011468090388678576,-0.010898582180688177,0.007505866751237988,0.005918725658658808,0.005857542427110118,0.00676479250971207,0.00755596188706531,0.009236654062501515,0.002934010621788774,0.005023230479688667
2024-06-26,0.04029990163249875,0.0224463712292855,0.029768823214372686,0.029114912694895745,0.02045522989893267,0.021030907029858215,0.0187256239447815,0.015541537051556142,0.017337884340935528,0.017219908044550314
2024-06-27,-0.025428291060024644,-0.014940248600717299,-0.012390991033485399,-0.017838102384965193,-0.01693938373684034,-0.017501516498144687,-0.015414613725686532,-0.01710407707052397,-0.017195345862883515,-0.013491993707475891
2024-06-28,-0.006470609942616168,-0.001615496875575606,-0.004874876410880358,0.0003497735664561574,0.002836960707490066,0.004819544142000032,0.004381829161721029,0.005154327726737407,0.009836699524426562,0.012632313243373217
2024-07-01,0.004054810639062545,0.0005406707869852756,0.00993135139749901,0.01464709566492628,0.0137469075757084,0.020292297594670883,0.017613751244978992,0.017126464475263337,0.012557458078833017,0.01726626682165766
2024-07-02,0.009603691698357064,0.004077751940864127,0.008904401653573313,0.005920068534216449,0.004272242994204589,0.002875682110087263,0.00432624949346172,0.004503389947074776,0.0037701779116987577,0.009169592389564274
2024-07-03,-0.0010182269604421812,0.0022693616694602348,-0.007601370184199263,-0.003129536039981007,-0.0014249530864611781,-0.004641271556719229,-0.0017371389521820824,-0.0030157490085981342,-0.0036378146562831004,0.00159801947598881
2024-07-04,-0.041664411572024274,-0.03551169964452272,-0.03338918561689841,-0.029081550572841564,-0.02866756703913176,-0.02376053078054774,-0.025547356078745143,-0.023018574955561255,-0.022026439449346347,-0.01961752681166573
2024-07-05,0.012611095606688938,0.01228699243146858,0.013884391157152676,0.00883417130336639,0.007884267579261639,0.00539589500040405,0.007495686218885522,0.007433679482869104,0.007275647962886156,0.001643746292524506
2024-07-08,-0.033346563739699575,-0.019525871221812596,-0.027073588602141485,-0.02868473526770654,-0.025827615093801937,-0.026998983074063787,-0.023620306703155958,-0.02331055911683455,-0.017810989148957956,-0.01927758027443427
2024-07-09,0.0025246953956485907,0.01571221823954483,0.008865937384194389,0.008597708455741149,0.010580130170251723,0.012299149036600232,0.012768140631351343,0.010708875369575654,0.012704229450264615,0.015218694351043283
2024-07-10,-0.009182865747967783,-0.009686639853363488,-0.012756619557004023,-0.011340639797966512,-0.012366748948934192,-0.012244971534592919,-0.012035818874685744,-0.013783550481388906,-0.010205516594088304,-0.01239008011399989
2024-07-11,0.049045626440385126,0.02623288793249623,0.032069739262784,0.03662530704316791,0.03306562837307769,0.028417465075684767,0.02696003662931501,0.02410352845124608,0.023343905330446058,0.021157900568362642
2024-07-12,-0.005840359609253665,-0.0029480919343055634,0.00019330443650655837,0.003263552819168014,-5.143139154806242e-05,-0.00034518367978764175,0.0008092131845969242,-0.0010449443903858269,0.00012315770458104502,0.0012573167931635432
2024-07-15,-0.028541224318765934,-0.022421609485646088,-0.021508434699036738,-0.013196045655697874,-0.014193850277835263,-0.0128145614537164,-0.01182790983213855,-0.011050464840410612,-0.008504095091134367,-0.009321952276971524
2024-07-16,-0.003552591285797768,0.006696296419392844,0.002101787697545543,0.0004988519501307742,-0.003571896506916583,0.00036307920762435053,-0.0005150042847025249,0.00023510337867649334,-0.00044345433032944026,-0.0008253377268711004
2024-07-17,-0.009078038214608175,-0.003536284152446334,0.0005376942391666084,-0.007634899026041975,-0.005666269890784337,-0.005439344113784772,-0.006686023115051065,-0.006819802285858545,-0.007190862937612064,-0.011271927570122298
2024-07-18,-0.007967988943379356,-0.006396200933909246,-0.010897678288791735,-0.0026335922250002586,0.0015324445508722029,-0.0005635262398093754,-0.0006957483502371131,0.005184776858634832,0.0069792832409227845,0.0025388948876685635
2024-07-19,0.004221950043643341,0.012711936808384783,3.7999325583459864e-05,0.0008936774738617093,-0.0013209227398565115,-0.0034877076866886014,-0.00342735526622584,-0.004513287208186445,-0.0025687777284328916,-0.0026216753081621524
2024-07-22,0.009465675959305475,0.00016327642590163727,0.0043181111660133276,-0.0012931717427193679,0.0004479052685055773,-0.001441087766315241,-0.001288627712552226,-0.003904112643277724,-5.023647065416359e-05,-0.0011742016128020172
2024-07-23,-0.01632002092662066,-0.015154689545056277,-0.013403443435132556,-0.012257685318288747,-0.010799551109328953,-0.013862973241683951,-0.01352274135986442,-0.009004049749708254,-0.007765096801738425,-0.009808063858258609
2024-07-24,-0.0201093423324481,-0.01406567287279259,-0.009177373837128022,-0.015330832528034355,-0.01418537850442203,-0.010091270067633995,-0.009413735395229161,-0.013607708435584898,-0.00852325282363331,-0.006921069527241808
2024-07-25,0.012709705788362724,0.0032622686033205728,0.005466080803663509,0.007404960158742702,0.007845108883746787,0.005277479019124787,0.004223642090408708,0.005704911675989965,0.014190152875755757,0.008180125394185778
2024-07-26,0.01187057093618038,0.009688175488872464,0.016237821697277166,0.015230673062979871,0.013334890758215368,0.013318188614981352,0.013578674133572166,0.014952168377757147,0.015625070946512665,0.013464197994735194
2024-07-29,0.004092508535714856,-0.005207851895134841,0.0028659709440044256,0.0071612458593783845,-0.0005164122793351877,-0.0012479134611610432,0.005130393679847245,0.0028513719279199545,0.010109184623246392,0.008735961576325169
2024-07-30,0.01065433004471017,0.009702900481211918,0.013071955132700985,0.009926704326358227,0.006481297569057798,0.008200126549785747,0.006399019326285504,0.006054069290332809,0.010299412013037301,0.0025454425490476495
2024-07-31,0.03763951908223695,0.03186269066354108,0.029218991017309293,0.026906025261323796,0.02624371612971821,0.02806308578786587,0.02366083520116824,0.024930628640986496,0.019511059368920947,0.013972681721181157
2024-08-01,0.007507497936262597,-0.003983268835510367,0.004743353283922946,-0.0019202487880974894,-0.000698380624964301,-0.00016177018053875614,-0.002497560317772818,-0.0003505018707142815,0.0036983620447450516,-0.0017183265980156293
2024-08-02,-0.019528543774602003,-0.01448456576632462,-0.005881649002150935,-0.007217340583987042,-0.008160175124919511,-0.008877103134319109,-0.008604807605122944,-0.006990701489892448,-0.005866054180945213,-0.008650079849049086
2024-08-05,-0.004595540588391955,-0.01869768086301704,-0.025403380701297218,-0.0206681388254516,-0.01947885216919787,-0.01663634278857895,-0.01811102558599309,-0.014490843365265627,-0.006315500823040554,-0.01515888839064583
2024-08-06,0.013958381221659932,0.019699783807046956,0.016888974556737324,0.013469927049597263,0.01761843247131667,0.01418994096925319,0.013718494249160385,0.009926741827507302,-0.0002995562185035272,0.004014276482662504
2024-08-07,0.014234489555578156,0.003960369281334364,0.0004363104829494535,-0.002846934533808132,0.00048180892384741547,-0.0016891222660232463,0.0002303608068259244,-0.004677601299401313,0.0005369952455693827,-0.0025623809380906915
2024-08-08,-0.004768153836917088,0.00812136964646104,0.005306750983601338,0.004380615760519957,0.004715617801053673,0.007035432381247819,0.004517876555885536,0.002704901203717025,-0.0023434332055933815,0.0017718975070519782
2024-08-09,0.00924112396790333,-0.006194760106191799,-0.0017669198802019448,-0.0023286077805162453,-0.006764868538340685,-0.0020648910932280495,-0.0020918051806962934,-0.004430176706630262,-0.005417474819860879,-0.007392271661603278
2024-08-12,-0.00012058573397599748,-0.014459743945146042,-0.01010118357401546,-0.007293975084403104,-0.006460234608578697,-0.004744789420022988,-0.0035257402763421153,-0.008248386615233083,-0.005574233554000552,-0.007697679530617951
2024-08-13,0.021877823665540586,0.010120765671230547,0.010446952742853233,0.006625185450581661,0.005579471831139937,0.006152926823981275,0.0036173136870814027,0.0054987889067794615,0.002410125329303403,0.0057492590685521705
2024-08-14,-0.0034531343196209097,-0.0016216654871535896,-0.007059757421016166,-0.006217577698901855,-0.005872134783724281,-0.0053579325364411234,-0.0058593207661898905,-0.005786736325651631,0.00018167842010896607,-0.0018807282483090937
2024-08-15,-0.01367918055027939,0.009323344833006786,0.008448825562647366,0.00791708878977393,0.009725205723383201,0.010236571308836373,0.007363972413676256,0.006853929887515653,0.0090694652513581,0.008835638103127819
2024-08-16,-0.022101471055841038,-0.0015802603201238163,-0.01136325313265829,-0.010080068575603063,-0.010590610577355553,-0.006745765658926706,-0.01018887543878777,-0.00962843687880588,-0.00999812412227552,-0.012642890746104474
2024-08-19,-0.017504937357834982,-0.003728467171076888,-0.0015651587276480639,0.0025257068088710977,-0.002671604678827655,-0.0033797221597463567,0.00196683674584075,0.004558654159514175,0.007026394960069071,2.0964477508433887e-05
2024-08-20,-0.017871418599347377,-0.027850705550953703,-0.021231163824662502,-0.016903774550956374,-0.015657836391187563,-0.017814273214298626,-0.01740781703140004,-0.018347145334145498,-0.019728456862677435,-0.017288404505516275
2024-08-21,0.0007883931203416239,0.001814936972086123,-0.005960398251541266,-0.005087150514257566,-0.0022685074148675044,-0.005922840007337338,-0.004853091476504479,-0.00482173943838804,-0.0018464189914362272,-0.005570330359196074
2024-08-22,-0.015563382126703718,-0.005451904974231536,-0.014059892209023706,-0.014952119019002064,-0.013128408371455791,-0.010458499349369599,-0.008706842058224917,-0.010503121469705334,-0.011348100585694687,-0.008938123361913575
2024-08-23,-0.013096168755177051,-0.0014710017985010149,-0.00930225909743132,-0.006182483968085073,-0.0053796024328550685,-0.0060540265554129835,-0.0027952177776461307,-0.004053871924496688,-0.0140608262754911,-0.004797952380539705
2024-08-26,0.027585969777718544,0.02773641076088551,0.018478598860530715,0.015506907551893434,0.01118309919588123,0.013066474450595278,0.009621402620260788,0.004169134266059249,0.007736559124473574,0.007910535380330375
2024-08-27,-0.021865307641606324,0.007625148905489265,-0.015037514210130443,-0.011025825227126917,-0.011501108629245804,-0.00915590192300264,-0.008867279612795431,-0.012656547941202079,-0.008487399030450482,-0.011457915356345438
2024-08-28,0.009582827522691018,0.0015433608311747893,0.0036634637256194313,0.004896990901446241,0.002586696574335301,0.0003027363274807904,-0.004276660154947098,0.0014881641640021037,0.007051525351883914,0.005455276017424904
2024-08-29,0.019908560753683302,0.003956276486829724,0.008546542687464687,0.0062514505836701595,0.006389055555488632,0.007837291500093935,0.007778986995272019,0.002858227886444187,0.0012696400330880486,0.0009494945954306999
2024-08-30,0.012482861444264692,0.016618123192384093,0.017267870411228126,0.017381588890248878,0.015113151773129552,0.010975720088140184,0.01587385298833266,0.013399331795957536,0.01084048585399211,0.015307876251652308
2024-09-02,-0.02338324302209005,-0.0136166688747138,-0.008454248659178432,-0.009086776296187926,-0.010953404545398837,-0.011507642821003361,-0.011455079912764288,-0.00897208831623808,-0.009364638472550202,-0.010508212028753294
2024-09-03,0.01135815177501387,0.01107540032276888,0.008480589022260565,0.006744114305857085,0.006213343358232981,0.004444863405794308,0.0032441164801255695,0.0015439764826445934,-0.0018926863627612978,0.0005732092600356786
2024-09-04,0.010455584195900203,-0.01283674084966313,-0.002707797464356232,-0.00888168194886263,-0.008383442266501118,-0.008449537298252596,-0.008972522208456901,-0.007543189712124865,-0.006918610144541426,-0.006482255407888493
2024-09-05,0.014528883601375941,-0.00248479645478894,0.010369738381770466,0.009420636036143959,0.008621517646122623,0.007728079156372969,0.008925719173264568,0.007940587920126863,0.01428550650096927,0.00865358129991245
2024-09-06,-0.039364859650479755,-0.012524214890028973,-0.020945546974434737,-0.015152529796079728,-0.015729995422085863,-0.013331335487407281,-0.011305389880785666,-0.010180163730364566,-0.0028379892623542347,-0.007197549088155952
2024-09-09,0.00042969749268784163,0.00020415684371655196,-0.0007909698003035759,-0.0010538865454090551,-0.002719581111286895,-0.0043977903339386115,-0.004822301016270347,-0.004187822149346432,-0.010054553131470634,-0.008025686803017962
2024-09-10,0.02556487461101664,-0.009692105650301208,0.0057135546547821825,0.0004886160340993317,-0.0010448005595647958,-0.000440583188717536,-0.003249813940933266,0.001080727992439412,-0.005402837835310148,-0.0016108580829666819
2024-09-11,-0.00920802486269301,-0.0051132074277496775,-0.006134273853218408,-0.004244998536422462,-0.005345191367786439,-0.006668997971277957,-0.009574673910455522,-0.009057518172420398,-0.018792581285362653,-0.0161462616485889
2024-09-12,0.003241979309130727,0.0014220464889700413,0.0006673588402543729,-0.000900458056424136,0.002761698419028402,0.0019747316718552455,0.001203126160873147,0.0016637300265867072,-0.0024937116082539568,0.004309795285584173
2024-09-13,-0.013814673017035761,-0.005874928397381685,-0.00814129297268229,-0.007177909599092591,-0.00490925608061088,-0.004539197890317981,-0.00329777539214382,-0.0027297325674255912,-0.010829947013798358,-0.0063126586825077435
2024-09-18,-0.005393743385604166,0.0005397779367370958,-0.008208443344124183,-0.007906818014695283,-0.004407914082556252,-0.0032800633593295103,-0.004834201331041399,-0.0014055003606727734,-0.0029289972858334012,-0.0005693941000902702
2024-09-19,0.020490031881730708,0.02668439001100187,0.024429908992995797,0.023642526855881085,0.024628582039269542,0.023122587670821648,0.022209872240918527,0.021529023176045436,0.019200342191174835,0.020009339597446774
2024-09-20,-0.012189381578449288,0.005579958191167078,0.0013611352272537847,-0.002994863689433136,-0.004105928102557943,-0.0020649590260628514,-0.0009460662843177037,-0.0011256688437830675,-0.0036450343954212983,0.0026741179591343034
2024-09-23,0.007833228794585034,-0.00983648916294333,-0.004325102302305095,0.0033684838379921533,0.001576063058151389,-1.4225781701515672e-05,0.004919113794195518,0.004201299690364646,0.007640391258668222,0.005660514661067539
2024-09-24,0.03540059137831464,0.029165547770184652,0.030534129262888454,0.038345361048861104,0.03875312128585384,0.03896748259836125,0.03426032774812704,0.034420582430599866,0.03528729692649013,0.03546444797314141
2024-09-25,0.01124442652445068,0.02088744117386443,0.020019005230458076,0.01880065963939792,0.015345724121380133,0.0159894069824027,0.016151526390549398,0.01849280965068023,0.013996513544808353,0.013832116399897343
2024-09-26,0.04262833863577842,0.04324155456059042,0.04331571057103667,0.04059922496683277,0.038342579437768975,0.03896693641327875,0.037883715155237585,0.04004896480155873,0.0318012863133188,0.0360048460827751
2024-09-27,0.04539570094196832,0.04050696445143642,0.040343652663620944,0.040546798783264615,0.03972345840211178,0.039272618416022365,0.038916115832736686,0.032788822501764514,0.030608102644970492,0.03253680656507707
2024-09-30,0.11838753616522046,0.10036772252443416,0.10164658046179609,0.10125851240588668,0.09447584260806252,0.09319620399033535,0.0889996177010759,0.08313973765844818,0.08500928153431664,0.07790353503826442
2024-10-08,0.08849461259068647,0.06683142628441585,0.0665938417957106,0.06781438575613596,0.059107954062012524,0.053803401254610916,0.04652579995770356,0.04129581559301565,0.046641968087283825,0.03006795992086775
2024-10-09,-0.06220635672033614,-0.06682802327772219,-0.08908742260447222,-0.08225146645223846,-0.09320578965285886,-0.08988072890778265,-0.07816524508970446,-0.08064722775564692,-0.07735828281954416,-0.06948986031227034
2024-10-10,0.03409586631241801,-0.0070677040366956545,-0.006576826574984707,0.00043786909753151804,0.013300992710597592,0.0048536581661871026,0.00806855330855738,0.00976136698129193,0.006956374671005738,0.01892815804598058
2024-10-11,-0.05877958246193926,-0.03830273971835818,-0.03009378943374741,-0.037981494422807516,-0.028867088365600146,-0.02736210027421404,-0.031045000886333662,-0.027290367185509146,-0.02793504000932312,-0.02177913244087648
2024-10-14,0.020417093070705716,0.021686360419115314,0.04084287053196789,0.030613467308609366,0.02752559317493697,0.028152657211270915,0.02781170748050754,0.022034155189118554,0.021977357908789186,0.021752739255325393
2024-10-15,-0.019362413390723976,-0.02229222997610336,-0.016920932323410187,-0.0156700285554896,-0.013779434821855618,-0.020423947493824368,-0.019760089069345343,-0.018903581250739543,-0.020453074704197438,-0.01672517877131452
2024-10-16,0.00573315094253557,0.016717149232361006,0.00807542994345778,0.010386521893108958,0.01791141399696672,0.013617860788713632,0.011232574188879463,0.012074350432104586,0.011217129164805106,0.004468505975921078
2024-10-17,-0.01177721282980615,-0.013462646137329504,-0.005146128577775633,-0.011142854680277536,-0.014355711000657023,-0.019779421094501703,-0.017938533241737664,-0.014811801952289594,-0.00986990415480915,-0.01480414466671287
2024-10-18,0.03263081177943761,0.031231274900092698,0.027400332977692177,0.03151296686189364,0.02222846035945336,0.01923174703312691,0.019180961380241612,0.016898647987581894,0.016163237575953726,0.01564075038934365
2024-10-21,0.030151095668638384,0.011515246469482987,0.010079104233991387,0.014806328373852429,0.008914823025788499,0.004580906189230571,0.0021925838874372605,0.007333140936747196,0.005787542916710464,0.003720557632116428
2024-10-22,0.03348397532591019,0.01766252491465181,0.008223276305028948,0.011181250638754747,0.012302436158233787,0.016434780619661193,0.013053612409421822,0.016897797096425027,0.018698084949352323,0.012675177863256337
2024-10-23,0.028102440311257526,0.001140594282015961,0.0047807938472761435,0.011102924201471298,0.008701145185517012,0.004141757919073452,0.007986010024815693,0.00642447865871798,0.004304579707478329,0.002488262500109917
2024-10-24,-0.011020844509782579,-0.0017503705832617733,0.0009982213757908642,0.003210139360733555,0.001677791392262984,-0.005629852573043159,-0.0021501326256716524,-0.00044044447162427947,-0.0007715678221006383,0.003673322743231733
2024-10-25,0.09104558009254027,0.040988558278016285,0.035401262230359,0.030652596212268124,0.02567416738555095,0.021884136780020214,0.019277041558232844,0.018241215114152665,0.01892132477189956,0.015246735600550565
2024-10-28,0.01702757371525232,0.022971629820937478,0.0369992850608758,0.03101634658944774,0.030373709412179206,0.028714721051476655,0.029142805398682636,0.034209649706108625,0.033524478868300234,0.036564383296952885
2024-10-29,-0.025550026027922224,-0.01868508695702442,-0.0225740632846535,-0.016587375419147565,-0.020365189411487794,-0.029036940022935553,-0.021853177132159618,-0.014749379089418313,-0.017230134427429378,-0.006458386620956658
2024-10-30,0.004345239781647914,0.0009010256046599885,0.010779593306092572,0.002414567902965903,0.001504830317242023,0.005867096768868096,0.009569615819433164,0.011126275475029646,0.0012451627231877538,0.019344661915167816
2024-10-31,0.025601268079448625,0.04398933395818161,0.01774170316509105,0.020300162565744184,0.014482123488249732,0.01737749139692668,0.02075088336800235,0.019817768182613937,0.021987297801980832,0.01902417902728648
2024-11-01,-0.03616578046351837,-0.013218308483479269,-0.04236002163510855,-0.030546837025380413,-0.02249673632775362,-0.015721972539654128,-0.019164180071662318,-0.016356025471593205,-0.025513927097044586,-0.015364926643557597
2024-11-04,0.013027141621374527,0.03819112718612239,0.018093018520035642,0.008778329977148447,0.011443635445650857,0.00884914738537912,0.007337853692893637,0.005610305626579937,0.003111574575388243,-0.004641691977581575
2024-11-05,0.04658055240010528,0.05610002920428503,0.029249892977692538,0.027203459063543933,0.029358842810642827,0.025367752244720654,0.026232502864898644,0.025297624298233012,0.020665349948443046,0.02361056805049988
2024-11-06,0.040466677197571244,0.03884291774235371,0.0055717230288658826,0.009251840041572867,0.008322048657730896,0.0063963156772821606,0.008229910233397586,0.006722849573481682,0.007164539073758247,-0.0006978377132725866
2024-11-07,0.022823642260805466,0.024780331514311138,0.033078865000819135,0.03247083751403057,0.029021855826167453,0.029066543952769308,0.028840240896839342,0.02829450848170123,0.025235491666229848,0.03168087284766452
2024-11-08,0.01806146846774248,0.022111718334620667,-0.004733992553759947,-0.0008046041430359585,-0.010068468540233466,-0.009990484266904076,-0.011176800265758624,-0.0008220603153956674,-0.011279258060327146,-0.0014785914351257423
2024-11-11,0.002194037215861755,0.006794068875281223,0.02101040938201626,0.013506634537186368,0.008832264801147849,0.009547624546059508,0.006593993970384737,6.301561733224048e-05,0.00833401127530653,0.005135780349312391
2024-11-12,-0.0292411875205566,-0.018737393196826546,-0.004218981927283316,-0.014138885492788966,-0.00832934002485608,-0.0082366173917362,-0.007413072556913813,-0.007411144574136719,-0.007367564408231164,-0.00269760405240127
2024-11-13,0.011609244536621599,0.005702372464874816,-0.004433096406278536,-0.00026999854028753045,-0.0007544400580137278,-0.0005756885174510451,-0.002534240857808734,-0.005125484524202584,0.001318282102013013,-0.007922246821763124
2024-11-14,-0.03853179945504859,-0.04568488656346725,-0.029847671149417554,-0.029195336632322544,-0.026674135292515833,-0.02311689812053741,-0.02336771799744597,-0.027032729983270443,-0.026913813627415406,-0.020831413187209935
2024-11-15,-0.03196647649236439,-0.016460924096708962,-0.016013180784164582,-0.017761985961406435,-0.018454992868031317,-0.018164066867143336,-0.014067834305427795,-0.014440700349798496,-0.008580272696915636,-0.015471832055101387
2024-11-18,-0.002865844912415594,-0.015351848926117628,-0.008292994502644646,-0.006189670872444597,-0.0033185920469809282,0.008181490099458788,0.004861426626854737,0.0020699159411057266,0.002403859602258862,0.005175547595547947
2024-11-19,0.0320897706165042,0.012869546346952365,0.016745497839760093,0.015442477141891953,0.014676848009612442,0.00969738432959244,0.011504065501500849,0.010091265602546695,0.012508902216761264,0.016226811222052717
2024-11-20,0.03264567444724187,0.015298056861999587,0.02464915581382776,0.02161355509638896,0.019952496702415612,0.015287312731255387,0.019477061714786137,0.019488322798147273,0.012918799039808082,0.018847131633251024
2024-11-21,0.011621742502444965,-0.011424583581602588,0.0029439029649460657,0.00047316279236930825,0.00361402102604802,0.003352257517856838,0.005492514996657372,0.0046071548591593015,0.004431801383803613,-0.0019485343035214875
2024-11-22,-0.040100440791791314,-0.03452726549359553,-0.0323875175410433,-0.02824542798506746,-0.030515956920698084,-0.033744912656308634,-0.027377823307327298,-0.0295190230928849,-0.024732671180391796,-0.02122621199442809
2024-11-25,0.02788845392230943,0.0009751201689149891,0.01596791961471067,0.009789443070920667,0.01168328440775146,0.007486644045832769,0.011086438514674501,0.006764989816516076,0.01627928917833321,-0.0022055138562756538
2024-11-26,-0.017754232801336478,-0.023376539696968845,-0.0042640290923972035,-0.0122747616499993,-0.004764973914874848,-0.009049374322993575,-0.0063392871250290694,-0.007642041383022158,-0.009148592815635292,-0.002025290657272305
2024-11-27,0.013111106561597197,0.001094834543715839,0.005433194392137297,0.015606244791356527,0.007995923135730054,0.010435828294250715,0.010323557255491389,0.008242336278832862,0.011874530871077926,0.011955616916921707
2024-11-28,0.016089372481225883,0.007721940855028198,0.012689944687103605,0.0026040801311457695,0.012266724482761227,0.008397982143748539,0.011938208266831563,0.00594856294859869,0.007090457537194839,0.003773258842157512
2024-11-29,-0.007258518614628562,0.007973411347955928,0.004806383846618356,0.0071558219344303176,0.011064786577230423,0.01048444018002126,0.01251347813648529,0.009694026312542903,0.015466211283820197,0.013802553192535427
2024-12-02,0.027597339102816587,0.03468011422306416,0.024489492535122448,0.025273020630587784,0.023034128158529787,0.020883664400872748,0.018268042607380464,0.02697754545006914,0.025013063236085875,0.0339607721028472
2024-12-03,-0.0010276980004438885,0.015947717680890205,0.0014634322017141876,0.007831931045292784,0.005552145745355341,0.00126602729215608,0.004834838772217687,0.009301012863893732,0.009076878590981607,0.011584643495189395
2024-12-04,-0.0408642256030286,-0.02416571089087971,-0.021372014207178602,-0.013974211915226742,-0.0162316753556061,-0.013703678074473036,-0.015353211460637062,-0.021622920365567233,-0.018206618726150814,-0.015154407335234432
2024-12-05,0.023871105248628455,0.01727061699403154,0.016818415234532758,0.012939502406257075,0.012188967354581859,0.007363038146136702,0.006864387182699883,0.008711951367746051,0.008010589793169487,0.005693696125637304
2024-12-06,0.039399499025679185,0.024018904893209347,0.014387362141609072,0.013071850288068898,0.01754685320924132,0.015621810849596685,0.01635028977503672,0.01821782418712492,0.018323288503295343,0.009524701588462747
2024-12-09,-0.007852926063113719,-0.010846982434641994,-0.004173688415043841,-0.005584644498396907,-0.006352323523694192,-0.005943128023034205,0.0006087875587821312,-0.006923571095209025,-0.0011181570208340652,-0.0019304458630233778
2024-12-10,-0.01827752965836571,-0.0019106040813077207,-0.0010847083212438546,0.0002377854735868823,-0.0021078391153075415,0.003019078922920748,-0.0025828908270814077,-0.0013077846678379856,0.006312287478438261,0.005826629636625613
2024-12-11,-0.00737513693148506,0.023885473409437585,0.01303316504811658,0.02238133195800618,0.013936949548851496,0.014681760108010922,0.01875482265786843,0.02188324750782411,0.01891322807926521,0.03342718758783492
2024-12-12,0.0016609086718022414,0.00887296961216033,0.007613844179859219,0.014991173306006855,0.014616782139383444,0.010566451902239482,0.014663236912764388,0.012404810067870642,0.019268954380241787,0.023706603775047075
2024-12-13,-0.029396220180177624,-0.026355132827241223,-0.016098433563016434,-0.019509183730780255,-0.019720795811339342,-0.02208442335262495,-0.020965108974480118,-0.018844139948045346,-0.016405098904927584,-0.020997485565556362
2024-12-16,-4.2713769538238466e-05,-0.011363207740710757,-0.00572421477578855,0.0006379480404610227,-0.0018324438955317213,2.9064113484356113e-05,-0.003281081084253734,0.0071648901193339665,-0.0043841557979720225,-0.0026191428408823825
2024-12-17,-0.02970183724299036,-0.037558021383011564,-0.04089453702176937,-0.042031823907515475,-0.03649858483676571,-0.028617404232958665,-0.03267476666911262,-0.03665712663099718,-0.03955520694846726,-0.0455936515511548
2024-12-18,-0.0031663668046916227,0.008653760604217853,0.008213967945993383,0.0018939008799383483,0.006664376741206679,0.0017846303939346164,0.005956147746550622,0.0005176009992162722,-0.00014335334331339045,0.005024260542233039
2024-12-19,-0.006990730551076019,-0.0042894525170780184,-0.009445533678155149,-0.003780285582414167,-0.00086536770044221,-0.005171532701998549,-0.003961458416302244,-0.007038150635762408,-0.01061427255653602,-0.015033295851571205
2024-12-20,0.014494257776582975,0.014619601472364296,0.007135860755019596,0.0036772525059263206,0.0014416987831329386,0.00192398449220188,0.0003908416751663424,0.0011012155066532081,0.005395592208160327,-0.001450633214282293
2024-12-23,-0.048064818688328126,-0.046231281986742756,-0.05015500945240192,-0.041252489686992355,-0.03689183224811565,-0.030421710738410268,-0.033220361548457755,-0.03440976728854228,-0.028957573059499753,-0.029296197197127505
2024-12-24,0.020349306621586294,-0.0024014072883337123,0.0013133713888160425,0.0009554326179161965,0.00740381008605695,0.008047442654370407,0.010719408730243352,0.013526436738386494,0.014946053014313065,0.009249112219655187
2024-12-25,-0.03234716575030716,-0.02051723471250555,-0.023199973147598807,-0.021959505129615198,-0.017080579157804254,-0.01577873474293423,-0.019128702675150655,-0.014379845486053866,-0.013432908066868032,-0.007356313186170915
2024-12-26,0.005901760447571958,-0.03087392194251748,0.008712108226868631,0.00832716212764173,0.002879680124080908,0.005217242307953507,-0.0002667181325261003,0.004539644269028198,0.002792510370700718,0.009764017932185176
2024-12-27,0.0033970825082065836,0.012447399511128943,0.016457867687265315,0.009910437158121788,0.012848989082869577,0.012444733115984041,0.013566608694609794,0.013681110669660601,0.011605306774768787,0.014924739498273887
2024-12-30,-0.020742517377386416,-0.006214497783935458,-0.007284110855877435,-0.011170648141707429,-0.008404341991248843,-0.008919997745169272,-0.011999353854831862,-0.00847555452123483,-0.014523469942448242,-0.0027018190168359713
2024-12-31,-0.013454834036485064,0.0033750423573775112,-0.013642511814614622,-0.008093370137079337,-0.010290545776741378,-0.0127278665160111,-0.01413946205349792,-0.011568019169490462,-0.015527781191818302,-0.008040999161472606
2025-01-02,0.012402274158153315,-0.00627721028386663,-0.01249569341055079,-0.007583592555112317,-0.009457835441157303,-0.01030541729697343,-0.007884765049383957,-0.010993405271077616,-0.012528109462509707,-0.0038951295307797507
2025-01-03,-0.030990723859927516,-0.012619614089719788,-0.02521193393158594,-0.019247263609948106,-0.024546909097749814,-0.017905536501681363,-0.013553935384034488,-0.022648246886305956,-0.028233612709783973,-0.02001864440499823
2025-01-06,0.002531559100239278,-0.009267474710129231,-0.0026242980452445552,-0.0013294444958182883,-0.004979146495833753,0.0011714197752421551,-0.0037090629847316148,-0.0051320753560472054,-0.008060375366856332,-0.016677035710103594
2025-01-07,0.017894103459352717,0.0014166246069431399,0.008009392616092681,0.008383308733306505,0.004698576518093578,0.005014219803894271,0.006042067058994904,0.006786787253406201,0.007309344400033169,0.0018103106580555917
2025-01-08,-0.009247118713037406,-0.010240623727815867,-0.005254721724221811,-0.0011011114401855426,-0.0015960023927095168,-0.003893016315831166,0.0008467730730639111,-0.0007724788255626391,-0.003917442426591866,0.016191956130739094
2025-01-09,-0.0023105016401577805,-0.0026202007968396668,0.0030144091383401683,-0.0002653502597504964,-0.003171073005749925,-0.003985838957674903,-0.002379501336486567,-0.005187843346304399,-0.005669058146171468,-0.004491455406999911
2025-01-10,-0.021740511737443735,-0.014461432100973726,-0.013822895320493855,-0.014705731311130399,-0.017498590032981376,-0.01664907014964634,-0.015555773792835459,-0.01133260168779937,-0.01401206125860821,-0.026903503268573048
2025-01-13,0.006916995482885158,0.006790283508845141,0.0059542239154606325,-0.0008040450176209912,0.0017660677811144332,0.0013133804452383213,-0.0032219550952992115,0.0012074088411095918,-0.003251401997233505,-0.005862629309629108
2025-01-14,0.029125682654838725,0.027733666652170808,0.020302273261148418,0.018643856674182224,0.02124105426249412,0.020599261860909213,0.01984941972892207,0.022514173141636062,0.028206686414518956,0.03165065065213146
2025-01-15,0.002341610978695563,-0.006036593777760668,-0.0007897271407170114,-0.0018939705958987973,-0.00041749072341623616,-0.002617646492083403,-0.002963015728830176,0.0013795802532650114,0.002707864425285811,-0.002677586937493981
2025-01-16,0.004786811774819988,-0.0033745628271709682,0.005622316940939065,0.004737188456655161,0.005323529761380952,0.005411874702777597,0.006782664029421959,0.009110970692133957,0.0074596702878453325,0.012177030418816237
2025-01-17,-0.006430486242328559,-0.004495118482582772,0.0020325344096538966,-0.0008113089658237094,-0.0026123902134953525,-0.0011162479087502009,-0.0008338879400286991,-0.005321702090070546,-0.0035069060831077747,-0.007011178176110744
2025-01-20,0.010982957870224297,0.006179913387727387,0.002636679467177938,0.004618598363100412,0.0031698560888719918,0.0035408688590226056,0.0037171000757683093,0.0028417885222187245,0.0040957731818782595,0.011317855381780095
2025-01-21,-0.00850817727841624,-0.01163236273052759,-0.0077326693732784335,-0.004602773595582588,-0.003559195649114333,-0.00135486275022223,-0.0033502652149755008,-0.005316648200559659,-0.0070110172092547884,0.004182025161425296
2025-01-22,-0.007414633571462548,-0.010751851582343153,-0.006512859163036677,-0.006657045776988557,-0.008732895213801717,-0.006838231157886621,-0.005937083974803081,-0.010263784866064163,-0.008482703762646926,-0.0114511502145892
2025-01-23,-0.0010862908315615316,-0.0025787412065091386,-0.003271679730204813,-0.0003907374837630595,-0.00017888801679566413,0.0012346288945483952,0.003405894663050635,0.0033458759966054075,0.002288424122659727,0.008932082999490998
2025-01-24,0.011272329379914403,0.007128471412674475,0.00592781324643199,0.00523274920061767,0.0024101343307274536,0.0030171685483233457,0.006362483522688311,0.005383343498560178,0.005784758805439161,0.0029341123969692795
2025-01-27,-0.00024316460447626476,-0.000700857444726144,-0.0013557166585314029,-7.3278493241124565e-06,0.0001858424774405787,0.001511547342424091,0.000955820701794341,-0.002352289616515013,-0.002043674295242437,-0.009900471784055287
2025-02-05,0.03275087324862258,-0.004053419985867723,0.012353259830400587,0.002347295038232833,-0.0011080786218206073,0.0006557538766087667,-0.0045012620082584,-0.0024478900298547934,0.0033654692626379212,-0.009104741266579786
2025-02-06,0.010507851679973923,0.019125455202428476,0.005588974534304736,0.005868601618954639,0.007030817869779327,0.007916630769386312,0.005174355678281062,0.00746988851002639,0.01566082206574504,0.0025739485686795405
2025-02-07,-0.0014268143483682216,0.006718317143556973,0.017847300220168005,0.012011417909450595,0.009298775640712797,0.0089075767880058,0.011448905268987897,0.008386956212618202,0.010194762627503628,0.005990025123004061
2025-02-10,0.008842700331437525,0.021789769872993192,0.012733786693438498,0.010161112149045026,0.008795947981976138,0.00845398207389425,0.009163235787281065,0.00850277324631521,0.013996100730556238,0.013613463211084476
2025-02-11,0.0007891888595159546,-0.0070042055437795625,0.0005264356259493397,0.0004678640505686449,-0.00484874784850875,-0.00012966934826863508,-0.0012924659203702449,0.0006133313427223452,0.00014878451617450494,-0.004540825814363991
2025-02-12,0.026153757005708433,0.0019716137289953473,0.006946585319622445,0.005774123656975272,0.0057850139998021355,0.0069672259982749285,0.009100335777060042,0.003818960466815513,0.01127675820424856,0.003979993590625064
2025-02-13,-0.015782974132769856,0.004991113424047233,-0.00968743075685563,0.0022476634711077192,-0.001302189339779991,0.001767272921443075,0.0007501625585499827,-0.0007894511445177832,-0.0033921971818253738,-0.0015816597639390917
2025-02-14,-0.0021683509116791067,0.004714862790375474,0.0018029843628197817,-0.0034489746119277243,-0.006089223600903471,-0.005200525225817043,-0.0050929311899978735,-0.0051783844241265475,0.004439227270183199,-0.010291722969697159
2025-02-17,0.01292836295759292,0.01094995879839944,0.004241943903676493,0.010070864002946989,0.007894942465715094,0.003031589832177106,0.0020980830505885617,0.004789236426782528,0.008861363491441177,0.008121071394810775
2025-02-18,-0.024064310333935746,-0.004953978809214776,-0.01998869683906357,-0.014981712035762484,-0.013945295406947888,-0.014723909383567824,-0.012059095405953624,-0.014100696370521915,-0.016144847753647773,-0.020153997310965677
2025-02-19,-0.0016863876312779302,0.009317951130972002,0.007823611377874462,0.0062772482830104614,0.004951323773458416,0.007329666347304142,0.0062315370360175315,0.005072957299636194,0.006063831325460178,0.008111773676878764
2025-02-20,0.007038932208129678,0.012527074305884955,0.004569608516016066,0.0011304226462498512,0.002528104602973702,0.0013308027874163741,-0.0006931510161112264,0.004273468800610747,-0.00038309195956920394,0.008406265767927579
2025-02-21,0.004177374817941892,0.004671357192061132,0.004824104880867264,0.005046876682977874,0.0007538301707188388,0.0019475335898260226,0.0016632040609507737,0.00037708051979601365,0.0023258232132619128,-0.005641894890844545
2025-02-24,0.00042874700481809747,0.00948549836016932,0.004849349106853751,0.0047747249759155785,0.006624460199372795,0.008593594265052129,0.006785797252238268,0.004648433236108751,0.00012522799123626527,0.0023006729527530467
2025-02-25,-0.003095269597255146,0.005499895451021031,-0.0059259401072288,-0.0006732798765975989,-0.00383007329667584,-0.0046925325943451,-0.005335912309503477,-0.0062292517803099745,-0.00656453601805318,-0.004076330032628972
2025-02-26,0.011798293352356382,0.01789435000290185,0.011167650710720789,0.0151239307294595,0.01172937629920523,0.009695000940663556,0.011372563461080842,0.009991793631681123,0.008199156928846651,0.009321847523158011
2025-02-27,0.0003965676048243161,-0.016842009098452793,-0.0032523935930303116,0.0033849968553247844,-0.00036462013250204706,0.001780581895551192,-0.0009963800271887147,0.000653121035218085,-0.0013665934916707867,0.007638948241600385
2025-02-28,-0.01656736818235871,-0.01906470922716763,-0.01415630507917398,-0.008539721137973633,-0.010869866112157456,-0.009539814347881426,-0.01259853240364095,-0.012280152525987242,-0.01585127722667301,-0.012465952760569388
2025-03-03,0.02362156219969158,0.008494972587362648,0.0005368339206954786,-0.008807284612165067,0.0024645456359289053,0.002487996739222842,-0.0005104538414379967,0.002307620101269947,-0.0022200483253338454,0.0018999973788935698
2025-03-04,0.003663572710832952,-0.0008195822678782605,0.004347604060104038,0.007187758341171913,0.002844935151199879,-0.00036415435726089296,0.002242943223639271,0.004497946711569112,0.006659530461750718,0.0002131210726756816
2025-03-05,-0.0005422105318849679,0.000846532850792947,-0.0024190121116011154,0.0004916822168259394,-0.0024719820837798556,-0.0029093635948722607,-0.0005507644719194849,0.0002483145784049068,-0.0019600378830532117,0.002552192121530794
2025-03-06,0.05138381406489789,0.010366577297641788,0.01134439415957833,0.007106398925603941,0.008993991264957701,0.01006685707289412,0.008758161445709067,0.007850670431529538,0.01261193196477306,0.007582913987098205
2025-03-07,0.01761663598704133,0.008288051496056381,-0.0005504294852723968,-0.00342227271669715,-0.002357152261453721,-0.0023658980714245104,-0.0027738650185481495,-0.005881518363109239,-0.005946351159417551,-0.006659239370079728
2025-03-10,0.03027377237035256,0.01721232081983648,-0.0024746996588487224,0.004779974176046586,0.0026782756086356496,0.001310750756594592,0.0023596091471489444,0.002592229411869873,-0.004497836150253787,0.001120520425969218
2025-03-11,0.0024430435481339607,0.015735377787520877,0.0028496815931480235,0.007839094166922855,0.004394238012833229,0.0027715606109688373,0.0017892709121509753,0.004799462594047066,0.006236037109058845,0.0034518698853320817
2025-03-12,0.018172384172787437,0.015485180012084765,0.007561218774032374,0.0038393210652076792,0.002851555703691222,0.0012490078549849404,0.0018762571638653025,0.002707153027957876,0.005139782078424027,0.005386251516690921
2025-03-13,-0.026061150397083677,0.01340423574644145,-0.006001653151063713,0.0019063741799043576,-0.004047639808790082,-0.0034505614273450114,-0.004405437761845321,-0.001732474697288655,-0.007125939639713308,-0.004135781554439832
2025-03-14,0.029008670395196612,-0.008640106785269053,0.004070013202315259,0.002532301252656355,0.008902619638537557,0.010860467138475993,0.008732873272582431,0.010847860323231373,0.013098278114935136,0.013225915123840082
2025-03-17,0.007017947619365472,0.0022775876248271043,0.002432262861606471,-0.0023270270046158448,0.00015003597835772098,0.003946051056266331,0.004694522825031466,0.007131494527135462,0.0019280639067105199,-0.003378909450292511
2025-03-18,0.026913601943117982,-0.007500459054826658,0.0039696807859364025,-0.00046573300153041064,-0.0015561067056192313,0.0012983147040570575,0.0021461558477877674,0.0022860413640470867,0.0025395561655041643,-0.0017676234295230797
2025-03-19,-0.022048867644730685,-0.001856705941877701,-0.002337675434282316,-0.0007933790943452923,-0.003290248885906899,-0.00481777396995009,-0.0025976476809072002,-0.005151149718776393,-0.002424100498872095,-0.0030288293497351404
2025-03-20,-0.012447601421410548,-0.017287121966944596,-0.002273224747353586,0.0024258784080259943,0.0011826241336225785,0.0018016418578197246,-0.00011311203059027886,0.003242948941323931,0.002905956671792831,-0.0012755540433900814
2025-03-21,-0.008131819543681917,-0.015426344847918605,-0.005651163294801531,-0.008066066002758498,-0.005341747284460685,-0.006377944310783645,-0.005527018446293885,-0.004344844087996735,-0.007764466349853394,-0.0057739384845836295
2025-03-24,0.02361525478533788,-0.014279994391102613,-0.015745681874291817,-0.013232245144581989,-0.007461205946409755,-0.008125232561156936,-0.006344253001435152,-0.007291240217147998,-0.006791880819243756,-0.00870976580275773
2025-03-25,0.01071323160448645,-0.004936904684589072,-0.001415472497928949,-0.002640987453623178,0.002451223424071891,0.0008459291776634625,0.0009255659616631551,0.000351952835690561,0.0009190526504696539,-0.0019158859412664597
2025-03-26,0.012613335564269912,0.008185261487937634,0.005637908942216274,0.005374863637837013,0.0041309687202457646,0.004248540269138568,0.0027225669631423255,0.006797307938322117,0.00870089562284515,0.00485074894203108
2025-03-27,-0.012867562867849736,-0.008826011816568058,-0.0037652947973930706,-0.00510200681045192,-0.0019620582567468903,-0.005740759298240583,-0.005144491665143303,-0.0018188348511959385,-0.008712895558663725,-0.004666063445363133
2025-03-28,-0.008924653224455237,-0.009917618107652681,-0.006545073512219779,-0.006505637275218357,-0.009716159600461127,-0.007201572670902157,-0.008489610513694679,-0.007436063540347981,-0.009983128487310422,-0.009675392533495364
2025-03-31,0.045443959929362565,-0.006753734361373165,-0.006748458495877241,-0.006094848933958508,-0.010997007954484772,-0.008914084469646366,-0.00815426814501452,-0.005973392284934986,-0.008840483711626934,-0.006023978712479394
2025-04-01,0.021184630945610072,-0.0008056151857930294,0.006086394090989211,0.005964773748944996,0.006130558198118363,0.006443028268175555,0.004391599812186842,0.005742747871532394,0.010518033196775356,0.0058199219799566215
2025-04-02,0.029074750910214275,-0.00017507068475719478,0.0015570932092690004,0.0010160081741772409,-0.0016203242403307616,-0.0016813373864593695,0.0004087639029517476,-0.0009913335655662436,-0.0003504444062234491,-0.00014460035761054701
2025-04-03,-0.009482984320287935,0.004412694225332636,0.0011858066336254414,0.002039181014943159,0.001974997707906878,0.004263455283040285,2.462218321297449e-05,0.00016923269418822606,0.003661621183256747,0.011341119058812854
2025-04-07,-0.105303185519245,-0.06985312220942874,-0.05836280410897576,-0.04918048087198834,-0.05908658370197539,-0.06213444654182876,-0.05914945514897629,-0.060456417793129824,-0.06941149944714764,-0.057496648619511204
2025-04-08,-0.014535754623425934,0.00019718640304722257,-0.0066188302620984185,-0.0040432672966730365,0.00021524099258485307,0.004964347124331692,0.00020980871452258576,0.002005639352842925,0.004570103933906555,0.015342364742011005
2025-04-09,0.019280568719725943,0.0025645866100849624,0.016039873148024908,0.012117480003021486,0.014075450344369855,0.011412189457191246,0.012476481350067736,0.014877329843286713,0.022118228863589717,0.021580840226498754
2025-04-10,0.0689584183570997,0.020686555873903778,0.009113648601184465,0.012430778157107136,0.014073354016386874,0.01298868709407186,0.012179973111976938,0.017847221295043347,0.013826150225279221,0.018091452108801587
2025-04-11,-0.009821813892558984,0.009617188676067645,0.0016956971929540376,0.00035142800516663186,-0.0004923079278387199,-0.0016713894882336433,-0.0006428132257902952,0.00473633186484701,0.00021160850960022515,-0.0064404922392697905
2025-04-14,0.015248221498050274,0.015949493955025984,0.012110947200793198,0.010983457760034954,0.01148422195347254,0.009914745883291998,0.008137524201957236,0.009787234483393137,0.013867148708287758,0.01271334378925637
2025-04-15,0.0065643892416271665,0.005840674142760349,-0.0021366968901020966,-0.003941101779549427,-0.0022289022539042636,0.0004504907454181417,-0.0013502068303758996,-0.003070639229788674,0.0003454566942959758,-0.0075628827424354395
2025-04-16,-0.03901882801905654,-0.004383884988455544,-0.0035101150851089002,-0.008663089265945723,-0.0038907062135856707,-0.0052169720801346076,-0.0039211778256413865,0.0020008423051240953,-0.004008808892995486,-0.0018508211521846007
2025-04-17,0.017147018274290105,0.006839317863839733,0.01099778261554496,0.003046420020015539,0.004549502514472836,0.005087328398363233,0.005832155224350766,0.001619344788455157,0.005505122061272294,0.00521866555293915
2025-04-18,0.00549467811694937,0.004166473288887751,-0.00235974808741668,0.002394771985723798,0.0021638246888648904,0.0034101525976353297,0.0033072086037742032,-0.004486713769686457,-0.0017251580339731065,-0.003006530521888484
2025-04-21,0.018356242004668122,0.021360333372781204,0.0060320060398035835,0.00562636189679222,0.006344281132190321,0.006920314550812989,0.00596956356641587,0.005584825543249794,0.005959188571541096,0.002443744159579486
2025-04-22,-0.02522538330607038,0.005464326189766222,0.00175991102560058,0.002845737186895514,0.005656407228346483,0.005463041966186077,0.0038622641312071604,0.006359878440904021,0.005281444279016112,0.00439434313481879
2025-04-23,0.007759782545854632,0.0034763326769691183,-0.0010970811621716647,0.00012485248512095204,-0.002150341963244151,-0.001983454203793089,-0.0008546731673311214,-0.001938130403467353,-0.003289922955195812,-0.010494392750966752
2025-04-24,-0.003899980908693812,0.003449909424291908,-0.00189271407483238,-0.001619491854426225,0.0011643499880475972,0.002241950121255165,-4.8857571008475986e-05,-0.003406823985506069,-0.007006994903212993,-0.0006068939091024017
2025-04-25,0.035182148362074006,0.013374065864479423,0.002262346324370279,0.002235364411521612,0.004336626837450508,0.004886470352916117,0.004625169271587071,0.0021619575079496745,0.0053068602710746315,0.0024912573945847782
2025-04-28,-0.025989713267031034,-0.011586917758092619,-0.008067122744382593,-0.005759112723332627,-0.014019120449494493,-0.00972276262019156,-0.007764878733717673,-0.010169174849236073,-0.008265518916588777,-0.012093332144876956
2025-04-29,0.015496958105750691,0.011896321304430524,0.004412477485184807,0.0004587756035880908,0.003861692639546943,0.0014009351033281714,0.002402636012292403,0.0017363290069660753,-0.002992205243759982,-0.0011045183647853118
2025-04-30,0.021209417154118393,0.00646638166788005,0.005457234020939783,0.0013672314285333442,0.00272909107423569,7.0326354433269955e-06,-6.163864903785399e-05,-0.0012167583327074016,-0.001322407629262945,-0.0033234525394617576
2025-05-06,0.03055275337200758,0.018825638406338996,0.018750480619936782,0.010596928383150184,0.012065012803555764,0.011022875830464685,0.011390284228812497,0.012051205704014523,0.01595036118842974,0.014443532129185366
2025-05-07,-0.0028656163198438334,0.013732311362176786,0.011349684377033764,0.0041523975740447305,0.006234977662406216,0.005036041762976673,0.0068605071000151785,0.0059665369420760506,0.007322104434986487,0.005075350685847635
2025-05-08,0.0,-0.0013732082807010474,-0.002997772839814855,-0.0025515015093817775,0.00033428143643130133,-0.0026762623237746473,0.0006809321343520689,-0.001478467258451098,-0.0027819394411231985,-0.006170741587045718
2025-05-09,0.0,-0.002968006700608483,-0.003997399543627211,-0.004698515849646201,-0.0031076555444741194,-0.0011378463426899854,-0.004049823945685649,-0.0010546800259697564,-0.004059201647024557,-0.0045104499047095015
2025-05-12,0.0,0.0035915904085450645,0.0025945252025638688,0.004071554721268189,0.004337153877616906,0.004560583684458219,0.0034896227477301256,0.002068065059260382,0.004872530596209623,0.0038191985576767618
2025-05-13,0.0,-0.001634331633852959,0.0051104296335544586,0.0015576285729681505,0.0010037658675876582,0.0024479310118963316,-0.00024239539483983386,0.002246377656417886,0.0017593641837432283,0.0016134831476120048
2025-05-14,0.0,-0.0007215191231814133,0.003864665957409752,0.0032131687125238617,0.0020917440945174004,0.00420077390520035,0.002561179390575319,0.004489220397011051,0.003227304544043852,0.007218337563030808
2025-05-15,0.0,-0.0007757234568829263,0.001971916963034781,-0.003342478359851908,-0.004632709145241498,-0.0022631397396015718,-0.003021146771966632,-0.0026161235511308334,-0.001658741698040922,-0.0034939434337282194
2025-05-16,0.0,-0.0015298087362796142,0.0012287136526494269,0.0005330464837418614,-0.00027217424580239236,-0.0010032857198196687,-0.0011271664792893432,-0.0005057078643554425,-0.003824843722128657,-0.003360338099490212
2025-05-19,0.0,0.008725020659308802,0.006961445823013612,0.009995235302572514,0.007796095345322662,0.0066821843784274915,0.009377163383720744,0.0067343599228812945,0.012508292838357082,0.004325731328717053
2025-05-20,0.0,0.003950752226923537,-0.00017668730566733348,0.0029578482184347,0.0028644807272528716,-0.0002728249122977422,0.0030467357202925704,0.0013911998530566905,0.0021916495083695864,0.003096162479887088
2025-05-21,0.0,-0.0007632111769886318,-0.0010456276451943358,-0.0018110314321614362,0.0018550120935423298,0.00042043553196347005,0.0009661119664117201,0.0008537140563302792,3.032024746585371e-05,0.005171921466888163
2025-05-22,0.0,-0.004100411236655832,-0.004598877151049674,-0.007023608106293766,-0.00856207472594539,-0.006108725625996514,-0.008955229893051975,-0.007864345916410498,-0.011869730610087892,-0.0064217157466094354
2025-05-23,0.0,-0.005363284584723349,-0.00908028999757704,-0.007266780696540076,-0.006707839140934868,-0.009193335596566987,-0.006483862419510822,-0.007754231574627624,-0.009754571261082368,-0.006237725257746463
2025-05-26,0.0,0.007200154225421418,0.005444920339527037,0.002159441959180386,0.0027106844642967864,0.0029623071607802753,0.0023025721267524446,0.002560708887243912,0.003918747355328156,0.0036966870903205606
2025-05-27,0.0,-3.0744114899117214e-05,0.0023559941019992703,0.0033736893948355107,0.003079591446530916,0.002694223124875883,0.0014111859557641715,0.0028849595679625306,0.002020983098991458,-0.000996900358919972
2025-05-28,0.0,-0.002014442187880605,-0.004173914453145744,-0.00173425274391803,0.0018245260163187726,0.0004319863474004926,-0.00059889284334258,0.0004962858773718271,-0.0004676386889167494,0.0012906697732859573
2025-05-29,0.0,0.0021647929358059592,0.0055307991906101694,0.007518528910656519,0.007783956332422459,0.004159623227400822,0.005822215361569016,0.006015464348661181,0.0077798276091496366,0.0042770031589487445
2025-05-30,0.0,-0.003912144623018365,-0.005333435883806192,-0.0036977632574974884,-0.0037206350657018605,-0.004117046279549341,-0.005439083881410567,-0.0036636839610557637,-0.00654324570735898,-2.4725699794281297e-05
2025-06-03,0.0,-0.0005502084210786684,0.0009024573858402718,0.00033859591752971596,-0.0005931773728189427,0.0013865535412564967,0.001092718204359855,0.0032953361606080644,0.0034459853769284177,0.0008270806296488686
2025-06-04,0.0,0.007126799021279551,0.008181368202237804,0.006200860218999793,0.004537117839220617,0.00605387281365366,0.005874954716501346,0.005035476500700353,0.006617549607181417,0.0037063814161075737
2025-06-05,0.0,-0.0020008342022824754,-9.388957919653773e-05,-0.0015760731532784567,-0.0005635682612726844,-0.003358875030488817,-0.001937974315983193,-0.003237348206809876,-0.0020239463684922354,-0.004800422101914115
2025-06-06,0.0,0.004545401303409857,0.006677216300976729,0.004273068869709018,0.0021670362710797253,0.0035051220156552265,0.0034031548746196183,2.0809954380807127e-05,0.0036882084262563897,0.002782276183863841
2025-06-09,0.0,0.0012542513920419385,0.0031575925907647573,0.004154502673659799,0.00216375488109688,0.0034281377937865898,0.004339031621953593,0.0036854280860367794,0.00406710614748973,0.0014484007090345141
2025-06-10,0.0,-0.0030724639638594065,-0.0040168280370401765,-0.005609337386124014,-0.005115859096508912,-0.001686236321888468,-0.0023046747451409555,-0.0016271183822272883,-0.00033001058000026173,-0.0026953176521971045
2025-06-11,0.0,0.002022019379162243,0.0048031739790117545,0.003935046027977673,0.002831326000593215,0.0032366631841478366,0.0025385340580879046,0.003473251205348138,0.00018509841573166597,0.007468061437552853
2025-06-12,0.0,-0.001252001869464725,-0.0026910582902276436,0.0003522045572703636,-0.000752456349253916,-0.0005564662912266316,-0.0002912722300363324,-0.0015389741341624852,-0.0009245040593075515,-0.0013162810434406147
2025-06-13,0.0,-0.004973716976765186,-0.010371800532907649,-0.009308415398934233,-0.009988012282696301,-0.005495115693400887,-0.009199303469817899,-0.00720966090763453,-0.009864146605375934,-0.004877281656044619
2025-06-16,0.0,0.00118834562618364,0.003768720360968869,0.004969894687840926,0.002373902808947115,0.0018915231553653378,0.0018834572051869003,0.0009577030638223683,0.0016441294504201398,1.8058454740232932e-05
2025-06-17,0.0,0.002662607695950392,0.0005516933812979019,0.0021016229631980465,0.003207920540675868,0.0013698219961999492,0.0007101446029549319,0.0031173290570321033,0.0032048303820693125,0.0005135162092624324
2025-06-18,0.0,-0.0031693725804017303,-0.00667176270886094,-0.0074288107047297824,-0.002372665164508847,-0.007253551497995114,-0.006707050475063259,-0.006263386855087982,-0.007895863603869069,-0.006245708891980617
2025-06-19,0.0,-0.004311088900514015,-0.009185186346724938,-0.013584606281773715,-0.00738219702935905,-0.010241815523325593,-0.009354888437069775,-0.010160837688909408,-0.01423455662322659,-0.010069351250401315
2025-06-20,0.0,0.0028778090971792736,-0.0007922062636553928,-0.004269482278549952,-4.392603257075134e-05,-0.001751223137829494,-0.0013478875129739887,-0.0001490644463760793,-0.0005261650469158274,0.0006946249888182265
2025-06-23,0.0,0.005831300281202045,0.006896020430493532,0.00672467509302388,0.005635563164450463,0.006768353770589153,0.004688047896091341,0.006587370231201151,0.005577865488890721,0.0034994582400056373
2025-06-24,0.0,0.005212528019993279,0.008655134630566108,0.010133471637228553,0.01115042594656912,0.005867074352392532,0.008228830800282916,0.004207728420166479,0.011610214127733665,0.007085402654868567
2025-06-25,0.0,0.0014853220217070362,0.002451411686055449,0.005384604252127501,0.006997100599956507,0.0035050912805323353,0.0053805853647936885,0.004233189975612284,0.006338382545118648,0.0020901841298817114
2025-06-26,0.0,-0.0020641677575964357,-0.007836417758601222,-0.0003879081538021856,-0.0010668561172696434,-0.0019012851584484514,-0.0009755558235229334,0.0008661867588153349,-0.0045321769305662896,0.0007486893286792196
2025-06-27,0.0,0.0025299045630133854,0.0025344424329547532,0.006178044391885962,0.005234816674131393,0.0022969099992791175,0.002222205853285475,0.0004434950557028472,0.003378439331287675,0.004519545360763155
2025-06-30,0.0,-0.001126639283594466,0.003560318411151453,0.003061410800406117,0.0028234329788356938,0.0032034879130944383,0.002096800763531581,0.001500742924256615,0.0004784158723254439,0.0037434148970347803
2025-07-01,0.0,0.007555763371023261,0.001750122232526241,0.004402880216468175,0.0005699611282798944,0.001175438015013519,0.004081313357592542,0.006722465518672838,0.0028615588981311113,0.004377804893685999
2025-07-02,0.0,0.005036935104518303,0.009804480844358032,0.005337041354375627,0.002482792911361331,0.00476050744764378,0.006550182153579165,0.005252943004063981,0.005546057861610887,0.0006049915885584234
2025-07-03,0.0,0.0005569650764689626,0.0005892745351592232,-0.0009577241030895856,0.0016744514470747873,0.0023420846775881188,0.0025084454861872274,0.0011928543868813257,0.00559755538564799,0.0022971534779765435
2025-07-04,0.0,0.009019082642151899,-0.001561973799313443,-0.004539367860362353,-0.0028601313041723975,-0.0011536279086363788,-0.0015810527356648896,-0.0030187068246726456,-0.004705384430930604,0.001114054277731702
2025-07-07,0.0,-0.004159333572794743,0.0026110790218838442,0.0056639802116440485,0.004346743485540205,0.008727264089807951,0.0035356501668108997,0.0022880220784040617,0.006308147090209326,0.0034260969361934457
2025-07-08,0.0,0.003563922284264276,0.009641103995671196,0.009165699392561955,0.006550880642743229,0.007063446723256428,0.005474538782779037,0.0034587414684914553,0.00578039171785627,0.0032713184135284568
2025-07-09,0.0,0.0030534039238307997,0.0012094272628158098,0.0014469867305317852,0.00013659423310175,0.002388864388266798,0.0009712118734919173,-0.0009842295267160628,-0.00015947415155892486,-0.0020405007849002565
2025-07-10,0.0,0.0012531931242478755,0.015306177536905663,0.00881749151141098,0.007422807308898216,0.010458226011713867,0.005045147930575311,0.002630256425281585,0.008832580717728522,0.00584855861585587
2025-07-11,0.0,0.002893650597692199,0.0034611593115889683,0.001481652478779516,-0.0006883198963065773,0.0012549582302507911,0.0006191900647871673,0.001715222432551844,0.0032148756898859876,0.0025580595496605962
2025-07-14,0.0,-0.0005721707472756687,0.00299429738067003,-0.003102020502693592,0.00014895798523717474,0.001495751715593574,0.0016365620345781817,0.002788038924051106,-0.0005658553450618165,-0.00011387328073964031
2025-07-15,0.0,-0.01029009816596227,-0.011169738970836285,-0.010702106419792634,-0.006471127835640411,-0.009214338004569944,-0.00775568042242869,-0.008451737520826286,-0.006012996266959281,-0.01115946353328412
2025-07-16,0.0,-0.001059167944058359,-0.006182304250869408,-0.001364928251925801,0.002077284356615028,-1.0822690138856395e-05,0.000621041100689057,0.00020725933137133445,0.0035638188884967725,0.00159334674632583
2025-07-17,0.0,0.006392484741728044,0.0019994723118244018,0.002774465408753146,0.004112468169445549,0.0007961385936294807,0.0032416857413446465,0.000617611007930341,0.0030256859157993254,-0.0001501352170864001
2025-07-18,0.0,0.0007370777708595178,0.0010053611908820148,0.004835095725919558,0.002022130308452441,0.00272812525521271,0.00325668910415966,0.0028548000597865553,-0.00012445021634266418,0.00337537963781509
2025-07-21,0.0,0.011698319456601824,0.010574643311914489,0.017053932576702957,0.017163119796599347,0.013413695875679643,0.01389899342112244,0.012068546081787312,0.013551061201083625,0.011308438436705703
2025-07-22,0.0,0.007434027687847289,0.011016029494223867,0.01225701379214561,0.013983378103574973,0.0101128569536455,0.00945586240386831,0.009559466222378354,0.004034647341667474,0.01062580902007837
2025-07-23,0.0,-0.003670975606758775,-0.0012375407213431888,-0.007059613809631715,-0.0059623461235904784,-0.0060929758954650914,-0.002520195987367191,-0.006107732398874299,-0.006968559322892864,-0.00609913695552744
2025-07-24,0.0,0.007530909227219107,0.0033268402317980783,0.009572488318868588,0.010035732413358867,0.007890089157519542,0.009633217746404688,0.007283206802301656,0.00859802131630194,0.009254844425927056
2025-07-25,0.0,-0.0037790954667086263,-0.0018435624598792666,-0.0034369061887431496,-0.0056226244351396115,-0.005818823476261947,-0.004568991619671281,-0.003130267694811617,-0.002884612352978433,-0.005326341180425631
2025-07-28,0.0,0.0004711308678393422,-0.007019726904806123,-0.003857299272284731,-0.002734370421812682,-0.0029837752028589737,-0.004272903817879814,-0.004249335400211773,-0.0034207686315824715,-0.0038112596159216583
2025-07-29,0.0,0.0009655263289003457,0.004282744768894009,0.0047279713056858075,0.0013304480919673622,0.00042535080593997243,-0.0023786184839004187,-0.0007921406943971476,-0.003056648055770994,-1.1247546599757463e-05
2025-07-30,0.0,0.0026818664856826935,-0.0011810880018764403,-6.580760551999632e-05,-0.004828214875167713,-0.00011150460264108819,-0.0010731365974491203,0.0021125536828277003,0.0010960213134680874,0.0055515805893890935
2025-07-31,0.0,-0.009321199270739378,-0.015323163197214607,-0.011256148701625723,-0.012404597336091894,-0.01454401677106898,-0.014591539916551821,-0.011335711293015471,-0.01741436254030948,-0.018171979532220495
2025-08-01,0.0,0.0025894844210716528,0.004414978384861268,0.0033537091990707424,0.0032516579996779704,-2.743578203157071e-05,0.0010123312092598091,0.001836899302492867,0.004503690111988368,0.002355054374168608
2025-08-04,0.0,0.0009964501418628924,-0.0005342225014918212,0.00037386452403165293,0.0023113059482138265,0.004206835164092038,0.0035688337139943016,0.0016048756502187178,0.0018960227407192054,0.0033359765725542445
2025-08-05,0.0,0.00501894398937508,0.009776033982336285,0.00511495006276208,0.005503198902669926,0.005731835810630859,0.004982496644630796,0.005049684933126075,0.008495927057258434,0.007268486738227109
2025-08-06,0.0,0.005431157504408146,0.003075322549366488,0.0003859639446950336,0.003220675360274816,0.004620696711030936,0.0017744114096025498,0.0015673410583736391,-0.00045644598392902136,0.00017077163997325506
2025-08-07,0.0,-0.005266947869340233,-0.0008247595619669257,-0.0023030762973759167,0.0007467621166763472,0.0020877540705623865,-0.0014729323009281536,0.0024510950383291874,0.0009469928560712493,-0.0009700530900481619
2025-08-08,0.0,0.0028585224040256207,0.0022839373222800496,0.006733421063597644,0.006000104944660523,0.006087157435856527,0.005057950580262149,0.0033819357036268816,0.00461465308406428,0.004702795548378491
2025-08-11,0.0,0.003322829728225285,0.005660840227847963,0.004979918186218013,0.007571757226642717,0.005159330673186968,0.0038332403887368915,0.0029614021955766123,0.0033103388127824207,0.004136958019872905
2025-08-12,0.0,-0.0041347655823882334,-0.0025987539458479647,0.002025871750703123,0.002621549821924196,0.00022706524311155718,0.0034043835004846645,0.001325337371313351,-0.0020338378646604927,-0.0005354322886975682
2025-08-13,0.0,0.0028566591376328887,0.00041372891234603415,-0.0019336789882683503,0.0007657369993112617,-0.001161209204672553,0.0027108567686724427,0.0020448871936404878,0.0030545077966170897,0.005430454047980371
2025-08-14,0.0,-0.015228617212153406,-0.012631980363598139,-0.010967680736407082,-0.009486787629630067,-0.01080249544856704,-0.008186876101596074,-0.010834865118070192,-0.011298254195793112,-0.007612442165095157
2025-08-15,0.0,0.0043637219991246035,0.009807807721984974,0.007704618170522037,0.01200644876517698,0.009338891335768595,0.009652140906367901,0.008984608065910393,0.006816027397517743,0.010187005466941734
2025-08-18,0.0,0.0026583087323541754,0.002613147666420401,0.0009154271925535529,0.004956856981900959,0.0007467130064400251,0.004221642993371466,0.0022870216664026,0.002419872969226411,-0.004659619182170505
2025-08-19,0.0,0.010074413634534096,0.00042524831591683743,0.006513709124912337,0.003664860929532443,0.0017224010766780928,0.0033426299341241528,0.001293248411622594,0.0038938597949393916,0.001456064649064448
2025-08-20,0.0,-0.0001459726305822473,0.0036560985733655738,0.006248648227636933,0.003462142738123175,0.0066584868546677445,0.004435589982885846,0.007435507083716875,0.007882200142745877,0.004339031082844169
2025-08-21,0.0,0.0018974197008645444,0.0001310353474959225,0.003681494321616352,-0.0009125082723472344,0.0025231477332536834,0.003932085867364599,0.002464429410192981,-0.0007544823601906003,0.005064371403187495
2025-08-22,0.0,-0.001918836571868976,0.0004869058211993682,-0.0009470227149563915,0.0032714748503441804,0.0011648665798105196,-7.387713951367836e-06,0.0019442540825211907,0.0013072913247447193,0.0014533009888100246
2025-08-25,0.0,0.002530299530489666,0.004948717749067466,0.01046068397179245,0.008159444592134468,0.007380700940152751,0.005864340303069371,0.005706463883210278,0.008909580562776576,0.012283350296147022
2025-08-26,0.0,0.0005420825386523997,6.767923855766078e-05,-0.00028058513529172213,0.00027049751185481696,0.0031317857527259907,0.0030193113277219297,0.002376387653018952,0.0007869965780862298,0.0032550908818800295
2025-08-27,0.0,-0.014999613659558708,-0.01408686037945417,-0.01670571887243244,-0.015553963696797957,-0.019212439570454598,-0.015534650398230099,-0.014829356670833849,-0.017100243444136187,-0.016584636986176404
2025-08-28,0.0,0.0010733650570362574,0.0033214808784274297,0.0020159538426045565,0.0015077381340611318,0.0012729957438923911,0.0028356550307480077,-0.0004259716180070594,0.0024252081227866817,0.005066413217786003
2025-08-29,0.0,-0.0059029437739500645,-0.003385075948461269,-0.0018155220372967351,0.0027270182454652847,-0.0016401586007795954,0.00023032641534559417,-0.0004516408822402562,0.0006038887963653039,-0.004819374861657066
2025-09-01,0.0,0.007104481151553266,0.008087625005628984,0.00519344748025885,0.006409337181730201,0.004641013289931273,0.006829764464519439,0.0050166273568712505,0.002416516037796468,0.0069273749440748045
2025-09-02,0.0,-0.005335866937011491,-0.0016553940668958544,-0.006029344519848712,-0.0087849978173834,-0.005370455941651309,-0.00350719966480717,-0.004217270233714654,-0.006540526041356798,-0.003117015360099673
2025-09-03,0.0,-0.007882060720390105,-0.005252339636306003,-0.00545900938476751,-0.008954791482142066,-0.01085399330478809,-0.008497039913395121,-0.007433029228577581,-0.011479379471764806,-0.010606498280203991
2025-09-04,0.0,-0.002691416709607264,-0.0001444264176128085,0.001275345002599293,-0.0015485904609454648,0.0005594037312353084,-0.0006153670188655536,0.00030678970275754835,-0.0011824039500947237,-0.009865910703066527
2025-09-05,0.0,0.004414422072136048,0.009901687420032834,0.013846950424895033,0.013568885504188666,0.00811285710608134,0.01004053217550771,0.00864746514437753,0.01102941693865156,0.007282078331042552
2025-09-08,0.0,0.0056435219045365415,0.007666692174991052,0.006627971934618504,0.00591319691215153,0.008093674489290992,0.007707883144381977,0.010112117128927567,0.007746811120975972,0.0038527604838836105
2025-09-09,0.0,-0.001827743186432973,-0.0033537657882193317,-0.0007241490685344631,-0.0007931298043704071,-0.0005069522204212973,0.0002564981197330507,0.000745476248940502,0.00029465432279152104,-0.0022045134439772074
2025-09-10,0.0,0.003895478994740964,-0.0023329264553343387,0.0021930522750031045,0.0014208531438555383,-0.0003811442935184317,-0.0004388058852812238,-0.0005662610321141015,0.0002353809293957898,-0.0002546184687144404
2025-09-11,0.0,0.007111527236537407,0.0012237046380021432,0.009213122482277791,0.008603046903159717,0.00387552955938375,0.006779048287256284,0.004797163926692605,0.007422572902164415,0.011022899485563453
2025-09-12,0.0,0.010053152643756169,0.004204667121691985,0.003805965252954513,0.002827449016020056,0.001379833374332451,0.004297470229760014,0.0024464630047054126,0.0019722315182557626,0.003367158633413858
2025-09-15,0.0,0.004721656117736783,-0.0005102152214793154,0.004800003536741482,0.0007035375581729841,-0.0009164027989323476,3.786974331898563e-05,0.0025787463150626078,-0.0005403953856925048,0.00019699920404070426
2025-09-16,0.0,0.006889628874785059,0.0013062228294757894,0.008766665606569912,0.00412256653796339,0.0032886770092692696,0.0050196697253070965,0.0018083538025637225,0.005225715120823482,-0.003201119511121564
2025-09-17,0.0,-5.677265164882872e-05,0.0026708081361142,0.003969131243457991,0.002184722456144428,0.00010533804322410134,0.00014196552567780074,0.0014030013111203665,0.003859694099624278,0.005182045260988755
2025-09-18,0.0,-0.003963710265960874,-0.012393999295586045,-0.010281736718921186,-0.006763345851771407,-0.011158721090053003,-0.010821798332694255,-0.010137583888274015,-0.01277159616686152,-0.018948814624446086
2025-09-19,0.0,-0.008191043139463061,-0.00038646934362951413,-0.00186014810201518,-0.0015794424098578563,0.0027280340858415464,-0.0017622547379446685,0.0016181935360732869,0.0027895696166582162,0.0031177548154526225
2025-09-22,0.0,-0.00573398339584652,-0.0038807525922246455,-0.003708313528651086,-0.005198067618634616,-0.006604244946399662,-0.006648291649279714,-0.00579914028560502,0.0034435080694585896,-0.003773177683670026
2025-09-23,0.0,-0.011314614733143658,-0.010114206571362527,-0.010332008628206046,-0.009704224752935864,-0.005545935513317279,-0.0075688940190123954,-0.003157652369318864,-0.0003801061584937093,-0.007796276250254808
2025-09-24,0.0,0.004362597711676353,0.008570072469836099,0.007222752873359273,0.009970845705151277,0.008641284451768927,0.005856206642625539,0.0058706839637627795,0.006164202787582562,0.006721675268584804
2025-09-25,0.0,-0.0022245504144093875,-0.002350719153523806,-0.0011613002691605034,-0.004185564564066935,-0.005729528125091643,-0.005555938545161232,-0.004806883058636857,-0.004662410479535528,0.004570898531425005
2025-09-26,0.0,-0.0020496337808669773,0.004880445227440022,0.004919072355419329,-0.002451553484347002,0.0004792315318018492,0.000364936118694148,-0.0015043487734920369,-0.003662351326339075,-0.0010776161598659018
2025-09-29,0.0,0.0064141981844083595,0.0027788885487796122,0.011099622588067737,0.008549410135206159,0.004899242496376521,0.007308362168416682,0.00533396159432642,0.009485863560699803,0.011991287516952553
2025-09-30,0.0,0.013002581211942976,0.0022667367263409233,0.008817925109522395,0.0025629402330851203,0.0012188070662149109,-0.0006301238155206335,0.00275531592967293,-0.0006240512212607463,0.0025382300593919105
2025-10-09,0.0,0.00444182452796249,0.006786433980615847,0.009365945305036538,0.008346305546714783,0.010508965592156416,0.009747920649983977,0.009646669634942429,0.011255122409327356,0.011773215206330567
2025-10-10,0.0,0.007905428323014663,0.003776424422045732,0.007714077664168428,0.0035070458327199905,0.008466966490149774,0.010700490783287497,0.006763755389920245,0.011497168722006013,0.00504824056394626
2025-10-13,0.0,0.006054689012525261,-0.0007520326737084915,-0.0023375669607118565,-0.003971589065673964,-0.0024756230137435997,-0.0034376047119883957,0.0011750657799158848,-0.007000572259901472,-0.0026719504277208372
2025-10-14,0.0,-0.007036816729874218,0.004570355141090943,0.0018946743482042283,-0.00317498320081544,0.00026337801605880173,-0.0012221637697545917,0.0001892749647158798,0.0006317757510680977,-0.001407697605061875
2025-10-15,0.0,0.0047981128836176445,0.009027184364421403,0.010953692551883165,0.005877748720636511,0.003952015613451376,0.009125565683819614,0.006086877308517202,0.012036090330711291,0.005919154509800517
2025-10-16,0.0,-0.009478119562095433,-0.0021593453424818554,-0.004821513514761899,-0.006919312077413586,-0.005081402428997461,-0.00840140009867385,-0.00250894784810618,-0.008835322065290696,-0.006978401567771297
2025-10-17,0.0,0.00760537683106044,-0.006322358451583021,-0.007919426684820707,-0.012795945406563813,-0.00848098982023826,-0.01072498097543284,-0.006196435461648164,-0.013850008149105086,-0.009197976482639425
2025-10-20,0.0,0.0022986922347061345,0.009683502978063752,0.00787595080439818,0.010575330637100588,0.008562440657001735,0.004037638223577167,0.005244258660119572,0.009287253009419238,0.00525203827557541
2025-10-21,0.0,0.009674643858140097,0.014720366807793317,0.01845533991012016,0.010924268087081579,0.008788133477824367,0.01273245535071399,0.00938133742496694,0.01179280961668927,0.006966313822237558
2025-10-22,0.0,0.01451145580387414,0.00878845057012434,-0.00488114556582564,0.0001960222784873622,-0.0009822417765119607,0.00036234319584393937,-0.0015405477666206036,0.00042763119140842853,-0.0006441207695290219
2025-10-23,0.0,-0.011322389937309829,0.007182057267574926,-0.00101721899249696,0.0040258184677417486,0.004280939194116318,0.0022500325634526863,0.004508701649139635,0.010890875369851116,0.012668038056257158
2025-10-24,0.0,-0.006594924068176189,-0.014020466362840378,-0.012215503907180847,-0.0013794088983449804,-0.006761459174075002,-0.0025427618654442208,-0.006930806008568657,-0.0036833346043870785,-0.001621215854796576
2025-10-27,0.0,0.0034269823024883905,0.007350537803084034,0.001043544982499256,0.004661408031432446,0.004164402047229787,0.007150027470591347,0.0022891422284030405,0.004465997602868699,0.012217748920829496
2025-10-28,0.0,-0.0027383825348795687,-0.002022319408390816,-0.0017269011270634183,-0.002313440864555316,-0.0004206832445745601,-0.0022502319825994377,-0.0007506081646614371,-0.0014003771896502482,-0.0016168924573427557
2025-10-29,0.0,-0.00012494169368160168,0.010219073055890204,0.004145169430540108,0.006204057750424763,0.0029260408985412045,0.005625274572604644,0.006704834054416242,0.009068539086789285,0.018680584312436688
2025-10-30,0.0,0.0005050496000900129,0.002347341027625127,-0.008807156478265354,-0.003772525729218046,-0.007323276809110824,-0.006555846204741811,-0.0032833432695131837,0.001613111865112371,-0.0014292757521632282
2025-10-31,0.0,0.0023085702370093664,-0.0004759368280660148,0.0023068583475429616,0.0038531257510943107,4.032662767494699e-06,0.0029697426576471564,0.0023132606685187795,0.0023505105581378416,-0.0059793584552152446
2025-11-03,0.0,0.003015326173275046,0.012231659816733353,0.007667598200564507,0.0011185635707486874,0.004550627781906069,0.007387661143473556,0.0006039562424011713,0.0011986053021308951,0.007168372502038611
2025-11-04,0.0,0.0031603342744186413,-0.004062877645079843,-0.0039761644507466665,-0.0024789119280386185,-0.0002416392011974633,-0.000203677620754239,-0.0016994388679711925,-0.0022983751023962773,-0.0032919226946395153
2025-11-05,0.0,0.0030155269087637215,0.00787418316271582,0.005560590720720349,0.009177169381346717,0.0070511694762966926,0.008125718906302648,0.0056019947735155284,0.005252774820578399,0.009447081252994982
2025-11-06,0.0,0.00028337634060382477,0.00041167916109507985,0.0009154780635503013,0.002122316376582223,0.0033892880844117457,0.0016255219446050795,0.005829357547881608,0.008353919270293053,0.01446123940916677
2025-11-07,0.0,-0.0020582531156202455,0.0021514585429049937,0.0028354273952280185,0.004202002053232956,0.002271560810048312,0.0017732771837426498,0.003773335485726781,-0.0009099043879302604,0.008759356971302257
2025-11-10,0.0,0.0020319585303885113,0.005963147235486854,0.0026640964139750256,0.004753456425528935,0.008193135991694689,0.006474980884874082,0.004514557372879313,0.00800473396163004,-0.00017266482897071445
2025-11-11,0.0,0.005636893420508882,0.011340403303919278,0.0016678811052410758,0.00327300512261397,0.00511342022320771,0.003359746393061913,0.0011377805509604766,-0.0013450249242091816,-0.007049007614545633
2025-11-12,0.0,0.0016752899473051475,-0.011425014968956648,-0.004069084309345827,-0.001462807649078579,-0.00110885594871879,-0.003011435480768876,0.00042501944640327416,0.00015957468762595184,0.0009899222389331275
2025-11-13,0.0,0.005962318424595825,0.007706405449422915,0.006437151921216966,0.01047937661036058,0.008015691446897844,0.004483784938946078,0.007303541664401836,0.008325163139372593,0.010639546372331221
2025-11-14,0.0,0.007996232044158225,0.0070425646766663075,0.002024345840603514,-0.0015166334641830703,0.0019496184110554537,-0.003300413161788529,-0.001298857028924516,0.0004980341511902076,-0.00862990678085529
2025-11-17,0.0,0.0009883808210604528,0.007821378297515613,0.002068722934658984,0.0025980456415082287,0.0021212896063085296,0.00171406396502638,-0.002260246181738368,0.0008803274382442883,-0.009452208299952636
2025-11-18,0.0,-0.012885230489637967,-0.02254034108779579,-0.01373661092306222,-0.017308184139511962,-0.01690399409010923,-0.013826202729878112,-0.011575193672827333,-0.008587174855925306,-0.01498156999037159
2025-11-19,0.0,-0.009272069034008568,-0.017017645650864277,-0.008805000468218527,-0.010206470999360673,-0.006083327606909217,-0.0039971456131001615,-0.0033526628888249643,-0.003419336543033724,-0.003342829247730772
2025-11-20,0.0,-0.0026023780843450472,-0.010226477814499035,-0.003957947653506655,-0.005849297637645856,-0.005564066495044706,-0.005699513377143806,-0.006549408186935501,0.0033260511185995156,-0.0033683084479571024
2025-11-21,0.0,-0.0224937909650077,-0.026753701326577284,-0.029645554852998246,-0.02695600058096015,-0.027201325679465205,-0.02683269043986458,-0.02443851526219798,-0.032846864089592365,-0.020401872454799963
2025-11-24,0.0,0.005215563899437559,0.002630566266463852,0.004441438598006497,0.0012464770947171466,0.0013505554686428223,0.006212843460511097,0.0026907776798730243,-0.004987139875773705,0.005472671480985403
2025-11-25,0.0,0.005601628961279914,0.0071998886060522516,0.007773921665489292,0.010181351498225855,0.005360958128095117,0.008407975292932246,0.006720320936657087,0.010393600072593268,0.0026265394602442704
2025-11-26,0.0,0.00035886585847078045,-0.006101773764725871,-0.0024846508248503874,-0.0008652912218035658,-0.002831373023068351,-0.001013021275315773,0.002547773000745268,-0.006110680745757602,-0.004994558018939554
2025-11-27,0.0,-0.0015109273331219697,0.0010210350573365279,0.0004527281516142345,7.633757139080544e-06,0.001707219147735417,-0.0023431719665995,0.0027556794033498644,0.003396042250877196,0.00010306104562674001
2025-11-28,0.0,0.003761528975964934,0.006498242912605479,0.01394034898026475,0.009432237718534742,0.00736047651932914,0.00955435590775533,0.006269460307527508,0.008638494557650533,0.0034775835117628606
2025-12-01,0.0,0.00202440121074976,0.002960471619546823,0.002836378017954555,0.002419303275546847,0.003061360092257104,0.005927382691586658,0.005212980697959724,0.003401053814994004,0.012735527597857343
2025-12-02,0.0,0.0018556762416730432,0.0018689895588661631,-0.0004213154304433253,0.0001532633891754287,0.0017470765742031436,0.0021051805025749104,0.00015803241158951487,-0.002958576373795041,-0.0021183254638224014
2025-12-03,0.0,-0.009745296392079217,-0.0013634577397871883,-0.004440092973426624,-0.005404660320928789,0.0002412937193700948,-0.002569284155324314,-0.0032144280005209636,0.0035067370703938394,0.007348750903387824
2025-12-04,0.0,-0.007389216368697826,-0.010394621540481652,-0.007755027484749766,-0.002989402122954954,-0.00484088052751086,-0.0057402076368257005,-0.004187357440071815,-0.0028534573571252775,-0.0025763096044634226
2025-12-05,0.0,0.005498266095153914,0.006416092815760166,0.010034639082142416,0.008325248396001239,0.008475096035745144,0.008427224277769874,0.006011354416437076,0.00588407559672266,0.013043721322026691
2025-12-08,0.0,0.013136639604825362,0.0002682692227848893,0.0029803875648017897,0.002530457732257352,-0.00019227811121302896,0.002555156111134327,0.0003457317833481799,0.0007269651608718952,-0.0010581133223250827
2025-12-09,0.0,-0.004638025423006398,-0.002163711568324622,-0.008944630302672674,-0.005630944751906064,-0.008622891224173812,-0.006533773456448677,-0.006967144449048002,-0.006986929983877177,-0.014827231245524097
2025-12-10,0.0,0.0007774862748330946,-0.0021699851152306993,0.0048210140856528305,0.0015610277170534648,0.0027065783587800762,5.597420692926569e-05,0.005594226147003667,0.0038689026311236052,0.004349243408388936
2025-12-11,0.0,-0.012498900788121992,-0.010802018989371165,-0.01190583725624117,-0.013624096497844462,-0.01250627089808709,-0.011245474791990118,-0.010034956834137798,-0.016360469087992602,-0.008938063868875967
2025-12-12,0.0,0.0018917163769829326,-0.003512850062355355,-0.0015904438965047563,-0.0004379870442311473,-0.0004189669590203282,0.0002925486955835943,-0.0022494325919882874,0.00429158262858409,0.001424293385035913
2025-12-15,0.0,0.004156100354914205,0.0041674621577105775,-0.001903989375806714,0.0018635690574650976,0.005085965124284497,0.0043074358176657945,0.002412794617522529,-0.0005959995690495434,0.004397635724335602
2025-12-16,0.0,-0.007726191647315139,-0.017828813942784016,-0.011347178761248466,-0.012401112107682688,-0.008665957433673044,-0.009158236213350657,-0.007049863084254149,-0.006780259951455481,-0.012442560600510966
2025-12-17,0.0,0.0031945824007864054,0.0028299945671694804,0.00017012573656050023,0.006032769369848978,0.004051612930218607,0.002995533926795524,0.008145550135084223,0.0017116274485786676,0.00758910297131643
2025-12-18,0.0,0.0013195532978493851,5.1562646176783744e-05,0.0013832464935279454,0.001396207049771503,0.003773113844148357,0.003008119921015684,0.0042200538622028105,0.006269840160830542,0.0021041374504102706
2025-12-19,0.0,0.01134153413215655,0.01018513352809447,0.011889673565830483,0.009935800158787256,0.011774871448171353,0.012018570008247575,0.008472559127957524,0.017578488301094097,0.009520910160216278
2025-12-22,0.0,-0.0013480119671285262,0.0019812977315400992,0.0014357861859328747,0.0027566774227034685,0.00329060355013322,0.0019456475567709575,0.0023869122348243454,0.003882876062434759,0.0016367026517625227
2025-12-23,0.0,-0.0035850794655551965,-0.00658416386106786,-0.00631849603995116,-0.00252042724047874,-0.0044306553919472025,-0.004860542553349556,-0.0017073855771251312,-0.001544915253301804,-0.002359932552283839
2025-12-24,0.0,0.0004075029880470371,0.007295283680957221,0.005365048157625507,0.011329493363979148,0.007690619286051081,0.006131914946488015,0.004255189141556093,0.006386503168172686,0.002243090626962152
2025-12-25,0.0,0.0005224128825485064,0.005656313517034883,0.0034379958351040685,0.004185071276711527,0.004528340311520829,0.0037859498578891593,0.0017169091605817588,0.0001650081912358825,0.00034218650223860614
2025-12-26,0.0,-0.0015820353388221742,0.0027310017387141006,0.004036583679282391,0.002590615116787598,0.0036003151802650457,0.0022416610923614577,0.0024117752867269804,0.006802139386540729,0.014572273279748638
2025-12-29,0.0,0.009081065817686307,0.000940598573246243,0.0025499080944479946,-0.00246257194550914,-0.003981140387272597,-9.115731658704274e-05,-0.006189905761361469,-0.0047124554934407925,-0.009761870629456992
2025-12-30,0.0,-0.00224691437464819,0.0008149910683776795,-0.004020578284569365,-0.00490797548034283,-0.0051626074392528976,-0.005298355452154957,-0.0012309938984256252,-0.0036417784975947276,0.007729383351636532
2025-12-31,0.0,0.009417798995157822,0.0003778557374012337,-8.287146512797605e-06,-0.0001764807955583203,0.0009221038402955628,0.0011962311594626573,-0.0005991034488618263,0.0021632442787355988,0.00689529627025709
2026-01-05,0.0,-0.011825706360724664,0.0036114212918723076,0.0024213861260573566,0.008310643054278755,0.007058970478795112,0.0060897319186077326,0.006396567969781053,0.007430362798017676,0.010254364387236814
2026-01-06,0.0,0.0014694254880689428,0.00625081599920807,0.010490678693012123,0.01080145313549874,0.01320618561460174,0.012742440684008649,0.013436034299174837,0.013901991384103862,0.017583684587364035
2026-01-07,0.0,-0.0026914153809436403,0.004914105970042382,-0.0006948810418639928,0.0019399448587968937,0.0008070557736983286,0.005177786653503436,0.0008938889443774745,0.0014280901007321933,0.0026039410633422744
2026-01-08,0.0,0.005903117559883819,0.008055640506304584,0.010980081938010589,0.0074938642242712294,0.005367526195721561,0.004283338778556134,0.0008396150306710926,0.0025419592319617657,-0.0028119379587614457
2026-01-09,0.0,0.0011010284224963751,0.0006463073962785781,0.005784009380063404,0.006293314059992783,0.005357537370712651,0.00938441526920264,0.0075598494580964015,0.008455688459039878,0.011734088351900596
2026-01-12,0.0,0.014562726840091855,0.006401178282035014,0.006277672147252167,0.007507263725443414,0.008327209528355528,0.013912939300144256,0.0041794274371937945,0.011387733679169676,0.004471019412027655
2026-01-13,0.0,-0.0076694119667137794,-0.009347343736125002,-0.0043175195089962815,-0.009684575508711712,-0.004875455675792062,-0.0034458813318385406,-0.0012404657183567869,-0.008783265553339414,0.0004439631913402131
2026-01-14,0.0,-0.0036500473591465354,-0.000265142112570671,0.0015447372011490046,0.0012572897595606314,-0.00013090653015368492,-0.0004116047576309123,-0.00015248907224096886,0.0011699594682312853,2.2479237888006764e-05
2026-01-15,0.0,-0.002229985257442446,-0.008948018695605908,-0.0005720169131426811,-0.00317043119379401,-0.002341017822376945,-0.0019433364563086197,0.0016709551620845975,-0.004210641920289526,0.0026565640377900213
2026-01-16,0.0,0.005960555730396999,-0.008432903553920568,-0.006841164997691829,1.1220858386895571e-06,-0.0018258816115189758,-0.0034101941180286754,-0.004262806926734863,-0.0018002691934496662,-0.004056892077723084
2026-01-19,0.0,0.005416332222245135,0.005873861123678603,0.01146675885930204,0.008730343566128784,0.01109505837475755,0.012678996028740563,0.009677457096264774,0.015091721145300552,0.005711872023238751
2026-01-20,0.0,0.0001283195583980934,0.005527828957705205,0.0014064498765373745,-0.0017994683423940838,0.007412237436464908,0.006798903621021202,0.006397497475745029,0.008583047233751362,0.008899715687786358
2026-01-21,0.0,0.004206399464655508,-0.007105602948980327,0.0028648814086857932,0.007222030278628111,-0.0018187319826579174,0.0038602214065959206,0.0025509644686851907,-0.0063317060736997055,-0.0013933917586362865
2026-01-22,0.0,0.009656674025232848,0.011960855748842869,0.011334315155183683,0.0077765844027613,0.009634968448599901,0.008899173648475589,0.003485061781145493,0.005147440291406236,-0.002823958100489188
2026-01-23,0.0,0.0020112161341723223,0.011043399720900737,0.012883496780505377,0.005834199621061131,0.005257976182970525,0.009424286720084885,0.007179341571995401,0.011919298906283737,0.007861018352086191
2026-01-26,0.0,-0.005602214481794321,-0.002742973505317603,-0.0019859688279683096,-0.003166958448946322,-0.001783010815499364,-0.0035121845764443105,0.0012226836585909062,0.0006697004813831509,0.013521041713280058
2026-01-27,0.0,-0.0020684210068190323,-0.0054290973250124,-0.006685338053775691,-0.007576210658104654,-0.008860373329898197,-0.0035809482853795815,-0.004758538377342414,-0.00817395315916436,-0.008133226782916503
2026-01-28,0.0,0.006235739229134785,0.004335642293150421,0.0055030501019186495,0.0038852001864981833,0.009005754984939829,0.0053804031069399905,0.009292631705654752,0.009891240184555672,0.02755118880450169
2026-01-29,0.0,0.006514172382201533,0.002815654665133671,0.0038429925666614295,0.001996740311070111,0.0017591589245451456,-0.0013855571209214768,0.0025239186526457846,-0.0035018979481491463,0.01864081487535496
2026-01-30,0.0,0.0042235123995022494,-0.005197545027327388,-0.006440505746425962,-0.003046076405221698,-0.007761749140299812,-0.008736823514627678,-0.005164155722627184,0.0005736599449441826,-0.03132330068448719
2026-02-02,0.0,-0.008833696914040678,-0.021963737734302047,-0.02284237283082191,-0.021225796386246554,-0.0253157649745005,-0.020799414309801922,-0.026648017226207354,-0.02238021850539451,-0.0331148122908147
2026-02-03,0.0,0.009454807033699053,0.01250604875625072,0.015391259116993794,0.01692741062932357,0.013762847851278348,0.013783062629810994,0.007650093401435409,0.01715534518349693,0.01523604214026908
2026-02-04,0.0,0.007924811059487613,0.020243237575462425,0.009034028917120684,0.010076754934536414,0.014525622695474416,0.010455855793322533,0.010969340270444716,0.011329866829054014,0.00920775257429396
2026-02-05,0.0,-0.0022683242406444926,-0.002982019624305998,-0.010223321430313015,-0.01235155711988023,-0.0072017341879273555,-0.008690260958978402,-0.006976425797200703,-0.01035925766157697,-0.019887223384406627
2026-02-06,0.0,0.0027705454389013173,0.0007044463438210524,0.0005028829777935506,-0.001415515363686226,-0.000727138617011347,-0.0021951883437851816,-0.0007942658503433675,-0.001793433560406954,-0.0019561605835541895
2026-02-09,0.0,0.017352838968970996,0.013394400103044601,0.011936385946756056,0.011933343441803856,0.008391042100761581,0.011996371641898262,0.009609761108964276,0.009541839603373292,0.0020979960495823846
2026-02-10,0.0,-0.0036536666947944996,0.0011188826727746015,0.00015701390249112102,-0.004313797209348769,-0.0031352772889665648,-0.00016941605068987453,-0.0008079181233993094,-0.0009364031841582188,0.00487496843888735
2026-02-11,0.0,-0.005570931825393366,-0.0009058602084085488,0.009163637213497555,0.003038435467084044,0.002827960508253735,0.0018824820821587984,0.005206409092509023,0.0018493401154147104,-0.002854341358996204
2026-02-12,0.0,-0.00651065092981884,-0.008256437738066502,-0.002083198571350753,-4.0000856088351355e-05,-0.003128811775091278,-0.003536886236506165,-0.003017282314578762,-0.00060411735371102,-0.007415269367600952
2026-02-13,0.0,-0.005818211944090712,-0.01077203694693174,-0.009559035131542548,-0.00657029280181487,-0.011313985753432676,-0.011357255944021483,-0.01288202068787736,-0.016754579713675444,-0.016530772661110582
2026-02-24,0.0,0.004184713925911909,0.012442404566796572,0.008647116412193512,0.01927093711273642,0.016489990423733447,0.015422572352926434,0.015617903132933098,0.018015464177832508,0.012964631379213332
2026-02-25,0.0,0.02725208991623318,0.010109828565865842,0.009148031710600746,0.014128281269373044,0.009797506870865336,0.01034618880771565,0.01168321503270886,0.007893192962219242,0.015393431076175412
2026-02-26,0.0,0.0008883892326938536,-0.006888498668623955,-0.002991595020775173,0.0002083788226006078,-0.0029049567296687284,-0.0009606454857413738,-0.003765821755044807,0.0038964995646673106,-0.005122054247234109
2026-02-27,0.0,0.0059140907817769595,0.004987961811167008,0.005999589898396218,0.004155459931958427,0.007784789562333971,0.00946535290519801,0.00915869998618457,0.015832909542778495,0.01006038219010108
2026-03-02,0.0,-0.010056666171737061,-0.006486224629473014,-0.009762897347079025,-0.003759717305606647,0.0013251024827094504,-0.0010702045671782123,0.003994382036969002,0.002788606062466892,0.010035588985207733
2026-03-03,0.0,-0.015284748496206313,-0.004846752429166323,-0.020483281004553988,-0.018115350016511433,-0.009658634578047276,-0.018061230122129457,-0.010909861968645407,-0.016430716018377423,-0.010377261675320937
2026-03-04,0.0,-0.005334741966941725,-0.012633284474712125,-0.008576662035865268,-0.00799320655868574,-0.007430905982292013,-0.006517155682963183,-0.01117726226951865,-0.002086598805185247,-0.0020963733116239336
2026-03-05,0.0,-0.0009886516800915457,0.0073238937594715114,0.004928658048406476,0.006015136419365907,0.0049638361925241625,0.008956215218043795,0.0022798094100557886,0.014074084307026169,-0.00028846730654397135
2026-03-06,0.0,0.010889476592713665,0.0033239499520720805,0.009989139680851578,0.00963478610915569,0.010284580269065202,0.012319753353468466,0.008788658442625552,0.008692230410232593,-0.000151992357789954
2026-03-09,0.0,-0.00673928394349721,-0.0018537515905194812,-0.003125291594321511,-0.0052226914016946235,-0.006181647367803245,-0.007245336895278842,-0.009279870863698636,-0.003792590423875808,-0.005842101464277882
2026-03-10,0.0,0.005253818456604442,-0.0017861298000763082,0.0054409101097281365,0.008588637501387053,0.0017433722583763966,0.0051445356155706,0.004993904234761315,0.004515466072198215,-0.0008040621990433872
2026-03-11,0.0,0.001329807571334829,0.004803740907152632,0.0035798350151488023,0.00858573178382227,0.004808765388739644,0.003921506323024682,0.006574115379479384,0.00719236651801114,0.006076896741939342
2026-03-12,0.0,0.0036967195647890083,0.0071820129588930914,0.003488480596025356,0.004149940210895986,0.004252420935574541,0.0007016163804591802,0.0004918634256831922,0.0054914631416684845,0.005136623521392325
2026-03-13,0.0,-0.0030222805158728328,0.005683804164870132,-0.005841489681405965,-0.005119881324207265,-0.006197126968326416,-0.006964892980275361,-0.0071952911159953725,-0.01285132553418633,-0.013042676671618514
2026-03-16,0.0,-0.012783469813354764,-0.006848087287768867,-0.006273049402179209,-0.0078976648364254,-0.010036082774924515,-0.006538735307112464,-0.0038253772515565165,-0.011525738919688111,-0.009467937030588569
2026-03-17,0.0,0.006632148011411099,-0.00035198669770031277,-0.005677930038264001,-0.010817862798276123,-0.008859105245776044,-0.008680506206250271,-0.007913014348669423,-0.01615300793670238,-0.012130037554303086
2026-03-18,0.0,-0.0037179783737963934,-0.005406813357704876,-0.002202768056280502,0.0010777252499434287,-2.397089568062505e-06,0.0014869557864256588,0.000870122210756552,-0.002474795392872986,-0.0030327583936945457
2026-03-19,0.0,-0.016269988601228302,-0.01321101895178356,-0.01713384714667643,-0.018017702063267138,-0.013335423583454964,-0.016583291239090414,-0.015655624499631537,-0.019149026789918477,-0.020453296456721448
2026-03-20,0.0,-0.010860694829033957,-0.003360170629742143,-0.014317631389282881,-0.01295505238153094,-0.010658732795394976,-0.014091513154489865,-0.009604265318811644,-0.01600293720318069,-0.010664453181679412
2026-03-23,0.0,-0.014027455602585892,-0.015677362412928164,-0.02668741989528378,-0.028150756596807325,-0.025853674111427916,-0.033563673194199284,-0.027405406644405383,-0.040895568368928825,-0.02412172669200363
2026-03-24,0.0,0.009146414047852991,0.014884075967630306,0.020899399196176116,0.023547406764723222,0.02126253227310526,0.024786059895791412,0.026527126705355064,0.027536247265224523,0.024526212076692477
2026-03-25,0.0,0.010562930909086665,0.008605235577027859,0.01264577728083971,0.014818963994215784,0.012549299043552509,0.015159599509186439,0.018028801511691617,0.022826901204825667,0.017918900373733004
2026-03-26,0.0,-0.005801645731566496,-0.005731774607460216,-0.009677811283935966,-0.0068238866458185665,-0.0043363584249273,-0.007899216274071308,-0.005159773804981671,-0.01223960683172165,-0.0024405923548458386
2026-03-27,0.0,0.00361146618031416,0.0018819103114311453,0.010176589087667276,0.0055923763193257425,0.00417774014186767,0.0038671931508031943,0.0075907175352820655,0.009641433323117177,-0.0038766304982211786
2026-03-30,0.0,0.006501345071401321,0.001564681484199193,0.0015791115429091285,-0.0030006350814568705,0.00010829700074821424,-0.002233577513892193,-7.36781955178456e-05,0.008707667453382362,0.0019398721440906375
2026-03-31,0.0,-0.009455812343909131,-0.010451061809009565,-0.014222724106930373,-0.012229522483073074,-0.013531395293570725,-0.010313248839981859,-0.007222082948770581,-0.00884775967969953,-0.016767001111568702
2026-04-01,0.0,-0.01029025353964974,0.0038642814557208194,0.008220418110948202,0.009071280180039443,0.005882526087843454,0.009041745848854976,0.009377732868065536,0.00309754763531922,0.0068659809087352475
2026-04-02,0.0,-0.0025311767793347872,-0.010170347618486009,-0.01183570119854871,-0.007294772014545647,-0.006146551353901297,-0.011310635188989782,-0.003381878936825622,-0.0052123064004058195,-0.006810049692899556
2026-04-03,0.0,-0.016218689313613144,-0.018717194237237167,-0.018783312010998476,-0.01579961066968094,-0.01841430060929461,-0.018424413647923688,-0.015025828405219599,-0.01535936206304822,-0.017131887671792745
2026-04-07,0.0,0.01619402174531026,0.008561525035968964,0.010555446859446427,0.01216971184081328,0.009750693483828732,0.011523790887442154,0.010002348412534667,0.00891845952123882,0.01082040314907351
2026-04-08,0.0,0.014914635546141586,0.01600339269116624,0.019098358093679657,0.024579127698910685,0.016381269078151295,0.022564455092052516,0.015538075235828286,0.022632113030805145,0.022867631578415315
2026-04-09,0.0,-0.006528209379946248,-0.0022636022784798815,-0.0020543085220980917,-0.0028715624320531097,-0.007176066662113789,-0.006269415754708518,-0.010274750271979882,-0.004401478276341297,-0.005059226961214525
2026-04-10,0.0,0.013829134826849332,0.001916820081264703,0.00560013047099206,0.003536897356706703,0.003044380206312036,0.0021268593123591195,-0.0018945999603287023,0.001799883813877745,-0.005071812336368664
2026-04-13,0.0,0.006059089895607883,0.0074066535104431175,-0.0011949239774872167,0.005079700809141885,0.0007336847262355839,-0.0015942221483417063,0.00038394320550572125,-0.0018499805446904327,-0.0008509384151220711
2026-04-14,0.0,-0.002408401807336702,0.002062353694520569,0.004610159745600972,0.008863100117137312,0.0014078673370230277,0.0033607844537448806,0.0074084068602255915,0.004966535500391167,0.01502633391175845
2026-04-15,0.0,-0.008712222218562049,-0.004296523140006503,-0.006624072845220708,-0.004568065107323771,-0.00332418174521254,-0.005078395644749545,0.0013224425306532783,-0.001505683457132756,-0.004465469325906413
2026-04-16,0.0,0.008588352052040671,0.01051370938745766,0.010785302052712664,0.008950382755143593,0.006212680373906876,0.00897681079709467,0.005513282670587039,0.008184281430102303,0.006174693767689199
2026-04-17,0.0,-0.001643372224343298,-0.001435585406722173,-0.0018243983790305895,0.0005199131835285087,-0.003545792436461803,-0.00030762319476962396,-0.001870487662397391,0.0007767735504942141,-0.005613995032640373
2026-04-20,0.0,0.0011292038364036916,0.0017483792697845502,0.003598919097000053,-0.0022926969055939717,0.002866064890671982,0.005468599263394491,0.002724793890950261,0.008600492763822798,-0.00244621222749708
2026-04-21,0.0,0.0010361335116149117,-0.0032102829832709734,0.001350117458053024,0.002516233739897844,0.0016371954754172968,0.0003768649084430198,0.005096049148072046,-0.002903334402400537,-0.0012815026181295375
2026-04-22,0.0,-0.0015012289332009265,0.0030435376564277306,-0.0020555244210616053,0.006322108899784462,-0.0010721562256629236,0.00276526818814693,-0.0006704141066499192,0.007435533490731894,-0.002294250389067942
2026-04-23,0.0,-0.006215357806639843,-0.0013814336194630794,-0.006521071897791719,-0.0028939581033986528,0.0003279742411330666,-0.001074810442076135,0.00040879788951886376,-0.0029644160824796595,-0.0067877413546884036
2026-04-24,0.0,0.0032499098652516434,0.0008514352711752604,-0.0007570980614437506,-0.002680439709880744,-0.005486411358333498,-0.007638046870612536,-0.0065990741280170795,-0.010679165337491359,-0.00654823924901915
2026-04-27,0.0,0.009292994719119152,-0.001958366033482095,0.005168227154653371,0.00290416219185774,0.001858987516626609,-0.0025227761729151865,0.0016132668971833297,0.0005189611259202032,-0.001408932054363321
2026-04-28,0.0,0.0028571239774126678,-0.0005323262379884897,-0.0017451830759322995,-0.002938361804372347,-1.3879170454589307e-05,-0.0028201170856815283,0.0002720347067297624,-0.006622134445219641,-0.01108745246767795
2026-04-29,0.0,-0.0007939256057839517,0.014859461737430468,0.01138360555331741,0.010263867082246803,0.011074011820177976,0.007879372386781602,0.008723930192000129,0.011817395981316148,0.01260852883646546
2026-04-30,0.0,4.555333607414447e-05,0.00022875346655770734,-0.003060181494982772,-0.0030614088855961397,0.00016841801502542886,-0.004842085242931948,-0.0022918379998206895,-0.008223320467119155,-0.010497734245078938
2026-05-06,0.0,0.0012292174233652364,0.0070010650834988475,0.008536063767720314,0.013459361810493009,0.008323387191251808,0.006380472686264627,0.009956118997473284,0.013204072684905643,0.011450277955042276
2026-05-07,0.0,0.013979995359834962,-0.0034312484420947476,0.00013896755181685982,0.004333652289604695,-0.00383963488805672,0.0037281973504805777,0.004486908669325995,0.003599043271720337,0.005723193222560541
2026-05-08,0.0,0.0011987926140435423,0.012483460319081985,0.007996086675198022,0.007007663291042299,0.005286953220664303,0.004225075142404,0.003952122136751557,0.003233559644815198,0.001755517133748219
2026-05-11,0.0,-0.0029401267772916073,0.007522361518412568,0.003656240401935351,0.011514168184062035,0.004704629846684405,0.001601906598342806,0.0008167039178132995,0.0005610307276933124,0.00037427348312313313
2026-05-12,0.0,-0.008740941269540947,0.0018555932425745603,-0.01287074365651919,-0.005399615033637728,-0.0037023724769942312,-0.005891299582398757,-0.002771167993878443,-0.001645000376421235,-0.0029812702795756207
2026-05-13,0.0,-0.001258134378477327,-0.007383995528186138,-0.001634892008787192,0.004065748820575976,0.004701521554713262,0.0036325468053597376,0.006177721513592527,0.007463435585418177,0.00537940647461066
2026-05-14,0.0,-0.0189723933966236,-0.01609267112147017,-0.010894062163228968,-0.014726682919813827,-0.013606305969863564,-0.015541617083047354,-0.008648721462930165,-0.010549925113779612,-0.011032112281093465
2026-05-15,0.0,0.007146412894233123,-0.011245000666561422,-0.007293204279255394,-0.009586362942539006,-0.010589130458998675,-0.01067650520520469,-0.006088299188238944,-0.014043865584699167,-0.02205302436951695
2026-05-18,0.0,0.0027568957514034764,-0.00319466791691958,-0.002159331080012983,-0.004401038137016977,0.0001421343237353323,-0.002462481088787216,-0.009695593701233962,-0.005519626223883245,-0.0025054840152272106
2026-05-19,0.0,0.008877630482886367,0.004605071477717271,0.003813799214102742,0.0012463249058618509,0.0032313711902571818,0.005937029532712357,0.007880045272331548,0.012389532671200465,0.010408489554475153
2026-05-20,0.0,0.002504447020343026,-0.011259771720175449,-0.010448405756538603,-0.007930062246671143,-0.005618779044640365,-0.007498913247565686,-0.012074129624161434,-0.006631758641741925,-0.008481874072608808
2026-05-21,0.0,-0.015377990527457364,-0.024894638095273702,-0.01649820742416619,-0.017928106405033617,-0.0207068536344176,-0.01909329207333721,-0.011406033990742581,-0.023150680405621626,-0.008885220809343841
2026-05-22,0.0,0.005189123896486292,0.012540032737609952,0.012558871544364747,0.014720573067005915,0.008054616326977015,0.003431229998868579,0.006024479371694591,0.012313715625931199,0.003992495268086538
2026-05-25,0.0,0.00033377997185035646,0.0032693432278292356,0.008550273347962545,0.007878216143043293,0.0015505994990108185,-0.002973300228064857,0.005169816685511197,0.00010398038951842103,0.006696130276793166
2026-05-26,0.0,-0.003577577071843474,-0.005440902255768765,-0.005100919609829724,-0.003342488323824222,-0.005804461347981293,-0.0034343413571771286,-0.0018013463164889831,-0.002469095400565502,0.013230403116065936
2026-05-27,0.0,-0.014988674234496457,-0.013725199037240343,-0.016296840148421476,-0.007644058024876221,-0.014321640535999047,-0.011871511418522163,-0.009526141061847238,-0.01947886562248624,-0.01229612057817453
2026-05-28,0.0,0.010024707905720964,0.0029571618156769564,0.00014312199586585805,0.011883021240395308,0.001981815436417511,0.00032346678950534447,0.00037760341343240356,-0.00511087689267542,-0.011193907209702036
2026-05-29,0.0,-0.005994469968116589,-0.007380117863634017,-0.004995402903550827,-0.009408154379914047,-0.003430279697271499,0.0004978049654147387,0.005601241954066527,0.0034081378708357146,0.0023716524121402127
2026-06-01,0.0,0.004017667350901366,0.005141962497605013,0.013539926465460761,0.001574281373672104,0.01493780346035245,0.012546042704342453,0.006820941241970413,0.015939350582349743,0.009248154902909977
2026-06-02,0.0,0.007607236672892093,-0.0028048053264642103,-0.009978322329569078,-0.004232753259094557,-0.005240537790344613,-0.006439656522331028,-0.004085020486743418,-0.0038821702854983098,0.0063221576850120975
2026-06-03,0.0,-0.004455591587463004,0.006998684579473169,-0.007400947654975232,0.003519722337643305,-0.0006055798419248859,-0.0027129751136930613,0.001339909031919051,0.00339211637595338,-0.0019315605616271325
2026-06-04,0.0,-0.015349363242548097,-0.004726523268992366,-0.009582005492436041,-0.009099665285678071,-0.00813753117931848,-0.006634971043992688,-0.010046318803875631,-0.010727460925167964,-0.025312034310237763
2026-06-05,0.0,0.0022515331251604653,0.007239628188245195,0.00023431372688698104,-0.000920232542048538,-0.0011182376666374338,0.0006527543281698023,-0.010282741843349541,-0.001683931596741739,-0.009718512955527059
2026-06-08,0.0,-0.015585542635386362,-0.013326909590979708,-0.024600910378344,-0.02602310384248918,-0.018803985728610195,-0.01873736114721536,-0.020352787786842574,-0.022463380799469967,-0.02677405813001721
2026-06-09,0.0,0.002070589240639187,-0.010052502042658729,-0.003686986677196802,0.0064036486695644435,-0.004370618396195458,0.0028500409823253303,0.006001400496238096,0.01297849467777401,-0.00046824279753765463
2026-06-10,0.0,-0.04241657401399368,-0.013088418716300954,-0.010375096770294578,-0.006149301111215255,-0.0040875029114788575,-0.006724206758514484,-0.012162638336205234,-0.0051239624013526,-0.006182670964863246
2026-06-11,0.0,-0.006396730631594405,-0.005018069508184397,-0.0034716227179398818,-0.0031094917661784738,-0.004891144922597346,-0.007890907118084822,-0.008029185531039595,-0.010409497028037507,7.482448532036834e-05
2026-06-12,0.0,0.016332795564916847,0.00035348834635606785,0.010690552305419265,0.007920632377050651,0.009889115920734826,0.010953967886268678,0.01269105828906425,0.00758733387484023,0.019246428312336583
2026-06-15,0.0,0.006389502589767337,-0.0013929014403881723,0.009339598688612227,0.014970805762862804,0.006800076017542844,0.009568424453609836,0.012835270093559004,0.006587788734741862,0.009308853802686201
2026-06-16,0.0,-0.001040907031304883,0.0018212785051003877,0.003841236254660929,0.00614083996697401,-0.004020625698354152,0.0030575423824350523,-0.00579740946273577,0.00033220344626117004,-0.01619547216949946
2026-06-17,0.0,-0.009842035606295929,-0.01171795399662845,-0.00866610075257257,0.0004107491936997665,-0.007143456557312855,-0.006156833478043078,-0.004969533403197279,-0.00018680200990051077,-0.009803586951231735
2026-06-18,0.0,-0.007452700496464293,-0.006018546999393415,-0.005507722726757591,-0.013367063693004111,-0.005151425267334031,-0.004890959078645785,-0.014427959097183973,-0.014157514134462645,-0.017758140087134833
2026-06-22,0.0,-0.00612932020687651,0.0013961471619299282,0.010818442626548297,0.012893383776314549,0.012679732810590316,0.010767653171141145,0.007884140705187725,0.022734769188131,0.018011557442966453
2026-06-23,0.0,0.0006117905635254495,0.0032189676592271343,-0.010449134407288674,-0.012176384300385812,-0.005434463308158444,-0.003594905348580979,-0.004483802675138038,-0.0007592634389159691,-0.02082725820297182
2026-06-24,0.0,-0.013818916609178444,-0.007442960430078971,-0.013020795559234855,-0.00424352152515195,-0.010453158626517634,-0.012478362773446605,-0.004162530858575431,-0.010659692583579017,-0.01520978709142018
2026-06-25,0.0,-0.010458341245588199,-0.0026747171009749993,-0.0012230515640040407,9.996640807075075e-05,-0.003983453619481048,-0.010044960135507819,-0.01019966052327581,-0.0033068338370222383,-0.012331326063312886
2026-06-26,0.0,-0.002594281325783432,-0.009981214846424113,-0.01053449063765377,-0.016551311902729626,-0.013651339544505703,-0.017454987318003767,-0.021707115135623067,-0.02760533085491723,-0.020943040371283028
2026-06-29,0.0,-0.0070587591888189305,-0.0052760347726120704,-0.0007095631696301119,-0.0032728371694175085,0.002729405175820654,-0.0027597662187546224,0.00327320835461542,0.0015472419899609235,0.011203941773292092
2026-06-30,0.0,0.0025845119497232005,-0.0047908099653791725,0.0005570747401548726,-0.0028234901349732944,-0.006894935345372666,-0.002620866904166519,-0.007992356919307109,-0.0012651550059016303,-0.010428066317953233
2026-07-01,0.0,0.006411023136377647,0.013395009625544851,0.006913750799411478,0.01283892373768114,0.011145499750445431,0.013522548927161315,0.015962565162525255,0.010831413480457464,0.011526345170563834
2026-07-02,0.0,-0.001738983717982312,-0.001264394253695622,-0.008511830199918635,-0.007064759682483768,-0.0037435448610640965,-0.005186742913189768,-0.0017329042900068314,-0.00799325360800196,0.008342829727890022
2026-07-03,0.0,0.0061158401527010575,0.0021847122681790676,0.002906772750588704,0.006473059130357894,0.00349242996420962,0.0018716767391444566,0.005820486338777631,-0.005852603028168035,0.008322876916005972
2026-07-06,0.0,0.015418879329229807,-0.0020214199326125115,-0.002338635196111216,-0.008640735643928532,-0.003095170289522331,-0.002122456024008623,0.004021610968250933,-0.0015663027260993667,0.003396509513414303
2026-07-07,0.0,-0.008301455235888988,-0.015185592829079497,-0.01711544350402172,-0.016028947541931626,-0.01873156914220797,-0.015915193061777355,-0.02026936898418985,-0.024546787108773782,-0.018728415897504957
2026-07-08,0.0,0.0042626305133719455,-0.008500277669315826,-0.008700630725622438,-0.01179002173804411,-0.004826603843911315,-0.004662497472669114,-0.007491332906796044,-0.009505267298336562,-0.004918405804998582
2026-07-09,0.0,0.00491304906843526,-0.0045550347604893515,-0.0013050832585036476,0.0015472445413997615,-0.0005585070973816997,-0.0021224398951621426,-0.00414857113272149,-0.0009392463467330359,-0.006828356154860549
2026-07-10,0.0,0.0038235927427923144,0.007309229975829723,0.00856716119044787,0.0011142822965013455,0.004397047962008793,0.005862355264624197,0.008793673807405034,0.005953991480942555,0.01119940270710229
2026-07-13,0.0,-0.016296791498598306,-0.023246380791298038,-0.021487191028223718,-0.025930759154531247,-0.015846198496551,-0.01694678849985498,-0.013382621747080492,-0.018257172214419803,-0.01124631930496156
2026-07-14,0.0,0.005950627123362251,0.016817397622283625,0.01425667170956535,0.014261631818144771,0.012942140455945772,0.01069719588497553,0.01666270392631608,0.02099831750693526,0.021969376896514792
2026-07-15,0.0,-0.009370693478019332,0.010699975951793839,0.00016096548829969137,0.005132403648166806,0.001356315681831699,0.006952758184271879,0.004516177196947524,0.003908765288045846,0.009940670481510372
2026-07-16,0.0,-0.009959753444655495,-0.004675405437933877,-0.006706573771916524,-0.011537257114743515,-0.007123473451948081,-0.0033028473290301896,-0.0065371158755120895,-0.016490000381411907,0.004376832873490777
2026-07-17,0.0,-0.026998231935246086,-0.016675741986649673,-0.022196112528729106,-0.025598943765743454,-0.018114614484716962,-0.01574533532899136,-0.014519265615675403,-0.02441998282035951,-0.010390093450436955
2026-07-20,0.0,-0.015126293273386104,-0.0005699119466194835,-0.006572067748004895,-0.0123124668694099,-0.0020997507661262294,-0.0019494546650187239,0.00025482439537904966,-0.0014563507770871675,0.018812783611708683
2026-07-21,0.0,-0.0009773342471927071,-0.003362742470837121,0.0013666916882812963,0.0012112768436649546,0.0014271690240241774,0.0002366212354840691,0.0006549229003640633,0.0009146132141188978,0.0008511652081717447
2026-07-22,0.0,0.006036601939674702,0.004704174843668252,-0.0022056210304642887,-0.001658927132926813,0.0019171591586348846,-0.002373423202114866,0.0023960180323552294,-0.010624481586317791,0.011344988941411005
2026-07-23,0.0,0.004657826877612292,0.009422852447236174,0.005513525449677648,0.008131336964189328,0.004603793197167194,0.00862212360475012,0.005987799119477222,0.01151735817157129,0.00618925261447556
2026-07-24,0.0,-0.04917773713039553,0.1865953346937752,0.11227694723903858,0.01976740454146242,0.01648744317492712,0.021453793728607673,0.07418217898999302,0.027039215943581496,-0.0034600915747287075
2026-07-27,0.0,0.0014446290704395182,0.002274609954591167,0.0017904124778196362,0.0035433679596110768,-0.0006273681405732923,0.000908032679147297,0.002015537871331352,0.002987874210135022,-0.0011695629735277713
2026-07-28,0.0,0.017981578474511206,0.024122444999862713,0.019653607941834128,0.0091556828067898,0.019037106991227848,0.016722120612013835,0.02251520296076337,0.009351603385326479,0.016595330957740462
2026-07-29,0.0,0.01936862581460086,0.005608500154836049,0.01769988057018801,0.01125081739043865,0.015993604327506405,0.01857304903021917,0.021072321835139185,0.024148001600659885,0.013864908119850972
2026-07-30,0.0,-0.005187551601621765,-0.014636274528156967,-0.011795846368246377,-0.01641873802874172,-0.007943031849472315,-0.005393262188948422,-0.014146017690309098,-0.008347395616842501,-0.0012573984773607272
2026-07-31,0.0,0.02180851746910495,0.009847761802432853,0.015880844693513474,0.0185050758504981,0.012513082199918646,0.01491167927138548,0.012671730947915627,0.010195511277556468,0.01119730723073098
2026-08-03,0.0,0.030402380503326,0.02258194891892895,0.013351052110754935,0.009042857490303424,0.012367498530535537,0.015723600385748604,0.010849971748761789,0.011131183736557082,0.00803038498235975
2026-08-04,0.0,0.005684646570799368,0.021823163571534243,0.012655674288040597,0.011780368724938484,0.004144847422298703,0.002105992548570912,0.005346193320596937,0.005490287384938064,-0.0016144034557860065
