date,0,1,2,3,4,5,6,7,8,9
2011-05-05,0.0,0.0032608986616441448,-0.0024478738344627616,0.00139531521417247,-0.003593590903791517,-0.0004730217557181683,0.0005146711029681049,0.0003524806159488402,-0.0019512258315753607,0.0011269322972534733
2011-05-06,0.0,0.004653105833251736,0.007441028632029223,0.0021858885778767156,-0.0004630836719150544,0.0022794371761971632,-2.1351156742066557e-05,0.004726110451229282,0.00248683811586492,0.0076840270636282515
2011-05-09,0.0,0.009740184033084853,0.006827161675158067,0.007319402403983988,0.009280620943292295,0.008637439961961757,0.007459033062556353,0.00805496401493011,0.009442848232433576,0.007647233607520398
2011-05-10,0.0,0.007419514637163838,0.007498694602636968,0.003906419571571451,-0.0022725794725432236,0.00508388638473023,0.008201317394758822,0.007545712071923116,0.009435503442086768,0.007642137786042058
2011-05-11,0.0,0.011015800134024145,-0.0006204363348243369,0.0036989934725433216,0.003026956694295091,-0.0018015707766031452,0.0021769971906291374,-0.004951971835643776,0.0023426373863759675,0.0007360887158101015
2011-05-12,0.0,-0.01410193469545551,-0.01022283984561878,-0.011304864276202586,-0.01983805257441751,-0.012632720715203827,-0.01424473437222118,-0.01309621619383261,-0.014618912706565679,-0.014357823229768418
2011-05-13,0.0,0.018531744573096143,0.008365267128387588,0.010272175549349116,0.006970641182204362,0.0017311010517016001,0.00890507911043148,0.010319306479134482,0.009668363438861016,0.010188065000247049
2011-05-16,0.0,-0.002297011953539596,-0.006598295347767236,-0.00013396464801851415,-0.004777159640179884,-0.0031330874023258737,-0.004736272725010204,-0.0003128344550700213,-0.003048676226982683,-0.004494013264614183
2011-05-17,0.0,-0.03447692129783875,-0.008596602971364775,-0.003472855383913398,-0.00368068819278744,-0.009235400659020843,-0.0077486294122707244,-0.006820203153989235,-0.004878488393933789,-0.0002624169369703777
2011-05-18,0.0,0.007671287331667331,0.003710637164772379,0.008330173429813126,6.0983259289715264e-05,0.006191627290820678,0.006508913077031053,0.007351941311914079,0.007593428194900609,0.010853816737803612
2011-05-19,0.0,-0.008140925883968753,-0.019831050803832295,-0.006496872284765587,-0.004620152308866254,-0.012883004391070929,-0.0062123038113836015,-0.011086636925914273,-0.004346005676073017,-0.002327125910280836
2011-05-20,0.0,0.0019135212033252191,0.0014417241252855373,-0.00838627818216453,-0.009144389378069717,-0.00646978379215557,-0.0015700169918805296,-0.0019067675008997975,-0.006338565301376109,0.0019888484312615695
2011-05-23,0.0,-0.034113018195105926,-0.04128083971026586,-0.04036627728204312,-0.04012624713099566,-0.04367817554312847,-0.037681318196084335,-0.04136003164035906,-0.0336559595571545,-0.020769181505824297
2011-05-24,0.0,-0.0020051503346647515,0.005760870389328598,-0.0048546864477637675,0.0009303085824703405,0.002711947272615367,0.0008831321505213818,0.002819795859036578,-0.002391610916120279,0.00643449531439666
2011-05-25,0.0,-0.014339918659485473,-0.008327803033554071,-0.012986004799108053,-0.018913980490622206,-0.014866516317284417,-0.008949427957716138,-0.013702456028721888,-0.013740259478728922,-0.012854369973677726
2011-05-26,0.0,-0.011550119873103615,-0.0068840944570438545,-0.00792423594936742,-0.016567001441789464,-0.012984505175712369,-0.009991115213925261,-0.0035410813288404563,-0.011330221364833193,-0.010504927921632934
2011-05-27,0.0,-0.018975906748332494,-0.0356632638972143,-0.03150915046818026,-0.025591110061057187,-0.026980005294395815,-0.03391661365265508,-0.03618580339929933,-0.02882785023248935,-0.03062007250816745
2011-05-30,0.0,-0.02895705899183998,-0.01601018107493324,-0.012611259568858557,-0.0222687754166645,-0.015553863700077275,-0.01710595746965593,-0.020628928340131414,-0.0159824546253009,-0.0062349205683456255
2011-05-31,0.0,-0.011430204702052582,0.022411390654715868,0.018495698142618533,0.020246784225263603,0.01827554327043801,0.01984520506292764,0.023534340009550236,0.020310984362533757,0.01871522943457138
2011-06-01,0.0,-0.04675743801547949,0.011124973573535923,0.00027391152178357636,0.008340457318028571,0.004295156699419378,0.011465512782497633,0.009250337728478497,0.009159074102837117,0.010081208227723959
2011-06-02,0.0,-0.011028983872741094,-0.019054226407744346,-0.019968725056431325,-0.015299159913936045,-0.015947908211787487,-0.015302858170590294,-0.016721489397888756,-0.010184131631626347,-0.021698186725500168
2011-06-03,0.0,0.009145282908214147,0.016615211402253083,0.012728606457469871,0.013683175044362228,0.013470918872936277,0.013302533447407283,0.01700754941851179,0.01305267379597752,-0.023240214618675425
2011-06-07,0.0,-0.00025706897943167384,0.004578229318387583,0.00700136462005041,0.011203775456176901,0.003243691156962214,0.008431710037394513,0.008779375893403385,0.005090244504058594,0.007548159313700786
2011-06-08,0.0,0.017919179045575495,0.0005839472689628256,0.005351791605193279,0.006766379997597882,0.0026832524016269232,0.003775665263785699,0.005294237288222758,0.006352602409325225,0.005768336956903264
2011-06-09,0.0,-0.020000623269510354,-0.02017126744030584,-0.021378792336460117,-0.02293282599146973,-0.022821596242723174,-0.025755418746998826,-0.021985577311449345,-0.025103131880491958,-0.023705190879489857
2011-06-10,0.0,0.005178250971327181,7.556727025748167e-05,-0.0014534291157680679,0.000669943163119413,-0.0022604299215529533,0.00041773755973872895,0.0017375636904106706,0.0059972791216307275,-0.002922109617315205
2011-06-13,0.0,0.002103735628372183,0.0005065544111049203,-0.0032691882954999363,-0.006912265932159323,-0.0034267095658387925,-0.0006695680856199093,-0.0016799985363471492,-0.005842088938203371,0.0014325595265205493
2011-06-14,0.0,0.027747400149454204,0.014888511864770804,0.01709633061124194,0.017569855092746778,0.014579842901961015,0.012993031447404046,0.014013825692650084,0.016548361481697027,0.010457922647641338
2011-06-15,0.0,-0.01081998655356442,-0.011107414199900467,-0.007758855458475988,-0.015267337786369128,-0.008409365227147969,-0.009473434413620474,-0.006914730552851189,-0.00763184356010882,-0.007156307384659666
2011-06-16,0.0,-0.014920718697135515,-0.022799852997125947,-0.02383808123294129,-0.02079826796059947,-0.022580003264189408,-0.029011736522895126,-0.02538988905698447,-0.024063934317554603,-0.027279578489499245
2011-06-17,0.0,-0.04094368859539477,-0.01576077833215106,-0.011899692930233963,-0.013629957611386523,-0.013537636443496592,-0.010865826339280349,-0.014274357643912494,-0.015309264200880413,-0.014992802434133257
2011-06-20,0.0,-0.03230099642844686,-0.010622995419951708,-0.012196440429955935,-0.010776360721349798,-0.013218385839555813,-0.011573743236739764,-0.011809862610300148,-0.012154257892649345,-0.0025660939877560907
2011-06-21,0.0,0.01817831576928919,0.011895358454609983,0.013642272750961082,0.017696497064003003,0.0140726860124738,0.016603192145968615,0.017440507112220338,0.015501627921339134,0.005401076473634303
2011-06-22,0.0,-0.00030744832491247376,-0.004924951715956194,-0.0029591147569453247,-0.0035031569865352497,-0.0012705004731445868,-0.0031616930857891745,-0.0034522339762932397,-0.00080537450272955,-0.005176470877553241
2011-06-23,0.0,0.013758651008228595,0.021848428767931694,0.018046467909453634,0.021055601435892912,0.01585675186296065,0.01878147816518294,0.01719831438592201,0.015436778584019484,0.009617346670108828
2011-06-24,0.0,0.020287712453493922,0.015497604483408978,0.022211020808938553,0.020573374582916193,0.024679353626572365,0.0203897446426482,0.022262654703877782,0.022570888083528695,0.022780292120474277
2011-06-27,0.0,0.003906108100524941,0.012706065211591122,0.012047714891483041,0.013160130028197381,0.008949940535595502,0.01200480681197269,0.011533695362955232,0.007502612687118715,0.007267016738694565
2011-06-28,0.0,0.000812038694209205,0.004827995478391189,0.0036578952833303813,-0.000873383760245483,0.0002175375795725465,0.002919784539249237,0.0004410592695494042,0.0012873855186803507,0.0030792115902282813
2011-06-29,0.0,-0.012277998965481318,-0.010664480310804025,-0.012643895117075865,-0.010798429728884118,-0.010654761216589703,-0.013090876356500414,-0.012822468377004848,-0.014058485897224582,-0.009074788064114991
2011-06-30,0.0,0.016899097095596893,0.01091587587957843,0.011810243493327377,0.012689588208719238,0.012871262350075074,0.013947953277228864,0.014506461020407091,0.014476848391306918,0.010539728454722397
2011-07-01,0.0,-0.0221017601078769,0.006253099212659707,0.004164086393500632,0.0013858672367519365,0.0011663976207503257,0.0051499362914131375,0.003330391820742351,0.004877751787685458,0.004073250606864143
2011-07-04,0.0,0.019532662335886464,0.02112370339247338,0.020641023473110698,0.019740695692862298,0.022812457427516586,0.02064421070508149,0.0220408866752817,0.023066708143639314,0.020455074382985217
2011-07-05,0.0,-0.0002398924523450141,0.006289266731226206,0.007157430989433777,0.007648031100164987,0.0060705780706848955,0.007597082719676296,0.006063624138416435,0.006487121592470002,0.009762285353376754
2011-07-06,0.0,-0.04630149643533077,-0.0006649645482100786,-0.00411751361465218,0.0023335517540392647,-0.0011809752242987193,0.0020162115929291957,0.0013491444850679546,0.001035041419533922,0.004668639845831102
2011-07-07,0.0,0.001159549074727817,-0.007161626829688239,-0.003915024754767016,-0.0039172579392554585,-0.006759111555191155,-0.0030084683307954885,-0.003292260176202877,-0.0033434384653048266,-0.001974936729143728
2011-07-08,0.0,-0.002464450281121411,-0.005120520845826926,0.00023397674587388728,-0.000293391723543035,-0.0070362695973607,0.0007600294626060045,-0.0014410837932840037,0.0017642999975568951,0.004445613137567417
2011-07-11,0.0,0.0006590168820987952,0.01157734467659699,0.000575070732691918,0.004575159209876389,0.006662268133425631,0.008466152317591069,0.009411273040728974,0.0051309440645117554,0.010380691824541044
2011-07-12,0.0,-0.016944443185798574,-0.01334981304868943,-0.019739350278005552,-0.020548335295494935,-0.019247750839744726,-0.015466409647421964,-0.015523696339735715,-0.01592664551366696,-0.016491760948949996
2011-07-13,0.0,0.01344735778043571,0.017875699048699234,0.015020591814298712,0.01871249479717263,0.017867801475916822,0.017627763792879447,0.01812633975916511,0.017680044253232996,0.021789318919603007
2011-07-14,0.0,0.007196580838981781,0.008827310091693574,0.0065804530911048875,0.010347311338622989,0.007852443201829207,0.008955988641495383,0.007539662111395451,0.006303915531570281,0.008888442308193634
2011-07-15,0.0,-0.003043967018389604,0.0010656019316208631,0.0013886693064795175,0.0008036184659883094,0.0051501834722611495,0.007780214428535714,0.005442767539572957,0.0005085471636050443,-0.003484514066160127
2011-07-18,0.0,-0.006719113911072716,0.00552214818437613,-0.0022758837110289365,-0.0014909928239011938,0.0018411767331083517,-0.0025592316678926252,-0.0037997410148258304,-0.0023187690808516015,-0.00015700255814754538
2011-07-19,0.0,-0.0027229434631410587,-0.009404354468608989,-0.013541391015896354,-0.011759302396033844,-0.010817499265968533,-0.011624754747874722,-0.010140410992967364,-0.011577733139594315,-0.007044448961479377
2011-07-20,0.0,-0.002646695856325154,-0.000849672977535576,0.0020165100888767107,0.0038176434846202145,0.0016565293653898472,0.0025045210593805933,-0.0015275246595891634,-0.0013850176360843403,0.0008949621049865186
2011-07-21,0.0,-0.013162584008835743,-0.012697396981948827,-0.01277103887478892,-0.014206253452331952,-0.013557095176148004,-0.01070792701839729,-0.012695193265881088,-0.015752136568465858,-0.014750093713025492
2011-07-22,0.0,-0.0030994175981147176,0.0032729550499468463,0.006101023292808705,0.0034728219225066415,0.005113603519601551,0.004882696336625747,0.004730440895247767,0.0019472699842040253,-0.0009561871235322927
2011-07-25,0.0,-0.04161373693474102,-0.04482895768178852,-0.0426562059661868,-0.044530847796295014,-0.04441120667099829,-0.03813045966206441,-0.03867241172195934,-0.03761500492573122,-0.03403184824048722
2011-07-26,0.0,0.00812567819197163,0.008626541368286889,0.006661241142583707,0.0023511911218245807,0.0027875228003071406,0.0057158090348381485,0.005415831893446743,0.010993239524436538,0.010560652664689307
2011-07-27,0.0,0.009789491296127162,0.017237541170720627,0.011020075520030037,0.01646585648804133,0.01197626683051256,0.014253318403152138,0.015290843624942818,0.01091783115596523,0.007049802794778737
2011-07-28,0.0,-0.0049731832111423735,-0.004127545448137204,-0.0053424487957149935,-0.003939128948549531,-0.004227939758487453,-0.005578148114715797,-0.0051187128487582,-0.00554040020893054,-0.013510434825930617
2011-07-29,0.0,-0.0007929240275844629,0.0009626791419734548,-0.006986672304636343,-0.011331075710601879,-0.00785668776245374,-0.009175829143290182,-0.010409501069166383,-0.010149208308424584,-0.009960693588057845
2011-08-01,0.0,0.0034671976476574606,0.008802090019347952,0.0050154762238137085,0.006107925619012411,0.005949331438796168,0.0023970627329468197,0.0059878634575221135,0.0025031022337860254,0.0026729608460445142
2011-08-02,0.0,-0.008689410929209829,7.478341297351143e-05,-0.006704786611680835,-0.00779946703829093,-0.0049892149512484885,-0.009015490083484567,-0.007974439352290807,-0.002780036771993566,-0.005288845432159017
2011-08-03,0.0,0.012024932019462309,0.0013336396034522302,0.0032429657223260744,0.005665343051723948,0.0046445136439075,0.001766577612203335,0.0014527960385042338,0.0008815816473628502,-0.0026093543266686448
2011-08-04,0.0,0.0020376728869588856,-0.001570532688742854,0.003923110143600139,0.004965089385502219,0.004260998302191954,0.004561835226631228,0.005012827388802377,0.008203586324602385,0.006785365670249677
2011-08-05,0.0,-0.01878196031863666,-0.03207407045885635,-0.02426057893260747,-0.023589453156495188,-0.025771769022333135,-0.025663389673456383,-0.024589763548587107,-0.019502797456054877,-0.028264394144654426
2011-08-08,0.0,-0.03282951520359867,-0.06381085503443673,-0.05778124352320668,-0.053443164624930484,-0.056854389235061364,-0.05702404461395705,-0.05371120800856399,-0.040892258198824694,-0.05791176532004272
2011-08-09,0.0,0.02015855018120205,-0.006553532957079722,-0.004176725723423869,-0.0009990596233906412,-0.007090053941363861,-0.0044091730241487825,-0.004146625971305218,-0.005923637992591657,-0.003942456711782616
2011-08-10,0.0,0.02206243392475038,0.010201580605944782,0.02055002473727563,0.013177940416519318,0.011023956779426136,0.014699436160388046,0.014931626116980512,0.014734137285856486,0.00942899904105099
2011-08-11,0.0,0.015973836166006228,0.0170314394863047,0.018274721201702482,0.01653093154599805,0.016349274640932165,0.017306688421332428,0.016506619869901318,0.013620332918432121,0.01514893510214832
2011-08-12,0.0,0.025651518804968187,0.013739310548710248,0.015422150314641003,0.011613291504694923,0.011629984012066386,0.008421724096771888,0.009786502644463901,0.008993920831033009,0.012144573061090513
2011-08-15,0.0,0.007853911190310647,0.014482587419981208,0.01692226413022646,0.016155445012902225,0.016143520515321086,0.015611892912939407,0.01611985362067747,0.011769936165797024,0.012792538355157701
2011-08-16,0.0,-0.01476750530306381,-0.012768576282983557,-0.00635655657411216,-0.006705175398277308,-0.007553317157349859,-0.0044544060963926935,-0.008505969123363433,-0.00778925112670692,-0.00831040993472243
2011-08-17,0.0,0.007406738820296077,0.001239520065239752,0.0013611926261316576,0.0004906475334727212,-0.0013729087505464088,-0.0039423746613499455,-0.0026758431797582194,-0.0028080995234016637,-0.002328825465109041
2011-08-18,0.0,-0.022629331456001878,-0.017232473979554408,-0.017622509254757723,-0.02009679031829581,-0.020524564199570938,-0.01939688128286643,-0.02119179652021075,-0.014745186397796872,-0.015208005320167084
2011-08-19,0.0,-0.0073707570386243315,-0.004573199999428845,-0.0113534548476395,-0.010326065452975985,-0.011004560693414267,-0.010283462755953598,-0.008727056190812266,-0.012202072778811135,-0.00907057753637408
2011-08-22,0.0,0.004915821590000258,-0.006134718239346637,0.00146201140685287,-0.0027708801719289466,-0.004529677715305214,-0.0013359207652612337,-0.004849000049490404,-0.006873257077044337,-0.0038527795708672707
2011-08-23,0.0,0.024886229032076823,0.021379574545317137,0.02379332960992886,0.018646517908469384,0.018166537728371956,0.018921698484903438,0.016438097343134395,0.017914377518119196,0.01620848347995163
2011-08-24,0.0,-0.006526444985986646,-0.00025367447198088033,-0.0043630114767847505,-0.0012249672259454503,-0.0020329076006213587,-0.0013004131774614347,0.0014763921612082065,-0.00507187905091544,-0.0031347685739434583
2011-08-25,0.0,0.015621441980173012,0.02232936097208804,0.020442411293580598,0.019835813811065917,0.0215858452899782,0.021810649137256943,0.02227096489165059,0.02385051495735868,0.02382275196574235
2011-08-26,0.0,-0.0006463520926597299,0.0046771366403333126,0.004945947151638208,0.0066650655425475325,0.00364941785797801,0.0019611782150819046,0.0020724773207656533,0.002708416132656044,-0.00037428155911078953
2011-08-29,0.0,-0.0022398102220998473,-0.007786058339652513,-0.009895924764289465,-0.009437296778251114,-0.009032026461331388,-0.010662588130332495,-0.011454780335138692,-0.01070326088499729,-0.014762583271118568
2011-08-30,0.0,0.0036590118213635225,-0.01390507414383868,-0.0060700445104564515,-0.008808522401510865,-0.009998814332271122,-0.006674132806388178,-0.009293593320616633,-0.007641062303894941,-0.011617125202757594
2011-08-31,0.0,-0.01367412572646165,-0.0021660478515075354,-0.00508183713355137,-0.002062035384466032,-0.0034491046309852447,-0.002893941524960919,-0.0023096600809550116,-0.0026804899725958453,0.002604673036276317
2011-09-01,0.0,0.003201411392558695,-0.0032023485420550335,-0.007555951261808191,-0.006667232224328967,-0.009700310906924137,-0.005945108354630024,-0.0050680745034601404,-0.007304808497977544,-0.007610601311520249
2011-09-02,0.0,-0.027486053098456642,-0.013114197979428477,-0.012235576329740816,-0.01405892680381915,-0.0122961383344391,-0.011571792305537731,-0.009768501390606588,-0.014277354824978383,-0.008699179036696258
2011-09-05,0.0,-0.015615781538416695,-0.023321991247531426,-0.022753975327653664,-0.024148393985565453,-0.02423705413542554,-0.02434129812179986,-0.021815153578156332,-0.02183016673551641,-0.022291581798172477
2011-09-06,0.0,-0.016245743712944738,-0.01059632058279325,-0.0029797454603396334,-0.005598714362721746,-0.006794985084749627,-0.004645846862523451,-0.006054808744188955,-0.005778516167111003,-0.003065162596733617
2011-09-07,0.0,0.02450368616825438,0.028072089887278606,0.026021839130758506,0.024645621733840217,0.024241684408406794,0.027339924833211127,0.02378978272207588,0.023625949649504818,0.01969101425215225
2011-09-08,0.0,-0.017151773149795768,-0.008539141502709069,-0.008790127262014669,-0.011282408207337835,-0.010423076945967669,-0.009976052856426998,-0.013987123525548761,-0.011293050275129835,-0.010560368661312158
2011-09-09,0.0,-0.0028945616857698475,-0.0036369116205584584,-0.005636395278817097,-0.004538854214411914,-0.0034115044029054964,-0.00045539815601491895,-0.004837802506207467,-0.005088117149839699,-0.003993953394030081
2011-09-13,0.0,-0.01567299184670412,-0.014318861099483438,-0.014058974944755387,-0.012653757626557183,-0.014726674609783386,-0.012391518118655243,-0.013337506710734304,-0.013136337961667799,-0.010917827147808312
2011-09-14,0.0,0.016381768553187293,0.0121014896040752,0.01069748115095015,0.01403840813431012,0.011544123064769707,0.011937879692766495,0.011579134778725297,0.012149873280278722,0.010149516148619364
2011-09-15,0.0,-0.000993237492082133,0.0008767043270021535,0.003819092930480883,0.0019415025834790267,0.000999118824363654,-0.0022660692538954974,0.0007367712681125571,0.001524325625046563,-0.002795549146402565
2011-09-16,0.0,-0.001756570944723368,-0.0012957294241850992,-0.0009211736590396535,-0.0022585918358840607,0.00045295780648779704,-0.0005624335898058996,0.0017971961328060448,0.0019583165558541005,-0.0026291616786631167
2011-09-19,0.0,-0.02746348900347062,-0.021197567740872336,-0.01759732872631692,-0.01830901456547962,-0.020916363764951762,-0.019778766922561974,-0.019139876468331485,-0.02127385410212812,-0.020304449207448116
2011-09-20,0.0,0.002891248632920229,0.007845171722394184,0.004417409002477335,0.006028112566846211,0.0036033301830251663,0.005767529647694003,0.005704275729984776,0.006910916593787508,0.006740917403801561
2011-09-21,0.0,0.025739052422977027,0.02690756653327475,0.02691612041526681,0.028766346054478253,0.029752420351930597,0.028581953735127508,0.029196288308315,0.027927940663373896,0.026648324179290972
2011-09-22,0.0,-0.03375682787904111,-0.0313292188159755,-0.025658923724962146,-0.03051266766414329,-0.029930352978848607,-0.02868981034220741,-0.029510167879037152,-0.025653017887390717,-0.026411269469351017
2011-09-23,0.0,-0.011617855634995289,-0.009009886443641202,-0.006646380565830556,-0.006739367583447953,-0.006581239485049517,-0.014510150385660059,-0.006645535837801364,-0.007157934702837543,-0.00648383685722409
2011-09-26,0.0,-0.02762841081950773,-0.017573123006454416,-0.01113272579788338,-0.019776636459964192,-0.016714649019261674,-0.014849317716140287,-0.012768314515378743,-0.02195054943211472,-0.0123830106259476
2011-09-27,0.0,-0.0010099780552148552,0.007551016658810639,0.0026877974762911094,0.0049943979839335295,0.005577256668822583,0.0036128287162209283,0.008409353756723359,0.009955066776538235,0.007189255652935156
2011-09-28,0.0,-0.021918814641466056,-0.019509716228717,-0.01822965628569051,-0.01657342845346843,-0.016108824481621986,-0.018311127973596464,-0.014469056812143388,-0.01614518050792879,-0.015077801553523229
2011-09-29,0.0,-0.003979238496175541,-0.03032634458436545,-0.03493325098293454,-0.029695810834023395,-0.028544560708378963,-0.03676912724622139,-0.028106152186541555,-0.027259296037908443,-0.03258298010621963
2011-09-30,0.0,0.006676026459744522,0.00032759844554419715,-0.0002284466162990606,-0.004148429948241272,-0.0028733630815762634,-0.00949077079055316,-0.0036289691126303314,-0.001952137978232793,-0.0019222870358824862
2011-10-10,0.0,0.0004034025237769079,-0.004609312894420126,-0.003974228891197917,-0.006121945925256389,-0.005214518027164217,-0.0025141285166127014,-0.005522317702333024,-0.003514583275921246,-0.0022446137740453898
2011-10-11,0.0,-0.005667847331029541,0.003812889251181284,-0.0026768674340802434,-0.002236725145873031,-0.004366300353966457,0.0031942120520451756,-0.0005997611087632526,-0.0010718919908575542,0.0018388483509221842
2011-10-12,0.0,0.028892399314087047,0.03696640194696332,0.03320463054724887,0.03571057572519387,0.033738450963800126,0.03526463335643526,0.03580167255534117,0.03654509281434071,0.030901086075811657
2011-10-13,0.0,0.008345137341545739,0.007824864712754787,0.013813260706347918,0.013835701112759224,0.011434863892619385,0.013043330057044944,0.010767842971230568,0.010708722840458984,0.01361779713230371
2011-10-14,0.0,-0.003973795395024293,-8.178438897410434e-05,-0.0019845794063243494,-0.0031362276515614074,-0.00419559031820127,-0.004688059798702016,-0.006754141930787161,-0.0035542532520824732,-0.004094354937239086
2011-10-17,0.0,0.0027324313818393176,0.008804901340016436,0.0012259181186193846,0.00325863906459678,0.0015626817537512938,0.004018737283066454,0.0012698164368893927,0.0018170371655699125,0.0045523405111185244
2011-10-18,0.0,-0.03579665714116553,-0.02729493260374316,-0.028332308997663258,-0.028894822135526854,-0.030790179279242436,-0.03306197334229144,-0.03329852325116145,-0.03525017644278616,-0.029793677145663833
2011-10-19,0.0,-0.014507268227636594,-0.004211649073463497,-0.004597594933668847,-0.003973798622849745,-0.006344037342638664,-0.00286756703804103,-0.0020267045089381597,-0.003081190845184878,-0.006423454026620257
2011-10-20,0.0,-0.02277974919015846,-0.03108579030379799,-0.030451718567868657,-0.029239710224689186,-0.028597177350096703,-0.026997346109162712,-0.025669122735722305,-0.026020028309474585,-0.024050096835040558
2011-10-21,0.0,-0.023940660530745395,-0.00972005431700207,-0.014051525097915518,-0.014309564847215128,-0.014008520710641958,-0.015473101528894917,-0.012531597614669931,-0.017960989826117824,-0.012602787077820254
2011-10-24,0.0,0.014165140241351848,0.021884644757049543,0.016754035573516957,0.01636102080177082,0.0180502139812031,0.021018756828253604,0.01929475368667055,0.02245910414313812,0.01701274840382183
2011-10-25,0.0,0.032264907087110606,0.025892208220511748,0.02539331713072479,0.02715746368039973,0.026442439878359147,0.025220715835684304,0.02474701628191789,0.022281052196120532,0.02257138863357966
2011-10-26,0.0,0.024694007161849996,0.0032472664304394883,0.007495217063253845,0.007954405171680223,0.00925613640309031,0.006101717818805197,0.00759855523924835,0.009803200719156191,0.005634425936613008
2011-10-27,0.0,-0.002764211896850277,0.007500947060780083,0.001586068933049578,0.0014778805443389498,0.004723979873418438,0.0011274241473751,0.0008943661688016746,0.0010786080408506926,0.0037011162523328256
2011-10-28,0.0,0.028576920475064327,0.01812636072424234,0.023195561021750466,0.020973198704280716,0.020693701792269925,0.021272993228294013,0.020236965997860956,0.021380387793656253,0.020369375053527428
2011-10-31,0.0,0.004055876412834003,0.005884457364070839,0.00424301418612516,0.006932884120064209,0.006093644206469184,0.004533702081689572,0.001735955657014454,-0.0005732795353026177,0.0014178311484285278
2011-11-01,0.0,-0.008529407423713331,-0.002200915545791715,-0.0008830961714794139,0.0008848740616145268,0.0003298668031772589,-0.00043811889600631204,0.0014206844658621876,-0.0029778345652130556,-0.0026801019586966124
2011-11-02,0.0,0.020778393552725927,0.011811753063732722,0.016323646780110224,0.020417486179089783,0.017286516102434257,0.015383262569386158,0.015526706108098143,0.01363807954176921,0.0119695466275338
2011-11-03,0.0,0.0032649030968729953,0.006447976616390072,0.004758406126194936,0.004592276072195256,0.006172596045267653,0.005222422800811755,0.0035161455293035715,0.00747803706349881,0.010674529308416059
2011-11-04,0.0,0.0011578879993641156,0.008755496761094106,0.00880196703441194,0.008209166918603517,0.00880568052524544,0.007161906504949078,0.007264153973206122,0.0072311962030002785,0.005752107397315687
2011-11-07,0.0,-0.007779434473293212,-0.006514990645968055,9.604091237069845e-05,-0.003585520749598836,-0.004798572571449777,-0.004787941039037902,-0.004458283945479646,-0.0015611788809484217,0.0004831747431848221
2011-11-08,0.0,-0.014106857492794278,-0.015310396444928376,-0.01645822805851127,-0.012986962584768391,-0.008551764724778255,-0.009619211008930595,-0.00956476198282763,-0.007381956553603519,-0.007120175551913022
2011-11-09,0.0,0.016324109466667514,0.015622188824725658,0.015953055021837637,0.01477327173403542,0.015517869522956085,0.015623197436578584,0.013278302982707713,0.012719267685105118,0.00871457909573925
2011-11-10,0.0,-0.01302287668302582,-0.020643092373411998,-0.013616399710425275,-0.01253232451196229,-0.015844257781130633,-0.012412412468882028,-0.01570009236851022,-0.015841736545712304,-0.01709422775323355
2011-11-11,0.0,-0.0018911904450716888,0.00045835790444215263,-0.00038144212964486,-0.0016590097071771392,0.0031470800517288122,0.0014123234033773802,-0.00047459004416150474,-0.0004817593524458763,-0.0015115740562265945
2011-11-14,0.0,0.03606076018066595,0.02325098687929006,0.02161881148664002,0.024938788314483817,0.026271140723432396,0.019875790263715887,0.023926017334013006,0.023680087415063555,0.02615100215963717
2011-11-15,0.0,0.0026994806331972487,0.017215762444670046,0.004951922094885486,0.007502939336823333,0.005460254657202457,0.006031938675594262,0.01002973307051458,0.006919739936299685,0.006285409984023049
2011-11-16,0.0,-0.022330661142116903,-0.0259408173117871,-0.026916220335770458,-0.02636651429964021,-0.0263999017631964,-0.022542974251187342,-0.025876673298317332,-0.02520106769721009,-0.017263881370524925
2011-11-17,0.0,-0.011240177501971815,-0.0024259040488334715,-0.00046468659203757756,0.0003938878770168852,-0.0015994342127321204,-0.0003100895854343255,8.571022601255862e-05,-0.0005656563260745262,-0.002630307012921218
2011-11-18,0.0,-0.03502832416923163,-0.027062498486221886,-0.029051414034527934,-0.029366494896339357,-0.026240049637784812,-0.02658222522757414,-0.027823258700941822,-0.02291199844933267,-0.02975445728317938
2011-11-21,0.0,0.003466129784729155,0.003325690508582335,-0.00016970278973560404,0.003515265438506887,0.0032382516464997124,0.001333507325610661,0.0004111132560231656,0.0009490292945113499,0.0035992738453689554
2011-11-22,0.0,0.0049169460776787854,-0.005519993261898559,-0.0026928693505361423,0.0016458035554478556,-0.0006523146220249743,-0.0007034046070489852,-0.003276358067942353,-0.0036174418602240577,0.00016594743940578915
2011-11-23,0.0,-0.016395382505160927,0.00026081003342914855,-0.004003905852717926,-0.005318367402665669,-0.004407940867573457,-0.005650126346173123,-0.0054532279854456744,-0.008339278919974658,-0.01034754448781472
2011-11-24,0.0,0.0019763188131991516,-0.0030899954548218034,-0.002675772076838001,-0.00024599585998730245,-0.0034300123387244197,-0.0005631680456765764,-0.0014392091093222703,-0.0036716247708615812,-0.0002577856988388305
2011-11-25,0.0,-0.008662123194376314,-0.010585595377677226,-0.004118512360146931,-0.009169895673046269,-0.007589147477425673,-0.007781631559001356,-0.01111889313663561,-0.0051950792492981845,-0.003606608120642174
2011-11-28,0.0,-0.0034008745289830777,0.002782412866428663,0.0003837697901272197,0.00014098896486891555,0.00023576949788384205,-0.0009386099389057101,-0.0012070763850279276,-0.0011100032519492098,-0.0011732555827681512
2011-11-29,0.0,0.017858415727748822,0.015440789962399393,0.01496203812710073,0.016617305257279558,0.015498177355438791,0.014163546226805934,0.013796497371070693,0.016485757261169853,0.016025836138772398
2011-11-30,0.0,-0.05193890625608,-0.04476769473105402,-0.04167069293466241,-0.04884877236366969,-0.043851283115122985,-0.043697034319531314,-0.04299115169892265,-0.04026764837899299,-0.03590051037937758
2011-12-01,0.0,0.024427962232583367,0.021332107891683494,0.020395198420117833,0.02287389185562483,0.018165171772419608,0.018732281463083034,0.01788877713320436,0.017397625198331435,0.02301269348890922
2011-12-02,0.0,-0.017481036695206842,-0.01695195476571154,-0.019896128345549546,-0.017981657538425733,-0.0180392794883385,-0.019405774759674976,-0.020632401470325967,-0.01865028008313563,-0.01619156082160267
2011-12-05,0.0,-0.019714672907008124,-0.033879853785388936,-0.02703257598814246,-0.02610551040878173,-0.02900164809911543,-0.028453404599193988,-0.02844021057651791,-0.027015447721895458,-0.030809845149718074
2011-12-06,0.0,0.009093653906045551,0.0010041795699697875,-0.00023813918388282396,0.0019466903912876976,-6.782717859865617e-05,0.0006483894068296525,0.0012525752460410544,-2.825064878708705e-05,0.0033839172033116593
2011-12-07,0.0,0.00674762212858071,0.003277361968920811,0.002513876167713258,0.0019301003422989016,0.0036140524141847763,0.003747291166597666,0.001455514483710063,0.005123666005508953,0.005734120905961815
2011-12-08,0.0,0.007820393555834748,0.0016752701494253674,0.0002810853506551858,0.0028590573808706665,0.0013585515032390472,-0.001297527175474933,-0.003049433607688723,-0.00036180698703669467,-0.0017275744131998172
2011-12-09,0.0,0.003673719755333149,-0.006071420410045492,-0.006453926294102463,-0.007125170264451919,-0.008168167944184734,-0.01006889662677879,-0.009774851779970395,-0.010184068001265256,-0.008122634978892318
2011-12-12,0.0,-0.01671513251817114,-0.013072469838179779,-0.011474439571049766,-0.01152163478515933,-0.011154830700537688,-0.010767448444216954,-0.01210115898571229,-0.011799194725634954,-0.003240019863631538
2011-12-13,0.0,-0.04077187417389572,-0.03248451804007235,-0.039360882614714265,-0.03589664466100262,-0.030091674055686135,-0.03613720573604562,-0.0338708356961841,-0.03002779800434152,-0.02937567158555432
2011-12-14,0.0,-0.005314643514279127,-0.023375128139928036,-0.017945976932800756,-0.016083693634699192,-0.011919819944240295,-0.019286248379948745,-0.01893409284736347,-0.01996868134710328,-0.012173176868255253
2011-12-15,0.0,-0.005306660634402993,-0.032119596877227985,-0.02842294960206193,-0.027182928665827277,-0.021088398159436972,-0.027939872476297256,-0.024744872783804994,-0.031930470311722026,-0.03632091354669298
2011-12-16,0.0,0.04106420111645237,0.02958439208668895,0.02769037801443197,0.02714653074386475,0.025185900551415896,0.02799172014412954,0.025343746396613964,0.02846568312024278,0.027477990824577248
2011-12-19,0.0,0.004302762809585525,-0.0032217315479862174,0.0036133813144130222,0.0023994058736549473,4.907389818975538e-05,-0.0010748396427838758,-0.0032572399012334996,0.0034665904664239466,0.004614142991868242
2011-12-20,0.0,-0.009594810772346696,-0.005356825174705815,-0.003212109177578859,-0.0017729981321623622,-0.004422869098732685,-0.001135130887133684,-0.002133220425882598,-0.00027904605466688714,-0.0031628909961084473
2011-12-21,0.0,-0.027794310862419347,-0.02557960031446238,-0.023057915067803525,-0.025249788365626302,-0.020452524302980724,-0.022994154805359823,-0.022852865823831614,-0.019214810081474742,-0.02140246890969122
2011-12-22,0.0,-0.004769778104127043,-0.01606511907600605,-0.018899665766881846,-0.01724737748325933,-0.015816727954266585,-0.016494794282308822,-0.01619298513898948,-0.007174372468493284,-0.00924720211745067
2011-12-23,0.0,0.008428620243102536,0.010336095284145363,0.01055695124143563,0.00780635495081361,0.009230409842809983,0.010095769405463084,0.013359665919294716,0.013384395866465892,0.006623565997188496
2011-12-26,0.0,0.0007224978745166144,-0.004447878161028762,-0.005789859568908429,-0.008994389311805628,-0.005221170010044074,-0.003682166753951388,-0.00565737315959447,-0.006281700947125879,-0.0008098167205639051
2011-12-27,0.0,-0.03221046952166495,-0.028034462484423317,-0.027498512384381835,-0.026415753083876004,-0.026645236478620715,-0.025958380556579952,-0.024815133093411545,-0.025579866738050572,-0.017749688829951205
2011-12-28,0.0,0.004147059606657066,-0.004130979531754564,-0.010224667679726296,-0.006766139740292165,-0.004412641566991948,-0.002280328693532785,-0.004697471817740606,-0.003314472313996508,-0.005777411535848875
2011-12-29,0.0,0.002365099852153385,-0.005329843408123813,-0.0014719646081700066,-0.0015497612316830445,0.0014813036927490142,0.0011494328813601573,-0.0008368700758702996,0.0009224998737893397,-0.002834255575665079
2011-12-30,0.0,0.02250572617980451,0.018553804470478052,0.016476075673365953,0.014923116861065733,0.012267878039911917,0.015458933852743106,0.014065310288901456,0.013656964322814158,0.015595780226250966
2012-01-04,0.0,-0.019206647959204792,-0.022783695052283504,-0.021916828890675255,-0.019506359406967988,-0.020740885123485597,-0.0233820099140869,-0.02103727835764324,-0.021636304112826243,-0.02225794712276763
2012-01-05,0.0,-0.041003315393503326,-0.036844145972798836,-0.045039944623066375,-0.033699201812228075,-0.03375267117596936,-0.034611578566786316,-0.04030706073924428,-0.03021408321129926,-0.014192884844060893
2012-01-06,0.0,0.00595076339092504,0.004348313619387145,0.004356700232529098,0.003455871816544276,0.0029872221753908246,0.006976193727511237,0.0038359319736671615,0.003303657523234582,0.009874514222306674
2012-01-09,0.0,0.047646013097631945,0.03987679717717918,0.03969642893028369,0.040158439660300305,0.037900573769298784,0.03907537059467492,0.04039402866739561,0.04045193181146178,0.03315571427237929
2012-01-10,0.0,0.033529858388723355,0.04187458291347035,0.038308357845468155,0.03811559230315642,0.038055989836735415,0.038181965302369836,0.03960593596452,0.038447130298929766,0.03157244761512534
2012-01-11,0.0,-0.004334231259795485,-0.0024564118068299834,-0.001416597375732187,-0.003333460453591619,4.059111146403893e-05,0.0006036780396565522,-0.0018141385792407316,-0.0009493677535813427,-0.003571252981860118
2012-01-12,0.0,-0.004533921201265945,-0.0008624004049838652,-0.0012153415465754325,-0.0011917554427340882,-0.0026678220528492114,-0.0010036000631570285,0.0007095017672380521,-0.0015203593489500067,0.0006531243172605006
2012-01-13,0.0,-0.035198722626338275,-0.032254096903863494,-0.038870620615592766,-0.03588029615533217,-0.035337557344386594,-0.033174181833229954,-0.03441138812146938,-0.0317248838548978,-0.024633670124486806
2012-01-16,0.0,-0.01647244789625979,-0.021727899635683667,-0.026265676628560497,-0.03098879197244353,-0.023500160842992113,-0.02708801428321883,-0.026634290640290548,-0.026892283405993145,-0.02202364381177757
2012-01-17,0.0,0.04997243929366424,0.053319081032675575,0.052134060537613935,0.05145405740283948,0.04954496815837972,0.05353564566695046,0.05939697536707156,0.0532834420808741,0.048018888664786985
2012-01-18,0.0,-0.02398531946129545,-0.019228941463532823,-0.01701130089846259,-0.02416198945693937,-0.02123098045859173,-0.017725131883617573,-0.018499149289546102,-0.017376713268842936,-0.013365962855615976
2012-01-19,0.0,0.016167369799290343,0.008827460669843967,0.00872466480813805,0.00925149518028423,0.008958836233743162,0.00852039543889993,0.011295466811978683,0.012100367088884623,0.008108474249098663
2012-01-20,0.0,0.013259598197365996,0.013017314989565598,0.014002796046169275,0.014340993909937927,0.011684612474637923,0.011569063409554214,0.012286328356170273,0.011166470353656477,0.00742528556225408
2012-01-30,0.0,-0.01761637549383588,-0.01066033433979574,-0.002587244241686326,-0.008092970840983926,-0.008508189211826167,-0.009613437095101762,-0.00937513018221714,-0.009431848224571215,-0.011659154460987975
2012-01-31,0.0,0.002200924026106721,0.0022726627292706247,0.003831164227449113,0.000508028266034799,-0.0001424314326952114,0.0016293404777021347,0.0015794423024573234,0.0039936938118299015,0.005095670189504187
2012-02-01,0.0,-0.008583994530829697,-0.008461014311166637,-0.0067339733193322315,-0.009552504768028824,-0.007703849250610739,-0.008507804975401823,-0.00837507946100935,-0.00978679232094648,-0.004661061952021317
2012-02-02,0.0,0.022948054395649953,0.023599877276075487,0.017778744771951516,0.01895196090649076,0.01848430024744796,0.019534278167769425,0.01666378797037349,0.016330716861066907,0.014655852779952738
2012-02-03,0.0,0.014226833154645346,0.015225977556876158,0.0141077822048985,0.01655890621185585,0.015008017238428595,0.01545091004116994,0.014451273216978588,0.011539881478511482,0.011354977218659856
2012-02-06,0.0,-0.00789832509159849,0.006618215575788788,0.006491896808072717,0.006742622096274964,0.00915550730631809,0.006866472356438003,0.007128177958265924,0.007619391878838089,0.004536708609481188
2012-02-07,0.0,-0.020042862288187968,-0.02160575664476283,-0.017294684276634387,-0.019362039687291666,-0.016065666642621657,-0.018052010139873897,-0.02046738348271282,-0.020738990363977083,-0.015887028605610642
2012-02-08,0.0,0.027170881543149505,0.022557317610735428,0.024764406256907234,0.02683063967888355,0.024535417123962455,0.027308789891122842,0.026166237861237285,0.024232296598672987,0.0252843907358693
2012-02-09,0.0,0.010868224549946737,0.007103184103237403,0.009910368329114183,0.0074944152060680835,0.00695015058783599,0.006600339830986401,0.006514711901450587,0.005514561372666593,0.004000936951940703
2012-02-10,0.0,0.016100104102104273,0.011531999909546675,0.008579720782603939,0.008425093844360187,0.0065660720591125266,0.005752584426927276,0.006042791432304462,0.005805327142203387,-0.0010227031408688303
2012-02-13,0.0,0.008668316821436317,0.007680386947489737,0.006901801514900052,0.009861508935818719,0.007736317358138622,0.007284934337491666,0.010151488604967174,0.008058067201716757,0.003947252657874545
2012-02-14,0.0,-0.0038361042491922293,-0.0010434528814151633,0.00484067908564767,0.0037412208129075086,-2.1808299978109957e-05,0.0017051017230873544,0.004666233139112963,-3.607483579559645e-05,-0.0003334334199684985
2012-02-15,0.0,0.015207480378396143,0.016992109006935152,0.014522304175742962,0.0166646793271521,0.018144471715497046,0.017142832099367844,0.018930665871579322,0.014549802368622133,0.022102960439595254
2012-02-16,0.0,-0.00456099018223155,0.004663934996910424,0.0004926635182005423,0.00048312613327050613,-0.000200730141030947,0.0013390858437662967,-0.0004602676580636178,-0.002062423121958701,-0.004518999676578095
2012-02-17,0.0,-0.0036061097149955312,-0.00423692605746806,-0.00017273586179600287,-0.0034179469396552475,-0.0043444966214619685,-0.005912180326541394,-0.004899144320476334,-0.0032026620837153352,-0.0015291865682932615
2012-02-20,0.0,0.009094897182825745,0.0063550915068482094,0.002907338301143536,0.002958059363271648,0.0012818664898177623,0.002762946540784794,-0.004506410777998737,0.00037097619787318514,0.006704030124720539
2012-02-21,0.0,0.01935464550992627,0.008769373701152272,0.009259671036786266,0.011200249726550426,0.010891142790620645,0.0102902518826129,0.011332001588226781,0.008681600955826374,0.004923197367642906
2012-02-22,0.0,0.02767931277491309,0.023656520536242454,0.021714858988393093,0.02036039694410241,0.02139683282621041,0.016501272328932615,0.019302930312218747,0.015956518315237922,0.011427169626917921
2012-02-23,0.0,0.008035834959048138,-0.001697754515423533,0.001748725461182099,0.0023380036849378616,0.0021469054556602085,0.0008666956424066008,0.002207805101629212,0.004043326024196325,0.002121914712689632
2012-02-24,0.0,0.019136351072596813,0.015342419913032534,0.016251489425265664,0.016371175743037147,0.015131802843495024,0.01738861591669072,0.014215795340872583,0.014767045631648656,0.011475309118746724
2012-02-27,0.0,-0.001100529237368142,0.004114144422908028,-0.002455029905647832,0.00295428076197779,0.0017707576899081978,0.0006337864550036709,0.004634611733179472,0.0022835314843625554,0.001972178442119832
2012-02-28,0.0,-0.0035169170698189367,-0.006313372062500933,-0.0062611354754504855,-0.00490561496348918,-0.004445290828468673,-0.005337335022422618,-0.004007074660951959,0.005763172405740313,0.0002846558363800433
2012-02-29,0.0,-0.030291846210953155,-0.012638839394907952,-0.015884985897707704,-0.011750806659958535,-0.015216095346832992,-0.01580186538461259,-0.012961396738589315,-0.014937265818331769,-0.00959077084586768
2012-03-01,0.0,0.005531455618896786,0.003918753569474909,0.00560828809783942,0.009093198955513637,0.006008144020876349,0.006854228479858504,0.0056725085763238425,0.005109946870217819,0.006742585847334892
2012-03-02,0.0,0.031080312149840195,0.022683136827272632,0.021010366731889274,0.021291381135222,0.02006909344621266,0.018984457191558946,0.01930656180257584,0.019001387325149777,0.014353712815980524
2012-03-05,0.0,0.0020555410534546237,2.3536654981004546e-05,0.0052620281550948,0.0016001361491442267,-0.00022042707452785137,0.00014761239238469948,0.0021661071162806245,0.003901201586023584,-0.0029357898404835936
2012-03-06,0.0,-0.011203105408145286,-0.00957919454080114,-0.006638523279481889,-0.00946182651927241,-0.00847786288134933,-0.011136250378766421,-0.010215214049213217,-0.011499433433512452,-0.008676186687928134
2012-03-07,0.0,-0.002552456674906889,-0.0049260007188950405,0.003526293100968081,-0.001914791131267135,-0.004410377246144237,-0.005047259346747102,-0.00802559629468147,-0.002716699926685995,-0.008429046098104576
2012-03-08,0.0,0.02607857668447844,0.014663458022998954,0.01761680715368308,0.01463423846178391,0.013742860694938575,0.01661410223397075,0.014552534577633391,0.010913471661850416,0.010459862095889338
2012-03-09,0.0,0.016370540820118462,0.014527436418867445,0.011722678503597095,0.012630047756397866,0.01343871931495233,0.01315271907658766,0.015234563275424717,0.012435443347206032,0.012626270055899669
2012-03-12,0.0,-0.007915359956912726,0.0031969232261059854,0.0033267031579999884,0.004368079119072776,0.001616492666324909,0.0006478234716915665,0.002610591625236802,-0.0008057553503056925,0.00024884229529598123
2012-03-13,0.0,0.005627528577401675,0.00984822105064631,0.011265940874356506,0.009497082759651887,0.009304185209508598,0.011456789233773801,0.008688521980338093,0.00717651295264754,0.007734693787174729
2012-03-14,0.0,-0.043867386161971056,-0.055279696069803874,-0.04341762284149564,-0.05075632994571755,-0.04490115629675273,-0.045902069160805525,-0.04316076652000311,-0.04427787169577724,-0.03237171366188729
2012-03-15,0.0,-0.016934589729404093,-0.016419859184606422,-0.010050526143032812,-0.013975167996083782,-0.014622688761315561,-0.014742892453144751,-0.012785134242096152,-0.01619655912793172,-0.016510797536228194
2012-03-16,0.0,0.035290346872041356,0.022970029367439304,0.025251174307830082,0.02458862342404089,0.02432988838394823,0.02511057677907269,0.022278183421411857,0.021879991448126468,0.02497710319452362
2012-03-19,0.0,0.00788960503662417,0.014593669173203594,0.01330547584373476,0.014569420791190613,0.012428659406224396,0.014080370095495454,0.009929214418482823,0.012770578397772736,0.020122892206941856
2012-03-20,0.0,-0.01994755384864455,-0.014555696242437022,-0.020022971323438776,-0.019537433328485454,-0.02050914147254468,-0.019615905175417225,-0.020535070723554538,-0.01889979635681449,-0.018476153579983
2012-03-21,0.0,-0.00040102939911779156,0.00025813990765288786,0.0015996256645176565,0.004706370951142347,0.002720834136680672,0.003943122495064566,0.006505519435668461,0.005665752167479887,0.008841102816614876
2012-03-22,0.0,0.012456206963451955,0.0033823910665968793,-0.0021205673625064314,0.0009274654874982247,-0.000886851639709918,-0.0032790652809119303,-0.003750030477329802,-0.0005008133136268356,-0.005940724827731114
2012-03-23,0.0,-0.017253358314196388,-0.020880673587661214,-0.018490907152529212,-0.019709653799656612,-0.017617318294807394,-0.020040386002829758,-0.018437486202677045,-0.017656392985871516,-0.01972866076559676
2012-03-26,0.0,0.0056819340063340995,-0.00015175816483492532,-0.0012299571320697478,-0.001514229423042246,-0.003855956236129776,-0.0018617727388519079,-0.00027757865925481795,-0.000997854019211153,-0.002752040351416851
2012-03-27,0.0,0.0027425651937162954,-0.0026616540742803174,-0.0014083219872436104,-0.003968635203224102,-0.0019707555939466603,-0.0037424525411783316,0.0009366131035488667,-0.0002439739258868201,-0.0025676242686329953
2012-03-28,0.0,-0.03915265239076671,-0.044114881163781594,-0.04625793366431452,-0.043071370046804724,-0.0483963559306243,-0.04318039884230174,-0.04127260653369369,-0.04099131927931099,-0.03468753918540701
2012-03-29,0.0,-0.008127453342771207,-0.019576547033800407,-0.018621170452569724,-0.013771492313526479,-0.014435667345421344,-0.015223954597905931,-0.018417034060123072,-0.0179105039625731,-0.01485476206709746
2012-03-30,0.0,0.008990948834393553,-0.0004622981135671278,-0.004627625594167739,-0.0007672614344728101,-0.004037894549063004,-0.0018995898861364768,-0.0016402803611104133,-0.003104048041818852,-0.001039594483859485
2012-04-05,0.0,0.029751900612943638,0.029812977664981366,0.030941527652252665,0.033018773678962665,0.029084731480593096,0.02782725770804495,0.029431067722257342,0.026677238044292118,0.025442590415403643
2012-04-06,0.0,-0.000305866233551666,0.010116830363449125,0.011560811466246657,0.007760350367029822,0.010788572850530365,0.0076116056712383084,0.007764799750988649,0.005816656247801255,0.001199475223931934
2012-04-09,0.0,-0.008632246431869994,-0.016036624999021698,-0.01585373519687794,-0.016351481965794168,-0.009331494382545324,-0.014740380088715477,-0.010485149155654683,-0.010263998208991043,-0.012919480965591257
2012-04-10,0.0,0.013293132228107796,0.012325104277299825,0.010674790604442208,0.012788414642534773,0.012921682075763608,0.010285653285879937,0.007780953982518213,0.007035308996478085,0.009322461875884702
2012-04-11,0.0,0.004391130434869828,0.01603943029323185,0.00975570597763542,0.00583853234295173,-0.002078490208588857,0.007609659697163318,0.004977485034162843,0.0023054624362133236,0.001044397412114595
2012-04-12,0.0,0.016219410650748056,0.02643575863846026,0.008548654424593183,0.022527153802277988,0.02073659896500213,0.020992213705456564,0.018963086753970737,0.017694295009714756,0.01836368780109776
2012-04-13,0.0,-0.005348745768768759,0.004775361909280074,0.006847081917061404,0.010296774247549045,0.0009164508701242635,0.010253115864421014,0.005001868113864383,0.00768805786018123,0.008587790065322842
2012-04-16,0.0,0.007718076458890666,0.012825695395983105,0.0021357204987655365,0.0022198216405351356,0.0040559953510337365,0.007272115442440885,0.004900613092281736,0.0001697674287275408,0.005425598133398379
2012-04-17,0.0,-0.024664356947547206,-0.022174312705117716,-0.015709750957538793,-0.01819822556327577,-0.015214867715769631,-0.018150839769050853,-0.013054173438180161,-0.014685544131410322,-0.015618483908321878
2012-04-18,0.0,0.02646710380975925,0.024066859459308754,0.019176098137964726,0.022981049720912416,0.02049921115576714,0.02408328051273556,0.02169813109376295,0.022055413015183323,0.023080136036655707
2012-04-19,0.0,0.0012373022487990326,0.00532216227557325,-0.000722296611796458,-0.0007989598521629393,-0.002733664742279762,-0.0033172179951194147,-0.0021613196312395555,-0.001350050715977491,0.004839064002009952
2012-04-20,0.0,0.01567624809762358,0.01573397193414916,0.013469442721908642,0.0039797759668323,0.009077576163309287,0.009253993459379162,0.009286244256633935,0.00936587196260108,0.006857045256634775
2012-04-23,0.0,-0.00752717213590226,-0.020485191022493132,-0.01545890563777197,-0.01450275029565129,-0.01449609399061047,-0.008810927099109911,-0.008771395008483784,-0.007469540408208131,-0.012083055371590046
2012-04-24,0.0,-0.013709482771250503,-0.00280077776252019,-0.016512045035646405,-0.0025373606028303852,-0.011551386966542676,-0.005255252834023394,-0.004016351487215797,-0.007730733603174111,-0.008594587371219542
2012-04-25,0.0,0.007584463539632935,0.024919262500383565,0.007344217620435023,0.017407385099465378,0.011657661942987785,0.0186949790758264,0.017051152001459347,0.0141026591246316,0.010791496450069493
2012-04-26,0.0,-0.0021095553992196425,-0.0017337751941931545,-0.005985874392440915,-0.007358551136692815,-0.002087171067075788,-0.004203041242998751,-0.007618240059634851,-0.005396720036195846,-0.008742123103488986
2012-04-27,0.0,-0.002668453541039395,-0.01116045274618449,-0.006059176158056179,-0.01497181280302362,-0.0077541826904435895,-0.012117771284389511,-0.005965947473085098,-0.008488754607167803,-0.006977492786568562
2012-05-02,0.0,0.02073085784618467,0.002006526952346155,0.009832557251175933,0.013370501357830689,0.012062566856693824,0.010204309547218626,0.014570908393134907,0.010954895388420205,0.017008613854210708
2012-05-03,0.0,0.0060181551382374465,0.000701976536735538,-0.002485543245931865,0.0026711419041265394,0.0032813954230541675,0.004934029650593308,0.0018168461736312036,0.002661940570752197,0.0005783600626079188
2012-05-04,0.0,0.006191909833508484,0.002368232506108678,-0.0002788897655367816,0.00021696499268154985,0.0018738504677921408,0.00422576695508573,0.0005953809998190838,0.00023854783589153782,0.0006106429439037275
2012-05-07,0.0,0.01044139478689532,0.008138668982674124,0.004407716160638175,0.009312822614258476,0.005097852253326707,0.006307498635309328,0.006087773957190068,0.003517934462053507,0.0024576461376009107
2012-05-08,0.0,0.008851241806622223,0.006489640115401096,0.002832824137508627,4.77706889177032e-05,-0.0011901933816668153,-0.003028083158074457,-0.00032283181864412036,-0.0008325454722722947,0.00473379561244025
2012-05-09,0.0,-0.021018353282495683,-0.0172706297882399,-0.015902885608312323,-0.02320547425176933,-0.021692714211873687,-0.023866552029633503,-0.01956568396833358,-0.015570361319826032,-0.025177931553135524
2012-05-10,0.0,0.0014423157637906137,0.0035126908830056536,-0.0032008821053617353,0.0031404344037171406,0.0008600340436204501,0.0021195795522397365,0.0017468571036733938,-0.0008369348519871034,-0.005394292429447778
2012-05-11,0.0,-0.009818514859882499,-0.0096789440866768,-0.01518334227351148,-0.009402468378792772,-0.005178676820572381,-0.006985565995629717,-0.00585909167318055,-0.009033851373899782,-0.006403320160766834
2012-05-14,0.0,-0.001371846796030085,-0.0045367396794318005,-0.0024851424448872894,-0.003774962938480564,-0.00023933743614501513,-0.0035091822916797355,5.137403275590202e-05,-0.0008272009149725701,0.0021059261806608554
2012-05-15,0.0,0.0003055263994993229,-0.009311056872763346,-0.011375434878923785,-0.0036005528168429057,-0.0027502630197041578,-0.0036042496749848496,-0.006251729226045444,-0.000873641199381936,-0.0002146414515390438
2012-05-16,0.0,-0.007410706115279941,-0.010806377068790063,-0.014469074772611057,-0.01710151878941557,-0.017771412512005758,-0.017564548772328825,-0.013639242788634487,-0.013045208809247089,-0.009829576285774522
2012-05-17,0.0,0.02014432707003322,0.01619199068495658,0.017661417211806807,0.010430127292990532,0.013520850485079672,0.015876624925922345,0.017211757260507943,0.016380557918847405,0.021739962408073188
2012-05-18,0.0,-0.02163305401406901,-0.013951738358505716,-0.013278759039741739,-0.013631961091922773,-0.01512038011906136,-0.01178687104633025,-0.011131177748323395,-0.014207148962647076,-0.005965040430503055
2012-05-21,0.0,-0.012612924742095633,-0.0032294955078773224,-0.009309744644904194,-0.00830256934731266,-0.00856948141814129,-0.004200270583406329,-0.009371440677978238,-0.007686872628491437,-0.009338070074156657
2012-05-22,0.0,0.0028602535977007015,0.012804438546482944,0.011871314999248206,0.012894669829600414,0.011840376595734892,0.008875379436197983,0.004038488276705499,0.01631845669409171,0.013113481550171002
2012-05-23,0.0,-0.0034312680252280847,-0.007337485918164632,-0.002658179983162423,-0.004242321977344754,-0.005117756616656144,-0.005495062618339097,-0.006748895604037242,-0.0037881082800275134,-0.009743774284234785
2012-05-24,0.0,-0.004494785748410113,-0.005521259652013222,-0.01004470702448268,-0.00603365371784792,-0.00742717413482874,-0.011632539265734376,-0.008709159661938193,-0.019518124485127353,-0.009469475221653978
2012-05-25,0.0,-0.02379063889568378,-0.013645116868845175,-0.012124652817437465,-0.015508799724078481,-0.00949831406216517,-0.010749943986979482,-0.013657955461154003,-0.009721088117420562,-0.012500161548910205
2012-05-28,0.0,0.008428497539607616,0.013092903724309268,0.012836797775559239,0.014426680928692814,0.013158070673382483,0.013800397874786485,0.014485635659639673,0.018850565623253157,0.0237609408702939
2012-05-29,0.0,0.019648359113962233,0.011763532398748167,0.014569602983944607,0.005567075495323426,0.013630050719837694,0.013093575275890501,0.013247256219315773,0.014935912211372582,0.02122315404049857
2012-05-30,0.0,-0.007098507718155123,0.0013787452728093452,0.0029257245517251285,0.002393734772407452,0.003569701916706469,0.0019765004103442507,0.001604970127652594,-0.004445084602985094,-0.002020824826089118
2012-05-31,0.0,-0.009694089506276371,0.00252715097340217,-0.0034562912806835877,0.0030733435266088183,-0.003040575181739724,-0.0003292204977175528,-0.001785182557558218,-0.00016236995398044574,-0.0019999984813454663
2012-06-01,0.0,-0.0014966732970113084,-0.0015915304434862554,-0.01006264732044082,-0.0025338948622395385,-0.003221165281243943,-0.002636952285696048,0.0010156990561338564,-0.0034923833453107678,-0.0032532176017653347
2012-06-04,0.0,-0.0466083222705127,-0.03430414259821457,-0.03734159024218198,-0.03672363049601868,-0.034880841003888,-0.03749352954360685,-0.03578095050528274,-0.03620417734379011,-0.03169428874537139
2012-06-05,0.0,-0.011334681694094684,-0.007054588965598518,-0.0010953539233159448,-0.0009270511493347788,-0.0015310590970107896,-0.0032380525814911243,-0.00017923510531525633,-0.003245213279449599,-2.370885183033966e-05
2012-06-06,0.0,-0.0012586891838194392,-0.0013813365146538858,-0.00045838963270872224,-0.003752125589100763,-0.005875342199384459,-0.003456895576339436,-0.0034993971652772515,-0.00220088378871941,0.004742281500608847
2012-06-07,0.0,-0.0032330989917341846,-0.012384752578602165,-0.005626795980490429,-0.004788793688303317,-0.004526402407605601,-0.005158756041333756,-0.0020844692172981016,-0.004599460668525124,-0.007246924829644508
2012-06-08,0.0,-0.009764842637787097,-0.0074387558654972485,-0.0026020555406309764,-0.0070503147499578755,-0.006919279794629918,-0.004307938444025106,-0.0022451676913188834,-0.0046395991990080265,-0.010009056910953551
2012-06-11,0.0,0.026310963080880878,0.0204157317053959,0.019174361434747933,0.017638011584088398,0.01739744917017383,0.014410105674586227,0.013882156124909173,0.01684441666856462,0.011399424768710587
2012-06-12,0.0,-0.011155334436650621,-0.004481233813397711,-0.005029560647262343,-0.012390563179946579,-0.007972938982930944,-0.008049498069478522,-0.015147407683130054,-0.013229687011425573,-0.011624223615289142
2012-06-13,0.0,0.019598343049770595,0.0158987306899927,0.01593363897880873,0.01943243854419352,0.01712461544078847,0.01741431554012496,0.00982717880463957,0.01534259790759962,0.020512041745355702
2012-06-14,0.0,-0.009302510402779296,-0.008581830143481017,-0.007827900572691115,-0.007582275889191137,-0.006776083732631166,-0.005286603279674118,-0.004420107314298316,-0.0033163559694359135,-0.015060288156740431
2012-06-15,0.0,0.004033650286450641,0.0035301827249831774,0.0012566872899393289,0.001793950823584023,0.0006311074725846577,0.0026805736309796213,0.004537664275360953,-0.003169071051708716,-0.00010373358346471573
2012-06-18,0.0,0.013708434174814599,0.008884202505423877,0.007554893249736905,0.008832663785262262,0.0072503396776566476,0.009330437719954343,0.008972492859999681,0.011493644164950245,0.009921664252310114
2012-06-19,0.0,-0.004349324580163794,-0.007327989419452119,-0.007326617600730834,-0.009285761520687164,-0.006295169968535519,-0.006452977573770169,-0.008495427918873366,-0.01060604581650515,-0.013398778138475342
2012-06-20,0.0,-0.0034967605859183015,0.0011823622050268767,-0.003217106497214961,-0.003848056150630441,-0.0013741311863350036,-0.0018329923377788937,-0.00026355053191506883,-0.0006570979389420861,0.002919798626203507
2012-06-21,0.0,-0.014366876782745619,-0.01774062660863962,-0.015334021246272145,-0.016400318337021602,-0.014574584829014858,-0.015170672322866063,-0.012427919330331827,-0.013632458669458392,-0.01259432838141239
2012-06-25,0.0,-0.025058196292429002,-0.023417836523290325,-0.025483481255167084,-0.024778091152354187,-0.030648109287261582,-0.02370254742087241,-0.024759468372357762,-0.02812704639206709,-0.024160480530408424
2012-06-26,0.0,0.006637667680456927,-0.00012673764130821663,-0.0018225544160541673,0.0015785103868388717,-0.0015061354922545345,-0.0015287182945856737,-0.001070464957228845,0.0027774857927111984,0.0005259936872792359
2012-06-27,0.0,-0.0015878627875127727,-0.0014240784994056233,-0.005041993096359332,-0.0008649589639798672,-0.005422991345979122,-0.0024866733731843116,-0.0065452029139024814,-0.0019690385957131795,-0.006043807293296899
2012-06-28,0.0,-0.01704567953024949,-0.014716884416897558,-0.014972416467972982,-0.016366697360780114,-0.014415497209702921,-0.015211623610388636,-0.00946935854450448,-0.017283753338326435,-0.00782904144635821
2012-06-29,0.0,0.013489692670184406,0.012826053564188866,0.011562779580594595,0.01115592306187363,0.009850067680411412,0.006217155963616383,0.004579530970511891,0.015152456414810667,0.014538423379994336
2012-07-02,0.0,0.016797890046736708,0.005055551926630875,0.0072046425350715815,0.009143702986219138,0.008928340765081089,0.007271307784141978,0.0064472909733346295,0.004261577403459782,0.002165556006416436
2012-07-03,0.0,0.00700880851117347,0.004173726401311084,0.0051929454841039835,0.0029885935397899743,0.0014790548030230166,0.004146463994569416,0.0003722938499879369,0.0018412755056018693,-0.001466929691374963
2012-07-04,0.0,-0.0023503883508897427,-0.005250531391983948,-0.004799962539915659,-0.005457661825785998,-0.004288401045225543,-0.002558973095586392,-0.004757629662106133,-0.007137764220420784,-0.008794414892037472
2012-07-05,0.0,-0.022259308017547053,-0.028828422223028727,-0.02114696853627762,-0.025134457235616692,-0.02742248849720197,-0.02245218314873232,-0.020840092712726466,-0.023450084107686564,-0.021749002434456544
2012-07-06,0.0,0.017535743170585816,0.017528002693059763,0.018648829771362063,0.011491333661828751,0.018230132018768774,0.019223734824724836,0.014295514568519518,0.020546741879561736,0.007322263058615386
2012-07-09,0.0,-0.02853184136970477,-0.029417649659596812,-0.02990263577103225,-0.02844508487220998,-0.030389186919096978,-0.023789486252176584,-0.025068478604182376,-0.026465996036633355,-0.03209300140912974
2012-07-10,0.0,-0.0076838608820551935,-0.006464080480624079,-0.01147490128442219,-0.008071284077155405,-0.005682995261136914,-0.007705329192263299,-0.005118349309997328,-0.004814941933584893,-0.013396670400392718
2012-07-11,0.0,0.00850209037556815,0.009074965798439472,0.009831858515776615,0.005437524745109057,0.005194670939869361,0.004292895367591143,0.007391293404232613,0.00425210375668561,0.008042254361363632
2012-07-12,0.0,0.011910481786830518,0.009831169631363101,0.012800293353800285,0.011453430604543291,0.008099950568867698,0.013866776587553087,0.011323654950397666,0.0057047770603229075,0.002267314778806373
2012-07-13,0.0,-0.007785338314463597,-0.009366782631881176,-0.009416261846675988,-0.00925783857543494,-0.008152259075524748,-0.007028998511212969,-0.00931301576051613,-0.006123099100155405,-0.004445165694594522
2012-07-16,0.0,-0.04600406275425961,-0.046934018674522404,-0.04452182776962477,-0.04137524267338977,-0.03835510122781438,-0.03093666700312847,-0.03709048114408331,-0.03456523250729615,-0.03629102390385053
2012-07-17,0.0,0.007837824942612981,0.007178951340497841,0.006358910043832378,0.007844749529944961,0.008496963388691547,0.008691480044024535,0.011316882563966235,0.01097163532944223,0.011617356672534385
2012-07-18,0.0,0.015787638266585136,0.005771559482890654,0.006687661114558319,0.009893205936948313,0.007983347762958504,0.00774550757054393,0.010248988143167992,0.01152264735049724,0.0015114465649428421
2012-07-19,0.0,0.020972517470641883,0.01199276612134259,0.01204101191842355,0.013645394240554332,0.01208456616552911,0.010889858636296212,0.009048053747231943,0.012734571381134652,0.01675058763959858
2012-07-20,0.0,-0.003920180088797576,-0.0037303197219217266,-0.0073425653300875915,-0.011016543957014346,-0.004363159225529434,-0.005181069643103942,-0.0032206558485328163,-0.005580403358000252,0.0015690745923244709
2012-07-23,0.0,-0.007315738222229751,-0.009760384856330129,-0.012684582000103584,-0.008871654338915347,-0.012632900505264777,-0.008329070227532265,-0.004994554763982806,-0.00676593686449134,-0.011633508553827498
2012-07-24,0.0,0.015843241816080322,0.009970270502906775,0.01092747032120589,0.008128983196584727,0.008919709029466372,0.0072622146794210085,0.008452363695692355,0.006222218026082249,0.005234612558312479
2012-07-25,0.0,-0.012908416149086221,-0.008797584512236445,-0.007181760062279108,-0.008771685639979654,-0.010111368279838051,-0.008598841586735517,-0.011476372498345544,-0.00949293686775532,-0.012730718062696322
2012-07-26,0.0,-0.012059870778115989,-0.006675665452843815,-0.010784106131138893,-0.006383053410374595,-0.0074707417470503135,-0.00803470468676648,-0.005911563133847553,-0.009858875252661936,-0.011764530531423456
2012-07-27,0.0,-0.006929814496856701,-0.002697049701623766,-0.003183527421329768,-0.004295882398045903,-0.0005813000007146574,-0.0006686697462034985,-0.004907732164037948,-0.016115620261689223,-0.00036492705850321716
2012-07-30,0.0,-0.02099952319880971,-0.021472253446819356,-0.019959990994738108,-0.020911836431986908,-0.019178017846103068,-0.019639241398422436,-0.01949861808553155,-0.02384565187356169,-0.012079868083181733
2012-07-31,0.0,-0.020944510844622455,-0.021345695606212134,-0.017771090730990813,-0.014138665126072314,-0.018434996176635687,-0.015360230177536627,-0.014040783903514042,-0.014676512072239745,-0.01049735614266678
2012-08-01,0.0,0.020139353101051416,0.018431036981555016,0.015002694443533082,0.014458335908707376,0.015368830578395443,0.013073090557823352,0.014839017354892237,0.017621972751741044,0.016966339605865688
2012-08-02,0.0,-0.003653824689642038,-0.008456543231282199,-0.011111607207853536,-0.006916838007015147,-0.007049763790797581,-0.0061456754326347784,-0.005333151876235509,-0.0043839130724452335,-0.006578416031388423
2012-08-03,0.0,0.02008726083678325,0.021291556879415863,0.020054912777258904,0.019643945670369645,0.018290264591412475,0.012407951531584027,0.016246735690669034,0.021091394966488597,0.016204695071977193
2012-08-06,0.0,0.028057012828263783,0.022708859810443682,0.02303112434585941,0.02146665653413793,0.021767946919995174,0.01758102618962143,0.020830548660188075,0.01980676204328069,0.01670817174523176
2012-08-07,0.0,0.0139234194874307,0.007378318531127803,0.012663421557071786,0.006787905082052514,0.010169690788061292,0.006313113994230957,0.009303254151009632,0.012772432273980838,0.006911835022069157
2012-08-08,0.0,-0.004744321070602742,-0.0015896785109394962,-0.002155315449426265,-0.0011708113109470952,-0.004329117587188458,-0.0015497967553855796,-0.005823862499345744,-0.0018866145266243084,-0.00399994130367709
2012-08-09,0.0,0.017280845241233633,0.01219441624646711,0.014597634645009183,0.012207339833963715,0.011772908989402753,0.011257768225347187,0.013483025290797812,0.012354937168891356,0.00927580769487557
2012-08-10,0.0,-0.0024396313098078437,-0.002286958980664,-0.0009009254636735964,-0.0010564230870345748,6.578835893744639e-05,-0.0002734165865612148,0.0042179844827845425,-0.0037519355400318366,-0.002355448655534942
2012-08-13,0.0,-0.016775788506832034,-0.020287290287816173,-0.021102013857684954,-0.022558270607984876,-0.02250560208658614,-0.018743804713905687,-0.01511365017030708,-0.017671047382610383,-0.02555380942800456
2012-08-14,0.0,0.014070060216526459,0.010442953078327877,0.012355836952215205,0.013899741271370614,0.010362099639987576,0.005984650071442221,0.008512373864076217,0.011237714896163098,0.00844059849740697
2012-08-15,0.0,-0.01936240233902209,-0.005749510590779661,-0.010262739421988076,-0.0072685589835612685,-0.011460817127476819,-0.00882883381060895,-0.009866180465701646,-0.0033910139477533185,-0.0032882826564120116
2012-08-16,0.0,-0.012015521523649375,-0.006416243154083956,-0.005656900891513383,-0.008310575748855853,-0.004774206873296216,-0.004409972087544012,-0.008998067516876929,-0.00644724024670007,-0.005625964492420477
2012-08-17,0.0,-0.001387241086310942,0.0032588643277848828,0.0017221523026307306,0.0019234374231733575,0.001168483426460032,0.0019442482142935091,0.002867156402692972,0.0025933510786624314,0.0038260555609281877
2012-08-20,0.0,0.0008062479269470568,0.002563543142308111,0.0031879054028491893,0.002180954164230142,0.0017144593861109225,0.003476683714801032,0.0016663493708961585,0.0016068717034212199,-0.0053500795224115105
2012-08-21,0.0,0.010656086504981399,0.014167072994717644,0.01493373676325116,0.01584167954308846,0.013055578881824959,0.01154690110199108,0.011505976395952633,0.014238098819566725,0.00361007946979508
2012-08-22,0.0,-0.005104269321450361,-0.0036879457241233427,-0.006980084408132137,-0.008241233634186385,-0.006229111776641871,-0.005244513672273632,-0.009252369418396689,-0.01114583265732294,-0.00974320645211324
2012-08-23,0.0,0.00903230121114329,0.011877431475224354,0.008125612850737207,0.008554330544695121,0.008628090425646828,0.007293612106243241,0.0027884387496144303,0.003066875202957231,0.00795599694014193
2012-08-24,0.0,-0.023216008698736634,-0.021999404190287897,-0.021363322038068344,-0.017144361619824577,-0.018947743791884464,-0.01897852073340489,-0.02506733396684857,-0.02014112408525992,-0.019329393035998788
2012-08-27,0.0,-0.029861820852520538,-0.022002842394147848,-0.022774245248934344,-0.019460673913534787,-0.0204051721770514,-0.023205598940713945,-0.020910105561658066,-0.02309731413625371,-0.025066481228202542
2012-08-28,0.0,0.008993502755949567,0.00642285019469635,0.007193788219822084,0.007144639009097009,0.00698642105491909,0.006636975597140715,0.004518953319514685,0.009235609903583297,0.007675070354982161
2012-08-29,0.0,-0.004004228521615749,-0.0010440480068107938,-0.0011575546917160784,-0.0013771294460727113,-0.006701126218479181,-0.006150218867688739,-0.006878648109755359,-0.0005686908674302771,-0.0027809315446422067
2012-08-30,0.0,-0.02780668859328017,-0.01616763865755788,-0.012430442111109441,-0.015646558727618998,-0.013976234426638423,-0.01444819673772757,-0.015676304334372726,-0.008268455808606134,-0.01010969723113253
2012-08-31,0.0,0.011833893562502196,0.002135032843092466,0.0036927146079366313,0.0044936724631052805,0.0025444950134618782,0.0026712966486821532,0.0044652043527264595,0.00565754623711312,0.004838067159171455
2012-09-03,0.0,0.016001650969134973,0.018614920241141197,0.01412100070706268,0.015613203058218339,0.014181712274482727,0.01283601142021129,0.011945018015926623,0.016974646105568647,0.005344262301993252
2012-09-04,0.0,-0.011193596024106856,-0.0050821743264422015,-0.00986188558546075,-0.008379573521527295,-0.01100381740004619,-0.007632596688109117,-0.009421004187776583,-0.013804816430607603,-0.01497247246218636
2012-09-05,0.0,0.00748961964141337,0.009495574704313725,0.007913719380094886,0.007349657950876942,0.006541656001976204,0.006124594225044744,0.010039702963286823,0.006413060221260203,0.002720180242892889
2012-09-06,0.0,0.012171616717872258,0.011197854634273696,0.012283049783087918,0.010865597574961416,0.011311252058346044,0.011611356398796957,0.009760704353679595,0.01064970357438022,0.010120282234951539
2012-09-07,0.0,0.03149057005998368,0.03502841808359913,0.034197738254122756,0.03436537764238712,0.03718819682328345,0.03207159954730021,0.03212706794214393,0.03586558437855003,0.03537592334308082
2012-09-10,0.0,0.01560250599537305,0.006810092108323396,0.00914951862976121,0.01304894326809336,0.007064673662481313,0.0030880551807830336,0.007841999729705007,0.00915950887033512,0.009984717279284405
2012-09-11,0.0,-0.002714385497140759,-0.002002245029749772,-0.0015521567659738666,-0.0025737513911456844,-0.0037441554260198018,-0.005749736541683537,-0.005010520800247664,-0.00661763996535647,-0.003399882083525596
2012-09-12,0.0,0.0118270482353251,0.005507466243863002,0.004902997779037799,0.007204400444246195,0.00774347174809642,0.0057053213068660735,0.006235704916212059,0.00826034290711597,0.007817935227685924
2012-09-13,0.0,-0.01203085374245394,-0.011557832880014107,-0.013876660824960418,-0.015404758139705765,-0.01481665054526382,-0.016001119370024464,-0.012060912785251232,-0.016122349920068002,-0.01875878671253206
2012-09-14,0.0,-0.003361730437893451,0.0025230809137744004,0.00022433459642945408,0.00031038027061747187,0.0008682083675362051,0.001293854724419008,0.0002733464139388353,0.009582012224918834,0.012661488030449197
2012-09-17,0.0,-0.02971924348362187,-0.03151877116273116,-0.03073466429680749,-0.03098636247186537,-0.029836352292516688,-0.023459199424464172,-0.030556503880262098,-0.02728848362629932,-0.03147837475203019
2012-09-18,0.0,-0.008410165975793471,-0.0035296573043057666,-0.0008110293921010925,-0.007405137154881669,-0.003406455631863148,-0.006921471151475345,-0.0035048748793653495,-3.305280604537497e-05,-0.008512859767325076
2012-09-19,0.0,0.013567599515096118,0.009957306651055431,0.008274389415721783,0.008961797698405993,0.009987328767666614,0.006397021613432141,0.008175871397181567,0.010226674551644166,0.0040206991372446765
2012-09-20,0.0,-0.03766508925303247,-0.03207239105675386,-0.03308219886526309,-0.03271498242717352,-0.03128238504119796,-0.03024802246785141,-0.02693259242416468,-0.033323233328690804,-0.026233583813519368
2012-09-21,0.0,-0.010545957156131158,-0.011793869204082874,-0.008865129777347325,-0.010025144712417555,-0.00918690746886075,-0.0030034756288628284,0.0004410653187503222,0.00016164844248112153,-0.002620896571720932
2012-09-24,0.0,0.003159028625861149,0.002673336541461513,0.0062696998966302875,0.006052166745577514,0.005368357662402401,0.005581111698844898,0.0038754235492630684,0.006881282826125323,0.005904338614438842
2012-09-25,0.0,-0.008928883343997773,-0.006928202159894203,-0.009251726832096963,-0.006771968333260325,-0.007731938940470862,-0.007215013178720753,-0.003720570886233898,-0.010044729531957786,-0.007330505988549896
2012-09-26,0.0,-0.03235809739376616,-0.02779716975516644,-0.025315344224985936,-0.024184489476789972,-0.02347336020733304,-0.02480480826113196,-0.02287178644043386,-0.02481064231058705,-0.016462480128742962
2012-09-27,0.0,0.01781165895029324,0.023409456859033284,0.022861698378262574,0.022918261983214894,0.023840770018748847,0.02130112891353142,0.020370326964517904,0.020878055079624147,0.02274236104556615
2012-09-28,0.0,0.016194817114350224,0.01575659696674303,0.01882138032059144,0.01638085034066994,0.015699557889365723,0.01747757030311292,0.014118711631522896,0.014187543823135806,0.02006348350006215
2012-10-08,0.0,0.005150990864317917,-0.0020876965981043716,-0.001962344310622588,-0.003477767457293668,-0.002356679438653031,-0.005819795433167574,-0.001532120460379427,-0.0006974394258477679,-0.003868764561987592
2012-10-09,0.0,0.031045569081106006,0.028783023120352302,0.027345969248179003,0.027566615263874494,0.026496978004486138,0.02421025989052561,0.02335208276268097,0.024032222043328444,0.024842166668814558
2012-10-10,0.0,0.014665591099110697,0.014402034335141645,0.01212765528101456,0.008922820995318936,0.012415312032806769,0.009365135871475916,0.01035815663253703,0.010047133858915203,0.004778257450082757
2012-10-11,0.0,-0.01936846657545266,-0.018531660590036192,-0.01651031313176532,-0.02050846202263179,-0.01467531371470343,-0.013356907159562614,-0.010794023106206474,-0.02279147098408163,-0.009024444813985344
2012-10-12,0.0,0.0024232615824384407,0.00238026516320744,-0.0004283186965696739,-0.00038785837187094163,-0.00017638321721402672,-0.00038963682672377153,0.0013221098412548038,-0.004506962046944674,0.0010939856990161978
2012-10-15,0.0,-0.0091053932692996,-0.011962763871695037,-0.009986044256222626,-0.008144137229238346,-0.005200464917364478,-0.010127904750934835,-0.010767022418588512,-0.001506633112545952,-0.009372084231580091
2012-10-16,0.0,-0.0009416847926416727,0.002245383327883932,0.0029838867156726234,-0.0031102778283839116,0.0009023232939513459,0.0028684561012621845,0.00025466035422661015,0.006737205686021763,-0.00042874277923310444
2012-10-17,0.0,0.007853375198053403,0.005051414075332827,-0.0005630346240887985,0.0027436687627202527,0.0013645631559544569,0.0029832356253327585,0.003731044562359953,0.002019478337759617,0.002716503582610441
2012-10-18,0.0,0.016611154752587787,0.01657354241372966,0.01941281046213783,0.018171558314171055,0.016864418103325063,0.015459590247694166,0.017864330845890786,0.017169540293878294,0.019435492408678368
2012-10-19,0.0,-0.007279606509033476,-0.0016883738617801125,-0.0024547082889936345,-0.0024829846808213096,-0.00013275014404889873,-0.001412297216401237,-0.0033072349579521543,-0.002564376423112358,-3.375162012841937e-05
2012-10-22,0.0,0.008637487493915685,0.006035450146110177,0.007147585414097213,0.004810947225459827,0.004483003454181178,0.006018675033969689,0.00523827883002137,0.0002725997830475002,0.002522785126270577
2012-10-23,0.0,-0.006060719934810166,-0.007787797516406125,-0.006704593366114842,-0.007856222396113721,-0.007267158438822419,-0.005754873126432303,-0.0028550865213348153,-0.02625951495866974,-0.007367322964162759
2012-10-24,0.0,-0.0025572943091217715,-0.0004998497162475024,7.893205417430771e-05,2.7132967981513545e-05,0.003529173277904807,0.002378533081659029,0.004907998457523988,0.003071225473556316,0.0027402367756574897
2012-10-25,0.0,-0.00805040511836086,-0.010804585954972135,-0.011523805047467417,-0.007894964714107111,-0.007773335474737464,-0.007957570109952017,-0.008212064345651804,-0.010525323512042384,-0.007288110568958839
2012-10-26,0.0,-0.025320381934395564,-0.027517267331975237,-0.024112395460765046,-0.0234549839143543,-0.02451050486339801,-0.01590985835415737,-0.02380468982403039,-0.02355659144367772,-0.027899562717225823
2012-10-29,0.0,-0.0037196728490948017,-0.0004864199288324711,0.0005152803778574189,-0.003795462181981235,-0.0030311826586667534,-0.0007022834867387306,-0.0027805303209149645,0.0012957204785681853,0.0031254031009211314
2012-10-30,0.0,0.0020838678495704865,0.004016691179842269,0.001064606830885273,-0.001774212078534565,0.0020475810242275294,-0.0019921145442330923,0.0017470441574731765,0.0060658234457415805,0.00027928296694934573
2012-10-31,0.0,0.0055389370600071874,0.0027356335326020886,0.004618179792016175,0.003840831146113999,0.00513500979175352,0.002241456859090496,0.0012125672957157274,0.0020573995845996063,0.00158689006234769
2012-11-01,0.0,0.016114045028245982,0.018798953407145103,0.019077623524426546,0.016839076059442792,0.016869779957849884,0.01712638131353339,0.014423960529767132,0.017771707784175916,0.015570035542664007
2012-11-02,0.0,-0.0020031428276900964,0.006443518235263124,0.005767194269705511,0.004953912864849919,0.00606690560299894,0.006646839806096372,0.004648860165407109,0.005206751383201702,0.004346118080861716
2012-11-05,0.0,-0.0005803327803328706,-0.005269516604569979,-0.0023226376834990514,-0.0036685400570128923,0.000742126780845842,0.0005676306118946872,-0.0017952562082355072,-0.002644531536507122,0.004003450872581693
2012-11-06,0.0,-0.004905293903760599,-0.005546637433817891,-0.009656265316832946,-0.006278861821956583,-0.010339249468609202,-0.00801371342505608,-0.008645949814187537,-0.007756857957611718,-0.01385408713483105
2012-11-07,0.0,0.000990495772775546,-0.00025434727234774357,-0.0023893433377031315,-0.002358893591829836,-0.0006690219461464864,-0.0035200831532874455,-0.0016749031795170177,-0.005373370288157653,-0.002068478926029682
2012-11-08,0.0,-0.03270005716586544,-0.026578072426728605,-0.024732299270256997,-0.0262262727353354,-0.022211807861523214,-0.0192134292559909,-0.022473367167434533,-0.027074888344623127,-0.023829704190372447
2012-11-09,0.0,0.00035959493417059285,-0.0019281872976539827,-0.0025435255806504076,-0.0013023891742294236,-0.0008131923779693961,-0.004605180857715996,0.00011462220438573922,-0.0012220069353862106,0.0020889698449266803
2012-11-12,0.0,0.010939172984354872,0.012744191646626879,0.009899310251270554,0.008265457209563287,0.012317747919109223,0.009242823054662841,0.013356726557922194,0.005260505614621769,0.0038752663193322157
2012-11-13,0.0,-0.025352574072004308,-0.02060491476203019,-0.023346497205919414,-0.022846307130193755,-0.018600806466042008,-0.021961323266579957,-0.01793877065816174,-0.01934888972980986,-0.014509715036716497
2012-11-14,0.0,0.003752765563442617,0.001117433901789644,0.0007852802323085051,0.002514173840920453,0.0023849312911889964,0.0022418880266028562,0.0016074745426812864,-0.003090295089700379,0.0007290722735204813
2012-11-15,0.0,-0.019652225680354074,-0.01677887800709954,-0.015973466170435935,-0.017302390886081875,-0.01888323630689015,-0.017450516552872886,-0.01763283411296801,-0.017596519815650802,-0.019323827328321497
2012-11-16,0.0,-0.000868407332276,-0.0024453856879665947,-0.0033081271306772964,-0.006441677759416731,-0.005278426452697049,-0.005869122016459172,-0.008340907262625596,-0.008632935490765381,-0.00395122364715228
2012-11-19,0.0,0.004063413351040213,0.0035601642261466893,0.0059065966245746004,0.007070244114940172,0.0070121801741065415,0.005566710837554112,0.006356876624723062,0.005603713279166422,0.007959235710155221
2012-11-20,0.0,-0.004644964551697051,-0.003281776924752733,-0.002184630637875551,-0.0023387963163691294,-0.0024441800353326437,-0.003354948984443551,-0.0033710880186175185,-0.0043187802127759856,-0.007751625802250861
2012-11-21,0.0,0.0099450782121151,0.013476890165868394,0.012295729903911257,0.014692610194647626,0.01174575934667721,0.012691163682199358,0.011117050387388971,0.013653627403658941,0.01092316932870907
2012-11-22,0.0,-0.012966394725567265,-0.011156635426224137,-0.009987957942783288,-0.010385602276984596,-0.011214713160818568,-0.012534301383500313,-0.007931159922410003,-0.011215057813633744,-0.003308741444667862
2012-11-23,0.0,0.004651944947604125,0.0015451454138102338,0.0011918272946787045,0.002879001677092319,0.0023856748851540654,0.0032182342890130222,0.000743016397482199,0.0027620221576865056,0.002013847008674352
2012-11-26,0.0,-0.012208207504103452,-0.015106451695189205,-0.009906657137289443,-0.011838812371185004,-0.009392081339655745,-0.01130847501448129,-0.01041171625880477,-0.013651402378363375,-0.012146236135474608
2012-11-27,0.0,-0.044413421294594024,-0.04060746412252825,-0.038713739938478486,-0.035448120690419915,-0.03754682208296034,-0.034997943013794,-0.03892257987899905,-0.037989625510917,-0.028985340075289967
2012-11-28,0.0,-0.022632933468262784,-0.021849190021720366,-0.022801997277244523,-0.020513422934668735,-0.020785733542757256,-0.01946327699847572,-0.01886475054873893,-0.022416879379067667,-0.014761212676386748
2012-11-29,0.0,-0.011858435545102797,-0.010819762279739353,-0.012048674978802021,-0.008208892369047316,-0.007748442355180796,-0.005620457089590469,-0.003894672634313201,-0.01122336924835976,-0.005951477544320349
2012-11-30,0.0,0.012919828990395565,0.013785205132681,0.013470752125016805,0.014689533562017631,0.013793158966864505,0.014028871186401837,0.011320119887196167,0.017436229620099386,0.01684264268956359
2012-12-03,0.0,-0.030427096374626372,-0.02537078188026931,-0.024031412536503982,-0.023723162262667685,-0.02240268000143153,-0.02025220985478071,-0.018613961226371822,-0.017553590934690777,-0.017459655417107034
2012-12-04,0.0,0.013140904290019684,0.013583479339973836,0.011072614561506322,0.014153107476353677,0.013259029874604922,0.014813502827270675,0.01044637845754015,0.01501364177323028,0.007368880963806834
2012-12-05,0.0,0.03524523663082846,0.03682051897915328,0.037819465490552595,0.03644072227633188,0.03253946223192972,0.033354883021442294,0.03274199703782821,0.03951290928100537,0.0333468341621026
2012-12-06,0.0,-0.0017510571888365023,-0.000444018317364292,0.0014054057104586626,-0.0023605296299246126,-0.0019856536198920027,0.00014685247031520632,-0.002728261571431023,-0.002533553996244886,0.0006992458818049219
2012-12-07,0.0,0.021951240210433598,0.0233687851944544,0.0229054799724262,0.02122187419800059,0.02214567222217223,0.020837792579659453,0.020891768078199036,0.02459480423746152,0.0264000754496323
2012-12-10,0.0,0.021307043288929295,0.018299183637042082,0.015479453121502562,0.017536774092663965,0.01641986732919065,0.014393750313834941,0.015475655811817202,0.018150128781032615,0.009804400605143204
2012-12-11,0.0,-0.008480061132814742,-0.005779409576318173,-0.008808538402232724,-0.00861854520003913,-0.0070199350098083535,-0.006431526813942323,-0.0069548524846768656,-0.003265557386826212,-0.009116878269957773
2012-12-12,0.0,-0.004803015102300412,-0.0011716739080173122,0.0002468222303084744,0.00042521946680551537,-0.00024205363826712567,-0.001924772006682618,0.0017120066018692093,-0.003738195031256275,0.0029841563227646084
2012-12-13,0.0,-0.010940413445852282,-0.011931855582067996,-0.011658589248312423,-0.01189314346909276,-0.013256206063137266,-0.008419152378967731,-0.015803928609128826,-0.011424388306204403,-0.001465394273468923
2012-12-14,0.0,0.03965790667605318,0.040861817450553506,0.04066104507756574,0.0401123444909659,0.03895412222441941,0.039971820703536665,0.037045829106581385,0.044581109670023045,0.03449252090999044
2012-12-17,0.0,0.009798051506953565,0.005470830740348598,0.0071256082327701975,0.006744500057975111,0.005984179753210084,0.004759271910345975,0.010482715939716059,0.004486546855877682,0.0021809001338661815
2012-12-18,0.0,-0.0030340728627048508,-0.00281981242363194,-0.002730405072448372,-0.004716552274621644,-0.005149048426731029,-0.0038445464408423113,-0.005790355476746889,-0.002994646376270005,-0.003549295677864439
2012-12-19,0.0,0.006410530624290756,0.0033665442544739133,0.005821340911722039,0.003275873918214378,0.004858546629255223,0.003193010910493177,0.0024733778209127255,0.004219111347849136,0.0014259183142517617
2012-12-20,0.0,-0.003295169424530675,0.002081126451016102,0.0022730386577400896,0.0011065660462874494,0.0037820880059513673,0.0010229846839755474,8.34941356240293e-05,0.0033219285653611763,-0.002227655577932919
2012-12-21,0.0,-0.0015974322775150762,0.004475946206142556,-0.0012084446470191912,0.0010015330387593835,-0.0005278403348403238,-0.004150588875985295,-0.0033457305631594547,-0.004700584070551295,-0.001931554198349783
2012-12-24,0.0,0.008397842377202647,0.00906803192454042,0.010308827287681677,0.008417216644551972,0.00424968428923389,0.006226109192044804,0.004691988907962186,0.008876406916932478,0.003591436789791569
2012-12-25,0.0,0.02347795423806942,0.021888156069374665,0.024943231528995247,0.02407541673890279,0.022125563886530752,0.023042973472628514,0.02274941587672963,0.021735622517180753,0.020525709197041886
2012-12-26,0.0,0.01264698777720863,0.014953756235374094,0.014175474780751207,0.01705726175106137,0.013410419410795349,0.01260004328976505,0.01325839295265907,0.013087956707109827,0.005257696770494258
2012-12-27,0.0,-0.016774084765436847,-0.012988340000137155,-0.01044404581487246,-0.008892960045639775,-0.008484489035384457,-0.007380442313758007,-0.0047995105004216,-0.013478976392143016,-0.0102819383896946
2012-12-28,0.0,0.008603489739408055,0.014029447467723166,0.01224239511325087,0.014872591111753986,0.009308009606282974,0.011932978324911359,0.007535821538490417,0.010346875637760045,0.00905353564420297
2012-12-31,0.0,0.0011084159747523081,0.00788239976551397,0.01046416124446381,0.0101610958070526,0.009777702260081123,0.007258233749140253,0.007347119694752768,0.014605187055550362,0.005656234443620178
2013-01-04,0.0,-0.00453306556451305,-0.0011120341288105573,-0.0012650062519412586,-0.006547626021618624,-0.0027269486045877755,-0.0017270879638424663,-0.0036407055217494433,-0.0001645233650851008,-0.0013240541558461327
2013-01-07,0.0,0.014433843071093078,0.0147303622696624,0.014273615923488414,0.01076810907852166,0.009563430872080003,0.00944773696886747,0.013886216634500403,0.00994756148856868,0.006988601621793711
2013-01-08,0.0,0.019617256682201045,0.012502357590729485,0.009264012417991019,0.012134842351669839,0.009041583197139769,0.006467428302219913,0.006370658543929597,0.010046751608079107,0.0036440184173611723
2013-01-09,0.0,0.010865500940295814,-0.0021252298085338017,-0.001647850429383202,-0.002791766951697583,0.0043062710538841475,0.0006816677078222977,0.0014380692805111561,0.0001199596495560229,-0.0028603841052351475
2013-01-10,0.0,0.015224801729059045,0.008966976129969106,0.007405237123329522,0.006494046160263611,0.005730683360726019,0.0056061527309667625,0.0021080442975107694,0.005775215592124905,0.0019538756969776916
2013-01-11,0.0,-0.02261833307481853,-0.012942359434454653,-0.022919436713760843,-0.02469205797176577,-0.022994121311226134,-0.025749597296232496,-0.026645821779017975,-0.030646401798502754,-0.029894441660977322
2013-01-14,0.0,0.03945379469402033,0.03564632089643016,0.036116266466740043,0.03519166493001924,0.03305306310773193,0.03214879617749489,0.030735789483023357,0.032704716308119774,0.029024704972450133
2013-01-15,0.0,0.017207650982307587,0.017494755376440407,0.016186995617583744,0.016232086298995974,0.017625136376411943,0.016072675195274666,0.017412278567746853,0.017899245236174588,0.011660257426217457
2013-01-16,0.0,-0.00033355680627500384,-0.003515764482233341,-0.0006364721956574337,-0.0037270625986228767,-0.00045559689009644355,-0.004947651561785116,4.2798290162071595e-05,-0.004831178649875145,-0.005781639670650152
2013-01-17,0.0,-0.01142011415914379,-0.010522964208679486,-0.010821813252637646,-0.007455724952703191,-0.011078010664475668,-0.008011989157632904,-0.010045490730929862,-0.013810168167980974,-0.008202550030754985
2013-01-18,0.0,0.012392440035002394,0.01738057183711028,0.01959727437104375,0.01384940601343354,0.015168967290442259,0.01690462485023181,0.016038839583523146,0.01482842613798252,0.016010725515588353
2013-01-21,0.0,0.00838954535474623,0.011399448759199737,0.00739778903343713,0.010043436700566843,0.008251013015974307,0.0068915792835884115,0.01126036350846027,0.012238919287624217,0.016430681498131205
2013-01-22,0.0,-0.018475894171944618,-0.02000696519891776,-0.017865704290669693,-0.01688080048610696,-0.0159059684729298,-0.017131579347187342,-0.014945969534296055,-0.014974180498263712,-0.01329855855315032
2013-01-23,0.0,9.902799931538198e-05,0.003431285035113474,0.0018883700155327698,0.0027504097393227234,0.006783555838266508,0.0017197810197686625,0.003462560670478787,0.005106789799574907,0.0020556716285853316
2013-01-24,0.0,-0.03110341544877826,-0.020278028130106818,-0.02497633880268768,-0.022981523414380867,-0.01793457897890538,-0.023290125986253463,-0.0211209842226161,-0.012997457952933056,-0.02286235341609777
2013-01-25,0.0,0.0010558662694724052,-0.002678642460259173,0.00391660240338898,-0.0019639374466859927,-0.0032843095694236046,-0.003055809487859773,0.0003094484665391306,-0.004974524821150128,-0.009943115370074529
2013-01-28,0.0,0.025511549750135698,0.026920242215623835,0.03058174761148491,0.025469828157678176,0.022471541739258027,0.023894822871261656,0.026694142062521964,0.026642659007531044,0.029121933741823147
2013-01-29,0.0,0.01308854538057358,0.011668197987396045,0.007282516629743663,0.00857162766713171,0.007864091559294684,0.010232451007197607,0.006541541388075167,0.010355203855188178,0.004757358502286424
2013-01-30,0.0,-0.004590793203070431,0.004475011038656218,0.0002904920211106443,0.002078075134991364,0.0030952995024688956,0.00320807911590415,0.006633846292010803,0.011869307677105922,0.012857735316715191
2013-01-31,0.0,-0.0042728930842667046,-0.006873139003815698,-0.008695906103941775,-0.00786456953497372,-0.003929412623592032,-0.004404738449641843,0.00015445070040653874,-0.007046199761377436,-0.006920452198784344
2013-02-01,0.0,-0.00045538844706460857,0.00696535798958875,0.008074518980473622,0.009074543131479818,0.005836360192968293,0.00610307276969646,0.005183828651700972,0.007368925858631359,0.011248216756648555
2013-02-04,0.0,-0.012127934802559248,-0.002635068365963611,-0.004872228763076469,-0.005639263830798824,-0.0010204085861196255,-0.0015831610735318469,-0.003562312393648015,-0.002858738747251066,0.0017712743765787575
2013-02-05,0.0,0.007877183949597688,0.01069502406735312,0.007554442202452272,0.009550328533306063,0.009594358971975359,0.00953465532725395,0.011329752579194219,0.010406027571521648,0.0032234125138737024
2013-02-06,0.0,0.0020276648588131163,0.006821100591935414,0.0030996980089119663,0.0037100605011519683,0.004467864589139614,0.0012838788328686235,0.004514724983111007,0.008047632896883483,-0.000908399729621534
2013-02-07,0.0,0.001110940621527945,0.006233339749892375,0.0036687236207095797,0.0043715211443811075,0.0022633295402780806,0.00031860112500581295,0.002128899099265835,0.00042960417123372174,0.0035661082502072006
2013-02-08,0.0,0.01778210705620764,0.018188365634761006,0.015337762544659128,0.012864318300279232,0.010502276239804154,0.011755626408214592,0.013500382907997821,0.01785374171411891,0.009302628596029594
2013-02-18,0.0,0.015901271607273504,0.0051449847660633985,0.008059796744904757,0.007052443432966182,0.005598495995130959,0.005474648403794191,0.004841725248429185,0.00457900579349757,0.002876988869712438
2013-02-19,0.0,-0.015081525729035872,-0.01797336277918893,-0.018618107317276866,-0.01789937177501344,-0.014269562710288786,-0.01955239537448772,-0.015123820336308658,-0.0223630120816245,-0.018856046734424203
2013-02-20,0.0,0.02270075523714743,0.016439304706242552,0.017545374527669022,0.017129734385908923,0.01843520309847979,0.016991610362165455,0.014755458825886913,0.013034925806916009,0.01271671492515547
2013-02-21,0.0,-0.01588911168313245,-0.017856374693335453,-0.022660281761161416,-0.022725221168479304,-0.0190252796831899,-0.025354724091353753,-0.022570550119838995,-0.021873369849658264,-0.021896406325696005
2013-02-22,0.0,-0.0033011462317854567,-3.36151167723564e-06,-0.0020886140258330466,-0.0027532051333488683,-0.0034595152447347566,-0.0032502206149020996,-0.0021169563026479654,0.0034144016097690244,0.00781747098729757
2013-02-25,0.0,0.003270089890467398,0.014975239949162944,0.009648315197528623,0.008973792309239226,0.012123123892688437,0.013008947968923268,0.007369046028445014,0.013036486879264952,0.010906995433302091
2013-02-26,0.0,-0.015398301277334436,-0.013327875954640356,-0.013146786563419166,-0.0138796294996405,-0.014328155422349553,-0.017260632722982838,-0.013213851002194521,-0.017088678324070017,-0.02345777884396205
2013-02-27,0.0,-0.003733064142063758,0.006765133055900874,0.003673401679723076,0.003980320121578895,0.001716191177715265,0.0005521901507405946,-0.0005433758412544121,0.005061217317411604,-0.0053441130338968135
2013-02-28,0.0,0.023131742674004974,0.01704123735594676,0.021732695109679234,0.01884475114009887,0.019297366157521756,0.02155167857344864,0.019084038220904986,0.02310820846236261,0.01962006126116056
2013-03-01,0.0,0.015104892558110539,0.014915170022386848,0.012415270922455424,0.013439124802212765,0.013357413878740232,0.00905991029360953,0.01126626764744576,0.009329394733983642,0.004286015310249525
2013-03-04,0.0,-0.02842171831583551,-0.04529131168675726,-0.03838158474547615,-0.033267238503599805,-0.031832902506283345,-0.030884140172351637,-0.024865406739096763,-0.04313405212290866,-0.03901832557797835
2013-03-05,0.0,0.022984368686554735,0.01831269288458759,0.018497931722917915,0.020015303753784908,0.021619867737165954,0.01994637597960236,0.017108001614785096,0.02087623388728077,0.018356108747696886
2013-03-06,0.0,0.02087149542544786,0.01861226998148524,0.019338033732300586,0.016666772981706934,0.01895548128424429,0.016172004812681662,0.017679304677712837,0.019877771390086618,0.02548662131561974
2013-03-07,0.0,-0.006433794663458614,-0.01952773589603729,-0.009356297176410844,-0.011114675203430124,-0.00836181520941559,-0.003303570378333398,-0.008727476821459135,-0.0065557680714500854,-0.001585875283100946
2013-03-08,0.0,-0.004747586284983396,-0.0072010143836988005,-0.006793709808777693,-0.006501199019239623,-0.007062167067985237,-0.006797956870356225,-0.0071812067430179205,-0.00430341744514573,-0.007760869211408172
2013-03-11,0.0,-0.0034820847557862633,-5.686096919155226e-05,-0.003750974865269985,0.00106583410332739,-0.002719232748621958,-0.002046943357253861,-0.002263716313216868,0.00016435118542190708,-0.0008422526074115533
2013-03-12,0.0,-0.02490417597436201,-0.025070811381642466,-0.0284019541591759,-0.029748425573229542,-0.024149887422744265,-0.01852833062975079,-0.025367362501554358,-0.019973361215705032,-0.00786183777622751
2013-03-13,0.0,-0.0075080972052499195,-0.006912115104445005,-0.01250288757353002,-0.011137390079882792,-0.011430725409034115,-0.011385213295499463,-0.005191525331166513,-0.006057292853905771,0.0008808729921623293
2013-03-14,0.0,0.0021519031810413036,0.004094224736047369,0.006423189200761348,0.0011089340470245013,0.002033320646700476,0.0036370633884681425,0.003303881970429412,0.010010386107865532,0.0009074572258611635
2013-03-15,0.0,0.0053335248419745795,0.00442497914770712,-0.0022284710349697034,0.0033307656513248407,0.0030898107913477357,-0.0005331355825598516,-0.0012645762220642176,-0.0017759346687675759,-0.007880503921531168
2013-03-18,0.0,-0.002568259975872955,-0.013179133901788154,-0.013598065177714558,-0.012451414923369208,-0.014438340902280578,-0.010792884872274366,-0.014262531276270862,-0.012902125067771886,-0.012965103913552323
2013-03-19,0.0,0.0008779146762174506,-0.0015281220685833263,0.0026692629325706374,0.00479862165002265,0.0031376488035090855,0.002697280877880015,0.006651201875226276,0.005812307169365649,0.009311301259676608
2013-03-20,0.0,0.019473908969625864,0.024701212101315262,0.025726787117415162,0.026815159755930518,0.02604993803363853,0.01972785230318208,0.023567898938781973,0.0290855332692892,0.01675507973020296
2013-03-21,0.0,0.012718696113132255,0.011937838368338838,0.008771084989344535,0.009172454432619048,0.014502147693333134,0.006302234959926878,0.007942211839717217,0.014943593783989684,0.009878462911560915
2013-03-22,0.0,0.003696316104058406,0.005879431271913038,0.001925630364175257,-0.0012928337248649946,0.002810859419430045,0.0033674307944251414,-0.00037258931875816526,0.015162750737647723,-0.002012188288224692
2013-03-25,0.0,-0.006627501927096713,-0.0018185616115811154,0.0013102965337035144,0.00022064540035260372,0.0030943559056990644,-0.0005148752202258633,0.00019562007177076346,0.013400101154338762,-0.0034616922390807714
2013-03-26,0.0,-0.0030752578794109864,-0.003649312305191166,-0.008483303506292339,-0.008373853121681374,-0.006291062764032795,-0.007005146002212581,-0.012109994958615644,0.002543391867675382,-0.010562631827869207
2013-03-27,0.0,0.0012864492436943653,0.0010061456269223612,0.0036666640148990126,0.004995733265545699,0.0029692228653768193,-6.016872879421875e-05,0.0023234109883716325,0.0004558636574556463,0.0006133385953923653
2013-03-28,0.0,-0.023908600961632387,-0.028781421392482076,-0.031087307863410407,-0.028220424117808784,-0.02823438151941371,-0.028279372087284926,-0.028183839405972244,-0.02892010060034378,-0.027757832548913952
2013-03-29,0.0,-0.009492639982768614,-0.0008356444843765631,-0.002334283272447224,-0.0009008658061036012,0.001386848865698287,0.0029662826157585975,-0.0010807537598508388,-0.0033359276471818244,0.0018342007890514989
2013-04-01,0.0,0.00954667428642253,0.005843653937958271,0.007431398370704612,0.009571200633790689,0.003968241318169419,0.006876011611607558,0.0031092137469583836,0.008689293280360832,0.0010823061174809467
2013-04-02,0.0,-0.013839405206703792,-0.018341972160968334,-0.011367724615239716,-0.015604328250589217,-0.014404092685090797,-0.0037990924327542253,-0.0076365221724165044,-0.02244501767428908,-0.0011519020274808334
2013-04-03,0.0,-0.0046827837644199954,-0.008626083206796031,-0.012120797264636107,-0.007643148689773671,-0.011044023439649386,-0.011213786423465044,-0.007830345493127111,-0.01345048494569867,-0.009581355868409469
2013-04-08,0.0,0.012735068778656933,0.0035665715810908605,0.002042176141451968,0.002038664261392764,0.002858105791723853,-0.003807264701140789,-0.0034665162732135935,0.014557401408391346,-0.012616521228936417
2013-04-09,0.0,0.011544227162536336,0.008220534406220503,0.011431629346808858,0.007176715036703696,0.010354575496956286,0.010324876555551032,0.011826620305819935,0.010604297728657563,0.007695387708043899
2013-04-10,0.0,-0.004507725725389489,-0.002952840399115697,-0.006373775530656434,-0.004936850337930565,-0.005149714167509312,-0.003058033077806832,-0.00014562843532162084,-0.004282744747276079,-0.0010656463730486232
2013-04-11,0.0,-0.005212269755210053,-0.004068843439708814,-0.004606184353826426,-0.001228464037530963,-0.0026422718101792864,-0.0016430936307356703,-0.000846104880087406,-0.002038673186210871,-0.003057698202422743
2013-04-12,0.0,-0.007097703731277605,-0.00811292764439664,-0.010089270644663695,-0.006835590956932092,-0.005257382271980027,-0.0116015509672871,-0.012296756177455959,-0.005893972132158143,-0.014736720835767048
2013-04-15,0.0,-0.014849888826736324,-0.01255380188168076,-0.012049743934370527,-0.012760970596823351,-0.015097200496041907,-0.012144144419820035,-0.015992448897554357,-0.01408161535362984,-0.013497508132393365
2013-04-16,0.0,0.007283417910903589,0.012360104722035414,0.012193037500719539,0.009295200413219185,0.012705405424423777,0.008790931887424636,0.008685771448970314,0.01808836066950925,0.010294147588759017
2013-04-17,0.0,0.01286931208481934,0.0015227700200497463,0.008008775217231312,0.0057552399434106505,0.003876803632016923,0.004661566351779722,0.00223879729094989,0.005197604783242715,-0.002865010300580173
2013-04-18,0.0,0.003720725518848722,0.002751736336044308,0.005375573182581528,0.0022001439516945442,0.003601473908516395,0.0013696749854292811,0.002021712832181999,0.000610560811190819,-0.001268081306788349
2013-04-19,0.0,0.016516973648622146,0.019770999841973502,0.017644834333218284,0.02044761429376063,0.01423460527725573,0.020170217260029766,0.017573296712070086,0.026311939082070745,0.018347386990950287
2013-04-22,0.0,0.006329672172262324,0.0062826915317995,0.001898180630284907,0.0033851235936295243,0.0015342244931741966,0.0034652706359070695,0.0043442707355560994,0.004173754513915995,0.0008538735070238168
2013-04-23,0.0,-0.02999979981034684,-0.023504954056956406,-0.03175651249466693,-0.026737747501164977,-0.0291847501718685,-0.027305607862867842,-0.029734562725732938,-0.03630157399441314,-0.030772667652972707
2013-04-24,0.0,0.029234588036204157,0.02179799182344344,0.020873600797682412,0.012795683156746396,0.01986793313220092,0.013873330921754468,0.017736401947993086,0.022144927069551068,0.015101129282557135
2013-04-25,0.0,-0.014248850477485031,-0.014572793967014719,-0.01677173531751386,-0.01761533444755048,-0.013951451963380768,-0.014066877227111751,-0.013316492137895652,-0.03204535082194815,-0.00729268742274658
2013-04-26,0.0,-0.029532180750503123,-0.019257158777793104,-0.01809789681642704,-0.018599477632263883,-0.019192380253726715,-0.01628799649437951,-0.01143794738583348,-0.018116082131635625,-0.009659815091708879
2013-05-02,0.0,0.010010265360556492,0.00837529336380416,0.0053824351993343456,-0.0018209711263613704,0.0021051721986069527,0.0056451819669938175,0.0037563841393308817,0.015279138504592504,-0.006124698898563263
2013-05-03,0.0,-0.00038133581735344535,0.022971438396932387,0.020484984279909302,0.01797930935073322,0.01567379148702619,0.018133203864344694,0.01627741395419835,0.013842000648378372,0.014319467996215307
2013-05-06,-0.019705882352941125,0.01325815041535905,0.010483908864828674,0.014163381629829486,0.009098990651394185,0.012025580119252213,0.01020040703622959,0.008382427814247292,0.00991418720330917,0.00574620747352703
2013-05-07,0.011940298507462588,0.00023874249910083023,0.0048080253810278695,-0.002152468298933896,0.0044283019801447665,0.003013068520812734,0.0025225278731308975,0.0015608146443155668,0.0005179492255753537,0.0068863302527792936
2013-05-08,-0.014749262536873253,0.011090214833682888,0.009111245345466035,0.009919278017942679,0.008662476215843151,0.006874397389991627,0.005544168320474885,0.005220140396007933,0.007898762928559178,0.0025390979608816977
2013-05-09,-0.020958083832335328,0.004987467144280444,-0.00010159465858439187,0.0023577058716617305,0.00038167059265847847,-0.0012913891354960905,-0.004015521649060716,0.00017235877447308035,-0.0024942627547982488,-0.009200741518424427
2013-05-10,0.024464831804281273,0.011107758480834562,0.013406870012994565,0.006839121725476627,0.009919570795117405,0.009947391411259998,0.006984510396534915,0.010535842406642626,0.008718494092837759,0.010978405996355578
2013-05-13,-0.008955223880597107,3.114686174821024e-05,0.0048420663730222024,0.0038532978785976724,0.0014179338762860816,0.00359661351951579,-0.00080428530026877,0.003592073863281975,0.004644981503781231,0.004398839672959953
2013-05-14,0.051204819277108626,-0.01091712628942032,-0.0073267892852848515,-0.01180409154756723,-0.010455599440889363,-0.011569455591998845,-0.011485373613286165,-0.01244634055474969,-0.005824181336498091,-0.016379609669491257
2013-05-15,0.002865329512893977,0.01405902128349723,0.010956561848854518,0.009853827807451143,0.010890494835976483,0.010230102327941415,0.01033411242031712,0.008081435400960402,0.010132642732926245,0.00731528655154845
2013-05-16,-0.014285714285714235,0.0038817723140998073,0.0060677697797002494,0.0042881621671311265,0.009751480164021942,0.009366068143846329,0.009658840362257948,0.01031421830924506,0.010419813089983965,0.005388771994487174
2013-05-17,0.005797101449275255,0.01599504798628315,0.013547818603833361,0.013071250776689247,0.014690289132614165,0.015338959868064661,0.014046516585050295,0.0061637264057616825,0.012083124256419886,0.012372016415426623
2013-05-20,0.008645533141210526,0.01998004515345375,0.016223201044585966,0.01429626278101881,0.016111360785888262,0.011889040333167289,0.011025842369864813,0.008957595010997688,0.01329940550048514,0.008637723793961216
2013-05-21,0.011428571428571344,0.02075652663011396,0.019203312285601237,0.012212690187727082,0.013591705369526474,0.01140580089282106,0.00778518056881472,0.008833688622187141,0.008248019998660316,0.004930512389853092
2013-05-22,0.025423728813559476,-0.014025482965817848,-0.003976994298798164,-0.007991555553387375,-0.009102111447972683,-0.008443678972976598,-0.006603368923152275,-0.007804776663335122,-0.015021408508005374,-0.002486359496005175
2013-05-23,-0.046831955922865265,-0.006115589490285345,-0.0045205202067307715,-0.008292621570632819,-0.008638587742938797,-0.0077123040766385875,-0.007638095016344049,-0.011260848083737396,-0.007601899163198977,-0.0039225632666477495
2013-05-24,0.00867052023121384,0.019887462381561916,0.012754025273624237,0.014279275173411099,0.01790322113645071,0.012280342654123366,0.011022016801481405,0.010940921657254021,0.01239011493100195,0.010282399794325103
2013-05-27,0.02865329512893977,0.009561776176618242,-0.0025094800765605996,0.005316675330939269,0.007362757171505363,0.007423937269334546,0.006263049200762927,0.006592518631373556,0.008736657329939446,0.006153195569242431
2013-05-28,-0.005571030640668551,-0.006236728185917695,-0.004047307163896008,-0.0015975722060596054,-0.0006406462830201853,0.0015245547984050756,0.006152194326472626,0.005252748254254591,0.006592868646976724,0.023492007997659492
2013-05-29,0.01680672268907557,0.0008743770383354832,0.008333031191743778,0.000618468001517325,0.007845282496752537,0.006324198706995965,0.005016604432770855,-0.0013541425002189245,0.010209985762099194,-0.0018315716646771785
2013-05-30,-0.01377410468319551,-0.002651229584167858,-0.0015952405273312875,0.00190120787051562,-0.0023865896117997165,0.0026257763254406985,0.0018555580318693199,0.00014372403946083523,0.0027494795229239255,-0.004141733653448387
2013-05-31,0.011173184357541999,0.002270522458639901,-0.0065669635551831584,-0.008266018424088029,-0.007789047736638799,-0.008645616474890372,-0.005439482201912593,-0.0054808652790336865,-0.00581073674115673,-0.005276051847534102
2013-06-03,-0.008287292817679481,0.003852268413422122,-0.006634275094942077,-0.005281223464452811,-0.006925094917897945,-0.004080784213810196,-0.0025458531588766764,-0.0008656110507404557,-0.004717716534170302,0.011052684862878692
2013-06-04,-0.03621169916434552,-0.018138053832008283,-0.02351789479183708,-0.020129091612856698,-0.020366451801262953,-0.021946253841671592,-0.018981638375881627,-0.017026824005474506,-0.009757205039559125,-0.010403123597799713
2013-06-05,-0.026011560693641522,-0.0014575688315779933,0.0013286851079548079,0.004574846476149919,0.002709998223265675,0.004014754628562933,0.004302420480475799,0.001540703666231158,-0.004505697296957156,-0.007758544208247287
2013-06-06,-0.005934718100890191,-0.021376753884715383,-0.024498823828998817,-0.016722944382380422,-0.017968487640618536,-0.017280238176100915,-0.017433764183346412,-0.017395525142067214,-0.015940577095939323,-0.017012783048906965
2013-06-07,0.0029850746268655914,-0.028619873689578523,-0.016130637484434107,-0.018683797695170035,-0.02113597494638486,-0.017765406175470178,-0.020283353108796365,-0.015966150297156534,-0.022400652948588062,-0.00947956269287853
2013-06-13,-0.050595238095238027,-0.03516143480191791,-0.029353563957601914,-0.03453836338766958,-0.032579429830947415,-0.029837111827972995,-0.033466959861282786,-0.03588698395437839,-0.03306042706864443,-0.024454041632597456
2013-06-14,0.006269592476489061,0.02417325806426529,0.018190660427990668,0.014985836937351227,0.016275521690604755,0.013488044200976823,0.010572323138635431,0.013346174483487294,0.006091239910542612,0.005208313463441749
2013-06-17,0.049844236760124616,0.0014448933697348565,0.0050906080419725885,0.002800983413657976,0.0029155946691306056,-0.002450485076873843,-0.002312290789100113,0.0012357851792512697,-0.005426536012171801,-0.0038566744875051517
2013-06-18,2.220446049250313e-16,-0.026436182448443035,0.002861306161591415,0.005534719287032752,0.0019972434909572012,1.9992059020701447e-05,0.003557784819688825,0.004113007331348673,-0.013096183428621067,0.007181845531158304
2013-06-19,-0.011869436201780381,0.0033048192477911353,-0.00989169957378011,-0.005622907724649462,-0.0052402232609067845,-0.007007178352950616,-0.0049505980999275945,-0.004428602284820116,-0.007078917978408761,-0.007780811587448366
2013-06-20,-0.04504504504504514,-0.029403294960878568,-0.028128778092032736,-0.030222711668272617,-0.031079882968217287,-0.030973872865325047,-0.028551467578406986,-0.025281211390592917,-0.02536019421399527,-0.0103249844190757
2013-06-21,0.018867924528302105,-6.872956476178249e-05,-0.0024565782380568946,-0.007254010196600991,-0.007959034914045815,-0.01140861857843789,-0.008367720811229162,-0.0007158895619423511,-0.008465584541565874,0.0008518990587782493
2013-06-24,-0.04938271604938271,-0.06143891826942971,-0.054756762190019126,-0.0659462658008797,-0.06428720350964545,-0.06324805686859702,-0.0620717108625386,-0.05287551072361496,-0.06492580641154466,-0.057770322568086896
2013-06-25,-0.022727272727272707,-0.0017206795151043508,-0.010817536712897646,-0.004647285264989143,-0.0066033440255321985,-0.008842263083566948,-0.007593309777158885,-0.004599451757646755,-0.009129309118585671,-0.018201308807981098
2013-06-26,-0.0033222591362126463,0.026830277517844836,0.011747934578937969,0.013535530938905582,0.01545957196864367,0.012778862133963509,0.008966474988174378,0.006154415526037127,0.014946013544606895,0.0009731176756524462
2013-06-27,-0.04999999999999993,-0.024677570147497496,-0.01839165424762046,-0.01824248954514618,-0.015887011363544534,-0.01264181216830984,-0.017461611788597287,-0.014838816146969913,-0.013075272641391522,-0.010372170823306104
2013-06-28,-0.038596491228070295,-0.0014964673431995257,-0.002541988853585142,-0.0030178402604749133,-0.001282971109217601,0.0016138731785784177,0.0013241284293705746,-0.001834177153609895,0.005883551914013463,0.0029787556073643806
2013-07-01,0.010948905109489093,0.02599210504585492,0.018238303911560116,0.01839081834367451,0.014453449086513581,0.014974731976201694,0.01641731620626663,0.013625014154356352,0.017675602679442903,0.005459734810728145
2013-07-02,0.0072202166064982976,0.008883369276047937,0.015782456919712473,0.010535292421864462,0.012480346946777798,0.014510084377640231,0.009618366426045188,0.009537876770332465,0.01143248163364019,0.006375804947091668
2013-07-03,0.05017921146953408,-0.004867765786317646,0.00040880767600093293,0.000738778463108325,-0.006898897904962231,-0.003035335596051514,-0.002528633868611796,-0.002485128638640033,-0.00242297582951434,-0.005235843818343522
2013-07-04,-0.013651877133106005,-0.00031673639476326176,0.0070822790213105336,0.008714126015983314,0.012012685351669994,0.006309919090908389,0.013542978024861707,0.007224852760364442,0.010171499109633775,0.012833918098523078
2013-07-05,-0.0034602076124566894,-0.011097084979963534,-0.0001027702297600186,-0.008330316781445135,-0.003396058934273749,-0.003621814176662519,-0.001863505005502697,-0.0012173540725787246,0.003455419788180203,-0.004998461742708238
2013-07-08,-0.04861111111111105,-0.04310401127830665,-0.03633904914697994,-0.04077473865533299,-0.04095926222468216,-0.04214450861483299,-0.037565536853542136,-0.03949706203460357,-0.03990687441738683,-0.027143478506494012
2013-07-09,-0.0036496350364962904,0.009494536621126759,0.004077560760242793,0.00641677979224875,0.006967446796586341,0.008170221822773938,0.007574625224610054,0.005782705826873347,0.008300856092460451,0.002578330909481119
2013-07-10,0.029304029304029422,0.030935114083982196,0.026947814104581802,0.031046784707918995,0.02876201100000464,0.03327477102244236,0.030240719711802644,0.02774777451258581,0.028642858622989875,0.03142559222358954
2013-07-11,0.021352313167259718,0.029519387892777083,0.022745907202339266,0.02479610152149525,0.027919971970060464,0.02795974268214718,0.025006845038165748,0.028807842199999767,0.028138205881526934,0.02588320301396041
2013-07-12,-0.013937282229965375,-0.006366214088701194,-0.004154425703262188,-0.0072465295255502715,-0.009902748212449297,-0.0102696144333706,-0.013220660188928979,-0.006013858487568635,-0.008180095380292851,-0.010676553065084637
2013-07-15,0.0035335689045936647,0.018097143628602597,0.018479449541917603,0.01632826262067355,0.015192925920760603,0.018095436312353552,0.01699915197978097,0.012416487624684391,0.010788149888037113,0.0031615016608863566
2013-07-16,0.02464788732394374,0.02071052065137491,0.013656948951704218,0.012902151045697474,0.012925249814065731,0.011077952798252966,0.011505922164957605,0.0073571963725440614,0.013531086479979137,0.009069544109356675
2013-07-17,-0.010309278350515538,-0.011631280673524036,-0.0103729571799418,-0.010774979308827315,-0.012280745803095239,-0.012992277840154776,-0.012000422680154776,-0.012883153464840924,-0.01200043636904713,-0.01183278507985297
2013-07-18,-0.01388888888888895,0.00020874474045040614,0.0007464166559802976,-0.0010671283430534473,-0.0021248239937043945,-0.000556101913204543,-0.0025961374042382523,-0.0022351892447476374,-0.0019185349616404057,-0.0012992381385058538
2013-07-19,-0.024647887323943518,-0.018797637903127606,-0.021130963261222768,-0.02136140106510298,-0.021934626339339403,-0.02271122393919922,-0.022646460998509643,-0.024035697234997988,-0.022574524793793294,-0.015399676931837414
2013-07-22,0.018050541516245522,0.03155052625556243,0.011328754694344578,0.01857879284334829,0.019934678351428925,0.016606048627544112,0.0104987370315055,0.012149630856657323,0.01040677724147887,0.0030405147222869466
2013-07-23,0.02127659574468077,0.027033293817418702,0.02201350266426827,0.023879105917144372,0.024480254382331923,0.024634023958650664,0.024473990064654894,0.022132859788379644,0.026091474302169626,0.0086544955016854
2013-07-24,-0.00694444444444442,0.0027036319076025883,0.002720178065304779,0.004268452735292527,0.0058607895603475235,0.004101603627428618,0.0017395702462741358,0.0008398313137469859,0.0034709298796042898,-0.00624246328743816
2013-07-25,-0.01748251748251739,-0.0163251903251318,-0.013678144296413786,-0.019224214305196163,-0.01637979802265943,-0.015406824127417118,-0.01616881503440526,-0.014179335351570455,-0.01769217149078328,-0.019842077504836353
2013-07-26,-0.007117437722419906,-0.0022119990897070396,-0.005456259110956707,0.0046533763331753075,0.0011304076917091344,-0.0005202311143907012,-0.0003045313572862529,-0.0032338352846070784,-0.004687937687695376,-0.009043143742332393
2013-07-29,0.05017921146953408,-0.011096047588170621,-0.010761086030498523,-0.01712161546327884,-0.018204116865077502,-0.016334540209066217,-0.01956224532414963,-0.019153963284265774,-0.010110893309720814,-0.002874992468476223
2013-07-30,-0.03754266211604096,-0.0011691238543748428,-2.131590922782589e-05,0.004952207882429782,-0.0013227289828022792,0.004217503918430232,0.004637895626066202,0.005403492661470555,-0.0027851805731303747,-0.002728792065137764
2013-07-31,0.007092198581560183,0.01866813555164759,0.0025431562957785037,0.004832597320106435,0.0048883797827685704,0.0038836180328731817,0.0037911153262784048,0.005422463709210845,0.013401366554693261,0.004700741266975728
2013-08-01,0.010563380281690016,0.026283703599025987,0.02586886704158209,0.02667367208940985,0.028243186611641047,0.025636083194471304,0.02513904795545363,0.02175292247007432,0.022353345055725393,0.018093016443872623
2013-08-02,0.020905923344947785,0.006865496284039985,0.004352542023448258,0.00569415725800404,0.0042467914963146836,0.001695365465494536,0.0026194940450412485,0.0049470861542570965,-0.0012369073666120833,-0.0009367131595693357
2013-08-05,0.0034129692832765013,0.013702824733218044,0.006263480245995767,0.013947439855684696,0.014922446285046798,0.016547599884290554,0.016201571443247076,0.012346530517434395,0.017100301291521403,0.016229137616113443
2013-08-06,-0.00340136054421758,0.0046111310898433455,0.009180478988291219,0.009859665798902295,0.008432339794085086,0.010402050984576805,0.009220625207779332,0.010813048359538557,0.014881180583055764,0.011883183376701467
2013-08-07,0.017064846416382284,-0.006639736542075836,-0.012116097539690562,-0.011896021808834867,-0.01009198327087879,-0.009687190761842435,-0.007155267508592522,-0.008507119405436359,-0.013994603468480915,-0.005040594536312004
2013-08-08,-0.006711409395973145,-0.0004276984490347857,0.0074178696506717046,0.0027941492749028463,0.003734342321209949,0.004059850361987083,0.003984743329100704,0.0019445478583575149,-0.002950163670336625,0.0012456907006153095
2013-08-09,0.0033783783783782884,0.0006418254069084917,0.0025167904419385323,0.0058364008508726695,0.003527550366895893,0.002617674845292628,0.0043602405656548715,0.004687011814008324,0.005391565715590518,0.010376945681267458
2013-08-12,0.01683501683501687,0.013619991673962994,0.016570819875483478,0.017294151691842785,0.015554528820942215,0.018805271930521616,0.018325894494102046,0.01882934789406998,0.01492124857109478,0.01579383532314438
2013-08-13,0.019867549668874274,0.008914980764718194,0.010990296682624523,0.005078569133884603,0.007661907422793046,0.008418660062305072,0.00858780485612165,0.003968273772814168,0.004077948554212174,0.0027801052566527318
2013-08-14,-0.006493506493506551,-0.006515539437333406,-0.0017064899854826177,0.000647652288361833,-0.00415741714989093,-0.00203814299659133,-0.0008798910400753535,-0.0016740631545244522,-0.006328830988161838,-0.006284479792730169
2013-08-15,-0.022875816993464193,-0.01303009773897601,-0.005048763620901675,-0.007152940631004356,-0.010912654345871298,-0.00789761938314959,-0.006113657387751936,-0.005920910378650057,-0.006815644456980352,-0.012558271499627072
2013-08-16,-0.013377926421404562,-0.02072524594138514,-0.02141414332387126,-0.01905861392854158,-0.019992707200405357,-0.01814881228387355,-0.017225923600957205,-0.014122412656891736,-0.017924546856198598,-0.01104604352009586
2013-08-19,0.010169491525423568,0.022796707054944854,0.019556402384251825,0.022490871458906492,0.018649443164800994,0.019692825398570868,0.018803921067153118,0.016189490949878982,0.014104434233252139,0.019251501626266876
2013-08-20,-0.010067114093959662,0.00655465748096451,0.004493780294342997,0.005147088531612942,0.0020070983020044064,0.0010874230987041322,-0.0037036590769344846,-0.0051971534347990955,-0.000751758985048312,-0.004323818433454529
2013-08-21,0.010169491525423568,0.009565694724354756,0.01344406658499353,0.009359349788244264,0.008046116607980824,0.008915840896589922,0.00818273599741115,0.01085793392250256,0.0026413359737638142,0.009752866581072439
2013-08-22,-0.006711409395973145,-0.0045271957887219605,0.004609961343365221,0.0003574063901872204,0.002033362172247477,-0.00439858121313208,0.0033352365494552227,-0.0011431961191915585,-0.0006592941619927295,-0.005482380094588457
2013-08-23,0.020270270270270396,-0.002732428463003589,-0.007734619908226326,-0.006797291150147822,-0.004850174578021393,-0.0034688075146368513,-0.0035952582613814066,-0.00463545008698385,-0.002722514991498226,-0.0033293760649980575
2013-08-26,0.013245033112582849,0.01830015374750449,0.017904631470360588,0.019096216927291243,0.020321833450742233,0.021518374149875896,0.023722176598747646,0.023052069187458057,0.02824021835277124,0.016926345136108356
2013-08-27,-0.0032679738562092497,0.0055992756202418725,0.010352433327000865,0.013313848953853125,0.011043345564909268,0.008219774357360876,0.014489660934559723,0.014189487642107146,0.01445803111603583,0.004410144198877974
2013-08-28,-0.006557377049180135,-0.017828911373546252,-0.005487138235409139,-0.008518761832293942,-0.006634728787178079,-0.005135786878138204,-0.004499255116915402,0.0014959745163980465,-0.0032305284314471105,-0.006400340885327371
2013-08-29,-0.01650165016501659,-0.0016582848956255836,0.004556163049526107,0.0048478167833738706,0.0014505482472844111,0.0010134209135874706,0.005548187657536063,0.0030066358007143634,0.0010232555862452752,0.01329631115092611
2013-08-30,-0.01342281879194629,-0.010067876067152204,-0.009756284778507207,-0.01495782051302219,-0.010421944164694219,-0.010854050593937292,-8.225160617636451e-05,-0.003065116841727389,-0.00036482999922082815,0.0004373339505476803
2013-09-02,0.020408163265306145,0.00853174143056945,0.008285152593547451,0.01350470081474131,0.006659808960687741,0.0023569475448719235,-0.0008213368144249777,0.002714139225068024,0.00026991500326056794,0.009800196613904966
2013-09-03,0.006666666666666599,0.01057186087667783,0.00866898153264195,0.013417576435659218,0.01549950075247386,0.012551219329108854,0.011561249923567773,0.015453958357129594,0.007061378661184392,0.02392813856528231
2013-09-04,0.04966887417218535,-0.0002909000033795017,0.0063193524115015,-0.000680552826873182,0.002295742155041136,0.001354837250876706,0.006527399358380537,0.001674155037039382,0.0005540652273348101,0.003966153933163241
2013-09-05,0.05047318611987395,-0.0014895123003255684,0.0016733794492860277,0.004268723464424751,0.0010430165947357128,-0.0010291623540166217,-0.002274162881869879,-0.007062287772579667,-0.004306890029435739,-0.017537655916810224
2013-09-06,0.009009009009008917,0.0014192924752463032,0.011492562117688898,0.005739050342690621,0.007962170955587045,0.008318093378752112,0.013325018000640121,0.007210601722777321,0.0036847463273639303,0.012386511554235424
2013-09-09,-0.0029761904761904656,0.0036034164873910424,0.00636124648513281,-0.007885969069940213,0.009005640690739058,0.012099856002129927,0.014182888512100256,0.01094279696601852,0.010056280174758347,0.009520730318924642
2013-09-10,-0.005970149253731294,0.01466355561802124,0.009442931745553995,0.009649361992265515,0.011118981807611172,0.012792051739177523,0.017745350887410583,0.01311621342285596,0.016319104083865277,0.01845040230432593
2013-09-11,-0.012012012012012074,-0.0038103977190017124,-0.011871076816047599,-0.008481460637111637,-0.0039500597487835964,-0.003569587639391303,-0.0006610077588580232,-0.0026986670543187596,0.003729901911220468,-0.013608151411520941
2013-09-12,0.00911854103343468,-0.0022724788916781424,-0.0031301883731948976,-0.000203004492356329,0.0010517398610665474,0.0034404805138443795,0.0069056273219330055,0.004529750856989256,-0.0018508348531769414,0.0005547458131494043
2013-09-13,-0.009036144578313143,0.006005847402354547,-0.0025729360309402205,-0.0023798067827199842,-0.0019749440424935427,0.0017110297161226917,-0.00382384933481994,-0.002920193804576199,-0.0032813058654229676,-0.0025605467907129364
2013-09-16,0.0,0.0034376933347910477,0.005419083459299534,-0.00042075103763072885,0.0015800392376832395,0.0008249951443308756,0.01085980542099585,0.0022071365921381148,0.0028960410545291193,0.0055740849382579505
2013-09-17,-0.012158054711246202,-0.017055366460664856,-0.014037672995390604,-0.017315736500439827,-0.021176885090393838,-0.02168567856305359,-0.02194061708721773,-0.025562612181303068,-0.026587817965741722,-0.0025828559568851217
2013-09-18,-0.003076923076922977,0.013118039333727793,0.008763435395729768,0.0057952649816812585,0.008372111399490567,0.009078379741719544,0.012346281716564711,0.01018157480677817,0.006517659927659736,-0.0018387084627904393
2013-09-23,0.0185185185185186,0.0169345950257902,0.024038758450099396,0.01789428692434858,0.02074992774449269,0.020158644504232326,0.02219883845605275,0.017912657164390833,0.015428480155472934,0.015800047101127923
2013-09-24,-0.024242424242424288,0.0008497288674931269,0.002853812763743857,0.0020290353255805194,0.0022930478597709136,0.001119207885631468,0.006373136350063868,0.002918523340288637,-0.005899777802672368,0.005366038447041976
2013-09-25,-0.0031055900621118626,-0.003976999619920707,0.0022504483790568575,-0.006186223579464856,-0.0034052367988851584,-0.0020681159683798578,-0.006100774993608615,-0.005919735727138109,-0.011363488709143388,0.003613052885547585
2013-09-26,-0.03738317757009346,-0.013892108934763892,-0.021867780603792464,-0.015503610464710826,-0.018973828593475628,-0.02405834078469904,-0.028809507250193933,-0.024332972588400836,-0.026370714040258925,-0.022500946346635353
2013-09-27,0.012944983818770295,-0.00807083046683199,-0.007699366910105088,-0.0010314631783048256,0.00016325751757784168,0.0010794871112838056,-0.0013259736155116775,0.0002747133679823488,-0.001663806158050174,0.0019664051002885596
2013-09-30,0.015974440894568787,0.011933001386435382,0.011230870022501449,0.014460384362951384,0.012699283065207512,0.014390007782718817,0.013591488712875188,0.011599384895605303,0.013108724504861335,0.021243550804028066
2013-10-08,0.018867924528301883,0.016467036027415505,0.022088863421117155,0.0181374725568777,0.018534609455871154,0.01715938922089366,0.015019388469752037,0.0177124373829447,0.012781607019157981,0.007551566036580359
2013-10-09,-0.0030864197530865445,0.003924150564389661,0.012535230971595368,0.014005506231640208,0.006610404911736589,0.011450004168130912,0.011673317730725552,0.012469874410689696,0.007177421963751929,0.025550696623819924
2013-10-10,-0.021671826625386914,0.0012126682085615847,-0.0030678851419253528,-0.0073253114098232874,-0.007970945168453647,-0.00176087678167558,-0.0022623051633902103,-0.004006890632352045,0.0007245806152378353,0.003826590551167408
2013-10-11,0.05063291139240489,0.012475059636065211,0.014149447610489974,0.012214355153335132,0.016671379864261482,0.018977889940814174,0.02298065106143632,0.018511572997868875,0.01660550653717019,0.020628558025154176
2013-10-14,-0.0030120481927710108,0.012231849824761776,0.005229437131409664,0.015592473611408364,0.012490864554345338,0.010078902943592594,0.00970611668518706,0.006298899334182595,0.006599000186874759,0.02559042314280391
2013-10-15,-0.009063444108761254,-0.002467052460025654,0.0001970415029461936,-0.0009061791073173842,-0.0011639979710570403,-0.0010670260856485703,9.964760973657505e-05,0.001095172219095053,-0.003492258262365433,-0.010224962017680972
2013-10-16,0.03963414634146334,-0.023150167161842594,-0.021273408299416263,-0.030008625046029747,-0.026767263253832052,-0.027650804329240053,-0.028794283703653112,-0.025706724046791862,-0.03114191687525858,-0.02197823065234006
2013-10-17,-0.011730205278592476,0.015042268464258823,-9.95073251713885e-05,0.0029288284668562703,0.0036832127555668226,0.00025056163963821376,-0.004539752987716361,-0.0008332441945455571,0.006929646290319891,-0.006357363386173098
2013-10-18,-0.01780415430267046,0.0017977124357850816,7.450770267958262e-05,0.0061291779958811965,0.0044143778986223126,0.004054364364093788,0.005946258322764519,0.003842207012296983,-0.001524690399271833,-0.00039639397299784385
2013-10-21,0.009063444108761365,0.032052926155945016,0.031530711631192476,0.02496874776967517,0.02570046590362174,0.02212743062639766,0.023097263753385278,0.02087972729683285,0.016875485849243477,0.02147785361117771
2013-10-22,0.017964071856287678,0.007296750576670563,-0.003505084128959113,-0.0056706626681234384,-0.00502348433551536,-0.008838069353879208,-0.013500539615750484,-0.010214518693261176,0.004268570451734899,-0.017442268543637507
2013-10-23,-0.02941176470588236,-0.015232143943617937,-0.029521452774684875,-0.027960454200133156,-0.02083785124713422,-0.025992772063338054,-0.030318833788283706,-0.02931846013891437,-0.019167793856260773,-0.04501128471419724
2013-10-24,-0.006060606060606211,-0.007790098571290205,-0.008352368575026525,-0.005462369774935194,-0.005654911523071959,-0.004634622692462398,-0.00583003274528493,-0.001965383947371002,-0.007617326852681905,0.002572900616895968
2013-10-25,-0.03963414634146334,-0.0024181369314478784,-0.019987645232309892,-0.017181583594555017,-0.02002543504071308,-0.01504773409649951,-0.01823322594764365,-0.019904535008701152,-0.009203359929582655,-0.014076466925838416
2013-10-28,-0.03174603174603163,0.004160478114387578,0.0028570131733025583,0.0003697783401706012,-0.0018616911893439836,-0.0005381661042830332,0.0017806997081055709,-0.0006537633580010471,-0.0014061329168478798,-0.010337432554576087
2013-10-29,-0.04262295081967227,-0.023504128066679675,-0.029419502762177974,-0.02859734336418318,-0.029150487712730877,-0.02865788178476414,-0.02699210253454387,-0.023339468754777992,-0.027824599002974848,-0.028106273518442526
2013-10-30,0.013698630136986356,0.003526935166636269,0.01649933460111641,0.01710247039663826,0.01643404788479108,0.01736740364287437,0.01757998712556219,0.020783151792274968,0.024141192026468472,0.02397028407905677
2013-10-31,-0.006756756756756799,-0.005544594589609098,-0.012080330213536716,-0.007902390344983856,-0.004300461473679795,-0.00473356660235047,-0.008961637501254116,-0.0074632334539683765,-0.0015622731945931223,-0.005145157420037072
2013-11-01,-0.027210884353741527,-0.008682299449700448,-0.0006104975039523675,-0.0031782803005131477,-0.003058952099211365,-0.003509193147159251,-0.0002677973546448831,-0.004351909072720872,-0.005597483788044477,-0.007512256403110595
2013-11-04,0.010489510489510634,0.007489573862805132,0.010880367252714018,0.009034000997536262,0.0065137364180472,0.004881472009482746,0.0035880956168179434,0.004550984407289516,0.009923169596100623,0.0026490046970302217
2013-11-05,0.04844290657439454,0.010005995297895032,0.01407678445668803,0.010690586946419112,0.01415616312635537,0.01169777372438241,0.012046458564440199,0.007371970756326451,0.01661023998942479,0.014498331979963863
2013-11-06,-0.00990099009901002,-0.0011692851809650406,-0.003349838607903388,-0.003965478815435408,-0.007261515740607627,-0.008023117594429752,-0.009318752480106385,-0.008457956909653896,-0.009011222802518426,-0.006965186134791135
2013-11-07,-0.00666666666666671,-0.013692738963908435,-0.009059549552502655,-0.00783600623625269,-0.012021580100498697,-0.010670201395026835,-0.01438948847791044,-0.008857491785813965,-0.009125270879397296,-0.011415286427891802
2013-11-08,-0.023489932885906173,-0.015420065732500987,-0.013921705540163698,-0.013046263821982484,-0.01536579007742267,-0.012444849031631344,-0.013952650918756637,-0.011605772952577142,-0.006952193603211532,-0.01875110918221723
2013-11-11,-0.0034364261168383647,0.011919773162497815,0.010204914090930384,0.009723419295564861,0.01054512928233553,0.007892530345175564,0.004745344034496668,0.003597779908758092,0.003750250207863459,-0.0037924400971037775
2013-11-12,0.01724137931034475,0.012549150394904673,0.00984082748883286,0.011792606035632813,0.013074075795923124,0.008259949002174416,0.007351481684279015,0.006583724147927406,0.006689163839247003,0.010297244839766684
2013-11-13,-0.03050847457627115,-0.022843712791358994,-0.01768771478111153,-0.018023650202363184,-0.017525865932203843,-0.01890730978054167,-0.021577775790290743,-0.019433212143805556,-0.02589641131946796,-0.025055791330419908
2013-11-14,0.0174825174825175,0.01065725769343917,0.01587469406525477,0.018493952326683605,0.019198664444299407,0.01326000457225418,0.012890839783401331,0.008343585638082462,0.007725044874625109,0.006952712862208443
2013-11-15,0.027491408934708028,0.014849897968983061,0.017666704017363255,0.0171825405581969,0.02067215374079656,0.01910959641621157,0.022548695365877336,0.02048076428303358,0.02127527145910557,0.023681246525333766
2013-11-18,-1.1102230246251565e-16,0.016372088654396766,0.025079475440181742,0.02099822574281962,0.022124048566741106,0.021112045354190645,0.025926974887461762,0.022471114716317686,0.025842483475649436,0.04658183847139896
2013-11-19,0.0033444816053511683,0.008896817972200877,0.0022918963491975752,0.006002444194559864,0.0019298272380570136,0.004541061672951763,0.004920965952092349,0.0037141249649506047,0.009911537424297068,0.00141746543661192
2013-11-20,-0.0033333333333332993,0.006401645609435347,0.012442970692450928,0.009701133210509694,0.00929892692900225,0.010923136109372011,0.011476923029539954,0.009750105228869765,0.011196387618226389,0.005833243581583991
2013-11-21,0.010033444816053505,-0.0006886873147609052,-0.004803328979542165,-0.002127824800116862,-0.004313033638845276,-0.002792304629517739,-0.0023297898938557937,-0.004133543310464338,0.007900622187969608,-0.004514428222718192
2013-11-22,-0.006622516556291536,-0.003513607470304936,-0.004211760669279752,-0.0011573556666780727,-0.004429648217595394,-0.004367173747129138,-0.009106235562261755,-0.004292226171656588,-0.005675467013093516,-0.00897734801574046
2013-11-25,-0.013333333333333308,0.0033497903000567764,-0.002051383021842157,0.0017198358905801125,0.00032707961014688536,0.004007862004843377,0.00415847812794734,0.0022884331543517877,0.00034214979656144173,0.0006776781111033081
2013-11-26,-0.010135135135135198,0.009467696381765034,0.006017525522055145,0.0030154280623291285,0.004041018245230843,0.003051306813796284,0.005880673219030408,0.0017098868685065938,0.0021693657812160705,0.00881742716964462
2013-11-27,0.006825938566553003,0.013164477824989529,0.010199568110772494,0.012080343175433272,0.01088081610107805,0.009788759231337929,0.010223421853161607,0.007611626944252992,0.013136493141607142,0.009959120563654666
2013-11-28,0.003389830508474523,0.008251157663772934,0.00027534430778142216,0.010595643029044366,0.010985052958006003,0.00851914451164193,0.007753818146995828,0.008081898931654452,0.0033366186368661843,0.0024051999935352786
2013-11-29,-0.0033783783783785104,0.011979626075967253,0.01350492863006103,0.011271507379275736,0.010214053743983875,0.007864313756281938,0.006940320192635019,0.006400819839777583,0.001459579539821343,0.006391304033573908
2013-12-02,-0.05084745762711851,-0.06479384279090894,-0.05980166486083949,-0.056080100000913236,-0.05332525821746548,-0.050719809634288904,-0.04635850566844557,-0.038519431989263886,-0.03807260258058265,-0.05626900553821468
2013-12-03,-0.014285714285714346,0.012124627464189297,0.017641379841399907,0.018095214032165075,0.02048783902329876,0.02214819087334008,0.02080841040144077,0.02249802688240754,0.028296187038568954,0.02169648566980409
2013-12-04,0.007246376811594013,0.009249539272697671,0.013895641100194922,0.013689472590689089,0.016998855825367754,0.018035083446941158,0.02215407946107084,0.018570406376323678,0.02313707241869456,0.022200124260683296
2013-12-05,-0.003597122302158251,-0.0025224264768495264,0.0003167790127369674,-0.0034210962754424035,0.0019216333719511702,0.003284804498576932,-0.001770166137978646,0.0008585886143046562,-9.77233146283174e-05,0.021890488409432196
2013-12-06,0.010830324909747224,0.000595191237579229,-0.005970404166090404,-0.0028591836857284614,-0.002868280608936402,-0.003969665529536481,-0.004911437104513139,-0.0012479322848059082,-0.002507710134592722,-0.0077746989748122
2013-12-09,-0.0071428571428570065,0.017407765386846297,0.007669156777879049,0.011119345522661472,0.010855553414916175,0.011304497681185799,0.00660644209229555,0.010524989967197973,0.007598828416945924,0.014968658517391153
2013-12-10,-0.007194244604316835,0.006941974390905381,-0.0015467523966355978,0.00048547649679053784,-0.0005604364373817949,0.004414349489037184,0.004710397705461666,0.004143213367275855,0.003925220485896386,-0.005076192781605204
2013-12-11,-0.014492753623188248,-0.010149125408639992,-0.008483048825146278,-0.009198533469674142,-0.014680780460572196,-0.012704420195626898,-0.013401370723648331,-0.012291292204006932,-0.0159867654744672,-0.004067829959141345
2013-12-12,0.003676470588235281,0.003421988289252109,0.00422623138018241,0.008101123453452264,0.005692962216933495,0.006229482110241991,0.005641944572387647,0.005181414633425474,0.0004837504741801446,0.005991005922054704
2013-12-13,0.00366300366300365,0.007725998482839502,0.002975909183864367,0.006107262873477737,0.007906263678431724,0.004499329182234835,0.003451085340490323,0.005490380612242607,0.0020922140252728205,0.01241570186978147
2013-12-16,-0.021897810218977964,-0.014819579131112759,-0.010582690150718888,-0.014366504379114242,-0.01378669442922309,-0.017062946321971473,-0.017279237764037614,-0.012699790465534377,-0.0237937216769325,-0.01882251207739638
2013-12-17,-1.1102230246251565e-16,-0.003944394474813984,-0.005172263890171003,-0.008983316151980336,-0.009364600904754439,-0.005148643160699962,-0.007300143935145997,-0.0072537368115126455,-0.008694302139322097,-0.008569338176627195
2013-12-18,-0.01492537313432818,-0.004239598859292482,-0.0021231963211360005,-0.0012150931499337325,-0.0020557416623178115,-0.0011190813438655134,0.0014446240280829858,0.001523783296507819,-0.0013251486918269828,-0.005531974790398353
2013-12-19,-0.018939393939394034,-0.0024920440662231647,-0.006874567659898578,-0.008815241916841576,-0.010785665817693246,-0.012471596845557653,-0.008114517079389816,-0.012010584374577804,-0.009524720352970917,-0.007952833572999252
2013-12-20,-0.050193050193050315,-0.0069593081486647446,-0.012634975725155262,-0.012011303476931023,-0.014704705212819413,-0.013647665929889974,-0.012138973287198374,-0.014439040333184328,-0.013181628949665458,-0.016021928218497683
2013-12-23,-0.0487804878048782,-0.0008321174221872507,-0.007846644322047847,-0.003605504151783845,-0.003522308151082898,-0.0031302840189905146,-0.007495153881211802,-0.003591242610684331,-0.008533777788063857,-0.0048269526248296835
2013-12-24,0.008547008547008517,0.01118396621249751,0.005519501062396959,0.011711564944059116,0.01259317684074479,0.008990416593617878,0.00760868424459793,0.008547701550908782,0.008005549948711499,0.014155229975730599
2013-12-25,0.0,0.01978234725880479,0.014669415112639639,0.017954678003412772,0.020193016674022957,0.015069523561103582,0.014520691423133503,0.009063276138177923,0.010941416724828734,0.00586225068888635
2013-12-26,-0.03389830508474567,-0.017680405985206704,-0.019430832845665824,-0.017980045595728744,-0.01801295327975072,-0.017415425767705717,-0.01988294411006508,-0.018484336406241697,-0.023294397499215247,-0.02483227404548749
2013-12-27,0.01754385964912264,0.031727319806795995,0.02043624802410937,0.025996295857906748,0.02132618442229428,0.01844509462713506,0.01728566870757109,0.01647282876395173,0.016191626634867173,0.01603283715315129
2013-12-30,0.004310344827586299,0.007402114471548593,0.01144987070846848,0.009712530055917101,0.005343234752049897,0.003596854740941291,0.004296855855734805,0.008318232121000246,0.006544467083276162,0.00010189710460650758
2013-12-31,0.0,-0.00422250780626765,-0.0008071502489451765,-0.00697535450773179,-0.0006558107385240541,-0.0024360505511252795,0.0028030923592801127,0.0039911061398523184,0.011577655917901941,0.0010466439036009856
2014-01-02,0.008583690987124193,0.009827277616391017,0.009500363230204645,0.012751173160732154,0.01014793375529166,0.00525887925209001,0.0059517987177091225,0.0020032201555391094,0.0021423578937200816,0.007445127473904689
2014-01-03,-0.012765957446808085,0.008160630676507852,-0.006114166070534721,-0.0044605032648658005,-0.005878301975362987,-0.008163431920941377,-0.011621001515842999,-0.009887356229686284,-0.010749771530779384,-0.0030499466642552875
2014-01-06,-0.04310344827586232,-0.03681807240911239,-0.027185603747515885,-0.030962280096549777,-0.02917558028439471,-0.02976902321507824,-0.03121302525164149,-0.029067542861252682,-0.03295563542890223,-0.041071208258877
2014-01-07,-0.009009009009008806,0.014261425452740006,0.006654122506871474,0.006613387923183334,0.007787367510052157,0.006736597276892464,0.010791326941574253,0.0012338282709292159,0.005343220470654053,-0.001739191575388488
2014-01-08,-0.01363636363636378,0.010885775343694837,0.00663959187982921,0.003082236453045395,0.0036637513449391257,0.001293410126569805,-0.0010360402599792762,-0.0011166298149984932,-0.007229661484927652,-0.0033098960737664163
2014-01-09,-0.05069124423963134,-0.02225335838727671,-0.011216873395093252,-0.020122996052100772,-0.016107017073385133,-0.01518228487242701,-0.012828325001799645,-0.013939812950337083,-0.01336870714553573,-0.019904793889657713
2014-01-10,0.04854368932038833,-0.02061075554379188,-0.013435266235391263,-0.017054340953198244,-0.014875945530118173,-0.014046951661990437,-0.01624869673887752,-0.014904834160027858,-0.015292949708861858,-0.00853894133895372
2014-01-13,0.0092592592592593,-0.00870715920795273,0.0017111264303359963,0.0002758680987036133,-0.00017026652518292718,0.001649755006815301,-0.004970934071044986,-0.005888405523689633,-0.0013467003046163661,-0.0032062316054137785
2014-01-14,-0.02752293577981657,0.03031821181004246,0.02210745251376789,0.020507052797404723,0.021396879294092175,0.022449787158021817,0.02153882562084264,0.017922726049086846,0.020193791630727542,0.02350137470432334
2014-01-15,0.009433962264151052,0.01825943597216173,0.013315097610727022,0.007958686046801278,0.006968508234181048,0.006630241778904145,0.0069835361434178456,0.0022035552602004405,0.0018192278624749036,0.00806857151012741
2014-01-16,0.009345794392523477,0.00431115923914871,-0.0004893529973384325,0.004593189161641753,-0.00043948452627506907,0.003158530511464308,0.0020845063341079495,0.005799262751582379,0.0076503031617487505,0.004930632516095157
2014-01-17,-0.02777777777777779,-0.0029802073427962483,-0.01230207500404168,-0.005436755418160688,-0.010211529073653747,-0.00842941075031478,-0.011277720219370346,-0.01036360015341109,-0.011423131832571487,-0.00826962722871094
2014-01-20,0.033333333333333215,-0.0037902101215396833,0.0004266441358995454,-0.003735401938531502,-0.00556762017903456,-0.004498868801156686,-0.00387556060425176,-0.007660108848497327,0.0017203880393903415,0.00042742496703973565
2014-01-21,0.004608294930875667,0.014863634436796724,0.019548428953056973,0.0157350665589846,0.017229582661382414,0.01959829419694037,0.01951076469494062,0.018126865938077996,0.01698055673724519,0.01354237764583699
2014-01-22,0.022935779816513735,0.029513120008439753,0.021780051422857882,0.021739578295158157,0.02467150244251015,0.02468862962934404,0.0254929506436139,0.02258746947644008,0.03188827355591539,0.018827070607222218
2014-01-23,-0.008968609865470767,0.01658428644995702,0.011494591131361531,0.008516580744986069,0.008983503373202861,0.00652621665797426,0.006474640214861216,0.0002255064415390695,0.008598378830283915,0.0013083940082649903
2014-01-24,0.013574660633484115,0.01282517060381938,0.012518152423361295,0.01360919190862453,0.00862395662043891,0.011428427621506643,0.014639152513314713,0.00829205678601519,0.012828075429224928,0.01053884412111894
2014-01-27,-0.03124999999999989,-0.008233992161673531,-0.00035992848306787284,-0.0024678868518723807,-0.0027365557505641958,-0.002463244241238005,-0.0037071134858406296,-0.0033495148067540503,0.0036457246138628108,-0.001097470587681837
2014-01-28,0.05069124423963145,0.005268873112986627,-0.0015573571862878,-0.0036530134064345354,-0.001031838032673149,-0.0009602679561105942,0.0002982104936917196,-0.0029591154027795996,-0.005827902484688674,-0.0017573887879149819
2014-01-29,-1.1102230246251565e-16,0.0032765862908885612,0.01380454862007241,0.011692761325591716,0.010787402648711142,0.011189555483627878,0.010083848127913297,0.00630279670877365,0.009697113482514341,0.0031044657826919675
2014-01-30,0.021929824561403688,-0.01582434029235691,-0.0040185134254627775,-0.006898508889744859,-0.008373615053869132,-0.005164713175141222,-0.0047092664596900535,0.00041264932889228945,0.0006781259780224147,-0.01052995819919511
2014-02-07,-0.008583690987124637,0.02644656612851981,0.019278967855304474,0.018406722231414818,0.020036548906938956,0.022606539998400788,0.01587524397307538,0.01961469521168069,0.016176112969506162,0.016947279829736983
2014-02-10,0.01298701298701288,0.030150691059812162,0.0271615168787791,0.026464459446794875,0.030027991964776124,0.031230240418935074,0.030923843857471933,0.027139859547455236,0.0205756949004976,0.02591152030206545
2014-02-11,-0.008547008547008517,0.005590332847124513,0.0013431145592859295,0.003276771726196115,0.002385919389960689,0.005879182492411372,0.0066651660219947395,0.008140098754989777,0.01558679773837457,0.007812350789454525
2014-02-12,0.004310344827586299,0.010681717032095639,0.010267713198944373,0.01528868254752358,0.011706979846139998,0.012678606096675704,0.011021872991785253,0.00956863638801786,0.010334071448146132,0.012003290354127394
2014-02-13,-0.012875536480686844,-0.021682679576761843,-0.01606929694650916,-0.015486789008162694,-0.019258091762934693,-0.019019002570776822,-0.014292517841277608,-0.017543420510340524,-0.014427582844050102,-0.018120473914799096
2014-02-14,0.039130434782608914,0.01517457098967312,0.01974236767589166,0.023697229497061878,0.01828376858028924,0.017824386810344484,0.020801003728130985,0.018692079131100936,0.02111044262581485,0.023556019010174234
2014-02-17,0.0,0.026873020271942938,0.028270683115293238,0.026131770859659786,0.020514230762236352,0.01998725620640207,0.01911119409642792,0.018723684976635235,0.015990289041030836,0.01109335255942856
2014-02-18,0.05020920502092063,-0.0017204866315363443,0.0045444140548212,0.004269705504686527,0.0007592286584903185,0.000255190125437732,-0.002304523463263153,0.0051206137816071085,0.005964988775685853,0.022324094219368984
2014-02-19,0.031872509960159334,-0.004424361179347969,0.0027658873204863266,-0.0036042719540470003,-0.001379464789894591,0.0030054177370393287,0.0026916921389164017,0.0003680271819608283,-0.0012563922275341532,0.004400262370100494
2014-02-20,0.0,-0.015479945027625619,-0.013962543549807083,-0.013743799330186324,-0.01723916763400324,-0.014823888014136477,-0.014893678430374702,-0.00972764005416471,-0.016103934627081595,6.677397343279878e-05
2014-02-21,0.0,-0.008367648499711167,0.00015060659713617142,-0.0005537915762429124,-0.0016167416914452115,-0.0056009598023389895,-0.010748268886947465,-0.004399628996013427,-0.006333243328668137,-0.012875366121131049
2014-02-24,0.0,0.010479220407918488,0.005549521384495604,0.006239256913676439,0.0030800912048698503,0.0008622344138959903,-0.00226553736873647,0.00027207443361532135,-0.0003075338344631362,0.0246069630402026
2014-02-25,0.0,-0.04940044791100484,-0.033478677753075115,-0.04185199522594074,-0.043618111373246005,-0.035767389390355175,-0.0348532072183797,-0.02836980647729581,-0.037250410684314894,-0.043088445418244636
2014-02-26,0.0,0.007760752684799366,-0.0009007944864515283,0.010295002253017493,0.004459585846073866,0.00551861101648754,0.01071768840661158,0.006069872408980936,0.00489053803518269,0.023127145822395168
2014-02-27,0.0,-0.019610417460105167,-0.014522405101385583,-0.008108743139866204,-0.013405511686049199,-0.011671859118265626,-0.006938688572733276,-0.003714445449068182,-0.012684167003644609,-0.01675424601346376
2014-02-28,0.0,0.0145390019378413,0.008874697431791922,0.006793077442601492,0.010221028967524859,0.010972121720108197,0.010152508503917579,0.0026262327788337814,0.010755076589417767,0.0066833802232841855
2014-03-03,0.0,0.030728944060398167,0.021309668968782836,0.017396883352707615,0.022384126410132765,0.023399759325142266,0.02005521445488978,0.0198050233228253,0.020480282996567567,0.031486238400992406
2014-03-04,0.0,0.003313171219191391,0.0016482273056146468,0.002999648023850998,-4.672983411413423e-05,-0.002005744672821108,0.0008896634848487572,0.0001231112258572864,0.005318357675592411,-0.0027875935682929454
2014-03-05,0.0,0.007245095015919523,0.0023438945339546713,4.569376283303228e-05,-0.0023285261637169263,-0.0011313498911553754,-0.0009292335269742713,-0.005608513365741086,-0.009370408973946032,-0.01824732664515538
2014-03-06,0.0,0.006889763159801721,0.0075256780121806255,-0.0028422731186044103,0.003199520117653787,0.0022938429361474277,0.002556872321820558,0.00016833665989834934,0.004287329624888425,0.00043575231875303544
2014-03-07,0.0,-0.005642595634373748,-3.282674240567829e-05,0.00017108407137023107,-0.0028100369604675546,-0.0005147124268805037,-0.0024734872823708454,-0.0014428752887044594,-0.002308652653259635,0.025093318218013083
2014-03-10,0.0,-0.038486910860813794,-0.03444346463755665,-0.038853988015695284,-0.04016201350755888,-0.039118667997712686,-0.04112927574181913,-0.039048368485995355,-0.035217558933758,-0.012553751373860944
2014-03-11,0.0,-0.006813659646482728,-0.008777015234706087,-0.002416439398290615,-0.0002891825034323503,-0.002289589683420634,-0.0025886658160503284,0.0060550723202303924,0.002840713479698831,0.006435758661248903
2014-03-12,0.0,0.008972151633264591,-0.010770392615637947,-0.008141279453029004,-0.000585626381288118,-0.0015969450049903022,-0.003062127828996619,-0.002334689947015134,-0.004461522835829901,-0.020412103796515813
2014-03-13,0.0,0.01043289964538019,0.014901712433074588,0.012378525435045251,0.01076313173490595,0.010817710847419448,0.012040411991459887,0.013204074483804673,0.012325745715963787,0.005136667285355223
2014-03-14,0.0,0.0033708333786157674,-0.003545410489176004,-0.0007882688673508387,-0.004363331742240795,-0.0032911868963825253,-0.003630704829830189,-0.002646916319593684,-0.003237621078778119,-0.018314661506211083
2014-03-17,0.0,0.02132363313420882,0.022960266049641298,0.023047516747863206,0.022634077363905325,0.022536422969854808,0.02373045448705935,0.019833216884470373,0.017399468060444345,0.029618962411401384
2014-03-18,0.0,0.007149602167544122,0.011762935548659259,0.005159273597714398,0.007598569299408275,0.004580046258249482,0.007162917887063136,0.003122428288964807,0.005142824281918701,0.023818432587433325
2014-03-19,0.0,-0.008529294651283936,0.003344837001248102,0.007362414024053798,0.004289856347797771,0.003711473251992503,-0.0049133230845843645,0.0038893834686555273,0.007723192349321284,0.009743224635994086
2014-03-20,0.0,-0.030986762361846165,-0.03124743743118452,-0.02769950859485515,-0.025513687235488747,-0.026220642118483073,-0.02673520723366296,-0.02527818137575588,-0.018879922372214253,-0.01952200151318806
2014-03-21,0.0,0.027414716749364798,0.02093869949593996,0.018319008135051718,0.019030423654438744,0.01885028395552113,0.022435537764937674,0.024707783167980724,0.02901603197261582,0.0077070092968380965
2014-03-24,0.0,0.0008691022091711353,0.009686057001898618,0.006101717659553252,0.009298002029954233,0.006341332265938471,0.010088508768806514,0.010534486651723851,0.009876541535035477,0.012343235203131186
2014-03-25,0.0,0.011649673345285994,0.001373066249502175,-0.003445348634857126,-3.933601894257066e-05,0.0037282564187850475,0.004513608075335185,0.0014399003930467558,0.002260822202439172,-0.010486219481436132
2014-03-26,0.0,0.008312916511630686,0.0040093231712960975,0.006026162736484597,0.002683404566607095,0.004028789743245165,0.004569943569491031,0.0016702258562020234,-0.004175045631834351,0.0031652152401262512
2014-03-27,0.0,-0.028683792457381174,-0.02225951356557032,-0.014412616702647152,-0.0185434388392286,-0.019218049259771552,-0.013927720833624035,-0.012387241753104128,-0.020349768506254473,-0.015640981200345516
2014-03-28,0.0,-0.030178239946656138,-0.020280490833643916,-0.02765633680535662,-0.02395082079389399,-0.01812625060194839,-0.021939882503835606,-0.02028934309350261,-0.029753499555200125,-0.02921072614202702
2014-03-31,0.0,-0.018052545538289166,-0.011507896031448972,-0.008249107492394048,-0.009112637904800991,-0.009943125822592602,-0.009881660491845912,-0.00884747752326287,0.0021242604833582313,-0.00011406186167906007
2014-04-01,0.0,0.01575795607817443,0.018916825838458662,0.016710041504498285,0.017608370340241652,0.016077442466428282,0.013325327366870088,0.013319528963308347,0.012133374708262368,0.013951326205264403
2014-04-02,0.0,-0.012212203693631296,-0.005605949352869732,-0.0016070915165288246,-0.002005850546918597,-3.5928571083254646e-05,-0.002552802259378595,-0.00226402519445168,-0.021899210583118722,0.00018391938311967948
2014-04-03,0.0,0.000810582208720545,0.005658378087555205,0.003993362060792149,-0.0012985644814557107,0.0007978304234332878,-0.00289045290438672,-0.0037514861369405406,-0.0014614545717696048,-0.004749685724720787
2014-04-04,0.0,0.00783491207599707,0.013007439610250637,0.011861218277784635,0.011820699014964742,0.008911764685623158,0.008835550709433981,0.013259637259942503,0.01509997724771206,0.010169331486297173
2014-04-08,-0.050193050193050204,0.007182316707410763,0.0127572177041686,0.01140886999771773,0.007294662813377206,0.011188325045278225,0.008582732668720006,0.0114565883127411,0.009747690836722,0.014270935998689227
2014-04-09,-0.04878048780487809,0.009861828633780156,0.011513431530377982,0.014007294640740575,0.009414772283448558,0.010295187223304803,0.010577078782760374,0.006504828694734677,0.01027350904149471,0.0114118298522774
2014-04-10,-0.03418803418803407,-0.03460322010912065,0.0024121220825588097,0.0026330246184285144,0.0006217258826584082,0.006077660651257588,0.009274174594083862,0.002340502930239019,0.0013921148957409812,-0.0018979103641011408
2014-04-11,-0.017699115044247926,-0.0054011375002284145,-0.01044436678097116,-0.003703244478963752,-0.006193119436861405,-0.0023726123165080937,-0.004113183884656091,-0.0034189872799905707,-0.004102559190596877,-0.0007805401559535241
2014-04-14,-0.009009009009009361,0.007016940169741526,-0.0023961456268388748,0.007336432489506661,0.009764902079496762,0.00637267205955494,0.007919145997333565,0.007026155489369801,0.006146344672896653,0.022432502414672095
2014-04-15,-0.013636363636363558,-0.010362286414289157,-0.003732425533414796,-0.0027263218723454496,-0.006449686648733133,-0.00965750823164735,-0.0057444668451893666,-0.009601939903638224,-0.005069941740045603,0.00783957557871684
2014-04-16,-0.04608294930875578,-0.0014232637639205459,0.003709942598213445,0.0038665783243334584,-0.00012600309866750425,0.0012859772126114777,0.005246986244607843,0.002724850872932727,-0.0006586360116912493,-0.007784888951821722
2014-04-17,0.004830917874396157,0.005299364822241026,-0.0006886743890595071,0.0014746076500817829,-0.0004442922797454063,0.0017676091395728566,-0.005488263190580378,-0.002958171878686522,0.008617216079612966,0.00531342654004896
2014-04-18,0.00961538461538436,0.005488989632168595,-0.001866277755915302,0.0012006741331718196,0.0038052178869507625,0.005360826715546052,0.001532983543081734,0.003676531940140171,0.001655560022449487,0.0027802798305678333
2014-04-21,0.05238095238095264,-0.009376242165263005,-0.015120451348981656,-0.012428970020035401,-0.016757787366664334,-0.01786412976743279,-0.01867848395377336,-0.01989072250278956,-0.01654455214280126,-0.02349340266433053
2014-04-22,-0.04977375565610853,-0.002856905625013395,-0.010777478982864519,-0.01063068097682518,-0.009856658241872762,-0.006338771374902907,-0.0036640184145192434,-0.0036449749266658227,0.0004481656332389061,-0.011374066589202259
2014-04-23,-0.014285714285714457,-0.01439199924604928,-0.0013803650363256592,0.0013891574278890317,-0.006443702143811181,-0.0048566460267940315,-0.004655180371176404,-0.015627665603612506,0.001995103347090188,0.021301807974706488
2014-04-24,-0.009661835748792202,-0.010944951102180966,-0.014675515504068093,-0.007536138952120797,-0.009744049057779702,-0.008942537844722875,-0.01008466603831848,-0.006693277846786749,-0.024336601476903086,0.0016717661810652373
2014-04-25,-0.019512195121951348,-0.010169516798696043,-0.02165118347672801,-0.021306879146834712,-0.028885280655189693,-0.025660862750559343,-0.014110785730019004,-0.018845706782491534,-0.02467759279470283,0.010647031126671314
2014-04-28,-0.0497512437810943,-0.03612334720654731,-0.0342519850807973,-0.031246499943181627,-0.03172971170601879,-0.031343348889500855,-0.033821199638063515,-0.033536546185690685,-0.038833286927145494,-0.04857294019056768
2014-04-29,0.0,0.007706816887795842,0.014374072783946978,0.01148726602786554,0.011602866969709691,0.01262787432743484,0.015611431992706759,0.013349402471411365,-0.002010283490679332,0.017338496563393146
2014-04-30,0.0,0.017531385125792553,0.003982378350946281,0.006762873649000634,0.010401389425145346,0.010381105834060378,0.005912415241024593,0.00935311978341069,0.008230201053510244,0.0007651754049531334
2014-05-05,0.0,0.012816406939422764,0.014106608035692192,0.009679718233605694,0.010341910112675379,0.011764057973177477,0.011412860223165344,0.00610101939997465,0.007076661423033537,0.01253186884046631
2014-05-06,0.0,0.005146331761131995,0.008396047821761732,0.01005603128478616,0.008754871007898402,0.007867994467005257,0.0031010911479638636,0.0011805640569171327,0.006848864312664071,0.00521458003109343
2014-05-07,0.0,-0.021659304840119735,-0.017104369015580503,-0.018335631741219112,-0.019110759887794482,-0.018086167754889644,-0.019300107785300207,-0.019113071853423296,-0.02432349292157733,-0.02203839280435404
2014-05-08,0.0,0.006188470437211935,0.004006015475584768,0.0038345676644140347,0.004663274670148487,0.0018555115859009153,0.0024310484272884736,0.0030298981994207885,0.001403576267031692,0.003769715404426055
2014-05-09,0.0,-0.0018817779572782856,-0.006164724122642351,-0.0009812900263769242,-0.0058788645543995655,-0.007301285303211169,-0.00679011438869237,-0.008481859790759994,-0.00815567012486662,-0.0012296251810125503
2014-05-12,0.0,0.03475804821480111,0.022550969234737872,0.027835299697478,0.030914946476550353,0.0258402765015302,0.02460394195389992,0.025169343998841853,0.024820719612000053,0.022979333241927247
2014-05-13,0.0,-0.00631868677490155,7.038562105088353e-05,-0.0022010801926090062,-0.0020791252675633753,-0.0020417713126952286,-0.0008588178485424702,-0.0013431750426859956,-0.006716521151620136,-0.0031540841050299306
2014-05-14,0.0,-0.003776058161788387,0.000654091877341223,-0.004060211988506701,-0.000855487243795805,-0.0012640110501562773,-0.0016141838972385525,-0.004038884743692184,-0.0018173407330825952,-0.004797230248418827
2014-05-15,0.0,-0.007478544679976995,-0.0165551707200412,-0.019082280775980953,-0.02003214697138056,-0.018123028930315588,-0.018700588565536913,-0.022822548451889912,-0.016888144818417716,-0.01735311526323291
2014-05-16,0.0,0.0037576984349507736,0.0058897349016715506,0.0019567893468688258,-0.00261582001327898,-0.00015190369346906873,0.0020364542041833023,0.001943522099367767,-0.004826273989206875,0.0015266398611617493
2014-05-19,0.0,0.0025831392458357527,0.0006885379418264392,-0.00433475988739096,-0.005614571201491669,-0.004767247348253623,-0.0018178945944793412,-0.007258705234410967,-0.013633900896556361,-0.008051853807442333
2014-05-20,0.0,0.0007569273632024309,-0.004047542099366863,0.0006441937096304251,0.002470024657887704,0.002483721332155131,0.0010371165369313928,0.0026727693379935413,0.004149638882532614,0.0027249662643369366
2014-05-21,0.0,0.0051781038114384614,0.01005850084254667,0.010587657745590118,0.009827031906508799,0.008758525478980372,0.008491548189762277,0.010645691787716016,0.007816580878484025,0.010180894366317972
2014-05-22,0.0,-0.004397638756925781,-0.005957664994416079,-0.0030231039698108697,-0.003984560304700402,-0.006949119969658857,-0.0034015835139176165,-0.001998052971353137,-0.01108350145270709,-0.005359591902171501
2014-05-23,0.0,0.005339972932121295,0.008441540940178127,0.004043101252880987,0.007255708379430015,0.005642255635692539,0.0075377595832268884,0.006507977386154051,0.00812032316953526,0.006927231374015852
2014-05-26,0.0,0.004338144316816672,0.009722254420181153,0.008243003429385887,0.009656782005824871,0.006702299840073644,0.007423575720752362,0.0077446482359502244,0.006699250027266457,0.00716314190175793
2014-05-27,0.0,-0.005896017991427804,-0.008868267761160342,-0.0075194572165608875,-0.003197347558368868,-0.004865255124146817,-0.003909291185987929,-0.0025373574946307986,-0.005251707436052855,-0.0061277459727154815
2014-05-28,0.0,0.0078069019364008785,0.007831325291469682,0.005617520311489876,0.008212692544152578,0.008935195188405132,0.007423651533316145,0.007355179998841832,0.010226608588653985,0.0076685461612922
2014-05-29,0.0,-0.01598322425137355,-0.015450401402871794,-0.008972701066208066,-0.011331690274485107,-0.01061292529212432,-0.00939822239439636,-0.009032511656383191,-0.01057670707390801,-0.013307206940828653
2014-05-30,0.0,0.0010268841792444583,0.005381967093036177,0.002329232519207025,0.0024994927108605847,0.002149334028747507,0.0023018294177408194,8.32866789213238e-05,-8.158643083178152e-05,0.0006012275206128681
2014-06-03,0.0,0.0007680501722919786,-0.00029347131079160427,-0.000490376280862459,0.0001690977030448515,0.00022629433892285,-0.002500151985027288,0.0006139219455818523,-0.0004057292935069068,-0.003134950602252551
2014-06-04,0.0,-0.0011832080641347442,-0.008726427749860766,-0.007067406380742769,-0.010403691950598315,-0.008621400892384057,-0.0086680598285096,-0.011431393120746258,-0.006591904470012788,-0.00851157607098163
2014-06-05,0.0,0.008388716354627457,0.010666650708104797,0.009505517757192106,0.00936374094596193,0.008637215815391341,0.011544945179552846,0.011520131185575044,0.01096552784969762,0.007580386249415483
2014-06-06,0.0,0.009059410611603758,-0.0029560476013291703,-0.0036712894283070785,-0.004945370501955759,-0.004021321146309376,-0.0033873469584416727,-0.0028911122279416945,-0.004369559012454838,-0.0030531799456028352
2014-06-09,0.0,-0.005396414093864821,-0.003750190947713783,-0.003541198730567463,-0.0037601343978052038,-0.007485180339659614,-0.0019304458822710924,-0.005771331944521285,-0.0017848475723668544,-0.006111771087993656
2014-06-10,0.0,0.012130593407916113,0.01204028626211584,0.008144439331249087,0.008721977669894132,0.009414263149114754,0.0087929133788065,0.012464391142787967,0.007707157490707051,0.010989363160148313
2014-06-11,0.0,0.005198435918378985,0.003938156997384201,0.003328113691938528,0.004930406325151182,0.0062178422756535845,0.0033691421531569787,0.000220869733876361,0.0029088179270087,0.002760780188969969
2014-06-12,0.0,-0.0009804036714472497,-0.00414659413583407,-0.005956884096333104,-0.001777250338429348,-0.0005877730571069995,-0.0076937157902327025,-0.0035233313271030298,-0.0014941622994891768,-0.00432225196671443
2014-06-13,0.0,0.005433142093666854,0.013039909417316142,0.010222978521239323,0.0077848705864203005,0.011815982347031184,0.00810312722763129,0.009526365081013566,0.008377820803396219,0.007895839993366627
2014-06-16,0.0,0.006766141755775612,0.007931985725408985,0.00408395777959103,-0.003148188017632836,0.008422807685541933,0.004607237505606099,0.005557092577712197,0.004226435041238652,0.005618830125218244
2014-06-17,0.0,-0.010817836052414598,-0.010841306773337611,-0.005566289533755153,-0.01066154115507989,-0.011603063428180072,-0.008028643153371151,-0.018096421590833134,-0.014879408022008711,-0.011904913986768295
2014-06-18,0.0,0.004841672205429637,-0.015707485944470023,-0.007412505453779805,-0.004056186555076113,-0.006572589565172815,-0.005023747473016149,-0.007081937598384602,-0.004833536175455122,-0.009206852408213506
2014-06-19,0.0,-0.02243794888953521,-0.02290000820960536,-0.030471903409012624,-0.02800317882326031,-0.026168710425457098,-0.023866177270453925,-0.02371602055608124,-0.024245060331470003,-0.01899616085526057
2014-06-20,0.0,0.00880191189672197,0.009040979018857476,0.00883255904862379,0.00868301826384843,0.008331561982292346,0.008034950260424889,0.008523744039322878,0.00782583135937398,0.004497318646197179
2014-06-23,0.0,0.01141196639454889,0.00644043335513822,0.0061808768435061,0.007992225003137232,0.009744838947105317,0.008713195631611104,0.001244751463930438,0.005044991462316961,0.00443078837228672
2014-06-24,0.0,0.00018326824948378118,0.003937445517141924,0.00829107990517386,0.006978541059529553,0.010762592569511176,0.006185080445102686,0.007323574867899474,0.0039258117441201,0.0027331359315687642
2014-06-25,0.0,0.0009022194205550171,-0.006044286463777859,-0.0023115304583816165,-0.003343677293067393,-0.0036693746243016134,-0.006926064377438923,-0.002737721397022219,-0.001147931496513932,-0.002943112604413156
2014-06-26,0.0,0.010988605308771549,0.011311205933342006,0.010347558970700943,0.011432501959148578,0.015046892347801988,0.015771046247926357,0.012841049486618239,0.013188601327656535,0.008618372793919082
2014-06-27,0.0,0.006601224379060522,0.010218775017065918,0.006034307999532418,0.00871090819419873,0.009668345155113611,0.012337100814412194,0.009059933212697047,0.010149201369446637,0.010736981661654488
2014-06-30,0.0,0.0012227266526683156,0.009771853981205059,0.008283985935827909,0.006713676772041044,0.009351392845137863,0.009831518514916704,0.00916303150394393,0.012059438025493918,0.003979921377013973
2014-07-01,0.0,0.007191153052467536,0.0026069775126038586,0.00707985734701988,0.0038524960214454396,0.0042999381633879175,0.005540956786924012,0.006449745456062583,0.004983036484081271,0.00044507004291904906
2014-07-02,0.0,0.0006431258567967113,0.007659372826794186,0.0073738864821688566,0.0066189330814976355,0.004135002715580871,0.002914006772319233,0.004745451203229445,0.013043546527370387,0.008856643749092674
2014-07-03,0.0,0.0035953925157796718,0.003876602838861043,0.0067989264606656,0.00466481385833406,0.005907046499021185,0.0034370943457047165,0.006397417510866532,0.004051111382401107,0.007532009091014924
2014-07-04,0.0,-0.0028388339728447898,-0.003895683006948203,-0.006100899682594196,-0.004474598371050353,0.0011123686991372228,-0.0007056514460476171,-0.003435098662685654,-0.010743179449513418,-0.0035121805427784647
2014-07-07,0.0,-0.0027760582586173754,0.008197165062860723,0.002182086901482805,0.0007388501494061117,0.0030186947408219478,0.0023031816832059793,0.0008763520170174122,0.003343066139187334,0.005577112132302053
2014-07-08,0.0,0.010275454701470066,0.007865875875657569,0.005393019919361253,0.007088309824421435,0.00970628305572685,0.006315861231258824,0.005399897308360213,0.008203201682801975,0.0036143785654723093
2014-07-09,0.0,-0.01780016284962349,-0.013623222354857467,-0.013163579229718336,-0.01225995564775273,-0.014633527518221112,-0.01324570345080811,-0.016048070621577537,-0.017017412052876102,-0.018888097624826794
2014-07-10,0.0,0.009605996832597219,0.008898024071778199,0.005805400715817921,0.0027999220881669284,0.0055015811908223355,0.00631280354866659,0.005522639565475496,0.009556110724067368,0.01549209713566646
2014-07-11,0.0,0.025965257836449096,0.0017770882917722552,0.012393672223041774,0.009920792743005391,0.015031034655312192,0.008327936766582278,0.008805408532297498,0.007391776782129211,0.008882631846528932
2014-07-14,0.0,0.029088207979257596,0.02127252463930862,0.012964477372747307,0.010322775504234327,0.01448931994668623,0.01445443062754892,0.0170305517831002,0.015012905578806857,0.015606226836287984
2014-07-15,0.0,0.00451208708401718,0.008807026482860802,-0.0030328827061802954,0.0006777861753963776,-0.00173436098209101,0.0014065758250716431,-0.001082766015870651,0.005007541673963889,0.0022485074274329886
2014-07-16,0.0,0.0030233962219894384,-0.0130032060336146,-0.004070013932948369,-0.006067529275726513,-0.010618994475951937,-0.0040209523392276125,-0.0016209163077189892,-0.00527167285123209,0.002025898411332605
2014-07-17,0.0,-0.007395901620784073,-0.0031421378443805548,-0.0030619403423223224,-0.002318641314899561,-0.004607344669645186,-0.002734536231313145,-0.007649905158059411,-0.0024777981620236478,-0.00407110358475915
2014-07-18,0.0,-0.0043306866611769745,0.0009315166236567585,0.0025439311391184383,0.0019344499176625618,0.001604212582358544,0.005878353485502252,-0.00028879119058222713,0.000939045234207958,0.00431006555616209
2014-07-21,0.0,-0.001793323234095423,0.0019922319213654394,-0.0046171533269195875,-0.0018035845320587551,-0.00039882047671258025,-0.00012738077965701589,-0.005712315968617765,-0.007320726628483709,-0.00288167637967085
2014-07-22,0.0,0.016277802605275227,0.020044915682603248,0.013281973009173331,0.015193809572566996,0.010356678798325358,0.015351523915283494,0.01273562869328515,0.01245276747753854,0.007201419937312714
2014-07-23,0.0,-0.01452162790988365,-0.005399948414513633,-0.004598980127776486,-0.005908710254231675,-0.006068534950382842,-0.005506242452672838,-0.004049115287703131,-0.002501387404516775,0.0017490651702742888
2014-07-24,0.0,0.0009295128422786014,-0.006937094713751035,0.0019976695853414217,0.003618362878144321,0.00013250261776054373,0.0007905456855261672,0.0007509493975561554,0.0025781459409028873,0.006307230179077861
2014-07-25,0.0,0.013716697497553776,0.007798533736485425,0.011155961096777078,0.012428673474246033,0.008266933800131326,0.008409298275170674,0.011545067882571924,0.012731811993077713,0.006692434007419923
2014-07-28,0.0,0.017940200893828973,0.01804615606188209,0.011562426683167981,0.018361961486205836,0.01798251856163291,0.015415693291907617,0.01573623854725459,0.017328807587556394,0.015490573139090413
2014-07-29,0.0,0.02018251973072127,0.009195220607890908,0.009997906895521824,0.008588649742210075,0.009490705822819745,0.0071863782560757095,0.008500327066709001,0.006680753974931175,0.0027654084429784564
2014-07-30,0.0,0.0009993119338256307,-0.0008123767321860376,0.0013993453522507249,0.005862042911934262,0.00098944454816019,-0.000862869600159466,0.0029179021689103024,0.0030553328483227116,-0.00210156602891165
2014-07-31,0.0,0.002002286826445099,0.013331085563645928,0.009910768802969372,0.0075432069411809355,0.009970187089390903,0.009671285305563604,0.011697555229901235,0.007066567219868203,0.009953491818857962
2014-08-01,0.0,-0.011192061947674192,-0.00741619033075358,-0.007572897825247171,-0.011350671780796517,-0.012043739547679344,-0.012866783802066517,-0.009951007841337733,-0.011053722835020707,-0.006283751015069505
2014-08-04,0.0,0.025400598320652,0.02298682826292242,0.018867017174336587,0.018954045814936427,0.017000333056394146,0.016483872747022454,0.017067952471050862,0.01843034479585759,0.02088696899984277
2014-08-05,0.0,0.004733466641596795,0.00886597332122463,0.004828252056722215,0.007909842873638384,0.005560518458553432,0.00528678056773213,0.0053596525445660514,0.003585720218203692,0.01633406649064706
2014-08-06,0.0,0.004350721780928213,0.00689122503513806,0.0033132997641600603,0.006308075181090889,0.005068860058202729,0.003658210528667105,0.003595996826558201,0.005327685590886588,0.00238035632005551
2014-08-07,0.0,-0.010136566698943916,-0.013669433847725454,-0.009685377154892372,-0.01334211870253843,-0.009281331843321472,-0.011144331701448684,-0.010609913387908065,-0.012919917581673546,-0.016478095827710315
2014-08-08,0.0,0.0032459703990448396,0.007112405746530381,0.005468122647279472,0.006585005036940039,0.008380449511256272,0.005033969472664879,0.004745218475295854,0.003920673936469443,0.004068250526091166
2014-08-11,0.0,0.016880587806715752,0.018152896768484528,0.016164582078155076,0.014516597069895276,0.01545280598702603,0.016573581304173635,0.015788756142346427,0.016044558070005044,0.017234355258216816
2014-08-12,0.0,0.001752825365815891,0.0037751339349767488,0.005285985916536395,0.002570851921368522,0.00595408643674733,0.004992918030874982,0.0056808375810226686,0.005125707916444622,0.004126820767057948
2014-08-13,0.0,0.0013318884643380713,-0.002773086109553624,0.0025767403103065245,0.00449132486730397,0.0038192241471379784,0.0019660227839772837,0.00317483716465472,0.0053590330164570155,0.006623266793633009
2014-08-14,0.0,-0.0039042887731343123,-0.010940874962384495,-0.003986047346544952,-0.008940412318268254,-0.007151723519411957,-0.005289698248944208,-0.007696482043701991,-0.008604719628369395,-0.003033634831726695
2014-08-15,0.0,0.0048959443919875945,0.009629045400336711,0.008720138590979643,0.011609376679811545,0.009184481114121956,0.013080197485354494,0.01004923221598264,0.01274060705378477,0.010124520727567976
2014-08-18,0.0,0.013766159571081404,0.014144046174888736,0.013230042944036402,0.016273984036648814,0.014460394390030995,0.01277124830659715,0.012383511033313921,0.010828082454977794,0.01339477676618217
2014-08-19,0.0,0.0019369316117860969,0.005646884304923772,0.003217085191640656,0.00289343398696551,0.005519734021299794,0.0033059185131401048,0.0023163183336198934,0.004300755432985026,-0.0014358454273738497
2014-08-20,0.0,-0.001361421652279371,-0.0036361930526092046,0.004035802348812956,-0.00015500481845187597,0.003159229191740387,0.0036992928197925323,0.002254712328258579,0.0014120984681722515,0.004208652271332491
2014-08-21,0.0,0.0015150283949465493,-0.010499489720193877,-0.0007916547616397818,-0.0006103935598906762,0.0010942988043625146,-0.0017184336261545363,-0.0014355877236598147,0.0013822382759567375,-0.005551858124411169
2014-08-22,0.0,0.007540295972461086,0.008022229159951655,0.004685728690191349,0.004279138113215453,0.009194170114556366,0.005999372947868231,0.005034594464589981,0.005591051388819546,0.00936322508730969
2014-08-25,0.0,-0.0013258786641197062,-0.010033762038714533,-0.00451830047085644,-0.009138924355384104,-0.007707264504024147,-0.00701287728339739,-0.004339836563462818,-0.005681819410623068,-0.0027827644774536253
2014-08-26,0.0,-0.024364828414721873,-0.019761417549111537,-0.0239974739924963,-0.01711068404150573,-0.02061254002679802,-0.019894077814963218,-0.01734859256956489,-0.01771550663677801,-0.01721595672997478
2014-08-27,0.0,0.009337676261499395,0.0033017631921319346,0.004260263773038675,0.00540475461068235,0.004877826464707802,0.0019359446466666874,0.0020239953725866844,0.0002545972055232326,0.005122695687697965
2014-08-28,0.0,0.0024920668657379963,-0.006040314241322897,-0.006008964565731856,-0.007035319723564859,-0.008964108402018889,-0.009585964122417079,-0.008934176161454754,-0.006605042626159907,-0.012890507081855795
2014-08-29,0.0,0.005058078027343926,0.011343408396574661,0.009630614933279436,0.011125351199649636,0.010161582156458238,0.010789859983543204,0.010644049169836745,0.009011131620463964,0.011732962139136216
2014-09-01,0.0,0.007349627326320496,0.01792049298407239,0.017540802592020954,0.018021625719014667,0.01733697004491086,0.016338819270915295,0.01468807885764134,0.017353507412893654,0.018333427292902327
2014-09-02,0.0,0.015766830386297226,0.012282795073743857,0.017134571437966706,0.016497380284590246,0.015834800392046988,0.015316660297942875,0.014385173184731759,0.014656994573367665,0.010237672747732685
2014-09-03,0.0,0.005104566479529282,0.007579907830481236,0.007369633554801025,0.009994744305413583,0.005872735411179608,0.006684642006352659,0.006808990237006096,0.01066545825325349,0.003360574327469834
2014-09-04,0.0,0.00533185893389998,0.005842158357625582,0.009325573930989428,0.010140810211044737,0.012263475024921755,0.012125201113880824,0.008357139012259429,0.010034687622783478,0.007467834855148681
2014-09-05,0.0,0.004245954014406639,0.008391756403193673,0.005721982690255034,0.004929293090452758,0.00698490004277752,0.006274899210578555,0.00746871601017407,0.007511072730576496,0.0030673040953279607
2014-09-09,0.0,0.004617432887971562,0.009855206058892785,0.007350625720783377,0.00779150462122824,0.007196991797972396,0.008990963838898747,0.007164345317787202,0.010772166298869124,0.004478428652220812
2014-09-10,0.0,0.01788426943866428,0.00857682266290194,0.0057287474416485296,0.005420750387709505,0.006486065499891058,0.0057569437981506155,0.00221624036430379,0.009341568346879159,0.003473740181369145
2014-09-11,0.0,0.0010871624260642143,0.0021021826679847866,-0.0029898916541439835,0.00085275260025508,-0.0025253252613615107,-0.0037160843655259512,-0.0035201352223446225,-0.005262571264884164,0.0034676031419536013
2014-09-12,0.0,0.010051828593765633,0.018358113098192907,0.01535255384791756,0.010640747327379962,0.01508251955511386,0.015620867622946566,0.013796563312868049,0.019539962854024484,0.011522313148508712
2014-09-15,0.0,0.01577068944947868,0.018325288511512827,0.01420156245782711,0.014983414084531521,0.01195381573990284,0.010811239845772924,0.015659548501384624,0.014472530601401967,0.015039439309429303
2014-09-16,0.0,-0.04060346411435156,-0.031581882074016465,-0.03780936110390343,-0.031733215115744895,-0.03333452477793275,-0.03244777088629158,-0.028698511376603952,-0.019415578781950438,-0.02076842711867255
2014-09-17,0.0,0.013499533390772811,0.013661887638522163,0.008949960988382744,0.010578892759373959,0.010601734448431044,0.009722709207239166,0.011959968769309492,0.007503810796032573,0.017781370807152808
2014-09-18,0.0,0.0035449409679211286,0.01059515967357405,0.009565932443828862,0.005963608141854149,0.0060987458481691625,0.0062013174752277855,0.006911618910553141,0.005354735026908308,0.00678076739038036
2014-09-19,0.0,0.016266103926204423,0.009575043276217388,0.0108748730071615,0.012249824905100182,0.009774354451542733,0.010567148055508735,0.006104358161844292,0.008844828753828526,0.0127439579512576
2014-09-22,0.0,-0.01881336289751334,-0.014401809642386132,-0.011252051390716722,-0.012962369451775424,-0.01603716509819686,-0.012597462896709377,-0.015746065921555585,-0.014084470556466,-0.01441340225894261
2014-09-23,0.0,0.02775430686688818,0.016089254274950227,0.013456238415621158,0.015362621979784885,0.015560928624395176,0.014676574644406193,0.013949047722594754,0.013032683959290914,0.017382229542410643
2014-09-24,0.0,0.019777012788429138,0.01607652679427307,0.014395296267067703,0.016244541026953163,0.016328387564646496,0.014689205296616992,0.01405148501465936,0.012921599000689232,0.010891735891617849
2014-09-25,0.0,-0.00035953511666031446,0.0008076695210523788,-0.0015984716515712316,0.0005796024023159152,-0.00041178160029742283,0.001622960115798211,0.003322303468097143,0.004904543119244709,0.0072218969359691965
2014-09-26,0.0,0.017114501785237213,0.006877906614673357,0.008468326193987519,0.00608840816055789,0.0059249997728001436,0.007543893789487388,0.007168229741323584,-0.007938898821391427,0.001976575235022038
2014-09-29,0.0,0.021251811465772485,0.00933751768068225,0.015402025786171336,0.010953915885624443,0.007005185447001905,0.010168386922541073,0.010590774314616969,0.009641343460649487,0.013537436863868546
2014-09-30,0.0,0.004479641591865091,0.008038929717681498,0.008298503079096742,0.006469724378394215,0.00654333859428724,0.002917964217788782,0.0034590430759264823,0.0010984167863734573,0.004678662618211149
2014-10-08,0.0,0.022601398931220817,0.012343385693990072,0.016988499643143307,0.012920241056931348,0.014116497600706213,0.013180161359151565,0.011801272911874161,0.012746828769390595,0.01572883005234016
2014-10-09,0.0,0.010520584615919981,0.004129506931634719,0.005955426401095476,0.008166718699020414,0.0012588734567189341,-0.0008260347333318707,0.002685566399853956,0.009857344881436081,0.004310218220864526
2014-10-10,0.0,-0.007348631190550514,-0.0050170806123591705,0.00043616180205630073,-0.004906779007001316,-0.004175813817652196,-0.006468589836915228,-0.003696418396468726,-0.0017703920023388608,-0.010299998871410643
2014-10-13,0.0,-0.0072258467363115475,0.010004005193392729,0.008682269066157877,0.004113310331144149,0.003073953127033624,0.003269541363417394,0.005336355389376823,0.0004950887644041835,-0.005339857621236788
2014-10-14,0.0,0.003894568074724658,-0.005049432014280764,-1.9808823805367304e-05,-0.0013818927128265157,-0.0005005764161470916,-0.003768277134158171,-0.0004984842498200193,-0.0003975362649534242,-0.003768741151327082
2014-10-15,0.0,0.005345008770453186,-0.0022004150772901854,0.008080463549965167,0.0018413327569466453,0.0032214921740483238,0.0055459984162731235,0.008110446693444517,0.0032736603147431875,0.004958963727609511
2014-10-16,0.0,-0.03264623034935732,-0.013849528650722087,-0.01183185399379616,-0.018992508160916244,-0.015140619852137105,-0.01545263937550534,-0.01353808100785625,-0.015174914642770543,-0.015360107503334164
2014-10-17,0.0,-0.014883498739190149,-0.018186083776270734,-0.01826563253190372,-0.012709197873589373,-0.015392580097474351,-0.013623753284664586,-0.01151727998166685,-0.017058382031193142,-0.009036606212151188
2014-10-20,0.0,0.01532712562003713,0.013509404522758617,0.014257367153991396,0.014925905034294473,0.015925954191156055,0.014375021154275247,0.017590987449135342,0.014149782874617545,0.01696980175738627
2014-10-21,0.0,-0.015240040859668125,-0.004762435567777001,-0.009987627168195012,-0.01029830466474646,-0.007243710415871352,-0.008790920252790269,-0.006872662595651002,-0.006142941762749765,-0.007340910187045191
2014-10-22,0.0,-0.021468935870410766,-0.010433155739066668,-0.017268807282987964,-0.010866899420808096,-0.011424392190171884,-0.014361988156557315,-0.012747720577695798,-0.01323460792038278,-0.009672708483298043
2014-10-23,0.0,-0.023259898024295955,-0.019840003804482254,-0.019885395406250006,-0.019323227371424556,-0.017666733287154623,-0.018477516887555723,-0.016977524220632145,-0.021060533803193948,-0.026593459780327455
2014-10-24,0.0,0.0032012925419764304,0.0025863195609763245,-0.0007703098658705665,0.0015747036147968352,0.0004974842126095336,0.005560395207182545,0.0037557301092088213,0.00041163583684622473,0.002988691063332327
2014-10-27,0.0,0.012665263880748956,0.009692454557205243,0.01084207355338962,0.007406295072592384,0.010204974033754866,0.004579222060967725,0.0052901311415343155,0.007710506458657784,0.008983704237659262
2014-10-28,0.0,0.03301226290452952,0.03175286881004724,0.02449881042859081,0.02868023311658785,0.03222118790303741,0.025975288589247247,0.025037246521388168,0.027514251335022166,0.0331793709419963
2014-10-29,0.0,0.009514521082840899,0.013404585672089242,0.01614551930403385,0.01756920112234428,0.01668488304994331,0.017985014104636488,0.015963199866360744,0.01830095546893795,0.021384920744115243
2014-10-30,0.0,0.01025021813026794,0.007323011850400185,0.004148762258953109,0.0027946353470555962,0.0009661534459977084,0.004840729108700925,0.0067662929418996764,0.005312799917515765,0.004841630114769124
2014-10-31,0.0,-0.007702563282935837,-0.0003112934528120004,0.003232910199348238,0.0023441205035712454,0.003666460595811216,0.0008278903601905974,0.000753035811866587,0.00041837832935853747,0.0063397706588452785
2014-11-03,0.0,0.017808698449112814,0.011861780697470126,0.01622452961050369,0.013223523813723714,0.01183085423695629,0.01452595225170894,0.014972542474126715,0.018749238169718296,0.012225244382760181
2014-11-04,0.0,-0.004472503803776728,0.004257459834742239,0.004982914461520771,-0.00021847383479722815,-0.000917320682461753,-0.0006370078733232143,-0.00027197153926317164,0.005133527006606409,-0.0035486640968701577
2014-11-05,0.0,-0.004299032315407181,0.005881714434217589,-0.0025682453528359517,-0.0037099635825906807,-0.0005406478585952001,-0.0020407374234538977,-0.0016447304042391808,-0.0023339633645365065,-0.003609136497048082
2014-11-06,0.0,0.002549309478841799,0.006140133984811502,0.009727768849969287,0.00566820550611058,0.007142863244370412,0.004573627126850166,0.005557206392305503,0.007022837210460597,0.004912645271860416
2014-11-07,0.0,-0.022650690529365858,-0.011954683680449274,-0.007027715384531619,-0.011023389232033942,-0.011581873914202956,-0.0075295418964187455,-0.010014392534538064,-0.008093833146068152,-0.010487456900774461
2014-11-10,0.0,0.010251552560055277,0.005866102215801305,0.012755107809747424,0.009855359154288701,0.013359656514008833,0.014685336451735198,0.013474754085162077,0.01616091372595685,0.01847204713505035
2014-11-11,0.0,-0.04385626758258587,-0.04059480915137659,-0.0346866057415004,-0.0335502304521299,-0.03331268582227742,-0.03341066541348048,-0.03156063893050909,-0.03487993143538426,-0.028960934709422403
2014-11-12,0.0,0.019401204759580182,0.011377874471950378,0.018107332089734474,0.01513985619879299,0.019544551800707577,0.0184734399199169,0.02028606846994596,0.021093882614763082,0.018412444984178267
2014-11-13,0.0,-0.003908014726042852,-0.009865829823144212,-0.009101240566878,-0.007902494998705323,-0.011906844892626611,-0.008742250879695934,-0.008257989852422098,-0.010901207509908084,-0.0042804740454984724
2014-11-14,0.0,0.003893301924046799,-0.004349479155535185,-0.005084924509889843,-0.0051667306084509645,-0.0021105266411390877,-0.005011070603092471,-0.005057967453686363,-0.006186726517254937,-0.0012954719664016734
2014-11-17,0.0,0.00880575503780845,0.01132177397123968,0.007931647995541136,0.011185301558524374,0.011272643705103835,0.012744770595836119,0.011201210731439426,0.006927758558341379,0.007550241760733156
2014-11-18,0.0,0.0029838337623053768,0.008762693977123925,0.005136536306486361,0.00351791336923557,0.004587379389746626,0.003267805146854652,0.0013196501302961128,0.0022204046311404824,0.004370369768737392
2014-11-19,0.0,0.009302317445959218,0.0012485150163110692,0.005930573775635217,0.005409595969155356,0.006278461963778348,0.0030874273506298344,0.0017876185196206151,0.0019486138700401945,0.0017372599729390537
2014-11-20,0.0,0.0031924262331193276,0.00013563590479259702,0.00025046842289322413,-0.0005113373110547936,0.0008242392428472467,0.001403520090871524,0.00033197311681254504,-0.001378834570198828,-0.005830723889717171
2014-11-21,0.0,0.01241066975570515,0.010420631250719792,0.011522718475721838,0.011602548838095306,0.012629383586368448,0.012695177378300393,0.009860207009258826,0.011158488926163557,0.011481479740115041
2014-11-24,0.0,0.011363051331890084,0.012050749479590728,0.016225895140054236,0.014013592145284637,0.014122299388779735,0.014942519815206445,0.01449319283930861,0.013695712190683107,0.018048817837782227
2014-11-25,0.0,0.019578368747809938,0.014324276327903895,0.015725876756252033,0.015088379072523583,0.015475185821323123,0.013153470294006375,0.016846816152451982,0.014853991716475168,0.005395203546449956
2014-11-26,0.0,-0.003990891586858392,0.0017198355465490867,0.0016965255927936518,0.004255963436101684,0.008604373142882427,0.006443531066092412,0.003518247168826427,0.0004452352510400104,0.011191193065930527
2014-11-27,0.0,0.003381863313601574,0.0069658724648853365,0.006563419235153578,0.008400697396899082,0.007625380183865493,0.007671855521925064,0.009047877137674298,0.00353594659445422,0.001360223978983388
2014-11-28,0.0,0.006548863277323402,-0.002465382655517212,0.00464343801021827,-0.0008158158164534024,0.003385971661051146,0.0020044123502525046,0.0012454889202966335,0.0023727331490892567,5.2904643515816474e-05
2014-12-01,0.0,-0.013168017685869726,-0.01512283040398843,0.003501381479478427,-0.008255059966044365,-0.009576820245419282,-0.0060306559697281825,-0.007463667700878918,-0.0036865456226922166,-0.0011023277956365707
2014-12-02,0.0,0.011036968923618273,0.00754447986764295,0.012065074319953295,0.015147440072741825,0.011684226750189763,0.011503732969154745,0.011858345148704208,0.012385545145191967,0.011057932059028719
2014-12-03,0.0,0.016748969851922757,0.012461816523608782,0.009002627953503817,0.016316884345394467,0.010069338092754565,0.011639422452721648,0.010308861346804754,0.010736710307260866,0.005994495005076761
2014-12-04,0.0,0.021803198293494086,0.012736100895419877,0.016396567381118166,0.019987862058375327,0.01786495728433768,0.015755048138196504,0.021956507864401287,0.01781585566925159,0.019112209066755037
2014-12-05,0.0,-0.0410531759548326,-0.01846945343731743,-0.03293450228253114,-0.026201391715322986,-0.0230441301788763,-0.03761186661738469,-0.023070850797243803,-0.025574169709121963,-0.039984437725669064
2014-12-08,0.0,-0.009188061457405583,0.010885787205027198,0.010984017176325134,0.013112505337703473,0.012801974382610881,0.012264354339498018,0.0187183291053743,0.019247663284686523,0.023197275736713152
2014-12-09,0.0,-0.03953221475770363,-0.04580626189199366,-0.0447086811616616,-0.04570385529316778,-0.04281621659268542,-0.03711563815434804,-0.03642750866812394,-0.026945315695630634,-0.02360103707411365
2014-12-10,0.0,0.02807895458678411,0.02925121817744203,0.033488009490469706,0.03432633188749756,0.03436701482076021,0.03823783562062477,0.03681693828789334,0.03297133877731162,0.04684689748571902
2014-12-11,0.0,0.025511345388960383,0.01041595160086839,0.021558549248056558,0.015328173121405442,0.0208522458528575,0.02526429201668634,0.01638896902803344,0.019849681424324084,0.021374918453497926
2014-12-12,0.0,0.0013229302746937677,0.007312341420684598,0.007544903492338717,0.009516795055419136,0.010602214146010258,0.007041726842437868,0.006339631985646799,0.0050129632779138955,0.005124216600720821
2014-12-15,0.0,0.022499216648840692,0.01179177542745058,0.012711268599316261,0.012714960902203476,0.009782460118769487,0.012761731403377219,0.014362206137618516,0.014843457849373909,0.021268651684577478
2014-12-16,0.0,0.013807961095579246,0.0025626418822788377,0.00454206698083337,0.002679153149671931,0.002406503658090031,-0.0011512839158054344,-4.598279043743769e-05,0.009061895586176982,-0.003239184420419927
2014-12-17,0.0,-0.02030689182163814,-0.01194896523478095,-0.00723605716702036,-0.010927722790951888,-0.009853937705636473,-0.011334551331578901,-0.006839074611143192,-0.0072193854337428975,-0.012930464612509462
2014-12-18,0.0,-0.0013802792638547556,-0.006553189418803007,-0.0015302106091914514,0.0012136026996241167,0.003769953960002903,-0.0011074188302006016,-0.0019391745487645773,0.01003168501010987,-0.003899797551681128
2014-12-19,0.0,-0.0005628918150339945,-0.007701185225336915,-1.4169794817053827e-05,-0.005026272875337412,-0.0010714541880100237,0.0009338158604885738,-0.0013823987149980121,0.010941285974301884,0.010554746405321502
2014-12-22,0.0,-0.051973077515755084,-0.04707845376117603,-0.048647423270295476,-0.03676816785692516,-0.03596089958219184,-0.034783380714035306,-0.03411861595230614,-0.020223920933819195,-0.011787352690561859
2014-12-23,0.0,-0.030813714262252767,-0.021519694024721425,-0.014743790423966674,-0.023649000698173772,-0.020254077162912165,-0.020290464822394383,-0.02550293657156555,-0.03586038974007355,-0.029183108200184438
2014-12-24,0.0,0.021691295761703255,0.01969579454736481,0.014282983013326422,0.01661439663014508,0.012339074518240345,0.013144211375378578,0.011281844259592555,0.006452100629823931,0.006792178848480601
2014-12-25,0.0,0.01169626060595741,0.020779533237079928,0.020129764249539717,0.018844321420345977,0.020548637767066724,0.019807660057158616,0.02071658935833831,0.025357884795232488,0.02383276988374905
2014-12-26,0.0,-0.0016303255491763036,0.01349870321852742,0.008479707323878705,0.010015416133714927,0.009955687752440712,0.010695909179431418,0.012560183081731013,0.01308832912406177,0.01311605328706933
2014-12-29,0.0,-0.016894160612838438,-0.01818605825678732,-0.005404247733445722,-0.010385411310726456,-0.008704013175486525,-0.00639720784794906,-0.009291519227128342,-0.008967378296859563,0.0007002336830490563
2014-12-30,0.0,-0.024574270566246947,-0.018811820867253526,-0.021232797941486137,-0.02163273220929096,-0.0186801318975498,-0.022609170083617625,-0.014885556463889893,-0.018683923812234382,-0.009206861111285214
2014-12-31,0.0,0.0008352866399419234,0.015858909856709902,0.01214739534642062,0.010779103031600012,0.010499726608421245,0.01223326512155376,0.013378613589614785,0.01236925840024039,0.006734932707848085
2015-01-05,0.0,0.025965620340426376,0.012512944070278698,0.023109108063887218,0.02373542063989431,0.01376346093550751,0.026556224094406167,0.0183720842712094,0.02525733064447544,0.028725395306751222
2015-01-06,0.0,0.010841573941184901,0.006722150773265767,0.008773958794673797,0.007028637760129408,0.009111917452659934,0.00845591959275982,0.007066605183770447,0.002837061816658437,0.005429641897448878
2015-01-07,0.0,-0.0004895020128610206,6.116323710014804e-05,0.002685163503221233,0.0023843392962004106,0.0018221487520759805,0.0022254105862586915,-0.00012944405519477176,0.004550450297671649,-0.0013740269985590414
2015-01-08,0.0,-0.016391006325936708,-0.008051369974554468,-0.00972165590593288,-0.008975513972681148,-0.011499374906313364,-0.010052414689467604,-0.012500650576581007,-0.02066641611373765,-0.013646842138329118
2015-01-09,0.0,-0.006308931688605246,-0.009536878696929096,-0.01212384650258691,-0.010370077558294555,-0.010798070485671052,-0.011363198411487363,-0.009012899169896338,-0.011647738138213959,-0.009578409060627346
2015-01-12,0.0,-0.019600442197594825,-0.017928443868627464,-0.021807967486327184,-0.01975096496715678,-0.019132142694942234,-0.023616317814498133,-0.021375001299481333,-0.026724111950550022,-0.028510800801249236
2015-01-13,0.0,0.007926864919148624,0.010485249795233686,0.010023849122065664,0.01489975041442726,0.011528429401036933,0.010503378412407782,0.01014338080394439,0.009618575729896328,0.011466567396202443
2015-01-14,0.0,-0.004589453123630127,-0.002727466130292955,-0.00968220164490985,-0.004772811030692381,-0.0032102577965100743,-0.007126217829618642,-0.0027536906529418426,-0.0035889933779825745,-0.008110598088740262
2015-01-15,0.0,0.014744799002240905,0.013820363841435146,0.012642847240205368,0.010307176559444686,0.014679955665652944,0.017243800708921952,0.016035313655609063,0.016957165082431835,0.01638008716677808
2015-01-16,0.0,0.004303053929233025,0.007204730452476937,0.010452701759197547,0.010872586930259276,0.007198599351857959,0.008109512048902756,0.009723543432457182,0.008230595710905009,0.005454320598430096
2015-01-19,0.0,-0.042509357415456805,-0.0413268185104021,-0.04725891872507293,-0.04165660334894328,-0.045766416238670726,-0.04953926958957999,-0.05173056455394698,-0.05876469700791065,-0.05805453271262473
2015-01-20,0.0,0.02684184105883758,0.03165521345998834,0.034871424218806846,0.033971878800484134,0.032679682463970794,0.03477294257207131,0.03279815430168065,0.02625318681603961,0.03254742037511438
2015-01-21,0.0,0.033816200869397406,0.025714703780327808,0.0314078465084362,0.028995070942429146,0.026705682965083133,0.02968139281325044,0.025981103951743245,0.03284345078138484,0.03250495181937385
2015-01-22,0.0,0.01568916004045451,0.01762903072020383,0.01409765531719498,0.020068846005666385,0.012570840249686688,0.013931727841054453,0.010363940385005765,0.01713775182121502,0.006591314687458993
2015-01-23,0.0,-0.0120110794311733,-0.007859897889854084,-0.00742700149294262,-0.0061788612061379755,-0.00711380145791507,-0.007556272878977532,-0.005139026936438196,-0.0029105922832249886,-0.006052117548080216
2015-01-26,0.0,0.020581710625537264,0.015455958665139047,0.022876309550230234,0.02278733922313525,0.020206209631653538,0.020852925052127436,0.023722730660456604,0.020171530217130806,0.020640613745269265
2015-01-27,0.0,0.021110155315204215,0.002751692267779049,-6.9463461648267e-06,0.005659649317990789,0.007652987127034772,0.004985706551244862,0.004517957668568107,0.008795336910862206,0.007179982657070427
2015-01-28,0.0,0.006027565562734205,-0.0020054647674883075,-0.006250847104341539,-0.007340779642359907,-0.004919755148919069,-0.007983866667212736,-0.004517175079310931,-0.010150879545349656,-0.01463207080576745
2015-01-29,0.0,-0.0038154796094241883,-0.005703823124791452,-0.0005201021871339417,-0.006305283473915901,-0.004428226124322254,-0.006687688728646335,-0.004915705719421126,-0.0015430803827867212,-0.002094418184754643
2015-01-30,0.0,-0.003505236663470024,-0.007615715699914594,-0.011077897298103268,-0.008686770401553745,-0.009623031650905278,-0.010980716675462188,-0.011554769701190737,-0.008617542066072792,-0.014226142237776962
2015-02-02,0.0,-0.009297834561518004,-0.006470618622914426,-0.013512698562685332,-0.00643513222696368,-0.007237151708741507,-0.011126027149939377,-0.014089816109170483,-0.017331526128228747,-0.01243371470277932
2015-02-03,0.0,0.015232333628429018,0.009832833225105198,0.013725498072957976,0.016741366610057984,0.01436616077159969,0.01256502387606484,0.013501925182821894,0.01237174362266713,0.012833848402030723
2015-02-04,0.0,-0.003993406374183994,-0.006466834079616679,-0.004648075975394739,-0.0034041085936681315,-0.0016228602117581703,-0.005963786479886712,-0.004133769234757723,0.001734884052303709,0.0008403706601018968
2015-02-05,0.0,-0.002676752672118421,-0.010900310483567877,-0.00767318557371488,-0.008817788011482697,-0.009876858187267579,-0.01079658276081541,-0.010277394011143914,-0.008007073249288621,-0.012772970548626472
2015-02-06,0.0,-0.01126707931033144,-0.016875099307284813,-0.01752572620587234,-0.02511300217224477,-0.022450362392124612,-0.020730163888816322,-0.021527829000050236,-0.019199884231805964,-0.01675699319889634
2015-02-09,0.0,0.002378742966766767,-0.0034939764941764873,-0.005178952910193435,-0.006460191628265166,-0.006443655208552834,-0.005379643892445607,-0.003119078524433272,-0.007739900280564593,-0.0034140253495226203
2015-02-10,0.0,0.0057490267159527875,0.00838630047108202,0.012728176654102974,0.010853906371791178,0.012078282471673862,0.012042419699303641,0.012481842162300083,0.01631211276442901,0.00830801748028187
2015-02-11,0.0,0.013212701762082224,0.00711816117482833,0.0055097147147431524,0.010371267516643634,0.010523842397814898,0.007961395395356341,0.011146004357030614,0.010769986696737455,0.008746031124622355
2015-02-12,0.0,0.008589816217425827,0.007242744883378727,0.011535722259286896,0.005988904869435485,0.009168084695733603,0.009186524598915558,0.007620838443084033,0.010620447495849117,0.01316593958459955
2015-02-13,0.0,0.00999943222548727,0.020125284221518047,0.013542994156424015,0.016418684266853445,0.013024613735326485,0.016770924742762983,0.015972418199416083,0.01822278475378436,0.018111402553811606
2015-02-16,0.0,0.02341807010636776,0.013249491105466582,0.01622636159537394,0.01657413859097101,0.01489436891701379,0.014500823016146969,0.014254449673636982,0.014714107444417479,0.011522301260384005
2015-02-17,0.0,0.007563261130988375,0.004481879196519323,0.007490346725403052,0.009634536503594582,0.0071141730874138,0.007507813934776619,0.007292717656370407,0.007394791325530781,0.0031564844810509918
2015-02-25,0.0,0.00968758551427329,0.0037877309428944184,-0.00025006533491156446,-9.433691963678381e-05,0.005959573952887931,0.000651117618142516,0.0007983712132646481,0.0008475239840308735,-0.002957634335158388
2015-02-26,0.0,0.016251945676665214,0.015483472250281238,0.017576056362029968,0.013550296502427672,0.014922504263134684,0.013939187480469961,0.013479578122050029,0.015099866723643718,0.014435528758984129
2015-02-27,0.0,0.020175710730843344,0.006408589060478587,0.008070253712211928,0.008185621370288443,0.010461681885384877,0.008560093719191197,0.009166547617085907,0.01541438949618712,0.008266007517502727
2015-03-02,0.0,0.02726235605605898,0.017400985378380085,0.019290586875355675,0.02124670780768101,0.016253814523025767,0.019662550177991456,0.016685720675794435,0.02363116998936876,0.012580310043244003
2015-03-03,0.0,-0.016168389200875488,-0.004605591628799699,-0.002735952659913443,-0.003969336103031074,-0.00447099822435737,-0.006137747485050138,-0.0077748881534494,-0.006761591273428347,-0.012783082303149396
2015-03-04,0.0,0.012968466693429548,0.011998112411829576,0.011996376228765593,0.016886623976331006,0.01047351652735129,0.014942864860943095,0.01362882433686785,0.018663046197742172,0.013869772716401663
2015-03-05,0.0,0.011435594942030836,0.005308008652901819,0.004185008246096356,0.003872968991263992,0.001197161193415619,0.000718792914599975,0.0016642625983811499,-0.0026652057020648545,-0.004059719328110001
2015-03-06,0.0,-0.01855789393920837,-0.0018274311803421206,-0.0026908995867724883,-0.0038448260476010576,-0.007036895729903736,-0.009513796213526438,-0.008257683551950556,-0.0056508521889212515,-0.009198833666240303
2015-03-09,0.0,0.02229991852778168,0.0140615824232313,0.009071980186790007,0.011240256636406487,0.009758988573203231,0.012418014622531226,0.011162485075716377,0.014758749451362352,0.004648465119797329
2015-03-10,0.0,0.018471576753693375,0.006139057728840713,0.008776671105645617,0.0038718277686784486,0.0072787420519695445,0.009223006557373958,0.009675496834581132,0.012252811310511147,0.007101717847721956
2015-03-11,0.0,0.0015828297445457107,-0.006919811220962413,-0.0005864276538133373,0.0013745876785464795,-0.0005285407515859264,-0.0005349516489192574,-0.00014816216335611365,-0.00444561334087179,-0.007508256728894103
2015-03-12,0.0,0.005149237031309095,-0.004319452706775806,-0.002880347565878183,-0.0031606491651758883,-0.0032805932902429946,-1.812935521128267e-05,0.0008318232813309123,-0.00632583618405036,-0.0006624670059923732
2015-03-13,0.0,0.009463437887597514,0.01208118322192675,0.010379884250313554,0.014169615581789197,0.013948833010275496,0.012012005768325507,0.010587917629450327,0.010351752160547623,0.007198600894073648
2015-03-16,0.0,0.029125871998420205,0.02603800695585079,0.027613556118282423,0.027971283122540047,0.02933345063722781,0.0282186406095577,0.02661131163478525,0.02941037686910275,0.02749643873465435
2015-03-17,0.0,0.017919395714983022,0.017773333755451093,0.0202029551461691,0.01330381712622386,0.019518786571031788,0.014273557222991062,0.01537949338631317,0.023154307590552703,0.017299850857568577
2015-03-18,0.0,0.011880999065226439,0.017422848437025795,0.019391402836533622,0.022013537534718575,0.018933841354520586,0.019088567931171863,0.01770902131126717,0.022838288042601462,0.02995927832312617
2015-03-19,0.0,0.01464900750326148,0.00965435336608178,0.00893592380000241,0.011144168124171738,0.011683412232136092,0.011522407445574423,0.007605141980488117,0.008698771845206732,0.003990500156652033
2015-03-20,0.0,0.017129302960251946,0.010275265792911714,0.0055854349993851304,0.009938699558731168,0.008484590215164234,0.011385016815937954,0.006137697417684107,0.002888366123361852,0.010232619772309715
2015-03-23,0.0,0.027351722843013793,0.025149800532997757,0.0235176161798778,0.015231860366165195,0.024077880882319214,0.026929280782982623,0.025192575210748913,0.024053780366698918,0.02329756628703894
2015-03-24,0.0,0.0017990706459973804,-0.006310636156415472,0.00625968896600404,0.005558073014283682,0.002877797235289581,0.00508301214179574,0.003752496947744266,0.009566553042427595,-0.001782898071657324
2015-03-25,0.0,-0.005800326149817181,0.010796110285475669,0.004507930142243932,0.011203837879827594,0.00691469395764055,0.0063376085244770675,0.003203490721478852,-0.003051383835949273,0.009605349012721698
2015-03-26,0.0,-0.019478475285387042,0.00969161454538936,-0.004646354814803244,-0.0043348896693364836,-0.005047652360177013,-0.0014404906975208354,-0.005944420593069211,-0.00340167757807619,-0.0018738814738371579
2015-03-27,0.0,0.018133770036401486,0.015306605796003403,0.018373818906201045,0.009910700263044525,0.012805118397484883,0.016740961261010545,0.009215774150904688,0.0036261017781225036,0.004861899028257843
2015-03-30,0.0,0.003628227770858139,0.016333442633822415,0.015240008829764395,0.012131990251628144,0.01511830012339499,0.018897719901337373,0.02127850014900101,0.01691895409866162,0.027341152732277108
2015-03-31,0.0,-0.007225470856913385,-0.004925590136873992,-0.0018585267101522973,-0.003859349631002762,-0.0014555825096513875,-0.00461976529257635,-0.003521321294590707,-0.00516772542253352,-0.012387177618894185
2015-04-01,0.0,0.021753528140122436,0.02527323427392303,0.02215700085880723,0.024288599997063454,0.02362988205371308,0.022473042417959554,0.023370481484102257,0.018968678733987554,0.013635081452323838
2015-04-02,0.0,0.02148188396063011,0.025327755024790344,0.021882613297708353,0.02336499549138571,0.019789776329890874,0.021941557241390353,0.018874045707772957,0.018900615653993702,0.014926479546777838
2015-04-03,0.0,0.032602090307322085,0.016961861546928247,0.021389164478771594,0.020960226343018862,0.023439182221045574,0.02335915574072267,0.020922052415969006,0.019768886100833383,0.018979319484575763
2015-04-07,0.0,0.025354931557826088,0.0219517504388691,0.025324539036100102,0.02576235980293462,0.024412574000223453,0.022964739716174742,0.02052436352495013,0.024183584848644912,0.016283729825767645
2015-04-08,0.0,-0.005999875340653049,-0.013844848509133256,-0.003776291680306576,-0.009898397630802469,-0.004315403996156153,-0.008025467941611852,-0.006185472568276396,-0.0029036194156043527,-0.006215104336765087
2015-04-09,0.0,-0.02745310243105492,-0.008320449990586232,-0.0012684910071558697,-0.010643562383870875,-0.013214227961946934,-0.00850706451225991,-0.01368603489113629,-0.011355390347193128,-0.01910907445706711
2015-04-10,0.0,0.02197435636079259,0.004964320320423932,0.0201315504516284,0.030991235610795753,0.02178699524960659,0.025157473397267704,0.01837912335096803,0.027906575183159976,0.016963770041132475
2015-04-13,0.0,0.013071975751154152,0.02575531776773987,0.023122952155693044,0.026494305233512705,0.01842209066510203,0.02258333165058768,0.026931714233415338,0.032171815947808824,0.030855852928445282
2015-04-14,0.0,-0.003248802273745688,-0.005131881225558854,0.001450750668523959,-0.0020969573851066237,0.0030473128899064506,0.006857134629926431,0.005946395412161687,0.013560051401005913,0.01715214070988158
2015-04-15,0.0,-0.03131981639765513,-0.040624814844218204,-0.0359605453857319,-0.037196970683989194,-0.033918882251553484,-0.03137464835536885,-0.03344846821607672,-0.03615986634165014,-0.0241743074165649
2015-04-16,0.0,0.01845213830005754,0.0032890833166276945,0.009332306997718032,0.009021349424473746,0.013916538694993985,0.011349725401667232,0.011122290324764306,0.022583021787158764,0.002925890609473125
2015-04-17,0.0,0.0006413720455098471,0.010115002524565098,0.020715192783611558,0.006720452490415418,0.013205007011948933,0.01315208085079611,0.012925481685691409,0.019579881179066172,0.009385800846178238
2015-04-20,0.0,-0.017768686303301084,-0.021792329345833417,-0.010811850450804239,-0.017239377098230646,-0.01611026927780501,-0.021107213387011825,-0.009661728360935595,-0.020046142178982596,-0.017648102529558285
2015-04-21,0.0,0.026980606032874777,0.03090190584272068,0.027162452785734814,0.034916751258496026,0.029476640323869985,0.026890509662097717,0.029883521486685494,0.02285607094017572,0.029738378155430123
2015-04-22,0.0,0.016481981127060452,0.03395555813498352,0.025140276163726716,0.031099115741276995,0.02970555456967472,0.027875226539223696,0.029600120842911748,0.030115768308101254,0.026939912730156834
2015-04-23,0.0,0.012840552510726244,0.015876222356880243,0.005082611451477481,0.007090021106371358,0.009299443008930375,0.01137780330617777,0.011758074298793941,0.005765261414675926,0.01749243767941122
2015-04-24,0.0,0.007352262246315577,-0.002257319566636329,-0.0011314264755254433,-0.00012466014191769847,0.002757317441224316,0.00013083457474505344,-0.006825520248700534,-0.0017027132304601178,7.273094591031537e-05
2015-04-27,0.0,0.0035058363691946592,0.008756487257065348,0.011296509118392528,0.009574277852965496,0.009489696564281669,0.014554896674284556,0.014796652348254558,0.017884373362403894,0.014071588239045196
2015-04-28,0.0,-0.02110692320092622,-0.020317131524858922,-0.03350047358118147,-0.02912273234197582,-0.03128343559845892,-0.03327595469971811,-0.027268027083074742,-0.021527180165372806,-0.02076227904462724
2015-04-29,0.0,0.029886179698213944,0.019952384696748204,0.01532961919330833,0.01801753008184348,0.012410420752636986,0.018819533994197668,0.015619645453047948,0.022968588139816504,0.015347109887423827
2015-04-30,0.0,-0.0034776545314388896,0.002467991636613265,-0.0014434112082226669,-0.0013208744262952488,0.0010963251316800093,0.0009510807889678841,0.0001050767569976685,-0.0013594203338653799,-0.0018720424599557584
2015-05-04,0.0,0.008191828663548062,0.00924788217301864,0.007008448447158422,0.013199152980028384,0.010369808541818015,0.011142067079242812,0.016451560544059163,0.026212820359193145,0.013575161585375639
2015-05-05,0.0,-0.031219486550388642,-0.030299566211673956,-0.03066393625780406,-0.037984219907318484,-0.033235452917115826,-0.03909994366339953,-0.037288086755736805,-0.045883471543155196,-0.04515530876015783
2015-05-06,0.0,-0.023943214381410997,-0.02739606037355736,-0.029019125011742652,-0.019778814346862246,-0.023984430101616667,-0.02588623016979096,-0.023962309308452657,-0.027667096607150856,-0.03546880743507231
2015-05-07,0.0,-0.012408452786170865,-0.027469696913131725,-0.028088403121757755,-0.024176393641560212,-0.024589346064493922,-0.029126820810541743,-0.019831857298541422,-0.024853046081161567,-0.04744933929970008
2015-05-08,0.0,0.03377459775277858,0.04087637840122982,0.031187946141303824,0.03508766145061837,0.03640581400812937,0.028929920602754455,0.03826688248179555,0.03488624189062772,0.031920277941089426
2015-05-11,0.0,0.024092222004305386,0.03854435796249178,0.03935212969981028,0.03740533251882949,0.03933429851133785,0.03936676839957043,0.039233151645112985,0.037215909215060794,0.044427042234621794
2015-05-12,0.0,0.009065115116016154,0.012898709605158487,0.011971058959151959,0.015275017183779438,0.016189440837033997,0.017200984630684868,0.01022217558590599,0.01504793935614801,0.019643538243908854
2015-05-13,0.0,0.019140987713117674,0.013498063758666135,0.006482963681966769,0.008922058862125715,0.009176941087935209,0.011838244334008374,0.008619970071133354,0.008811408766207895,-0.009309653652767591
2015-05-14,0.0,-0.038879050877953736,0.0176702245985203,0.012466229382051441,0.008641189137317928,0.010075003218589451,0.0019427023451388248,0.004055630289891088,0.013634551211693324,0.007227500091332439
2015-05-15,0.0,-0.02322681054963749,-0.008295006137859273,-0.005908830787803354,-0.010694674842701035,-0.00807302630241169,-0.009584896173051694,-0.01539984372917047,-0.00816212552649831,-0.021094801101283256
2015-05-18,0.0,0.016989154827597774,0.02184607116016113,0.013848776820043263,0.017223912157556143,0.018618738376996236,0.015981430895522397,0.014780024510863132,0.012605261421614777,0.009352516015589174
2015-05-19,0.0,0.024004024563430537,0.026263203615099817,0.0294410783931498,0.02661183693192437,0.0299061726165053,0.029438875054181635,0.026138519787999304,0.03030346716258614,0.038760052715345994
2015-05-20,0.0,0.010075717540586338,0.018277343929725687,0.012893626063920971,0.016326641698322986,0.007028690741020416,0.015358061533125689,0.018977434528222537,0.02795661572086261,0.0035261301712001814
2015-05-21,0.0,0.02229069128423844,0.031217308811148703,0.03348647540947458,0.03738523780400005,0.0348167163967823,0.031743877854035984,0.030417571445042313,0.03913925628385573,0.023453980053992574
2015-05-22,0.0,0.016428518800643443,0.01470967746773244,0.018822645641919822,0.01916665766670711,0.014864004654379759,0.020001435219234365,0.014677077674896344,0.025367763291619827,0.04394857679543729
2015-05-25,0.0,0.030322795265837366,0.0333613792240397,0.029454903085661677,0.035398802069682045,0.025826970577769615,0.029094442636058426,0.030241961131529216,0.03417423418619947,0.04244525991004311
2015-05-26,0.0,0.04531216929181192,0.04194627634972825,0.03440738194786963,0.03820587084084548,0.031429835562399866,0.031117236489090372,0.03217801985934576,0.018996279068566713,0.035741927104421256
2015-05-27,0.0,0.040766336426991456,0.032938504664451695,0.013695579221623122,0.018908234233324217,0.01442790437292163,0.010985060983562,0.01919690770165916,0.0037795191400982198,0.023305801237957224
2015-05-28,0.0,-0.035236388784106065,-0.043948850809015005,-0.054412948462429056,-0.05722333114267253,-0.0604081999429571,-0.06567126961536252,-0.06344224589804448,-0.0483716035046069,-0.0547627811906497
2015-05-29,0.0,0.03348671411242621,0.011643027584498311,0.0032625176121641175,0.007505351489391465,0.013152569990916962,0.0026687428400355984,0.008795362113639182,0.014806970872299763,0.011976093168687862
2015-06-01,0.0,0.06476552683565395,0.04531048663373238,0.05691931252311311,0.048235800054852174,0.054259906910268496,0.0511526795734194,0.05138629448115717,0.052000531258875604,0.07410070751001707
2015-06-02,0.0,0.04090154967990767,0.03645949088839129,0.04507635053559822,0.041289403983923334,0.039573789920329894,0.04142452312491973,0.04255794485495934,0.03691570374565223,0.04737517335068331
2015-06-03,0.0,-0.0021646801666833637,0.009517564763322772,0.003782912501047342,0.007021690893340704,0.005846783553658641,0.005331176934645132,0.006271343946249175,0.008749988939275255,-0.0033657567334385297
2015-06-04,0.0,0.027301111012618007,-6.69768235687096e-05,-0.0031549027312547384,-0.006256182235892638,0.001276760490520834,-0.00541881276073386,0.000651390750236347,-0.0002851260789757948,0.01812113992303921
2015-06-05,0.0,0.011015621663049258,0.02179085314308682,0.024031838802795136,0.019822119655855674,0.015728710348814845,0.02433275996831452,0.022858733484512284,0.024503657859467287,0.023291613449975213
2015-06-08,0.0,-0.007073508903479575,-0.00816167389260336,-8.665427596976638e-05,-0.012041137197056462,-0.007153823140025217,0.0019246156672909631,-0.00422939176292525,-0.009171225950034723,0.021697912386507534
2015-06-09,0.0,0.016373282540619094,0.004140744576829558,0.007480703154701063,-0.00221368482504114,-0.001021606340083081,0.0037376783750380227,-0.000235444128684259,-0.012574892266716708,0.0004441655486948637
2015-06-10,0.0,-0.014697651925502098,0.01669996602154833,0.02377944807180432,0.01607038805920502,0.01650880388753495,0.01729596372126152,0.018403890586749405,0.013593117780627217,0.019738905357592484
2015-06-11,0.0,0.03541741992956049,0.021934426106139604,0.02361831383354418,0.018463085766426524,0.022527206068750028,0.020985115337173177,0.018143559404359078,0.020099116064093314,0.016820633263847196
2015-06-12,0.0,0.010968259865904662,0.013684664880351916,0.029234455611439447,0.02612205207445517,0.022450311144525115,0.0202848038776251,0.023115892143932726,0.022067256696315152,0.013301851351067873
2015-06-15,0.0,-0.01540767410570043,-0.00842014939899327,-0.011642675050323903,-0.00550160839157432,-0.009960937460958608,-0.010150193532282192,-0.0037895246959677165,-0.0021386384619677123,-0.0031643446852009927
2015-06-16,0.0,-0.07064399905818242,-0.03110378523624968,-0.03523932488554571,-0.042840317824865526,-0.03825936492544468,-0.037611153036676837,-0.037715737740543265,-0.04257361371405577,-0.043104676368405426
2015-06-17,0.0,0.011305727019711664,0.016222629784877096,0.018127384245323785,0.019862150224635222,0.02256974763449726,0.013446612798522217,0.013534951649270655,0.017349223830176896,0.03256084894209921
2015-06-18,0.0,-0.03148289156303008,-0.022988742479504443,-0.02459174725426483,-0.021117635291364456,-0.029502556566357252,-0.026226794527179575,-0.025279938473836028,-0.024770609194203264,-0.002972005624203744
2015-06-19,0.0,-0.08030675250478692,-0.060862757095278885,-0.07294652283851089,-0.07021145834823317,-0.06980030758879963,-0.07128642548685127,-0.0719702706664096,-0.06883707219358648,-0.0657145185078386
2015-06-23,0.0,-0.0006088799960802804,-0.004701892126697915,-0.0003219074856735116,-0.0012533224896580375,0.0036491573044989956,0.004535528378030396,0.0031116003193716324,0.002558023126408626,0.01444237703964446
2015-06-24,0.0,0.028368886807938143,0.019610181013184347,0.02048070678205538,0.029585420427408415,0.029646781829817392,0.030989853162858072,0.03089607671074912,0.03054909581268861,0.03423177834678581
2015-06-25,0.0,-0.03866892900689345,-0.027591424678572563,-0.03998284126947538,-0.04011961801376329,-0.036192279801290694,-0.039090733734690075,-0.03909827066194849,-0.03502682794530365,-0.040837446821322954
2015-06-26,0.0,-0.10001478185905388,-0.06781150108845346,-0.08447988835633247,-0.0816471070039807,-0.08387268892387545,-0.08487521047684898,-0.08349587005718295,-0.08172903010357957,-0.07388745575263356
2015-06-29,0.0,-0.08179765065937084,-0.05740619526440194,-0.057910736899109305,-0.06690878422764868,-0.06140595388130621,-0.06458458324193816,-0.0648591481170937,-0.06013752999553457,-0.049498918272654624
2015-06-30,0.0,0.043569586820066064,0.032193230603042355,0.04439697814087862,0.03996889672937387,0.04855801415825933,0.05083717880755145,0.046418300438302085,0.04361899695742344,0.03007208405089945
2015-07-01,0.0,-0.0658759229765511,-0.06468758334785407,-0.06669408826042234,-0.06075287397776741,-0.055713497156403724,-0.05914210961839217,-0.06373274011976693,-0.05016405463133,-0.05526465041663764
2015-07-02,0.0,-0.08708291959988157,-0.05876969869827009,-0.07587378410561496,-0.07105343287951837,-0.06862531124818505,-0.07210698240136926,-0.06931201758916361,-0.0644083538831578,-0.05806126829118341
2015-07-03,0.0,-0.08812471563793733,-0.061523530837445106,-0.07169870507775322,-0.06572575218554699,-0.07039519860682686,-0.07091160035964816,-0.06783866286852491,-0.07277088724726255,-0.05658507189063855
2015-07-06,0.0,-0.05685088622696843,-0.03449637674466932,-0.04933640847690912,-0.04135811424216629,-0.037544219539232926,-0.038095710589236886,-0.03859542517872461,-0.03304974581056597,-0.01950936205903997
2015-07-07,0.0,-0.0776096667267906,-0.05162300624813909,-0.0628209128253171,-0.06243630610915607,-0.06395330344857875,-0.0689343411851534,-0.07312690359627316,-0.05993498397979813,-0.03983563651237498
2015-07-08,0.0,-0.010269159923423254,-0.02797177883222246,-0.02990652387855952,-0.03843357704340655,-0.036853101265111654,-0.04321555722585557,-0.04679004872746828,-0.04152264042991605,-0.03696356482590302
2015-07-09,0.0,0.019707390248571377,0.02922797081146289,0.03925592702522995,0.04296220413674323,0.043387824205556536,0.04858623823421793,0.05537109871124413,0.046925097757009926,0.03541037796786495
2015-07-10,0.0,0.021220200126234046,0.031118329483688978,0.04406065305928841,0.04696147811394491,0.04515330033661158,0.05259191075909753,0.058418024876269126,0.05333532440634725,0.04111849470964857
2015-07-13,0.0,0.06777781499037383,0.039363579401900495,0.05626417564547137,0.05865339486833476,0.058307064062549596,0.060752719202441074,0.06698692216478186,0.06064223951286496,0.04105512033359693
2015-07-14,0.0,0.056869826435535176,0.022725553330012582,0.011005917411635924,0.016250674964412903,0.014112635857079336,0.02046023172807776,0.01872208432967737,0.01505254892558927,0.015075491488105053
2015-07-15,0.0,-0.05383840621319769,-0.04678290557257769,-0.051046086125102974,-0.056754480658792406,-0.04933113339074391,-0.054668904812727015,-0.05780236493474156,-0.06220379687331368,-0.035250655631932304
2015-07-16,0.0,0.029330598845672906,0.0038543453054011856,0.010197542596640963,0.013182549440021951,0.016919190886111712,0.015523794847601469,0.018540499428429946,0.004354195302384456,0.011940136032376758
2015-07-17,0.0,0.07094847839133545,0.03900368182211755,0.05341843838626659,0.05171923899530362,0.05852140608600731,0.057691731269160496,0.05816635562651218,0.05196376560936855,0.030173664612517248
2015-07-20,0.0,0.04030082013722813,0.00731070520172894,0.018870882937584987,0.019933091668594027,0.021064680005463465,0.01543450083768616,0.018434621372550586,0.022584802853961028,0.005320774060150635
2015-07-21,0.0,0.01163743576102827,0.015916382354908443,0.017020274628687382,0.022073347246980735,0.021757207964405056,0.019289980928455908,0.01938451375953809,0.018139892149957593,0.0169626358161461
2015-07-22,0.0,0.01821004280638916,0.017589160830512984,0.01166685107369303,0.013499001651401388,0.014675959780928727,0.008024080364421371,0.017276535588854225,0.015795124072705446,0.0019310416460212032
2015-07-23,0.0,0.04812108975157692,0.02245747625353256,0.03303591774583636,0.03307969980467185,0.03047422776404418,0.03125304036414289,0.03521074156815307,0.03552436614662002,0.019473158563371173
2015-07-24,0.0,-0.01613633085458277,-0.007747544108643201,-0.013581511420273529,-0.01017617391802017,-0.016846132190594387,-0.01780655046206725,-0.020834023023162618,-0.00491624031162996,-0.010619109318258935
2015-07-27,0.0,-0.08159876601424587,-0.05989153181467799,-0.0707400001976467,-0.07118787601280419,-0.07864680198407648,-0.07981171079392524,-0.08082287922879294,-0.07649392079345274,-0.03992657164064095
2015-07-28,0.0,-0.028651863786644194,-0.042202724530108315,-0.02374578289464624,-0.02865012843854342,-0.03095985046202876,-0.03490721915519768,-0.032576623858811216,-0.032553305591921156,-0.013500669620703398
2015-07-29,0.0,0.06966875419451268,0.04586565694281086,0.050070364789015276,0.04939537642307856,0.05162055203508498,0.05398108339070884,0.05483717190417736,0.049735150768711156,0.040020005161227834
2015-07-30,0.0,-0.024804321818120978,-0.026688692818909954,-0.02310805576353725,-0.029151923191504947,-0.029731110608967826,-0.024720818207598083,-0.025708639012521184,-0.027378773682420143,-0.01195086163712944
2015-07-31,0.0,-0.008891708007419452,-0.01573760382376921,-0.010324484682999291,-0.013741819331188121,-0.014021993962628376,-0.013723934571888363,-0.018519028257459214,-0.01909096402509103,-0.005249993382653306
2015-08-03,0.0,-0.04165288670557732,-0.035923884660420624,-0.024165610288571115,-0.031968257784247056,-0.027580516423277746,-0.03487150107952697,-0.03831214521972004,-0.03417270985192555,-0.022843776209862
2015-08-04,0.0,0.07097248178335103,0.052557548387854425,0.0544369366618811,0.05525912153784085,0.05846649399908177,0.06084058209317522,0.06187363615206953,0.057127270317736345,0.04344607208864648
2015-08-05,0.0,-0.002786632930788069,-0.004887737039369511,-0.0048027387890796636,-0.007988561333904243,-0.006516607583495371,-0.010358539367766761,-0.010691082390773099,-0.0051439871417270355,-0.010338678073209318
2015-08-06,0.0,0.005477894919480475,-1.9000551453318693e-05,-0.000146953635543845,-0.0017580603006933648,-0.002523932596564138,-0.004365791709955658,-0.0010766007136525646,-0.00343142592378487,-0.003415161067913952
2015-08-07,0.0,0.031182882011473678,0.030495167694950975,0.03084661209216799,0.03212602571230594,0.0318438786829478,0.03348807062241255,0.0339198122622415,0.03072013583616462,0.017616965784036598
2015-08-10,0.0,0.04798931246190863,0.04406389466954552,0.04704514443674945,0.04969518409776619,0.04970360327301826,0.0524522459909722,0.052517534529186394,0.05136988496124184,0.03377255388589995
2015-08-11,0.0,0.00832719709690477,0.007352739487052062,0.008899467721556586,0.005843422823269329,0.0064053484984281095,0.009640276494451205,0.008349065855199012,0.01010629450505518,0.01250209097703947
2015-08-12,0.0,-0.021414485552325946,-0.0030604597832356584,-0.006699143235314731,-0.011009060100701684,-0.011388036553164005,-0.012822212202147965,-0.010721281378978098,-0.006228676770103081,-0.004288513874139754
2015-08-13,0.0,0.02694215868765326,0.0248465078953799,0.02467147849785345,0.028098974876453298,0.0290910065277179,0.03133451116567976,0.028812430000973333,0.026723942360618036,0.028388560738270563
2015-08-14,0.0,0.005912456844904934,0.011983007395580891,0.012814602412060117,0.00928020397285545,0.010378957027944002,0.010724390020611985,0.007732757146118985,0.01241923551609414,0.0037545098096174456
2015-08-17,0.0,0.018483814642859864,0.021024605785976647,0.016264001860930355,0.025940379158477134,0.025068283657384116,0.026082512606197206,0.023488723822128632,0.01938980489443165,0.01641546365553137
2015-08-18,0.0,-0.089549119367616,-0.06344509419244437,-0.0662507194254176,-0.07551713779286273,-0.07569649640257103,-0.08006620057459701,-0.07874754259730865,-0.07262370106460136,-0.06767793879321782
2015-08-19,0.0,0.02276550032207414,0.025008377345196786,0.018486128283830228,0.022188652933498032,0.02500008196991499,0.02520561033435631,0.026303217956607394,0.01786942146404158,0.016502704821615977
2015-08-20,0.0,-0.053230615916369683,-0.030254090314543514,-0.03068826356982901,-0.033060552714604174,-0.03135472870967282,-0.03509405095275375,-0.041087525792235735,-0.02999561194814393,-0.028691911234806522
2015-08-21,0.0,-0.07940162572859255,-0.04846199060868095,-0.04935338323153016,-0.062395575498609634,-0.055907722794281356,-0.05853484234850259,-0.05669741518180382,-0.052235400532361975,-0.04436872627540611
2015-08-24,0.0,-0.09992141213895578,-0.06958147954032534,-0.0774214733575217,-0.0849451095747421,-0.08014021805488192,-0.08688692659767427,-0.08137006399877655,-0.07490860408161393,-0.07039170787361648
2015-08-25,0.0,-0.09041505401979111,-0.07462409746850995,-0.0776458233462447,-0.0785943902535885,-0.0768552259214671,-0.08176430176256866,-0.07635889098620974,-0.06873084952629482,-0.06513212261624612
2015-08-26,0.0,-0.052200821988986124,-0.02738778639145656,-0.041945355895817604,-0.03801636326459279,-0.03232036411550787,-0.040212657535482754,-0.03255980152024529,-0.028671319965778763,-0.01826699983615998
2015-08-27,0.0,0.04227732343180768,0.026100752907638247,0.03245776872552519,0.034819335147864505,0.040248009540730934,0.04461628121008099,0.0471382322830165,0.03561132890458474,0.03881469713755936
2015-08-28,0.0,0.08203155436109566,0.05827267189671015,0.059301520406540575,0.06262485008763696,0.06083772370310436,0.06616690549778181,0.062068565124088204,0.054210462996222786,0.050966010428918684
2015-08-31,0.0,-0.049717774821996574,-0.029868259900889593,-0.03510182216831037,-0.036263941679775424,-0.03634086149638305,-0.040076615768949164,-0.03141408789018474,-0.02917181933569879,-0.015554316473683216
2015-09-01,0.0,-0.07409119939069864,-0.0552973676900651,-0.05308307076397634,-0.05814020300138256,-0.05358236609713529,-0.05816626926495849,-0.05472283060517613,-0.051995296070853736,-0.04534596871531049
2015-09-02,0.0,-0.03261737969600498,-0.028912316222825862,-0.030098945537579747,-0.028836917847103294,-0.02509666866103688,-0.02051296306419459,-0.018187705069086846,-0.0184927340676182,-0.014704350807813293
2015-09-07,0.0,0.02075180123149578,0.009972207658565546,0.010615898396007184,0.008867419083263828,0.009753674029501447,0.011955574931073354,0.011104499370060195,0.006927367088791048,0.009297979174496929
2015-09-08,0.0,0.051654548851393534,0.033434256182497846,0.04229532316849349,0.0477920946099708,0.04305163416927016,0.045822961919222305,0.04425701912836577,0.04084609916948212,0.030658817848506548
2015-09-09,0.0,0.04263933466929992,0.030981982913357076,0.034163657251058854,0.03361296431136718,0.034422461312456853,0.03548447688748646,0.03178988872987554,0.032684685935032265,0.0212728410902685
2015-09-10,0.0,-0.024384681605982284,-0.02152474503362778,-0.01859962893631506,-0.017898411668011094,-0.02010976662667774,-0.01509420595897415,-0.01666716266912871,-0.021575338798497712,-0.027477463116353795
2015-09-11,0.0,0.01900271318317759,0.0076208741522172385,0.006065219179471448,0.009428829814743578,0.012790330629360636,0.010949463340108823,0.00931989846713388,0.005154254423344051,-0.001465291247760958
2015-09-14,0.0,-0.06473659534336917,-0.059116439286142186,-0.0638934712037903,-0.07620958558576008,-0.06693464085206624,-0.07213043746017778,-0.06590033464814649,-0.0617742172229343,-0.05029289729213304
2015-09-15,0.0,-0.06126738084392658,-0.04088962239468941,-0.054257621850203774,-0.055917283356456626,-0.049866404051181035,-0.05534946555000775,-0.048446609984247324,-0.04647081574754219,-0.04736464835867926
2015-09-16,0.0,0.07613832807501986,0.05379239120552404,0.06124657257199306,0.07476425292997169,0.0694227079209333,0.07841319728279217,0.06907367564416655,0.0656171752526924,0.05696630056212881
2015-09-17,0.0,-0.011094287507584899,-0.01675558100769714,-0.021503740478393762,-0.020852831721843712,-0.016260148506696992,-0.02935152908258387,-0.01974913296286973,-0.013371058223511811,-0.04210490407379319
2015-09-18,0.0,0.016377753080330626,0.010476236325331678,0.012215659329616768,0.012508856572929439,0.013474802679552367,0.01422714106738776,0.00833383178733138,0.01190708425283793,-0.020165670409144076
2015-09-21,0.0,0.03456411833131967,0.027991535255408317,0.029905707740385257,0.03492137178551791,0.03237718238917586,0.03379070785513938,0.028391323555324366,0.029447933023418305,0.010479925738115403
2015-09-22,0.0,0.0036897035343443907,0.001985627796150524,0.007180909125898527,0.006105253460354287,0.007666685672664819,0.008431025509360035,0.008831425727977793,0.007516549888604063,-0.004198675704304655
2015-09-23,0.0,-0.005853885455021524,-0.013261536468163748,-0.016075078125896036,-0.011793639361516894,-0.018953506472246917,-0.016210017079657746,-0.015485486577267005,-0.01499241053451228,-0.039606263812992815
2015-09-24,0.0,0.00907855309302108,0.02026472345339747,0.017853132098130997,0.01639208067340303,0.011095443882842115,0.010629559663027255,0.012897308459359325,0.0144789190137522,0.011170953464448186
2015-09-25,0.0,-0.0318430560657158,-0.020770172267675746,-0.037146062811611036,-0.032131138718818675,-0.03155230821480204,-0.03709365090088823,-0.029872358200184967,-0.029364780185038075,-0.02480057132418967
2015-09-28,0.0,0.017842901838329706,0.008827452720838957,0.01594727641504079,0.021308320510466494,0.012634610562231252,0.011735923876284637,0.015623659319788485,0.013814915189360955,0.002609305990725952
2015-09-29,0.0,-0.0019014491682588508,-0.014246118059440205,-0.019843405921721957,-0.01825069208443786,-0.018838818569389515,-0.024299649030940285,-0.014979801486573852,-0.018110404918941225,-0.015512604025388232
2015-09-30,0.0,0.007737809815471897,0.003512563160884996,0.0024607655114226024,0.0024314039317916425,0.00038849047825206817,0.002497367508017101,0.005784826720913738,0.007153971826483696,-0.0032323449890487854
2015-10-08,0.0,0.043870831320774295,0.024787878978314914,0.03828377037233954,0.04087688530206601,0.03227508368442478,0.04133842990515424,0.03666855846339412,0.03399023232323484,0.0398772655828481
2015-10-09,0.0,0.011097428238094453,0.019099543268936037,0.019869058970566567,0.018551890372571656,0.010664674228366922,0.02031412626924567,0.01234468414607437,0.010630319412678224,0.013469725503406638
2015-10-12,0.0,0.04082071576009394,0.03167817491597158,0.03515213784544047,0.04431023373657306,0.034702801435555486,0.04621612690785937,0.04025308617659462,0.038513131433644876,0.049825532592042476
2015-10-13,0.0,0.04631606054293158,-0.0003229558093799101,0.012481620541618055,0.015994980003039005,0.009076425167336089,0.00803744168332976,0.007294558914868077,0.013247352280747915,0.00419401657538554
2015-10-14,0.0,0.0008235618734144801,-0.009098716468581514,-0.01001535970173073,-0.014529613526258589,-0.013557340458261513,-0.013916906497633774,-0.012370437494412134,-0.014252453787238717,-0.020713215312947897
2015-10-15,0.0,0.023744350768546196,0.019713082890653988,0.02968405495204718,0.03180551116111063,0.030995763002320764,0.034195086375046424,0.02961395637680231,0.02589072086318045,0.03337359635999726
2015-10-16,0.0,0.025641118656218875,0.008842758923536032,0.015215697360304148,0.008839805904401032,0.015361894650175234,0.01852895853054415,0.013515739885014533,0.016045120623615405,0.026446472527813736
2015-10-19,0.0,0.030677866016251443,-4.5363563369593685e-05,0.004367662318743193,0.0035297702967089783,-0.009573141432887011,0.0026393403256406156,0.00016385368343052598,-1.2278277358057643e-05,0.01960156979305161
2015-10-20,0.0,0.008566672266304698,0.01382894184442196,0.011856449799446,0.01506713410591698,0.016306016347744867,0.019397869844678617,0.01653963507196865,0.01153308863177016,-0.0009402806220859539
2015-10-21,0.0,-0.08531521903554129,-0.05136767994117053,-0.0637470914640067,-0.06934005246324881,-0.06354017516357324,-0.06655974358402073,-0.06174692505974089,-0.060264353031931006,-0.06084329135559663
2015-10-22,0.0,0.04574521591605518,0.022368461562672692,0.03448490745729216,0.038227553036179085,0.03568891279341058,0.040520026661861275,0.03217040959119677,0.030473867849778236,0.030618088463652438
2015-10-23,0.0,0.03878490649688371,0.0330751258523192,0.027448344127131374,0.03408864134934353,0.02549993067547507,0.02796447021956272,0.023527563279335695,0.025886953651480527,0.01996994022432874
2015-10-26,0.0,-0.00061193746508581,0.0028149651605049453,0.008388020004631791,0.010632729046420986,0.008720608656693551,0.00924366500346574,0.005885246497616015,0.0055479330572403285,0.00873654112371125
2015-10-27,0.0,-0.00685739644413319,0.0010603011103107463,0.0015730052650755333,0.010506508439930284,0.005233363799000745,0.004318164373134481,0.008271049775114392,0.0070930522318115585,-0.0028440820412910517
2015-10-28,0.0,-0.024690193455828346,-0.022019755710321887,-0.01672508787448801,-0.020506902287157458,-0.019561047822917677,-0.019558620336191046,-0.015807830473325124,-0.015102547039336,-0.02220563681780441
2015-10-29,0.0,0.017887455869708635,0.003855145115327252,0.011242533682996214,0.010266753168238996,0.00834047877596622,0.011660614876622288,0.010464467880896278,0.011700432401286598,0.00832074805059091
2015-10-30,0.0,0.004885363639572704,-0.005312313606369523,-0.004436867472032424,-0.002842197619287723,-0.0017862298575568314,-0.000495374695924089,-0.005046035345924849,-0.0052811580363795185,-0.005691840391919167
2015-11-02,0.0,-0.023040243815546146,-0.027413363852587525,-0.01882674557888575,-0.020730574662022105,-0.017664121508627284,-0.020956544847973713,-0.02126210358463465,-0.017323052084921464,-0.023922229392702055
2015-11-03,0.0,-6.0242071697858e-05,-0.004901865434506103,0.00014201658940904416,0.004351866546264738,0.003734842379283565,-0.003573583827109039,0.003502088955843252,-0.001737539798144283,-0.005913773794759325
2015-11-04,0.0,0.057658416975326476,0.04011160858540008,0.050240925566169325,0.05154577806402938,0.0481249326280897,0.049973281082546395,0.04782102845754643,0.0446962664398558,0.04833509020121762
2015-11-05,0.0,0.0008640308531848717,0.010629519249587327,0.007765130273559517,0.0011760861892458063,0.004997984884697271,0.008194774508727853,0.0033354869835671153,0.006629357097578836,0.012274315933084257
2015-11-06,0.0,0.019080921350269175,0.01536936957225743,0.022602836030011453,0.023076769104571015,0.022506375774391074,0.020834407523424137,0.02269311059803858,0.019605250326042434,0.021907695590551057
2015-11-09,0.0,0.03222409790799463,0.011261087473971365,0.01143812131016686,0.012229416567806073,0.012377476112301888,0.010691402862863075,0.01239489775266911,0.014131484632490032,0.0077422062027836525
2015-11-10,0.0,0.01262270803164478,0.014337736297090453,0.00833780570342646,-0.0033570808299278054,0.006043698951352816,0.007932490712930562,0.008443791910477172,0.010976428244965586,0.011860229003904266
2015-11-11,0.0,0.019994934466810665,0.014299653118289957,0.018757242783848938,0.01504271900854337,0.014147932687771814,0.014354886095355734,0.008317482451924318,0.010352420069827284,0.016751196201312712
2015-11-12,0.0,0.020461003667487487,-0.0005269708660019523,-0.004385358461252875,0.0024900107896752566,0.0037494640915887167,-0.0033649163503178814,-0.0005431156817820026,0.0010178999626031526,-0.012299162259103658
2015-11-13,0.0,-0.01217823923045136,-0.01432377832398557,-0.022179627503261412,-0.01818374534724765,-0.011462689412074734,-0.017038793588564638,-0.025492613552093424,-0.011872464868558641,-0.024791257059959215
2015-11-16,0.0,0.013231911832835674,0.017888114813087608,0.022400059259100047,0.023599188608889765,0.02382383217370898,0.021312462972428614,0.023570987341764438,0.017138403908547817,0.009191716455268395
2015-11-17,0.0,-0.017562678902514173,-0.002067113462235093,-0.012144306499256463,-0.00430696351327553,-0.004620322873854055,-0.006601098762093582,-0.006056093141832641,-0.004305678327580331,0.005864969563458944
2015-11-18,0.0,-0.015407311022125891,-0.011549717248543812,-0.013678119416781653,-0.017885684105426014,-0.011114217230325463,-0.020061974987841014,-0.013237971926815306,-0.013184184028310009,-2.064143134639096e-06
2015-11-19,0.0,0.0368428193489887,0.020920459921677237,0.024425594935356232,0.02499110745566213,0.0250347248750864,0.022455881634035224,0.023453500950110007,0.02400674286835014,0.019452242657921115
2015-11-20,0.0,-0.0046984566337904266,0.018550839339484426,0.01457629059912735,0.00955611843535542,0.013352392593952045,0.01074886024383015,0.015918161998806246,0.020230399891137285,0.0017388166199225896
2015-11-23,0.0,-0.008653412321261378,-0.0005219807954001121,-0.0018385294080354164,-0.0015886983102348928,-0.005504826092872173,-0.001516951565030067,-0.006618374526296433,0.0020923690267753425,-0.011691640815323034
2015-11-24,0.0,0.013448827782041262,0.008444629795581138,0.00927215003426829,0.011923079861651642,0.010012238225425074,0.00999893840541044,0.010547423722021776,0.011670921204134155,0.0017827879111713685
2015-11-25,0.0,0.013286114315438358,0.017430933916616986,0.019788625587218167,0.01869384818478137,0.020277690628158984,0.020163021442551443,0.013374610282578248,0.022656109570111438,0.005452507677667251
2015-11-26,0.0,-0.0024859938077260724,-0.0007620801707025615,-0.0022300364179614895,-0.006037087909489203,-0.004327713651411491,-0.0013877858799510312,-0.0034925085703375602,0.004404017015466444,-0.0009406304991613768
2015-11-27,0.0,-0.059709479980953994,-0.051166980269238826,-0.05907391523370298,-0.06346609357201716,-0.06413346956674015,-0.062045272332948986,-0.06218081062924807,-0.05384760246956666,-0.06161533286838139
2015-11-30,0.0,0.02504128981053033,0.0075158911418851115,0.0019723860429172735,0.0056702148050506995,0.009563274523658682,0.011195186158353465,0.0083698790387563,0.0009280736059060768,-0.011167775214891096
2015-12-01,0.0,0.013072436822020084,0.009746818668463275,0.010757584295904454,0.006850533973277617,-0.0006614053407153486,0.007188322767443189,0.006479163469556681,0.008579895087679867,0.014697092305892223
2015-12-02,0.0,-0.008235858786012407,-0.012832260321516853,-0.0026458663901383073,-0.0034647569849252102,-0.002245298187381617,-0.002300624097143378,-0.0050481593203561825,0.005393344777961273,0.030694213405477955
2015-12-03,0.0,0.027482180710209025,0.02105163265073684,0.02479116252921232,0.024469649713651176,0.023193126794681884,0.02147646435281736,0.020954962216503725,0.02708377420712038,0.01312002167923465
2015-12-04,0.0,-0.006879215629369884,-0.02847151420534466,-0.001388873918681699,9.547273203946993e-05,-0.004583797481503393,-0.004907189029682346,-0.002057510968651366,0.00223939148647867,-0.007194710136260385
2015-12-07,0.0,0.014237264110458225,0.0035535731122366965,0.013713184059121586,0.01410140462397913,0.011548858621329705,0.012594485253363041,0.013606215667517185,0.022651036123123358,0.01304060338891877
2015-12-08,0.0,-0.02358452791878718,-0.024343199148700867,-0.029854343722113375,-0.01941677122469665,-0.0189617052822606,-0.02521911655673581,-0.02107534139470535,-0.010403637396062315,-0.023967897257058834
2015-12-09,0.0,0.017178839650732858,-0.00018362244328040678,-0.0033997241209345885,-0.00037250489478779514,-0.003428428425629071,3.182186500128026e-05,-0.004702353685174687,-0.0021207947045255304,-0.00550556278660419
2015-12-10,0.0,0.015023023284013393,-0.010868725675496793,-0.012775150712612704,-0.004350136895171497,-0.006426930916747731,-0.005618189382843641,-0.0017128618396200501,-0.012227247932516616,0.002856132277866852
2015-12-11,0.0,-0.03191508398751086,-0.008102086285336485,-0.008725356533026307,-0.008647463365669239,-0.011762839689521187,-0.004555394341310692,-0.0052440490736478385,-0.006601731233112806,-0.002214892495503773
2015-12-14,0.0,0.0024080073496588472,0.01592885568676805,0.020661256148109874,0.019360766109167704,0.020558385374517263,0.027107733828305447,0.017885870502664325,0.01499384507439916,0.028364215695345196
2015-12-15,0.0,-0.02876420876961261,0.019571377634473697,0.0069123518287879104,0.012887215109449457,0.011691915676291353,0.010098353690094708,0.00898632888843176,0.012231981715311147,0.0035157497531881354
2015-12-16,0.0,0.009274919685346772,0.004995293024071312,0.004126052629957133,0.0038294156976457217,0.006100784681060567,0.008909209046078947,0.0068622250531851225,0.0014527998099418404,0.0030058395908469926
2015-12-17,0.0,0.03344075729615614,0.026781648879025566,0.026479894314608066,0.028179524820958646,0.02409663708559795,0.02776439473849024,0.025611118350538087,0.021637495528756157,0.01848062186378585
2015-12-18,0.0,0.00312308731725941,-0.006334283792804207,-0.004136155074446091,0.0034086775265442792,0.001553788115749244,-0.0031126044964423505,-0.0031756737037025307,-0.00856990741884145,0.010409898722140598
2015-12-21,0.0,0.008890095722464686,0.0071593283959012766,0.014360629849365036,0.015979160151661453,0.009897818308240769,0.013050986577729073,0.013734409102325928,0.004311360190696556,0.025926725624036084
2015-12-22,0.0,0.010050382214257914,0.011729159299056047,0.006982352867340724,0.010400457820677111,0.012750022809678407,0.008217518594780815,0.010880721517548597,0.006075417111339965,0.00993460286411052
2015-12-23,0.0,-0.022248661498860955,-0.0035282336198547704,-0.01317160976632914,-0.012788965539651587,-0.008445159341608277,-0.011765500256907369,-0.00718151530526856,-0.012243822353500966,-0.021638703597754327
2015-12-24,0.0,0.0019100255598660798,-0.0010284905361698238,-0.005349152125541656,0.002429351120768919,-0.005367004421014343,0.0008864906934911154,-0.00034160208555755744,-0.004381036940694916,0.003101736979172598
2015-12-25,0.0,0.005782944887438246,0.010482219311473306,0.012106863789066225,0.00820004574709099,0.009486676360453083,0.008734885931345193,0.01460863581450944,0.013391906062836023,0.012915425164806704
2015-12-28,0.0,-0.01971054718576848,-0.028015986606430454,-0.02502866350288835,-0.027013779873923394,-0.026863354578466114,-0.02162970105919748,-0.01905633274199159,-0.023186711776735036,-0.02648464253185312
2015-12-29,0.0,0.011254575128702093,0.008658772604395626,0.012178887101376157,0.012001258565994766,0.013423372870250416,0.015334810282199962,0.012030767398213627,0.010203791717408928,0.016694964565469927
2015-12-30,0.0,0.014174337097640155,0.009664934301529371,0.011528668284707111,0.011387218873615046,0.010459029168344625,0.009455714050209174,0.0068038819221820646,0.007555860836241601,0.005935532302537405
2015-12-31,0.0,-0.01244560975830844,-0.0153523690444487,-0.013667361489128838,-0.015866438280606743,-0.019216542293344352,-0.013519946991667364,-0.017872463016715967,-0.01883442925986689,-0.012270928261644998
2016-01-04,0.0,-0.09739159492950777,-0.08080998798976335,-0.08227683572104505,-0.08400283990393886,-0.08459546558937847,-0.083397337782395,-0.08235517421820826,-0.08514387595058459,-0.07994498716284038
2016-01-05,0.0,-0.04369804899126628,-0.024614917383286472,-0.015470714702182309,-0.014481981450630843,-0.015209172033559537,-0.006799650786398992,-0.013460403618301586,-0.011169050297312966,-0.013430556771044322
2016-01-06,0.0,0.03154574646198727,0.028209805196137916,0.0334255530323222,0.02991560341390076,0.02849500767985136,0.032766046743400334,0.029020092912993123,0.031728689643074626,0.030320270759531143
2016-01-07,0.0,-0.0984812721055568,-0.08286362085789534,-0.08141368471007793,-0.08606910305945636,-0.0895159523992799,-0.0846633374124397,-0.08244286286595026,-0.08901102671220618,-0.08814920034801876
2016-01-08,0.0,-0.001643355497056076,0.01304144291021947,0.014286815087500404,0.012871754874372643,0.01304870871304864,0.018998661023440055,0.015499850876578236,0.011176965844792663,0.00832044050507097
2016-01-11,0.0,-0.09482177943421866,-0.06884007025436589,-0.07113144546507744,-0.0712279832388687,-0.07277799111429428,-0.06974271340318827,-0.06362687491669172,-0.06837745460683187,-0.07293668371883388
2016-01-12,0.0,0.004854460712865549,-0.006238664192570131,-0.01049798320864781,-0.005725814921162198,0.004550249693837216,-0.009232151310330727,-0.0007365250226520903,-0.0032830141397708346,-0.013985584724862887
2016-01-13,0.0,-0.04448802436497201,-0.038632874430089115,-0.042348889075475404,-0.03585078448439871,-0.03259278943616706,-0.039023791446363476,-0.035012346828483865,-0.03993230636332601,-0.03488931213129631
2016-01-14,0.0,0.044275292397893073,0.030780939307240907,0.028165125637296118,0.03779607622836867,0.03722080516217963,0.027950719791854484,0.028492516871692075,0.03200480772353642,0.026140130427922292
2016-01-15,0.0,-0.0446971769612301,-0.03479045880036902,-0.046807476311988006,-0.03452087242013935,-0.03708953939817261,-0.04243682852058095,-0.03849218720812386,-0.04627392956777565,-0.037556889949357575
2016-01-18,0.0,0.01741391263657044,0.016415441433025757,0.013791623147147103,0.021071685397214157,0.017554479493392172,0.015837429628889232,0.01879150925114037,0.020301677938813434,0.012717982615576995
2016-01-19,0.0,0.05122436070031755,0.039847179421621304,0.039552205212388,0.03734506760533729,0.03773597559979858,0.041782111299139,0.0347553187086298,0.038269746410534156,0.04359947620082383
2016-01-20,0.0,-0.0006925036607076107,0.00017731128406683894,-0.003962961437250612,-0.009624598461448142,-0.007602501607702594,-0.004960763153715075,-0.01095711616212347,-0.005784000255768418,-0.01099698312792663
2016-01-21,0.0,-0.044982762293741985,-0.03469507028108365,-0.03652219669125045,-0.04045357717710851,-0.04065677663289469,-0.043523595248419866,-0.03988600579819446,-0.044731327883129834,-0.03084729683321441
2016-01-22,0.0,0.01425520558067861,0.012534222404891882,0.017448599285494026,0.019894075955798174,0.014696834011088233,0.018057753730900572,0.01365460783328487,0.02008802449827818,0.01097177313607256
2016-01-25,0.0,0.00230137468421332,0.008988364363847978,0.01486812166267848,0.015035070640817105,0.014216920609626094,0.016920436127948912,0.016234411724584064,0.013039340509282571,0.009512976538045725
2016-01-26,0.0,-0.08086657451817802,-0.07968080791202004,-0.06975008103646207,-0.07163072825886263,-0.07666398507991268,-0.07648641787888344,-0.0722820240075811,-0.07289846200790273,-0.07368839369894953
2016-01-27,0.0,-0.02496493387300791,-0.01880411522722114,-0.012410326252175419,-0.00770214975344663,-0.012614121533676914,-0.008362429020500661,-0.010931108785207866,-0.00496812391762913,-0.013235977176152769
2016-01-28,0.0,-0.05103188328429065,-0.04118535551226721,-0.04289544613819518,-0.04332701731434818,-0.04435068353932203,-0.041327201611856546,-0.0429358880430426,-0.04594185625389935,-0.03716857531284379
2016-01-29,0.0,0.04602619335067204,0.03458590967808561,0.038476695004341144,0.03428666682946524,0.03722860280913509,0.03599231499793398,0.034372457719658245,0.03684616920831174,0.03071390718982281
2016-02-01,0.0,-0.012804222097594464,-0.011702378270000313,-0.013938749507024117,-0.01784553482345741,-0.012429445945158935,-0.015320801880578272,-0.012807972635510922,-0.012138300691509674,-0.004478122171396093
2016-02-02,0.0,0.03515443026302201,0.03331518464600958,0.03415395079082417,0.0331991977398538,0.036494296996633535,0.0350157793286332,0.03272756808252497,0.04085979165066167,0.02231017537295288
2016-02-03,0.0,0.011658982263985207,0.004160826239302917,0.005934116560085467,0.005698170151696935,0.004137175461748299,0.005499296187250646,0.0014663372215126813,0.013006317938626166,-0.0005638104718544978
2016-02-04,0.0,0.020824406792856465,0.0192721035020591,0.022342915553576814,0.02207501490289565,0.020446427423183255,0.021660388520630347,0.019995318402329376,0.020986218816853253,0.02207236436109783
2016-02-05,0.0,-0.01363730124365492,-0.006954479757167675,-0.007789687972763026,-0.012821502767858206,-0.010715091757314554,-0.008610210009947883,-0.006768043149901426,-0.012397077502037668,-0.005310991872842896
2016-02-15,0.0,0.002023176697718565,0.006127987085231323,-0.0012544730693471173,-0.0022480505144183427,0.0005725477315547955,0.0002835499269027153,0.0003756160362140548,-0.0009614194987633828,0.0012652868105438309
2016-02-16,0.0,0.047832266791374645,0.04148690013641665,0.03974209308730692,0.040277057653641535,0.04140127199311405,0.041843531689122804,0.03887284371536781,0.03706967621548696,0.030953645968224475
2016-02-17,0.0,0.01654774091973077,0.01607821458239833,0.018948797115848404,0.013500324172706746,0.015519427011931874,0.016943278089366354,0.009932041580919204,0.015500781903464933,0.010118415412779802
2016-02-18,0.0,-0.002010912056609415,-0.0014386199847138403,-0.0003605041551411059,-0.002735490189083034,-0.0003134555570994957,-0.0018756841580642725,-0.003649721678654405,-0.006643673077181944,-0.0008774031757738943
2016-02-19,0.0,0.012592184830783726,0.0004060601572744016,0.003984258124086537,0.0053953136173992,0.005694069040230509,0.004731889719291393,0.005429255643352837,0.005973003806069688,-0.002390994796689694
2016-02-22,0.0,0.026825189161217233,0.021536448924567075,0.022227804545546404,0.021851524574776127,0.024172110694293814,0.025093058712102323,0.021721873641537437,0.0218557803783761,0.027790421169505697
2016-02-23,0.0,-0.012270799886318962,-0.0016040137507610241,-0.002579222577861251,-0.003990567983020332,-0.004885205421222949,-0.0008260823951130591,8.91585308226972e-06,-0.009636322974856504,-0.0014934575279047513
2016-02-24,0.0,0.02660656031108566,0.0024271619977849213,0.00892825116526974,0.008312457579717769,0.0056900142636937545,0.005632860784812177,0.008440612565173478,0.005233553508206423,0.0143049283483907
2016-02-25,0.0,-0.054933003497192545,-0.075754501765957,-0.07331695469629984,-0.07894863263885266,-0.0779842777790758,-0.08478707830259691,-0.07332917371358894,-0.076004405590122,-0.06325061443375668
2016-02-26,0.0,-0.01377049501728067,-0.002042828544091546,0.0017735221423818004,0.001030161825975373,0.006105044729381337,0.0027664114205983026,0.0075480632730235975,0.003120419026323651,0.009322773602884471
2016-02-29,0.0,-0.07055109674447635,-0.060542065530471034,-0.0484450952156279,-0.0583720774302241,-0.048594443433616186,-0.05616873011333989,-0.05400454908664665,-0.05019985114443892,-0.04412893772058768
2016-03-01,0.0,0.0361507017266276,0.02148906455497923,0.026155200785049848,0.02083435617023288,0.02590682248010512,0.025963793186874584,0.014296087754619435,0.011301320267886217,0.019810002849465658
2016-03-02,0.0,0.058226983300853075,0.055310723483329216,0.05531636872102652,0.0509784945017262,0.051182587993962914,0.05331517753660009,0.050894497840080266,0.04953057000696637,0.046904072201027214
2016-03-03,0.0,0.017838001751770527,0.004263165622184983,7.853447572259142e-07,0.0031374195686357798,0.0007947811613222555,0.0018377373480462644,0.0009525599770159321,-0.0028225509139271354,0.003943613225136033
2016-03-04,0.0,-0.033331784729933034,-0.020165502686578574,-0.030553523462757526,-0.03361748788448782,-0.027085973867724045,-0.0324721364115268,-0.0259915757609398,-0.027318665371194983,-0.007278567544532044
2016-03-07,0.0,0.025054934619220592,0.025126933123644113,0.020909083788757776,0.022977150082376774,0.024221836855040202,0.029292298638526226,0.024328787851549905,0.023231139509644283,0.018461194659759483
2016-03-08,0.0,0.009108244333583482,0.005803819922379327,0.005436259704469704,0.00830637291675318,0.0008480329678806076,0.006286482178085029,0.005666325623492785,0.009336277532479897,0.0009150002022597636
2016-03-09,0.0,-0.0397517878297271,-0.025350180229680497,-0.028727845702684607,-0.025377688706263002,-0.03011209107933055,-0.02707577607240963,-0.0245236768672501,-0.026716199801891105,-0.02599848954233075
2016-03-10,0.0,-0.025983072402143925,-0.016355119225084036,-0.01735419192120058,-0.01901170703139632,-0.01851631435204082,-0.01370909023827871,-0.015152163787745865,-0.0173623116048659,-0.020411314987025975
2016-03-11,0.0,-0.002717349846503736,-0.0013512212788059363,-0.002511787189974135,-0.003623190813503263,-0.0028830447459368136,-0.007248707749019423,-0.0008085890532899542,-0.004568492797812795,-0.0031710525735447748
2016-03-14,0.0,0.038960506629939884,0.028285072885275486,0.03264530750739758,0.03827322604105232,0.034435292874082535,0.03722390671038145,0.03063409147808671,0.03394731789730954,0.02473626533673068
2016-03-15,0.0,-0.005867228131051894,-0.007665874274675466,-0.004511806031676335,-0.007445032970366916,-0.0061753283489871524,-0.007549521882956101,-0.006335784856177695,-0.005724466677790807,-9.029382538405795e-05
2016-03-16,0.0,-0.011209294698433014,-0.010129880792900448,-0.01078042965865078,-0.014228945277441007,-0.010072800114414582,-0.010568421543052708,-0.007714924567526871,-0.01232857916119856,5.248326502949041e-06
2016-03-17,0.0,0.037834367116995615,0.029748782558041142,0.029833315437610253,0.03233307774670657,0.03572640176652153,0.02526273666225598,0.029656049467985612,0.032816954545944466,0.024286564159730295
2016-03-18,0.0,0.03525137363305686,0.037993295370843505,0.03256690957122821,0.03461915885150413,0.03561984283410102,0.035143601260850144,0.03150035804912599,0.03323618183428789,0.028017715924320896
2016-03-21,0.0,0.032255611192396616,0.022867314794653204,0.025822988531734037,0.0256985656305857,0.025299550950211858,0.027887575363713557,0.021872798601204613,0.023319988586134155,0.017004053850728784
2016-03-22,0.0,-0.01096685161617339,-0.004621265627469562,-0.0011087192863633577,-0.0028650525028469653,-0.005071904607129696,-0.000746980761326288,-0.0025696472475671417,-0.0028144825424043507,-0.005065052403400494
2016-03-23,0.0,0.009328648198741574,0.009245561660214063,0.00967605344825051,0.009170960797796335,0.007022742306418195,0.009579244708689982,0.004999614030735344,0.007264134863793847,0.0019035515952123827
2016-03-24,0.0,-0.017836100668683796,-0.0123499422079828,-0.03314096107047615,-0.009382120631167168,-0.01874948431112422,-0.012421035753653054,-0.016303996126901033,-0.012916054511268316,-0.019863710387375777
2016-03-25,0.0,0.008454093521587769,0.01038934642713163,0.007124015508230386,0.009019362367742367,0.005791170307678062,0.009270098919795577,0.011949647764208704,0.006091223670810164,0.016088733424062918
2016-03-28,0.0,0.009774572098082857,-0.004106174697451781,-0.004886860724481745,-0.004308940858369303,-0.004278480592133982,-0.0053967214224968085,-0.006375058907124642,-0.0018249141968568194,-0.004892182176282733
2016-03-29,0.0,-0.0208914582293096,-0.021153610014437274,-0.014900797932865362,-0.018211334955648195,-0.016306796819707592,-0.02854940654589011,-0.020439976553102035,-0.031989182509466474,-0.022267030454458436
2016-03-30,0.0,0.04714980340509123,0.03364890631344175,0.0283780886323739,0.04032348087057103,0.03664391674910683,0.03609151073752903,0.03214016179278656,0.0337038762531261,0.02778095823478699
2016-03-31,0.0,0.004647868331411953,0.006363337811218894,0.0010662595417687548,0.003214716823833008,0.003860507233157673,0.0025526980023624635,0.006983151111301211,0.010451036488612786,-0.0007888375413559467
2016-04-01,0.0,-0.005254465998446811,9.490328154315719e-05,-0.002179368647609148,0.0012958513914975711,-0.0013689588982904732,-0.000897704887477313,-0.0042705654793319114,-0.0005747446937307554,0.005000459893503839
2016-04-05,0.0,0.034289545210393735,0.02364711055483859,0.02287775038610884,0.027375248944070396,0.02797516394460864,0.026007514378662222,0.024540408029942284,0.026069021235369805,0.01621065366575447
2016-04-06,0.0,-0.001251472210527349,0.015340765657831712,0.007559468643465683,0.011139857703430955,0.002029094670220166,0.003821014246171428,0.0036821104847235553,0.006249902847042632,0.004076759144860498
2016-04-07,0.0,-0.006396398915015311,-0.010007403024841044,-0.0134131653902958,-0.015775110315583984,-0.015735870010756603,-0.016101312787717315,-0.013949924747525433,-0.014342272561287839,-0.017415334632263302
2016-04-08,0.0,-0.00940466912965865,-0.011160299608976465,-0.00799210118087057,-0.011289609142334567,-0.007515193941221465,-0.011359201493759907,-0.00962816573341363,-0.0090630344885968,-0.00958862501730895
2016-04-11,0.0,0.01946793155214066,0.01816633820858149,0.022756507602258225,0.024964135312117053,0.02235679303930649,0.0197671485218629,0.021197381270098736,0.021977563211524,0.020517585578322617
2016-04-12,0.0,-0.00746296244017064,-0.0054394836872332375,-0.006753237213339314,-0.005914620393975389,-0.006289852567180287,-0.005629634160088992,-0.005890561227775204,-0.008328815995321315,-0.0012151819499437444
2016-04-13,0.0,0.02164127145034822,0.01584689206425338,0.014687515494818948,0.014062257132948952,0.013941033538010794,0.014777678939399186,0.012837927203459776,0.013106031160164955,0.019728502691008787
2016-04-14,0.0,0.013704741697327494,0.013419308630745919,0.007893819805534719,0.012188729764357253,0.008006157651920587,0.009103270072276182,0.009909908917110632,0.009925309661676707,0.0026187028394708545
2016-04-15,0.0,-0.0006817153593418057,0.006166090242851308,0.0004886805515087467,0.00310306011651007,-0.0005632839845426396,0.002420463639278392,-0.002531147833468861,-0.00046440020731097764,0.013131170602750819
2016-04-18,0.0,-0.008053623245449448,-0.007996730705224664,-0.014034704911441986,-0.011790400839823745,-0.015611754952906898,-0.012997147689101984,-0.009911132969656289,-0.007123107913702742,-0.00044245674512854993
2016-04-19,0.0,-0.0002562604392675194,0.005462938746725099,0.005198993782522532,0.0016862815701637057,0.002572677087556041,0.004246584362980643,0.004523932302396894,0.0034954652886562965,0.00991808326998389
2016-04-20,0.0,-0.052332547189508416,-0.042015128498739895,-0.03715256997322591,-0.04603619424412009,-0.04491667280794154,-0.046517126213764914,-0.04192373666792826,-0.04039481524459809,-0.022610444859044176
2016-04-21,0.0,-0.017818758206883945,-0.007812526573419687,-0.005159286766903581,-0.010038537960675775,-0.008406670304740405,-0.010967846941956072,-0.0072413949668249655,-0.011109604266221651,-0.006988956586621353
2016-04-22,0.0,0.019335044969098547,0.0109181833933496,0.005554874015786249,0.010423571834248913,0.003531805627916329,0.00517757797919538,0.009020992867629696,0.0103915763801663,0.004661494923660525
2016-04-25,0.0,-0.011534528389447019,-0.0031233274032642644,-0.0015812366080005802,0.0007974336521658909,-0.003638243948045683,-0.002163575855150368,-0.0035987185762950125,-0.000516921177608487,0.012660231823310886
2016-04-26,0.0,0.020326274078803497,0.008391837389493784,0.0135313180011436,0.010382171994054223,0.012521930863089281,0.012745465277581136,0.009468801171107932,0.010214199486723974,0.012973163964233425
2016-04-27,0.0,0.0012213238279974448,-0.005765844195452119,-0.004679249531556073,-0.0024325793843715804,-0.0009332993057232786,-0.011993823681100024,-0.0025075472088464945,0.0008155704239078965,-0.004760656012121722
2016-04-28,0.0,0.0015851319411464004,-0.0011415240255512327,-0.0024896872525891345,-0.005071609027905488,-0.006100146217948188,-0.0016606961322405134,-0.002930887751786959,-0.008239132844868324,-0.0031816484652036348
2016-04-29,0.0,-0.002484828374865966,0.002035033705033884,-0.0050918018783336905,-0.008946272525560572,-0.0009856144788298327,0.0028459570082894903,0.0007218580082279935,0.0020872985205036,-0.002205724069381909
2016-05-03,0.0,0.03450307407057518,0.026501273031982686,0.018054011418174643,0.031992327019138234,0.03029011111694313,0.0274375907111708,0.028131276350852774,0.026968573383576278,0.015210383209974365
2016-05-04,0.0,-0.0033904561963044033,0.006078871298423882,-0.0008300707796696782,0.0004039168975931151,6.649140052772395e-05,-0.011145791195701138,0.000272053399166472,0.0032423601526001544,0.004783141378035927
2016-05-05,-0.0008865296860583972,0.008414839347227313,0.00344078384111744,0.001705247846724824,0.0009186498479915751,-0.0011080657841896092,0.0015295783042274733,9.360209587469179e-05,0.0015984531875130464,0.0017569897775308206
2016-05-06,-0.0375366645382168,-0.04761731540224201,-0.042671787740594214,-0.039928829957889045,-0.03872772935804214,-0.04043644372280686,-0.04062737207398115,-0.03862100194904572,-0.039285662612732586,-0.03995810570873903
2016-05-09,-0.0790329993565585,-0.05561743297599131,-0.04162162476555431,-0.04552996572100887,-0.04377141500266302,-0.04035248918983847,-0.03963292769645754,-0.040128987756014145,-0.04099209066569076,-0.04801765526622448
2016-05-10,-0.02161183860321525,-0.006053879098869008,-0.004720241987188678,-0.00048742319367767184,-0.003222251265195819,0.00041633474549840344,-0.0013569325299256363,0.0035822224921524537,-0.0019480489258985045,0.007630443459635705
2016-05-11,0.017410586449802645,-0.014229904194535181,-0.007794755738809389,-0.014577587104952272,-0.0051576220632069125,-0.006751210861659196,-0.0058586231030094416,0.002753999123705997,-0.0005165688760871978,0.004464658389208287
2016-05-12,0.04427313387519893,-0.004191635712831876,-0.004820003869951517,-0.00972833155612629,-0.004382504481811433,-0.0041219735949986624,-0.0007474060804329996,-0.001026390652825837,0.0018680121660279436,0.0035191992621257384
2016-05-13,-0.015278398702532114,-0.003088915787619939,-0.0033247999125706196,0.002402258352936837,-0.004183417459029837,-0.0031987168731569815,-0.005326161366523974,-0.003281068279851196,-0.0005822005491747939,-0.011881497148990672
2016-05-16,0.033153454471306354,0.01773541819870239,0.015094369265391983,0.01832665565450209,0.015974858848746276,0.01483572463482652,0.014587935579693845,0.012108696247364437,0.0036877229024867564,0.01753637862058577
2016-05-17,-0.02014108895399258,0.004480484933859552,0.00034581028950975146,-0.0021342529892280915,-0.0036672942930552344,-0.006704410246164638,-0.0035337569458843143,-0.005362463804970408,0.0007537154401697777,-0.009193551490319973
2016-05-18,-0.02683091273160454,-0.02568829558000263,-0.03114510078208166,-0.02578342585766591,-0.026359052293374652,-0.028515251969072897,-0.025390274270475355,-0.026052328514687417,-0.028904598658308966,-0.03271682434910783
2016-05-19,0.016448562170286563,0.007277792326194632,0.006151745760549332,0.00543144967913034,0.004460056492122444,0.0032762018453167396,0.0020770496574316066,0.004107009272905859,0.004404831158453915,-0.001544756065953612
2016-05-20,-0.00225730009552616,0.012623800254588868,0.01156290496712975,0.011413255423092794,0.01234864818090986,0.01252755106595993,0.00995310978364361,0.008640504445175612,0.01018440766132711,0.008529421472686316
2016-05-23,0.0037629167278752096,0.019150581667513045,0.010109036063630006,0.011516951931954234,0.013854519458927239,0.011267848140546599,0.010023027993898426,0.01312074097136362,0.002435832326857623,0.01625929866395981
2016-05-24,0.0003551289005332414,-0.0102077402198828,-0.009118099541366664,-0.00864315295073348,-0.010252229250606315,-0.009921150074451823,-0.008251951794312373,-0.011461368815976147,-0.008073834798378754,-0.011930183302999331
2016-05-25,-0.007391970524875613,0.003783507362546068,-0.0001897051410938433,-0.0031036040081465766,-0.003622580229746819,-0.0029347741763213753,-0.0017535619184045892,-0.0016146929357272466,-0.003843476551907643,-0.0037414122328062183
2016-05-26,0.03414614035479513,0.01042111940655821,0.005973431194564505,0.00022744540738273145,0.006191981441642902,0.0017158412031039738,0.00248218755039864,-0.0013136213884414882,0.0023523606032243016,0.005135389050760164
2016-05-27,0.01355443901233322,0.005680755911292801,-0.0010373651530445338,-0.004413803466796207,0.0011296905435225213,-0.0012568792643968818,0.00030903323633513224,0.0006432300644321209,0.003187020087147996,0.007699622412403517
2016-05-30,0.0009190778803782607,-0.011324252857295547,-0.01605364222502237,-0.005938259510868793,-0.004888297317303891,-0.004947431348987674,-0.003680366475463659,-0.008631684706668863,-0.005415076880824321,0.0006266497304521224
2016-05-31,0.0767370471377562,0.03571281553462624,0.03835975917054779,0.03696592008424315,0.03582372752461582,0.034996283828425456,0.03478426549249414,0.03407567395549238,0.028645830103277925,0.03539533823080965
2016-06-01,0.06430041918857521,0.006102692242481611,0.008951890261296613,-0.0016969246855487174,0.005880402285482367,0.006461854596368166,0.0033873739121019764,0.004040939708685576,-0.005022471741171097,0.007001143749993943
2016-06-02,0.022130398006538154,0.011531071204031296,0.010749087351369369,0.010367240774185271,0.010193935872557347,0.00926182371104578,0.006226392224043753,0.00661519201518268,0.008527238377847857,0.016476063750560765
2016-06-03,0.03769789571034443,-0.0021938852701305356,-0.00851360588295913,0.002793788841363831,-0.0023233997315956767,0.0008691270305778431,0.0007939913592609482,0.0015785205753884313,0.001472613131492162,0.0043661493892006575
2016-06-06,0.00895890724663051,0.0002962532032131371,-0.0030807999695078303,0.004839943305167349,0.0033175793843545076,0.0030105396057438227,0.0010962667001293003,0.0028178611743843174,0.003983364781109389,-0.0005697758117122476
2016-06-07,0.016317051795764925,0.008130006145535607,0.001754234466597726,-0.004948016771391561,0.0014767987896637802,-0.002086048747585667,0.00030339778289167896,8.59988989208027e-05,0.005334582776752139,-0.001157684083702759
2016-06-08,0.0002580079005067848,0.0007911673084592952,-0.00464117049430024,0.00034072028016285394,-0.004303379102831295,-0.001961671231327622,-0.0063791870134589646,-0.006697294675310217,0.0008924953691766824,-0.006978737602217344
2016-06-13,-0.0631656863406922,-0.04153406401010695,-0.04204474222865384,-0.04208052286900443,-0.04208253653707217,-0.04703167898222793,-0.04422421506969765,-0.04052436665082404,-0.047453707587494676,-0.0516649182497132
2016-06-14,0.003843726404288983,0.009769600045651083,0.0010667437844313898,0.004543754218410134,0.0025514351396822565,0.0035489546086515666,0.0016125349759552599,0.004786591784599059,0.004889362713779155,0.0005137188978856511
2016-06-15,0.06795659581599311,0.026146976194192595,0.029413948420125235,0.030774875117601352,0.026704848519915503,0.031541646332404305,0.02871716897673071,0.029436261201506886,0.02985006279514857,0.037765611731816806
2016-06-16,-0.0067865273740357335,0.006519793666774243,0.002142674840450942,-0.005960319767057243,0.00055427605815761,0.002306742525813865,-0.0001616624372229314,-0.0017642543877175454,-0.0016249964825384433,-0.0007503851465566758
2016-06-17,0.01009359457518011,0.009862649434631665,0.013869539855910551,0.0060036715797229245,0.002115983898152596,0.005387078471511542,0.0062630947666306724,0.0019838765908888334,0.006989720366751273,0.005356163496138766
2016-06-20,0.004987502567786795,-0.0026578227956546296,-0.004159405872469879,-0.002238883352616683,0.0002920498606382438,-0.0027150976068877064,0.002285056512070449,0.0013406652546530395,0.0013684910786859739,0.012043011115674629
2016-06-21,-0.020330365851127796,-0.014190131490293911,-0.006680201825407961,-0.007186948724887787,-0.008903061405699297,-0.012448404593344509,-0.006644005618949178,-0.008568133356384178,-0.00916571670948485,-0.0040858931753652294
2016-06-22,0.01897401571300561,0.016948589767124655,0.010107194042168421,0.01478981595335016,0.014183527597649848,0.015214619717091038,0.012577328966542067,0.013744095923654998,0.01364877943682341,0.010561874883370459
2016-06-23,-0.045064135678063,-0.010808825889509932,-0.005492613633694021,-0.0034524988990090044,-0.00852921031521825,-0.005867089751952159,-0.005817293147831526,-0.006822748530677769,-0.014322340384677612,-0.009809126429755954
2016-06-24,-0.006604119370478001,-0.00727627560376376,-0.020452336678149052,-0.006115527354057293,-0.012143350127068353,-0.011781902176569936,-0.013180065055891976,-0.014538518121622546,-0.010716211429372291,-0.006490714187115554
2016-06-27,0.028960675857758078,0.023875166456960528,0.024356003045241215,0.019762526261356106,0.02182444171415776,0.02099397844838391,0.020826235576485885,0.02051767961068096,0.023231961876750917,0.025242773674232888
2016-06-28,-0.0001296441627116618,0.02243963264347104,0.0072599426841069015,0.005118455072219197,0.009866600549623517,0.008569799878718198,0.005091124692077065,0.005166468636139232,0.010606462563760966,0.012788968223348629
2016-06-29,0.06225297521345463,-0.0013386518794179514,0.0038021638918055434,0.005821015306675337,0.004845823976935115,-0.0007960196586700441,0.0019364243521142743,0.0013303723021562686,-0.00014988207999377945,0.0023888056028689153
2016-06-30,-0.028311169972790484,-0.06351879290774953,-0.0033990719752655663,-0.0030309209494279177,-0.0003964484225027487,-0.0011747574068907696,3.68742466252403e-05,0.0014697923273778724,-0.0011865365637574454,0.003094451061361303
2016-07-01,0.005519740054524158,0.006213827076318568,0.0006419967050490527,-0.00015840522544818825,2.6998097050645598e-05,-0.0025138847597766523,-0.0010552626592594816,-0.0024038214015941195,-0.0094235168985769,-0.005938822166564051
2016-07-04,0.02634669433063186,0.019047616419909152,0.023335558515453547,0.020751523126630422,0.02157590298288592,0.02078257546742246,0.017883698833100592,0.01815598838437782,0.016854769648666057,0.014895186714571906
2016-07-05,0.01033188141618524,0.01895761476874691,0.0028062207008368034,0.010920396533314891,0.005716333000582496,0.0069976264437738855,0.006454907630292217,0.005405938307206926,0.012728234901863367,0.006672013363346663
2016-07-06,0.001030118344863995,0.005926594954999809,0.002594044521327721,0.0030581716001696346,0.0038104087076127335,0.005017966248341166,0.006246442909497496,0.0051337365196295615,0.004187924617367722,0.007165864428548385
2016-07-07,0.009636918380651727,0.002128472428536643,0.007265375973588339,0.0016721350407693514,0.0040546135300296715,0.00022676606067273397,-0.00020508354564041653,0.002654538924610206,0.002146250086616286,0.0018034825020236678
2016-07-08,-0.015723991674770788,0.006601090042402502,-0.003954737964986688,-0.006149650714504684,-0.004354867700334886,-0.003931842050206913,-0.0008399299030912299,-0.00570617317555655,-0.003355070297787477,-0.006281429954983153
2016-07-11,-0.00776415046948975,0.009092592621588569,0.003963825072054616,-0.0007847665739655341,-0.0003923442546658329,0.00019552133310507536,-0.00287839309202087,-0.0011371223794272023,-0.0003742687568647485,-0.004270834161793857
2016-07-12,0.005373747510309057,0.0004339586932808892,0.012266325574032955,0.014821823939555667,0.013592094829283585,0.01205259110227841,0.013862778377703888,0.015142082451351735,0.012945856683751478,0.013396775631449698
2016-07-13,0.022838693980197222,0.012338306444617197,0.005216338334343762,0.00419788794705922,0.005682586621252872,0.007729968005285581,0.004727194023632197,0.007755413593877103,0.0038375920705513433,0.011906520914645169
2016-07-14,-0.013491805648001232,-0.003146292154042829,-0.001159148792281739,0.0006131908010356124,-0.0040719418958640174,0.0006737651594859173,-0.0006090814185747417,-0.0003292546739073199,-0.00018804937412197908,-0.0011721532039506988
2016-07-15,-0.016648417403472227,-0.00881222021776662,-0.006780421739898568,-0.0024567490810147863,-0.004709881139967509,-0.003491050436235432,-0.003621442582766976,-0.0008238793293838809,-0.005067998190783962,-0.0048144618839880415
2016-07-18,0.00315958862035548,-0.010200223622558569,-0.009026890217281425,-0.00716627406498882,-0.0055973369105619675,-0.0071216541911574005,-0.004005932758777364,-0.004706757055655042,-0.0011871481504777126,0.0043681549773240125
2016-07-19,0.0007295557223541138,0.008168484533590537,0.007047554272769263,0.0024847472809061966,0.0032356716878332303,0.004876631423165412,0.001871042321060834,0.0052278062025188365,-0.0004028911126421342,0.002921865795525669
2016-07-20,0.003920411516825206,0.008473538545979764,-0.0030479466254785814,7.727298863691168e-05,0.0003701664247974801,-0.0010381823377300092,0.0009624627871458458,-0.0007619346465844723,-0.003415139076207385,0.007535035553969616
2016-07-21,-0.016909726956969462,-0.003778232131249948,0.005834458271586351,0.0033896557874397715,-0.0010043581988040673,0.0012756729650420517,0.0014882619113896212,0.00301135948255693,0.00015185758342384226,0.0031489172544827415
2016-07-22,-0.020779052167481327,-0.006920616300801319,-0.00894874022892389,-0.010101852800653233,-0.011924642730308577,-0.006417662145045466,-0.010357584262723374,-0.00878425312790676,-0.010142109412627165,-0.004767746180619148
2016-07-25,0.002393540780439851,0.009513941602681042,0.0024554127224172273,0.003863453767498637,0.0003462620631713431,0.00614544792737548,0.00172537938899886,0.004574389995021688,0.005004380006121911,0.00019132376768049575
2016-07-26,0.006115912481018615,0.008973477354617065,0.008449616501957191,0.012345473838361931,0.012945504217518833,0.012742348641655799,0.01321311049568119,0.007400103055597684,0.015512151665044938,0.010817611243070901
2016-07-27,-0.05399300562836351,-0.053008050243703586,-0.04432981777841327,-0.041385267842045215,-0.04126651661369407,-0.04218460585511674,-0.04003591097403192,-0.03491283198163475,-0.03564433788010568,-0.04533344000176731
2016-07-28,0.004331645713233856,-0.005166211406602783,0.001474768670474802,0.0056609488933270224,0.004909791422172738,0.002877430928971414,0.00633731886479505,0.005747455992416217,0.00322299520470426,0.0034718277107881335
2016-07-29,-0.017308607009275057,-0.006629110723623932,-0.00918580336929864,-0.012795670030844142,-0.00508535959118217,-0.006483789146173202,-0.006001633489258307,-0.0063523692648669305,-0.005499555601057637,-0.003916038406044264
2016-08-01,-0.019811374200606413,-0.012969778595056769,-0.011619482965519401,-0.012839319481139366,-0.014257114895969258,-0.015789852258363823,-0.017206484514219356,-0.01587959011204043,-0.01746801998933578,-0.01984584176786175
2016-08-02,-0.000537013531394237,0.006537815442063,0.010176595393994736,0.009625709177241593,0.009588651120388425,0.010680243176937942,0.011257485734536665,0.010739742092815474,0.011810865047947594,0.010183430993010889
2016-08-03,0.00403229202283284,0.01781456171361051,0.005483182385671803,0.006579674403272451,0.008667951265170615,0.00568046384411991,0.004993822324296682,0.008051276487825332,0.007077669195352021,0.013670160037190682
2016-08-04,0.03910215438882547,0.015790705170169783,0.005139877249606739,0.004357022157154278,0.005612868337831811,0.00582319361645145,0.004675401128525936,0.002456362852145233,0.003762016886390107,-0.0005057234210572581
2016-08-05,0.005769201274653968,-0.008981073568921083,-0.003849010665534891,-0.002095768150631283,-0.004398471149454242,-0.004055363950891566,-0.002602420367323721,-0.004213775057516633,-0.005335242569702192,0.00018157318192124627
2016-08-08,0.01805719789186444,-0.007184465436635756,0.02001912340473133,0.017502484009656705,0.01628701485959194,0.013101816790563658,0.011624276068105788,0.011342127689936143,0.01230199115672237,0.016817722187493
2016-08-09,0.016256652395703064,0.005852348251940143,0.004242955198810794,0.005254346186912784,0.007338797704844469,0.00936650923258786,0.009637550943265794,0.008207772482426101,0.009088513493321626,0.009437726720223027
2016-08-10,0.027944598486938643,-0.0001360134488563869,-0.0005179766938541164,-0.0006916848302936929,-0.0005921217488591424,-0.0042335135232052234,-0.006550885798379258,-0.004576042473779518,-0.006348953846031735,-0.004698739447029809
2016-08-11,-0.04138677361968601,-0.01925587755047764,-0.015125017746452474,-0.014422182103942971,-0.016793272403841097,-0.014252240052434195,-0.011485971124520766,-0.013357566233337725,-0.012515116674753135,-0.015036370043869707
2016-08-12,0.008142118115818997,0.008947037421385584,0.011261749130101695,0.015150518047785999,0.01579566702891344,0.011849469584214178,0.012004097137916503,0.01148145692349245,0.010770127804182295,0.014230151032253335
2016-08-15,0.008578984494368669,0.01886816689102444,0.018062893948052938,0.02291536338009581,0.021624138845770524,0.020999791157280567,0.02098453638601261,0.021899133620788547,0.02056997929991322,0.019581103430288627
2016-08-16,0.004760001125222679,0.009967338352722122,0.009331577642752498,0.01071938580419407,0.005735051034301941,0.00835256868902956,0.002731163417796889,0.0044534921761931745,0.005424373651254921,0.0032344105359523034
2016-08-17,-0.008743889718390796,0.006863056826585057,0.0021635376397013406,0.004581201719955352,0.0011054336771183504,0.0031201166135224057,0.0029903804722228866,0.0022377641240869384,0.003947514677187458,0.005977615632412059
2016-08-18,-0.0069436832745517485,-0.008619218548435725,0.0028691421194086963,0.0027269219721566262,0.0036983425822854077,0.0020944516127985313,-0.0020377196898838656,0.0011813409701568744,-0.0006568348764164345,-0.002083108096587183
2016-08-19,0.050636756032913066,-0.0015555244405417445,-0.0022487534348446525,-0.00011421876884809556,0.003599895206097825,-0.00018081817904036512,0.0037047725097210105,0.0037203547839730344,0.0019703992691393335,0.00476947555518481
2016-08-22,-0.019273534479718468,-0.01071458489501187,-0.007938653982683452,-0.010181442791561413,-0.014202424974838146,-0.011819192387117483,-0.009342788316659578,-0.009239540332095286,-0.008132076330214177,-0.016080402493498513
2016-08-23,0.0002360180812135404,0.0009903792545469248,0.004004331173729003,0.001619014560968246,0.0009380740072919558,0.0017462013245073127,0.0024694709560439954,0.0026680485868257886,0.003715821390625207,0.004080526940145157
2016-08-24,-0.0021892347476391016,-0.0024295817674897524,0.0016978921100316846,-0.0003560613907841459,0.0006298772929975716,0.0015051130335441698,0.0016238236300094577,0.0029804068965935127,-0.0013885551642608407,-9.283978510532531e-05
2016-08-25,-0.009813416693414623,-0.014762513274130362,-0.007327508419631146,-0.007699604977539298,-0.006906217729978015,-0.006917221336942392,-0.0038559903131929474,-0.0072427450876310084,-0.0063680986813993146,-0.00040904498726157534
2016-08-26,0.014109821525351451,0.010665920862635181,0.007651543609035416,0.002319727412493977,0.000930739158459204,0.0029006465838148365,0.0024640026088451616,0.00023857651189618245,0.004716456086172993,0.005404605582660205
2016-08-29,0.028590618068578877,0.007650352633808533,0.0018526513029846203,0.0032856449329876636,0.003242012554065976,0.00462875434264709,0.0033548138781998027,0.002391817349435721,0.006445564474927945,0.0028239726393488596
2016-08-30,0.007847111163518772,-0.0004495007626743597,-0.0015628189379275348,-0.0003213653403798533,-4.262194081627868e-05,-0.0029237342699995894,-0.00027111766082554833,-0.0010813322265340597,-0.015267147662550662,-0.007422037133577475
2016-08-31,0.022128336257892123,0.006726360123202824,-0.0010251807677252867,0.0027011051354222104,0.0014925227830175913,0.001154313697746323,0.0010096622610800132,0.001743911213780036,0.0033304997743426323,-0.0025298281362088337
2016-09-01,-0.012187970754974797,-0.006113829323736719,-0.005276439348985806,-0.0118702952906794,-0.010536072945041886,-0.007124760352333226,-0.006331898040870421,-0.008100240141422077,-0.006537241720039,-0.013688134971102217
2016-09-02,0.0011187054111156947,0.004227881422967705,0.00011944362813176568,-0.0027193565043688306,-0.0022492551771897684,-0.0018757132724249725,-0.0028051351643324507,-0.003209604575695968,-0.0024573050697841436,-0.0060987849685263384
2016-09-05,0.037103181588657774,0.01203512951722896,0.0054411384884016645,0.008759658810129078,0.00661164521747537,0.006050212344333783,0.005691179262716339,0.005590859193564279,0.0003951341466184033,0.0032303712080168356
2016-09-06,0.02097593323638991,0.026013292388328724,0.011104426568826709,0.013206157805547347,0.013802300261367417,0.012928350103976971,0.015051039173839431,0.01390196757600326,0.014963545368509301,0.014315381835947605
2016-09-07,0.0058713290529102125,0.005283349231002266,0.0003203103413451647,0.0013783136499909698,0.0004117279187128009,0.003209573752049888,0.001475830779798848,-0.00021874795667575775,0.0007257375059137594,0.008801211089395133
2016-09-08,0.013198529245287194,0.0009471721959823931,0.006442867427601362,0.00643783940227971,0.0022960459324996574,0.004711719962882999,0.0059244309681121265,8.656434327325435e-05,0.005232790032098089,0.006286327000614378
2016-09-09,-0.01925666050289665,-0.008527524687427568,-0.0072536499081512495,-0.007785647129408546,-0.007658205115889216,-0.006576652747178224,-0.006945129430871666,-0.006873934169458917,-0.007899484053133676,-0.0035908397739800035
2016-09-12,-0.05663583130169281,-0.0353455049753979,-0.030936681471856575,-0.02786364259277041,-0.028044836353484204,-0.029600957164465203,-0.025443427852723133,-0.025043680816299818,-0.03269743980661588,-0.03326548395321949
2016-09-13,-0.017786259117930525,0.02566781576581656,0.00602908891399645,0.011343350659639428,0.0072987464798861534,0.010669432175950844,0.0090716645947162,0.003972371657907647,0.004282312255800447,0.01037089318487694
2016-09-14,0.013199432462273064,0.023266067332372575,-0.003772975035701953,-0.0030268172580706354,-0.0052590106104069,-0.006524302139802152,-0.00321999915652893,-0.005838039624636027,-0.0027427929597432232,-0.007692736142028256
2016-09-19,0.043273319276336375,0.015171849752868338,0.011043131945994489,0.010354643578417644,0.011246752608611077,0.010726709880278351,0.010322373562582365,0.010739687064691639,0.008820924497908278,0.013381640366818548
2016-09-20,-0.004122670500410375,0.00713770546184489,0.0007434813163265108,0.003839708579062018,-0.00017340439305968403,0.0013257882328201465,0.00010661137261580578,0.0029874987925726515,0.00045075289395368756,-0.003629370546284094
2016-09-21,0.014570370861781035,-0.008247952591145635,0.0030788818490563585,0.0010245611738570748,0.002698129413556183,0.0019280420276446275,0.003547764610157378,-0.00020863692465333816,0.00039547448554833053,-0.00015018086490925509
2016-09-22,0.00013722212232414321,0.01212235092852687,0.005615362356805154,0.008293483557684445,0.00390943589723447,0.007485299655723754,-0.0012186186629282725,0.0066492623421638974,0.008380863667528882,0.0030398282911314745
2016-09-23,-0.004808330910406222,0.0022319307995568582,-0.004721794779718458,-0.0036657655736107575,-0.002695503547373579,-0.004763691683816296,-0.0045331639067131,-0.0037862247198356958,-0.007216906808148682,-0.0005674646021434082
2016-09-26,-0.026540400348644022,-0.006983158683162349,-0.01802470661422917,-0.02213757720751075,-0.021976799425993176,-0.020142333915368682,-0.02002262208311345,-0.02075647234606226,-0.022271053417993625,-0.024111270192882728
2016-09-27,0.022795444332945003,-0.009294812792309481,0.009724797205131752,0.01058069970842257,0.0073876393932821305,0.008408316169076668,0.004745879019895316,0.003858747818155761,0.00864619573390546,0.009706043541316323
2016-09-28,-0.005129608638206218,0.004436590413841035,-0.0004131668122651089,-0.002711935208630667,-0.0062682543495091725,-0.0017345022941425148,-0.002040503311216413,0.001777659546310817,4.605558590209391e-05,-0.0004233225045612299
2016-09-29,-0.00613430455930053,-0.006256055002402561,0.005145018068599461,0.005839515507307214,0.0037827728535413385,0.0033950355947405253,0.003327913132321836,0.004079562682623106,0.00467638453402075,0.005433620752349322
2016-09-30,0.005028102296117387,0.005281366878532978,0.005120804873085305,0.0035871525358079914,0.005093095715325235,0.004874499563991774,0.004791966341494591,0.0013464706522756664,0.0038991326554422834,0.00453680169673798
2016-10-10,0.027579917045392532,0.006172050461172196,0.015573218586282467,0.011974777319271324,0.015995787214955204,0.017712839940752456,0.018724680329560428,0.019466211854089144,0.018532520153137222,0.014255295125461753
2016-10-11,-0.007731762909288897,0.01796099726313738,0.006151321482734451,0.006058691384071446,0.008275456395189451,0.009125788630308218,0.007665629638442972,0.007470088376937856,0.006816551561522832,0.005898352179666944
2016-10-12,-0.010013383737692338,-0.005889768971441889,0.0025637096876778287,0.0016376484534117441,0.0007955608060694619,0.00011359912216479806,0.00044266221596522826,-9.62890407538719e-05,-0.007652934589652882,-0.002477959192426993
2016-10-13,-0.0092143954315278,-0.0007296604647227811,0.008237699505482698,0.0053266492111625485,0.0033529681950392742,0.000543401152579337,0.0023599768698019385,0.0008894702244621744,-0.00028679978026324715,0.009644026888161239
2016-10-14,0.0035873512789728057,-0.011608810035122485,-0.0035202089449206664,-0.0005846336637255201,-0.0017343715143065541,-0.0016298803362412295,-0.0004004398354209293,0.00030682364846312815,0.0022767065015454335,-0.0027536190348159684
2016-10-17,-0.014677554077957455,-0.004247179851745164,-0.003406413824489918,-0.006903223930447511,-0.008974388419451307,-0.008617786200593835,-0.008567927676447762,-0.010188471968204493,-0.00713658910470838,-0.011554337152072214
2016-10-18,0.031620222588324864,0.015698290071245458,0.015854444679562985,0.01845552525679417,0.01690294874256182,0.015418561441369105,0.017232726436622103,0.014444656571638514,0.019015743462444945,0.013917007775911872
2016-10-19,0.01888540500135316,0.01076278794966945,-0.0007830431187870746,0.0037697431652778945,-0.00017576816192033107,0.0004713852914697281,-7.415432551061141e-05,0.0010028683463105814,-0.0011369473632277804,0.002321916636084387
2016-10-20,0.0013386372034538407,-2.1056912931416427e-05,0.0003505300306878567,-0.00010382648677731421,0.0005139203472506182,0.0009652227937630986,0.001430466558999921,-0.000672542146452404,0.0015306774384071797,0.004859298688164149
2016-10-21,0.019198767368968417,-0.0006136714871517457,-0.003338902854378656,-0.0009074035581165818,-0.0032539254784228477,-0.002602875481707123,-0.0015602071483782343,-0.002330849517596989,-0.006043177493136653,-0.010879452558684721
2016-10-24,0.017941738877675695,0.0025424559856432882,0.015421403273613965,0.013021435726698671,0.01019964968590581,0.009395932183036138,0.010344622607629583,0.009381835663125448,0.006825606946454732,0.007239275387434629
2016-10-25,0.017694566845299464,0.013265870213127195,0.007246123063606946,0.006513126120867518,0.0047311394297688825,0.005328293431797082,0.0040941552840030315,0.0033054581619273993,0.006292747773432916,0.004103967902896022
2016-10-26,0.00901488483462276,-0.014404615904469842,-0.004245690859761009,-0.0015940564062385532,-0.007852959390464376,-0.004438714712373892,-0.006374737884277892,-0.0026398094065109845,-0.001312181564483983,-0.0007204864308365533
2016-10-27,-0.02965612330733869,-0.0010231723781055635,-0.001265021269361788,-0.0014452215268809798,-0.0005610506073873145,-0.0015385834723162795,-0.0008847809422131148,-0.0006807743855923309,0.00047965203137878554,-0.004777486912765583
2016-10-28,-0.022214168808389445,-0.012559900190156847,-0.017266424073532627,-0.010986933940950738,-0.011260205361279807,-0.011082705410439209,-0.009216790879760128,-0.008377635308978393,-0.009712101099852544,-0.009318356053067856
2016-10-31,-0.0163018069665537,0.0077317183040503945,-0.0019124213905663545,0.0037206893307608624,0.0009695218332330668,-0.0010462509219716365,0.0017983892010848823,-0.0003229854881000582,0.00016527860005211004,-0.0051964690382292344
2016-11-01,0.011751535352640952,0.019184430170178013,0.007587392578846774,0.011573364960674848,0.008105712441454749,0.010679263578221798,0.010750538515571506,0.005534627694819827,0.008844063230555532,0.012020639322098958
2016-11-02,0.013436867886278625,0.013169663972255607,-0.007602093972291946,-0.005392033646569927,-0.006956269202495147,-0.007301027502451984,-0.005002327840163856,-0.005890524803651154,-0.006647719144930675,-0.004123484556618373
2016-11-03,0.01282405461398084,0.020929355861166066,0.005760088390277529,0.007150460489865784,0.006956657898196994,0.006902196246157732,0.008102734179010529,0.008908549113308517,0.010041628263979918,0.00951852171881673
2016-11-04,0.0004839676209347221,-0.005181477748122831,0.00033024400203540694,-0.00288860639060895,-0.0021277398145628235,-0.001312358409696679,-0.0029480608014397225,-0.005622217592082923,-0.005870615023497616,0.003604582722526173
2016-11-07,-0.008932220782495892,0.001977493747604697,0.004739419364462982,0.006263972988339139,0.004141621215453251,0.0032611276023519764,0.003124518666564269,0.001612258278298695,0.0009680850151720932,0.007581163110859546
2016-11-08,0.012014552857210203,0.005030904934996361,0.003230464089714724,0.0034524880574993144,0.005683610472723366,0.005108082420290039,0.005492062529586006,0.006648402941136888,0.010633502242165083,0.01348604539943099
2016-11-09,-0.006662007697703642,0.015106150100803628,-0.004328610461680427,-0.0040489298052339695,-0.007018947161840261,-0.0067457209048849,-0.007413286838372168,-0.005116935797833011,-0.008405466542609652,-0.0048405937447472125
2016-11-10,0.004057749002202016,0.016542096592229383,0.010409525813359854,0.01613413275447373,0.0162042206720745,0.01487656775606272,0.014243013218221412,0.014521186232744787,0.017406793619492822,0.018685411984820544
2016-11-11,0.014932022946262835,-0.0002699859637915747,0.012536426507504306,0.007882991646623427,0.010978312304609661,0.00965167923886745,0.005956445531108079,0.007783052466180829,0.010863950478282813,0.002596412705760498
2016-11-14,-0.01918674743944737,-0.006388248847325029,0.006362588668723301,0.0007962705629609435,0.0060652370820175605,0.004819275690443714,0.0028589180469824615,0.003585808998884721,0.00214495754483357,-0.0019135109776980963
2016-11-15,-0.00720500230334753,0.0031751127750978547,-0.0004809938718104423,0.0027043073543300267,6.20304114709036e-05,0.0018008060412353366,0.0023275666128159678,0.003925214663165866,0.004202456692147916,0.0009773681998406225
2016-11-16,-0.007809268335485009,-0.015384729227821525,-0.0035162810932957145,-0.0024037085195282026,-0.0026672283043158718,0.0011606295822819135,-0.0005283229380705912,0.0005014596171026842,0.003167298415363895,-0.0030323898514398318
2016-11-17,-0.0028319212514443803,-0.0018975538718015716,0.0022729462299564407,7.793468371142254e-05,0.0007851662169524598,-0.00018024216703582674,-0.0003399997869928395,0.001326095758810819,-0.000688200407179762,-0.0024365947687771117
2016-11-18,-0.011317179080422513,-0.0133842044508804,-0.008129483203614063,-0.004487187893968847,-0.005594216555827813,-0.004443651598888487,-0.0025411803182892045,-0.006189810099780035,-0.0033597862237915166,-0.010427930327566615
2016-11-21,0.012528087929974507,-0.0007216981694961877,0.001358884230919788,0.006976704861584304,0.003969660428120747,0.006178108797022741,0.004877786583884047,0.005719809629082695,0.0025570158420651357,0.004194994771195004
2016-11-22,0.0047699603735589235,0.016793853563639605,0.011463193323491438,0.01343730169041879,0.010379125198569428,0.009062034170931543,0.0071220943873440135,0.00815213971765516,0.010045040537529415,0.011527665034686052
2016-11-23,-0.0069920318989220576,-0.010372135215608314,-0.0049393156709179875,-0.002283347717428552,-0.006041018009120602,-0.005940781534126804,-0.006251323198236736,-0.007206377445629908,-0.004608958866396562,-0.008884118402890051
2016-11-24,0.008474174574672366,-0.010783371498959027,-0.0038992883989148464,-0.002573202081949999,0.001893200718053878,-0.0009817351051405465,-0.0021060890421625844,0.002434492545559497,-0.0014439992695354231,-0.0028976723740719024
2016-11-25,0.015518345851355253,-0.004621284827121097,0.001434781670378138,0.0050277964848035595,0.002353017155907189,0.0018943875639252372,0.0039041328625444294,0.0008134315311167928,0.0006497968926850728,0.0024171348393515757
2016-11-28,0.0014721674520399297,-0.003739062924775549,0.0028753372782552855,0.00012182968786422776,0.003328066793600426,0.002812172964507864,0.0019038019836141729,0.006416554441443845,0.0045971696164042175,0.006859351840114769
2016-11-29,-0.02210950147249857,-0.02583342585194426,-0.014815054714515163,-0.010286154253000834,-0.009897279936308623,-0.01136667426129645,-0.006483845301973878,-0.007536502223978392,-0.013158867023003396,-0.010863163957549493
2016-11-30,-0.03276107438005549,-0.006248362239487215,-0.010474927902050069,-0.010581547377651823,-0.006894291620212933,-0.007168588970387302,-0.005247734112927116,-0.006918159672755775,-0.006073094981656202,-0.006554439054384242
2016-12-01,0.014015840223229548,0.004081127229574655,0.009197582487359135,0.009821663240042522,0.009671436245108245,0.008187366446010147,0.008623313099038077,0.007285697897214005,0.0032231432691136597,0.003579450257191974
2016-12-02,-0.021133924881135857,-0.02201978713957875,-0.014065335757917463,-0.01617721344351597,-0.016897084414045693,-0.017151423388262588,-0.014059884273489254,-0.015200710224738012,-0.014208498484700849,-0.021682545033955836
2016-12-05,-0.048983339577130414,-0.001602499127957402,0.00025045632609987933,-0.009323436276631347,-0.008981247543556448,-0.008387937262200218,-0.008938602286494568,-0.01193901623327498,-0.011359073414541787,-0.011116200030444556
2016-12-06,0.03461229274665545,0.007263441476365484,0.0009096632796457005,0.0035969632926278194,-0.00012457996798032056,0.003154359975853449,0.0015688236637836361,0.001744208931008684,0.004948545311635355,0.0014825522085719633
2016-12-07,0.007193286485170924,0.014203760852544267,0.014942532482390414,0.017830849213555044,0.012855824197098409,0.014958493649305904,0.012362446229000179,0.011417659648627287,0.010906373046530193,0.01152848824877406
2016-12-08,-0.0031774223677007996,-0.00558875727679653,-0.0042824168430609655,-0.007151809569300505,-0.004237082634974465,-0.003339190179147078,-0.004493500962817976,-0.0049726087787528295,-0.004482941868371504,-0.005120095221084253
2016-12-09,0.0039476497751052,-0.004763271374285782,-0.0002733870282203288,-0.005277121669012397,-0.0007642174312458838,0.0024652908756217506,-0.0002467426919705584,0.0020062199160759686,0.0003509001674153467,0.00019771836605730897
2016-12-12,-0.04052836006483773,-0.058369729300081,-0.04549132162633396,-0.04809569941186309,-0.04551422007310635,-0.04352755858912416,-0.03978549438079726,-0.041413502342139474,-0.04976547690767563,-0.056460201255582154
2016-12-13,-0.013970723243525884,-0.0008758602721991027,0.007578819252599178,0.006002156872289666,0.007103731333550467,0.004480820111359529,0.006812698917710414,0.008615390153141389,0.009463664147823847,0.005736006161644491
2016-12-14,-0.034321516953855546,-0.00213737020247029,-0.007325741323677248,-0.004707240113183353,-0.0028566239901580692,-0.0016495261061537647,-0.003957729116420339,-0.005037415294905534,0.0015319823706241298,-0.007701775752920859
2016-12-15,0.004233354044808291,0.012323829618133386,0.010357446219311672,0.008569356741431333,0.0061739839736278945,0.008695326350776522,0.007066331778820656,0.006258070006539329,0.009038935432374329,0.014602170171987172
2016-12-16,-0.0026013879656978656,0.01927671057314506,0.008888530252123106,0.012818057959216533,0.006774701604516986,0.007111610837475357,0.0071623829936009464,0.008109953078480725,0.007165420727904825,0.005294565812862473
2016-12-19,0.005763598494176181,0.0041315269654540465,0.0015591025725392171,0.0036947733336765154,0.0019150738199897877,0.0034830257278763987,0.0035535653044374005,0.005294644210306787,0.00585124052698216,0.0027608248101258503
2016-12-20,-0.0027717292227917856,0.0010660561136610625,-0.004748296943541508,-0.00547286819205739,-0.0035906122300016774,-0.004678302258567579,-0.002692163444634188,-0.003743931156376279,-0.0028358684085434405,-0.0027570622910362275
2016-12-21,0.006518096782769156,0.011603696344550496,0.009823975867140344,0.007243961383656794,0.008389874555345012,0.006674545342073124,0.009657847457278157,0.011292723121780535,0.012870467500674998,0.008654360929753802
2016-12-22,-0.013064026062970524,-0.007936093139608191,-0.0012581630457753068,-0.0018348111664006073,-0.0005530921708672976,0.0026745813683590747,0.0004927635212863546,0.0024255540332922543,0.0016759126494900745,0.001647487395586289
2016-12-23,-0.00963001245253603,-0.010685711820994204,-0.013428770141552193,-0.014085190336234121,-0.012785070434985446,-0.013048930961741978,-0.01234155664277048,-0.011967792086044371,-0.013736414725425194,-0.01051908522990086
2016-12-26,-0.022079710868671443,0.005620428476408756,0.00464006020772989,0.004793704236827789,0.002606118341917485,0.004269608480802267,0.003354758795335311,0.0033270541578198642,0.006189136433047304,0.008502951289869776
2016-12-27,0.006376237885055591,0.008603081573769211,0.0006720842740093325,0.002324876558426947,0.001809011751162215,0.00291521403172168,0.0031783069019848398,0.0023119566966220972,-0.0007808690097111937,0.00822465803724981
2016-12-28,-0.013497191210121384,0.012307883543017706,-0.003458167362470177,-0.0004610054319590384,-0.0008211591515018268,-0.0022809720701075786,-0.004727851516986292,-0.004344374979531884,-0.005716252427371948,-0.006877275030065966
2016-12-29,-0.005038921655879602,-0.009207338705392032,-1.746103876876237e-05,-0.0022879442175154363,-0.0015264909714555186,-0.0026002252044977636,-5.296313735414504e-05,-0.0022220046792139625,-0.00041538774783167476,-0.0047092629101066485
2016-12-30,0.021473379357514144,-0.007734078852019932,0.0040715986019530526,-0.0009677510015680957,0.001538189831320258,0.000638509388222408,0.0007263467188944883,0.0014881310830345829,0.004252699013858052,0.0037654763763976806
2017-01-03,0.02380173952890341,0.014270398306656329,0.014422976916896646,0.009411563496848796,0.011834874491151615,0.01172782545721951,0.010193509307418358,0.010249190639060934,0.014412697484834203,0.013306538102953347
2017-01-04,0.007725192727450869,0.020769676500736356,0.011881355165329177,0.01317513904720835,0.010555840220728196,0.012789395880393739,0.011236980185166612,0.010444580627709366,0.012126597562941877,0.00897158215484839
2017-01-05,-0.009670750334319966,0.0033908611545789835,0.0036058308486601742,0.0028492808829161387,0.0018948883415301765,0.0021457007295007102,0.0024082559893932043,0.0020998560559373214,0.002506724301568619,0.009424606680991099
2017-01-06,0.0015021395505050439,-0.002431194577395712,-0.0013808434881871223,-0.006606295019452646,-0.004179235079317167,-0.005125533093687129,-0.005404738181381208,-0.0009374335545007106,-0.0013070520475155778,0.0023645705321133637
2017-01-09,0.015269550156736589,0.01340052837486505,0.013308834806129877,0.007728682113053775,0.008732986387517627,0.008130585606298535,0.010457383909342699,0.007103221397056769,0.00934745148157301,0.010847090160888362
2017-01-10,-0.007961661969242417,0.0001531999216399793,-0.0055251182951370215,-0.0017163534669542013,-0.002040199205354143,-0.00254928120346809,-0.004103604812637496,-0.002865321188086245,-0.008882830943319764,-0.004144754339839074
2017-01-11,0.0014721814551830192,-0.014186338546206656,-0.008835207206576157,-0.010610414464594875,-0.010316348863263713,-0.010066678950390595,-0.010731159492740727,-0.012136966326708576,-0.014848497615568612,-0.01919354322877287
2017-01-12,-0.01672109861304949,-0.023202962765003887,-0.012058892792855214,-0.010757437523234437,-0.009779786528335777,-0.010523963528473734,-0.008292600635386282,-0.0075705734330593355,-0.0073668484574913595,-0.008813668586371337
2017-01-13,-0.023582640912503283,-0.0387751258462552,-0.013218469125580223,-0.014902438702874998,-0.015162087985684858,-0.01808958552925166,-0.012542711206009582,-0.013901084512037976,-0.014896518871234776,-0.01167075744601287
2017-01-16,-0.05270274586067425,-0.031705482600341894,-0.02769743879347364,-0.036938978255962485,-0.029224325937176387,-0.032099928489580765,-0.02579934552226859,-0.02715919995947158,-0.026550059427073114,-0.03237236084063899
2017-01-17,0.008301372649270444,0.018616887015681538,0.01023832873726005,0.0063805325658636836,0.009450726314973679,0.010262751145349247,0.007503449723544886,0.007786527424760381,0.008990822333540205,0.006991482227965751
2017-01-18,-0.007170531764469357,0.0013591610427456935,0.0012513069517972042,0.003102750522768094,-2.2103536983508754e-05,-0.0013589536834596183,8.0524664789694e-05,0.002694011572327515,-0.0011671907475162557,0.001928250084120453
2017-01-19,-0.0054769280439980195,-0.012365367103720049,-0.00404668765980265,-0.006018035253031462,-0.00472204441609525,-0.0032766610777434924,-0.0020662902716876985,-0.00300443288907537,-0.006719853831720579,-0.00485607465641702
2017-01-20,0.01397678055486229,0.014169850528103156,0.011065766719072112,0.014791300854789524,0.014128908250106376,0.012939333375007411,0.013231963019565862,0.010692276369390852,0.011264554917020941,0.011563347102670818
2017-01-23,0.03324037565060722,0.017151690393245822,0.0086250519836224,0.008773470306240094,0.01101222056387674,0.010851170861844173,0.008939850078723,0.006957659411167327,0.0061607368476064295,0.013253223298834493
2017-01-24,-0.0015608016798852598,-0.010178339818644466,-0.0026434952022645897,0.003406463643220059,0.0021555066364531417,-0.0007282534278555408,-0.00014460509666947008,-0.0013426049609343016,0.0004301532227350968,0.0007983577060823865
2017-01-25,0.014464332247295486,-0.0026080733662477984,-0.005088357091901585,0.0028297810300816906,0.0027908055545702304,0.0007298026390401002,0.002257046781696914,0.0011369819183681962,-0.0002799835844840004,-0.0028779355325174727
2017-01-26,0.04819202438940762,0.01004313474824503,0.007770368799674188,0.005032034289424336,0.006235298087778007,0.004868166134806673,0.0031268055220208257,0.004504642188622121,0.0036120506575303413,0.00497030574883861
2017-02-03,-0.016853249868852838,-0.0051652425701597116,-0.0018683048515715228,-0.0036650343483958236,-0.005035542637615409,-0.0011260441227514129,-0.003885502862753687,-0.0032760520837367135,-0.0023274602137839384,-0.003924822404782868
2017-02-06,-0.0017187191703469384,0.01214286134861231,0.010580346365522297,0.008711906293454197,0.009463383811213033,0.010133291019496449,0.009763458821517412,0.00952777941692462,0.008489515932939673,0.008648659137799664
2017-02-07,0.005229636142938254,0.01420311586362688,0.005950364787532081,0.0026528215497976237,0.0018917297997587124,0.00418039298839501,0.002469769641324504,0.0019943109807916137,0.004630585866225001,0.0002787189792190503
2017-02-08,0.00821040256347172,0.014567307539380403,0.009651045426655847,0.007503317232821161,0.006315448391735146,0.004377732006555002,0.007776570478338796,0.005840445565991059,0.011317361324040709,0.008830187077283336
2017-02-09,0.014320692864947748,0.014011490141756733,0.008939428453111242,0.011073305479335938,0.006444284854919102,0.00800372838081298,0.006110852811391121,0.006368128436527343,0.014665057348183463,0.006548679679347913
2017-02-10,-0.011336250665826109,0.001587683017814756,0.005220850574646496,0.008678728918499967,0.007240282044087332,0.00315595573921712,0.002478714396117354,0.0031209430386820447,0.0012813326451053264,0.0004234321923159978
2017-02-13,0.003188974818878254,0.0003425222813777662,0.009190427258535472,0.0035049643621072324,0.005932928593379128,0.002529682171616754,0.006034635168427727,0.008255398996440011,0.005130970140489799,0.010728850247535782
2017-02-14,0.004386207520793217,-0.00354554385443695,0.0006006260966877619,0.0037568488850503456,0.004571253516558738,0.00030092519554481,0.0006011732282136251,0.0010001871998381873,-0.0008753608614142649,-0.002886675957063267
2017-02-15,-0.02024214675249758,-0.015469272952705171,-0.013192472285874945,-0.013443853577754905,-0.012380356280965232,-0.00829516718643164,-0.010207282060206047,-0.008349848147710781,-0.008664557682969365,-0.008525431548815576
2017-02-16,-0.0028634399502890373,0.019169294077557186,0.017840692071595,0.009777863683891885,0.011051378867059425,0.009811787542614248,0.007210291032779814,0.0067351761810443556,0.0059248558597073675,0.012473739189694744
2017-02-17,-0.0043560513368338105,-0.009957413672298743,-0.0061316536254809595,-0.011797110578829595,-0.010162174559814718,-0.00999652585478239,-0.008069761878704007,-0.011891726340051978,-0.004603363309831354,-0.011346757776117378
2017-02-20,0.006032246616174408,0.02081714184739636,0.010504981084925591,0.01513527315512686,0.014347551612223786,0.011754666743750475,0.013165353688738834,0.016439778210522116,0.01192036555093745,0.013290617250461434
2017-02-21,0.012410924785932975,0.010697078532979631,0.0069638480104501355,0.008933471525147674,0.005629984073517669,0.009063923691330356,0.005074844330487105,0.0067615192720538175,0.0024510072691144025,0.011953794744850033
2017-02-22,0.004246796835735811,0.001999152982512964,0.0038802627874945372,0.008670658827959477,0.007872856654165039,0.004691472609942737,0.006402305682145393,0.005604560188015029,0.002195330813679064,0.0006531544537997647
2017-02-23,0.016896228793537027,-0.0009477331865650473,-0.007337936211474938,-0.006945660776976781,-0.005696519296254476,-0.005924876493121012,-0.003534506241616109,-0.005609543599663369,-0.0060009164170453655,-0.006930108926444967
2017-02-24,-0.015259072677921481,0.0009311749798184277,4.3091485750323955e-05,-0.001747981952032296,-0.0014528783551974733,-0.0007222033132643357,-0.0015584014522824763,0.002241021155290124,-5.12871897935252e-05,0.0029131922485525763
2017-02-27,-0.01633926821546483,-0.011447394070030259,-0.010146213982903274,-0.008189165894760486,-0.010301451137761597,-0.008630221371530467,-0.009337888102194936,-0.008427678089774182,-0.010990369590388571,-0.011924910748813189
2017-02-28,0.004640556733980006,0.012994094694495306,0.005235668569955054,0.0037974612839901667,0.0058520084517479365,0.003250967281696049,0.004998863751379146,0.003936673654876488,0.005360440408558986,0.003693358232919497
2017-03-01,0.006224257875478756,0.003502549809376143,0.007618829559071338,0.006836317071715836,0.003022899853330596,0.004271749921682444,0.002555822279826314,0.0013071507647521852,0.0027022962715208543,0.0005341385589396896
2017-03-02,-0.011035055397640936,-0.014040511273690881,-0.008663113141896939,-0.006531198393781579,-0.00829686738058244,-0.006252623345579522,-0.006975352795667633,-0.006245729870247851,-0.008207871391578636,-0.010686974027291019
2017-03-03,0.005924409168768685,-0.0019000580496295605,-0.0006598052233678375,-0.0036880877386598065,0.0003380723510040262,-0.0006513349047976291,0.0020383776347205895,-0.0008925029187484279,0.0017610938978096513,-0.0014508125191851073
2017-03-06,0.014401847094040132,0.008933558121119178,0.013262062486635529,0.011615160401336144,0.01021024657695313,0.009671485100936739,0.00937384447769829,0.009022758977919043,0.0113803352618993,0.011704061062369986
2017-03-07,-0.010024801593511823,-0.0017796452120176776,-0.004547680992327163,-0.001847133262370182,-0.0002783201795147905,0.0007770397273429985,0.0014873823106034134,-3.348909811651257e-05,0.0003200028037284586,0.0038405787412461034
2017-03-08,-0.0007792781319785336,-0.009340128324237806,-0.004232528601638252,-0.004326008544554116,-0.0032543612888659146,-0.00384263900023607,-0.0029980626329599858,-0.0025922257125037262,-0.0018683086777580016,-0.007074739290858112
2017-03-09,-0.01418450667218829,-0.009553107281422557,-0.009335187417807478,-0.007706302684710287,-0.009639516301943485,-0.009430498198302106,-0.006659021219746042,-0.0075673316601342355,-0.008605048642667423,-0.01178714635492406
2017-03-10,-0.0055441706737713314,0.0044284513756496224,-0.001375661768405756,0.0012920736792048082,0.00028262573231008226,-0.00041486194148598887,-0.0007337209395014144,0.0021823304240402575,-0.001655878849692094,0.002191862634733921
2017-03-13,0.009255737682060783,0.006825739924972485,0.007184128927588462,0.007648178573657294,0.009214083945435325,0.006865237820042669,0.008019838198810358,0.00661048134045128,0.007904512263190222,0.0024419069901260304
2017-03-14,-0.005126642577407692,0.0006990357546226011,-0.0010674030797546141,0.0011180319265604588,-0.002380011750832578,-0.0010775311579193092,-0.002538177642109729,-0.0035009352646963032,-0.0015653539200893851,-0.003995307529994885
2017-03-15,-0.007661574122527881,-0.00017083354959557262,-0.00044774747702602813,0.00043916057325965596,-0.0007890381354317411,7.276667646949342e-05,-0.0014191914269034989,-0.000574544166688673,-0.0011612700424887823,-0.006497112255073434
2017-03-16,0.014725717764072943,0.021103991549545675,0.011125785118213383,0.010318399640814269,0.00961378516458855,0.00967935982762036,0.008869138007097987,0.009548649555386257,0.01021529947030575,0.010216957477379385
2017-03-17,-0.010545767404730011,-0.0037520183003083574,-0.010944344785215998,-0.007602684099045076,-0.01025182082437548,-0.007351436684910895,-0.006567505422247266,-0.009803027694026745,-0.007716871279693782,-0.008804512597797576
2017-03-20,0.0026434419565495304,-0.002206124785084085,0.002800230256581937,0.0034571167973820316,0.003914139968455244,0.005703527622479498,0.007035104659877334,0.001255829677439868,0.003082695441823491,0.003762755961921771
2017-03-21,-0.0011864384091995195,-0.002058692918654792,-0.0019300082943729535,-0.0018807841193390074,-0.00024368339825886487,0.0008517127122809054,0.002606512106306358,0.008271459135422266,0.0038468053963798265,-0.0008377072326830604
2017-03-22,-0.012202693365449102,-0.00850786557564187,-0.006807021894546739,-0.005917744842498629,-0.006708439517327913,-0.0034777172917235255,-0.004403290794932624,-0.004545774001195824,-0.005207079233388812,-0.003805076020970688
2017-03-23,-4.3832425506429296e-05,0.008398081993272744,0.0006520367567055541,0.0030357951669106598,0.0013018465724150552,0.0005500709847623408,0.0012464607897213487,-4.102899656066583e-05,-0.0011923506143418638,-0.0019820196816972002
2017-03-24,-0.011521649340358375,-0.005722735741441554,0.00540278869207822,0.007120266393863872,0.004705035969599924,0.005579853130565748,0.005542949654264495,0.0038706882081196436,0.004618636044945834,0.009253295970373498
2017-03-27,0.0029117426031155524,-0.004030163037570644,-0.003995152783745071,-0.00803039753250645,-0.002282516569497406,-0.002199971311137583,-0.002074321453137573,-0.0009968955589504391,-0.001955682319233376,-0.004654788186416625
2017-03-28,0.0032943947125452233,0.00852413156463716,-0.0025598911990756257,-0.002506865004016867,-0.0027771296280377777,-0.0028720131063134646,-0.002781461689536635,-0.0025873822426039084,-0.006137048627701036,-0.002934577754839185
2017-03-29,-0.0046555601638091915,-0.009378082166215274,-0.000518015017750284,-2.2603815292732143e-05,-0.0020619691895861214,-0.0013256838648411096,-0.0008470208736555129,-0.0027492817013817783,-0.002592523200682706,-0.003927067309386745
2017-03-30,-0.04240385593584384,-0.026977997394628583,-0.019730956171169156,-0.013949457887271755,-0.018356182741388172,-0.018262622491621805,-0.01767457222884794,-0.01410260804894603,-0.018006082990717376,-0.022758849032976425
2017-03-31,0.004158956867232666,-0.0006826972477287363,0.0036561508012655786,-0.005273515337555823,0.0003236023694412893,-1.0663517454934102e-05,0.002689708805215796,-0.0008634588557262513,0.0015795565221836672,-0.0009449932930110094
2017-04-05,0.012365443744426052,0.03640436973558625,0.020297543983273325,0.02575373967924066,0.02260516920798028,0.021386254441041697,0.020498451197631606,0.018862945366582284,0.02011226095984675,0.022994135981343478
2017-04-06,-0.0029456444666692283,-0.002444473121049895,-4.794127498719547e-05,0.004106406134464002,0.0012426356180765818,0.004091772308511432,0.005477687752161398,0.004521367011041111,0.004203926830627092,0.00973927699322319
2017-04-07,0.003998415297000069,0.0015294757007322524,0.004085373632422895,-0.0035371552226913794,0.0009240586778751503,0.001730226861204498,0.004555266295092508,0.0016832374913724468,-0.002458668614937931,0.008508486184616082
2017-04-10,0.0019435100126194982,0.002815353595285064,0.00018631270424007695,0.0007703083142676093,-0.003683689003187496,-0.0044096864953523385,-0.0005073383836152745,-0.001873848667826361,-0.0032786192769702627,0.010449766736182475
2017-04-11,0.015058224595235092,0.016487041244873213,0.004640776859298645,0.010440292648484562,0.013215495037044223,0.008777909681428442,0.009199715680765275,0.0075853402339998155,0.011370612521474532,0.023376692075728567
2017-04-12,0.00195564041639118,-0.025991674722878666,-0.013771540885226696,-0.010494417391042177,-0.00899038612635572,-0.004611927556228412,-0.00753978070559691,-0.007150975726555653,-0.007873174625440793,0.0008291444269292736
2017-04-13,0.0023127806210536672,0.007599544325586072,0.0012988437780350193,0.00491157781377316,0.008423045148640895,0.004556295261462173,0.004296892747265746,0.003789207689003149,0.004654528472687547,0.014158279359471226
2017-04-14,-0.013437935343374785,-0.004852171643014769,-0.014971493104373845,-0.01570532011963932,-0.015393912848333802,-0.016678862039184117,-0.016248213537797596,-0.016965741518994437,-0.016471070681630118,-0.016909726350675558
2017-04-17,-0.033733568634292666,-0.00865997495994375,-0.016290961419582306,-0.012543092217910279,-0.014962737730615516,-0.012811417905037037,-0.013016289893866273,-0.011067434549921207,-0.00761867456231502,-0.02342921596716918
2017-04-18,-0.0036774560748301655,-0.007171840718843692,-0.011242355987222785,-0.007794987038978518,-0.006416660241878924,-0.008453071436690718,-0.009673186524199351,-0.006038270897083309,-0.011590541117560527,-0.014173006405058253
2017-04-19,-0.027129165686221035,-0.031194427025526217,-0.025051449874673226,-0.017405145376018116,-0.019725257183924816,-0.013487854672434407,-0.012519443248728446,-0.013264523592506072,-0.014404686942938949,-0.008774748537996313
2017-04-20,-0.01014042998174236,-0.014000412962570152,-0.0009039428189414611,-0.007766539989200516,-0.0049077697021520095,-0.001807511548877705,-0.0051504085216739215,-0.0005779119179069037,-0.002855629100250723,-0.014758142660800111
2017-04-21,-0.022814546835771554,-0.007094728358405633,-0.00393623317868641,-0.004889128148256039,-0.005995111380584839,-0.005952137633421617,-0.005184639878919706,-0.0036331708660026774,-0.005487486792076002,-0.01522578183960599
2017-04-24,-0.07190958573262052,-0.05494369671510391,-0.03521611761023258,-0.030253287907307747,-0.03095816181626132,-0.034164381670443555,-0.03052208951291835,-0.027840216951236507,-0.0320694897820899,-0.02689928035029676
2017-04-25,0.04153303128304975,0.004626236965351582,0.007626039125606887,0.0034352589458144234,0.005788485358217743,0.004369112041989531,0.0017606218906489612,0.006142296930214508,0.005524863897095278,0.0103077446463542
2017-04-26,0.002807186815079632,0.009378151103571986,0.0004470209843165929,0.002609296991790133,0.0014860767966502486,0.003799321528455968,0.00038557333683808537,0.00451131761897039,0.003240581737410375,0.01299945559957938
2017-04-27,0.05181951772938653,0.021937851202981973,0.0008890347782100072,0.0022949303498083218,0.002911515273111842,0.005579410472650981,0.0046577434550589825,0.003215150255220456,0.004443084797382202,0.019877356197338436
2017-04-28,0.030092677344872865,0.019373137548327035,0.010327894243943758,0.009395676359585048,0.0025054864344842276,0.005492535037440183,0.007924689744939206,0.0031196313009362875,0.007083513480898196,0.008525240747309315
2017-05-02,-0.0037890381366462167,0.018993885203522742,-0.00394514089255249,0.002995943991362271,0.0007984942469958511,0.001836262782509257,0.004862938243870518,0.0009303777440838878,-0.0002978082236891888,0.011818776232679573
2017-05-03,0.019490413647792026,0.015323799675003524,-0.0029591963838740964,-0.003453061861360407,-0.0030728127046514286,-0.00203699300549387,-0.003778061794720844,-0.003342991092708969,-0.0014226858066798131,-0.012175867413603658
2017-05-04,0.0,-0.004188857662363316,-0.008226091100068817,-0.007579085866552702,-0.004979338403562475,-0.00711243762544811,-0.006892755703799849,-0.012137152493082825,-0.008803287726462918,-0.01550472071818681
2017-05-05,0.0,-0.015233580451075035,-0.01774642885826594,-0.01767136636358624,-0.011353605721695414,-0.01168254522290213,-0.012306081803141522,-0.014391203161604471,-0.015929559879664268,-0.017519300495480672
2017-05-08,0.0,-0.0166696706939089,-0.017730191594224176,-0.01896698390441065,-0.018734688911854924,-0.01789551972333714,-0.0185955160431025,-0.018569786202566663,-0.01929415969356152,-0.017031507843781823
2017-05-09,0.0,0.0057573354505762175,0.004660601441638157,0.004229389142313078,0.004443497874920599,0.0059676588520629625,0.007623174182961545,0.005193968066126375,0.00677717877681272,0.008908603914326685
2017-05-10,0.0,-0.026186153398745304,-0.015428323285050505,-0.020839853376889428,-0.02208750372221202,-0.02169507646742519,-0.02227529802544359,-0.02508340400791864,-0.027796857866429714,-0.023358538796697248
2017-05-11,0.0,-0.016126465390325695,-0.016507542130588693,-0.008587060676914171,-0.008384742695495273,-0.0073911816889047355,-0.004948820040846402,-0.00955434918588649,-0.007833452232050675,-0.004418112749480008
2017-05-12,0.0,-0.0022698375996200726,-0.0023682964796962747,-0.002512451849982278,-0.0016588989245837071,-0.0014152999309315906,-0.0016148613942298384,-0.0021954052652348732,-0.0008813449337394808,0.000608497655757434
2017-05-15,0.0,0.004494233168382378,0.005799388733180644,0.0063146422965263405,0.0016935478800317316,2.4403481176715758e-05,0.0029915334969146112,0.003948771212673341,0.0006863163546089179,0.002568282517839471
2017-05-16,0.0,0.023771811909084395,0.011609067029467068,0.021766972980128863,0.01943874230292697,0.020775213902389567,0.019149707875397715,0.015313838882837993,0.018351297702352998,0.02131322434495253
2017-05-17,0.0,0.009691392547670041,0.006318273626630289,0.005915658085262621,0.004628782264092468,0.0018590404981189135,0.004426334696019607,0.0027201902373401587,0.005712150112444414,0.003576666596833755
2017-05-18,0.0,0.0035580354631374878,-0.005118596236846962,-0.005487377088047918,-0.006360499158698962,-0.009018226018497,-0.006165232843037383,-0.006216570212882799,-0.00912007788642566,-0.015132885158832488
2017-05-19,0.0,0.011227634709773726,-0.0006562736700563843,4.754392116446127e-05,0.003890895738331679,-0.0008958314136672252,-0.0017392467093623187,0.0003441224776843388,0.0008633379850131462,-0.0006182933780167765
2017-05-22,0.0,-0.020252182066177626,-0.0192573048735033,-0.019931747457435423,-0.018473576970149286,-0.018243886777019713,-0.018726382962283905,-0.016725984260645088,-0.0179683110074238,-0.012364696383566853
2017-05-23,0.0,-0.038662059690382056,-0.03252365965822068,-0.035089733033976,-0.03059273913469096,-0.02757628642155663,-0.025692442013726002,-0.028156589610302096,-0.02696851541671419,-0.021206248668856786
2017-05-24,0.0,0.0172644503373649,0.0037891084891417126,0.007003475709333351,0.006117541542558502,0.006271106167206941,0.0054876322123895704,0.005488935247784488,-0.0006973057391795878,0.004575815312738873
2017-05-25,0.0,0.010477261741373978,0.0056228209861184375,0.010881502935300214,0.007135082759125666,0.010584903508364274,0.008684136726190728,0.014466389850638306,0.011296899860480325,0.012212753492103934
2017-05-26,0.0,-0.0015021685000125018,0.0025326913136984874,-0.0005033208170427406,-0.007551381336550422,-0.0018137613387622098,0.00038689796769886264,0.0012809582982133971,-5.083995952348541e-05,-0.005984046061274784
2017-05-31,0.0,-0.0018289225185901259,0.0032928016668536397,-0.0009337053878607504,-0.0012827148311232994,-0.0024837693935435556,-0.0014054684186380895,-0.0036126118011073904,0.00047718232202842437,0.002479456218460241
2017-06-01,0.0,-0.02333514439981943,-0.024560893004861528,-0.027357856383970702,-0.022347627614807797,-0.022184955559028885,-0.02197583533930092,-0.020333735243566187,-0.02627901501815677,-0.019309236013248632
2017-06-02,0.0,0.01915380121339516,0.004275404160081431,0.014496334497357433,0.009678900373646604,0.010861681099305187,0.009699176755838979,0.011976047856741001,0.012529852564966637,0.009380924808688684
2017-06-05,0.0,0.00777170022085949,0.004086521891365269,0.00041389625701504507,0.009434981775261475,0.0004721597504393493,0.006032570343067922,0.006013125787327045,0.0067662601641929054,0.007163653709393314
2017-06-06,0.0,-5.602037877927568e-05,0.0009034301933072975,0.0046421166524632795,0.0038328916710146377,-2.0798793466614285e-05,0.001173037183628045,0.0050787577779147774,0.006105965462601226,0.0038381245168064293
2017-06-07,0.0,0.017230161350064055,0.023464272980710188,0.02096229416984996,0.01928551645858012,0.020287458228385846,0.0212790414403925,0.019222812437989623,0.018997814282464498,0.019319225988845057
2017-06-08,0.0,0.0015937245214485696,6.437968712003084e-05,-0.003844849774442216,-0.005105845691794397,-0.0025374964266879907,-0.0025026145388609145,-0.0034349613004193147,0.0005746678697997609,0.0006068415379210101
2017-06-09,0.0,-0.00756264492633385,-0.0011764277254071587,0.00010414242532452711,-0.006049780700731033,0.00046411607160457,-0.005269627548351363,-0.00015615065990348675,-0.0033298357068801687,0.0023024902676578307
2017-06-12,0.0,-0.02154558431640463,-0.018002729290790165,-0.014571207042405554,-0.015540685044837188,-0.011967347868147238,-0.017349323267849326,-0.014797222734512117,-0.01047961095747496,-0.01325624113297419
2017-06-13,0.0,0.013849315701733422,0.01101233409824287,0.006724538036152916,0.010305580410495896,0.013083483145426511,0.013518256698582753,0.014008690375681754,0.012718234127758077,0.016059114697571708
2017-06-14,0.0,-0.0038656164853602126,0.0004164768420680254,-0.0011353090025293389,-0.0035019434992294984,-0.0015442136503418524,-0.002224744021448788,-0.001029046863100791,0.0010439566411932777,-0.00019863572323852718
2017-06-15,0.0,0.01825430253457161,0.016039883783706577,0.012941968583194852,0.010353556668951436,0.01011119965673557,0.008778200207367748,0.007765890995993008,0.00910005121825419,0.010580302645561757
2017-06-16,0.0,0.007929442171076273,-0.002256094183700874,-0.002842194221778782,-0.00174608644190688,-0.006283035875395249,-0.0015068409391065796,-0.0009871802678121933,-0.001715682212857561,-0.004683240655263932
2017-06-19,0.0,0.0017358001480030083,0.009001634093157795,0.006936129209989206,0.004073474330769544,0.00301558817766856,0.00611445666648236,0.008015916925554922,0.010472397627167895,0.015381000244745424
2017-06-20,0.0,0.0004929690775672402,-0.002603713126182239,-0.006252006313412717,0.0015850752563630888,-0.002432925023131305,-0.000254939626887829,-0.00197559210851439,0.00014273327340497133,0.0016189521572824717
2017-06-21,0.0,-0.005622741703375733,0.008296980669773246,0.0013836908676074788,0.0026252129553265835,0.0005762601442005355,-0.00034408294924004323,0.002453300770899114,-0.0033984017039132564,0.000336570587713636
2017-06-22,0.0,-0.02059464659109822,-0.021035836887125514,-0.01718857455796774,-0.012945764849641272,-0.014381218486353098,-0.015099220834963178,-0.015886906142277946,-0.01713570441473089,-0.015306841717925956
2017-06-23,0.0,-0.0005929512811554405,0.004421712899896457,-0.007974035490824205,-0.0005842608580451936,0.0009904844801265078,0.0019495100985573721,0.002366034050781618,0.001454575722444229,0.005101465684037798
2017-06-26,0.0,0.012890031605413466,-0.010351948319587523,0.013156368039218824,0.010890362293049183,0.013917076585135968,0.014509497882627898,0.01594105980775118,0.01616848371760682,0.021599297621261337
2017-06-27,0.0,0.013022926140086044,0.003563454205539607,0.0017687464741444892,0.001561612325082784,0.0019974952531802703,0.0014889735901775225,0.0011250182115172258,0.005305571402932863,0.0037759373834449494
2017-06-28,0.0,-0.009522789659967223,-0.0036890723225230238,-0.0059996820277290475,-0.006624694209870996,-0.00647047731678263,-0.007829661250694842,-0.006361782544659689,-0.004121840287832801,0.0006422329226689616
2017-06-29,0.0,0.0024394429814709184,0.003993372677751905,0.004653361631226538,0.004037984647916604,0.0037250302048965622,0.00457109875083983,0.005917051691809672,0.0058515089322119795,0.004527339166073174
2017-06-30,0.0,0.0017455578789487003,0.00255110616289711,0.00024943297573631895,0.00026555480505474627,-0.0007090245141027074,-0.003973140438553235,0.002395675130576036,0.000738545195771767,0.0005152067040035124
2017-07-03,0.0,0.009671994909668857,0.009487719793001004,0.006806182681772466,0.006840042327327378,0.006548634389596186,0.007475868006492137,0.006368986022733392,0.014571530359518192,0.01954204239341517
2017-07-04,0.0,3.81291057982569e-05,0.001196509963983905,-0.0015003088714423685,-0.00199377348585561,-0.0040249009239845535,-0.004963865866606354,-0.0048423328665214704,-0.004607581967960517,-0.006017816393973585
2017-07-05,0.0,0.007447609235682995,0.007040604475873513,0.00781626364567578,0.0069285579660463,0.007081845985696056,0.008073349641386951,0.005123531123229164,0.00930097343381786,0.015082084281438979
2017-07-06,0.0,0.003996168895326946,-0.004391524467102559,-0.0005805543322200402,0.0012004275767028005,-1.2075152160506697e-05,-0.0018962147455089395,0.0015181420264016587,0.002538725094688443,0.008244790675293379
2017-07-07,0.0,0.006130128182322503,5.088262616159689e-05,0.003953895186616929,0.002021586915674556,0.0031271241300607766,0.004311253132503801,0.0052419389891067425,0.008232947047154493,0.02009128951169825
2017-07-10,0.0,-0.004427796248899107,-0.0060859641059860525,0.0005895201150138973,-0.00264752310433114,-0.0014261795078223116,-0.001670186255333328,-0.000816550443791586,0.0025988044648290742,0.004819237347654548
2017-07-11,0.0,-0.011708733145688432,-0.008583088971153119,-0.012287915459027632,-0.010979245364158174,-0.012053844690289695,-0.00989476574865078,-0.011118611384524635,-0.014828808444952934,-0.012142040686644706
2017-07-12,0.0,-0.006010623609898569,-0.003408720002505139,-0.0037408445658269063,-0.004311690534909207,-0.004222336102641555,-0.0016889463455445064,-0.001766854310751076,0.00011421230853292386,0.006573487272740097
2017-07-13,0.0,0.0002890426545569813,0.000570548647556901,0.003399078852679427,0.0033529541960615195,0.0012714717453539137,0.0032710492827334736,0.006350804546911837,0.008084996197807781,0.006187212485879057
2017-07-14,0.0,-0.00011018328523781928,-0.0024587777839952807,-0.00752335670903892,-0.006282639624955011,-0.0029604115193005986,-0.00242408321309473,-0.0031721153675863256,-0.0035971266204762875,-0.0014111083194299212
2017-07-17,0.0,-0.04952203776890207,-0.04852074746869384,-0.051181742188546764,-0.04703313680080856,-0.04582715008964933,-0.04621075628144944,-0.04493630692388051,-0.0425438065293835,-0.03677854496277144
2017-07-18,0.0,0.013672409743588743,0.01284471186525371,0.011477769055942666,0.007455776251543478,0.009953828635777429,0.012922546641338517,0.012495387524537716,0.021006109617651036,0.02928643770127448
2017-07-19,0.0,0.010836275363785175,0.015148670306380785,0.018731678064230373,0.012899498794046727,0.015766087295839393,0.019254100973498778,0.021766292790031283,0.026898819937330343,0.04535479243644702
2017-07-20,0.0,0.0026558134862146865,0.006877534840989519,0.006350225125942632,0.007202704610239197,0.006865820974257808,0.004628525040597298,0.005510471565171926,0.0038456681704051032,0.0022735400237254844
2017-07-21,0.0,0.005103402997094664,0.00739184659295522,0.00020207608260314203,-0.00010990434943791705,0.003249557700142125,-0.0003429676102814083,0.005915850548752433,0.001014876463780956,0.004684216740378222
2017-07-24,0.0,0.01142316044944569,0.0018687385383628907,0.007257597321874254,0.005672956631695536,0.00579617012019229,0.008794972990556094,0.009673107219857924,0.006300326141812418,0.008053800800816191
2017-07-25,0.0,-0.005313427499767154,-0.0019186069434693476,-0.0032347271387289656,-0.002157356781912423,-0.003550391720121393,-0.002376162784721081,-0.003938737559255556,-0.0031365930810319798,0.00017819900884874507
2017-07-26,0.0,0.0015955723537244282,0.0035352813149311935,0.0035765883020986156,0.001506908912445759,0.002145757479909971,0.002947624346238964,0.0034474452087120966,0.0011058074048833078,0.001383491842624096
2017-07-27,0.0,0.014152288209887676,0.012648250451131382,0.012078205355168903,0.00953517387167424,0.009749698222233594,0.0068039156404624546,0.003674719261688386,-0.0006256557936944462,-0.0063755558105841326
2017-07-28,0.0,-0.0014434098282526397,0.001639137449868322,0.0024098347752963267,-0.0006586843152242006,0.000750076866473437,0.0026806670251044995,0.002642974903610984,0.005159982958016007,0.011544184719441741
2017-07-31,0.0,0.012911294096511261,0.007023106395378287,0.010110275541500569,0.004144345093016533,0.009469023852862746,0.01442407093703979,0.015359771592670102,0.020658401300513773,0.030054801607537263
2017-08-01,0.0,-0.002436518938331078,0.00325481946857642,-0.001435897735512004,0.00385529008620078,-0.0014620933989168972,-0.002699840664543096,-0.0030354087444309785,-0.006594829087486986,-0.003853005035358681
2017-08-02,0.0,-0.011820282280481154,-0.010615791458196577,-0.007542109233957706,-0.0071845321935670725,-0.006972528199153727,-0.008297874240070113,-0.0057193471929372075,-0.004956087399502818,0.013226547423615731
2017-08-03,0.0,0.008520057059021147,-0.004995198846991622,0.003591309000037235,0.003796288882296661,0.004089080198721229,0.005103791884462305,0.003774498516215141,0.00650175357938787,0.014102891973623466
2017-08-04,0.0,-0.006552270935255677,-0.004507150990174735,-0.0037278646219968126,-0.003127001840199539,-0.0042841982424635106,-0.004081747654946177,-0.001260567959075587,-0.0020417620953461224,-0.009808999441206945
2017-08-07,0.0,0.009302861640300586,0.008293010174869053,0.008283875954628428,0.0055149645319665375,0.0075878406945504295,0.011822971768641999,0.011623891923091767,0.015504603541617978,0.027718329645582296
2017-08-08,0.0,0.002224764641266308,0.009652876968979651,0.0031519774844148696,0.0017896144293887417,0.0021389660974313607,-0.0015447419597942602,-0.0012357869274537414,0.001746713974930536,0.001736316090742429
2017-08-09,0.0,-0.0029044890171301407,0.0021294770478772485,0.0018046421542001756,0.003879656211260185,0.0013122157228635523,0.004219140728369153,0.005782787951683854,0.011821521697821025,0.00880540590634582
2017-08-10,0.0,-0.005794071567384873,-0.01068579012152715,-0.007078630521493934,-0.008220119280433313,-0.007583052867471185,-0.011243938379390195,-0.009119228605501295,-0.008023086959831671,-0.01187143922979017
2017-08-11,0.0,-0.005631772113890876,-0.020766227447561514,-0.018913553332799093,-0.017917956164897664,-0.019223210420376446,-0.023582655718409784,-0.030041944789326425,-0.03360728122993073,-0.04455325716394176
2017-08-14,0.0,0.014517733695229351,0.018788737422062995,0.019393315312142168,0.014854576133008335,0.017577113138701472,0.017410234246237888,0.015440393311231926,0.01528327541462704,0.013006102440799472
2017-08-15,0.0,0.004338313825055007,-0.0022597180053891552,0.005793100332441181,0.000997963746352415,0.00310340709343504,0.0014839427005928219,0.0034674685991489262,-0.00036585080465878494,0.006147482597181009
2017-08-16,0.0,0.0010315165722696307,0.004090494142402923,0.001669931714569639,0.0034905960237709976,0.004072054422218807,0.0017377703202794414,0.000614961592833918,0.001551194091498287,-0.014524544021678909
2017-08-17,0.0,0.004665908374618999,0.014870256429001305,0.00792483404326294,0.008899035315953707,0.010331256321225668,0.010341871837087124,0.01122430988562928,0.013264100947408597,0.007292333474824275
2017-08-18,0.0,0.001654164594979468,-0.00025765009899703095,-0.003857697077005784,-0.0021634250627217133,-0.0019378663527600537,-0.003908308310350828,-0.001253743181168554,0.0007841296688071431,-0.003970221322162515
2017-08-21,0.0,0.008547385681578534,0.002303930551619038,0.00755889598812165,0.007568543947484185,0.006114832286136185,0.009020352357178352,0.010813715671370128,0.011679975336982507,0.02502176175573867
2017-08-22,0.0,0.003983326615620841,-0.010087408827442523,-0.007881047869710445,-0.006715623090648326,-0.005653699111590749,-0.005992037817346252,-0.0048027168854835045,-0.007326079125277052,-0.002309812796303934
2017-08-23,0.0,-0.0017617695354883445,-0.002238925030079164,-0.00580571841249955,-0.005546581231517189,-0.007624105945366555,-0.008424658262243367,-0.00977150406768501,-0.012042678277760732,-0.017441900439426505
2017-08-24,0.0,-0.002830165645995697,-0.003969903128034136,-0.006485869199321814,-0.010427743891201824,-0.006848423514334345,-0.006523446413025047,-0.006228375676204045,-0.00740822091488369,-0.005921526719348313
2017-08-25,0.0,0.004561776986905075,0.00849585285988419,0.0095901127448359,0.008798572356160106,0.00982324105579746,0.012241881946170263,0.012510940483812405,0.013839100911206437,0.018269060933517656
2017-08-28,0.0,0.009696000829015006,0.011142566576661128,0.009564059323074359,0.00965173538227182,0.009571353716992359,0.01010266815634564,0.009236148914758768,0.010979556498759369,0.013220143316703403
2017-08-29,0.0,-0.0005635766846606716,-0.0020865181684822653,-0.005530770028647658,-0.0014059362978116052,-0.0023522397545941987,-0.0011470140557365838,0.0013761768438156352,-0.00117132960631261,-0.005507530139818528
2017-08-30,0.0,0.00011933832857358162,0.0052102501122874845,0.003109793266830918,0.002550598991857722,0.0035537920104173892,0.00515703008939461,0.008271237314797064,0.013816668984769187,0.01918798582964487
2017-08-31,0.0,0.0011005479999668388,0.003676357616430037,0.003657973883792298,0.00046151078212819385,0.001381012783341351,0.0024043874717025737,0.0032559062301888986,0.0033686712067688696,0.0011404284705716083
2017-09-01,0.0,-0.0007547960917489993,0.0019075957417313827,0.007584500359396618,0.007403730761341487,0.006321031633255814,0.0065084469905500875,0.00769498682946379,0.012909458933811013,0.01853200052753512
2017-09-04,0.0,0.0031682372446517615,0.007023532052660597,0.005889480757035104,0.0047424237904380995,0.003958909290414203,0.005232178471717974,0.005398304730401593,0.003981724245013307,-0.006500952971689178
2017-09-05,0.0,0.011898651114001124,-0.004296186675331604,-0.0027484117097987815,-0.0003401165805884121,-0.00023962093218654612,-0.00202772268635687,-0.003638399336096332,-0.0024203214307053633,-0.0064492393334592
2017-09-06,0.0,0.01084291877069088,0.0013410803208091515,0.004275947785896905,0.006313628410573369,0.004570566437969159,0.0050921516512247855,0.004466874237727625,0.0031047013144798186,0.003744505123136399
2017-09-07,0.0,-0.003199072612994125,-0.004492828726742393,-0.003875374099623019,-0.0024413315337666885,-0.00571468971710154,-0.005057031936744227,-0.005848742631103798,-0.008469973948481146,-0.008423005900957237
2017-09-08,0.0,0.011300604682110027,0.005933836824320249,0.0048785670443449725,0.0005201478183891606,0.0019388062035770037,0.0024379409600010504,0.0022650422081045285,0.006487519158550281,0.006984515720594109
2017-09-11,0.0,0.015860624278545732,0.013915220890523328,0.009919268445371054,0.009834262444736286,0.009140166733073274,0.008458191280322103,0.01059946787959265,0.009081746489889575,0.012632918539982718
2017-09-12,0.0,0.004482446713558463,-0.0023792185543678457,5.176980370391604e-06,-0.0019579584231751435,-0.0028281741978604114,-0.0008603035076846233,-1.2461613664305204e-05,0.000739304382814332,0.001369029659650245
2017-09-13,0.0,0.0053100678266968515,0.0029727557759080536,0.0043382210413625,0.0026739701830871265,0.003005997617167022,0.004527472741446603,0.005948633534524239,0.006321732599503083,0.011067340273999804
2017-09-14,0.0,0.0010130924158597843,-0.0009320146875716473,-0.0005651724700784788,0.0011677393152622617,-0.00040391282051843724,-0.0017269017763791306,-0.0012855786388094037,-0.0060779377753590325,-0.0024848833840622753
2017-09-15,0.0,-0.00023362066520693503,-0.0017863017879984344,-0.0013482758162303154,-0.0028202119059328457,-0.0042746041981818195,-0.005704328182619456,-0.008235974849417405,-0.01765958107052401,-0.02832947621268167
2017-09-18,0.0,0.007842636111177415,0.011424077728291904,0.007787022196764415,0.00631409369080882,0.0083264055111969,0.00310080453052608,0.007023458238354818,0.007994588639006261,0.00010964421654779954
2017-09-19,0.0,-0.00206281293177879,-0.005308377166900913,-0.003936626209338656,-0.0017104066515089,-0.0033454991669837897,-0.003736219577943789,-0.004281181094196396,-0.0031803888806287706,-0.003132994964536673
2017-09-20,0.0,-0.0005904755456601629,0.004742427096470658,0.00949440693500292,0.006126137698102996,0.0063878284749869785,0.008970579046349458,0.009894391021845417,0.01166288461674947,0.009056171544312042
2017-09-21,0.0,0.005166665244613844,-0.0058576385085833405,-0.010443470662892529,-0.007799356674324409,-0.009720452909509847,-0.011533134574914894,-0.013064823548281534,-0.015522944219515056,-0.01743467911748542
2017-09-22,0.0,0.004297183132712767,0.008984287358987153,-0.00392627374904142,-0.002793902334946141,-0.005353349770822691,-0.005933157960122837,-0.006043720673967967,-0.006508857487025788,-0.00950766979401596
2017-09-25,0.0,-0.015000260654138065,-0.012679224696220737,-0.0183648559470021,-0.016014533683787913,-0.016555929588089158,-0.017865638355260782,-0.015171888434450054,-0.016138356987173696,-0.01762781600802421
2017-09-26,0.0,0.0015572500310938597,0.0033716394005323114,0.0073061044025015676,0.002746508570183659,0.002082275966925451,0.0026582599983919764,0.005374098163132279,0.007028782452695337,0.010592871668592574
2017-09-27,0.0,0.002851255671355357,0.016444952877397556,0.007829759439885287,0.0078047351569559,0.003884935159664371,0.005711295834152086,0.006232895255740223,0.00919275570827871,0.012926374965467335
2017-09-28,0.0,-0.0034022011689049947,0.006160905742647271,-0.005455691082608127,-0.0022389846400268087,-0.0043587868385175366,-0.005761673694086533,-0.007546033954335285,-0.007956712967517099,-0.013218780303717148
2017-09-29,0.0,-0.0012235675375045219,0.00843687486475031,0.007547434415043686,0.010835203982673125,0.00678799295161614,0.0062956364739865656,0.00632042135392874,0.007562709851106408,0.009690294543440947
2017-10-09,0.0,0.017466883075546447,0.014780398425136676,0.015556901341041485,0.012257197083794358,0.013093140324193175,0.01056900495658919,0.010824375008270604,0.01210019257483097,0.006974846645849242
2017-10-10,0.0,0.004133313794136839,0.0060553523620778815,0.00481909158594207,0.007914456285336824,0.006603910110924538,0.0060782683393112436,0.0037498341808055446,-0.00040625756245205036,-0.0007237937032137376
2017-10-11,0.0,0.003381882072565512,-0.0015002209395358346,-0.003622288886121261,-0.0033255283216265807,-0.0023646816749017807,-0.003963499709340623,-0.0018812477708879394,-0.007089942396763305,-0.014830773361146465
2017-10-12,0.0,-0.00466688593738096,-0.00288596385967288,-0.004651961213601785,-0.0020140864415368886,-0.0017030998544732556,-0.0030194734066020246,-0.00166029675488788,-0.004078839510157972,-0.0029575698604488165
2017-10-13,0.0,0.0017622198678293177,0.005432499042020256,0.0032199535799932733,0.0016162860698367698,0.004176142699801266,0.004005261181323494,0.003206475909590445,0.0036658644935123608,0.0015323930135549002
2017-10-16,0.0,-0.022675379989010702,-0.011375302438171642,-0.020681613994978365,-0.020298408620566644,-0.01793002877442995,-0.01824615036218491,-0.0135178753424684,-0.012440932506803448,-0.005405797531964351
2017-10-17,0.0,0.011538008190133953,-0.0021742006858209706,-0.0016367256914184836,-0.0009568299165716443,0.0004962338752150242,-0.0010782154911562758,-0.002475619768179338,-0.002816482189043401,-0.0058119528087801076
2017-10-18,0.0,-0.0070015914600387585,-0.007838550298722158,-0.009358647493003747,-0.010029272171560133,-0.007860431386112032,-0.009560625231956998,-0.011169162920507958,-0.012138516762330798,-0.01729755144590639
2017-10-19,0.0,-0.007386067532633489,-0.00779060757405825,-0.013184040159242794,-0.009131629233029903,-0.0123905372658355,-0.012391551052844396,-0.01107761124938289,-0.014523096472517705,-0.01378941315886928
2017-10-20,0.0,0.011527854037282292,0.009413833898202162,0.011887075300624383,0.013165266818864207,0.013351369866367646,0.013814444894428402,0.012577490362751353,0.01569858504988919,0.02265329856594711
2017-10-23,0.0,0.006072242457865418,0.000142321780456367,0.006242047493394409,0.003387058211099969,0.004385495291861163,0.006041597946054855,0.004767601479982453,0.003382185055175846,2.521251898568444e-05
2017-10-24,0.0,-0.01916388334767738,-0.00692299427662324,-0.001606692747510241,-0.005950099720661739,-0.004994225905647132,-0.0034115696890415492,-0.002423251460882403,-0.0018220118912078975,-0.00024522635989276953
2017-10-25,0.0,0.006083330507343998,0.005938505337539368,0.005912755443957973,0.00616711037605544,0.006059383061946422,0.006838915792606093,0.0063362923786729475,0.0053633807444033454,0.005164342235497221
2017-10-26,0.0,0.008398793033978169,0.00942287420684429,0.002489086075029512,0.0036099324963614343,0.005703392158802334,0.0036408352343026973,0.004613115312100957,0.006782409302351633,0.008033424714912751
2017-10-27,0.0,-0.003478589401526344,-0.0034613241425083263,-0.006699599953341018,-0.00909087578594947,-0.00681519887958526,-0.007566515201901547,-0.007351666601727702,-0.012812484425611448,-0.010542213854542237
2017-10-30,0.0,-0.01914556954701241,-0.0233059320824045,-0.02568327430223416,-0.022329239359743736,-0.022285092236606574,-0.023810312614867435,-0.023704041369078,-0.025401878363352726,-0.018490494650599043
2017-10-31,0.0,0.011139725398438438,0.0009939129960689908,0.007659832712065384,0.009526578085056414,0.00986553710920579,0.0077958318155291195,0.004494758741303118,0.007545185157714185,0.009961434356325682
2017-11-01,0.0,-0.005530049667289538,-0.005330151500856584,-0.0017501460444346861,-0.0017816686038963914,2.5487032128568288e-05,-0.002036338192896614,-0.002686889589475161,-0.0018164603856957173,-0.0034782760268791124
2017-11-02,0.0,-0.005455089654238021,-0.01224258818503221,-0.011581363247461174,-0.01347210055588266,-0.009618534711031468,-0.011583901146585585,-0.010810259478682638,-0.012579503241393786,-0.01661177536296743
2017-11-03,0.0,-0.011394909470935577,-0.00710405453722196,-0.005577897221656913,-0.009202413872136939,-0.009429348737464927,-0.008000267636770864,-0.009188977004795706,-0.01222232007905022,-0.016325224189454812
2017-11-06,0.0,0.020661757202625086,0.009574536527817479,0.010824650964023963,0.007346586986549886,0.009037543006890747,0.008896041255555875,0.011410509947774816,0.012055689335288111,0.007402361916844846
2017-11-07,0.0,-0.0014233838339340332,-0.0001045786619194855,0.0038095348274120866,0.004099191157414195,0.005859532387720634,0.0065305600846383705,0.005178795507319922,0.009777450284037315,0.009596935664813566
2017-11-08,0.0,0.002273044182466988,0.006197820615801319,0.006400829704799493,0.005073571984687941,0.0013703239499422981,0.0028384602701787554,0.0019568236655242988,0.004159796273908611,0.003056797747692741
2017-11-09,0.0,0.006194675486512091,0.01405037758665495,0.002657546456417581,0.0050551983361988295,0.004473656860746189,0.006408389441537432,0.005882548625676609,0.007988456249073739,0.005628125803474049
2017-11-10,0.0,0.005287934271115846,-8.280982482733457e-05,0.0024277655757767302,-0.00018071154530818756,0.0012521041837914026,0.001300173049700426,-0.0004131662757291821,0.00038518202082094,-0.00980546688620243
2017-11-13,0.0,0.0068873922934376,-0.004985157397140005,0.0006386980132941922,-0.001758456143006626,0.00027550130499309766,-1.3708506915510732e-05,0.0023304435650350896,0.007784417344409267,0.014527994677030032
2017-11-14,0.0,-0.012154195485149732,-0.002571036289632622,-0.010798378820982557,-0.008814848553550747,-0.0057732790011671975,-0.00568801707089972,-0.007086091712363296,-0.003083398675459814,-1.6302521142264048e-05
2017-11-15,0.0,-0.008242383525186248,-0.006110700908422251,-0.00654633202799737,-0.006898455476436194,-0.00739060331217678,-0.006278539977372044,-0.005514331839011399,-0.010508842202164081,-0.010308346439740879
2017-11-16,0.0,-0.015855879133847894,-0.0015673507682153476,-0.00239463212971347,-0.004747429132925918,-0.002869419767150494,-0.0016079480872756013,0.000812323499213452,0.0013777160198793492,-0.003177412958821013
2017-11-17,0.0,-0.03225523452130319,-0.03324379518526566,-0.027819282054967753,-0.031646447142743006,-0.03034151163949761,-0.03260919040554644,-0.030380059407617677,-0.03263213731447412,-0.03285827348657666
2017-11-20,0.0,0.016450606136930723,0.011011057431048021,0.003407192493412925,0.001906899594974476,0.00450514584030004,0.0019673486063314094,0.0006661193572732316,0.006649429159210518,0.0031317809973223643
2017-11-21,0.0,-6.5278034756866e-05,0.0011836254680950287,0.0028696451163874315,0.0009161254975298405,0.0001590838319833754,0.0014780949504291652,0.00027502565250925315,0.002208263089165774,-0.003751934022989789
2017-11-22,0.0,-0.006793244630932005,-0.0071912187448686105,-0.003194443615286202,4.479686919056647e-05,0.0005503105957722632,-3.214219542357899e-05,-0.0004940999927918188,0.0010530708688611945,0.0044234991346234764
2017-11-23,0.0,-0.020825934334770424,-0.01997056681504017,-0.025061488016575484,-0.02226270008982545,-0.02120525485846314,-0.021977998974318624,-0.022933994177402495,-0.01734997968721097,-0.019317583585326092
2017-11-24,0.0,0.004726635614594965,-0.003222281426912166,0.002750055353510028,0.0051091512358791835,0.003350854140464987,0.0031460579483857387,0.0035813338412475915,0.005763707599153456,0.006755547026081166
2017-11-27,0.0,-0.01607490063242012,-0.01724253522384489,-0.007132477011737248,-0.00919125678654642,-0.009354411375197436,-0.0092038389402751,-0.00908126896291428,-0.008101851501247537,-0.005960560190820585
2017-11-28,0.0,0.013083502881130027,0.016235115888170393,0.012172239280930475,0.01406110994651355,0.012710545858856559,0.012036278732962646,0.015243535680840026,0.02237646072646382,0.024861162022530303
2017-11-29,0.0,0.002012964987772703,-0.002411571107588939,0.0010163040990396333,0.0032890282649349345,0.0038446220972234713,0.00616203314025765,0.006136729745614744,0.015593164970809203,0.022218669600180263
2017-11-30,0.0,-0.008273532738368727,-0.0087500063569107,-0.005887531832765913,-0.006142572080890418,-0.004087913982546154,-0.005943949097264367,-0.006498166648121417,-0.0062865406837815385,-0.009645529997104663
2017-12-01,0.0,0.004934961973400487,0.011903623390965956,0.008971492033159612,0.008392809691659009,0.007638502177508055,0.00682852675041512,0.005369891754394063,0.006990085260998757,0.0025017393923798537
2017-12-04,0.0,-0.00816400066373213,-0.005917790468632833,-0.007899053953137392,-0.01159313626452485,-0.006849424940246651,-0.008114741739446818,-0.008474142149928032,-0.009814629146817744,-0.003800757619712991
2017-12-05,0.0,-0.02572343022747392,-0.024140142955277222,-0.024902037136658728,-0.02515259407117576,-0.023171239546971423,-0.022025002708887076,-0.02479830516295678,-0.024835074199445972,-0.029649733625478736
2017-12-06,0.0,0.0004940474671664141,0.013263415964591685,0.010551263364996677,0.008917388542932336,0.006016663426092306,0.0074569016610734895,0.005413650389075375,0.006150728740474065,0.0011396728055863559
2017-12-07,0.0,0.0029775382420555996,-0.0026800145501737482,-0.004314355934872616,-0.0019115617277774,-0.0037462198273621183,-0.004811858552630999,-0.0039033929127713085,-0.00823285982397326,-0.009957991917313835
2017-12-08,0.0,0.004204019073598353,0.014925494541364381,0.009047634544776306,0.008356893626079831,0.0061056624313475805,0.01005348024061048,0.010107125715544951,0.011907381144494744,0.011732538331366671
2017-12-11,0.0,0.016987495513238304,0.011690107640937475,0.008973074337421671,0.010878566969782177,0.00863441830474776,0.00991185102520764,0.010196686524362564,0.008742130245845248,0.008944169799520507
2017-12-12,0.0,-0.01389730684803736,-0.014574746020410756,-0.008225628162989329,-0.008697898631019108,-0.01006405888991746,-0.0108169654236282,-0.010410165503983548,-0.010227507494759092,-0.009890945667802353
2017-12-13,0.0,0.00397547874965265,0.007324770572168848,0.007597707218129468,0.00780340960840431,0.006423765500832568,0.006499109033490047,0.00786709355659898,0.006349927367364616,0.0029556753125414836
2017-12-14,0.0,0.004105726711967961,0.0011016926340798872,0.0025790430879442106,0.0021122645148701213,-0.0007522049185852975,0.0027642711724726876,0.0006298902893271396,0.001337095307655467,-9.720538080437713e-05
2017-12-15,0.0,-0.005482079743706958,-0.00040235939120580877,-0.005493574958269076,-0.0063565506428931995,-0.0037072193638546524,-0.004645317864653831,-0.004564095393651435,-0.012245411444563814,-0.011272935738004364
2017-12-18,0.0,-0.005769343351794909,-0.011229497267490562,-0.0036535187068769126,-0.004108653333361745,-0.006121619764773434,-0.005007418039736589,0.0011429871958676951,-0.0010039595400680446,0.00969147168316753
2017-12-19,0.0,0.0049096838243616325,0.005675245468776291,0.007119520698599002,0.006386682163251223,0.006142780281462867,0.005945590640320297,0.005673289244543689,0.006416300690795573,0.006004507159454331
2017-12-20,0.0,0.009216005685587003,-0.010318051609130352,-0.009314319406501848,-0.010171714453552139,-0.008235516355653782,-0.010311719190016944,-0.008214618754777248,-0.009442043903216457,-0.01525101785965799
2017-12-21,0.0,0.007522133561939537,0.005422858973898492,0.002065865695939584,0.0029322424928839297,0.001991383874290875,0.0034062476456695467,0.003288564609237765,0.006259951770729355,0.005417249327698714
2017-12-22,0.0,0.023899517089374323,-0.005882607284982688,0.0019907191101835586,8.716310230050262e-05,-0.002308195142426639,0.0008108228166943121,0.002063386979757942,0.001602904599302457,0.0033777121200544435
2017-12-25,0.0,-0.0009249329179041865,-0.01438761026479951,-0.010559359592628326,-0.011907593037761788,-0.010147381669604272,-0.011055492831768654,-0.008611268784494586,-0.011416028485442542,-0.008788123678397985
2017-12-26,0.0,0.007808576240861953,0.008145216976166436,0.004538043630801125,0.005778561397763005,0.005548429287072443,0.006588769164399544,0.006432690233051375,0.007208121227536779,0.006013792391149186
2017-12-27,0.0,-0.011828226147296839,0.002470950221955759,-0.00517143969904299,-0.004872991023987527,-0.005221922418685465,-0.003558410961662095,-0.002267567945499427,-0.004060713839900587,-0.0004991558683217212
2017-12-28,0.0,-0.007642962417586552,-0.00020797895988977633,0.004329870793852386,0.0031023249822252907,0.0016836789907195282,0.0050743967775279675,0.006034412031641123,0.010294878074339708,0.010845187408859758
2017-12-29,0.0,-0.005477660636587722,0.005320253354673676,0.007874409203111554,0.0077798953933010395,0.008270736387422595,0.006718717485499459,0.006390532724395159,0.006696657173670406,0.00183627936371078
2018-01-02,0.0,0.003237339904035741,-0.0001551099089530661,0.015260208080604354,0.009941613512717273,0.01272431428417553,0.011868737490252856,0.013737366761294556,0.022552790805259848,0.030275082031211653
2018-01-03,0.0,0.01654346058681022,0.00981747772065611,0.008337242977419779,0.00960709565995077,0.007696438821244156,0.008077285896635145,0.007155615405217919,0.00800441529285667,0.004306693584177346
2018-01-04,0.0,-0.0030290653841135162,0.004813783779480385,0.00376642998151544,0.0023450352431755306,0.003230711905330752,0.002580059345404395,0.004241453793500272,0.009237056257967113,0.015491621895727281
2018-01-05,0.0,-0.008087219646250032,-0.0016052263035305492,0.004670813957156961,0.0015294264343699293,0.002310889542591399,0.0011253454149013908,0.0023129819517169192,4.104743145072476e-05,0.0015993240092968541
2018-01-08,0.0,-0.011798218551843598,-0.0016032388359773497,0.004047326560172149,0.001939925006408716,0.0045268663126336595,0.0027990163190212414,0.007963136277166383,0.011894147166457758,0.018152260477298565
2018-01-09,0.0,0.004124344463864116,0.0018779104386801304,-0.0008772445524467543,-0.00022241204836881412,-0.0035593422356400284,-0.00047668731478001103,-0.001444876184745203,-0.0018728477093362672,-0.0017376820939437598
2018-01-10,0.0,-0.004789736483148843,-0.012683116042420672,-0.007865365392144441,-0.008174442267567028,-0.007957808940484923,-0.00550800420938391,-0.007021703862120199,-0.00597195706069642,-0.00924905231883022
2018-01-11,0.0,0.008378803463663598,0.0011991915397244757,0.0007917698831265696,0.005632428894597918,0.005376685331475839,0.0011702028659115182,0.0001643552993457753,-0.004390259448335376,-0.009630320337770115
2018-01-12,0.0,-0.00254375928256223,-0.006432819138870727,-0.00509775082640973,-0.0025762085516672917,-0.004490209826623959,-0.002443546457584822,-0.003388771109772204,-0.002536731068991105,0.0019508129954892706
2018-01-15,0.0,-0.029158597517043527,-0.02682270804949327,-0.02381325585384375,-0.02376246387841119,-0.024157192214855905,-0.0218195790023189,-0.02240899207843583,-0.023776361619243236,-0.03618989488868207
2018-01-16,0.0,0.010037720815397888,0.010717408676322426,0.011055462626427648,0.007210506140350015,0.007808696490868794,0.007930308596324487,0.009212337603470955,0.007984435663361156,0.01122130914402053
2018-01-17,0.0,0.007529878782726485,-0.0017590000696104946,-0.003648783451410953,-0.004035637464914865,0.0002810058952584793,-0.0023709506972298122,-0.004033199272477583,-0.004274106459881577,0.0027237323543438663
2018-01-18,0.0,0.001117992061117068,-0.0039551021271384545,0.0020052706289928057,0.001975339923338426,0.004551563813574466,0.003319156696636849,0.0033530067765628058,0.006931763228890109,0.010721521770839626
2018-01-19,0.0,-0.009456547404739779,-0.004761715187289739,-0.0026179570154591936,-0.0017954538579366686,-0.001371211437972475,-0.0015215395999373937,-0.002557193010941705,-0.002950033878422742,0.0032907833473392323
2018-01-22,0.0,0.00879822782138362,0.007625560408093701,0.007244970252053395,0.00806713594887265,0.009431964630723044,0.010620254331554113,0.009915608941070131,0.011584560940040456,0.012479167387160262
2018-01-23,0.0,-0.0025196512845222507,0.0025348716392072923,0.004045929301437878,0.00197658528539546,0.003698882915317503,0.0018444151861347624,0.0012739792934470806,0.004545625391620289,0.0005309746894328615
2018-01-24,0.0,-0.0004414783293973379,0.009630914413973901,0.005450824755560912,0.007271229750077657,0.005838049606301521,0.005660683488779572,-0.0007410613309514202,0.0011375459417444223,-0.0029429546510307825
2018-01-25,0.0,-0.002428871838065172,0.0003935014375613388,-0.002189605777725423,0.001093370197631005,0.0033521855729166106,-0.0018207473587625866,0.0023594487051346036,0.0004740815294250744,0.008636922438199024
2018-01-26,0.0,-0.003593328402918705,-0.0026018546870162362,0.0007485663719779545,-0.0005883777854399641,0.00011154829154236268,-0.0010066886579227496,-0.0008661789432251599,0.0027346393521938683,-0.002084118062000484
2018-01-29,0.0,-0.013841720938003732,-0.017691216764872397,-0.010570821663902552,-0.010450297553005528,-0.011588045387529555,-0.012485033267458756,-0.007179890043310544,-0.0008707561439793565,0.0026093235898068112
2018-01-30,0.0,-0.004485067215894256,-0.0028216316952838216,-0.004146683469102852,-0.003136247102495271,-0.0003206623793745589,-0.0007778376653539976,-0.0011536177891848798,-0.005571773570731686,-0.0015528247724367894
2018-01-31,0.0,-0.02953424765786905,-0.027240103026384133,-0.02508780649956699,-0.018846148303515387,-0.019333960893843427,-0.017473746117624755,-0.016349930704319005,-0.019708840305093678,-0.021564438699650634
2018-02-01,0.0,-0.05564248676475292,-0.048679431271413276,-0.03864047906267687,-0.040671255046391575,-0.03360735599001574,-0.03626456331383665,-0.039594292355098704,-0.032386419264372246,-0.027369218772109072
2018-02-02,0.0,-0.007007293007856408,-0.008960582861061717,-0.004806300567340549,-0.003993006588962067,0.000623435238532144,0.00017694272797608157,0.00378761185244203,0.012702746164660272,0.019200446264195037
2018-02-05,0.0,-0.0072551368539391925,0.0043198941239015465,-0.002524519518041335,-0.0007851432366079436,0.0017991358925795176,-0.001788037026305478,-2.1487207216397408e-05,0.009541431905208286,0.00899705489292102
2018-02-06,0.0,-0.039715404754378625,-0.040580527045536385,-0.048217681684165514,-0.043938181277319965,-0.04593514845494984,-0.05034680924669077,-0.049443857161662996,-0.05726966802755884,-0.04993977823829343
2018-02-07,0.0,0.00722917173360571,0.009284325002243854,0.0018753580396670966,0.0001372201748788271,0.0007810713301310557,0.0009250434679597408,-0.00262388422264892,-0.004505252088478073,-0.005087696699167199
2018-02-08,0.0,0.004154498795093442,0.014602893638457681,0.008210593554753842,0.009018222911528095,0.005459512447059112,0.009518914349612384,0.004251666565776802,0.002031158067146599,-0.0021480504284060453
2018-02-09,0.0,-0.03603974369837326,-0.02981288866148757,-0.035000076697786486,-0.03215672416838622,-0.03413399261031258,-0.036097549581592614,-0.039567766839189056,-0.05279911033331508,-0.044231507350241506
2018-02-12,0.0,0.028875637173235935,0.02584980904116252,0.022247716968176734,0.021127806565626628,0.02115160178874853,0.022301710150785414,0.023515968124894426,0.021771276710539578,0.02366885980526945
2018-02-13,0.0,0.00042473102033246946,-0.004054928680467307,0.002167590509835282,0.0026210979437342186,0.004638915405763777,0.004741733886941324,0.006087740345980253,0.008092343980425687,0.005669908665324019
2018-02-14,0.0,0.007041768516527824,0.003685629776922328,0.004848056014719937,0.001429804833210202,0.0024297168875673236,0.0028199130474493295,0.0060316111574185705,0.01034987293426326,0.01531510709540318
2018-02-22,0.0,0.009427894979221474,0.013204876564828272,0.017014312265011933,0.016367742007431074,0.019729290046238912,0.01792144198043566,0.019179133835115048,0.02488731335669181,0.018102736369384642
2018-02-23,0.0,0.009598573942568578,0.0027868360683400706,0.005709979281637301,0.00310627659180307,0.004076746187387181,0.004747028511918883,0.004738813919740625,0.0094147738736996,0.006420550684137938
2018-02-26,0.0,0.01830599697857993,0.028391302012054753,0.01864178928483362,0.018752695873745173,0.017640919137532185,0.019796355451724423,0.01698637277711046,0.02155758474047853,0.016757212756099538
2018-02-27,0.0,-8.631187374497085e-05,0.011638223936575987,-0.0006362555112302548,0.0007150983872019623,-0.003466165752749828,-0.003368023834036893,-0.007075801778752999,-0.012177575924576356,-0.021926469199754495
2018-02-28,0.0,-0.003743554218819778,0.001767877809279117,0.0037370409592525355,0.0024151027178460627,0.0019566523545604397,0.0027238420381416883,0.0017099277580705508,0.001749393717084713,0.0029899213606467967
2018-03-01,0.0,0.010439389519116604,0.014873582106239347,0.013301527260678014,0.012567863551017577,0.010646068789486707,0.01016913061913205,0.0076583028978587375,0.010929869952018167,0.0026313488934806006
2018-03-02,0.0,-0.005162293468467083,-0.009329054680991655,-0.0014465867219334294,-0.001899067999754367,-0.005793236755263775,-0.004146835017714623,-0.004910196301617598,-0.01218247718611476,-0.01393072650654481
2018-03-05,0.0,0.0019513051167017181,0.0062102459720170256,0.004012889781048967,0.00522414255077619,0.0019616248174600948,0.0030973270628207317,0.0019789785107240387,-0.0066556559981539865,-0.017608624885634305
2018-03-06,0.0,0.008953959207891549,0.01392016880599134,0.013312415885203155,0.009863647411639587,0.011502468491293216,0.013383573599253573,0.01471305218621799,0.018405720276722493,0.02369636008308973
2018-03-07,0.0,-0.011706664067803185,-0.005898177814742889,-0.008527514987506368,-0.0069911522079973976,-0.009456596339428636,-0.008089895935877167,-0.007378367876815117,-0.010161266568381122,-0.017395886985389408
2018-03-08,0.0,0.0030046449851950374,-0.00250657566768131,0.006299709943806908,0.006614786790675176,0.005785278870981347,0.006209689092383064,0.007867832898844407,0.005267649224681703,0.0044948239134030565
2018-03-09,0.0,0.010108798462156399,0.02188526224881815,0.011943439377428477,0.01403626501493993,0.01356609864045133,0.01072074534070322,0.009288946851875979,0.004052569343769408,0.0016375396277235055
2018-03-12,0.0,0.01911050445738738,0.01807568054962494,0.013879002781373329,0.010124452445369858,0.01313718072439185,0.012408819953950934,0.013017776180751062,0.015969469258028335,0.01521022573256392
2018-03-13,0.0,0.0007975567960289975,-0.007291324686055312,-0.005130154618171678,-0.0039698072280142105,-0.0062033505742687955,-0.0047244689097116765,-0.004987590937434838,-0.004968405032009016,-0.005781944842011666
2018-03-14,0.0,-0.011943595281078578,-0.006226556287156182,-0.006525558747763394,-0.010469405757649208,-0.010176321461813798,-0.009186791621670243,-0.007992050936000084,0.00016342591250184668,0.002284801409768722
2018-03-15,0.0,-0.008884474098951545,-0.005034619915774363,-0.005542961572217342,0.0005103197749591892,-0.003026631790889134,-0.0031814518665785885,-0.004188848258519617,-0.000778227588673075,-0.007094322677838494
2018-03-16,0.0,0.00036398878354315656,-0.004626558543992743,-0.0008909010451172428,-0.002058482129114969,-0.0031123412503648584,-0.0021161799063819098,-0.0002296362008777919,-0.008253015844316258,-0.005310012527843466
2018-03-19,0.0,-0.007641659097675113,0.0007279811405616066,0.0016032009830477811,-0.000998675283698347,-0.0018625010645270113,-0.0008905662129445879,-0.0041864822628081555,-0.010281941537977346,-0.0146683362680875
2018-03-20,0.0,-0.006331376707985448,0.0021405744280216243,-0.0003129084409216887,0.0015630646161044481,-0.00024176805835252058,0.0009367726715647784,0.00217567905841598,0.003077103011102311,0.0012011155932745154
2018-03-21,0.0,-0.004138803589664897,-0.008926941698639612,-0.008640723538603123,-0.005201101669568997,-0.005535200929944639,-0.0056520421191178505,-0.0061805989557438545,-0.0041925106865911,-0.007235780492551913
2018-03-22,0.0,0.0008350132318526438,0.0043893666628813666,-0.0014954114077154745,-0.0019023016446561014,-0.0006133429696858483,-0.0012456067664570192,-0.001730140184204254,-0.003285297965471057,0.0007013773862991624
2018-03-23,0.0,-0.049504726165104374,-0.040546800451409126,-0.049270995788496696,-0.054024211512509246,-0.05074626255954984,-0.05137055357573783,-0.05141832826149639,-0.06030443029424215,-0.05202718186060562
2018-03-26,0.0,0.00619274303002415,0.01849841983994671,0.017343045400799895,0.012607107905580062,0.0096774647352309,0.010580811162691273,0.008870108560388168,0.008933880685630946,0.005346809028018651
2018-03-27,0.0,0.015664091965632343,0.02440573706951299,0.019647171945223585,0.023430350356956176,0.02033889499671404,0.020565040970603965,0.021853930873119154,0.019334633154824088,0.015013131110886091
2018-03-28,0.0,-0.010868460415579206,5.8442922204804404e-05,-0.01256070369669171,-0.006548157421740197,-0.008045175203002741,-0.011488719836857175,-0.010474506296223707,-0.009830432787762189,-0.011619640405701626
2018-03-29,0.0,0.01066255768230584,0.004114514655634505,0.010297269523052988,0.011192883829741485,0.010235494928640065,0.012282404496270605,0.009381399404910562,0.017254984522571126,0.02265108589128384
2018-03-30,0.0,0.010683611350795319,0.01943184117499208,0.011120015358684565,0.013124396797411064,0.010859903317338437,0.009854118111061627,0.008362680918581278,0.010853799554007448,0.0030658849249851627
2018-04-02,0.0,0.0011807294468915153,0.003402049860638634,0.0035035882587768352,0.0030381839303272873,0.0019363310947586587,0.002959326287710784,0.0011713232298835585,0.004060606998924188,-1.5409504584673606e-05
2018-04-03,0.0,-0.009057378452033693,-0.0006320451193193577,-0.009946233697370022,-0.010973715748159751,-0.00910960293985319,-0.008673973034836302,-0.010661003826053839,-0.011944823804797,-0.01555434944259615
2018-04-04,0.0,-0.0016431589442090777,0.001459212988558889,-0.003910711240066589,-0.0077124114144502265,-0.005270733582516174,-0.005593681522900518,-0.00557390170222638,-0.0029618039588534817,-0.01699660851893392
2018-04-09,0.0,0.00019736129094161114,-0.0038820300965723975,0.0022317495418215927,0.0003105369327034424,-0.0005180736881297276,0.0022119495364909536,0.0005214364168408814,0.002890637774416449,0.005026787639696106
2018-04-10,0.0,0.00013506012266151224,-0.007720722258362178,0.0031089795185816893,0.0040589782918551975,0.0058398107080182005,0.008575174138237163,0.007951951307797245,0.009006285931614011,0.018300052504426123
2018-04-11,0.0,-0.0007888979050219014,0.01367758417975451,0.001140389420636323,0.00666977117427181,0.005344016796831497,0.004527502247127391,0.004193281249927239,0.003688515896033584,-0.00039197143242575283
2018-04-12,0.0,-0.00579714198876724,-0.003141699153843547,-0.006319943415721729,-0.0057981123807376855,-0.009187484871582052,-0.007211040458301232,-0.00811100419413624,-0.004993664906709716,-0.009208602080594042
2018-04-13,0.0,0.00037704112866854267,-0.008851986083632468,-0.005495674063352052,-8.256205695333918e-05,-0.0013464907540492455,-0.0025704160443310586,-0.0019619160363784083,-0.002928704969937468,-0.001966736841495731
2018-04-16,0.0,0.0025220141375132954,0.006707010850906414,-0.008349477097114866,-0.008033681695698847,-0.005205957851975307,-0.007527617878851256,-0.007187020632707486,-0.005838557831800872,-0.019794952857174364
2018-04-17,0.0,-0.014328401096053711,-0.013964829705374493,-0.01761288135831296,-0.021459629357919674,-0.020665739558247576,-0.021893053553209252,-0.018888096043583102,-0.01723550377400218,-0.012852525882226074
2018-04-18,0.0,-0.0020908217521810046,-0.0003961711817108693,0.005919049109565977,0.012584966896673544,0.010656628890895803,0.00827286276121253,0.0036930115239872663,0.011766650637669018,0.005953390397786196
2018-04-19,0.0,0.011113352113408137,-0.0067370894079252786,0.002712479800977441,0.0019056467548095313,0.003618666311652863,0.004106668430393645,0.008376734871536007,0.009043839576852841,0.015786642953788288
2018-04-20,0.0,-0.024632904446253212,-0.025728728785542554,-0.02763925505623821,-0.02150202147393432,-0.020920570178760922,-0.021617366305478503,-0.02094480935512466,-0.024621311492842635,-0.02236002452500374
2018-04-23,0.0,-0.008887362418848577,-0.01476765491567189,-0.005495486233513591,-0.007414641293316926,-0.007606580782529515,-0.004432457344902274,-0.0051358336315420194,-0.002203660835717325,-0.00017598879772329212
2018-04-24,0.0,0.011558056529358263,0.015073302320062876,0.020313607419315316,0.02017359379329453,0.020573373366233216,0.020854830202073238,0.018394468990475366,0.022595309794341434,0.020701133413374206
2018-04-25,0.0,0.0032848214859522162,0.005338509945637782,0.0020097940347427734,0.0001500770811084795,-0.0012956166908993927,-0.000495565215921534,0.0005070937822881927,-0.0036230190727395417,-0.0024458927066777214
2018-04-26,0.0,-0.015869148696336377,-0.017519733993176634,-0.02149990294889781,-0.02044753796230636,-0.01802434729228175,-0.01867706870791075,-0.016216732212147478,-0.012346348883778724,-0.012264392228873988
2018-04-27,0.0,0.003782526442259959,0.005738982371169099,0.0018944075752880263,0.0016956943982864292,0.0036644154934253326,0.003518430657166949,0.0014936576515898192,-0.0007185710141709434,-0.0018912876253256439
2018-05-02,0.0,-0.009905086411364006,-0.007150387682106518,-0.0004064038596123254,-0.005837976783264032,-0.0019289320200325255,-0.0003544115689896321,-0.006960248675483061,0.00174658132919836,0.0011962041363591247
2018-05-03,0.0,0.006502034569689119,0.005688513507049464,0.00958171692168186,0.0072527076123902745,0.010170683081653253,0.008610314758224602,0.008699056185332177,0.008891779379740505,0.006086027580221254
2018-05-04,0.0,-0.009905245158386863,-0.005244405590882865,-0.0071013964584933295,-0.005832347555282743,-0.0052162239016774045,-0.003885721215225956,-0.0055156143286438555,-0.005109264978699639,-0.0062457685190937685
2018-05-07,0.0,0.018418882289946925,0.018681296707159234,0.014705994810551681,0.015778301817422458,0.015187010833398906,0.015235974960360554,0.015805138234717075,0.013777424022326068,0.016770408521743274
2018-05-08,0.0,0.014073274445170147,0.010585087779840574,0.0055690404053230225,0.008017893650570818,0.004835163929851172,0.007790507131021807,0.005847938730668911,0.005547989073663162,0.00450800694343334
2018-05-09,0.0,0.0029088062934428116,-0.0012769158024359406,0.004397211550460467,-0.0010592240044504653,-0.0016484434026322603,-0.00015850677053352857,0.00021246000052377312,0.0007186651342725447,0.00040818122052166395
2018-05-10,0.0,0.011266953080923514,0.00321085244509578,0.004568177752535929,0.0054854792160135,0.005539834664888721,0.0037896625726714372,0.005479775877345272,0.002650701421492929,0.006731546180759329
2018-05-11,0.0,-0.0067600497004176585,-0.01222885037303123,-0.010283780325040737,-0.010945967183471184,-0.008050189419736231,-0.009381058119766972,-0.009051744525486294,-0.006768422078252123,-0.006233035192446668
2018-05-14,0.0,-0.004272382408153086,-0.007866441035822902,-0.00737436491951815,-0.006274265353731323,-0.007370208351647367,-0.004782263173780943,-0.009818129986381763,-0.004888005494772196,-0.007345900413751383
2018-05-15,0.0,0.01726528506275482,0.005725555051580233,0.010261371462795488,0.010254942467133876,0.010456937259877952,0.00628525887103204,0.009213418053569011,0.003855848914446014,0.009645107911004036
2018-05-16,0.0,-0.010236216086681127,-0.005233250264248701,-0.006464442134983872,-0.006396109024124685,-0.0030455289140797204,-0.0018116286783467217,-0.00365699238391326,-0.011442928594401436,-0.002009781169338476
2018-05-17,0.0,-0.008466755475491805,-0.001839455271395729,-0.0017807558298280624,-0.003305866158076154,-0.0018262451004763536,-0.0005144208045951837,0.001444518041333831,-0.002068304545534305,0.0027110336966527093
2018-05-18,0.0,0.01702371654781687,0.007161189820814373,0.007505744475373888,0.005290044138698047,0.004601543717784207,0.008245970731855179,0.007437724356418096,0.008111851999696773,0.015179443624607991
2018-05-21,0.0,0.012172594903465228,0.010205695188600261,0.009534134530397198,0.012678171720337694,0.010862092568936221,0.010675241159070037,0.013953641820021012,0.013770314004424966,0.01611137539004437
2018-05-22,0.0,0.009890791654495468,0.004309365952150701,0.0021239894456059893,0.004843785243904053,0.0009428601156837857,0.0016355203015563369,0.0008038828192722391,-9.621204575138709e-05,0.0006086197405483773
2018-05-23,0.0,-0.017482773249446026,-0.007129827962955915,-0.012007064480345497,-0.012523751869580768,-0.011325241958324517,-0.009806308178543555,-0.014880366846975579,-0.01677344614192966,-0.025321324686488178
2018-05-24,0.0,0.0015861746802789956,0.0012459623085250282,-0.007873239774841112,-0.0024242095905552263,-0.0009828905358701956,-0.004117433644462709,-0.0015064515733027584,-0.000595912046856717,-0.0036018349847076747
2018-05-25,0.0,0.0030719445404727708,-0.01203331550717357,-0.011539667115105678,-0.008391674123063741,-0.010977837052905115,-0.009803597583809331,-0.010878705502374464,-0.012638307093988277,-0.011103050603243791
2018-05-28,0.0,-0.01903397141704255,-0.014307729703181726,-0.010972951091024585,-0.011693483516219572,-0.008230912297846227,-0.007360207129244123,-0.007037051225293189,-0.011666562026401928,-0.006493953772176098
2018-05-29,0.0,-0.008618924847294318,-0.0054931363563222035,-0.011749446019333809,-0.009424487563015504,-0.009522705755294125,-0.00535903430654161,-0.004500870185243033,-0.0017654707360912347,-0.0035945111653967743
2018-05-30,0.0,-0.05036099530156857,-0.031936329020514465,-0.03605680697085234,-0.03524110702014083,-0.03594395851129528,-0.03333750343887687,-0.03447157250125532,-0.0363442135824914,-0.041777792502715294
2018-05-31,0.0,0.017622383250307072,0.01718576118627113,0.015496893403009748,0.0176383868685015,0.018466692298719334,0.018558161696064168,0.016263128190950882,0.02005323435416062,0.01544868295541768
2018-06-01,0.0,0.003287556914383538,-0.010187994680960322,-0.008551854512062307,-0.010388578890471956,-0.008373913875058037,-0.010183553488009367,-0.008765344284115684,-0.004793138727281376,0.0006885451444447188
2018-06-04,0.0,-0.00038642300870572743,-0.006151799905620092,-0.00438760451147735,-0.001021336099113812,-0.0029356705842886743,-0.0023367804334046838,-0.00197512218282081,-0.0008013099689394565,0.004134094441386349
2018-06-05,0.0,0.0036777516211115024,0.005964752304328691,0.014118135960694334,0.010148153431401408,0.013312765771902102,0.012273321339509646,0.010712027768393417,0.010148312855621455,0.009627258224469859
2018-06-06,0.0,-0.0016676693518821173,0.00011392917346353393,0.003561103687863998,-0.00011698576101248914,-0.0025404415868631736,-0.0012791496490148768,-0.001998540351566991,0.003466534305156088,0.0019226545822197405
2018-06-07,0.0,-0.015609509610898908,-0.004167456687546145,-0.006799695584557952,-0.010063233650606573,-0.011831357724549574,-0.0077018965568526054,-0.008359067757397143,-0.005933679769127509,-0.0026067328664424183
2018-06-08,0.0,-0.01661426492876239,-0.012000812522751647,-0.017489792736506637,-0.013379889671899625,-0.01597279826245801,-0.015609529715712722,-0.01473031699445837,-0.015418637592352624,-0.011402133376154255
2018-06-11,0.0,-0.010551226870919583,0.00031055566105830934,-0.009248262149119557,-0.009793597705336499,-0.007026889103559197,-0.007585042786048768,-0.005581820014474048,-0.0018209664903283684,-0.0056526182218997745
2018-06-12,0.0,0.02086883080507973,0.013614852790067022,0.002243072748854713,0.004623662681703555,0.007349547027767578,0.007067350819742746,0.007603609436412695,0.002269084505725827,0.012289675560690494
2018-06-13,0.0,-0.012017887000451699,-0.012690656524609545,-0.017979810778875005,-0.019391617977989606,-0.016181021875852575,-0.015953981885558632,-0.015563231958008794,-0.015749041565272903,-0.012805606694971883
2018-06-14,0.0,-0.0030560324117264726,-0.005380778177602186,-0.004077444247800988,-0.006634808248653479,-0.0047816306356561755,-0.004584618514382299,-0.004945646396934844,-0.002038009934132945,0.0010033230858925712
2018-06-15,0.0,-0.028643023261246237,-0.0311077407573771,-0.021270284322575717,-0.02278140972615028,-0.020867247513403187,-0.019748384179268608,-0.019195098649884557,-0.013643001108022412,-0.014017350509399895
2018-06-19,0.0,-0.07915577463163925,-0.08214455061042591,-0.07218018196350284,-0.06998011593386066,-0.0716183271861709,-0.06593511555487452,-0.07139215448274239,-0.07293627238991085,-0.06575580149822158
2018-06-20,0.0,0.011045969089617413,0.004765137416663956,0.006361714189730749,0.008965550376281106,0.010770024691782343,0.007770754926845758,0.008355497408342627,0.014389049804015785,0.012186115154811716
2018-06-21,0.0,-0.04180346268891755,-0.03643600657878632,-0.027323054609681763,-0.024231973559028175,-0.02446994933209712,-0.019918946792419123,-0.018401511175008767,-0.014153889751652327,-0.013586311425214825
2018-06-22,0.0,0.02277223472474632,0.010814225414245815,0.014729747358137146,0.01559137579326797,0.012170615088295644,0.010741284469979462,0.013233058061525194,0.012661634574862468,0.01390724314935543
2018-06-25,0.0,-0.0011264759639190158,-0.0032533885177477018,-0.001693900159744799,-0.0029063362231804835,-0.0033186265776482538,-0.005442858034362619,-0.006849025451026947,-0.009991503536274537,-0.008656826820415464
2018-06-26,0.0,0.012817563782885566,0.01372648388237252,0.008825948565019504,0.008856432688617133,0.006744039794745582,0.0062002201799455925,0.004294047295936521,-0.0003832242189951707,-0.0021301977310159703
2018-06-27,0.0,-0.009607782074744775,0.000673991533685081,-0.008087460102800814,-0.006452087807077067,-0.004994975117476375,-0.004376043679071295,-0.0034033439247357355,-0.00780497088014509,-0.005649654751167632
2018-06-28,0.0,-0.020525017971148807,-0.014303186077614272,-0.009668999606523565,-0.009005509224601749,-0.011676075565123178,-0.01096188647291041,-0.007897343273496338,-0.009075144892029097,-0.010957471581887201
2018-06-29,0.0,0.028515538626276093,0.028449134889908523,0.025824090479696915,0.02533243273790009,0.025013547885022636,0.02354076470851907,0.023624407943722003,0.020212402119806683,0.0193099060359625
2018-07-02,0.0,-0.010985847747254085,-0.006874749682559189,-0.013381255392803104,-0.01509057936337832,-0.014697825744425685,-0.015344569179852607,-0.015044132490242945,-0.02261402713758842,-0.023535921195275256
2018-07-03,0.0,0.022429113398247047,0.018097627220008183,0.015880855996029064,0.010498309834803488,0.011438574716973182,0.012534117357572594,0.010722066973357647,0.008434250945808408,0.005387830841965924
2018-07-04,0.0,-0.021327264873635676,-0.017093232760526322,-0.01570601986253506,-0.018158592509724847,-0.01709897810449612,-0.01498288613071419,-0.011906163273842085,-0.007449796675139675,-0.008521495211543328
2018-07-05,0.0,-0.02992788418554304,-0.03228765239762832,-0.023981754861889693,-0.027744417832059942,-0.029121683690541356,-0.025140616991165987,-0.02686322955173359,-0.03042145816870656,-0.026311208402189368
2018-07-06,0.0,0.00399237264497887,0.0028170292624660753,0.004985900209727889,0.002870081177139383,0.0005335910419843604,0.0012557599053659718,0.0016464789505152844,0.0023692276735201023,0.003675892422517091
2018-07-09,0.0,0.027450235365277686,0.019286269324856775,0.014769043184148734,0.01797845252603736,0.020382933404783143,0.01897702865026396,0.019188144532605866,0.021914198061039558,0.023469440285794452
2018-07-10,0.0,0.011703908160579202,0.004287105058423224,0.005172123929694905,0.004089163624402259,0.0054754072263225595,0.004781503579026625,0.0078250387587524,0.008942815397430026,0.0072514099372738006
2018-07-11,0.0,-0.018362884625973686,-0.024104633582669455,-0.025426490570152227,-0.02398627785951768,-0.02471346087938142,-0.024164870519670534,-0.020545939502265687,-0.02375660768830512,-0.021427610186024126
2018-07-12,0.0,0.020408611305296587,0.02201545533072058,0.025276679709350658,0.025501647466561028,0.02426101768626432,0.021420813514800185,0.023729108806963106,0.021861804763044557,0.021449784849346454
2018-07-13,0.0,0.0013250508459536903,0.0013609707997681575,0.0030128231441790554,-0.00015850844205689274,0.0035149668130776135,0.0013234022973793724,0.004151839121823153,0.003068616029094473,0.0054528266186610885
2018-07-16,0.0,0.005837617905539494,0.0049095146129511935,-0.004667975225633114,-0.003549240525012043,0.0005326800216625127,-0.001465656614694666,0.001466236387443809,-0.0019196777871343107,-0.00010368757010059682
2018-07-17,0.0,0.0009516362820294333,0.0076336144018127605,0.0035985585785840435,0.004939949712778224,0.0032935959151618732,0.0006504339512827251,0.0007435785842420106,-0.002471884929692081,-0.004148581045955724
2018-07-18,0.0,-0.0034858667570117907,-0.005889402786624198,-0.0031885826080259028,6.101629890498117e-05,-0.0032819667946527575,-0.0021800751363313386,-0.0021885806884305303,-0.0026260013505213786,-0.006110476249661212
2018-07-19,0.0,-0.010642589849215622,-0.012841989239049001,-0.014334265479993724,-0.010130190036352515,-0.010942050912316592,-0.00899115809651474,-0.0050798710295072436,-0.005272277872947928,-0.00410028988160871
2018-07-20,0.0,0.012158102135502169,0.010403128477940893,0.01098328644097779,0.011703549782251743,0.010987858081986435,0.011244468612914504,0.01029978176655355,0.010774288626588469,0.01144218474568115
2018-07-23,0.0,0.005272517812249022,0.007831936307328258,0.013188167408616724,0.011066962022894478,0.008706546219199973,0.010516873091513057,0.014069890440066901,0.01954767025557458,0.015442458121088576
2018-07-24,0.0,0.018059847537996943,0.018782081454863375,0.016103218120140594,0.018815627749517283,0.020444066658433124,0.019795970854520784,0.02045895155136468,0.02624676703193418,0.02172929339458296
2018-07-25,0.0,-0.00209885522660036,0.0037057939545621643,0.0030862548364301023,0.0014501877656094564,0.0010571811327975134,0.0023198240842539075,0.0013439447158793971,0.0017249048369438746,0.002417870355106766
2018-07-26,0.0,0.0018638462167999137,0.011855750317507407,0.0023614473524868895,0.004073241420474494,0.002602521187605289,0.006199947721238219,0.001243614821575978,0.003282542376611186,0.002072336497386029
2018-07-27,0.0,0.0011406650027692145,-0.014402030013425104,-0.008382734101082145,-0.008539641748212645,-0.0027137920698196982,-0.0033573704696531204,-0.001205679328117104,-0.0011706673686943114,0.002519018135965556
2018-07-30,0.0,-0.00650984525162257,-0.02206234106971683,-0.011577316025576656,-0.01264761145190163,-0.013193443790996406,-0.009499114918524731,-0.00743241447062748,-0.006725344077910811,-0.0006690785626904949
2018-07-31,0.0,0.01462332051072579,0.008541407761094133,0.0027063069576624965,0.0028353336514737038,0.002468718921999402,0.0009871043302542848,0.0012620431869492243,-0.0007790243407848063,0.0022565080640235546
2018-08-01,0.0,-0.015245491590561988,-0.019877999924669876,-0.01667804411938023,-0.016187243465835444,-0.016352141235689954,-0.014130074213418053,-0.015731918794992694,-0.013469938343146692,-0.01668412812625164
2018-08-02,0.0,-0.02718707041335766,-0.027258592582896646,-0.027611541356834746,-0.024492466150202508,-0.026060181331957866,-0.021796753406135738,-0.02003758907397335,-0.016906426143023845,-0.015131510129433479
2018-08-03,0.0,-0.003732108248315602,-0.009821264118913375,-0.009621836477096468,-0.007614618040292176,-0.005777617359738474,-0.007185572536596352,-0.0071246872298212915,-0.006060057206467184,-0.006456629474241082
2018-08-06,0.0,-0.029398380910116484,-0.017234963071330323,-0.013640675629006838,-0.016903172593596083,-0.018098512554284074,-0.017012630912689564,-0.013311477726174803,-0.012202979748093368,-0.01196576614457412
2018-08-07,0.0,0.00868613263923157,0.029773572640713786,0.02463409011044293,0.026965753151208638,0.02504733694199457,0.027665344403790426,0.029265693471428378,0.031121460075956398,0.034777654668373126
2018-08-08,0.0,-0.01053230737818256,-0.002504374387611974,-0.008411452907294614,-0.011000816949638281,-0.009274574389270263,-0.006616892106895866,-0.00744987303012512,-0.007174866158977555,-0.004668545261741763
2018-08-09,0.0,0.021686819438157867,0.022022687090727855,0.019352103276391475,0.018126547062425447,0.01886790943981942,0.01540956822324202,0.015088132025459,0.016662788178880783,0.012952451999105996
2018-08-10,0.0,0.005029581323567456,0.0024316155878323364,0.003084456276824632,0.003965217668876919,0.005580206567812329,0.0018392996315519383,0.001533173991336012,0.000740714135030407,0.00018400735663259837
2018-08-13,0.0,-0.0025188232667895383,-0.004084300948212771,0.0004451039796993239,0.0010302499620638006,-0.0010394044948394132,-0.003522306904455763,0.0005259555235184177,0.0006233051473609752,-0.001149225220648309
2018-08-14,0.0,-0.00531139198780417,0.0031900440130647745,0.00041629931842646073,0.0009870913301039952,-0.00013911535335420222,-0.00028296863893984003,0.000534215748844602,-0.0007448321629438537,0.0026064730302310934
2018-08-15,0.0,-0.019356418306972878,-0.022521584550003526,-0.01729497158131077,-0.01715047454492058,-0.018128065551500816,-0.01717814707247145,-0.01574478767813592,-0.02068299855284761,-0.022158840200295793
2018-08-16,0.0,-0.009391063167702107,-0.007699822481332608,-0.010230669112001878,-0.009659608082934312,-0.00950644438624726,-0.012536753086763275,-0.010633784745373576,-0.010529509317451224,-0.010831112489063766
2018-08-17,0.0,-0.004164324997075419,-0.015450997817237133,-0.01605666370870129,-0.017324387103226924,-0.018076254320675278,-0.01656733165503399,-0.013114156264141807,-0.015389404141194385,-0.010862837375614776
2018-08-20,0.0,-0.00020482244704900232,0.0075770503697898395,0.00399043120366982,0.00438207452066397,0.003778062955313022,0.002973645695265148,0.004130483912286431,0.006512515141276598,0.008322077477880718
2018-08-21,0.0,0.015314878438466017,0.012234350557881468,0.008075432432787633,0.008196855876878795,0.009241129443362528,0.010104109471541056,0.009429834915461788,0.010556341046598972,0.009874520673802456
2018-08-22,0.0,-0.00034307743793826617,-0.006395982886988616,-0.008427119398140337,-0.011567728249864184,-0.01127920878169264,-0.00791044110129191,-0.008574339459970215,-0.00922458705016227,-0.006940346279018406
2018-08-23,0.0,0.0011144040218509232,-0.0012057760460028044,0.003913064603046967,0.004145084182952674,0.004457434199373944,0.0012518091382385244,0.003979415235936923,0.000805989691784248,-0.0030099109975497695
2018-08-24,0.0,-0.007937197956302877,-0.006608717368627115,-0.0035500004486979098,-0.002534363179935162,-0.0019698079818617487,-0.0010265808836371626,-0.0033888337659306877,-0.00010401787787883698,-0.0031989298629806484
2018-08-27,0.0,0.015257693536173234,0.016872412177754814,0.018113027583987806,0.0172616794201359,0.017938395246615668,0.016919127199113815,0.018327966625941272,0.01726161125427006,0.018834736761795146
2018-08-28,0.0,0.0054482509263171774,0.0004488569303866541,0.0026737482383178968,0.002769689330395675,0.0025973723853391917,0.0009720008152049875,0.0030041646163951885,0.003740371511224083,-0.0015985689712177953
2018-08-29,0.0,-0.0007907508444975342,-0.0005799131714303574,-0.002630588591345573,-0.005137979923357738,-0.005316342026111087,-0.003212462708797159,-0.0045578341705304615,-0.006417542893499162,-0.0066964274314916805
2018-08-30,0.0,-0.012494654134631467,-0.0197135870037074,-0.013969531340894514,-0.014277331467237642,-0.012621809678495244,-0.013063145445719626,-0.01432426363323891,-0.015002013343389242,-0.011942990700787415
2018-08-31,0.0,-0.011698678968066534,-0.013705436147389505,-0.010755679026625886,-0.01010318735086313,-0.006740780513602607,-0.008098252018552188,-0.009977351045550087,-0.00909513762029468,-0.009198765409464738
2018-09-03,0.0,-0.004729500350924232,-0.0023700788949183593,0.0003747541859608905,-0.000783924269725067,0.0008461354907718377,0.0008188074048030014,-0.0004491600712858146,-0.0013696843180939222,-0.006099986350744602
2018-09-04,0.0,0.014877362112769354,0.014698546084716435,0.012105395975485767,0.011429245792832443,0.011273299863989061,0.009208079781268141,0.009305785123661758,0.008467959776215173,0.010208279220279337
2018-09-05,0.0,-0.012333563560232519,-0.012217237750598797,-0.010824112667455865,-0.011741516160499677,-0.01351394788605309,-0.012908704329304466,-0.013756062584567741,-0.015950340822263653,-0.015147010603558497
2018-09-06,0.0,0.011539576190092049,-0.0002912704257936882,-0.004161105669621246,-0.0026727235544852235,-0.005817678020212713,-0.0028783724732818206,-0.0049853601965762495,-0.0057806031995477625,-0.0048388203149803966
2018-09-07,0.0,0.00022951482239652599,0.0063554717258120785,0.0026808273272262984,0.0023785941099361274,0.0021766688021163105,0.0031796414367941672,0.0046951125071701405,0.006681126401169468,0.00686291690366847
2018-09-10,0.0,-0.02094175042178703,-0.01527808887877613,-0.016113001450306474,-0.01647051062562266,-0.015973320315510575,-0.014124289432240311,-0.014024772671331509,-0.01734399210021198,-0.01498113366187348
2018-09-11,0.0,0.001146889976281873,0.006499757577415277,0.001753552673462666,0.002439856744173463,0.0005390993902885111,0.0009328598570661484,-0.00015949621653843504,-0.004388311778226628,-0.009660924192576248
2018-09-12,0.0,0.003144277240676674,0.005035013399408372,0.0031904606598547325,0.0011667196699998161,0.0011972957792520944,0.0013031219067256572,-0.0005087960819663007,-8.997145532763096e-05,-0.0014852142380842315
2018-09-13,0.0,0.009957537146219497,0.012042479074990897,0.009277536045040113,0.007085133768732765,0.009173943289606301,0.010182636535126965,0.011036727467167884,0.010848733468624916,0.007904456381007785
2018-09-14,0.0,-0.010946622714786303,-0.00614387984917919,-0.005908440157173067,-0.004078141019418835,-0.004243356162113798,-0.007671382843203123,-0.005164004780094378,-0.0045047459389252476,-0.001807753643325527
2018-09-17,0.0,-0.018598411796563963,-0.014215805189388475,-0.013719847852911693,-0.013485549367675875,-0.01485851493968926,-0.011512356865173046,-0.011888210913945652,-0.015567672794645215,-0.017190019186973493
2018-09-18,0.0,0.015544249118190967,0.01745468385404525,0.013946133871533872,0.014765951543169953,0.017524752935903054,0.01778781980299149,0.016945908490690886,0.02215283863479245,0.022791428470132713
2018-09-19,0.0,0.011619474895867121,0.011371925074377565,0.007763117910370543,0.010582018988717579,0.011573040728466433,0.009986942452356429,0.010036435366985286,0.010617448658868156,0.009327902275809263
2018-09-20,0.0,-0.0008617235200559792,-0.002162162228703912,-0.0013579610013874088,-0.0020440310185483312,-0.0006241086243972127,0.00027263293124413224,-0.00040079821788863157,-0.0032322192510747527,-0.0015812702253045208
2018-09-21,0.0,0.008346816556450865,0.010764121780588942,0.012236651467923743,0.010812588820185765,0.012825879648462823,0.011066425120068724,0.011359868831060771,0.013672878295061253,0.014380498971646283
2018-09-25,0.0,0.0007374082467936915,-0.0021366831531914876,-0.0053101664957240224,-0.0035872649420348734,-0.0038230871324285154,-0.0032789021157829668,-0.0047334377300825015,-0.004179626924392332,-0.002919360501180024
2018-09-26,0.0,-0.0011102061612241476,0.0023068995865103137,0.002995117243920653,0.0009276410200034224,0.0012221731318686757,0.001742517480257444,0.004867662111145421,0.004236188221114157,0.003866112828676549
2018-09-27,0.0,-0.024713823241973576,-0.020666297363809205,-0.017730503966006395,-0.017763636061836507,-0.013275403557566734,-0.01229517795866919,-0.009091843748703976,-0.009712235528127278,-0.006695537992975509
2018-09-28,0.0,0.013181175380025723,0.00865223170148366,0.007262001154439979,0.00802278453251204,0.009562684587153925,0.008521950437631487,0.008609939005818523,0.009974049184508171,0.009791062880301737
2018-10-08,0.0,-0.02385578978482339,-0.027799187939250847,-0.03129171980400747,-0.030220050250027053,-0.028985224567187662,-0.027980390046653314,-0.024044502494056874,-0.027938984537019484,-0.02423288778989119
2018-10-09,0.0,0.00652450582776809,-0.0004196416327805208,0.0004718371763423601,0.0021017116687362947,0.003953843314950634,0.0027522375286874734,0.0052068989790619025,0.007558206825289737,0.01063368926760977
2018-10-10,0.0,0.006669573484879843,0.005789627584841028,0.0010025664829049763,0.0005749643710706298,-4.5719893654316834e-06,0.0010475657388255843,0.003777330728012007,0.003051138097903916,0.005352964882843647
2018-10-11,0.0,-0.07833073364556076,-0.08463010200656329,-0.0790105184258938,-0.07855723903876122,-0.07329194029056918,-0.0727291982287036,-0.06822911112457919,-0.06965463115002346,-0.06722293598134221
2018-10-12,0.0,-0.016551926179183662,-0.014545316600854896,-0.015346258546008795,-0.013189927421380476,-0.008719954944292008,-0.012238653802064126,-0.005225248282424655,0.0018956073485187908,0.004340645250224373
2018-10-15,0.0,-0.02040279570933856,-0.02131833743722067,-0.016106136127001958,-0.01597966814082108,-0.013665128008342409,-0.01624078324860545,-0.015693892367379614,-0.016295156336536665,-0.024017057339320136
2018-10-16,0.0,-0.02686149169958829,-0.015553686869009153,-0.019738758945397117,-0.019195692237943818,-0.020497461591227673,-0.022488333308052222,-0.019442917102443058,-0.019429846729955735,-0.022320335743721498
2018-10-17,0.0,0.009145466374125721,0.012155307620490552,0.010740486534518201,0.010457936299700599,0.007790416095060593,0.009151133751318374,0.008502303705636205,0.007143807558728232,0.008271307309323017
2018-10-18,0.0,-0.02853503727047335,-0.03182393207202183,-0.028334849953597474,-0.031189579263749323,-0.030948056596242113,-0.02961528484277043,-0.030958615008259027,-0.03343024930685978,-0.03813644812218542
2018-10-19,0.0,0.024001475993926435,0.01848276451998654,0.020059621840549102,0.019489371098082797,0.018034137251428328,0.018992138112769563,0.017799902651813193,0.02020751760216366,0.017113267577131275
2018-10-22,0.0,0.045370282640599946,0.04885544822057031,0.0454212388298203,0.04644447604317525,0.0467602789086663,0.04629333516223788,0.04406948564171165,0.046750880927649785,0.04816311604500623
2018-10-23,0.0,-0.00349640860488154,-0.01073852311898793,-0.011979762658256399,-0.014648159616311829,-0.013223380477300761,-0.014842708460238496,-0.01535865207542142,-0.017901518390337712,-0.01698741332897924
2018-10-24,0.0,0.0016578573923597961,0.005078090429796678,0.004171753838783765,0.003451313650143506,0.002059110572758538,0.0037096507951697166,0.002391987256013861,0.003968386321052453,0.0025189412542097056
2018-10-25,0.0,-0.008061382070285283,-0.0014040343232567531,-0.0010647561715385612,-0.0011037989347201238,-0.0024785498882349266,-0.0020763847131956004,-0.004357565725831236,-0.0025343598730382944,-0.005072100782820388
2018-10-26,0.0,0.00708385148405144,0.010648253494743853,0.008536016425929827,0.007256330577810388,0.008677268900972201,0.006296811313020401,0.007898469079727022,0.007288332157581845,0.013829285945137215
2018-10-29,0.0,-0.007356726004725922,-0.013856024821201296,-0.011748635905003413,-0.012398876156757166,-0.013430864929618758,-0.011018971402100841,-0.012898538711620056,-0.014619085646284002,-0.017443695631647604
2018-10-30,0.0,0.01075849198294776,0.01459639431413362,0.013819476032526978,0.013007314288060012,0.012826450166324666,0.0110077007208913,0.008947776056474899,0.008170200486513624,0.011493165036823294
2018-10-31,0.0,0.013138796261501495,0.009789614757675036,0.013388028993409407,0.014771977579380868,0.013455674683668928,0.014505617245078373,0.01372237760314765,0.016253533366388018,0.01570982527135989
2018-11-01,0.0,0.0018473795695883588,0.003791603191389381,0.0012981091580543946,0.001822825057464561,0.0045685078808723745,0.0018194974803436015,0.0007721458614395882,0.0014756667289381742,0.00035155273715314905
2018-11-02,0.0,0.019403712733454537,0.02272447370289532,0.02544807445432462,0.024396259168185885,0.024337357180092445,0.02377940847970783,0.022010862213357685,0.023848011620817067,0.021471704696318872
2018-11-05,0.0,0.012462240984606021,0.013479285432036248,0.011352407061749004,0.00828684834240212,0.008492466601429882,0.008940326555745726,0.005620040032316309,0.002686317598018517,0.005283494334284322
2018-11-06,0.0,-0.0027120325641670773,0.0005043379843159279,0.0018936271349669909,0.002786027334555241,0.0022851498530414016,0.0030549923926235234,0.0035513650468514957,0.0013935930076547365,0.0017353817255991721
2018-11-07,0.0,-0.0007305377961884796,-0.0003167193495644538,-0.00470613852432944,-0.002392414117539432,-0.0018161757081146535,-0.004850238915667493,-0.005527037137072588,-0.002627638297952428,-0.009867539245628665
2018-11-08,0.0,0.008034321487113916,0.007595460465967152,0.002048238632832655,-3.947053395458866e-05,0.0007085238417470219,-0.0017366204177509115,-0.0036029096878327227,-0.003264225561888434,0.0006907106324458567
2018-11-09,0.0,0.0015426564278189225,-0.005609716813469223,0.00016014829951926934,-0.0008504746294724086,-0.000699096041070546,-0.003300397181574266,-0.004482494065925491,-0.005017343925775464,-0.0032817190609486513
2018-11-12,0.0,0.029271850374948283,0.03805284910241413,0.031489491185328955,0.034604374295689855,0.028079619233307263,0.026987775708844808,0.02371831868497809,0.024358788152442523,0.023801713510160027
2018-11-13,0.0,0.02298989358815695,0.02828818959915491,0.025938020793150107,0.024662495117196537,0.022538267164946335,0.019387043699474305,0.017104878780173527,0.017517120522306806,0.017992131844182024
2018-11-14,0.0,0.002909981325386113,-0.000511378816049679,0.000660059131242674,0.0011429504771580667,0.0005559806844424031,-0.0019850156202991798,-0.0002464394623887811,0.0008255840741198117,-0.0031276961793582636
2018-11-15,0.0,0.020933678346052087,0.00845522761799744,0.017040863349593316,0.017666251048434,0.017294775358821957,0.015957422367184115,0.01180143630549968,0.012962615235714736,0.013855185856293417
2018-11-16,0.0,0.014883931663498329,0.011895628089512833,0.013765853335868439,0.014532886654166077,0.013081126394872244,0.011853989318987956,0.008721667813093026,0.007477473514265087,0.003882613809498503
2018-11-19,0.0,0.007202303507365393,-0.0012885249324414705,0.003449742098742492,0.008238582078404777,0.008158241421193146,0.0048537460862758675,0.010123086158903671,0.010633415049777994,0.005862458692325934
2018-11-20,0.0,-0.028788795227764674,-0.03139445103978822,-0.026116780719038002,-0.027808336826537383,-0.02765184298857193,-0.030541547427583304,-0.025016991294553592,-0.025388790474174305,-0.024635353778320157
2018-11-21,0.0,0.016945017317240074,0.011408669582215314,0.011358085020323427,0.007370954746582781,0.00884547932847668,0.007256184660927367,0.006801716946356118,0.0024974938228550236,0.0058597953597745445
2018-11-22,0.0,-0.0017055374816040691,0.0029631599746848813,0.004326381166716242,0.001366918770445924,0.003642710785005443,0.0009047536696265013,-0.002455525779275214,-0.0035158609452996537,-0.0011817567100896875
2018-11-23,0.0,-0.04034282575862391,-0.04402782133571548,-0.042061724570660375,-0.04509883220205224,-0.043193664871867266,-0.04198321874399735,-0.037703611916246715,-0.03841276337469446,-0.04436840155673405
2018-11-26,0.0,0.0018058558570317462,0.001858989888418705,0.0003439764090376052,0.0012381263334970694,0.0003022730993125222,0.0016315918750817726,-0.0019080724498830026,-0.0031624974955850593,-0.00026550383675338907
2018-11-27,0.0,0.011260754696750697,0.011041261507876543,0.011764813317817202,0.008228190691546233,0.00706241356358106,0.006935669278699708,0.005056443194590754,0.0027020561014161615,0.00972484078476299
2018-11-28,0.0,0.00969269867788336,0.016566941646336986,0.007494376400369429,0.00941180054854529,0.011947676536794738,0.01142075430797651,0.0080621629769011,0.009500935560715629,0.005206648297858774
2018-11-29,0.0,-0.024484230051340927,-0.02832473267590019,-0.026083553735960496,-0.025145396598200143,-0.021687247193323156,-0.021778531532566814,-0.019578869124077358,-0.01954444602886718,-0.01983378784360279
2018-11-30,0.0,0.006379266023839092,0.009002190355855033,0.004718249335223135,0.005518716569125504,0.004174356899734777,0.006284573939604465,0.005227824683700089,0.006090353650392899,0.00769554937157646
2018-12-03,0.0,0.033128223565806136,0.030182460907570263,0.031224352208672146,0.0303642369917827,0.030863943557128515,0.028470572071096933,0.02576601763626085,0.025763411547956583,0.026756172079328566
2018-12-04,0.0,0.019820102227211533,0.011093325071166005,0.007598784105462997,0.01009198618107554,0.006596427725414689,0.008029297402528002,0.011003408596320652,0.007993852029364756,0.009596882248471994
2018-12-05,0.0,0.0025509124197229394,-0.009095525585615216,-0.010597670138315696,-0.0102455917138089,-0.009121563042175485,-0.007747843250560993,-0.007827785058916348,-0.009175085833125984,-0.011731956861947057
2018-12-06,0.0,-0.004328809053821492,-0.016405645568486782,-0.017307119895751844,-0.01737123678912733,-0.018225659397495098,-0.016218599375827814,-0.013839688461587007,-0.015475127641161768,-0.016236662637768018
2018-12-07,0.0,-0.0009021227801512266,0.0030704294063665927,0.004417935162762676,0.000768770033077848,0.0016609496105335353,-0.000567102602510472,-0.00011443904702912455,0.004390031295707253,0.0024347805112576726
2018-12-10,0.0,-0.017428877417453914,-0.014236328473994031,-0.012893685536758293,-0.010597143154143063,-0.0123952003766864,-0.010525791221504432,-0.010416065201618308,-0.013102650892644507,-0.011712067662838499
2018-12-11,0.0,0.0026433658024895834,0.01056484126629642,0.009997021977913523,0.008148510712561619,0.00963222748160808,0.005080513842602885,0.004841625249743853,0.004373263457291721,0.003908230259190404
2018-12-12,0.0,-0.002537037291696853,-0.0009912782793659591,0.0011052613932731603,0.001065101681866798,0.0004966766670717604,0.001827688096524449,0.0012952273310982143,0.0018074601535778,-0.00045577054999679234
2018-12-13,0.0,0.02392538024839097,0.008064895820972806,0.0081472571114658,0.009119217471056151,0.008410610852860545,0.010528783531062347,0.009533360871642138,0.011056680344239789,0.008705198368025746
2018-12-14,0.0,-0.01617583006842771,-0.028274926113190824,-0.027450552941830075,-0.02707516080553507,-0.026373442900047284,-0.024309082441331342,-0.019779020111265644,-0.019952266503477922,-0.02325693711284249
2018-12-17,0.0,-0.0038902565560557933,0.0007110036491797533,0.0018633007179764682,0.0010528882244273952,0.0023307543739028436,-0.00045952616995270645,0.0029385893594569,0.0035234276830786726,-0.002339628578498898
2018-12-18,0.0,-0.014709471328134494,-0.003952813366673413,-0.007098688978250167,-0.006987408044440979,-0.007117663674415353,-0.0064387570122950155,-0.007141310981619631,-0.004136986516210528,-0.005846655590035388
2018-12-19,0.0,-0.009198069995472458,-0.0125481987883993,-0.010354108583437882,-0.012906260191214214,-0.012283671668759655,-0.010093809768312756,-0.008846289284537456,-0.00867405958416323,-0.011258168012794001
2018-12-20,0.0,0.0036859193849019256,0.003125785115630997,0.006185412310370619,0.006905932411714666,0.004012141182228257,0.0026618424462745427,0.0019213200181309453,-0.0007612329327264522,0.0022838680408772127
2018-12-21,0.0,-0.01221124840933141,-0.009011387907610469,-0.01074401523903834,-0.006891474714836088,-0.008735556945637546,-0.006690965557804129,-0.008579850761656238,-0.006224223212424773,-0.00835275138983338
2018-12-24,0.0,0.008911266951917796,0.008166720617899692,0.0063630025761050035,0.0054393321488808155,0.006659595651885564,0.007285364441071529,0.005471128320176932,0.007136283093710061,0.0037505572035818613
2018-12-25,0.0,-0.009424096840686458,-0.016524065043379887,-0.013602774348702718,-0.011813641198728853,-0.011399353811277213,-0.01515654838609859,-0.012646989465265324,-0.01221666881321759,-0.013781474827931683
2018-12-26,0.0,0.004004657677961987,0.002285040668189575,0.0020029796999201377,0.0015766200677862496,0.002101778917706243,0.0009310341840449432,0.00014255100042182,0.0006971170522569459,0.0022870097522753596
2018-12-27,0.0,-0.023071144903019314,-0.019252083222106364,-0.01633471221868077,-0.012720752943552238,-0.017270990419999466,-0.011871009479073269,-0.012386552584544352,-0.01354165478907321,-0.015209543577510587
2018-12-28,0.0,0.0026504917204392964,0.002295438712725195,0.0047100458217828045,0.002592340108934277,0.001130876196370867,0.0034739001488874877,0.0024013496507395704,0.0034166305528351426,0.0020919084747219596
2019-01-02,0.0,-0.005202919821697072,-0.002204081139059455,2.9403355406021348e-05,-0.0015687317504944343,-0.0007602805271437196,-0.0035042822120624484,-0.001715000242404563,-0.006903455716999685,-0.00791278122969119
2019-01-03,0.0,0.007801084067193376,0.0008057410465818204,-0.0009566520053546634,0.00043480993579469995,-0.001431834632211637,-0.0013715172497020811,-0.0030771460887599744,-0.0009331004451046399,-0.003687272333818381
2019-01-04,0.0,0.024586135177108615,0.033736813754719375,0.02629664097712814,0.02527512768179707,0.02575379662210109,0.024913185935869775,0.018615871759768643,0.01992808221461262,0.024580617807905103
2019-01-07,0.0,0.035557325850789745,0.028317949494073513,0.025015373368511895,0.02139105769896621,0.02156790928072949,0.018954000558161876,0.01835659286683944,0.01584617729263238,0.018965481878266077
2019-01-08,0.0,0.0015964988150236614,-0.0029251298892051247,0.00070343412309537,0.00018853372980842664,0.001908764483044667,0.0016445133386688848,0.0006319481622334422,-0.0016486200435021914,0.0020699495232705534
2019-01-09,0.0,-0.0011648786794715704,0.008144100465744764,0.004206618161437081,0.004732386989663828,0.004261353133610646,0.0013575501702187687,0.004196540785289082,0.0016634322266138035,0.009443903987444324
2019-01-10,0.0,0.005806038810614478,0.006256427024444511,-0.0033671242227223397,-0.00022530561115940984,-0.0011105947777469982,0.00025068813970663406,-0.0018839088880515664,-0.0012403110114781457,-0.004815817207045603
2019-01-11,0.0,0.008217394719626459,0.011635740619805768,0.007936246769671973,0.005314235954804847,0.008466977849471258,0.0073494085898380135,0.009199821187340973,0.008422873354297034,0.004886680616085437
2019-01-14,0.0,-0.007301470501110963,0.0018416883253771221,-0.0037596825537163925,-0.0028103191611118516,-0.004378880646145666,-0.0025974797623313783,0.003230209757911773,-0.0012993004582304568,-0.0005404405452755778
2019-01-15,0.0,0.004332103870986925,0.01749873869317775,0.008719346100382497,0.008227845104251896,0.009889027922703075,0.008419140093455457,0.007773158351098708,0.007313636510103638,0.006005445208602911
2019-01-16,0.0,-0.0061152563175466135,-0.005513837560749968,-0.0033562779980460533,-0.002891429242238286,-0.004132873931701142,-0.002325368464700439,-0.0019136499979619526,-0.001801273052592256,0.0011715937590204284
2019-01-17,0.0,-0.018031489728374095,-0.0035648950736842933,-0.010339656319126811,-0.009049010630896803,-0.008499347992395379,-0.006257897916344901,-0.005778873488532454,-0.0019872535953781023,0.0014353760314580466
2019-01-18,0.0,-0.007837959620432322,-0.004944302462719374,0.0019250880808854287,0.002971442440182992,0.0026084434025339664,0.006338230061127215,0.0072474338034720365,0.010352318726366327,0.009349681169035673
2019-01-21,0.0,0.005826940072437559,0.012263901589325332,0.007146946945944421,0.0046045517047603735,0.0055373090705364,0.004642305598675733,0.0023739885403744054,0.005572969550487583,0.004307354395834073
2019-01-22,0.0,-0.014266106764265096,-0.007564914503729092,-0.008228986584186027,-0.011964341582989646,-0.01032070219045833,-0.010652635318030512,-0.008227187231726996,-0.01193930661644027,-0.01122321083713651
2019-01-23,0.0,-0.005563602046920413,0.012660492333823159,0.00480252883161425,0.002827195369687008,0.003350460845622072,0.002297268575302658,0.004053072235582045,0.0033265768093391213,0.006336495095666583
2019-01-24,0.0,-0.006406643689044089,0.003290769428994089,0.0046924897834725865,0.004217912429006931,0.0033238625630593877,0.005146915242336014,0.0008356818208488104,0.0013648515732975763,-0.0013363562326523803
2019-01-25,0.0,-0.01611618109678381,-0.005058540265046041,-0.011246902787791502,-0.007371481412146608,-0.005883541606212628,-0.00481904694284363,-0.003431370036775294,-0.004093368964177335,-0.007123295990156153
2019-01-28,0.0,-0.01806907960076476,-0.016075035735010235,-0.008042052979413739,-0.006068024584565568,-0.005975417918428594,-0.00644934252905105,-0.004805221564000872,-0.004590699780151919,-0.007422030820065761
2019-01-29,0.0,-0.017766671607400975,-0.02072473296706545,-0.01863789639086244,-0.02157193965532589,-0.01621698513808245,-0.013946781562956478,-0.011839631553002716,-0.006894185416875476,-0.013649625174427804
2019-01-30,0.0,-0.011932536900042257,-0.022652515135045403,-0.014170938591036686,-0.01423224175404747,-0.011902992751341879,-0.011589883178557137,-0.013472673499250964,-0.011150581205898735,-0.010729744121295903
2019-01-31,0.0,-0.006806548629295306,-0.021015005437027057,-0.017670257454222127,-0.01795960718467271,-0.013359326220281575,-0.013511322166381623,-0.015122293335421144,-0.010750769569438545,-0.007368779926341884
2019-02-01,0.0,0.02106205747580847,0.024968739198143686,0.02431923866776886,0.025940905564660444,0.025090903528758757,0.02284996797005512,0.019840392182822297,0.021861461241566404,0.022057246688322207
2019-02-11,0.0,0.016862538394115667,0.027537760661511257,0.02614880831859634,0.027728747296638545,0.024894463890664076,0.02340884849928848,0.023804882001684957,0.020386332031911314,0.019958779053862008
2019-02-12,0.0,0.012230257276897527,0.016220168509291755,0.014447446103943218,0.013572325219518788,0.012822548911920695,0.012968959076254727,0.014757618931820371,0.008213254368584888,0.010046749115863562
2019-02-13,0.0,0.009620847096028395,0.015845405472050267,0.016207635634595485,0.017704364781240933,0.015474840649517985,0.013980184569956089,0.013021726642054254,0.016016154704632246,0.013955990556689502
2019-02-14,0.0,0.008178472142401194,0.012027846723641655,0.006188713414382319,0.004543545275424332,0.005973871052201707,0.004758747572658484,0.0032491917016437277,0.0023519731498797825,0.001887164982703915
2019-02-15,0.0,-0.003046054966965195,0.0013540491485983797,0.0015078187173416246,-0.0024548283369369983,-0.0005863311955558448,-0.0009552017916059086,-0.000494629425687787,-0.005319132578297192,-0.008642139338277843
2019-02-18,0.0,0.026356101749287708,0.03685307709381558,0.033391734776518245,0.03416020560763822,0.03192717879832685,0.03374777746667834,0.030188360484790122,0.027586846846346047,0.029412743490647708
2019-02-19,0.0,0.004121417195746879,0.01506262193798591,0.003429861595798833,0.003986994859613624,0.0027986342426176147,0.005314425536051326,0.0012990902257101755,0.001902891371439619,-0.001225771290131239
2019-02-20,0.0,0.001282897316778664,0.0006296196989341585,0.004451022304243324,0.0031423013657339016,0.0015834170457325047,0.005293461016121936,0.005168484783114158,0.0024412139807508115,0.006341694234240691
2019-02-21,0.0,-0.0003223935434274461,-0.003525611886759039,-0.0007251465467977836,-0.002062191701959426,-0.0011883963118817231,-0.00041672678652326933,-0.004765380042745071,-0.004858979402921015,-0.006265177475312855
2019-02-22,0.0,0.016682683234961804,0.02558401978496505,0.022711643002135684,0.02389851234236917,0.021545613587849788,0.019605365693454058,0.016387820922189267,0.01685783672062935,0.01523930025150877
2019-02-25,0.0,0.04266854751440685,0.0552109088592625,0.050313307838899535,0.050389010769545495,0.04885150237977487,0.04751206434876187,0.048837686765151656,0.050180978533270526,0.05038031156341183
2019-02-26,0.0,-0.008256746580677543,0.0016993015350879048,0.00015853471145566012,-0.002877602449551042,-0.004430465401506822,-0.002735741125399982,-0.0016432085940125685,0.006143318881583815,0.002001018943990074
2019-02-27,0.0,0.01280981136262338,-0.0010207597563115511,0.002034003252931127,0.0026142309227716876,-0.002773439859023452,-0.0025750470433406614,-0.002306668147210811,0.000989718990093591,-0.0006403834685931864
2019-02-28,0.0,0.011350336183193477,0.0003266013713358884,-0.000412122509221291,0.0017492911337804173,0.0006841536683932503,0.0031240286642770787,-0.00018184840101365118,0.0037510212123048614,-0.00046082116802281803
2019-03-01,0.0,-0.0006994894055080136,0.005323004328831038,0.008034814014327818,0.005262686192793353,0.005941794373597542,0.0081763090952498,0.0076046844253041535,0.009426898248480864,0.009227385636406016
2019-03-04,0.0,0.01787528756259049,0.018754175346282542,0.021556528707209033,0.0173659408920408,0.01692424314074903,0.019673522261990595,0.014188634214691742,0.016010820359934286,0.011832006939680895
2019-03-05,0.0,0.02524311050090522,0.027598209423228104,0.032690361171268334,0.031075249214689293,0.026986369692317602,0.02446277949536091,0.02107347201235843,0.022172711354717434,0.018827044827962602
2019-03-06,0.0,0.01537429507361776,0.031462083821079734,0.02617732417720564,0.025504210612928402,0.018711550596251403,0.022595648089685172,0.020446743657391186,0.01670585664445734,0.02220525358908576
2019-03-07,0.0,0.02220879901181294,0.02250920658223632,0.014766757759716365,0.020954700380798164,0.01493213317819797,0.017421166093934737,0.014015038746406416,0.01310651740206481,0.019388252547444473
2019-03-08,0.0,-0.05260164622367591,-0.045665706977671694,-0.04564264024461839,-0.047000475947401754,-0.047421168542785,-0.04748644568366789,-0.04893478378478655,-0.055805705680281426,-0.04749196116944454
2019-03-11,0.0,0.04950031477419459,0.05003005805095673,0.0480341467212273,0.043927581385365455,0.043020118774034444,0.04110937989026908,0.037728361196778026,0.035061470519667015,0.036994024280549764
2019-03-12,0.0,0.01651529296502341,0.024329550334442063,0.025071834616565702,0.02209914641788635,0.021961117509636585,0.0187434643090727,0.01375090656073752,0.014140666631313747,0.013613292579659708
2019-03-13,0.0,-0.016960681822727697,-0.017613931791406467,-0.02041623622531874,-0.012259226487868036,-0.016775181159842112,-0.01817557384318169,-0.010655444102109168,-0.013696878224964015,-0.014052709298762345
2019-03-14,0.0,-0.02411445193987638,-0.03833058619665486,-0.03706379633705903,-0.034681306715058646,-0.032775586488104747,-0.025313071907175466,-0.022196059337863727,-0.01969196107344584,-0.01899480147674326
2019-03-15,0.0,0.026971002184836612,0.013012061517065465,0.02082233164029157,0.01423699031198522,0.02058583314567164,0.01925430081738888,0.020724371353524118,0.017812569068414108,0.018906247802735754
2019-03-18,0.0,0.022026438041419905,0.0221112734914497,0.02324446303288008,0.018141914184742536,0.023204089886833756,0.02289703098014262,0.024958355258690057,0.023966458469433682,0.02193672629800547
2019-03-19,0.0,0.011609919457727713,0.014014083482436934,0.008320477575957996,0.0038133795630650447,0.006074158283931208,0.005479600052074929,0.005261291487144826,0.0001956727617424825,0.00016085993832892775
2019-03-20,0.0,0.015608614223236117,0.007124332466190486,0.001540048839202779,-0.00011505635915365353,0.002979096952010929,0.002278430732191028,-0.000132621761024021,0.0071980839506480265,0.008564102975791021
2019-03-21,0.0,0.01656618823368694,0.018368878620606655,0.013067595612947569,0.017021562347124597,0.014333177549847642,0.015608370672142824,0.009626101447463453,0.007119196683077478,0.00945601191171086
2019-03-22,0.0,0.0008790540527414681,0.008368375231299074,0.0009890814656658975,0.009542353373676482,0.010670072148159626,0.0019187403007048243,0.012034806149036514,0.006475325193623371,0.00856609000864883
2019-03-25,0.0,-0.00210636174735479,-0.009260812479751857,-0.004035598824690734,-0.011955782919696567,-0.009784538314319469,-0.00808293742574362,-0.004699147175538987,-0.009565349139569856,-0.01716902175978896
2019-03-26,0.0,-0.015548915621902082,-0.029923626971321116,-0.03004618841259432,-0.032790962202511764,-0.0271216157330465,-0.024439680122090635,-0.025486399813595573,-0.028221557385265328,-0.026818512870033673
2019-03-27,0.0,0.006171194031018512,0.010571146805338216,0.0032472617769285783,0.0035098411856679945,0.009890119893902982,0.006187231935742776,0.008684282040285707,0.009246442234059016,0.01766231844860533
2019-03-28,0.0,-0.014974367872388483,-0.029335382732913806,-0.015905159574710837,-0.012665877496981559,-0.015618799918509119,-0.017989304563235442,-0.016861077222506404,-0.017367968585918048,-0.019410719071369487
2019-03-29,0.0,0.02299371125187677,0.024367087880998062,0.027923154200329536,0.026122647009363842,0.025021379742860894,0.02717132606097694,0.02281019941726159,0.027588971025758413,0.026427525087710624
2019-04-01,0.0,0.03987743345098704,0.043299217328441664,0.038922662516586826,0.035862994477579235,0.036063860801722525,0.037585780939381586,0.034298496316559346,0.03273522120496852,0.03368288523835217
2019-04-02,0.0,0.01776856196214882,0.012392043645985673,0.008037702356516574,0.006152414229059211,0.005055342099748783,0.005629033415432083,0.003954096656477946,0.0061799935206883205,0.006524458616557149
2019-04-03,0.0,0.028371056412495932,0.013272114707906235,0.014031382850887564,0.013754935508977217,0.010522637819551317,0.012748097232037292,0.011525743602561755,0.01352220482012445,0.012586010623409472
2019-04-04,0.0,0.017253665404098895,0.0014102058854601474,0.008988485932904577,0.0028625172413907496,0.005141372797641042,0.008934004408168272,0.010925871947518484,0.004678262806451672,0.011747671091571155
2019-04-08,0.0,0.0044735660428636415,0.0061023529512762575,0.003976262513542661,-0.004372446704594801,-0.0026218998309849306,0.004288472031522383,0.0057358571241517,0.007528315134173846,0.027736604623549876
2019-04-09,0.0,0.006043209328740362,0.010916736680588457,0.0031215353758498043,0.007221990831095093,0.005355912792179618,0.001579770949199144,-0.005671488796765267,-0.004395212303453633,-0.018746698154760155
2019-04-10,0.0,-0.0008629281770804464,0.002142099326962521,-0.005650978248968763,0.004429021617561979,6.743807771858457e-05,0.0019472596110892137,0.0019957212795049806,0.0003446170061358611,-0.0008849857524620974
2019-04-11,0.0,-0.01651527674478004,-0.00528370771811737,-0.016843836293674808,-0.011889716593239563,-0.013376369760564222,-0.015916622175919715,-0.01690963032568571,-0.02024251102061747,-0.015481009331645423
2019-04-12,0.0,0.002399066593377963,0.009091476113168406,0.002148540173735558,0.001631643142896877,-0.0009805293793476721,-0.0014607157700513573,0.002378632239240952,-0.002052255109579959,0.0010952931655754394
2019-04-15,0.0,-0.006286720161155057,-0.005482160415382076,-0.011310662784164816,-0.010429279136959457,-0.006276038080882729,-0.010428840014582885,-0.008820618402203606,-0.006152490804074429,-0.003285272386871263
2019-04-16,0.0,0.012478723742955777,0.017225293030395328,0.018792756789876686,0.02030193708259498,0.017382098802309898,0.01718508237450389,0.015537915787377177,0.0177678712208984,0.021065830410582853
2019-04-17,0.0,0.004996204688975547,0.022077454772266636,0.011596631864717377,0.01302639440057396,0.012673626339655852,0.009615372833889024,0.011452014901785157,0.0052007342718942695,0.009645655582003698
2019-04-18,0.0,-0.0004926385130088473,-0.008382777998743318,-0.006671992011311856,-0.0023993118715796014,-0.007029769016491216,-0.006208700475508477,-0.006410603849870911,-0.0020113688903921068,-0.005926651886109302
2019-04-19,0.0,0.02668785138867924,0.017920960316532675,0.00546127323272394,0.008345732534110972,0.008450794783923188,0.0036920336218702055,0.006503334897635327,0.0069542625041405515,0.00984840634172568
2019-04-22,0.0,-0.022162839555049163,-0.0032945645552096003,-0.010274361620442596,-0.008996547198877991,-0.008865349026106695,-0.01322883942192743,-0.010178566845335801,-0.01592899718842089,-0.014053637220518
2019-04-23,0.0,-0.02171968608632291,-0.04015114060823233,-0.019240884275585124,-0.018520002688041548,-0.01747132484737912,-0.018445495787682398,-0.019575717306945406,-0.012916691489564092,-0.014591797639875725
2019-04-24,0.0,0.016119475139898976,0.012735423521055944,0.008950219716092223,0.007695223939303997,0.008986491345167158,0.006705854789620158,0.0075009745138092665,0.0008786062210000001,0.007583167501543864
2019-04-25,0.0,-0.05446660218676502,-0.05158903095299017,-0.04290727011462736,-0.04409681481473526,-0.0420181681328865,-0.03853939025032538,-0.040667565234848824,-0.03997246724486925,-0.04520532312266157
2019-04-26,0.0,-0.021776799906320865,-0.016052841434465615,-0.013609997607562652,-0.015600557903631018,-0.01257607652257986,-0.01608221009574906,-0.016923588465877826,-0.018767194137909393,-0.015370920763735585
2019-04-29,0.0,-0.04492969186925777,-0.05531409247668895,-0.043329265771313574,-0.03720383753772194,-0.036923694737790114,-0.03387672242489914,-0.029462549346279676,-0.02949923081428496,-0.03327072636699724
2019-04-30,0.0,0.02126523121215218,0.012835913381523012,0.021508074475184547,0.0136516898273904,0.012462834111870436,0.01016772574147784,0.019303257564405873,0.010689269023910208,0.016540245251400743
2019-05-06,0.0,-0.06683899441840768,-0.08481568848105947,-0.07097051146176458,-0.07475561269813646,-0.0752172545755374,-0.07309836525113089,-0.07117095114231098,-0.07247895685303529,-0.07153939620556515
2019-05-07,0.0,0.009898051835032673,0.02116900838852387,0.014537549712676734,0.015270544836311295,0.019571523451962225,0.014532237358524602,0.015093591510481952,0.014378989912297024,0.019786500908028026
2019-05-08,0.0,-0.0025269526565204706,-0.006503226718999828,-0.006200060585926871,-0.004588982692671744,-0.007605973000880401,-0.004735069598874217,-0.006254686315796785,-0.010535926604424626,-0.010420620086245228
2019-05-09,0.0,-0.0028240260586904764,-0.006464033310763839,-0.0047863356831153725,-0.005272625056057523,-0.009375368260910122,-0.009618453286023732,-0.009144488442427878,-0.008409794026319917,-0.003753056545837574
2019-05-10,0.0,0.03371363368493663,0.031078549335467276,0.03205501993021964,0.0325916288002015,0.03237126201232243,0.031318328579448274,0.030974714108954915,0.03286332320068919,0.027425255672048898
2019-05-13,0.0,-0.010787738639692512,-0.008214488191564007,-0.006859563709113559,-0.0067980943649676995,-0.005813671827384237,-0.004972594406378095,-0.0034507682253120953,-0.0022474884264498396,-0.0069143202005855775
2019-05-14,0.0,-0.0004607798786789852,-0.010754537981650603,-0.011220757823053429,-0.008404149013178208,-0.00952494466513365,-0.008000683181180857,-0.008518096550372056,-0.010284542257362306,-0.008683613861327544
2019-05-15,0.0,0.02119682621360397,0.023026202502574922,0.02078266040131327,0.02106376417324629,0.02366069170804508,0.0210012735362215,0.020999914782945384,0.023464015803412952,0.018760501553717557
2019-05-16,0.0,0.00998800572151648,0.002213371821205845,0.010879577087253178,0.010980161218006046,0.012029143033574163,0.010695907237425528,0.009982325543356652,0.01151084419999604,0.012605347144061252
2019-05-17,0.0,-0.03535813166309565,-0.043022052454189,-0.038872241578781996,-0.0372618998982297,-0.03759799541568287,-0.03429236179025885,-0.036835415598538424,-0.0317656034894348,-0.03357750201012677
2019-05-20,0.0,-7.042355850916948e-05,1.057486809430408e-05,-0.004834807401968955,-0.0018856062082825975,-0.0018047137725536455,-0.004325381232308856,-0.004585285902408032,-0.005447503944079335,-0.004876142845543829
2019-05-21,0.0,0.020178426303377073,0.020224842685908184,0.01834903076873129,0.014905334729713893,0.019680592664378604,0.013421195567004496,0.016844676230198363,0.016333334872854044,0.018847364423304036
2019-05-22,0.0,-0.005956041945098467,-0.008179189232146444,-0.008019328004308046,-0.008847766626537412,-0.00918434322509143,-0.00873869752126366,-0.007272788825449239,-0.010232965310813191,-0.0050174500316387816
2019-05-23,0.0,-0.027341119779456413,-0.02199170621777602,-0.02271970120010025,-0.024064184527531562,-0.02163962550693954,-0.020449132757595634,-0.01940305933403319,-0.02151346159777945,-0.012579408748214838
2019-05-24,0.0,-0.01031186829571773,-0.006380619494501971,-0.007252054470486824,-0.0056143689264025465,-0.006241942836885728,-0.008166832264557833,-0.005540185778855511,-0.008838383859978372,-0.0022356314791190934
2019-05-27,0.0,0.02627698758232455,0.023656431180237192,0.021661169001577107,0.02425583172814294,0.025775988303802233,0.024263805673137462,0.024029618736703506,0.023845902529177065,0.020021991587418686
2019-05-28,0.0,0.003747145720570666,-0.0013804264444814418,0.001235231148433158,7.022385582211577e-05,0.00027169241337299255,-0.0005264350700306952,0.0037177281070701618,-0.001328150664142158,0.0001304103904808951
2019-05-29,0.0,0.005439246055662039,0.005986609594405223,0.0019372633059464572,0.005740181341787887,0.0039465854169300485,0.000990130480870599,0.0010573585145028375,0.003448001655988797,-0.0047882948370964185
2019-05-30,0.0,-0.0011451176552249587,-0.009444655642366295,-0.010224829651001466,-0.007482532389397334,-0.005780730482008334,-0.005484598438168842,-0.0024402631386264417,-0.002471609245353279,-0.008087002279680067
2019-05-31,0.0,-0.006193376223386227,0.000889744491121558,0.0007984312189721621,0.0005747608730306553,-0.0024740482599397984,-0.0013085065145401753,-0.004706683694372771,-0.004845709259011066,-0.004469288743204292
2019-06-03,0.0,-0.014468059505406083,-0.015373544287104246,-0.01519901225548792,-0.013556549450019051,-0.014589621124250884,-0.01355213165364455,-0.015787828337818888,-0.012011983879429922,-0.011536948236593347
2019-06-04,0.0,-0.016957410742871826,-0.017615230662066717,-0.019315090224968245,-0.018881552660927503,-0.014887515409538143,-0.014343792311688475,-0.013899071299768861,-0.01557723242034137,-0.0172207453178842
2019-06-05,0.0,0.008600892854868203,0.005757067991620568,0.0017037893470235321,0.0027072289741383315,0.0004230039550547904,0.002986361639351065,-0.004796552959187239,0.0016666760528232238,-0.0005101005899144084
2019-06-06,0.0,-0.020335248452610033,-0.026643420554713138,-0.026364410002974403,-0.022746820616857177,-0.02085356748827527,-0.02188242422014386,-0.02085608960281138,-0.020842565927659207,-0.01569213823018345
2019-06-10,0.0,0.007818994001016266,0.015116043526869571,0.01191861667858607,0.010427493096306195,0.009850854493870909,0.010710725995393355,0.008357573271130958,0.009741088692831967,0.008468116599176234
2019-06-11,0.0,0.043141986489151574,0.03245150851285139,0.035222656224908055,0.03366132150064227,0.03695652436666097,0.034567663747322674,0.032883574689600126,0.034368565142767205,0.03571509057843558
2019-06-12,0.0,-0.005673713869723485,-0.013257810338293097,-0.004456815756515353,-0.005024077925296466,-0.007995935708928759,-0.004050890239252647,-0.0048946208986425654,-0.007414415174263667,-0.004741697796969313
2019-06-13,0.0,0.006124371429703457,0.0071433690449318465,0.008991966592044154,0.004751910309391816,0.007292919071850035,0.004584015717444601,0.0018574122700629747,0.003987515010176912,-0.0038521389695009844
2019-06-14,0.0,-0.025827925489043446,-0.019984659332765276,-0.023411879591713314,-0.021316053603188,-0.021815339471717765,-0.01916274814795993,-0.017798532211718454,-0.01740941538220131,-0.018676701714233968
2019-06-17,0.0,-0.0009881344533831937,0.0018712601819246277,7.492020981758607e-05,-0.0005482498748168307,0.0008340018455417209,0.002741252888161405,0.0003598437331508997,0.006840213039166043,0.0018931122422440883
2019-06-18,0.0,-0.011966352768570943,-0.00036878037367160665,-0.005921414850476037,-0.004535545914194139,-0.0025920848180603917,-0.000390850971698109,-0.0010929895800706468,-5.774990092610732e-05,-0.004903578495471739
2019-06-19,0.0,0.013581436960766524,0.013013707560487475,0.011553447675922701,0.012235485242815258,0.012847371430211751,0.011270392810588392,0.010395417391914075,0.010686548522474748,0.007838736937157753
2019-06-20,0.0,0.011335898479377438,0.017626315668748616,0.011028150964916161,0.016355730937866353,0.014827000080822827,0.015557595924495793,0.01510387352032505,0.012150370471852856,0.01516770178887561
2019-06-21,0.0,-0.0019812521432664987,0.023054914599094145,0.02173153551021456,0.01843056304177093,0.01546196894321783,0.01614359341160765,0.013095726324424684,0.009585317914841962,0.011538900993267598
2019-06-24,0.0,0.005021916800007409,-0.001856532537324651,0.001201590634720029,0.000234244622536961,0.0025383959144364976,-0.00044193025191696655,0.0028243704218884336,-0.0014785007424599206,-0.0004872399580139186
2019-06-25,0.0,-0.018097124350119898,-0.004550817290096765,-0.009442009539041285,-0.008852719512014273,-0.010602348858306687,-0.009676339739393858,-0.008205900996710591,-0.010364024258012527,-0.011359917403457098
2019-06-26,0.0,0.006244140125552633,-0.005602678988256726,-0.004843694080259087,-0.0037199969238801422,-0.0026887041284805457,-0.001760473027821896,-0.0010909702015463596,-0.0025577948157667896,-0.0015829158431366341
2019-06-27,0.0,0.0003571475871011476,0.007017025960614598,0.005369645494755826,0.003233176670358384,0.004605569235529128,0.0046812283364217055,0.002874430351825996,0.0054532680932255495,0.003638178513189816
2019-06-28,0.0,-0.009258538435641728,-0.015655647249605997,-0.014522840870223042,-0.013823081789116731,-0.014018357984642682,-0.013413613111398992,-0.009310179032024246,-0.012934857538681732,-0.010024015635665573
2019-07-01,0.0,0.03270370945209611,0.02501044665702734,0.029040716567381164,0.027465643669278395,0.025279945896093725,0.0249815787356078,0.025581520048150397,0.022396922027218658,0.02127184730507592
2019-07-02,0.0,0.004859600668051245,-0.0039715381679554795,-0.0015571678261828703,-0.0006881443410086119,-0.0019065398148540025,0.0004918795653308106,-0.0010681371553700192,-0.001834788595423964,0.0011052241054829715
2019-07-03,0.0,-0.016137561962453195,-0.011816789082548018,-0.007138756800609047,-0.006495022118322313,-0.007058615352510733,-0.004721319044696859,-0.007096842858017149,-0.009301279865028489,-0.0069473782263829165
2019-07-04,0.0,0.0055263536666931845,-0.000978005621630973,-0.0021699435016730995,-0.001729906358849842,-0.0029653904585493773,-0.001312356516114055,-0.0018590542734309157,-0.0009788259225143037,0.002793178173209121
2019-07-05,0.0,-0.00691809001754895,0.0017366427256424455,-0.000432902134437696,0.0007573054019718306,0.002322497964559078,0.0019873250276294385,-0.001404791405150707,-0.0006588348488986151,0.005592850632275992
2019-07-08,0.0,-0.038189224766194574,-0.04007398943006901,-0.03300721000859719,-0.033142821775224984,-0.035589428484425145,-0.03345040451065329,-0.03624336742068823,-0.03460353361901514,-0.029262984238367373
2019-07-09,0.0,0.011421628021485386,0.004069756755102905,0.0013183730488834922,0.0027751270755760338,0.0040085755114369626,0.004103582516202575,0.0035231464219973585,0.003644524589375031,0.0016195760415325111
2019-07-10,0.0,-0.009879064087555234,-0.0040524598885071095,-0.0055683513845926624,-0.005474144409067461,-0.01000756978470696,-0.00801881010641936,-0.008756062552714217,-0.005808642190694213,-0.012129377172275024
2019-07-11,0.0,-0.004620556275444332,-0.0008299923769994333,0.0007506329247628507,-0.0005741117086903724,0.0014310596630116024,0.0010481473977337341,0.001180031804716375,0.0018046872625134824,0.000724493599913556
2019-07-12,0.0,0.009427428780562463,0.0030703072190640945,0.0008464571114041863,0.003729473634914937,0.003311661297266788,0.003661952370731525,0.004614516569041216,0.008323357249818475,0.002023670443115133
2019-07-15,0.0,0.008351692884581263,0.007820784579012807,0.006715700101313393,0.01118008188671804,0.007957532351214658,0.00904861987180694,0.0075962246365366415,0.007992820472428441,0.009329606382342925
2019-07-16,0.0,0.011676945993953414,0.005980265084641667,0.004205532525746625,0.0026317316962656268,0.0034264953055758163,3.026574119036063e-05,0.0035060041935983666,0.00528431641192717,0.0022574460341848734
2019-07-17,0.0,0.0008461976815032912,-0.00045117905571900874,0.001623126742182901,0.00035008680277170967,-0.0001859793930876208,-0.00023929979660519685,-0.001514973405821296,-0.00013178216339915227,-0.002133068970806229
2019-07-18,0.0,-0.016039333705991976,-0.018049018740539435,-0.019147288056127976,-0.016416834685710202,-0.017630127788705874,-0.01606897235651783,-0.015969576973207666,-0.018131969152760274,-0.015741796998900992
2019-07-19,0.0,0.005894493824123659,0.0037444336931427014,0.004416543352112168,0.003892481216405397,0.003496978051744204,0.006148274184582192,0.006914205659589445,0.0060709675571650745,0.006346032664414913
2019-07-22,0.0,-0.03362099942523433,-0.026169762737519364,-0.03064115713182014,-0.029068701451885115,-0.028603007019709192,-0.024454929212671672,-0.022426273357407878,-0.02423296743273118,-0.024321493868887267
2019-07-23,0.0,0.009850530762010923,0.0134132355916603,0.01222666320259691,0.009313331755454568,0.01125526898418272,0.009150024372126309,0.008748692394019875,0.009066208863294678,0.008923618850628756
2019-07-24,0.0,0.00782711864670782,0.01157648530715183,0.010784350527688336,0.011229624136679606,0.009293184209159921,0.008751897001127551,0.010692290713629315,0.007123576827756217,0.005989180975636721
2019-07-25,0.0,0.0006025976581720549,0.0023138514447678116,-1.1036747166182082e-05,0.002706041988433494,0.0014803433553283174,0.0001665591977528802,0.0017790336111893623,-0.0012006993854737358,-0.0004425165883293891
2019-07-26,0.0,-0.0055855802006272715,-0.0044885014300141135,0.0005324447446402036,0.0009231004254013353,0.0008591851198647138,0.0007891276554166105,4.021844024615362e-05,0.0014787384005310322,0.0012113604293311209
2019-07-29,0.0,-0.00783340854994763,-0.003499205628713198,-0.0008626976664416475,-0.0014841361017217114,-0.0028719858170385137,-0.002498877682184264,-0.001964836833462713,-0.002671428168802059,0.00045478435295454034
2019-07-30,0.0,0.004129932279621329,0.0033094920332539246,0.00634641476019282,0.0052735609907872405,0.0048942353806173955,0.0051025821497356905,0.005648827219002062,0.002066562722848664,0.004354859768019637
2019-07-31,0.0,-0.01047052148510863,-0.009452160063884829,-0.007383315920399314,-0.006666214150665595,-0.005879173335008203,-0.006567255040887954,-0.00475755729027616,-0.008226145309636612,-0.010292108889614293
2019-08-01,0.0,-0.0074187599554655925,-0.00359962635695521,-0.0034128968654262293,-0.005245432821279539,-0.003880851532791052,-0.008262797882355732,-0.005495394784168495,-0.003963133244576866,-0.004355997047616578
2019-08-02,0.0,-0.018032567114462772,-0.015706250298638258,-0.015481062007914992,-0.015143596844502727,-0.01656135334011999,-0.01691295310184182,-0.017580781609862095,-0.01697238984329319,-0.0162345709359506
2019-08-05,0.0,-0.014476881867945157,-0.009779391446899433,-0.010313305340777346,-0.011925998248857428,-0.010985195139999293,-0.010199878065525247,-0.011775617003736527,-0.013075954262453893,-0.014497065967721157
2019-08-06,0.0,-0.040283735046172664,-0.03440284862854015,-0.030094495620940243,-0.032168225139679874,-0.030718117226671726,-0.03011721594079897,-0.027728525948713223,-0.03152644862194276,-0.027013954579874988
2019-08-07,0.0,-0.005671225995694473,-0.006472771791829035,-0.004739242146346023,-0.00014390154025456514,-0.0007140778455588803,-0.0024202795164236512,-0.0017177774250353162,-0.0014152978765595847,-0.0014062051126570996
2019-08-08,0.0,0.0073224343091691235,0.008244543093154588,0.003349446472180828,0.005842861163555257,0.00417913857826524,0.0037078552410163557,0.0042881740767766185,0.0032653703343057394,0.003222204574220955
2019-08-09,0.0,-0.007696868111694011,-0.014133111890108796,-0.011500650896767217,-0.012314589334789239,-0.010150480176923327,-0.010875116238665106,-0.011053949530520746,-0.011560266169275524,-0.010711819082962815
2019-08-12,0.0,0.01400666495811409,0.014632058624536759,0.013353954805730206,0.016336592622247847,0.013242396873480944,0.014547115497784535,0.014219932956960113,0.01406467649099885,0.009764510228427392
2019-08-13,0.0,-0.0014941746989149962,-0.0065806765232806486,-0.007474224136036711,-0.0052281839866432644,-0.005772907949796902,-0.0036216300794744694,-0.005606587176647859,-0.006847089880244739,-0.007869994803230695
2019-08-14,0.0,0.001939319693150754,0.007060741034332629,0.005238203320628854,0.004463712533142372,0.004615639693446916,0.004079185431210108,0.005178011841198371,0.008397176760623903,0.005239335848476356
2019-08-15,0.0,0.0014503711359976634,0.0009113703816621133,0.0024473590040368087,0.0027273740462863127,0.00017557499493880968,0.0006266864732022981,0.0012862693715318674,0.0032530156815246958,0.002676294410650648
2019-08-16,0.0,0.005785834574048243,0.0034400017765776614,0.004045573103227396,0.0020944271822502802,0.00474637926595034,0.003708913439168793,0.004660335123664039,7.56776580141949e-05,0.005596500590943743
2019-08-19,0.0,0.03771623560569437,0.03133817440955533,0.029549543979931148,0.028061556983686398,0.02844705507062062,0.02504188250948647,0.02564495995522953,0.027029974265691425,0.025111814778093544
2019-08-20,0.0,0.006154012863316849,0.004346707699971031,0.004880677316963178,0.0009040553769443793,0.0025218477953261598,0.0013122005236994028,0.0031551982800741563,0.003270921540251104,0.0010223751120248536
2019-08-21,0.0,0.0006845495558658321,0.001967423527068579,0.002098038079450637,0.002373989623103423,0.001732419796035778,0.0005954959522989078,-0.001221000770306624,0.0034160894097980954,0.0032055638684753696
2019-08-22,0.0,0.007728797710922386,0.005943183720905187,0.0024488849009276503,0.006186430766802253,0.003288752954681895,0.002041447257130402,0.005462773654399289,9.600643994889246e-05,0.005489204233386946
2019-08-23,0.0,-0.009713026196105479,-0.0019859804776795054,-0.004618267280756871,-0.005436303630036998,-0.00017870424513533045,-0.0012744321417027527,-0.002056564886551593,-0.002173636850328564,-0.0026653437932930846
2019-08-26,0.0,-0.0071353127989748355,-0.007636824016918009,-0.007772392806699946,-0.004981305077732312,-0.008072830966350808,-0.009111502844887376,-0.00417226578745411,-0.006060859583721823,-0.009987243786215738
2019-08-27,0.0,0.014594502026264777,0.02070021843443537,0.01925028482435276,0.0180448294432225,0.01814395641827593,0.017224863035729232,0.017433974932657526,0.019741787598902105,0.014152635376471157
2019-08-28,0.0,0.00417979619159925,0.0007596096913962125,-0.0010331896772702853,0.0020313007698897767,-0.000510370579217212,0.0017894426458506807,0.00016424123385316847,-0.0001177689378731861,-0.0004037025821821416
2019-08-29,0.0,0.004478709764441868,-0.004431195687116474,-0.001953207445048455,0.0007062020383703516,0.0008392862984887284,-0.0031937654247432556,-0.0010333539840508,-0.0009225867468548588,0.0012517935047244855
2019-08-30,0.0,-0.01739224370327963,-0.018846593919252586,-0.016404820908914486,-0.014960346272301361,-0.014287877436884311,-0.01088507141259265,-0.011102377909213978,-0.01160236211352006,-0.010599793452111816
2019-09-02,0.0,0.026058425227189375,0.023379611286442614,0.023502560166373865,0.023794013371787992,0.021537417053901997,0.022183995418812996,0.01931695256598709,0.02436891269795738,0.019198724202600825
2019-09-03,0.0,0.013521882149197362,0.0036118563273221937,0.005396725024039428,0.006517040125773477,0.0034877127308019507,0.002743227040623797,0.003362498420366622,0.003912591043803149,0.0047882420234171
2019-09-04,0.0,0.01765832005937229,0.01037936621643043,0.00986959277531807,0.007397965935592721,0.006968395899688451,0.010704898210295744,0.009710570654214434,0.008551679367725606,0.014118002177635258
2019-09-05,0.0,-0.0007661724578861273,0.008007610847855284,0.008769560327093862,0.007641516613615895,0.007748388873070056,0.0060273782476485405,0.005935265215223362,0.006726969257480286,0.0024319987062941806
2019-09-06,0.0,0.0026968715672279764,0.005183790797380405,0.004153893155912192,0.0035838231807314713,0.00553762505958888,0.0022081251489336484,0.001802877957982174,0.002058793287006422,-0.00039001399300775397
2019-09-09,0.0,0.012101940546190848,0.017485294558797104,0.020114254303208456,0.020995655024864,0.017692926931653696,0.017184918930668758,0.014880949426505419,0.01314154560400449,0.015783414703194776
2019-09-10,0.0,0.002967897417107901,-0.001674946086145379,0.003806596793152428,0.0023243699943189533,0.002489059153162776,0.0015273046923898193,0.002284324425235962,0.0032094902155250793,-0.0021955832716523682
2019-09-11,0.0,-0.007809965546720754,-0.0031950604515517123,-0.004368420726924227,-0.0049913732761383,-0.004916568517282505,-0.004457599104695009,-0.005086361858155253,-0.004223085607367616,-0.0006486413400144109
2019-09-12,0.0,0.006563849707997171,0.008743452098511462,0.007313721676654561,0.007137714425721642,0.006474292213710653,0.005616481748203617,0.005782345099752506,0.0050300715042852495,0.00463555379534375
2019-09-16,0.0,0.004276802391087742,0.0035982730148571562,0.0033391078341986624,0.0014739031950419257,0.0033114792925172942,0.004240889315227925,0.003289591559992644,0.0009963123078085,0.0003043613505675502
2019-09-17,0.0,-0.026856993595795076,-0.02541944870466517,-0.02394476422186642,-0.023596432424319524,-0.022533158059155456,-0.02478287601976603,-0.02296120476640351,-0.020848498930656545,-0.02341228255863481
2019-09-18,0.0,0.0036414695663899987,0.0006102714655196184,0.0022381188924596174,-0.0005965536889559475,-0.0013354652882676676,-0.0006162383548014017,0.0014853784356201327,0.0005658413435440934,-0.00045923105023859545
2019-09-19,0.0,0.019206874386517248,0.009513601908999414,0.014222737079124359,0.010712251935314443,0.00844051589761885,0.008965301269785453,0.009469425913282148,0.006197906124106423,0.004510272413803085
2019-09-20,0.0,0.012534314454744289,0.0033187519787787334,0.002290124029326046,-0.00012993458272514413,0.0015783898768517712,0.00043239026046304474,0.0015156418175188424,0.00044217596433338,-0.0011167023547516974
2019-09-23,0.0,0.003764536352327541,-0.007245666926216421,-0.005075227477230659,-0.008282736540158764,-0.009097609068982937,-0.008968216154971453,-0.012234141935348553,-0.012230461980648477,-0.013115158166478236
2019-09-24,0.0,0.005846567406709413,0.0020502767955374868,0.0007696078235526205,0.00038669216531062034,0.0012540328540111556,0.0021907437748978076,0.0009049695321468043,0.00044606846482198037,0.001542030687539997
2019-09-25,0.0,-0.034791344776769484,-0.023647457027083596,-0.021084691133772315,-0.022369169095966535,-0.015176686612086376,-0.01651884552655314,-0.016348025023812607,-0.016939427417394515,-0.013652752433142012
2019-09-26,0.0,-0.021449029653924256,-0.028166260113014596,-0.029164667449441573,-0.025199181723206454,-0.023407406598841995,-0.02099420696097576,-0.02347193512561241,-0.01931029399929951,-0.013238800850017496
2019-09-27,0.0,0.0033004896078605572,0.0132103620625732,0.0074669527727782015,0.009994659418787855,0.008020202531338061,0.0065440783239991696,0.0067976378021716855,0.0006414592728332114,0.005446364997576225
2019-09-30,0.0,-0.013738817447709772,-0.00630264684336812,-0.011920041548230231,-0.00927766943783992,-0.00975255305997369,-0.009374711561273008,-0.0076323221117186035,-0.004994090382802185,-0.005093950882203324
2019-10-08,0.0,0.014533027266375065,0.003254513403661008,0.0005154066753187969,0.003218911771746935,0.0005201976682704945,0.005364380830704896,-0.00011145109075350046,0.004979225280891786,0.009522100857970228
2019-10-09,0.0,0.010641633457761257,0.003910644809104191,0.010270149373521997,0.009182450347227311,0.01059992162232759,0.007993287516953052,0.009171832580247008,0.007840299048290866,0.010839982552822036
2019-10-10,0.0,0.020935136752839645,0.009908780853710386,0.013324670420384654,0.010755150766134092,0.01258520389510287,0.01035883184905928,0.009258311473487435,0.011210045022634452,0.005847655476337588
2019-10-11,0.0,-0.0059376335465642915,0.002265369885683821,-0.001000808238926787,0.0017076818294152751,0.004011749588629598,0.0021263829326436667,0.006146612608719959,0.00455714379786798,0.010881948532418972
2019-10-14,0.0,0.025334862194105634,0.017855040149145962,0.016512852391904254,0.011133569702085788,0.015500332095432112,0.01412039285942468,0.013654192846269453,0.015228174165025088,0.0108743138706493
2019-10-15,0.0,-0.003911185378267956,-0.00884940119649058,-0.010586249534447978,-0.009137079802293613,-0.007522172546169048,-0.010017661644866505,-0.009700995830232428,-0.008595194326279199,-0.009724643742861194
2019-10-16,0.0,-0.009290470161430586,-0.008990930279075049,-0.00775047807985485,-0.004493084330509878,-0.00803180023982486,-0.006058375362822388,-0.004416486897845462,-0.006535947039823298,-0.0061352315121583345
2019-10-17,0.0,-0.005669654722491924,-0.00645186103647255,-0.00287381735733494,-0.0009175475135042577,-0.0028014929602557803,-0.0015757007207161111,-0.0031872238868165814,-0.0035578483264024907,-0.005865234969936073
2019-10-18,0.0,-0.010798682957418038,-0.013494115754297487,-0.01276027560952886,-0.015492279857235558,-0.01173629595956649,-0.014134698474631002,-0.01251051282760307,-0.016556157469297506,-0.011506019036762738
2019-10-21,0.0,0.002166756788681612,-0.00011411685289031137,-0.0045417597539471055,-0.006255981377857545,-0.003706174844113286,-0.0025005833105722353,-0.0017744923495212062,-0.0030957062358371035,0.00023178196440021281
2019-10-22,0.0,0.011069824802932615,0.01000520101100344,0.00983250814107195,0.009739021628412337,0.01056444168458337,0.009570358968362003,0.01033752825237877,0.009357994893812949,0.004904098648331967
2019-10-23,0.0,0.00015095916889307226,-0.00044233147166039544,-0.00712671112002472,-0.0026716943466201792,-0.005351072005142399,-0.004312989188638761,-0.004983201915564672,-0.00945090470514065,-0.004601721873092046
2019-10-24,0.0,0.007717315909911315,0.0013740324969351292,0.000891282188765441,-0.0012561369229341368,0.00015845376221923502,-0.0004269021625691316,0.003483708434217858,0.00010662341727574187,0.0010048613214381774
2019-10-25,0.0,0.01373770840607258,0.0051582980175644,0.006498341686736797,0.006180463773341804,0.005305663190630527,0.007905824682511886,0.006008566758406442,0.00821209086629815,0.0038542559299887813
2019-10-28,0.0,-0.0014657602839668327,0.01724135938499094,0.01664366795235739,0.015352300544865694,0.01764631716676135,0.01183948149186187,0.01498244659919612,0.011732325300360058,0.008059279480335801
2019-10-29,0.0,-0.006363596247048964,-0.01563132695431113,-0.015762094044887154,-0.015906561339782077,-0.011960486791155467,-0.011732871880547724,-0.014125888621292604,-0.012155649448333694,-0.012347797593123211
2019-10-30,0.0,-0.024389894221607422,-0.015311708042702321,-0.013653673572147862,-0.009629878876755482,-0.01232950672778288,-0.011344595461991624,-0.012968555378035984,-0.009474302597012985,-0.007943030739596346
2019-10-31,0.0,0.0021506207527106636,-0.015010012056603461,-0.00959626865708818,-0.010813398334051039,-0.011842996574674802,-0.009822306071084475,-0.010504594335545514,-0.010984540266408493,-0.00918056304463799
2019-11-01,0.0,0.014844376558806882,0.012776669566486376,0.010584614677359605,0.011170262299384115,0.009016919443955995,0.009281461402876001,0.011150935594436362,0.00625848222878167,0.010985818393473457
2019-11-04,0.0,-0.005160833981443846,0.003233213058310813,0.0022409627763311235,0.000809777549604318,0.002402922694556331,0.0019275471908748454,0.004297210237262705,0.0015026318899646895,0.0029744727410481175
2019-11-05,0.0,-0.006386660236803676,-0.0002798672567643212,-0.0018011934713724198,0.000615886049086356,0.0024989565689654825,0.0038582951030090573,0.004487831529426112,0.0015510671666141285,0.002074657129853996
2019-11-06,0.0,0.005914630246637742,-0.00888154656124207,-0.006980894819385242,-0.007650221453034511,-0.00829596843085112,-0.00872530571095853,-0.005593220738518201,-0.008070739275754857,-0.003356550005801817
2019-11-07,0.0,-0.005119877160884467,0.005665608322811488,0.0074822801375684644,0.0056839980202736395,0.004754415635051634,0.0041252632341857165,0.004753514087431965,0.003522568987878394,0.004913236364283202
2019-11-08,0.0,0.005258177793334484,-0.001362060358652828,-0.0036556064329291704,-0.0033265594958145073,-0.0020345741214186086,-0.002381963055890668,-0.0039011996488971246,-0.004051374572531463,-0.007649621265771178
2019-11-11,0.0,-0.03606096804462777,-0.02585807894855041,-0.028387903917592272,-0.025255562640929652,-0.022777511661590255,-0.024565880724011446,-0.02420101709052025,-0.024959113858023185,-0.025516547652537303
2019-11-12,0.0,0.010500322888315372,0.005127136855819225,0.002530745459500494,0.003910905512309437,0.0040284720333045865,0.0024746131302371133,0.002244814140068163,0.0037416707257778015,0.004027935895180024
2019-11-13,0.0,-0.0014525717003793792,-0.003263418494490633,-0.007521795449527691,-0.005047345919480306,-0.003650390876529852,-0.003940414336246256,-0.0052007866864466346,-0.0055189919532177,-0.004997235157358615
2019-11-14,0.0,0.012695473136580704,0.008528700986036641,0.006061015069417586,0.006478427670158826,0.0035806761751213667,0.0025920855919083774,0.004347969528686546,0.0023366844025913824,0.006364888031539229
2019-11-15,0.0,-0.01931980999715155,-0.013159774155327097,-0.01048725057980926,-0.01534530376120169,-0.012020329983336575,-0.013510800817562618,-0.011836425015769425,-0.012660671160811265,-0.010463885373111381
2019-11-18,0.0,0.01070003447113188,0.007816053653884492,0.007125111216110813,0.006320726873427107,0.00888018503754262,0.006674164809777006,0.007048156530104821,0.006946816475052797,0.013038549654946552
2019-11-19,0.0,0.010436685471582274,0.012868938173415945,0.01564013300683298,0.017162588200459794,0.01378365356041078,0.015337228760070376,0.013791121628756509,0.013714840232836867,0.014350406100276825
2019-11-20,0.0,-0.0033001678910571375,-0.0046276514644632005,-0.004555760288191046,-0.007107840440623625,-0.006478046592055753,-0.006628047145218696,-0.005009008346559152,-0.006391238577586167,-0.0035605840345688256
2019-11-21,0.0,-0.005040954003921128,0.0011373398055982697,6.770799632715985e-05,-0.0004052084829690994,0.0005911914295244625,-0.0007026656412620902,-0.0005254912116486876,0.001724999228780666,0.0016355352658170563
2019-11-22,0.0,-0.007305310739850968,-0.009328185313272952,-0.0062015038747313955,-0.005947395481256779,-0.0053641391993181076,-0.005829290957416133,-0.0044780757230943324,-0.001711067112789677,-0.0011729138085015967
2019-11-25,0.0,0.003453108345760514,-0.002574338385031183,0.0014885462673357441,-0.001234834281741759,0.00185362349887086,0.006120974150217506,0.00726330658129859,0.01406753465728472,0.02257693818684814
2019-11-26,0.0,0.00022730669475490295,0.003180969296093572,-0.0009718394426274646,-0.0011767927235737385,-0.0033451458754064634,-0.0024272119293521355,-0.004530460515237644,-0.006727257563501343,-0.009563493843232296
2019-11-27,0.0,-0.005109624946140312,-0.0007090048211346733,-0.0019806362962093704,-0.0016041710520060537,-0.000707785425560159,-0.0002551677355620008,-0.000685123178224889,-0.0008854705254649486,0.001358557987349629
2019-11-28,0.0,9.687840261141112e-05,-0.004135982000005312,-0.002997691874926156,-0.002459355512448802,-0.002339224132794304,-0.003805765810368067,-0.003437285716156535,-0.005209426249262239,-0.006526383499576793
2019-11-29,0.0,0.01040237065508931,0.004540357973805698,8.581160182941083e-05,0.002988154270536114,0.0002468099090937592,0.002193494350095637,-0.0006827506563981123,0.0013379132273456662,-0.0006878541642942881
2019-12-02,0.0,0.0021138561671449896,9.611144807930572e-05,0.002663140848925716,0.0001016930034771768,0.0007791140451864909,0.001372447051480652,-0.0005694958110749049,0.0015972137216797577,0.005826787186002047
2019-12-03,0.0,0.006841939057400825,0.010201205598283192,0.006870699390865376,0.007244082136715679,0.005545771826483303,0.004479076531714865,0.005474304747115966,0.004060285992101065,0.00184151756040829
2019-12-04,0.0,0.0010629479088408722,0.004227799556588474,0.0016381729043284388,0.0013646700503926468,0.0006788602936076416,0.0013653373778212963,0.0001627715056249368,-0.0010042365938827125,-0.002073961739650465
2019-12-05,0.0,0.017233603028804723,0.006480881994628707,0.008622278897418623,0.008331622527300908,0.009862280672195523,0.008249700958178119,0.00743854177236325,0.00588626028688255,0.007031201831160017
2019-12-06,0.0,0.012160101718965421,0.00540565201434462,0.007019765538588629,0.0057021300401207675,0.006353563335681045,0.00420734083558294,0.0043076612655692514,0.003086647587754676,0.004965047116669563
2019-12-09,0.0,0.005229109622792771,0.0024037828103602443,0.0015131329058255538,0.003297070944322744,0.0037741185217816664,0.005070505661395774,0.0025099657989255952,0.00600109647425584,0.010685349484479856
2019-12-10,0.0,0.01791622691484762,0.0036177113036035546,0.0035521897370713873,0.005237262786933261,0.005073281478143121,0.0036075312199859155,0.00031218238018349,-0.00047937297106925847,0.0006917176690135474
2019-12-11,0.0,-0.005328643906296393,-0.0005243650515940335,-0.0019840579007825987,-0.001930804248432505,-0.0025216800114128413,-0.0017830744213056526,-0.00039353631913296994,0.0020607982353717524,-0.0005198877525596224
2019-12-12,0.0,-0.001537650439022653,-0.005713484771770361,-0.0019289645563758118,-0.003325803042624309,-0.00218081222442279,-0.0027875196933642155,-0.0018092466743494517,-0.002797781986548009,-0.006410952313557705
2019-12-13,0.0,0.018095005344629378,0.00939060450649376,0.009881392528592325,0.010119677224440071,0.011032600880388044,0.010797782444630366,0.01198351712454837,0.010787627066264793,0.010800954185381961
2019-12-16,0.0,0.018861108784676173,0.018973400318315292,0.017646775405113058,0.018255991236975966,0.014455176774486489,0.015138076870045536,0.012869424860440848,0.012213445991410055,0.012570636920422817
2019-12-17,0.0,-0.0003435676162909518,0.01147524227920571,0.013142831983650183,0.011526370388150298,0.013892404359298505,0.011438912704003323,0.013131783313390377,0.009917024903615346,0.014336750163159051
2019-12-18,0.0,-0.010621995243061622,0.006444822377570381,0.0017630365451661856,0.0014650464936425411,0.0006204244661807135,-0.0003437544540025872,0.00018970428031073183,-0.002159716789330135,-0.0010117091155629199
2019-12-19,0.0,0.010408833753461355,0.010699569098995942,0.007893601780566861,0.0054675832558008786,0.005875362489099256,0.006135046007019751,0.005516762572447709,0.00795001053308475,0.0054085971103481345
2019-12-20,0.0,-0.007881651712625004,-0.006615312838008758,-0.009908941218590206,-0.008161859989235576,-0.00820406634328319,-0.006634270885076066,-0.006322803930204124,-0.008669466282625882,-0.0069089370698623975
2019-12-23,0.0,-0.02088873925475898,-0.02222447232256486,-0.020645051203751597,-0.02049270375443968,-0.019835112308906333,-0.019800453285716557,-0.018485907110864952,-0.017508608614357768,-0.018368380795457995
2019-12-24,0.0,0.019254407335825396,0.01502769127363468,0.01910951681024442,0.014657046355529557,0.015648989713290096,0.015795303904021063,0.013578264965662834,0.014748144389957973,0.00987507567823065
2019-12-25,0.0,0.004441932508587154,0.004896268322970965,8.409443593615507e-05,0.00331122381912885,0.00027171053742036655,0.004004052418997928,0.001472588459838109,-0.0008835265662929803,0.0045891410060492355
2019-12-26,0.0,0.00569178541841775,0.009287797337105719,0.00861747520532874,0.010839455408194976,0.008657094431621326,0.010289873215720169,0.009426010914306504,0.006991173997261457,0.007898942534594555
2019-12-27,0.0,-0.021735872456710714,-0.008792551935858484,-0.004626515788323071,-0.006965938464356336,-0.0047039749653535745,-0.005015692341874267,-0.0020126654935787025,-0.0034979818313022326,-0.0028022598483056216
2019-12-30,0.0,-0.0031717074525379196,0.0036498541264078366,0.007124532939722039,0.006192304901140533,0.007363592842810851,0.008856723476139416,0.010753772835047304,0.011549802866433811,0.010699302633490948
2019-12-31,0.0,0.0015678485205912196,0.009142091393387952,0.004945814475370902,0.004725655464564049,0.00606849762187367,0.00542136379460656,0.008843926617761566,0.006883286107085995,0.01347179625672057
2020-01-02,0.0,0.018595332705393153,0.022398846444771303,0.01675589519081555,0.020173239384958297,0.01891759603505716,0.018104810395418447,0.014939842283090199,0.013965610573059895,0.00993350839151308
2020-01-03,0.0,0.006526512034883192,0.003974502951449299,0.008356661885452699,0.007238303012997438,0.0036259289335762723,0.004974044255520393,0.006461708627571783,0.003541527999708638,0.0025617040383627554
2020-01-06,0.0,0.01798698486970074,0.006914501925445515,0.009436183335297832,0.011295665332089033,0.009005300565780194,0.007745860613880273,0.005803962788908823,0.004789665034375501,0.0020831694979985826
2020-01-07,0.0,0.02073636007713997,0.01187294826046692,0.015636960339195483,0.014120387904806408,0.01224407716296394,0.011283147916619995,0.012001515437336963,0.009963023387870251,0.011608269539255422
2020-01-08,0.0,0.009678362761988302,-0.012228286937587263,-0.010816965907070375,-0.01043165182335093,-0.012912970930192613,-0.014738052606403151,-0.01228755730127562,-0.0185135108940645,-0.018227653420880174
2020-01-09,0.0,0.029720545676851673,0.013147965573242049,0.012424774569937735,0.010103191101525688,0.012788270217294562,0.011761951360188094,0.015470055066829635,0.012779107884373753,0.009701412238474205
2020-01-10,0.0,-0.00586586002847389,-0.007418290698832042,-0.00742816590738804,-0.001942920874863474,-0.002803350530856674,-0.0034020632811573304,-0.004452048277052256,-0.00451090364854112,-0.0017510676814584958
2020-01-13,0.0,0.017899492409572337,0.015194077263363637,0.0101412854260865,0.011238839637210063,0.007752442488791367,0.008869497650134006,0.009788368728489427,0.007100867781599796,0.009153494675852247
2020-01-14,0.0,-0.008865657982095598,-0.0016042759437880916,0.00045168960193264773,0.004508746392362761,0.000977713414368253,0.00019371132257650636,0.000966607376574613,0.003621770855908313,0.0017022114355758067
2020-01-15,0.0,0.010665198761957262,-0.0067058303247008455,-0.007670228942020518,-0.0038276604274438686,-0.005707062158287646,-0.005824065694448155,-0.002626833258235317,-0.007817912502056878,-0.012221601881935662
2020-01-16,0.0,0.010276990132856767,-0.0015389788853003017,-0.002870918786590293,-0.005942538927504848,-0.0053869364520356955,-0.004422027588391497,-0.0018400658084247734,-0.007714006777871929,-0.008189216897058982
2020-01-17,0.0,-0.0014470767500363024,-0.003104942124682486,-0.0027409442531666217,-0.0033968790972143115,-0.00636599284315531,-0.0031416454868024024,-0.005950338101341379,-0.0021849136411759007,-0.002580579610362177
2020-01-20,0.0,0.020053869605631824,0.009068058528597156,0.010382746285153566,0.011054625362724169,0.006141000912759154,0.012772937558575448,0.00685030480061144,0.010461409299052926,0.007766609542765313
2020-01-21,0.0,0.02649957338917086,-0.016789359047074126,-0.010662607514904665,-0.007904834537117766,-0.013721396282305176,-0.011242335015452687,-0.014453050157145486,-0.009842420578544564,-0.012071737734266619
2020-01-22,0.0,0.02397794432779765,0.0008725029608833701,0.002084314840545387,0.005288367591112841,0.002246659893536007,0.0008901318625125221,-0.0037530754461440052,0.0013405141644831087,-0.0005801163022386424
2020-01-23,0.0,-0.00986242316487873,-0.037254337740502796,-0.03092049833099564,-0.030136306372584465,-0.03567254789880048,-0.03215446740350769,-0.03360664701051663,-0.030032506830611427,-0.03641775486296872
2020-02-03,0.0,-0.09716137407515235,-0.09166558340485487,-0.0868617347972448,-0.088525739894047,-0.09020469909784146,-0.09152307943177651,-0.08652510805910574,-0.0852836070929417,-0.09175211250554605
2020-02-04,0.0,0.019119811001528264,-0.01840827217598584,-0.007355240168522625,-0.0020735685799857517,-0.00608580691113858,0.0034481732728997017,-0.0019289783587954634,0.0008546110028182508,-0.0023096898674782596
2020-02-05,0.0,0.043169253606106794,0.026541881034217063,0.03198500389123904,0.028311196524303694,0.02587069577458867,0.025226990814837036,0.026246774083414692,0.02536375147407499,0.019987258869394786
2020-02-06,0.0,0.04578399063412153,0.02599781020715186,0.029784917639064545,0.02550269083145862,0.024667833248833704,0.0266034219886484,0.023888679910291533,0.02333616328059729,0.016651642942113964
2020-02-07,0.0,-0.001371258412047105,0.007507625354573388,0.011979855095918479,0.008499778447329742,0.00947491053893268,0.0072529106303016455,0.005772842925233945,0.0014401868927509387,0.003333596383339854
2020-02-10,0.0,0.040691939015591316,0.012810655844455843,0.015776742094644636,0.011316562211802772,0.018715749973783113,0.015336333187511153,0.01500833903744292,0.015899291074382038,0.030276564192367905
2020-02-11,0.0,-0.032537031879659395,-0.009977412327185964,-0.010920783125588418,-0.0039518697493765576,-0.006921759351721235,-0.007734071092012518,-0.009658607395567897,-0.004994085303745455,0.0028287916841278626
2020-02-12,0.0,-0.007776737046815474,0.016946726396145584,0.014666302677486698,0.018543928924014796,0.015198888629363694,0.013963614795554413,0.01420291442701993,0.010880863166404353,0.009357421895045182
2020-02-13,0.0,-0.010886266945357104,-0.01164364661478201,-0.010704054478393399,-0.005376042523158042,-0.011182970757421473,-0.008744498975763348,-0.013220701473500518,-0.008670667221219563,-0.005338970416385425
2020-02-14,0.0,-0.01377337029276704,0.00041583823654423036,0.0042819560928517575,0.0016607543203459585,0.000299322725407114,0.0016906167573931263,0.0019379942717794307,0.0038455913819321896,0.0048314247566945134
2020-02-17,0.0,0.03418043667615467,0.036182797314846304,0.0306786921469393,0.03530512083010895,0.03174710395678626,0.032115817524104084,0.029056082878735845,0.03062441930917026,0.028639313263175037
2020-02-18,0.0,0.027990537415782946,0.017980453328888535,0.015910063616747072,0.02049800086140352,0.015628166239398,0.015128350554828751,0.015418145979723574,0.010315866459550849,0.005804010722557651
2020-02-19,0.0,0.03693126062699981,0.0008291580417485456,-0.005356397025625403,-0.003775466361792601,-0.006628998010231424,-0.00200816740410259,-0.005251282314496564,-0.00189980220203112,-0.00437389595519555
2020-02-20,0.0,0.003478672974879249,0.02387607257786417,0.01664040217639262,0.02009211930764243,0.0171618058395151,0.017227217589780963,0.015795323888512236,0.015369293170963694,0.01790917572228401
2020-02-21,0.0,0.004599396106084397,0.010490880937583213,0.0143421878067711,0.014386127209706778,0.008765342551255273,0.010473856521046265,0.008648045179951103,0.00867728032386772,0.009942049029065592
2020-02-24,0.0,0.017281234930718314,0.007674580496425554,0.012259271567490737,0.018520731447822403,0.009998541122291593,0.011290539005640587,0.0069465271103799076,0.005422306895868978,0.0015932930143527368
2020-02-25,0.0,0.00862005266297472,0.0005108322335578563,0.0011013230690775089,0.004316339707733041,-0.0012982248328478052,-0.0017700180476799554,-0.004264494858357115,-0.004063144470763946,-0.013010359102419877
2020-02-26,0.0,-0.023303961188363975,-0.01375809536434247,-0.013250846833219643,-0.01821308983230796,-0.01220521856652379,-0.009780449300583527,-0.006576511492823789,-0.0023519771563209613,-0.0034545421073369775
2020-02-27,0.0,-0.004772798958225799,0.0018072420090771146,-0.0026917059497486573,-0.0006386782907774613,0.0029331468468543065,-0.0016503484453059825,0.0009877214700093617,-0.0005321188748006467,0.008782841091646176
2020-02-28,0.0,-0.06877602560709306,-0.06052046114646559,-0.053130602239652935,-0.052081498357121725,-0.052646268744411584,-0.05008520428146046,-0.04830068194862758,-0.04345267088223603,-0.043804914726776834
2020-03-02,0.0,0.04402383011846678,0.04088787055606247,0.03951051368272673,0.04198176337525439,0.043983346928724076,0.040691967140498386,0.03937505339326419,0.04020764692180889,0.04790748487877483
2020-03-03,0.0,0.019839772864981287,0.015412395246684696,0.012368073143180558,0.00914510047484196,0.01361042447101557,0.00925896055689468,0.013038446429949557,0.008247530457676788,0.009124427819388936
2020-03-04,0.0,-0.009896338447486608,0.01683264110777527,0.009120979180418987,0.004831198174822804,0.013957232320944701,0.008286735417783575,0.01449462569057225,0.004345438430134019,0.015576934620713079
2020-03-05,0.0,0.027147737415133877,0.02192755547569991,0.016963101423981275,0.017640954314561252,0.019586923236369014,0.018503708485364978,0.019778013297238273,0.01765290224475291,0.015961643291663385
2020-03-06,0.0,0.017681073720700935,0.004371691702534708,0.0007080365839782221,-0.0025759348023419726,0.0016904325103737072,0.0005482357294610551,-0.006366196852380046,-0.0065590604661456275,-0.0105530078871382
2020-03-09,0.0,-0.04294482489805451,-0.03031405379372165,-0.03329302675999002,-0.03281970436296833,-0.030037074663486707,-0.034486743818800125,-0.033487908154161694,-0.03215812103726445,-0.0332706006318545
2020-03-10,0.0,0.010873823941676797,0.021273313494037938,0.02229028001830513,0.02191776896489772,0.014326620095919784,0.01943893909141936,0.01574181231733096,0.015349820011095971,0.020428910946871826
2020-03-11,0.0,-0.024599558609013084,-0.006322473912038551,-0.008958954873166558,-0.013017244655846416,-0.009159561294934115,-0.006485297404454471,-0.00849475373001507,-0.009956669612975477,-0.010246341690585026
2020-03-12,0.0,-0.009796703372022764,-0.016890695411363565,-0.01730339046113183,-0.01792944592288459,-0.021249334282064325,-0.017663123696982197,-0.018087109622224373,-0.02073698423360104,-0.014298451402217194
2020-03-13,0.0,0.0035125989137114733,-0.003932355116726072,-0.011825226730632132,-0.011622338974549229,-0.013837965260010465,-0.011651309384316355,-0.010089702851425075,-0.012925477650164163,-0.01407482170275054
2020-03-16,0.0,-0.047949023528549684,-0.03949088449366889,-0.03733497658558327,-0.04028060584609716,-0.03381160795522731,-0.03811434150551585,-0.03183237076784806,-0.031391759717745216,-0.031478804339517
2020-03-17,0.0,0.02404065478395956,0.008842884231309522,-0.0009812445032384431,-0.0011133800586899945,-0.00047629132840298904,-0.003914839859033403,0.0007212578133870551,-0.001434247016053658,0.004046000733744615
2020-03-18,0.0,-0.031875831728683135,-0.018379392370253433,-0.016163703478912272,-0.017869350869572642,-0.016260814230784515,-0.018370672499771867,-0.020158915000579758,-0.016279981366343677,-0.013486146039772051
2020-03-19,0.0,-0.0032110576235208077,0.004559867267914575,0.006367888653319609,0.010123491117575156,0.004682551493119247,0.00760471568264709,0.005868562028073843,0.004460725003757382,0.004894829385504007
2020-03-20,0.0,0.01471404233403728,0.011769945088538014,0.014183356866561914,0.014571184241671586,0.010736225240161268,0.015888088859958183,0.012404406191818262,0.014991419777665715,0.013145099984960273
2020-03-23,0.0,-0.04451969958173996,-0.03290289932062185,-0.038913523817900475,-0.042741977456369984,-0.040695143546808255,-0.03974498613333277,-0.036610655496776556,-0.030890085144788748,-0.028775258199472464
2020-03-24,0.0,0.005079306294535346,0.008169474298139745,0.01719801542370325,0.019673315111783385,0.01687005749691095,0.01823128043487432,0.024105667410854403,0.018053779774616974,0.015662247222254955
2020-03-25,0.0,0.02364691052568224,0.024349687139311182,0.022063177674146672,0.025578482920039836,0.02227391150418412,0.02291462185565596,0.02222701198312782,0.01918797367930547,0.012866055694280787
2020-03-26,0.0,-0.018892968038382474,-0.016281869941903948,-0.011465966055476784,-0.009298306090990693,-0.010995417368173999,-0.011118638818989002,-0.012727398104473986,-0.01064333273288387,-0.013237148653584163
2020-03-27,0.0,-0.013551585495976681,-0.007412819937528847,-0.007342341566292654,-0.0014302228576472675,-0.0010381252329392243,-0.0016170340188286225,0.0020302419804925087,0.0003020041844923327,0.003879550900671047
2020-03-30,0.0,-0.03315779339800007,-0.02501527827500094,-0.02197330819908505,-0.01541033377141765,-0.020883976627976253,-0.015957457569521383,-0.017684180939704475,-0.016079298416346366,-0.009107447460054652
2020-03-31,0.0,-0.01991061322411869,-0.007002994602734236,-0.0019946308316410866,-0.002756604119862116,0.0003234136971839163,-0.0012512479315032188,0.0001983908456315575,0.004609469383374032,-0.004201081417626762
2020-04-01,0.0,-0.01111156698916127,-0.004303122358923939,-0.007684862183026109,-0.0038005183280913624,-0.007326578344369894,-0.006214736969687773,-0.006732992801488646,-0.004585866398918004,-0.011160156991668169
2020-04-02,0.0,0.04300696540763327,0.024537020727366965,0.021193280868856634,0.02185432189540948,0.018873972729034794,0.01801881891639967,0.01618863417657468,0.015129961447629903,0.011614186845885888
2020-04-03,0.0,-0.010809377813018606,-0.006534584437947966,-0.004859398777271151,-0.006711835929488874,-0.003540277525769353,-0.007581240010500423,-0.005232037712226911,-0.004303031131135171,-0.007989978844544887
2020-04-07,0.0,0.03402342591955554,0.03269676711998115,0.03325033134460931,0.03187622480296004,0.02996645545561072,0.03117723491822333,0.02882055642061987,0.027753002651367265,0.03258611238069253
2020-04-08,0.0,0.00731501070421392,0.0042155246859996165,0.006459769030196405,0.0030745178372608706,0.0031970483654584214,0.004815497970573013,0.007566041372573995,0.0013724268264658779,0.0016775293440531858
2020-04-09,0.0,0.013894358000988039,0.010885978272987762,0.008269102357316038,0.007929366162745088,0.006181435280063541,0.005899789878615502,0.0062040441161341775,0.004725999024177696,0.00797268596405698
2020-04-10,0.0,-0.03938387531412901,-0.02442132417471987,-0.022626012464068257,-0.023228032938298004,-0.020544032322085237,-0.021407535790544774,-0.017479405426347627,-0.02288018071068365,-0.01596881392853422
2020-04-13,0.0,-0.022861667302149558,-0.004777211484710331,-0.009658935012375358,-0.007009038223366626,-0.0032302331931406414,-0.00518624881546681,-0.0030111227528084594,-0.0007779568069912202,0.0009399748357992177
2020-04-14,0.0,0.03208398621656605,0.025738241848515697,0.016898855378852717,0.01978272342260512,0.01651907888621551,0.01803643457934201,0.013017680269083565,0.014208627195888113,0.01122397908764472
2020-04-15,0.0,-0.006814363506570165,-0.00563343081040335,-0.0026998173258937497,-0.0037483036824602634,-0.008159613696415158,-0.007078477691534357,-0.00791866984232481,-0.004089166920879905,-0.0057368448516578185
2020-04-16,0.0,0.017670394874590878,0.01220876652933689,0.005248025081438623,0.0019561475871754386,0.0030606137715345483,0.0044649487949308675,0.003407139000565884,0.0013429318344442276,0.004914540159503433
2020-04-17,0.0,-0.004158538509575038,-0.005373958705463311,-0.007158701228676123,-0.003060903728768549,0.0001566210838985782,-0.00043250352538537484,0.002070590164408692,0.005278930280394389,-0.00022631778690151982
2020-04-20,0.0,0.003960725721460001,0.007992484570463088,0.01366337745892876,0.011512781763732605,0.011895143415088683,0.010336628459626906,0.00995510529105137,0.01019244691222343,0.014391409290644752
2020-04-21,0.0,-0.01474998755919843,0.002723021978823237,-0.003842230438725114,-0.0008340046070659524,-0.006346688556594593,-0.004526991375004563,-0.0060368666332074605,-0.0015956584603541435,-0.0005259931491503611
2020-04-22,0.0,0.013268218035690449,0.013883458147039951,0.005434930244158309,0.01020674108456987,0.007089602995879352,0.010220000979390909,0.010927566585869686,0.013375579809624227,0.008270470389976081
2020-04-23,0.0,-0.018603167272675525,-0.009345107261763297,-0.005354481528762389,-0.0034757164201286717,-0.0011025823150497827,-0.0015885776033277565,-0.0041446006317023,0.0009514446918827968,-0.007283501242836721
2020-04-24,0.0,-0.016904517019075804,-0.019843395406304087,-0.023793476076787168,-0.018789224475102784,-0.01848428737404373,-0.014767549588090345,-0.015342473178565963,-0.015903472539426144,-0.01363541646475852
2020-04-27,0.0,-0.004600781243300767,-0.01238736338188906,-0.010287668130255834,-0.006438709093787631,-0.0022861164148294533,-0.008713304394750598,-0.009118353568752346,-0.004209741037310422,0.002524147969963364
2020-04-28,0.0,-0.019315044259868852,-0.018916942264818326,-0.01754098460714848,-0.017820640208957794,-0.02129069823042684,-0.02036682963605041,-0.020251934169212227,-0.01880889612832848,-0.014549701066128962
2020-04-29,0.0,-0.009629280491492698,-0.0029001349881220273,-0.00032943670697305194,0.0003437964042383168,-0.0007377003432950113,0.002679524143903267,0.000491209967373285,-0.001642585898047666,0.008849317326912853
2020-04-30,0.0,0.026478306222038617,0.016564658058881854,0.0222597602167407,0.021252891422339326,0.0192414896098394,0.021375259621124965,0.01825373708540101,0.0065384183896264325,0.01963176103145403
2020-05-06,0.0,0.020816005282072725,0.01713633891460753,0.018555736057805028,0.016482033438042887,0.013028124084578652,0.01594523766021383,0.00998559069203564,0.009553929836635389,0.012196390364539234
2020-05-07,0.0,-0.013571950428326818,-0.0009151659184374328,-0.0007330865835419864,-0.004360153632922414,-0.002967478820728564,-0.00262886270805629,-0.002366248924447256,-0.0007861960792382439,-0.0010114389995741213
2020-05-08,0.0,-0.007543674378877567,0.0019956604901340477,0.004184281004528254,0.005182712588965847,0.004155828210438386,0.004041633953972003,0.0040284691376529114,0.00349046248834939,0.00507317627785936
2020-05-11,0.0,0.0006414757035984042,-0.002047550627823913,-0.0006813253788670037,-0.0004238319660644363,0.002088238291404476,0.0010117499045758649,0.0005273112776256195,0.0004681672623449984,0.01039892984675217
2020-05-12,0.0,-0.006819774017792879,-0.010282041884958848,-0.005604210264604004,-0.004519299740041394,-0.0036567249887464737,-0.0025150927301855752,-0.0031710889524652064,-0.0029978702361296294,-0.007322873114745221
2020-05-13,0.0,0.0071035468345359565,0.0005374810844318567,0.00650782767066338,0.003673477854516438,0.005220368533238151,0.004687756572328228,0.0032754811513637794,0.003336803187010462,0.002198953415863958
2020-05-14,0.0,-0.02178327521389356,-0.007422389389232564,-0.0068162363081419874,-0.010355796130921302,-0.006987319444286544,-0.008399294474813801,-0.01094210619639191,-0.009305229322229436,-0.014368615239818139
2020-05-15,0.0,0.00012718699075131568,-0.003640471839487458,-0.0010789309633001398,0.003853838876825222,0.002825901992436153,0.0010164510821391026,0.003164754333019326,0.0006536265067600411,-0.0012862976117768987
2020-05-18,0.0,0.002867575655824073,-0.004646377390190581,-0.0035474909682668976,0.00013336647151640513,0.0012057256520943138,0.001314576263112821,-0.0023172112962001057,0.00043814734816383094,-0.0005700200349516571
2020-05-19,0.0,-0.014693240524470186,0.005014275969323911,0.005193730717610201,0.008101337635302963,0.008637305153277985,0.006171342560217452,0.00609359759474315,0.008537066193284426,0.0047682837095295305
2020-05-20,0.0,-0.017142229674872556,-0.0038804280734222596,-0.004075550114218118,-0.008814318354651074,-0.007031946351580665,-0.008090580180086016,-0.0060328054421564525,-0.009750022880722131,-0.004428093545738143
2020-05-21,0.0,-0.0065140349482254445,-0.006858466864848034,-0.00630921970282472,-0.004788497646465717,-0.006610487428950207,-0.0050307794176154275,-0.005648228923029852,-0.004512928721909004,-0.006820693283117074
2020-05-22,0.0,0.008316722498530549,-0.0067935227264473985,-0.011677077406208936,-0.012238186521273509,-0.014012467074925317,-0.014211433143670904,-0.014123899082077673,-0.013934630540229254,-0.02031429033826926
2020-05-25,0.0,-0.0038438496967694302,0.007415975371480421,-0.0018321717054372577,0.0005862314413780378,0.0006070770774564416,0.002969527393868354,-0.0020142557423921126,-8.943972979824633e-05,0.006428467876722133
2020-05-26,0.0,0.01879528225206939,0.016176846700764358,0.016737650926190728,0.014058005620960046,0.014827704813832776,0.01620369320302184,0.017458852337532083,0.016393123935117382,0.01601527234760547
2020-05-27,0.0,0.007737639177453959,0.0043230208515230295,-0.001044648096714229,0.0017821376797495514,-0.0008381867480545813,0.0012046666038068032,0.0016324268887846216,-0.0020223553290688034,0.001103426967592691
2020-05-28,0.0,0.0008640092471976502,-0.008073807229464047,-0.005533495763909935,-0.001963305625216294,-0.00199893230862791,-0.0025026231879139438,-0.0014800183444522164,0.000534399281337361,-0.0011876454200596687
2020-05-29,0.0,0.010899421316238112,0.011652815871283861,0.008279841036151314,0.007106054222156599,0.008190712404080314,0.0017010411448561413,0.006734232810348351,0.004206027073537788,0.000982244649259112
2020-06-01,0.0,0.015596307928693376,0.023882561375324185,0.023550993357426497,0.022774354081568804,0.023377829613582035,0.02391000027356127,0.023677924502205183,0.023332225057968614,0.022077625796065314
2020-06-02,0.0,0.0019073298386933502,0.014949654092289322,0.010502896589561717,0.009652350979004298,0.005947294615520793,0.006635509464777867,0.004986682023648159,0.004504201941499586,0.009143489234560986
2020-06-03,0.0,-0.004211248829527725,-0.001963590448554542,-0.0025402077421740055,0.00038589255363730146,0.0011337477197181922,-0.0016555744690979202,0.00035559041718591367,0.0019298228563258135,-0.006742830908115227
2020-06-04,0.0,0.0035261552194620904,-0.0024572001808174093,0.006020549846395218,0.007067070082881655,0.006285570158183429,0.0023898777950035477,0.006501280192523495,0.002737658523132458,0.003224891137252106
2020-06-05,0.0,-0.0031214069648580756,-0.0028487176534293113,-0.0016648654377364736,-0.0029743027103827924,-0.003160641841786438,-0.003963529411110001,-0.004872737364158053,-0.005742562649914573,-0.006021339404626125
2020-06-08,0.0,-0.014409341817529842,-0.006249323762277159,-0.0057883934024822725,-0.003339973559713272,-0.0011722269176948075,-0.0011987513293683083,-0.0002784737788896763,-0.0002493308667961269,0.005852858053953636
2020-06-09,0.0,0.007590018237043861,0.002024345409783024,0.0013593781711191966,0.0004896515001278079,0.004494950446482848,0.004068233932226661,0.004786253568007881,0.00833601576933396,0.0002171703491755661
2020-06-10,0.0,-0.0073877740014876014,-0.005482347415929012,-0.005715687610678977,-0.00398989535512595,-0.0053723080439417314,-0.003568837557989868,-0.003870204379422648,-0.0059080102543865864,-0.00426643750772715
2020-06-11,0.0,-0.0009018980276380706,-0.0022650351931456925,-0.003491657334183662,-0.004700238429097503,-0.005877511875879482,-0.007241890641529025,-0.003088281168829754,-0.006012748345863295,-0.0023801624534799393
2020-06-12,0.0,-0.00010200000698912248,0.0015432953382281678,-0.002274007272435985,-0.004918496686144858,0.0016575884161607046,-0.00037055988854128863,0.001984003983062088,0.0016290399838243541,1.001932937705341e-05
2020-06-15,0.0,0.007735407214450873,-0.0025417019300324473,0.000719972717062145,-0.00206339612163442,-0.0007987991716481568,-0.00244041031836284,-0.0025106464342971035,-0.0034342976431737116,-0.008230875072558153
2020-06-16,0.0,0.003037446004489297,0.011797711824963919,0.014464551252433733,0.01474423899737487,0.013577934216979726,0.01319239052077914,0.01522864063269802,0.014026419672239498,0.02525762288149025
2020-06-17,0.0,0.002135929336915199,-0.002161296157327519,0.0004401756029128734,0.003925296536954281,0.00487434032374523,0.006300591964884195,0.00447805435548676,0.004527471432572261,0.0018776309984065431
2020-06-18,0.0,0.014449678061192461,0.0016342652426402093,-0.0026927168304590188,-0.000486910777841687,-0.0014081851008798107,0.0019448035138034392,-0.0008849108218175195,-0.004115851529091996,-0.0030319397932349057
2020-06-19,0.0,-0.0030798637050269972,0.002153680928174362,0.0035392535008624826,0.0003976116436763544,0.0014346401777014517,-0.00030368101676725434,0.006677976329787061,0.002025305127257404,-0.00016014069809300313
2020-06-22,0.0,-0.008169488824298798,-0.005186714354146749,-0.002258664112091968,-0.003773024949948023,-0.0015222420672168502,-0.0038631735985513727,-0.0027842185019310017,-0.001510438196680175,-0.004387893059497272
2020-06-23,0.0,0.006444740423566797,-0.000177860760213866,-0.006099858508254785,-0.00529148876040253,-0.003809221875798463,-0.00516936143049862,-0.0034497808532377716,-0.0057317237777851915,-0.002288408226754801
2020-06-24,0.0,-0.0014462833836964561,-0.0032643283693274405,-0.003345005836711157,-0.005726782723653678,-0.007264974215334563,-0.005456958747367402,-0.0035890989054750966,-0.005914197566149082,-0.003736975727403835
2020-06-29,0.0,-0.004906394367866329,-0.006374375519602404,-0.011243706344073012,-0.006008362549816182,-0.006236671639091251,-0.004933888114882601,-0.0076459821157582875,-0.007107826039221665,-0.01031674961245077
2020-06-30,0.0,0.01951744669420874,0.012573401314093235,0.009438320812311662,0.010146825583046803,0.012312988030622751,0.011880687827652947,0.011314231559299115,0.014055123256163649,0.008150726676529274
2020-07-01,0.0,0.011181776714549452,0.0011804420556411621,0.009513200644426956,0.005192092148608385,0.01067652152882248,0.009887487100832537,0.006981740010561177,0.0083611543595834,0.01347547210647626
2020-07-02,0.0,0.018723607230369366,0.017458323681165844,0.01830277662720281,0.016026009349197512,0.01731450806583501,0.01882154621441412,0.015968079750865227,0.01960507868514938,0.014861948689635529
2020-07-03,0.0,0.021220154903101696,0.011882876493445327,0.012242874102404766,0.012689708959268353,0.014265205998419628,0.016350078825590586,0.012267157726484346,0.016181494086825232,0.010325835249457072
2020-07-06,0.0,0.034805703364062524,0.043370399008585414,0.0424409051767094,0.03994181749075265,0.04101063778577574,0.04213265916808262,0.04314050574823591,0.04364699215921042,0.03966667295428672
2020-07-07,0.0,-0.01745713559300155,0.008620609175941096,0.009222595696015912,0.0045814208607626306,0.004012176244874377,0.0034070037645341777,0.004844366081765861,0.004510816371473769,0.0009395672051737414
2020-07-08,0.0,0.0018912564832216372,0.01984037564944252,0.021086079251786627,0.020842019912991505,0.016846886865599986,0.019285976517005032,0.02282178696363113,0.0230107476350494,0.027198124772672028
2020-07-09,0.0,0.02403411590054727,0.021520461861513684,0.021072192712993987,0.02223180730769614,0.023132452432202966,0.0215723536741268,0.02716040092026928,0.025390821663909602,0.02604623219914992
2020-07-10,0.0,0.002658172249157209,-0.010454562419945579,-0.008896618773321152,-0.012375366164310453,-0.007529452885171928,-0.010835373531114079,-0.007486526439526631,-0.014149424530887633,-0.010261044659101493
2020-07-13,0.0,0.016158198030806536,0.029821379539626713,0.02892100902314687,0.031127034770364048,0.034442391111612736,0.03120740650943432,0.03578070584480608,0.029509198061799635,0.04632472152092992
2020-07-14,0.0,0.005027399247019115,0.004405188084815492,-0.0036982641009419837,-0.006564767080663336,-0.00501143242914226,-0.0014307811957117167,-0.003638997143726841,0.0033489040601133446,0.0036411109401284225
2020-07-15,0.0,-0.015563935186764688,-0.028006403955449732,-0.024506304080656904,-0.02398657873297061,-0.024734355097125738,-0.024458166086137934,-0.02908602955761419,-0.02224210870336496,-0.026282652934481066
2020-07-16,0.0,-0.02768310495360682,-0.03521012325669426,-0.039311375622617106,-0.037608407424007395,-0.042693536589735404,-0.04011309149051523,-0.04076225934966771,-0.035914873977799355,-0.03611073332364245
2020-07-17,0.0,0.01795606311325426,-0.010877298312746864,0.0043616900325951224,0.003965701174453162,-0.0018065564435251202,-0.0008388312263934994,-0.0011814621343929632,0.0011135963499988577,0.002732294267462798
2020-07-20,0.0,0.033858765916652045,0.039843266809625355,0.043023874107817495,0.038798924957755165,0.0409486062292288,0.040919833861259525,0.04202797790855417,0.04151221823594198,0.04635343276924697
2020-07-21,0.0,0.0078031966222897875,0.005700077674514192,0.0007087862198000838,-0.0015712575150426122,0.0028908334597073093,0.005258396628003537,0.007222499421019712,0.0022960278791273048,0.002442622665235872
2020-07-22,0.0,0.00802092617932404,0.0011062516103126363,0.0031558173620329644,0.0024387513618910894,0.0028304291950034255,0.003931325145222653,0.003630085991481957,0.005214262034693773,0.005208904905859457
2020-07-23,0.0,0.0036456539403584287,-0.005814179972554956,-0.006493774876350944,-0.0044974727194675435,-0.0020128091349358446,-0.0045988104486114345,0.0007447678633178967,0.0025226736242458525,-0.003993339272936214
2020-07-24,0.0,-0.00851545758937533,-0.038579353138670336,-0.04103964693756723,-0.035404788239724705,-0.03790093547104334,-0.03665037166496854,-0.037129583390459464,-0.03530636827168532,-0.04605508399245861
2020-07-27,0.0,0.010653716939927449,0.0033642801796793798,-0.003901831500636832,0.0013883121130153775,-0.0037201436229739038,0.0035181209883559106,0.0035772587212574702,-0.001703243051005554,0.0029489337236048296
2020-07-28,0.0,0.016517443395615894,0.001194893106457151,0.01106466814750151,0.014760401592220473,0.0076512642520725205,0.008216014550262551,0.006278318546087069,0.008099110137341992,0.0023179236562984595
2020-07-29,0.0,0.02546296937719217,0.024629059358629357,0.019841346599713372,0.017059903709004898,0.02120816470141662,0.020138304338311874,0.02349374548705563,0.02090971545157294,0.021396910354711585
2020-07-30,0.0,0.01457140829946968,0.0015742416103885493,0.001671866051653259,0.0030763262771520417,0.003020390775153148,0.004347082939389235,0.0033124416107230825,0.006151734806652653,0.0051641418452643695
2020-07-31,0.0,0.02170682482794306,0.0018349685063749899,0.008391786060549578,0.0141826429518217,0.012007482400350211,0.01190591808130459,0.015025207504689497,0.009877360270888591,0.010599946038684305
2020-08-03,0.0,0.04129463491967078,0.02863831843803233,0.02655317597434781,0.027340089846324522,0.02966362138880574,0.026061058208089127,0.03123961243680995,0.029364676988347105,0.035291588268290264
2020-08-04,0.0,0.0054054080110861324,0.004170893070927217,-0.0042982685870366355,-0.005403241035850659,-0.0039739070327091675,-0.004043705416301391,-0.007233836732846832,-0.007380769145455712,-0.0070219251054498555
2020-08-05,0.0,0.009487263179637884,0.013762352492322938,0.007842873768469705,0.01172318709019815,0.005492215246408083,0.007503653505968044,0.009921518143925834,0.005321815030145283,0.017190550906493574
2020-08-06,0.0,0.017569503752326687,0.006545277373050773,5.320998285096579e-05,-0.0027613066806495556,-0.001884750931092194,-0.0006502493480501359,-0.0032013256383581767,-0.001986272580970061,-0.0006030285218562303
2020-08-07,0.0,-0.024234626473484844,-0.009046891103905441,-0.009888405708016301,-0.010462868734248731,-0.00873323997512121,-0.010009334468728093,-0.00951242160566712,-0.014170701071897773,-0.009181836047340242
2020-08-10,0.0,-0.013493316701862712,0.015365460681266985,0.011347184345072758,0.008665649230945371,0.012693239982856541,0.01199300089849964,0.010538876946754483,0.006108752565166187,0.01167739261219225
2020-08-11,0.0,-0.028728269884639612,-0.022467990541459093,-0.022611165818464785,-0.01584956713659469,-0.018172259781982225,-0.019454291028902393,-0.013195167511728223,-0.020253896495404766,-0.023106116779630592
2020-08-12,0.0,-0.015198049231157196,0.004978747288979957,0.0014813399157278528,-0.00046092593694135875,-0.005932988307578602,-0.0020174577172161756,-0.00798551800152425,-0.007671987981656581,0.0014068457147027313
2020-08-13,0.0,0.025497043687566112,0.006889101877870729,0.0066726903317100295,0.011411781960843248,0.005489081826489217,0.007054329585740371,0.008044537279191077,0.008793344206331044,0.006247972215221331
2020-08-14,0.0,-0.013583982766438352,0.0020791748644373165,0.002746340277986148,0.0032879559547924764,0.004887798197971804,0.004646479018883598,0.0018835141442519188,0.004359755904097318,0.0033742714084477043
2020-08-17,0.0,-0.0008811687008638547,0.01617845328092593,0.01842973679074289,0.01936609733403416,0.019348331926303253,0.022155407158713336,0.01602994463363916,0.018331503416465722,0.01843571682225842
2020-08-18,0.0,-0.0054303037380945,0.007224469429305991,0.007839238565615636,0.008586714147999164,0.009832841769752854,0.008908455381956504,0.008243670424565419,0.008910489944864652,0.009934333424117092
2020-08-19,0.0,-0.018813619768155876,-0.01792723000494978,-0.010633925607453909,-0.012929170930450429,-0.010048188546415426,-0.008194299275673722,-0.01485814596658419,-0.011674818789787822,-0.005201985993106284
2020-08-20,0.0,-0.018249580230975337,-0.013378598047395718,-0.009244818000796795,-0.010916722571631454,-0.013368764102700603,-0.012385288734778732,-0.01472649277120186,-0.013312030959680476,-0.0016378676462486252
2020-08-21,0.0,-0.010530485855883454,0.003332682333024639,0.0041351004042771144,0.0062970738765841805,0.007235180002936659,0.008606392853127254,0.004839741748794868,0.004848466312971311,0.004356673911734887
2020-08-24,0.0,0.017587472119670933,0.0032553379485322775,0.0014505706358187709,0.005231770437752248,0.004565386901965729,0.004044148940162584,0.0030036506456001533,0.005728265107166619,-0.0023853689850307225
2020-08-25,0.0,0.009322884657311015,0.0004912611031209213,-0.0026505533392069403,-0.005791261836078587,-0.0005220845520141904,-0.0070459947498661135,-0.007728869986213804,-0.006357147762324433,-0.01093525461337852
2020-08-26,0.0,0.0011063760987883864,-0.012482943068845676,-0.020351236096844083,-0.016157740821425293,-0.018866250690040887,-0.014730824320680846,-0.02180967191985428,-0.015094711098194158,-0.02084661224780615
2020-08-27,0.0,0.023771985151541664,0.015140521549448893,0.014939956461690107,0.00908142262125966,0.008352588052141563,0.007834245121778327,0.014414144293819042,0.011255748684029676,0.008502366906613323
2020-08-28,0.0,-0.004543949409635872,-0.0016646622492773044,0.007618913474790379,0.006280095992071466,0.012129861352913274,0.006896261673445148,0.009368129829759209,0.007415265221596412,0.005021111183890481
2020-08-31,0.0,-0.01603162046408313,0.00729865016424136,0.0011374253725975336,0.007932907754334195,0.0034992266154580953,0.00030118269623158334,0.00213261283142252,-0.00034414225237677787,0.004493025063424749
2020-09-01,0.0,-0.005878000310357345,0.014497319422080546,0.002013695095561152,0.006488839071008501,0.007743209181500399,0.007269579357294553,0.00567393030081087,0.0041764860503787915,-0.00040035407485261576
2020-09-02,0.0,-0.0006807550679200913,0.013062310586501313,0.008120189443586945,0.003122309274897095,0.009015977847155021,0.0032254493854806388,0.0045828046170095504,0.0007440486148004855,0.00022008738033441055
2020-09-03,0.0,0.009312202914989909,-0.010948147352697335,-0.006654272504282632,-0.012712025546371741,-0.009165602991042077,-0.008829922392885825,-0.007965729432827251,-0.009001159546111248,-0.012844585916163331
2020-09-04,0.0,0.015174365231637399,0.010758093204538577,0.005299070173153675,0.00425932410440466,-0.0009711967855646764,-0.0012812516994431533,-0.0018064313035779378,-0.0009758229777346861,-0.004035392574321173
2020-09-07,0.0,0.012089597060201518,0.007913333689897994,-0.005238145014202167,-0.006240149620793778,-0.007775050313672094,-0.012310350813662163,-0.005252374251287217,-0.011784408063752028,-0.01043908901249424
2020-09-08,0.0,0.016407182687494526,0.02305911376205594,0.01406442292401966,0.014023983552932995,0.012987056123564988,0.012470404517894718,0.016968494612468854,0.01625486644632046,0.012410564566376348
2020-09-09,0.0,0.015895096187072077,-0.031544604099488005,-0.024092087620306235,-0.019704912649501583,-0.02091595553712533,-0.02044709490538943,-0.02347810637183967,-0.020659873997647127,-0.018978510352531064
2020-09-10,0.0,-0.018894263773845954,-0.050702188945755955,-0.039950121711225806,-0.03873300679219194,-0.03713770462876065,-0.03136301755450732,-0.04051382176726592,-0.03178330619316083,-0.0359387945860018
2020-09-11,0.0,-0.0016514727439376209,0.015563580267633936,0.01310793213883299,0.013237721165998195,0.010258631869389356,0.01106442380447148,0.018044632280854067,0.010412037066516167,0.010204476170070809
2020-09-14,0.0,-0.007770601591113979,0.02545619521790865,0.020516754438652196,0.018359604310536293,0.012113546902315253,0.009612045847674722,0.014914971026757984,0.012781163257804096,0.007374531424081621
2020-09-15,0.0,0.016885285812463957,-0.005843937941264032,-0.000306680267292081,0.00018005410082433393,0.002616149391913236,0.0034304264615916402,0.0014015847302144557,-0.00011860166747645895,0.0018454635665687835
2020-09-16,0.0,0.009356865786975144,-0.004277249721708176,-0.004066887386219298,-0.0027063335118139298,-0.00546213114219074,-0.0035561569421032058,-0.0044195539631614045,-0.005599670098665244,-0.008296879346117225
2020-09-17,0.0,-0.010724909824449624,0.003030009768186348,0.0029327096675473285,0.0010207643157889024,-0.0007251818809926869,0.000588043700991081,0.0003908483111711991,0.0026973057569068537,0.00124228273960858
2020-09-18,0.0,0.009790797444098498,0.006570085790085889,0.011446971048030274,0.010552470689055182,0.015861139398164914,0.013884819805294546,0.015766989752240335,0.012450466546074956,0.01878852978411838
2020-09-21,0.0,-0.015963679555570764,0.003854315616967474,-0.0020994612803426627,0.0010570742797655353,-0.002003180334806398,-0.0031141381204398133,-0.0003399478287386959,-0.0025095732049572606,0.0013100262947844943
2020-09-22,0.0,-0.0021773726747913447,-0.01705997084313393,-0.019393515060142197,-0.018335390378043104,-0.01713382999694313,-0.015281857537237764,-0.017447809607213705,-0.01877852193542129,-0.01816862162094368
2020-09-23,0.0,-0.016269251554840714,0.004248225008006923,0.001916696643616822,0.004407380439796604,0.0027063992469185116,0.0023502897882030638,0.003696211220121759,0.005492741847848537,0.0024991862270327125
2020-09-24,0.0,-0.031957262883947846,-0.03039240549461686,-0.02783401259813234,-0.029530598040884093,-0.025290028371408035,-0.025902526117766,-0.030890866957953178,-0.026640965243797554,-0.023720968050574553
2020-09-25,0.0,-0.014855054092684838,-0.00810891100856903,-0.007691599393129467,-0.005197907785988276,-0.006513341392320848,-0.004465998220348655,-0.004619734545099341,-0.0019388599315709465,-0.010214360932165878
2020-09-28,0.0,0.010159711986684972,-0.011753254215413844,-0.017952144070716103,-0.013577481243880585,-0.014333934445775465,-0.0100953361540701,-0.014559324612257396,-0.009505712256896892,-0.014259319062402076
2020-09-29,0.0,-0.018466601088573675,0.010095924403684009,0.00799354194650781,0.006678915781454853,0.004819233289074409,0.0014112782971889004,0.010661704942414918,0.00544586040756645,0.003777564165705849
2020-09-30,0.0,-0.0032773898716167427,-0.004832931036168331,-0.0056173334585629675,-0.005654680390584144,-0.0024764379771509137,-0.005049976775720499,-0.0035122259913795695,-0.003929942017944832,-0.0040461054909453065
2020-10-09,0.0,0.012625930124410933,0.022541995605098952,0.026163460445326248,0.02898142324553543,0.02739500722766297,0.02833395035185493,0.033160066429792856,0.03005769891931953,0.030584288508162638
2020-10-12,0.0,0.016718724520352612,0.026972354213006255,0.026400061750906145,0.030074353148149102,0.026754308865635457,0.026598351750832583,0.029571006373729336,0.027677401190133732,0.029328557790215593
2020-10-13,0.0,-0.007324894084948963,0.005914425455517014,0.001101859767053126,0.003264938976731191,0.0022668905417304597,0.003561713523149157,0.0031730712214119716,0.002424618451736693,-0.001300211474851487
2020-10-14,0.0,-0.011611362593240027,-0.007783109332359817,-0.009161231481989773,-0.0053280527315585635,-0.004178886169111773,-0.008501313301727653,-0.004444953590575174,-0.007685686696917604,-0.00526390891648143
2020-10-15,0.0,0.010785567524064454,-0.013100768569248467,-0.00395483159534582,-0.0037132923213022417,-0.006296339055712918,-0.005681939577256934,-0.00809129499362271,-0.0053025343428322325,-0.006075620900474421
2020-10-16,0.0,-0.0022317236004020247,-0.004838091827111923,0.0016668896819951318,0.0011203595628102025,0.001740994741142643,0.0030840773071585392,-0.00141349996750062,0.0010457802862531285,-0.001839071860161301
2020-10-19,0.0,-0.003046946345865109,0.0032818801381864215,-0.005507237168895673,-0.003321787035488133,-0.0043529323091029415,-0.0033054688611647842,-0.004467229517972515,-0.005755472110023696,-0.007963310229731624
2020-10-20,0.0,0.01476293110975746,0.008105698859143473,0.007275012161056749,0.009340231325820847,0.006783526202609469,0.007812257417388224,0.009217820706207469,0.009067750120742124,0.00845752438081071
2020-10-21,0.0,0.007972452871086944,-0.007794553589872022,-0.011036421482902403,-0.010855578973781754,-0.012992797149090074,-0.010196645027337525,-0.015482062952256959,-0.008592493930157152,-0.010780381041083698
2020-10-22,0.0,-0.002315082187391959,-0.007615220873574247,-0.002420572785000852,-0.0005189151291543626,-0.0014555865582193128,-0.004547513105343071,-0.0035241055928721954,-0.0021884441066614135,-0.006342892135013156
2020-10-23,0.0,0.004455668049819783,-0.005051810089414355,-0.010139273405852411,-0.008778424725272016,-0.008067832499278782,-0.010246750938651128,-0.010964117959847752,-0.01138883661317669,-0.013465663413032791
2020-10-26,0.0,-0.00681657416924808,0.0071996601172596986,0.003187488099047453,-0.0021409821864332157,-0.0008250733331280902,0.0006112676875125178,0.0026503096028172024,0.002228091450021674,7.887896029834529e-05
2020-10-27,0.0,-0.016204333212814226,-0.002497748943676603,0.0017021924894273788,-0.003460344340997401,-0.00212602569566378,-0.0011166062736182036,-0.0019294273499695924,-0.001192962021877686,0.0026449327354061136
2020-10-28,0.0,0.014129543302499714,0.0035156859232698956,0.003500020775620394,0.0024200127437914443,0.003420949031278875,0.0012148533465705658,0.0027676938645504467,0.0024147585642586566,0.007757330196910495
2020-10-29,0.0,0.0007788903043235429,-0.0019572868487076622,-0.006647784336957341,-0.003152356207994589,-0.00012442549744484666,-0.0011352347106728944,-0.0017630837003415056,0.00022669819752607623,-0.0008727478895267371
2020-10-30,0.0,-0.02412836744180935,-0.021038281085202337,-0.02424270760426206,-0.02322614885290808,-0.023638256813440006,-0.024988563550089604,-0.027466213837749165,-0.027728381484800058,-0.025768296016492553
2020-11-02,0.0,0.008198437185047647,0.0051246466270651325,0.004892196925835313,0.004284410156676799,0.003395854515590324,0.0024998432707421525,0.006442682593469584,-0.00022751544680910119,0.003722331175722182
2020-11-03,0.0,0.044541705433638334,0.01217284898639015,0.016981226131793203,0.018222455927434655,0.01669058286421632,0.017290877082205558,0.018336615340629914,0.022338542047223964,0.019950820864315544
2020-11-04,0.0,-0.004406309494719429,-0.0034859878086143103,-0.0015682087033200842,0.000341147686280463,-0.002453423557900236,-0.001543154318596529,-0.003718752793390512,0.0007105404871814436,0.00505281299760485
2020-11-05,0.0,-0.001372449110040752,0.01470632813289452,0.020011370521477057,0.018399737196787225,0.021843682207527415,0.01824989725823767,0.01826370908525088,0.017669810254202112,0.021412194030524523
2020-11-06,0.0,0.00034602700041430623,-0.011120611382943513,-0.008893396054550973,-0.0063884478923798005,-0.006458443709833062,-0.003505064582451589,-0.010629940194937015,-0.00784014830038271,-0.0039424092778856945
2020-11-09,0.0,0.0132936607079146,0.010291495386586469,0.016210542014943652,0.017793594739846652,0.01757584880600427,0.016063933995801527,0.02176255779476355,0.016703202176232113,0.022632384027179153
2020-11-10,0.0,-0.014164942216560394,-0.014539394150836493,-0.004842868139984913,-0.006629317988266048,-0.006200160010157663,-0.006957841474913851,-0.012563701263658245,-0.009004731181861736,-0.004048333480019317
2020-11-11,0.0,0.0007177995049054697,-0.01672165698357342,-0.004939291911321142,-0.009411033891193687,-0.0027606989010910965,-0.0037059614326997448,-0.01225141668400953,-0.0027356762955855762,0.005309601070887293
2020-11-12,0.0,-0.012200011000454203,0.0003249889423162511,0.006973999979616785,0.00623795632791202,0.005459193431539999,0.0026850031494303206,0.0013322591206739176,-0.0004219724852553286,0.0082771460674127
2020-11-13,0.0,0.01474832981996066,0.004655558935822368,-0.0006782191769734158,0.0003198109293141016,-0.0034259523789268442,-0.00039510000042686233,-0.0019785629548487726,-0.00234220233851834,0.0042028268178235795
2020-11-16,0.0,0.056376013524159996,0.007875544000807144,0.013439395276897192,0.01365103901157827,0.01812353818116974,0.019684909585715893,0.017462682709597388,0.016744925655018728,0.032594038529781155
2020-11-17,0.0,0.00990981055490825,-0.003057288710574868,-0.0026504492895924603,-0.0026850352291869495,-0.005426313203317434,-0.0022395370407132242,-0.004744819094666508,-0.0024229329600116145,-0.0002898535378123013
2020-11-18,0.0,0.006029672940367714,0.0066362249934213136,0.009487045719579479,0.004924334656880802,0.004979649131129804,0.0053337638249697505,0.00583385505371492,0.007771731485007205,0.005919460460991344
2020-11-19,0.0,-0.040999100734621874,0.001633251140816805,-0.0027423512092912272,0.0013508023570616423,-0.00020778368348584042,-0.0005504985238427018,0.002152623770341533,0.0020984716591412322,-0.012279693564192229
2020-11-20,0.0,0.0011500210361337082,0.009894164638085456,0.004628301224695486,0.00785917679081427,0.008582316290393965,0.00852950984140799,0.009376082799840368,0.007844840417942534,0.01055185215039356
2020-11-23,0.0,0.012328380203180389,0.00984712024196277,0.010574816708510237,0.009922412935478686,0.010109427785146119,0.010200968741779004,0.005650036938987579,0.008595675196581887,0.012462939788643324
2020-11-24,0.0,0.001684496348433706,0.006073601186082245,0.0027669465257467163,0.0021819426901512617,-0.0019450412924596483,-0.0014212092699955603,-0.001691992688157673,-0.0029578057817324366,0.0007990735751852718
2020-11-25,0.0,0.013993651749471647,-0.009500769334458425,-0.011772936964503655,-0.012168999266375824,-0.01619368740861793,-0.014967218341014776,-0.015057474801812187,-0.014502737610819771,-0.020180594378046646
2020-11-26,0.0,-0.010129935526494105,-0.0030506641490303243,-0.007514635105224543,-0.0028784489353718135,-0.003273397537070899,-0.005674791376759414,-0.004278269691434411,-0.0023615377876117227,-0.0031518696619967645
2020-11-27,0.0,0.017651843674468815,-0.001186045296641014,-0.0006662052139234653,-0.002210851190330154,0.0010062833921256065,0.0007671639377486716,-0.000296371928703798,-0.0027048228308272915,-0.005488365518951599
2020-11-30,0.0,0.025038816597340974,-0.004990406591426022,0.00040245884100964524,-0.004712436135264286,-0.006392600140152194,-0.0014601151271044222,-0.0032234687164921505,-0.0021169426926787027,-0.007611853916761446
2020-12-01,0.0,0.03438063800282909,0.006941712120823285,0.0110228636501013,0.012454665631352668,0.008673192870442659,0.011272416614543035,0.012869971018071968,0.011467831963730468,0.008676396793907859
2020-12-02,0.0,0.03906259090276998,3.67829351188842e-05,0.0028335036847833006,-0.0015627761061487444,-0.0017776816296719566,0.0019860877955504286,0.0018594329471821602,-0.00013827905410479513,0.005177334590812155
2020-12-03,0.0,0.010931720720147586,-0.0038640444746900204,-0.00321789472612366,-0.00729275518091399,-0.007847776599981593,-0.005373696512236514,-0.002474515606110894,-0.0026605064401247214,-0.001149446072259086
2020-12-04,0.0,-0.007840848930619093,-0.0009841088957799338,0.0034003820402344065,0.002304996598595066,-0.001199382189376763,-0.0009136863506753468,0.00142295857880681,0.0032864581652307656,0.01019851076930145
2020-12-07,0.0,0.012950344808969172,-0.0067374676761783325,-0.0032317319056308635,-0.0027118271156643114,-0.007505549145565782,-0.0071069901973654925,-0.006663794810070511,-0.005257535910222821,-0.0025733396016983656
2020-12-08,0.0,0.02287171933273946,0.003842013531084598,0.000521060368259274,0.0008915977888253046,-0.002668713246846366,-0.0025754915380473697,-0.0029280985812396576,-0.0032819122016395363,-0.00718220933996272
2020-12-09,0.0,0.007840623705102301,-0.01755165982564244,-0.013816369344174406,-0.01725962699058159,-0.015667536693086626,-0.01664377148853069,-0.018187924817711365,-0.018466220969303615,-0.012789553884771543
2020-12-10,0.0,-0.013019106669734604,0.0004512434654393438,-0.003159440372513922,-0.0038070884908079083,0.002046244132575259,0.0004158692792060048,-0.0008643538886654589,0.0019922820048254852,0.006391018516155089
2020-12-11,0.0,0.010733076367207772,-0.01468416308462972,-0.015257471714077764,-0.016417467330861024,-0.01849469511088775,-0.011556275595862031,-0.016484644894104727,-0.01620965123291207,-0.012942821034733432
2020-12-14,0.0,0.002759530324852877,0.01198839716103861,0.0022593706049189866,0.007745595576126307,0.0055736800003542974,0.005510341262626506,0.010182415725981775,0.0011532487135414993,0.0022919160863825727
2020-12-15,0.0,-0.01777884265055185,-0.0029600173184181067,-0.001045606765977647,-0.001853800632181879,-0.00045057756606159405,0.002204513929760399,0.0018520947582207903,-0.0003356089307612331,0.0012244839453525724
2020-12-16,0.0,-0.017467645698764578,-0.015275972605010013,-0.005227159582207319,-0.006976623895489142,-0.003625056808423399,-0.007409235671962167,-0.007199502080912357,-0.007574572460927964,-0.011789500763878302
2020-12-17,0.0,0.03930976347908133,0.0032993532598737385,0.007748008416232244,0.009416669261408606,0.010568572847916347,0.012451195074871801,0.011919460084128808,0.011793683051080084,0.014634091011101136
2020-12-18,0.0,0.017914930863720535,0.0035486349911859616,0.0032205470823027937,0.0007221738528868649,0.000432131887414533,0.0037433224093021966,0.003782097494575032,-0.0007728728528922924,0.010806705761691182
2020-12-21,0.0,0.026844369410735425,0.012741122040849984,0.010803438976517699,0.011260452280233313,0.009563312156055437,0.009213373536104186,0.016246373021833183,0.010810570035225897,0.013721714839041832
2020-12-22,0.0,0.024468681929362246,-0.013495742579946124,-0.015674295069338262,-0.019317916437920468,-0.023049669149350138,-0.022504377750706572,-0.01744398884542442,-0.018797407378024933,-0.026567853326362023
2020-12-23,0.0,0.05225292308682761,0.0058718677222595606,0.006844499310936891,0.011107407818482962,0.006632253165573365,0.006793721638418626,0.014220719852042762,0.01055719546816225,0.004651090087592902
2020-12-24,0.0,0.02781799629026782,-0.01048113346097812,-0.014114866776993251,-0.01690764073595752,-0.020725384509306055,-0.01601681964843693,-0.01251002101082499,-0.01679611519476354,-0.010580665015263446
2020-12-25,0.0,0.031974808522552634,0.0030551861491510124,0.011314951725412303,0.01335838217638452,0.012184343083258886,0.012350458831438482,0.012578932945013,0.01323605916375814,0.012493071564808833
2020-12-28,0.0,0.0360686955425622,-0.007028681881944054,-0.008455364332490278,-0.005178181909692214,-0.004330288162237017,-0.0008814149938873861,-0.003391423282592232,-0.0019457057932673605,-0.006809783235664502
2020-12-29,0.0,-0.01803667911839879,-0.009466403542299995,-0.009959129253341192,-0.013781378794180732,-0.007695341421607327,-0.009341751697193423,-0.014056589184541002,-0.01174701672144407,-0.010080308520162395
2020-12-30,0.0,0.038867311570612406,0.009965220060940805,0.0017184296683621092,0.00608194850646937,0.005966961592213771,0.010156435207599124,0.007003676689972149,0.0034854655525435874,0.009867795243035493
2020-12-31,0.0,0.016464713999145175,0.012774310435794467,0.00842627397878104,0.010654902925197662,0.01259920364261502,0.010732012540285663,0.010979111812417841,0.011040337252879118,0.006563132055690257
2021-01-04,0.0,-0.01371209527009798,0.004930434470598044,0.014506850107451896,0.018740684031218535,0.014099264095339015,0.011246137488870822,0.018880737013797333,0.012117694436033943,0.019355102776686506
2021-01-05,0.0,-0.0437520116797806,-0.005319289161987317,-1.3600164569083084e-05,-0.0015102358187022435,-0.001827139569164804,-0.006176951277482745,-0.004638938764535028,-0.006659611860732717,-0.006388111929975571
2021-01-06,0.0,0.0003950145925222248,-0.012784100177414603,-0.014891553731102736,-0.008866927474474151,-0.00801151497322683,-0.010727096307991624,-0.012150025076525961,-0.007330185675808121,-0.003359949286541708
2021-01-07,0.0,-0.03719243895213875,-0.013194585185635321,-0.026431095479041655,-0.013898434436062646,-0.017443288689471537,-0.016592887214591734,-0.01893404040647828,-0.021287041730643774,-0.008592176963330145
2021-01-08,0.0,0.01318175485471218,0.006307706049862194,-0.005349184385855854,-0.006439949981519977,0.0015391688937356207,0.003051814921080531,-0.005495162245047647,-0.002437837734637127,-0.00397210011635718
2021-01-11,0.0,-0.02784020769064799,-0.019729645037164123,-0.024636302274150035,-0.028621826602604372,-0.02583462710374207,-0.022083326676351933,-0.024289090367573873,-0.02663753665526647,-0.027428143559715568
2021-01-12,0.0,-0.02753817302910877,0.007745756281609006,0.005238367778569453,0.009321755992785397,0.011007634897324037,0.00974901413447049,0.006867252936120227,0.005785666937213607,0.00794197063143054
2021-01-13,0.0,0.027123621211765814,-0.009204445196413058,-0.014581837740406556,-0.011868180894346936,-0.011617234683176658,-0.010878504302821002,-0.010039511555623104,-0.012524659548761585,0.0012504917586670938
2021-01-14,0.0,-0.02555625217125934,-0.0009976702796798964,-0.00023284528566935858,-0.0034812866360819372,-0.0022659995818830048,-0.004695395098333832,-0.006986587479738016,-0.004353630936829056,-0.006651730812460954
2021-01-15,0.0,-0.022938690710109122,0.013538764299224848,0.012662478870583804,0.009320394256928877,0.007494037965049216,0.007556446703005815,0.010823068282496351,0.01277498772000385,0.0076909018477773206
2021-01-18,0.0,0.016979443444791853,0.02012066033593718,0.020805555983359758,0.013889575111359687,0.013391076655974388,0.014650534722899788,0.01574401309809126,0.017773760690094953,0.015753977918107065
2021-01-19,0.0,0.002891754644297917,0.006362035434975599,0.007076011795079884,0.0010272165948499445,-0.0003443775523593873,0.0038697047852238597,0.00275535799870541,0.004309316169671229,-0.006164979891258637
2021-01-20,0.0,0.025738613098095886,0.0066683017148270185,0.005203256641850285,0.007565925384430461,0.0033151636442758647,0.003393018021239369,0.0036822651458403577,0.001570684093705088,0.0039316709847725395
2021-01-21,0.0,0.004881305861492491,0.004661965010713809,0.009782401173619837,0.006685430386005775,0.008371017440353068,0.009999440071396526,0.008390414972495153,0.0035888153028329484,0.007161703207162695
2021-01-22,0.0,-0.03300139467920349,0.0017303466493774344,-0.012797065044791167,-0.00661564691047789,-0.01177987339343256,-0.008947137000107852,-0.007173739738043694,-0.016231518900334474,-0.003629097204758014
2021-01-25,0.0,0.002183850254177111,-0.013287071605165846,-0.008696409739801347,-0.01081582581043572,-0.011195683982095361,-0.009569059655374468,-0.015568307489662758,-0.010703485876781715,-0.012165969160607526
2021-01-26,0.0,-0.029419883606323527,-0.004056449059809508,-0.0057884980474142145,-0.015260541871537137,-0.007940197183643027,-0.00965938067645944,-0.013504381053962455,-0.012474246374224673,-0.010744978851267128
2021-01-27,0.0,-0.014570846390886127,-0.00019626191087229738,0.0006796896805256747,0.001980461123423316,0.004532301018290719,0.0003871002645310373,0.0028327599548627624,0.0062481144493351515,0.0036957428664636804
2021-01-28,0.0,-0.0228792662199947,-0.005990922532731591,-0.013230100979544579,-0.014450596458467135,-0.014642541383345309,-0.012144203329920611,-0.013535433176525058,-0.013596419976911633,-0.017032652171803164
2021-01-29,0.0,-0.022271069396357257,-0.016638157443053747,-0.0146868670661362,-0.0141940912651628,-0.011559557139709464,-0.012223465979124382,-0.014902678503935118,-0.016965097920621952,-0.020604942068145116
2021-02-01,0.0,0.03171930126573441,0.0035962652669672135,0.004033832914460911,-0.0009517447726882233,0.005199588671897404,0.008628554190966309,0.000923288151796875,0.003947026491120109,0.0065329345107423276
2021-02-02,0.0,-0.03375925202173091,-0.0028785439626727305,0.005039497400193715,0.004844099875537022,0.005310957133187966,0.0069324286584810935,0.005435684555425535,0.006027286492989781,0.007716075926866184
2021-02-03,0.0,0.0014496106441896917,-0.01826256417655414,-0.010763561959394652,-0.007921324386749529,-0.008850197493582623,-0.013530248036956127,-0.014756100060419275,-0.012840524146311982,-0.014501455027300159
2021-02-04,0.0,-0.023433607498802522,-0.02397707440720087,-0.014764259813858982,-0.017431274064516278,-0.01785225784118072,-0.01647302054513944,-0.02066868673160749,-0.016033820874779225,-0.018596507296338216
2021-02-05,0.0,-0.019825851023442365,-0.00956357674495023,-0.019459949752105632,-0.013841406640412002,-0.01365034285302058,-0.011118979498249248,-0.01912198049793057,-0.015392181781647585,-0.009750389389999503
2021-02-08,0.0,0.01162010757946974,-0.004952822615223007,0.004827783756480075,0.004568232740634448,0.009539890347994628,0.006890218625701827,0.005560420444011394,0.0032080594676182628,0.016240129306653417
2021-02-09,0.0,0.037605908800987464,0.014370659557351173,0.026377141087947198,0.01787766481965325,0.02067313228405343,0.02139816915183057,0.02318417729996236,0.02178787945169458,0.024691008008933535
2021-02-10,0.0,-0.02691361681912796,0.008817000502149064,0.0046089122900696555,0.005968946989010071,0.0043419873661882935,0.00774901819255458,0.002417199809051862,0.005062337700363129,0.00455803353135531
2021-02-18,0.0,0.02844533640083413,0.02632624711382059,0.032022416736833925,0.029172922956104186,0.02986909421367656,0.031183513644330807,0.026361774716661346,0.02940681332356543,0.03018783579988993
2021-02-19,0.0,0.012251954845583501,0.02717020664581704,0.02564659661390256,0.02560872589919838,0.024023906341100965,0.029049968737391074,0.025467724414975912,0.028985465606411687,0.025260043466946103
2021-02-22,0.0,0.01948511450016266,0.00919136747193705,0.010803209869219899,0.011524860664718695,0.015731261719133416,0.016067126511474683,0.008329537354693883,0.010648410390550866,0.01522438881951138
2021-02-23,0.0,-0.010379295110926723,-0.005153728777793298,-0.010047544997061175,-0.0038968578652306407,-0.003277707708926436,-0.00618498681729629,-0.003177587993970832,-0.004286594015850964,0.00848427327809742
2021-02-24,0.0,-0.005243201418685839,0.004342172767840324,-0.0043067016456612706,-0.003750790866577036,-0.008936144748687869,-0.009988626255346689,0.0001297209868935667,-0.0024988672185055627,-0.014760327238429904
2021-02-25,0.0,0.022201856233805772,-0.005690247154227723,-0.0036676675607957288,-0.007624410686724814,-0.0007056005890957451,-0.005119020671239705,-0.003288143283314948,-0.0037334353260816133,-0.002025363493947774
2021-02-26,0.0,-0.003744658327386796,0.0002490931059775381,-0.0037285895678813574,-0.007238228501083466,-0.008806148820042159,-0.010709781625509174,-0.00889789718481826,-0.00648211440062374,-0.010781432455617135
2021-03-01,0.0,-0.00447878560950854,0.017862040892653308,0.020207204596988104,0.023439694689495028,0.02432530643578268,0.022078434011410186,0.021637200236153786,0.02173289615987306,0.023890725950257652
2021-03-02,0.0,-0.015518555925497224,-0.001134770933377438,-0.006012787844536738,-0.007552556288676016,-0.00785453510738543,-0.007427146060766221,-0.006609474963117257,-0.005061754214254255,-0.006581562153422316
2021-03-03,0.0,0.019044189190128735,0.016891049793819723,0.014913509834650451,0.016448507613220142,0.018234842828279252,0.02155382521634097,0.014155339689972068,0.01686410739562305,0.023130668943740273
2021-03-04,0.0,0.020209804509820684,-0.004349844822917226,-0.004635422418617474,-0.007360319332185283,-0.008146749947198995,-0.006902973407288182,-0.006873226959915213,-0.006779828681375721,-0.007030721865661449
2021-03-05,0.0,0.05573543880138132,0.004594239943870981,0.0051400790304503285,0.007309449010988622,0.00020524378371589158,-0.0010313814454673276,0.0036667060083019898,0.002577626023955615,-0.009158972382615316
2021-03-08,0.0,0.030698375233431552,-0.015731795901978707,-0.010158117102872288,-0.013694138247506982,-0.010089968602086774,-0.007955972549476664,-0.007862912267084687,-0.006678160226184615,-0.018016869987198314
2021-03-09,0.0,0.03530263401705036,-0.011930363850770731,-0.01879862802414589,-0.022847217164902123,-0.018159382827954262,-0.022635528586304576,-0.018983648750258153,-0.020539785794875365,-0.022648308023339947
2021-03-10,0.0,-0.0036457316082395552,-0.007390490485640444,-0.006766360502000857,-0.011191634045846333,-0.0074655477021895456,-0.008272661596365638,-0.012906898697653157,-0.011400210500366215,-0.00851506893322318
2021-03-11,0.0,-0.010804435419274894,0.015679222273275117,0.02053492210626895,0.024647957139994237,0.023974863782698197,0.026631087859359415,0.023911623040475227,0.025223400175899968,0.03374832223040669
2021-03-12,0.0,0.047697888814208556,0.008653275520907666,0.00553769009687799,0.005824424126227523,0.0067864507044763656,0.00943658217640242,0.009979104685577722,0.010363900522535774,0.008845555087523271
2021-03-15,0.0,-0.03338856765368248,0.007703857852815688,0.004883355243873622,0.002236014012290788,0.003998879934200561,0.005715379512258867,0.004481327497869891,0.006926429218808039,0.0016945140816166937
2021-03-16,0.0,-0.013376748617902834,0.010609604393968741,0.009192903865137936,0.00972579450771649,0.0076849261400275815,0.010708569463238726,0.012836930317676298,0.012524138566962773,0.008856324711210117
2021-03-17,0.0,0.006202017947692928,0.0038970927666102106,0.0074847917282701015,0.0009393570803195583,-0.0014041444932619829,-0.0022535180664658983,-0.0007892558853150877,-0.0054700077561753435,-0.002346242005479282
2021-03-18,0.0,-0.016358255232040375,0.0011993944505872545,-0.002760526232844396,0.004149667063114926,0.004016289362060554,0.0034092667278668998,0.0032561619841673384,0.0005846308524353194,0.006857597934261772
2021-03-19,0.0,-0.004172169025660533,0.005359379189483926,-0.009184711664195766,-0.009411254851048323,-0.009643732467725541,-0.006519188560757727,-0.0020406412159316156,-0.003274960614802369,-0.009095767811054034
2021-03-22,0.0,0.011554313932382376,0.020295898703041715,0.014402761025743338,0.018811438140354797,0.019861328374818132,0.021466519357737246,0.0232119706321956,0.02394509654879462,0.015288676844280369
2021-03-23,0.0,-0.030345942584565022,-0.01430384939910101,-0.01995506316500517,-0.014887478965599388,-0.0193121788142685,-0.021504967720608503,-0.017044881731620998,-0.01680438860013944,-0.01730054120420821
2021-03-24,0.0,-0.019838949419128893,-0.014278205305537472,-0.004911505372688585,-0.01247914920427462,-0.013672303255456097,-0.011524720578268477,-0.011075797602403403,-0.009244976811499606,-0.015415340624091112
2021-03-25,0.0,0.024253534162389068,-0.005749123313887661,-0.004662879537987719,-0.006307882854365454,-0.004328523894834735,-0.009024280154806053,-0.012406466948871042,-0.008463674665528997,-0.00012069944174641911
2021-03-26,0.0,-0.0035313621781817295,0.014535565747498369,0.00759621408551614,0.01803091537722845,0.01543287100036883,0.013539105120158768,0.01854261908196797,0.01836819931005973,0.013322580241822424
2021-03-29,0.0,0.016501044540156773,0.010097503386416351,0.005238975482361852,0.0027881725980269945,0.0042207251244170685,0.005958163122913307,0.005149921115390921,0.0068638193810297565,0.012619904581581798
2021-03-30,0.0,0.007353774169891025,-0.005556549272424105,-0.0114055251222549,-0.001093277653286484,-0.007679557793045855,-0.007430286840476752,-0.00648239723310462,-0.007396991981381884,-0.0024357743768278484
2021-03-31,0.0,0.0030120610568935557,0.008946733813663732,-0.0007758193393656576,0.005650333737794222,0.0027379068969175524,0.0036599785533069085,0.003257104797107724,0.00220720873100011,-0.0012962146429202903
2021-04-01,0.0,0.0167027654983527,0.0070841025485861575,0.004170548452362199,0.005667692069493135,0.0028067575323384997,0.004752049678812487,0.0022023503197097227,0.0027827699709592757,0.0005945102292410631
2021-04-02,0.0,-0.027285616334922325,-0.0008788316199968005,0.0001545971852854322,-0.0006322969869932971,-0.0011661343290179094,-0.0039816146252544815,-0.0030790940271887557,-0.005604150899850224,-0.000812542879363054
2021-04-06,0.0,0.010524103132049545,0.007328188930507018,0.014208561564339472,0.01279728123786783,0.007179797300372437,0.010632733287502028,0.014117366451131819,0.009427612011658537,0.006965947745675605
2021-04-07,0.0,0.05651619198478608,0.007376999023117836,0.009373714464060212,0.006696580716091249,0.008232344334051067,0.010887235529539074,0.009917789758656426,0.010640192754564737,0.010771848678368556
2021-04-08,0.0,-0.0035488326083292776,-0.008080844712998747,-0.011680948925528178,-0.0063536668844135225,-0.007385188733565973,-0.00821739882489081,-0.01160281199828328,-0.006389054002771344,0.00015800679717914434
2021-04-09,0.0,0.0018683369444361109,0.005434530007329297,0.001332909170543406,0.0026835291059372768,0.00013824845986154521,6.264849310744225e-05,0.005724111182785485,0.002221118915863407,0.0023702189218692826
2021-04-12,0.0,0.001569962380316925,-0.0041260616193731225,-0.010473804319131363,-0.008700555914246344,-0.011680797694634704,-0.011881828137110473,-0.010273791414386446,-0.006301085046219512,-0.008477063322723688
2021-04-13,0.0,-0.02837201148527424,-0.01088264424434049,-0.00460541817447313,-0.006958479209230761,-0.010692433372886612,-0.009327919809484997,-0.012557961321550293,-0.007757476176658673,-0.008524919126979169
2021-04-14,0.0,-0.00652568759363803,0.010581197926726071,0.015490671846035475,0.011488423574305129,0.013880320369210608,0.01279565307411068,0.009306332433870912,0.011038138126902686,0.00783748372099824
2021-04-15,0.0,0.020888582981074766,-0.003616496988692708,-0.0002314657615654081,-0.0035993349216861814,0.00013948660694196313,-0.0012991246788053301,-0.004753946774617046,-0.0033014726511243486,-0.0015554215767985546
2021-04-16,0.0,0.002498499812577659,0.01471728557690355,0.0194050145864908,0.01077658569912554,0.018027108876154996,0.018379995612028743,0.016087300135841698,0.01891128699316913,0.009791321760207472
2021-04-19,0.0,0.009235717499816998,0.018542953453028144,0.008161058299996471,0.010929503960626086,0.011310456217720422,0.010537598577767815,0.013229557072000908,0.008500422787750761,0.0029288985174511506
2021-04-20,0.0,0.011448767904795432,-0.0009377714564976491,-0.0011021982886099124,-0.0010875616045300518,-0.0005630146893582655,-0.00016008259740440955,-0.0053087399041902295,-0.0045740344449408665,0.00168062861169882
2021-04-21,0.0,-0.015072965944056937,-0.003874080030466409,-0.0021547377860846595,-0.006632252745985112,-0.006748455475304782,-0.0015973655301718681,-0.0055148077032340925,-0.005906141068548254,-0.008659616212772114
2021-04-22,0.0,0.009199567120726115,-0.0022623524479152834,0.002762817859325528,0.007018738416012971,0.0014277656052639198,0.0017944516527736987,0.0025251896743010427,0.0018601507812883167,-0.0008139636349105972
2021-04-23,0.0,-0.01232170708335334,-0.012183086647157948,-0.007366133175325307,-0.004568416744347048,-0.006225942129759132,-0.008176528011675788,-0.008502229958912477,-0.01170527508073227,-0.006103446099854248
2021-04-26,0.0,-0.02027595149555894,-0.009554610090795057,-0.0008527305033229071,-0.0006938226553451221,-0.004711889062728458,-0.002716221701873467,-0.004941122958820654,-0.0033168781403121184,0.0015928399190174858
2021-04-27,0.0,-0.019968934523903803,-0.010521378889374988,-0.006995288535729949,-0.0023476814823649717,-0.007398883573514037,-0.002595872742816918,-0.007581632225290624,-0.007740575625001078,-0.010404296340533747
2021-04-28,0.0,0.018657056988979015,0.007422057302096441,0.0034841178833160402,0.008509581043136816,0.008343288181350772,0.005737560055631308,0.005291125424064624,0.006388793441795215,-0.0011899893445460608
2021-04-29,0.0,-0.015029933979972543,-0.004090613198049153,-0.002204338307873255,-0.0023256336605743666,-0.0008700339512243138,0.0010364728532357148,0.0004369180939300943,-0.004017132447964311,-9.935465389832032e-05
2021-04-30,0.0,-0.007873532452269627,0.006047420534290637,0.0015253554566247995,0.0025660902869240054,-0.005990172577759245,-0.005417944093725979,-0.006551021553929948,-0.007871088421046113,-0.009641985736345338
2021-05-06,0.0,0.0016371170224489529,0.013345303476405057,0.0121241854152776,0.013556939397532775,0.008566498828320501,0.013634493816969684,0.01532474676607376,0.01357380593809343,0.02470826432842088
2021-05-07,0.0,0.05602252399451424,0.005129312130941477,0.0010634439067680468,0.0019121602861411624,0.002705016577302599,0.0002300248757420853,-0.0011382333705700631,0.0032025369739978604,0.00976495686744383
2021-05-10,0.0,0.0215959410364367,0.000816962740042654,0.004626397910172786,0.0005323304121198956,0.003014014912216724,0.005297628046878314,0.008482908711323758,0.005768943259532092,0.007949715822023171
2021-05-11,0.0,-0.0059458196066558555,0.009444999669813603,0.004909969543284598,0.004935499288102108,0.004278133835403208,0.004915151462937306,0.0014283674080899367,0.003706288923526646,0.011864849713652648
2021-05-12,0.0,0.009460860855603936,0.007056365262579023,0.012235837752695877,0.008530660582625638,0.007404949507869851,0.00889211187400818,0.012369699791763278,0.011330090341226562,0.012294993235113294
2021-05-13,0.0,-0.002364792141256622,-0.0038472449505797535,-0.005209859938994255,-0.0024741858959337337,-0.005502544866268222,-0.0067465803316313355,-0.009953628500228517,-0.0063470231939353194,-0.01564823778425306
2021-05-14,0.0,-0.009588049439717583,0.007353944133793311,0.008760618500702755,0.009054116882495133,0.010165051435669703,0.01132643001450262,0.007667192067369655,0.008405519744202783,0.011754173865146988
2021-05-17,0.0,-0.021104631488645942,-0.024902278969842873,-0.014286284097370427,-0.011918701454979308,-0.011515172557051478,-0.011523183112720603,-0.010367848321724327,-0.006326249316009669,-0.017106646059134922
2021-05-18,0.0,0.004707574075718535,0.006590029532698161,0.00826078815751452,0.006845475210263796,0.00433852742228269,0.0033135827250632133,0.007128878847447728,0.003899510245536808,0.0032384556988349633
2021-05-19,0.0,-0.0024890669090430473,4.386498413611051e-05,-0.0009700084838398793,-0.003413970687413226,-0.00178368927801964,-0.0047504486799203605,-0.0034605378249153995,-0.0011194576536168732,0.0013411067176729574
2021-05-20,0.0,-0.01705136878087332,0.0008941794966814687,-0.004148207098788159,-0.005700052042819537,-0.007520100507542482,-0.00793502647302402,-0.00879959266420327,-0.01375265532345138,-0.008982520142110983
2021-05-21,0.0,0.02217381891221315,-0.005052995346432443,0.011181380842780975,0.003168365239736959,0.004702987146425475,0.004839166569025277,0.005498443773792161,0.007106607855980052,0.010509982596380585
2021-05-24,0.0,0.016477762608080315,0.0064601020391992225,0.007442693533719513,0.0054752287154711254,0.005460695409004179,0.0041725488262698285,0.0044563736874607685,0.003709176255951352,0.0033789349598021268
2021-05-25,0.0,-0.003968830865131889,0.001690714965503215,0.0011988005844418836,0.002915591194031064,0.005049917835792783,0.005969263095563226,0.0022089934603986006,0.0017345004534154995,-0.0017465806221941271
2021-05-26,0.0,0.025816602313671222,0.007779554171811975,0.007685499954465547,0.006421218024975195,0.005244086371803958,0.0068212050170854965,0.0064203643963991475,0.005416196018730446,0.006747265764828869
2021-05-27,0.0,0.004780887516644627,0.008146909401665958,0.003029706467415627,0.0038269594981488186,0.0060963909025060214,0.003734216301690685,0.004846199863838496,0.0019360090866789026,-0.004474174803832387
2021-05-28,0.0,0.005880652838454736,-0.006212601406742735,-0.004401079176372558,-0.0032299579941539314,-0.0039382150526366955,-0.004795753630930655,-0.002056332662331739,-0.006364888029227078,-0.006554026113463451
2021-05-31,0.0,0.03699604135901535,0.00459166943000433,0.009918742323121732,0.006895587686488236,0.005695031923920402,0.005502944745768401,0.00751022413427993,0.0030338989309164344,0.00563604788058214
2021-06-01,0.0,0.02117318020422898,0.009819438550527249,0.008844197777777563,0.0072572602694576105,0.0067201699006349536,0.0054375345926387375,0.006068902325771841,0.004644688632771343,0.00776585444159017
2021-06-02,0.0,0.007267414473225875,-0.003954269047386716,-0.005014588624602023,-0.004928553602548513,-0.0011589704300272174,-0.006818109029238517,-0.0026791870483632296,-0.005052080055822472,-0.0032568821083742705
2021-06-03,0.0,0.005167440720508676,-0.0016373536034629543,0.003367208051031856,0.001630737816607386,5.76695279481676e-05,0.002778301918262116,0.0005208907030336274,0.00027171480530108205,0.003899684891053079
2021-06-04,0.0,0.004571151301544951,-0.002238133934464148,-0.004553133195306924,-0.0032133701543498594,-0.002677589505097666,-0.006042737596084091,-0.004567384001648467,-0.0026389638716743935,-0.00361182607791799
2021-06-07,0.0,-0.006862661370394818,0.007887375294766574,0.0006345324402217134,0.007775940646819635,0.003410372333301881,0.004720515839130579,0.005575616000014438,0.011007115541777912,-6.93039045210897e-05
2021-06-08,0.0,0.021341677103654533,0.0023487997377471537,0.0038869697436934025,-0.0007735859401367673,0.0025336843911822893,0.001019584123858941,-0.0005016480090210829,-0.003561289627108777,0.0005237582714423539
2021-06-09,0.0,-0.011281438288883172,0.00863839517807996,0.0007092180653476277,0.0009335276467605791,0.0006446657776570941,0.005228667612445115,0.0033741970725889026,0.0013935392989707918,0.008073796190369853
2021-06-10,0.0,0.0026541553065813073,0.0013932886497487473,0.0010285954389626095,0.0013214804302981165,0.002116578179289119,0.0025680259777891568,0.0019958534784574322,0.0016000363373436244,-0.004848001718835482
2021-06-11,0.0,0.004222875693870254,-0.002270899434780649,-0.003909751021286767,-0.004768928810735429,-0.004576429256895165,-0.0030862374071760623,-0.0038622926009076464,-0.0026434489990516674,0.0037054142151577985
2021-06-15,0.0,0.0016632467498820525,-0.010944991576889773,-0.012494370344496741,-0.012266876112845382,-0.008808412538645949,-0.010151583216331916,-0.011922855941463695,-0.012179446175299535,-0.017447028049726532
2021-06-16,0.0,-0.013748181754196453,-0.00283412908361802,-0.012117854219078628,-0.006171558222811679,-0.007503510017361603,-0.009839841290324558,-0.013609864817831663,-0.00610005747060538,-0.013679574871813482
2021-06-17,0.0,0.013682450911755684,-0.0009763487749639976,-1.3237809414423651e-05,-4.814918666518064e-05,0.0022429959611172112,0.0017096151266691173,0.002486266882272492,0.0009540221748880473,-0.004467313943706586
2021-06-18,0.0,-0.006266712113766504,0.010839872055318,0.008571245776729297,0.004578942962544685,0.006685950661393658,0.006127380566375518,0.006188875198640753,0.003159008599799451,0.007916223676783352
2021-06-21,0.0,0.027545144176818637,0.0066733404560543885,0.00806955774187923,0.007684343750382627,0.008979176043455661,0.007687703120227596,0.005894694947408574,0.010091503555389902,0.013074031396473229
2021-06-22,0.0,0.0061049042822540756,0.005502520409695011,0.008438794389972637,0.007629649912992198,0.008480061464114508,0.0076937026381758145,0.007955533570971118,0.007984987473215854,0.007953640832802922
2021-06-23,0.0,-0.008805384643632896,0.00887755412666369,0.00010768220981094423,1.4426717609872242e-05,0.004628672306640436,0.004274673650570104,0.002096395183600608,0.002266178008815123,0.006444679739061154
2021-06-24,0.0,-3.9919681423916664e-05,0.0015132326478108915,-0.006226267237934846,-0.0024308803350177044,-0.00023083697699732841,-0.0015037712773792178,-0.0006369597821351825,-0.005214907686915904,-0.0011212992100643193
2021-06-25,0.0,0.009024727010818578,0.00017798147532110953,0.0004962270479285102,-0.00044214607651837934,0.0010181488762859292,0.003708551330230625,0.006044575925113316,0.002014275709128155,0.004323952422938815
2021-06-28,0.0,0.011088281920804466,0.0006770229014618767,0.0014372590393034734,0.0012694543206421827,0.000318744973030638,0.001325710923919976,0.001719616614070718,0.006040847226465695,0.0048042601294282505
2021-06-29,0.0,0.0006815264423711831,-0.016253404658168602,-0.008229882935635202,-0.006159480642151882,-0.009795401092108191,-0.010673341959096305,-0.011150899791682822,-0.00997951776386874,0.006798340118479684
2021-06-30,0.0,-0.0005224317060159578,0.007161899022391838,0.0020898062870162715,0.004957905233213378,0.00610527069403588,0.004736145376400991,0.0036701031497279324,0.004420705207980102,0.014492984036248213
2021-07-01,0.0,-0.031034049406651443,-0.01386847796629842,-0.014943970229306824,-0.0136257395226278,-0.012634705748116648,-0.014920719749704436,-0.016037840094750733,-0.01635251851265862,-0.011076534779467573
2021-07-02,0.0,0.01108991834408557,0.005649500177575373,0.002001991890719035,-0.003374748248416326,0.00032610005205291337,-0.002159738611740125,-0.004450697692426009,-0.0002079598679755046,-9.063506046746994e-05
2021-07-05,0.0,-0.001913266392916002,0.020014722331947787,0.010817220811813577,0.010055186354731127,0.012498548513139474,0.010564922995744075,0.01331210272440253,0.011782217017175078,0.023933345055168864
2021-07-06,0.0,0.032570479928885065,-4.988954110518584e-05,0.004710520630185622,0.004157487168969354,0.003308854795381455,0.0027287364016717053,0.002481831943515811,0.003718486970846646,-0.0043831216195610034
2021-07-07,0.0,-0.009917657444393324,0.0045135273350203065,0.0037350237847768586,0.00035771659819250345,0.004293301506323566,0.0029379557324573646,0.0053269204727968145,0.0019286137734073616,0.015944882647634495
2021-07-08,0.0,-0.006606140500952207,0.0019856748960300763,-0.009065757683050069,-0.007110472212067287,-0.006505966432055144,-0.007095954799633319,-0.006983206865894487,-0.010212079165994759,-0.0013945168837273814
2021-07-09,0.0,0.002582371095475988,0.00770180232608042,0.010800015107149674,0.007460449672078484,0.010737578679745896,0.010233818556502294,0.014033926307469358,0.010519481583318058,0.008850029391906933
2021-07-12,0.0,-0.0025298149634458422,0.004360212366703475,0.011679276558657081,0.008976043949407542,0.010857985382312973,0.009256112257804539,0.008952033425977612,0.010244109480671781,0.008874344543699841
2021-07-13,0.0,0.002385421720777048,0.008067038087197886,0.012242748966713624,0.008045997489982915,0.0075858755647144616,0.008074293001534727,0.00834581412826818,0.0069645881690676426,0.012896789214875914
2021-07-14,0.0,0.002472061233927514,-0.01105994676810329,-0.014368528535861125,-0.008781675193493377,-0.004973087037947521,-0.008483432359774223,-0.0066289100606501394,-0.006625399164881585,-0.01358625917843781
2021-07-15,0.0,-0.008035466586758244,-0.012601880506697194,-0.005360338992051905,-0.009079411220831113,-0.003255284924944646,-0.003469399025318398,-0.0012677497536246474,-0.0027884160881559428,-0.007071167896607222
2021-07-16,0.0,0.009961062635062357,-0.0016339523900874564,0.0018343997358278852,0.0033548036290333982,0.0023026766743998728,0.0034439082683572764,0.00018627105387380993,0.0026311417544171434,0.03097433223880186
2021-07-19,0.0,0.0018659482581657727,0.007472557516674305,-0.0024474151460899263,-0.001187547946377543,-0.00254368542322736,-0.0024720852987278885,-0.0047004713239507945,-0.004233555291723645,-0.0020086267344174846
2021-07-20,0.0,0.004609525704595496,0.004275770252488931,0.00010229781585358033,0.001265504871546863,0.002735666783292512,0.0038961456175554687,0.0025750299908855467,0.0024046643806510115,0.009686461016970904
2021-07-21,0.0,0.03031285394144634,0.006371918553855105,0.009097370016327933,0.00879136886541354,0.013722506612134033,0.007881495816467465,0.010291934976142336,0.0071013906266208515,0.01760808574263506
2021-07-22,0.0,0.0004471561985874839,0.0003826391961017084,0.005403608176574037,0.003963615217951633,0.009490992645245111,0.008457769375362467,0.010789309792631707,0.010592450667153752,0.007321985854515489
2021-07-23,0.0,-0.005959910885113606,-0.01678204902656355,-0.012925490447424526,-0.009876661876606851,-0.005919820871993164,-0.011711128791208836,-0.007008222110389761,-0.003992733261959924,0.0005353920630066789
2021-07-26,0.0,0.003594931717796346,-0.014050072573868366,-0.015390886114524105,-0.015482396801609788,-0.011046860547818227,-0.011709597967860974,-0.01399777989766926,-0.012187838508704418,-0.006304517798571663
2021-07-27,0.0,-0.013147430309037533,-0.021673707032613176,-0.024835543289872475,-0.017182722738969147,-0.022600822831494338,-0.02017367316487162,-0.023883142505642496,-0.02353376145746311,-0.028722658513797183
2021-07-28,0.0,0.009017403962374493,-0.04092009190538859,-0.028599261640162355,-0.023948762436535098,-0.022777751009842584,-0.02737561318555748,-0.02529463353121253,-0.029093398693160077,-0.012790255674896667
2021-07-29,0.0,0.03073037963442249,0.03014096794659915,0.020569094895455997,0.01789256591019628,0.02280227947172553,0.02079206430833125,0.022068352833264138,0.019355412707764197,0.027248233708667247
2021-07-30,0.0,-0.018316740654675923,0.01340563286878016,0.009619667641006968,0.01171579543638801,0.007968873710395119,0.009667312415934548,0.010018413466659881,0.0064933369161930266,0.006490976775386903
2021-08-02,0.0,0.00013208101884409906,0.01382076316191827,0.01577437694735595,0.019020649016797675,0.016211408918610948,0.018998346828035695,0.01787199908032333,0.01686626687975945,0.02629631946479849
2021-08-03,0.0,-0.021364837584376573,0.0012350352515406726,-0.0007552431297316309,-0.002078475146602088,-0.007614834602542642,-0.006144154847070871,-0.007148227032859,-0.0034117773432054133,-0.01543990893598779
2021-08-04,0.0,0.012529120609770406,0.004265315235332912,0.009875802178351156,0.009552334313578603,0.011967523921335044,0.012266425332835507,0.014776928721340177,0.009258060331534423,0.015992221805900764
2021-08-05,0.0,-0.0055085881866439035,-0.002242114125222572,-0.011241191551080054,-0.006336969930668235,-0.009395957295258661,-0.0029691428975153755,-0.005782259475916485,-0.007104780055787074,-0.01504533438691169
2021-08-06,0.0,0.031181079502386355,0.006838038859696471,0.008383677991703475,0.001396071643209984,0.009266523550900185,0.0072708423996827864,0.008948243605221728,0.003653782412925244,0.00614914513598297
2021-08-09,0.0,0.024258069571621466,0.009322638002582373,0.007493473139260853,0.010366658594126665,0.006998315030519731,0.009506678326863804,0.010499806605814399,0.006631643199010995,0.007695127248094957
2021-08-10,0.0,0.03412896880014604,0.012619219901203405,0.006780812479443066,0.011508129126116096,0.008072532930464282,0.007069466085133813,0.007011384645349672,0.008813862560092645,0.0024018049700851307
2021-08-11,0.0,0.02420958126377637,0.011271517748899784,0.008520597983009859,0.010326441095052985,0.00967409368395522,0.013338839342749598,0.012343030718563464,0.014222942254839666,0.02117428985681813
2021-08-12,0.0,0.01143876736626348,-0.0015991551834864115,0.005748025977135862,0.002941181886699562,0.008986225085228616,0.004544161527436197,0.00911923460232944,0.013404555595767809,0.003836328663227917
2021-08-13,0.0,0.02695130224528186,-0.0031045387134626123,0.005355143719846245,0.0009509078132572402,0.00262775998843523,0.006668172177713094,0.005921576820569818,0.002226490555827798,0.01176957221385111
2021-08-16,0.0,-0.036091905414748604,0.00667998355549515,-0.0005324311856199637,0.0013607256442302873,-0.0020122583063542088,-0.00250677540308053,-0.0030079267373032126,-0.0029991316623563247,0.020392796188603457
2021-08-17,0.0,-0.03498210954182546,-0.024044938327427712,-0.01978465580438593,-0.024416908531528114,-0.024134517883273143,-0.024077683602860778,-0.02449918859629363,-0.024198352426556546,-0.017642044131995216
2021-08-18,0.0,0.007923569213840187,0.012937403502268907,0.009515882539061993,0.009552799965285352,0.009256817396142925,0.009234534938659333,0.011517310243739587,0.006369157528011593,0.020407000056054114
2021-08-19,0.0,-0.01377730288321255,-0.0016067312350830365,-0.0019630290181523735,-0.005428328243160863,-0.004303856686815988,-0.004260690657529542,-0.007851187521852654,-0.007167495449457717,-0.00189125365985654
2021-08-20,0.0,0.003797510861932585,0.0005493757427741386,-0.0018067528069195538,-0.0035081670658595465,0.000811300875071419,0.0017326643466273328,-0.0011932199285037415,0.00020844444382772664,0.0003478686174933632
2021-08-23,0.0,0.009761366263241422,0.02226278905881318,0.021135225129081947,0.023298409346342863,0.026755885266643187,0.02035110626856307,0.02164989271006834,0.02144482515848134,0.029856946623753045
2021-08-24,0.0,0.009329009883811468,-0.0035167016906244575,-0.002545820577988911,0.008175681600379514,0.0036005759286898975,0.007785202534732694,0.011617694107986853,0.006780054384844192,0.004500636882995623
2021-08-25,0.0,0.03576734366581236,0.014341252271524496,0.010776459277142658,0.012710360791945874,0.008954439742083542,0.010152966674965347,0.011040809428878307,0.012299142345018055,0.003686936375912664
2021-08-26,0.0,-0.01814704237029141,0.0017460675128286862,0.0031155790078880585,-0.0004420510856277815,0.0007631058594346207,-0.0004824299487111716,0.001694456398723121,-9.444357189725139e-05,-0.004419833424727959
2021-08-27,0.0,-0.006605391977304698,-0.005872277274336257,0.00255873014317598,-0.002397641251907001,0.0044463822614462245,0.004651710041718493,0.005200181901681811,-0.0023383218509003267,0.0011361786215462466
2021-08-30,0.0,0.0020658823893848766,0.004550040895549001,0.00832963871976422,0.004533557517421238,0.006875179176054846,0.0015494839293750395,0.006174137842225091,0.008821520963550933,-0.006586277877153823
2021-08-31,0.0,-0.008303605919070423,0.004440275136497807,0.0062957702587560505,0.0016543664461363683,0.01026524543570484,0.005331895171984513,0.0069171905842213555,0.013562192425258912,-0.004452726088998826
2021-09-01,0.0,-0.015999529020260583,-0.012963537003529368,-0.004760341832809711,-0.0010641836589088127,-0.010541736998213702,-0.008094174944529353,-0.012582180871394733,-0.0038375886442304497,-0.007645313449376467
2021-09-02,0.0,0.03912578501708164,0.015207635606347525,0.02027858722300202,0.015189575381644227,0.02370641562815634,0.022431939681262225,0.02325339050042463,0.02093535417596537,0.024322388463901445
2021-09-03,0.0,0.007407264471218422,0.004579177031743598,-0.00560876346666328,0.005231458867634764,-0.0028304864974012522,-0.000700202855642984,-0.0006687985804286756,0.0051398885889311074,-0.007575561129357866
2021-09-06,0.0,0.008865824191196747,0.0004050065686485027,0.006462969135822005,0.012566958448444243,0.0061765829826678775,0.007392986723324224,0.007691456022631549,0.012048218113457576,0.005642474774961492
2021-09-07,0.0,0.029159825988239074,0.008471450650969103,0.016481921906408736,0.014636553285823917,0.02010964273620086,0.01612535850474428,0.019522124749303815,0.01832163551025001,0.023302253776475323
2021-09-08,0.0,0.011822451423906477,0.013086676854147328,0.014802769732581211,0.010626552863447492,0.014096238188136212,0.011088263462370351,0.015488605434068381,0.019141824564275378,0.01838972570922781
2021-09-09,0.0,0.012948816506663352,0.008308758087909984,0.005854256557249027,0.0062654810113813575,0.00833445391989418,0.00493196314421418,0.008113266592228996,0.010062712055721956,0.0072364725448037515
2021-09-10,0.0,0.004113498038817998,-0.005635272965076044,-0.010423418779605731,-0.00748239493099756,-0.008838601205789165,-0.009117204619078167,-0.0066927798423994656,-0.006659757138980593,-0.010553914730074831
2021-09-13,0.0,0.011278414043645935,0.01454991870606781,0.00803889107602318,0.014826256101990065,0.016619238747752174,0.013356429702864103,0.016346065520282504,0.021369056574425116,0.0167239443719871
2021-09-14,0.0,-0.01213475437278877,-0.01188268443593532,-0.01654491616112852,-0.0129415219036364,-0.010431191191073275,-0.017527853981203045,-0.01510510811685195,-0.017826138652095036,-0.00704033729136011
2021-09-15,0.0,0.012104916094380469,0.025200510773887297,0.016507383727589753,0.01409389243727488,0.01405427547570115,0.014957440950482237,0.015622116018763066,0.01603355396565198,0.009261896485610821
2021-09-16,0.0,-0.022316392615362335,-0.008015943023731986,-0.01388988771499422,-0.00981758971120461,-0.016323080535643575,-0.012851060059088426,-0.017865837405777185,-0.015050215421851032,-0.032093189148600154
2021-09-17,0.0,-0.01571299151516592,-0.009791031704530107,-0.0035262306493334394,-0.00491266892501141,-0.008025943645422084,-0.005239449106696492,-0.004548336571268186,0.004701936440486776,-0.0055010885675631505
2021-09-22,0.0,0.010521351095707177,0.008459199145828267,0.008643717384580807,0.01147092446771203,0.012922414652352998,0.0154929946800908,0.01803781174751906,0.025297074343939352,0.026641205239477772
2021-09-23,0.0,-0.01468782392554746,0.006515947405586697,0.00902228658155857,0.0054306968355462,0.0004077145624667988,0.006730542958063301,0.002442447775150347,0.007995004144179196,0.0153478855932907
2021-09-24,0.0,-0.04994453732296755,-0.01732567054656231,-0.01878253092889426,-0.022634246250212042,-0.027452431053614168,-0.024667294003651086,-0.027351307663796565,-0.0350803217986847,-0.02593129542055539
2021-09-27,0.0,-0.05369733437699098,-0.03351347237831459,-0.03867058566613557,-0.03208908423208723,-0.03868829087637282,-0.03802234105583013,-0.04144260022559443,-0.04477827978894178,-0.060084537321434595
2021-09-28,0.0,0.014581003018654615,0.011281318631170434,0.010649162864454276,0.008601894048753334,0.006190162774230679,0.012369028956821015,0.010393613444177774,0.015745986596075623,0.013885343069895528
2021-09-29,0.0,-0.024627804323373415,-0.03699338359420423,-0.029337099116904852,-0.030868242193600293,-0.036890717720828525,-0.036001804959030936,-0.03860614191375367,-0.03406832213152777,-0.03736605824885353
2021-09-30,0.0,0.04659978342333915,0.023588529684221093,0.025065599184345366,0.02070007407386676,0.023381520797089106,0.021073242022746186,0.02199457836690666,0.023561419269485073,0.020461567035996664
2021-10-08,0.0,0.020059030963768487,0.017374824364247754,0.017865910331234636,0.01819356888843071,0.010691726448404326,0.013036278532356338,0.008136968567093561,0.003586689996064596,-0.0038916357767612153
2021-10-11,0.0,0.013427492272097608,-0.0018263110194740584,-0.007604666360974677,-0.007062604199192135,-0.008873536937717086,-0.008079911478235058,-0.0104347316714678,-0.008032364941385817,-0.0038242619636572606
2021-10-12,0.0,-0.025599468573569317,-0.0152785847280138,-0.015596240920730198,-0.018869502000089078,-0.019654701165746524,-0.020797596471883506,-0.022364144993879176,-0.02196087249897305,-0.027442802140519862
2021-10-13,0.0,-0.011111388401958577,-0.005858131382582732,-0.008367682717899672,-0.007233315905535442,-0.0054207751045345365,-0.007075690502359344,-0.009301374716095712,-0.014643662748334951,-0.005017927346782858
2021-10-14,0.0,0.0010270686838325105,0.007618255833674148,0.007520057994586438,0.007331516610725286,0.0070640833271709,0.00785365213259781,0.008414026335499258,0.006594552776598039,0.009773870570747079
2021-10-15,0.0,-0.004069169657409444,-0.014729275347264315,-0.00777187521566991,-0.008734818850542836,-0.008895011698361377,-0.008759556265977353,-0.010000284175429974,-0.007443353450232282,-0.0066727519287542725
2021-10-18,0.0,0.00963710315740074,0.015146853837153307,0.016722934669029632,0.014788949446413069,0.0185734263296351,0.01668504405157223,0.015718811801674892,0.01865693081093145,0.023139987546549
2021-10-19,0.0,0.01128271373320211,0.0010168342242118378,0.0025872315090238462,0.0054624747504257165,0.008313100173110266,0.005028975302186378,0.005735803666939487,0.004412746465449757,0.004569295985355826
2021-10-20,0.0,0.004132582268750795,-0.004847596883947092,-0.002378915497039613,-0.003931623937423412,0.0010463245762213358,-0.0014976203760146412,-0.0010606444085109468,-0.0003187488601281707,0.008629252792782927
2021-10-21,0.0,-0.0009218296419327698,0.00576910428776789,-0.002996219513453746,-0.004641411999859568,-0.001581351212005866,-0.00278122704985051,-0.004460575836514158,-0.005217968563754449,-0.004880634902668102
2021-10-22,0.0,-0.026972276009412655,-0.006688091638507476,-0.013549438611350717,-0.013179359311731531,-0.0164434663420282,-0.016770026792848336,-0.02215798293959348,-0.018285979411124864,-0.03192584431103607
2021-10-25,0.0,0.0065298049385802415,0.009816409159387751,0.00842046995504031,0.004990540514332897,0.011311973003008458,0.008320207799704438,0.010309195473405142,0.010646128056600812,0.02320894733642964
2021-10-26,0.0,-0.008636506264071753,-0.006142676715417572,-0.010821310495426228,-0.006447108656743916,-0.0023646855828928226,-0.004747462108475209,0.0006091384703987845,-0.003588801595071023,-0.005844994680574533
2021-10-27,0.0,0.0010784321099970295,-0.012787840781715909,-0.014774767733999883,-0.013047611109292312,-0.011275440843355744,-0.011133017151757296,-0.00899233524495735,-0.005220114743869297,-0.011481747665909148
2021-10-28,0.0,-0.02051748730561942,-0.02498905049345601,-0.02074603933524466,-0.019390184917899234,-0.02160661465621816,-0.024430942013077384,-0.025311855783794135,-0.022999716073727305,-0.024566494324731902
2021-10-29,0.0,-0.02308349553101674,0.014076699652871616,0.016760175471570715,0.012589583529166282,0.016287917088505743,0.010735022813064488,0.014624168661418135,0.013521448779177936,0.02489702709180719
2021-11-01,0.0,-0.027184422243407447,0.007156285190094813,0.011700874734418276,0.012500114627185255,0.01084064664351092,0.013949306192838629,0.014528710955133972,0.009565551814517459,0.024960557559664087
2021-11-02,0.0,-0.032463124426001744,-0.023043014475871426,-0.020562279220483926,-0.01581878818542548,-0.021229371167574174,-0.018615213849607404,-0.021826456734785227,-0.023189842456005083,-0.019740147615663006
2021-11-03,0.0,-0.002229390424234312,0.008872401098464877,0.0028081617430169015,0.005484500366205403,0.005498074322860758,0.006321811465556548,0.0029343328986379813,0.004996034819556794,0.016893180224935023
2021-11-04,0.0,0.017750376060412965,0.019617623849566224,0.01422020032137139,0.013372157832278742,0.010891213638906994,0.017143388199258203,0.014417914979833135,0.01485617587443877,0.026848395224526866
2021-11-05,0.0,-0.0010096918750517325,0.016164212448752435,-0.009928496438894707,-0.010160305182446039,-0.009869393467192511,-0.010678979741390204,-0.016804645698004994,-0.01719571664022035,-0.01543639091432758
2021-11-08,0.0,0.018908283056923603,0.007104755298668497,0.009396643962348294,0.006760906705284508,0.007425491265368178,0.0097149129558034,0.006912607702102003,0.0065168498269989605,0.003964316045193428
2021-11-09,0.0,0.001963410800980059,0.008555830141182108,0.011467252152044471,0.006746379181116646,0.010038963598329342,0.008798036908946205,0.006774274540779945,0.01044096775125336,0.006651003375507392
2021-11-10,0.0,0.011315532322365707,0.030523087122777515,0.004606193627959554,0.00624187216797778,0.004802945837239614,0.006621566425250025,0.002038749878884749,0.004090639094146198,-0.003176894428934207
2021-11-11,0.0,0.022764495424634212,-0.0037340433702136577,0.010479494769478181,0.010723276931622117,0.007296533699304275,0.007295802422734976,0.009186573252944363,0.009281199369913562,0.002681093289746306
2021-11-12,0.0,0.0020634277171764914,0.0016926955295843982,0.007671551764683482,0.00817872805531672,0.0062419919353231546,0.010436134333578373,0.007659705000500505,0.005498151737634238,0.017200736907495795
2021-11-15,0.0,0.015926273756999176,0.012448854834539835,0.006960027675564806,0.007515036660455943,0.0034841423876010857,0.0008797714280759372,0.006848379742996125,0.0003150212684950304,-0.004402857364669166
2021-11-16,0.0,-0.001987774164961098,0.009919948664210976,-0.01133496616573193,-0.007566830552280912,-0.009146760052073377,-0.006666023844688618,-0.01005574779836449,-0.008507091381564136,-0.0037965417398575507
2021-11-17,0.0,0.006536583885978109,0.02588121671083865,0.01654690514436119,0.015301885392110304,0.016695320251153056,0.01655626177255587,0.018972368564598163,0.012890508012600055,0.017006810933157146
2021-11-18,0.0,-0.0033777693854868396,-0.015059164902928579,-0.009654934058020759,-0.006089044973279112,-0.002240808952986284,-0.006296762983206583,0.0021419837784457663,0.0004388435448146044,-0.007053227045687893
2021-11-19,0.0,0.01921537252830574,0.01435912621210167,0.014784137878012249,0.010746929886908285,0.015222465982958067,0.012077546847560905,0.011604376889025936,0.00877814941145516,0.01372787945733478
2021-11-22,0.0,0.01088435749225547,0.0012248772982075273,0.0038907556792882048,0.005774050368651196,0.008355998945357879,0.006055330414518556,0.007680960733299047,0.007527780346775925,0.01180859254718336
2021-11-23,0.0,0.013200779801452622,-0.0029071974817982404,0.0009946740560575762,0.003465667228734315,0.0019796516974877054,0.0033046618337027045,0.002565773871692212,0.004793611806708009,0.006461126562972153
2021-11-24,0.0,0.011148199416374238,0.010858207013694887,0.0013324752784595884,0.0008654770137574985,0.00014668133120854243,-0.000691186806436761,0.0009650722936012102,0.005646031975200083,0.00491647857238342
2021-11-25,0.0,-0.009928158816255639,0.0006115650906901582,-0.0017070157082338389,0.0011896833760725034,0.0013459016921855138,-0.001995569290044852,-0.003421279888537021,0.004763946273997011,-0.01630118082251275
2021-11-26,0.0,0.010798547609771614,0.000966931131951565,-0.0028094818310379077,-0.0017673756220590864,0.001817974222042773,-0.0006651874139369518,-8.157652710816254e-05,-0.004627289279570235,-0.008410401878971463
2021-11-29,0.0,0.0008456467142967661,0.000554554443699562,-0.002682558327225859,-0.0002560165960057148,-0.0004181181028820591,0.0011940344273064785,-0.0026991708522506874,0.000785453369949618,0.0012033570320688636
2021-11-30,0.0,0.00027206954733838273,0.0055062811525579125,0.007326580619885004,0.011781828859236176,0.0056301261240288,0.010448789402877967,0.010577629957335022,0.0072575594362243034,0.006689941282815193
2021-12-01,0.0,0.021659142703820855,0.01407396776808012,0.01417820178256557,0.014413566267339695,0.012481393812213248,0.01133228654683971,0.015482020978600408,0.014766259298075735,0.020312417758754142
2021-12-02,0.0,-0.013467334968981892,-0.01613184771890741,-0.011694462663898841,-0.01016417606870823,-0.008377040168333627,-0.010498436694286295,-0.005220245503405718,-0.007105409740808977,-0.005416835811564047
2021-12-03,0.0,-0.0009235641037359521,-0.005916583604785641,0.005889167559482988,0.005441910714222953,0.005787580329708941,0.006544388939560886,0.007634481487817535,0.010199319828659625,0.0212936256480436
2021-12-06,0.0,-0.02648343684033183,-0.016052154713875666,-0.011313104322462353,-0.01225670925356137,-0.0117888666223247,-0.014498910474130766,-0.00861219653684775,-0.008431387586735672,-0.011190445258655868
2021-12-07,0.0,-0.030166341856278867,-0.009174410641938024,-0.004290770424922985,-0.007336397955470142,-0.009848902041200813,-0.0069526499874096315,-0.007876372723120584,-3.952166863385731e-05,-0.016034297332485292
2021-12-08,0.0,0.0046968818351960095,0.013815145318810895,0.008179587215239703,0.010553711154192902,0.014201314284954414,0.009802494247823867,0.009766068982457243,0.011105345637158148,0.010902576657876528
2021-12-09,0.0,-0.004681897621569786,0.00101427659697495,0.003659728830008646,0.0009703630630824023,-0.0023163787974016525,0.00041789942175674,0.005801660524347829,0.0010115536363926037,-0.003380988570991561
2021-12-10,0.0,0.018516621843817083,0.008781656380659753,0.004044317464919844,0.004145723267761969,0.002485923519299549,0.0029528820858479854,0.0037009808828418755,-0.002075767077347135,0.012476342774360605
2021-12-13,0.0,0.00869430970157592,0.0018636051522658015,0.004449402534797642,0.003397015476584331,0.007213854382330576,0.009061481332153898,0.006558416352248964,0.006636456053288553,0.012473725198880015
2021-12-14,0.0,-0.0026124475549280657,0.0015987727545565544,0.002443182753091744,0.00562421445238015,0.0024671466551129395,0.0051789743447119285,-0.00019881550749012433,-0.0006011794156479677,0.006343208671730327
2021-12-15,0.0,-0.0004142980192807233,0.008294734455214448,0.004174004288861832,0.005901728758779701,0.0028092794432137413,0.006999106339210748,0.009210194300551366,0.011855305828092355,0.015253381153570666
2021-12-16,0.0,-0.0014038726965576176,0.011232564768093756,0.012175494523390729,0.011241351107481368,0.011065296111152811,0.01182030941024581,0.01188566866596874,0.011139727453458592,0.02165761367104313
2021-12-17,0.0,0.005314733063937815,0.0001884501731668209,-0.0010550353966253256,-0.0023049292987233905,-0.0038961468384414166,-0.004992465858250084,-0.003084408058183108,-0.0018926808711481335,-0.0032661812736085594
2021-12-20,0.0,-0.00463095771793498,-0.004044185129954747,-0.009814087097600788,-0.005846797416711458,-0.009415858683684664,-0.011284792796973586,-0.015811640543406003,-0.014640391807634878,-0.015140498049200146
2021-12-21,0.0,0.012333812490066931,0.02372704719041696,0.022777082393254267,0.017631543173580733,0.013808636243127337,0.01876026382296425,0.016874442277820645,0.013060725735872802,0.008792247981485035
2021-12-22,0.0,-0.0056605071175162,0.002786411569846381,-0.00033999217934232995,0.0003665609252649915,0.0022015707714473365,-0.0012714070064637761,0.003738214369853665,-0.0011385975697950634,-0.007225796156638653
2021-12-23,0.0,-0.012416284962466051,-0.01125320831975285,-0.0012475488726816364,-0.004626844116387807,-0.0027965495795594375,0.0024299884357215085,-0.0019495158259043022,0.0014831271440920446,0.010183409726762571
2021-12-24,0.0,-0.013838904121611595,-0.013573627078866002,-0.017624504276245512,-0.01774608534715094,-0.019378199401757223,-0.0190858609429414,-0.0190861499239674,-0.009010588890677962,-0.021957532046338324
2021-12-27,0.0,-0.00038735144739632243,0.009102299628291677,0.0027954817586943737,0.008319654370835705,0.0057220920797480535,0.005130592695056668,0.0031254578069555006,-0.00042730521206002514,0.009577001342085056
2021-12-28,0.0,-0.00017073640064069195,-0.002428263209609094,0.0031452904461477527,0.004537096253030226,0.004990209301941162,0.0002590469601451151,0.004429554496068189,0.0016081341672009586,-0.0018826755055291189
2021-12-29,0.0,0.016814055685538287,-0.0014873178053971259,0.0026250361730797422,0.0034069949574253577,-0.00018683297566535195,0.0003310295365523963,0.0020851229706149166,-0.006561261535052654,-0.005232496276810661
2021-12-30,0.0,0.014667105580086881,0.005612450952827475,0.013926088504212508,0.009321989727075763,0.005607406947258697,0.007030929090872995,0.007114192314936041,0.009722013425924825,0.013551521077014517
2021-12-31,0.0,-0.0016776461994256753,0.003239992419310278,0.007905450166235006,0.0035547473513575234,0.006239636152985506,0.00751344474016058,0.008795624909182953,0.004522095634001078,0.00914229536950284
2022-01-04,0.0,0.02341599699692609,0.01588983006854927,0.018702741490745245,0.016952398278329506,0.011988643445250302,0.01161525191695345,0.012185249421661437,0.01151739864913992,0.01076727986717585
2022-01-05,0.0,-0.012385065637308568,-0.004687310165400471,-0.008050195722390852,-0.014958558278883372,-0.014397316651202474,-0.016087921067374777,-0.017809717048556828,-0.018321984580804807,-0.007946000138200682
2022-01-06,0.0,0.02010293995729051,0.013319183306093052,0.010852287747150857,0.010879152568634254,0.012925392778822431,0.010199043512161499,0.013818838268292666,0.007517556966119221,0.0064183234637729125
2022-01-07,0.0,-0.024199538758990946,-0.02138357336572727,-0.01607595320840316,-0.01824212110063106,-0.01807739049010093,-0.014191519587642087,-0.009480177020012803,-0.01643452755625885,-0.024396292634757177
2022-01-10,0.0,0.009936235306263086,0.0040264807368679545,0.008441239416330237,0.008989005772430447,0.005785940645808507,0.006805825168032076,0.008744765471463856,0.004980643152591391,-0.002192420954081231
2022-01-11,0.0,0.012021244014402965,-0.0038386275814864534,0.0010878599852393034,-0.0010977155060984956,-0.0020121983011972544,-0.004154678231732323,-0.0004082107181646588,-0.0023504674183046914,-0.004382746140385252
2022-01-12,0.0,0.027064315468996014,0.01559348015353601,0.011985916719776224,0.015004152945816474,0.010992731412041934,0.013064860189405447,0.009198800667804319,0.010704619867655918,0.01064145231420155
2022-01-13,0.0,-0.011361042434086532,-0.00116608658514461,-0.005735591713909249,-0.00619939479077003,-0.009233582212690994,-0.007979308709058386,-0.00515172600544711,-0.007080370595909269,-0.007996892645950826
2022-01-14,0.0,0.00496969403781744,-0.006194096136451166,-0.01255235506999175,-0.007462529579734145,-0.006761827369355822,-0.008851459146572038,-0.012921960290760093,-0.010180430429936993,-0.0013027077078833216
2022-01-17,0.0,0.04611217408774704,0.013377175522994778,0.01982725836917143,0.013489891776608642,0.014357628324203953,0.013900852154625332,0.013227493927249867,0.012203165941845784,0.009522556505604074
2022-01-18,0.0,-0.02654096124097549,-0.01808768488635415,-0.013098775867671386,-0.013964767622832164,-0.010107914768686,-0.008735143292511571,-0.009982570708650718,-0.007866677443889913,-0.008445029540310123
2022-01-19,0.0,-0.009613576583080707,0.0049680401097162985,0.006968746158987127,0.0003087580501164311,0.0025677004036235296,0.002028740002099072,9.035916583433057e-05,0.0014960083340733732,0.010436429992440877
2022-01-20,0.0,-0.014829586064230571,-0.03144235535306339,-0.018864846973351,-0.025580694245352253,-0.02741241911082537,-0.026474771061159363,-0.016340898926845426,-0.016370407576676516,-0.016354873756481036
2022-01-21,0.0,0.006301647940887056,-0.017630924619441046,-0.010493312884589878,-0.007219524515512221,-0.009369982220240214,-0.009138983030480552,-0.009973284465001231,-0.01368645277095537,-0.018537973685379683
2022-01-24,0.0,0.00036744417109280114,-0.007012192061716882,-0.002470418962890908,-0.0032169675062801995,-0.005302335448733375,-0.0033969368149351364,-0.006880486375267614,-0.0070682832686916885,-0.011869416170051106
2022-01-25,0.0,-0.04359215848660292,-0.044196856094618764,-0.04163348519537935,-0.04333389716912428,-0.0441185459929162,-0.04175130189307075,-0.04495660423965786,-0.04510454565852973,-0.0371579647968201
2022-01-26,0.0,0.02501555256677812,0.0008186286869065196,0.0016484848519522366,0.010628412267205789,0.01102508667122204,0.014952902127802759,0.004554436729532263,0.008141615429794635,0.004513958443040034
2022-01-27,0.0,-0.028415716434821325,-0.030122891689576603,-0.034737790223633436,-0.031086365089214363,-0.027137135483562336,-0.029825992344875152,-0.027984099838934795,-0.02929875330442744,-0.0301445638763026
2022-01-28,0.0,0.004397235853401016,0.02687296867687583,0.015952093276757617,0.014607831124948678,0.011293530374376859,0.009248095409610801,0.013976747955594115,0.011084443827917623,0.0050868358240290235
2022-02-07,0.0,0.014420321725119756,0.013534614054428795,0.020097431713801628,0.01677704782099032,0.02293626652053371,0.020864648183397172,0.018937096172310763,0.02346359605103787,0.012525708934522095
2022-02-08,0.0,0.021540468267209345,0.023422985957385345,0.02443751854746412,0.021698433092247615,0.02145444434777155,0.018963312097642238,0.024781780844957302,0.02164020345620976,0.020525427605677216
2022-02-09,0.0,0.04229816569314382,0.015487797764637934,0.020139506698614085,0.016332842724828378,0.013069369373492012,0.014340875433430211,0.01357234635991067,0.01671581302739833,0.026149680783064788
2022-02-10,0.0,-0.005064885204274616,-0.0018861003348195071,0.004883239606446654,0.0036502358073133845,2.012134258166931e-05,-0.00025169741329977846,0.005191049364849931,0.0032073624030448666,-0.0052142981363823004
2022-02-11,0.0,-0.011141349585699456,-0.021643871481170196,-0.016512493817428475,-0.015517044865184237,-0.017047922446655872,-0.020156006039712904,-0.017419357155914472,-0.016510343848019082,-0.025155561914994573
2022-02-14,0.0,0.0037265273120590248,0.008467183220729035,-0.002418234740578229,0.005512345877599634,-0.0003658893379249184,-0.0024738781850116576,-0.006220881603697048,-0.003531559094366088,0.010770363873066069
2022-02-15,0.0,0.01792916331693095,-0.0016639932103206245,-0.003361610197971654,-0.0005442664746262427,0.0020740947011752553,0.0016467108227935512,-0.0004119998890713683,-0.0010132001229723464,0.008625133265202978
2022-02-16,0.0,-0.002583669532196131,0.010623798962987374,0.012860024792024305,0.012945617108187202,0.013905701431121464,0.013836153941788387,0.015223104429151535,0.009939142322483052,0.01540472052858255
2022-02-17,0.0,0.026229030865589475,-0.0010393592230347748,-0.01131941606088227,-0.006883938929817868,-0.003568407189209921,-0.002780780382038439,0.0004565856469409546,-0.0013506024795342242,-0.012188558247425485
2022-02-18,0.0,0.0011553054040853716,0.017726638407112416,0.009650641959461081,0.012148450768919572,0.009246266004928394,0.008808969130128741,0.01155495202360246,0.010038410658379293,0.0033792151107119306
2022-02-21,0.0,0.029224076975586932,0.02318404277612207,0.019013445805365015,0.016078250647486136,0.01603820400118705,0.01180974548781255,0.015831189460316475,0.010880886849493843,0.01122260148069909
2022-02-22,0.0,0.013874847965182457,-0.003172816722609828,-0.012177108882104326,-0.008152565820346624,-0.007067204500991298,-0.010522843013458405,-0.007950048359264272,-0.012854908710440371,-0.012943441299414382
2022-02-23,0.0,0.03470089453935832,0.009481481837470662,0.005534259001327424,0.007979214349082664,0.014337168732759142,0.01169965911882076,0.008298636542277693,0.008744873094666428,0.014834101986521464
2022-02-24,0.0,-0.022355103908067386,-0.01879841423111872,-0.025817950533275957,-0.02447233567268603,-0.023795302155831255,-0.022486553510575935,-0.025434150110727916,-0.02107534895941121,-0.03106915257442633
2022-02-25,0.0,0.017969260089181205,0.007038563222410588,0.00824343553163831,0.008356965144816542,0.007963163434179688,0.008400616099693226,0.004068390822464796,0.011329244119451465,0.018840878312565756
2022-02-28,0.0,0.027361293301638057,-0.005385525586170226,-0.0024506303467053403,-0.0021254368964542802,0.0024460907504091356,0.0018165912709324772,0.0017845978180675015,0.005123913989190987,0.0016414472118879697
2022-03-01,0.0,0.02413352340853825,0.01166879257127329,0.010183859839607123,0.010188580562937366,0.010306386476924834,0.008950479751631768,0.008563919841861445,0.005246640643388867,0.004884585192011626
2022-03-02,0.0,-0.007166324173141003,0.005012949585664561,0.01179886756126769,0.008192039525329431,0.0080649179467982,0.005849604224912319,0.006977141450423163,0.008428358647411427,0.007522287697107277
2022-03-03,0.0,-0.023256553982541672,0.005191021542551244,0.004850840086285224,0.003459346623820414,0.005582044746966108,0.0021156861079425493,0.006595458515179509,0.008052218063501204,0.016229927401169686
2022-03-04,0.0,0.0021529943457463396,-0.010569188981127353,-0.01992666662907927,-0.014177282785903467,-0.015605594382711918,-0.014254411399303613,-0.015393309361886431,-0.008275574862706359,-0.02637578929483575
2022-03-07,0.0,0.01474416730133088,-0.011095386838182453,-0.00959768320698029,-0.014291375312577848,-0.011554405907003962,-0.01364319967314398,-0.010678590907102992,-0.009567305759001776,-0.016722140303981226
2022-03-08,0.0,-0.015972690966571168,-0.03205621778528356,-0.030993563622337184,-0.03155388637160572,-0.03656896152340594,-0.035279545470937035,-0.03311711259434802,-0.03176847057200172,-0.040431260769435484
2022-03-09,0.0,0.019206979834256233,-0.006106234720841375,-0.011607850409029674,-0.010170925323177982,-0.011036265281189395,-0.008685898769274614,-0.01059796775876809,-0.010822214413525044,-0.011390723445260265
2022-03-10,0.0,0.002716294067523606,0.011656126804217015,0.0157276379429776,0.017533949042917385,0.01971654585694016,0.017792180127498503,0.016835307449606374,0.01615257886322996,0.011622299545874348
2022-03-11,0.0,-0.031844084993436605,0.006597545254468651,0.004563673876861962,0.00775225957476966,0.005573030219884423,0.004972415813382591,0.006452444638131771,0.0027186797677012375,0.00412725127645075
2022-03-14,0.0,-0.007305201962022889,-0.021482666911152637,-0.029974898375920045,-0.027200785565951402,-0.02466567642756745,-0.02601263295744005,-0.03207713757370345,-0.033759457316053454,-0.026815701287758675
2022-03-15,0.0,-0.05351891321993185,-0.0539875482898714,-0.05244466388429858,-0.04814637523316745,-0.050715095980283786,-0.0566335681681398,-0.05609151672077861,-0.058856332224347385,-0.05959716966815454
2022-03-16,0.0,0.010420687529942407,0.03210337747276504,0.03599551042072524,0.032384259012532945,0.03298874187365297,0.03427745775909741,0.030826300220987424,0.03380713540036151,0.03561593093553328
2022-03-17,0.0,0.007362762472881146,0.016387632418370934,0.019054331642163413,0.02205377833885369,0.014100600886670867,0.012195302608700276,0.01315124821503555,0.013218782107317528,0.017676951821400166
2022-03-18,0.0,0.026297836426857346,0.027296056094917143,0.020121869688206395,0.02097893251552252,0.01726141272642523,0.01751169469916003,0.017830110073061567,0.024425022782530004,0.028551436765965166
2022-03-21,0.0,0.023503987231376477,0.014246546894806311,0.014525344396849826,0.016432988099730483,0.012291023153581548,0.011515950622231097,0.016944164351157642,0.009143352577117847,0.020056314352916438
2022-03-22,0.0,0.01219472946092015,0.0059027839717804564,0.005283432884864547,-0.0007627627899517986,0.004426956006745586,0.006055226758536314,0.0018942718463468289,0.0031177671032536214,0.009049832273174685
2022-03-23,0.0,0.02576301414131721,-0.00045151867079451513,0.000986292739278305,-0.0003234968819698647,-0.0022881630495145133,0.006856342203542365,0.004343910074892321,0.0008675474246728765,0.017956585453001717
2022-03-24,0.0,0.011097121520172504,-0.008713431711708464,-0.010683067686873216,-0.009480501870838376,-0.00890455310680649,-0.012931132639803278,-0.006667771173127335,-0.012825086852481626,0.0006060884466392302
2022-03-25,0.0,0.028464689782365493,-0.0008978785829431013,0.0006508499563906422,0.0011666813822088784,-0.0007771339262837573,-0.0046022526614662995,-0.001561603592385108,-0.0007725017433203307,-0.0174428598985904
2022-03-28,0.0,-0.0397812542046212,0.0008417579510866524,0.003441461515355959,-0.0009897184561831196,-0.00031722115596211076,0.0007205393622915501,0.004302443993640992,0.005437666044683542,-0.00932506130294164
2022-03-29,0.0,0.002561039552692268,-0.005663319210112094,-0.007293380050413023,-0.007600450877691012,-0.0047274833996823196,-0.00893647934356323,-0.003548407933992137,-0.0026620206462306673,-0.018224302193224906
2022-03-30,0.0,0.0050884872944731985,0.01662833888563342,0.020084678713310877,0.013442750382574031,0.011773641518845412,0.016436930358505464,0.013192507356014405,0.009585385595863416,0.016653661816283583
2022-03-31,0.0,0.024315229855190745,0.0018280774903089991,0.004067835085913352,0.0007942605353452592,0.0007216023887433032,0.001948670365787608,-0.0021979209539846334,0.0024638634003635307,-0.005059887463521262
2022-04-01,0.0,-0.025127797619315384,0.007761719460809058,-0.001197049064852962,-0.005319114737497466,-0.000456327693257097,0.0007676543328889451,0.0008101652688285998,0.0027713165079070734,-0.013581258853871736
2022-04-06,0.0,0.0006393263623396539,0.010296547466269734,0.016425302469651903,0.014179193253621047,0.014285225211765784,0.015612631137833954,0.009721467332930445,0.013425677781262246,0.014690490121319177
2022-04-07,0.0,-0.012609153604759893,-0.020880423096273804,-0.025510624432494744,-0.02785662043322068,-0.023129248911229583,-0.023974003112002373,-0.023845749492925283,-0.023690932526386654,-0.026943079647398505
2022-04-08,0.0,-0.04826498451331496,-0.00888631083896707,0.0011130173754339001,-0.0010951330217130462,1.5683945397304555e-05,0.0035637747740207004,0.0014940247434638287,-0.00050894106804944,0.0025593500141547487
2022-04-11,0.0,-0.024949808273254992,-0.02316036884378525,-0.023413451348757608,-0.0210629193588473,-0.024537805680304392,-0.026770562218325966,-0.02088107940245143,-0.02193838845103413,-0.020723725930352876
2022-04-12,0.0,0.029476219165549766,0.021660882807503556,0.01759870209967951,0.015990020418716666,0.015543367285395515,0.01476527482342549,0.01774064606019521,0.01696764598115119,0.011635356846383615
2022-04-13,0.0,0.012385927504044547,-0.003536473683076302,-0.025104088266576507,-0.019684906636062816,-0.01763423309018841,-0.01864653664441629,-0.008293615862524084,-0.015487458464850001,-0.024921434550679744
2022-04-14,0.0,0.005412584116165187,0.0057917775456943765,0.006235044238698917,0.008874236111084954,0.011192810684402588,0.011892588103816326,0.01373882988909192,0.009556437907607407,0.01397777017488
2022-04-15,0.0,-0.021308089152913712,-0.016782183395923744,-0.02264989577219023,-0.019576270680157326,-0.02048107299511015,-0.017086212273241252,-0.022872407586710053,-0.01904882272809738,-0.016114786647007273
2022-04-18,0.0,0.03407448749127018,-0.007433490495011297,-0.001583412149613106,0.0035956411022226575,0.002311449624045947,0.003241193289328148,-0.0013030819923156578,-0.0030469591555739584,-0.01010049416561909
2022-04-19,0.0,0.005789268067177167,0.002318457946492103,0.00939135959559323,0.013097858298842135,0.01093026078709336,0.010195376783685761,0.010962557400790551,0.013720730928978186,0.007037009040784303
2022-04-20,0.0,-0.047264978629662946,-0.01561596282050759,-0.013621230245016491,-0.014350519630054515,-0.016447980429172837,-0.01637231990893273,-0.015362138035076467,-0.009450193511088889,-0.021357405736935675
2022-04-21,0.0,-0.06788875933651384,-0.05034562157458056,-0.04461648103362137,-0.042534698642746505,-0.04195664527610199,-0.040247734017933356,-0.04060551697855874,-0.04221481309206021,-0.053502581501656876
2022-04-22,0.0,-0.020247173951992048,-0.017834086746600697,-0.007561066693432816,-0.009744324953518513,-0.006592265150954013,-0.0060567437532627055,-0.00240820707924716,-0.0016502811131435813,-0.012096665384939365
2022-04-25,0.0,-0.09201770990768554,-0.08314387268739454,-0.0702857353049624,-0.070049261537797,-0.07010101399197433,-0.0733796761072838,-0.07347174390380529,-0.07205694430963216,-0.07225585681286861
2022-04-26,0.0,-0.05448193258477507,-0.02669600426116936,-0.029019683204921765,-0.031366639070927294,-0.026098443367112978,-0.03291712261670643,-0.0328277165712908,-0.03949844397964475,-0.03266866785182654
2022-04-27,0.0,0.06090264324724037,0.023940497838597086,0.032028170953062984,0.027160858528111564,0.030742514775149887,0.02601189675365756,0.02952955675085689,0.029113347606764206,0.04233927782350744
2022-04-28,0.0,0.0002814536893764874,-0.004282056700502079,-0.012682275147171573,-0.01308757813109962,-0.009798062693919585,-0.010029055879034465,-0.011789535595540857,-0.003406822339326321,-0.010658212327322225
2022-04-29,0.0,0.0492164793256451,0.041644405853228816,0.03905023401749941,0.039966825219507784,0.03802374441322742,0.04113072764241199,0.04301697023187967,0.03177332266810495,0.04375015324811771
2022-05-05,0.0,-0.012973135389160229,0.015075908963199325,0.015356403067271485,0.02049925159188848,0.01624693438740099,0.0162956801396541,0.016501268244761835,0.014025826540779551,0.013139202365640035
2022-05-06,0.0,-0.010483732427912895,-0.00947929910158829,-0.013653782694873828,-0.013086181338282321,-0.015763790214413875,-0.01677325454025136,-0.016841417510782275,-0.011616388691151336,-0.00612914575732848
2022-05-09,-0.006839918946301866,0.018065982638477144,0.012821403872344461,0.015246558574742199,0.016336578910896148,0.013491963697735716,0.015111632600257597,0.014112041949092878,0.008781531488383523,0.007332587561806028
2022-05-10,0.01752363010361524,0.02081513067374141,0.019190297705314885,0.016948016561026735,0.017273420425948816,0.017588364220234576,0.013152934246023262,0.012243242980588986,0.012047638598958743,0.002348647238227697
2022-05-11,0.014229166999186083,-0.0058599349200688655,-0.0018294942956804672,0.0011150792340370863,0.000616767922797079,0.0008700945780537594,-0.0013174920032018589,0.0003051204152284548,0.002027391547548163,0.005244399077269701
2022-05-12,0.002639882287216011,0.013962591453994033,0.012097383171871368,0.010446176012051556,0.009456249705520392,0.006793909692991873,0.0073094062385261616,0.008247410879652195,0.00436345623919232,0.0018142544370580715
2022-05-13,0.0016009480123524433,0.002004113687546605,0.005357424666189825,0.008408327271749005,0.0077329687167406735,0.007471736103134896,0.007949309772478763,0.01300860876644161,0.01193132867961233,0.011356883999273482
2022-05-16,-0.002938215210552597,-0.001437452538982531,0.0020863528557992783,0.0026029429468390486,0.002212576380816067,0.0029465864742435066,0.003562128158013822,0.006425008821655309,0.008345710034096232,0.008400213290035152
2022-05-17,0.00767758843568167,-0.009142338358724134,-0.006331814659643054,-0.005085133687611987,-0.0059919422662259025,-0.0018814891420763091,-0.006069635751691171,-0.003459295173477317,-0.005376862609887123,-0.00127854951135431
2022-05-18,0.020548933366086874,0.022706091003191098,0.011700824663088083,0.008976837592128861,0.009408313941320356,0.008406912657259236,0.005401117730332805,0.004087118057246597,0.003145404826079723,-0.0008342432290404656
2022-05-19,0.019080659150043422,0.01150901820209338,0.00597981207349596,0.009103115141263718,0.0069565642776099335,0.00775341939459917,0.005990917095685777,0.005592521556675001,0.006743878675784298,0.00337959356393025
2022-05-20,0.010310244633986443,0.01115708088192302,0.009335968000013795,0.008732888402412708,0.012293247250195094,0.010029691281722375,0.010153678594557292,0.011762354584644585,0.01275389488750589,0.02198771245645026
2022-05-23,0.02980981538176053,0.016122981526079494,0.014830041068230049,0.014866326678133257,0.012685846983028215,0.012601141270251803,0.011966764536662566,0.013349664732470234,0.011632843260126702,0.01685873458834508
2022-05-24,-0.05661458408406228,-0.04440652495744235,-0.045134182676979995,-0.044334268851418224,-0.03970093729903712,-0.0391019591928341,-0.04000359922046237,-0.038981176581471155,-0.03529903991724048,-0.03815977972935525
2022-05-25,0.015607512691131031,0.017676737329823666,0.020435896551826538,0.02012333115662246,0.022870650778005208,0.02391632317201653,0.023887005836431996,0.02516700015381268,0.02534901629965125,0.026412642435674316
2022-05-26,-0.005987596047885568,0.00818692605946314,0.008888662003928793,0.0029765246288619984,0.00652473702103662,0.0034666116628843113,0.008387056732755305,0.00655821824342917,0.007826145436151899,0.010889902090711612
2022-05-27,-0.010057096155374423,-0.002205832595882029,0.0031719352202563833,-0.0010515912741748679,-0.0012918077630919012,-0.00011660796907297932,0.002717971377532047,0.0026333633163104775,0.0016634472554333257,0.0037147206141547873
2022-05-30,0.0046515538941958035,0.0014836953360173322,0.01066131802993664,0.006513730477823554,0.007856168241236805,0.005040598826266951,0.00836769190287523,0.010058577657181766,0.008813567050080406,0.01142455831505762
2022-05-31,0.02968613277534682,0.019391064075933606,0.0052583489934736605,0.011310381514049173,0.009169553535731456,0.009212398430489488,0.007468081241765567,0.007628109993386145,0.00301217548572863,0.005975183749209911
2022-06-01,0.02248635706975377,0.01012985641233044,0.010256591053918518,0.010560989945598953,0.0030891358394273816,0.008061126951929287,0.003335120763490629,0.00493147915740888,0.0079067437526803,0.008448400353886942
2022-06-02,0.02869490747599701,0.01850802006661989,0.01517064048629857,0.007995671790093084,0.010096043700871249,0.006318212785180188,0.0026999488910153246,0.002590079314604754,-0.0009457028524696431,0.0005697834456657169
2022-06-06,0.0063088379935367644,0.01936627617806863,0.01313991739086462,0.013089173254458464,0.012371290652801514,0.010075063578013133,0.012493331714958034,0.007506853122366985,0.010514483749793024,0.01554578179052779
2022-06-07,-0.02177145729485186,-0.01149215256078251,-0.01277773694181561,-0.009822015013396856,-0.004840353655293783,-0.006566642215263263,-0.0023781437318790566,-0.0009944806929891303,-0.0024377990427093543,5.9512959745156024e-05
2022-06-08,-0.0031223348641696846,0.0015836341716244373,-0.00010961709756673876,-0.002451872069029415,-0.003450113160258561,-0.001817944894767276,-0.0027032487487045342,-0.0007318464241659051,0.004671126788225566,0.007141501613556089
2022-06-09,-0.024799186724130284,-0.03699529104851773,-0.02289340671441953,-0.021043769648893318,-0.0190504457772821,-0.01921865574062398,-0.01634024555284863,-0.01623007195569437,-0.013979097557021869,-0.012730234211682179
2022-06-10,0.02455989663627456,0.022043853371622735,0.009576864098925553,0.013054033099045848,0.013486305151046096,0.016462356890324825,0.013503276394520647,0.016552918140713135,0.0145851541888804,0.02073868236660137
2022-06-13,0.019020015978389537,0.010910413196965951,0.0009980803664939586,0.001137148104396024,0.0012056908772557495,-0.0015287740503503455,-0.00204055730410857,-0.00028917646437376376,0.0009132097750985668,-0.006391900838012554
2022-06-14,-0.006198230884979172,0.0012024679751527767,0.0004398522480735245,0.0032919261279089618,0.0032746924158624235,0.004733894700726271,0.005274210702861382,0.005478927687401214,0.007260470911146122,0.003156160890606108
2022-06-15,-0.00558595974854359,0.011241247916601527,-0.0025867685409139973,-0.0025390291939619836,0.0007506073353473752,-0.004479797391892193,-0.00210033171404711,-0.004320397985166369,-0.0033316166870753783,-0.008106848457405502
2022-06-16,0.01282489131749509,0.012350904272677043,0.008153861893062775,0.00898405626728449,0.004131889758205443,0.004632932181704907,0.0023958480737586996,-0.00013625464824273958,-0.0034531171354492685,-0.00412574249478137
2022-06-17,0.1074081749496838,-0.003358608892166104,0.00748745759521019,0.0017532223951211012,0.005420909280422714,0.0047372916348316085,0.0001264502278066626,0.00042209991871233754,0.0005431497703931587,-0.0026143375611497044
2022-06-20,0.05736524590995895,0.008632945987914642,0.01475619026993491,0.017723824960129475,0.014012656191070727,0.01187386173197913,0.008289170602891804,0.007968038289905222,0.0018468600322372186,-0.010358641349147213
2022-06-21,-0.052357183139151275,-0.005771428703276182,-0.0033316653860279155,-0.001343851818452646,-0.002695549164168698,-0.0040529935497549685,-0.003368870750704356,-0.004521933068225015,-0.008055601756831732,-0.007077133151907167
2022-06-22,-0.009018391313981966,-0.01281439486485747,-0.013484463285738157,-0.015487449079053639,-0.010742001725755124,-0.012718248562756607,-0.014779045421603354,-0.010860884955468109,-0.007223536610355241,-0.008665339308886577
2022-06-23,0.03379213635681211,0.030183295112478525,0.019029179093771997,0.015116268984772807,0.020802283539558042,0.02234707246327483,0.015894348988400475,0.01729294033287876,0.017514937102602213,0.013663211096712313
2022-06-24,0.04803485354097159,0.011395432591829291,0.008313030411958522,0.0074228455852825,0.006290129610697415,0.009726501070657312,0.00548010956201006,0.006373337926745215,0.0046752820193378675,0.0038701272140169163
2022-06-27,0.0555123147771428,0.009399284952052112,0.004296989463139278,0.00985835317851258,0.006423770652818073,0.00885778325923181,0.005171838387349803,0.005521624298465033,0.010727845457543905,0.013775343472331336
2022-06-28,-0.010214655810510842,0.01031992438560514,0.01385789655780667,0.016783819098247887,0.01567427464997473,0.015717009334858645,0.016327335029816537,0.012432475368253426,0.014010642890976088,0.01512817988413051
2022-06-29,-0.02521461346999354,-0.027965198141655767,-0.022532418525825437,-0.018812722782834634,-0.02047148587608294,-0.02088756889945076,-0.020055954803801956,-0.02283757293791422,-0.02321001327990413,-0.020631416279679127
2022-06-30,-0.015065586252218433,0.0031633934147254905,0.005357936886346337,0.004413622045560617,0.0037088603469455084,0.004949096269418085,0.005038999537643196,0.0056723759955796815,0.005002646571230285,0.0009461351375752436
2022-07-01,-0.045752882702024156,-0.0026965419963488335,-0.0007045638395196674,-0.00020983902683813227,-0.002577102109664442,-0.0017876893508992353,-0.0008340577920649128,-0.0013490332988272957,0.0006435294924098667,-0.0015418045639244982
2022-07-04,0.01037723353857789,0.016814973287018642,0.0036933531304588207,0.0027595186185436216,0.006838476444305908,0.0017265144413398659,0.003253956948974457,0.006580804899928294,0.003916650658757126,-0.00034367330429418974
2022-07-05,0.030693063270146537,-0.013058102346568456,-0.007838223884558793,-0.010923276961261608,-0.0074744498546820415,-0.00874292359811013,-0.005144673499686836,-0.0022813371037282426,0.001121607638705946,0.004800892625361319
2022-07-06,-0.015531367387382145,-0.0025563584036610854,-0.0028468872251836697,-0.005789509206716614,-0.008257566850694564,-0.010663617438769757,-0.011219024467146177,-0.01627859279523103,-0.020606209554787647,-0.02713540703640893
2022-07-07,0.024708642917446788,0.010315858766055674,0.005372589232470082,0.008160287072210393,0.007889466860772076,0.012513488386639793,0.010469522461854952,0.006042405190957556,0.01043834141380362,0.010011901992409644
2022-07-08,-0.0410891829368768,0.01680080925173333,0.004970624920882738,0.007899082068334895,0.00267986141660681,0.0012870877388351243,0.0025649018908626697,-0.002237921875002158,-0.002830848645873796,0.00018925809868441945
2022-07-11,0.00674210898061145,-0.011032849678824563,-0.006100550391495374,-0.0009915697886361263,-0.006120811453870667,-0.007911184502173985,-0.006424546747490267,-0.006486985829697534,-0.006960979610695972,-0.014505649509872431
2022-07-12,-0.01750320421316054,-0.02309837409109483,-0.015723457103672067,-0.014417831407299464,-0.010381928138248342,-0.010100318059243718,-0.011140987919294076,-0.008003838649671025,-0.00530667243798888,-0.007897888708482959
2022-07-13,0.000528608214757087,0.020348088212887028,0.024857589335192998,0.016877198583213016,0.017315575646912107,0.016382584876909023,0.015177176166652595,0.01310483968311349,0.014447051872895633,0.011880660425496625
2022-07-14,0.02583559392205448,0.007268094969549388,0.008781120653093222,0.00036987202588489865,0.0053760356852248226,0.0020285879848240818,0.0008315508746494782,-0.003026346060047702,-0.007096590911308875,-0.007953201533499321
2022-07-15,-0.013318314338722548,-0.015019167642079556,-0.015552506249822295,-0.020159342425264515,-0.018292686685949855,-0.018570419372103797,-0.02435458817139413,-0.024029691262565378,-0.017469670860959075,-0.03103524679451486
2022-07-18,0.02526541352006384,0.033468784555479525,0.03671167237491413,0.033748315271461715,0.03036295715326842,0.029302088339122623,0.03231711143961258,0.028969757186575684,0.034683214994877476,0.034091539077899524
2022-07-19,0.008264881103016375,0.006865121016171649,0.013330930925985474,0.009582964183764808,0.012283996595344737,0.01054439775148519,0.007617788739203046,0.008354368613195495,0.005723055419038614,0.00955576799807245
2022-07-20,-0.01198564911192812,0.013106238352358357,0.009747270382582718,0.008457764352068464,0.007847997125584927,0.007322098257303455,0.007758017955393104,0.009873130873798486,0.008002214693414889,0.0034932695138356618
2022-07-21,0.030457626510777436,0.004489759204289623,-0.002943846991507626,-0.0010313840144239306,-0.0040396650918066435,-0.0030565201148597954,-0.005299486779004492,-0.0035219905371112192,-0.0038415763678470993,-0.0115458274843937
2022-07-22,-0.02501544431779623,0.006064963944278912,-0.005159060214228517,-0.0003237955596564479,-0.00041398201345932417,0.00285347252158874,0.0020358058197957885,0.0009980534180329403,-0.0009701796018503073,-0.0017961339552203803
2022-07-25,-0.014385921073768015,-0.019016861079826475,-0.013844806047470848,-0.014159999067665408,-0.009019868335846115,-0.01324989010247224,-0.010162011420928874,-0.009772442559254024,-0.009338703250579505,-0.008160708083475132
2022-07-26,0.012588809812692059,0.010774747837391851,0.013515045529042036,0.012688534257357054,0.01024800363032341,0.012004225282214787,0.010638374568536113,0.010720417257803705,0.009417006209244905,0.01262089324887139
2022-07-27,0.022119422826433643,0.015063048245898658,0.011435280157928274,0.0077413089222433396,0.008207807478961993,0.012168643214187425,0.00767181630706526,0.007583993459649996,0.007516619519966072,0.0025936956244183573
2022-07-28,0.03299914265217918,0.01880901689581016,0.011755789475005995,0.013418601568997213,0.007525613436975664,0.007993969327611206,0.007455184836662854,0.006629656514955284,0.0041943593291353665,0.00869841885296574
2022-07-29,0.02200805117521165,0.0025563405050981203,-0.001170625920563051,-0.0023129172541438425,-0.002886005821869264,0.0014943235652824516,-0.0034314385083493715,-0.002603482301515636,-0.00436408019204737,-0.004645383681096571
2022-08-01,0.003543905201226716,0.013518860230896212,0.007881388708022685,0.006037204070541424,0.005155097980019452,0.003981667836138625,0.00442739907070222,0.005578513134563812,0.0013299799626171893,0.005859052668830245
2022-08-02,-0.0475182556088003,-0.0361244421565976,-0.03770056864361293,-0.042172272505555886,-0.04012348892491713,-0.04178660735567863,-0.04148022484733149,-0.03708665255822707,-0.04344769830243567,-0.04144220823946154
2022-08-03,0.01114004086126541,-0.01681666298904283,-0.003923711439930533,-0.008733825588926769,-0.007134005769258045,-0.009970388477356096,-0.00882561675336968,-0.009882704660768793,-0.011341642754694292,-0.0058918302901503905
2022-08-04,-0.0007516347340986718,0.01558130056596263,0.01521130310916785,0.013727287383381359,0.0120738459923182,0.013736280348576768,0.013865440943845675,0.012210287654256025,0.009057377605342865,0.01068040987052754
2022-08-05,0.014074436350428154,3.948453409208241e-05,0.0031680404898879466,0.005321723405210754,0.006675464498434369,0.007684518491565484,0.008400272982782564,0.007866081335431652,0.008023936365432638,0.0065377488529621
2022-08-08,0.01502981142931259,0.022871072203209275,0.014100720391812205,0.01671374224532851,0.015568861808552992,0.013344378078655517,0.013084464837030518,0.012786745031952318,0.015140694889939743,0.014180857074813646
2022-08-09,0.020328377203097547,-0.0007992877549245492,0.00924470242151787,0.007155614976497082,0.0006440053529879197,0.001886194737277469,0.00037126964556599695,0.004099505290493077,0.005583360706058471,0.005085246976863189
2022-08-10,-0.012434403483593814,0.011115375350932988,0.01094891031747558,0.006619830707540242,0.004056837878218644,0.003893164874022803,0.0034388485169518646,0.004417264841603874,0.001986623355550554,0.0019466284282050328
2022-08-11,0.05473457220777589,0.017382368860261677,0.00808637689476499,0.010867609265910128,0.01120831573957548,0.012497138312322909,0.011769610789116314,0.013207334870726228,0.012891453474629833,0.014066688027148944
2022-08-12,-0.01952207900860148,-0.010986783598753047,-0.00365754022612097,-0.001893740874768568,-0.002472789934019337,-0.002649581375637422,-0.000688871452979356,0.0027533901323739673,0.00319881382718612,0.008618499253292056
2022-08-15,0.004455726715428154,0.01594852159715643,0.008757611997015413,0.006430927709848877,0.0034474492104947796,0.004304972121907058,0.0064740154582965115,0.0027939433823216397,0.006114237321314331,0.004665899168139642
2022-08-16,0.06339893919202311,0.018703680458856953,0.013780380919563795,0.01483226565696616,0.011636770479583225,0.010701806281159687,0.009487648235115831,0.008573199382744479,0.007552086439929662,0.006732475781206171
2022-08-17,-0.024716907652979625,0.01922437105262209,0.0025737029086381202,0.006188951981465296,0.0030220814469197332,0.0075231499247847555,0.003166570549058445,0.00471510089587257,-0.0002942900792096692,0.002993292683986404
2022-08-18,-0.00668586420938122,0.01623394340050055,0.007981193782537366,0.006234496576378312,0.005306071890252895,0.004679160544973415,-8.964530935073878e-05,-0.0023597754258672943,-0.004154401703259314,-0.010089802322177155
2022-08-19,-0.03156703937247307,-0.019991078117229333,-0.011018720893197442,-0.01665543374663614,-0.014752375286599118,-0.011994138403344845,-0.011818620716849915,-0.010769145713898753,-0.007929815894250791,-0.00555113015070241
2022-08-22,-0.01614100629834514,-0.015585198777607001,-0.0013955437751993482,0.004475578022548277,0.0022718685418037232,0.00476622419409245,0.006129074506945553,0.007712381564558557,0.01066852141352781,0.010923039099090648
2022-08-23,0.0197865026626316,-0.005172049031727077,0.012008283326305325,0.012561308386580095,0.007135960533942498,0.005894460574659144,0.007336088114871631,0.001776536927940997,0.00812395220867157,0.008463360189426616
2022-08-24,-0.01287848449728557,-0.042368560771967934,-0.03586999741130248,-0.03599466800845097,-0.029621586092868468,-0.034966904190320336,-0.028349808567967094,-0.02709857496408219,-0.02411548012910425,-0.022967146854356746
2022-08-25,-0.038709642752554396,-0.009082708392123107,-0.01489525298816019,-0.006926309011812237,-0.004809389130571162,-0.004520609372834272,0.0024646367333214236,0.002012040321263564,0.009420461925943924,0.009980809713281413
2022-08-26,-0.020648464640761754,-0.0045845344271326915,-0.0023806489369881945,-0.00611788879066788,-0.006803042127369929,-0.005671584363110882,-0.002296608625296348,-0.006106521358011152,-0.006979823063879564,-0.0007044949079545448
2022-08-29,0.041342880217801525,0.013372629436311678,0.013044227477413628,0.01342860966237236,0.009078853512982654,0.009438506472391417,0.010791750999697092,0.010906604177707946,0.009705871357220897,0.01074981550824372
2022-08-30,-0.009753410542124308,-0.000966207055384305,-0.006806419454558732,-0.004709138310849514,-0.0018442922001391526,-0.003348936652996848,-0.004877760392145936,-0.007935220348555982,-0.010752510706930618,-0.013225569084841737
2022-08-31,-0.06252577219729938,-0.0371903186041731,-0.03534543963427794,-0.035552723038234646,-0.028126598536766023,-0.03068942456313306,-0.029545973569207185,-0.026449226273394855,-0.03128581042009104,-0.026264529988059615
2022-09-01,-0.02538480159175327,-0.014173401310255351,-0.004469163696237843,-0.003989710694786597,-0.0021763368813876305,-0.002492393814658933,-0.004392796230738405,-0.0033087886189508975,-0.003628400869237658,-0.005467156143473262
2022-09-02,0.019170248404498658,0.024300737346313106,0.02067882815546973,0.01936326969470592,0.017243199663014686,0.016242180843423437,0.015820766013022958,0.011527320818658149,0.008491155425861763,0.00643721920098983
2022-09-05,-0.0022081812670146084,-0.00047391240775784826,0.00057135047554846,0.00947729296360511,0.005695151966057077,0.005265699938306279,0.008779110691863545,0.010172766223870866,0.011730271886154275,0.01450922237693808
2022-09-06,0.003136420905898607,0.011781139012700725,0.016749586723129095,0.014397507582589952,0.014042531300272554,0.016098950576080018,0.015449319781614568,0.01601636945224616,0.018424403366426034,0.02036189827122281
2022-09-07,0.01647039960093344,0.000834429664393399,0.0036401556126444135,0.00535633778940614,0.0059314257560796335,0.005522090324274087,0.00036228465460008685,0.0035477182388061745,0.0012806842900574544,0.003203000603830386
2022-09-08,-0.006648497223463612,-0.017765763251434308,-0.00963225282071467,-0.009305914947978722,-0.007389467641719993,-0.010386298745688416,-0.007668109532256384,-0.008328669879262174,-0.007132748474483419,-0.010091588968944798
2022-09-09,-0.007448751238762874,-0.008770891948616022,-0.004813196142973264,-0.0052317776537467164,-0.003821218668903059,-0.0037039277757312528,-0.0016823562010818138,-0.0014971625993714932,0.00143864475990374,0.0022874711411688953
2022-09-13,-0.0001955416503716112,0.006337017781858467,0.0081581615202162,-1.638562775019281e-05,0.000694380165338293,-0.0008079266154138454,-0.0015054653172178467,-0.0005136352491120766,-0.002432604211695222,-0.0056397600065341
2022-09-14,-0.01177628030747535,-0.008884362463367323,-0.006952127078425296,-0.008734687128163054,-0.010103562288924728,-0.009654757276280512,-0.010515520121331945,-0.009950076263477103,-0.012987951399312636,-0.01105741614081035
2022-09-15,-0.024738818054239498,-0.02771829101600365,-0.02646653499228535,-0.026812470927386367,-0.026022900878929445,-0.02335732704143012,-0.023184056561315503,-0.019338152800143615,-0.021503880213743387,-0.01911560524057976
2022-09-16,-0.030344305945872674,-0.015379292962881763,-0.030028995011356807,-0.023998722423316243,-0.02344705111159029,-0.02837322803217257,-0.029138869595983996,-0.030479396797122194,-0.03314308543464872,-0.039243467202787374
2022-09-19,-0.009097395081889115,-0.0014836542867985303,-0.014972976438500818,-0.011511103006366707,-0.009310845446720228,-0.01208688904671995,-0.010809841517108953,-0.009149650588950453,-0.008265679445513263,-0.009658903245351569
2022-09-20,0.02334749884798515,0.017627707641792112,0.018727145113725863,0.01920027623098952,0.014965711043710694,0.015642124372555966,0.013707706803953945,0.017030694468952223,0.018319091349238814,0.012671874884942147
2022-09-21,0.019687797068094426,-0.0033425713666332957,0.006363158085164411,0.012706857110046155,0.006201959450658157,0.008152012149003296,0.0085239113448774,0.009738272493685862,0.010091576710882011,0.010339426216143366
2022-09-22,0.015192218051568673,-0.0001176314828582603,-0.0025333336911445015,-0.006510810664876354,-0.006102722833090102,-0.004506731243919981,-0.004109796705580426,-0.008197683092331931,-0.0017474869581763919,-0.0002496777718323795
2022-09-23,-0.028818095589079218,-0.02476272170574323,-0.019869186106953762,-0.01930025828753623,-0.019230075328473095,-0.022225857463177734,-0.016846449489446358,-0.018760605284203646,-0.017315652910690593,-0.01718549507744649
2022-09-26,0.02041977965922448,-0.012592511827759889,-0.016003834196628985,-0.016116590270405573,-0.022335516749961815,-0.020887588066130336,-0.023531292991841868,-0.02462757220252565,-0.024576853026760048,-0.031201729160735825
2022-09-27,0.017688459979211535,0.020720491698013266,0.0296881923935286,0.025963837679592983,0.021654411767991766,0.02114082753711588,0.021917744137560646,0.02144871763006506,0.01809107527633924,0.016065200454343787
2022-09-28,-0.025243358193308696,-0.02277749282271646,-0.030467329051167558,-0.027820660979953393,-0.025442522886776175,-0.026244649790423735,-0.023522133322566918,-0.025322601939559042,-0.027041232356108003,-0.026526230984908472
2022-09-29,-0.008714302394896678,-0.0066839623312866525,-0.008759117170346165,-0.01383623460733674,-0.008827543919019853,-0.008319374256984924,-0.008877050747779336,-0.007565618183320244,-0.004024938446468451,-0.0022631425868543387
2022-09-30,-0.015601073755602934,-0.023369598039256978,-0.01745726530268077,-0.015124656808761072,-0.01221585490810062,-0.01280421983121538,-0.008458905732631639,-0.008680431954926515,-0.0055219499756163914,-0.0028195457072741625
2022-10-10,-0.04203442987911443,-0.010676967119406133,-0.016051370673026755,-0.017602202561628033,-0.015369231394396832,-0.013143802730962606,-0.009793287303119569,-0.011861976330733381,-0.010913510524582781,-0.005632137403227433
2022-10-11,0.0057753497422952105,0.01831321709513367,0.011053869631316715,0.008425126581292242,0.007889175677179283,0.010624791394924449,0.006154743411364683,0.007060368920446258,0.010482934867455551,0.005505252356834411
2022-10-12,0.051905183655194254,0.042595642807588874,0.031012227558261607,0.031009334654415133,0.028849911278967078,0.029405423038100453,0.022641294579076154,0.023029720625852068,0.021820524600893787,0.01727266887814416
2022-10-13,0.026756725687637317,0.021107399508250246,0.011098304832508843,0.011016156811887834,0.012278337288736951,0.010029975446368411,0.0060747871154704924,0.003263046464439423,0.0017601099786728192,-0.007688191481811768
2022-10-14,0.02808987064074442,0.023124840820049508,0.021958225442308965,0.021409606494180222,0.019551031924526674,0.01756080375739999,0.018519754145054357,0.019570282723088805,0.01614287951321769,0.01873362936979084
2022-10-17,0.04010207265171095,0.018654449845247,0.02244022722629979,0.01667526585739365,0.016093950085613873,0.014799793122044713,0.016455048663291727,0.012965521024362436,0.007380221446883217,0.006606262368591409
2022-10-18,0.004077728696626481,0.001365232650117676,0.005145057535608233,0.006255961762193563,0.006156718781624715,0.003886204607660426,0.000546403257169148,0.0007521475908922604,0.0017953442934861563,-0.0005001658016298149
2022-10-19,-0.006972470858791935,0.004756208565326103,-0.001848437017511917,-0.006388144776211746,-0.008179651318809378,-0.008562533470260147,-0.007020353294103332,-0.0071864007132488306,-0.005382693378561232,-0.007753950287458067
2022-10-20,-0.010157513835674647,-0.01519316924913805,-0.00934105856091183,-0.00857401051468587,-0.005383229509866583,-0.004201517847918335,-0.005769921020590041,-0.0031936177176440372,-0.006304061780897263,-0.008608929973719759
2022-10-21,-0.005545185809599951,-0.0028477656400207607,0.010235803448023884,0.00324316453780904,0.006676991317271286,0.0023271298942590946,0.001187171863430203,0.0022256076705251537,-0.0005875966743749128,-0.0036473406358408234
2022-10-24,-0.013392458128746343,-0.016228635261723134,-0.012974340851569455,-0.01633976040618912,-0.01343797172419936,-0.013685958795478514,-0.014764345790075017,-0.014740096353045073,-0.01405073561984882,-0.015126311321295938
2022-10-25,0.008094870715855462,0.00859624597907116,-0.0046016249645907115,0.001936362405616343,7.334649329227005e-06,0.0029774011413399304,-0.0026482197141991515,-0.0011372633744536342,0.0010024567084425673,-0.0038052995942200463
2022-10-26,0.05494518236791279,0.012218813339583079,0.016579086417885414,0.01631669338263797,0.017677820766180963,0.014904049032771649,0.01706042520420148,0.017031933621237894,0.011658058777523017,0.014259524803066803
2022-10-27,-0.028564284065553447,-0.014184957446850777,-0.0062370252667444115,-0.005064747646309042,-0.004291710975869001,-0.003951830384949395,-0.0014816830531219072,0.0018522649693015758,-0.0005539074268960942,0.00702045978783139
2022-10-28,-0.038207065492573244,-0.033042292369553805,-0.03663911657872987,-0.04180943496820777,-0.03523439423993324,-0.03948147296013882,-0.039190511602295364,-0.034616691041492786,-0.03430388258494965,-0.03500404852062866
2022-10-31,0.018787461692753915,0.022630741538817833,0.01384759426537685,0.013040867768491227,0.010266800152400002,0.009947261869845514,0.004893729414067849,0.00535749100791616,-0.0002365301432211142,-0.001595701484549794
2022-11-01,0.030199017326689725,0.0181144027848954,0.021593270002764564,0.024459073653230412,0.024879169873631257,0.024649583461092472,0.025098571436944495,0.02396937113219688,0.023936070015990074,0.022194466019219927
2022-11-02,0.008941806799808383,0.022989829533366368,0.01550859923817427,0.01726680475538367,0.013756149071419754,0.01142095695640899,0.011447556046640939,0.010466419138693395,0.011530267519855864,0.009644794416555635
2022-11-03,-0.010378998705749654,0.002809968880175262,0.0038572124807416674,0.003939997827912656,0.0008880431253441845,0.0012114730141727925,0.0014753056826870559,0.003380928762766411,0.0012854330409823866,0.0004463233660856325
2022-11-04,0.013793897007439826,0.018313751362034836,0.014039817889838435,0.01533122311411339,0.0164129812292384,0.018179204759320333,0.017488618975357584,0.015867091263179756,0.01967018296788514,0.02033416826188028
2022-11-07,-0.007084090003100507,0.0037674177302011724,0.009424005306369665,0.00956218871460357,0.008186100311436961,0.006231080528954047,0.00782717910291475,0.010442351342788703,0.009981542167929458,0.011547512496572265
2022-11-08,-0.021222673577325324,0.003996695021517338,0.0038644669256342468,-0.0027590076219486948,-0.0007147119133467106,-0.00046380702501458426,0.0005571634081809052,0.0005311902713656114,-0.000302549593043433,-0.0007360784244722085
2022-11-09,0.0014612845061114932,-0.004251773141558446,0.001101112919045466,0.0005086343810518645,-0.00034749002459255607,-0.0011255106560817962,0.0030368724116978107,0.0017218646094230294,0.0008305888665149919,-0.0007003227412090141
2022-11-10,-0.010797157924078538,-0.012580342499927566,-0.004865129793058309,-0.0019017249542641057,-0.0023374777456028895,-0.001673770804769159,-0.0007133197091749865,-0.0005643412169044071,0.0005421695425744666,-0.0018662406035774293
2022-11-11,-0.004804789262115361,0.008811770945080344,0.0017998625792849943,0.0003033350488235165,0.005498851598314758,0.004807592572603436,0.004566330035127297,0.007087810033265196,0.009206497758037058,0.012311948586506194
2022-11-14,-0.021860291759484785,-0.009868431838820357,0.0018993268651001927,-0.0024223493412915964,0.0006159338728060071,-0.0035708118200130645,-0.0019744915059558554,-0.001672619090581584,-0.0023347692676120024,-0.004990207119528911
2022-11-15,0.009153987257082496,0.019470616999307078,0.017194903802707717,0.019792541671081576,0.016923462086091412,0.01739312059928566,0.015044826672078404,0.014835750050999907,0.015175478290611055,0.012132839705317311
2022-11-16,-0.014866526167896077,0.000761216663008879,-0.0030308927898328175,-0.0009029350740100694,-0.0018326669113352123,-0.00277141974753059,-0.000505738944457601,-0.0009919089034670092,-0.0007693811780310478,7.007511091239316e-05
2022-11-17,0.0013875642156995216,0.0101441571725005,0.00670202108539919,0.005934735113203082,0.004192110765260493,0.0021526999263168367,0.005690310679740129,0.002917243727737606,0.0008385493979587988,-0.0037648391447498986
2022-11-18,-0.014737647910559315,-0.010567662558735647,-0.004582817241037818,-0.006473430949519909,-0.01056437017558598,-0.0070015253562057955,-0.007298787936081075,-0.005781841676369637,-0.004593242755370208,-0.009406965657838384
2022-11-21,0.00794432348273344,0.000987133217457803,0.006689596317149604,0.008536634429643586,0.0034438329761148356,0.003439678715081662,0.0028790312869553247,-0.0014329414874709734,0.0018760226661527213,-0.002034786591339599
2022-11-22,-0.012913095049581824,-0.014742694409801471,-0.01379601551315246,-0.013217947314785095,-0.011679934479776222,-0.009991024892240019,-0.007215043902469076,-0.007883893562545485,-0.007760253468818146,-0.0052319325722407495
2022-11-23,0.0005781274120171265,-0.0072685496893126755,-0.008102565870006906,-0.0028587133601877257,-0.0037224143411735966,-0.0038830842408471566,-0.004923360289460166,-0.002825017915570105,-0.0003816610757455541,0.0005098069487590173
2022-11-24,0.0016517025241402639,0.002129259354266111,0.004246752249019492,0.004430582513087256,0.0047909632342229,0.002933916278453408,0.004184115843498093,0.000806388649203349,0.005121939070231063,0.002577116027999482
2022-11-25,-0.013330756174610547,-0.013919060421218155,-0.008618118820299836,-0.009587003486336565,-0.007147869161177489,-0.007579916980025692,-0.004536502376283114,-0.0012828868890389922,-0.002111975593259152,0.0037953097506917555
2022-11-28,-0.013412917049280715,-0.006844962650355946,-0.0022163631512732707,-0.0007863675090935551,-0.0034984481225942554,-0.002014267643990264,-0.0007536420089330198,-0.0027218049372040864,-5.2951658389699396e-05,-0.005993609183331694
2022-11-29,0.005286704434750877,0.012125125191942976,0.019652727938574532,0.01890785747668322,0.01967791534819474,0.0183327846342467,0.02209232511202086,0.021057555721395005,0.019738910853139613,0.021709764660361452
2022-11-30,0.016893914610736083,0.0011737398693822954,-0.006070525499510038,-0.0010672909379222384,0.0011520093472714432,0.0010838478722039468,3.60098935416886e-05,0.002999805951626744,0.0017584260435485888,-0.00047909739044249555
2022-12-01,0.0005189744336806523,0.011811827957953769,0.01097637574955912,0.00568616595952065,0.008161732882911332,0.005636377728788888,0.0029482889046983374,0.003594591671760572,0.0012917269466081738,0.005211826905052064
2022-12-02,0.013889773620046952,0.00554588224984176,0.009698259500487971,0.008907638075551061,0.0066105475998397,0.004178185572475845,0.006175383793827427,0.003479387006138923,-0.0008996323963187391,0.0008969103673577283
2022-12-05,0.0006312715784182465,-0.004057105448590392,0.006195787596911861,0.009137548626434677,0.01055935008369202,0.010909838118363435,0.012462370665518696,0.01318711588118715,0.01798562290239425,0.02133799079748333
2022-12-06,-0.00029600217666247985,-0.007329503071777821,-0.010006527293939582,-0.009669325308306775,-0.0065853420484308645,-0.006969113507176661,-0.006864800566597218,-0.003772826463149581,-0.007471289164094452,-0.005705402322750519
2022-12-07,-0.0029519257801517984,5.083914006331902e-05,-0.001648067107215323,-0.0018390860439315704,0.00029866645681009274,-0.0021793862371030093,0.004266038574358033,-0.0012085953200940969,0.00032466133333430847,-0.004595154615244401
2022-12-08,-0.012847548227050365,-0.001867576889319822,-0.0028814926947176023,-0.005344244370280915,-0.0034575071343643238,-0.00293834963385331,-0.004862989242496618,-0.0026817783604394796,-0.0018666206911316374,-0.0037936932038178384
2022-12-09,0.0012397899649942978,-0.00980367174817487,-0.004130349978145431,-0.0030115190155756144,-0.003395533482148161,-0.0030309580417692272,-0.003872702514351456,-0.0016477358140150056,-0.0015447766037707256,0.0043060964258951895
2022-12-12,0.025396362930050653,0.009798756913877549,-0.003014130601329046,-0.004574416043707008,-0.0033638701814385774,-0.004026908386804751,-0.006672077449084823,-0.005275992970150689,-0.006303506316739038,-0.01162715666217451
2022-12-13,-0.007340231572467104,-0.014676029734739027,-0.005823635263041305,-0.0005185132838907425,-0.0043528928735763195,-0.0010164633084902563,0.0035149366093696344,0.004446121254995328,0.004855673607261357,0.005661100506519023
2022-12-14,-0.02448238437134742,-0.004238820358471895,-0.003928372016617887,-0.00716530656688219,-0.001713606438951798,-0.002838712144614175,-0.0029994811306146563,-0.0021692786078318926,-0.007715574587127905,-0.005491247359749152
2022-12-15,0.02354717534759887,0.01485587521846754,0.006452671979251479,0.008036102035906323,0.0035711595349807723,0.0033421516562888165,0.0013616108984535469,0.0007744557269322438,-0.005042264593931756,-0.004408113023296134
2022-12-16,-0.023987911979622356,-0.020827661056832536,-0.0169148067591518,-0.012992009098292456,-0.011616067141618225,-0.009815565779011548,-0.004551147571893455,-0.004029313482463048,-0.0021543678525650645,-0.0031397657698767345
2022-12-19,-0.02129762210718278,-0.014113145746664002,-0.019597812184675045,-0.021124939972601342,-0.023974125632956533,-0.020813492873457906,-0.024004069994114863,-0.02621394317631165,-0.02790356631206381,-0.027369241633648955
2022-12-20,-0.007568392193395557,0.0028258002277401495,-0.004389451768512909,-0.002973848415430025,-0.004424914767112931,-0.0038838049602509805,-0.003734423451695501,-0.003686572197457494,-0.0035172012107580475,-0.0027832260705228373
2022-12-21,-0.019397597192734928,-0.012097195988201581,-0.011861447403252012,-0.007612464927274409,-0.008145947097946027,-0.009168976173218546,-0.006409633660522718,-0.005014605489903068,-0.002824910660822799,-0.004646226499607331
2022-12-22,-0.010250430447408365,-0.014999871029217182,-0.013756803677697271,-0.014405114439237199,-0.015967584670790513,-0.01500054672481932,-0.01350073881600855,-0.01383122298181394,-0.01749434450577081,-0.014802852837549896
2022-12-23,-0.008883104575269418,-0.004545824603702675,0.004436608453835866,-0.0006693421650475484,-0.00457058652998843,-0.003300374102167214,-0.0047241015108397955,-0.0027987595857651426,-0.004549079655500887,-0.0027338362623824386
2022-12-26,0.02262129309441474,0.023289358923269887,0.01997842846804332,0.01823357006690496,0.014727861133101205,0.01571426453470748,0.010615210760204219,0.011018312887707715,0.012622982718369258,0.009152236925831447
2022-12-27,0.012113973178260684,0.003736032214927576,0.0037791557486133165,0.0038649240798129814,0.0028161885928219554,0.005068946589578127,0.004255880558726943,0.006821978922718408,0.0073830382914068515,0.012539616652385677
2022-12-28,-0.0064733110384823656,-0.016894757727296317,-0.011275604047435439,-0.013620591598487608,-0.012463438019508999,-0.009306827494714454,-0.010432080796427212,-0.00777543096028499,-0.005264792433627652,-0.0072523387887718505
2022-12-29,-0.01757844220609428,-0.006472572578092306,-0.004488457971933091,-0.0072567406548781355,-0.004896160517743442,-0.006020271169769664,-0.006890032966707427,-0.0064336887607301385,-0.005644523968046156,-0.011719147824032272
2022-12-30,0.0032414805786689094,0.004527178691790201,0.0038139935820546977,0.008839329475170743,0.0067335729277380185,0.01160821729281003,0.010324695857206745,0.009309191395178162,0.009490375469828116,0.0075226616857055895
2023-01-03,0.03222606712094622,0.034725402560843,0.03033914327338283,0.022522537868907344,0.02338833280865349,0.023949342145637598,0.019615083622622986,0.01669038562221159,0.013510813762044327,0.014551461893360207
2023-01-04,0.012520541513420635,0.0071005432982651495,0.012487726272336852,0.008377715129536334,0.008601843715917656,0.007187779293668095,0.007955586326082509,0.004590801009411782,0.0008715380033608167,-0.0009657463312024994
2023-01-05,0.008745652677950355,0.006069959540309755,0.008351957076232042,0.006198052324106307,0.0040588658452116455,0.0030017481477515595,0.002296462437245017,0.0011178785575463035,0.0006213890851736181,0.0027245130215567404
2023-01-06,-0.0016334461116015442,-0.00703302664819816,-0.005249236750446751,-0.004862655587413611,-0.0040724849297997245,-0.002286239610593821,-0.003802259155735288,-0.007326346318458632,-0.0032060276995463655,-0.001654440065726348
2023-01-09,0.016216913107673925,0.009588405759250795,0.005396786640562201,0.0031197902838151492,0.006866453299531283,0.006021256628309546,0.004342047740667931,0.005503993221094516,0.008830061476216455,0.006905844618270374
2023-01-10,-9.968162293760852e-05,0.003126720109391634,0.004424166603231416,-0.0017016630446200498,-8.408750426713851e-05,-0.0011310251897530543,-0.0035601828369110633,-0.0016332061781891838,-0.00517194658584974,-0.006218179525443013
2023-01-11,-0.014548925898961174,-0.008227816094170004,-0.012147520594208316,-0.009343655543475049,-0.004543490995620902,-0.00622526409395896,-0.006153596443873144,-0.006022062042211451,-0.00683769202104878,0.0006971514671798573
2023-01-12,0.004316304164559304,0.0030945136884279467,0.002725670536664504,-8.695914277789818e-05,1.3603895960834222e-05,0.0014742941319589864,-0.00143153215648828,-0.0022413883228904474,-0.0009495867219067033,-0.000541664313798984
2023-01-13,-0.0009035050501661201,-0.000809576726520711,0.0024868686113828087,0.003727475874806485,0.00477037335972641,0.0032270323786025568,0.005066803509176321,0.006317678338831234,0.004545236187940338,0.006022867523013398
2023-01-16,0.0206833131184756,0.011003964708057978,0.0028522139442355154,0.008740203503657229,0.0071130253121893805,0.007508943433151671,0.008909994634965335,0.008646104439996805,0.005819798019205624,0.00851067306685116
2023-01-17,0.0002753773717623087,0.0014320402733212223,-0.007599366184866341,0.0008336257085534982,-0.0014030122655523947,-0.0005960104939807254,-0.0021618914122224497,-0.00087329179241602,-0.0009025872576458038,-0.0037014393900063336
2023-01-18,0.0,0.003482666664800238,0.009833941669925128,0.005405442097244029,0.006410304657181509,0.005868627090332312,0.0011755590642712477,0.004394488820097298,0.004873084334085176,0.008798084063791123
2023-01-19,0.0028547574802724185,0.0009217325229287088,0.004040128845708146,0.003716051418655164,0.002155493737182601,0.004794569887443867,0.003193929672354434,0.003477942887442964,0.005350554269050178,0.012322439378496641
2023-01-20,0.006773430250080148,0.009674208981426347,0.00470586644105353,0.008611576308421132,0.009858247145129617,0.009278700940213547,0.008493098273156363,0.010196308279851962,0.013849560367950486,0.014833227623652023
2023-01-30,0.02501756060260263,0.022143397808945142,0.013986988517903365,0.01870049915197658,0.01632883749499703,0.014660319883208262,0.014148748118387067,0.01205557315641359,0.008471133688478405,0.0053697857360874846
2023-01-31,0.006048970055863467,0.011766913943021873,0.0069069144551923145,0.0050937305039608916,0.006852324225726347,0.005590835054152032,0.008270848660132835,0.007671981809674655,0.0036467048178334682,0.00394240216573305
2023-02-01,0.00903901867009993,0.027945352130928525,0.02271600186206535,0.01874009452783909,0.01629740707319005,0.013562621890021997,0.015348806594450926,0.015835064552037315,0.016494667956196807,0.01649633919907534
2023-02-02,0.012105468538599284,0.002604355986672635,-0.0019985603000209906,0.004374325283841962,0.0016458427914365359,0.002371969150623876,0.003665075601034795,0.00050637532917297,0.0023926322974243686,-0.0005600263916529791
2023-02-03,-0.00994284202616691,-0.010269274084804159,0.0036324891007863958,0.001597655728003744,-0.0015788684065219938,-0.001389488205006062,-0.0015472788953533323,-0.0015027278747545836,-0.005593995070664715,-0.0045892968414879
2023-02-06,0.003422418547007089,-0.002490813884636678,0.0006428277526770998,-0.0006887600908136449,0.0003622549894206628,4.247506006427315e-05,-0.00037110013047059187,-0.0019925751006835135,-0.002869264847656816,-0.004741479245885638
2023-02-07,0.0037648511906449578,0.0034234346012536054,0.005096556642422367,0.010405956701744268,0.005630548947330283,0.009818151091350868,0.009814475296280323,0.007885431382574026,0.005880108069058032,0.010144238177915543
2023-02-08,-0.0031383085307241654,-0.003626868272760486,-0.00034300111654905763,-0.00465989686220325,-0.003455339545854752,-0.004021642552100135,-0.00524669766577901,-0.005683535971086062,-0.005914304540250437,-0.007209040018676505
2023-02-09,0.01279659361472607,0.0054900432967082136,0.008776284895597897,0.01019198170645419,0.011857842442383193,0.012613018171059753,0.010450315191986581,0.009973393079614201,0.011388215006507219,0.01062312337068061
2023-02-10,0.005903745468064825,-0.0043008776828104,0.001834592023238768,0.0009790123540611706,-0.0019966415307125507,0.00017584714534302215,0.0024726475435499218,0.0009666107983274941,-0.00044024910654927307,-0.0008965653601918921
2023-02-13,-0.009159346507304433,0.004160225722177779,0.00867515517981543,0.013241285423057247,0.009333037122069676,0.009970148380641142,0.010165994928189592,0.008035930625749588,0.007235443650253304,0.004895405546992526
2023-02-14,0.006660963946656162,-0.007778643005551533,0.00245591686075608,0.0003695403721422075,0.0012138400007846162,0.0005608497324183226,0.002200747545372028,0.0008612126460074698,0.00439862260897339,0.004228696454133374
2023-02-15,0.00047641601426473557,0.003307268984326983,0.001132281587197026,0.0034167736889028077,0.004049321883248913,0.003611832287963468,0.0011463469157202422,0.000942229131036143,-0.0021999991896017868,0.0008605869621749473
2023-02-16,-0.027646818026126563,-0.028241191496306994,-0.027972287776377613,-0.021872834438117494,-0.025026593649367657,-0.023221295675817766,-0.020270529545172833,-0.01776291815112674,-0.020975820434461,-0.017717946836149467
2023-02-17,-0.013245583135007677,-0.008588904225558136,-0.0042855969750810186,-0.0066065200141841585,-0.004689593251348878,-0.00391631217299071,-0.002189233819561598,-0.004706862619498375,0.0025364398336549243,0.0018223908692911461
2023-02-20,0.004907879308543528,0.010347300511271307,0.01683465543437368,0.01256872834065259,0.01287507282993916,0.014029909046029632,0.014414251685126667,0.015866128686577996,0.015939218596368043,0.01922726620416948
2023-02-21,0.0077720880663356695,0.0064299100821569866,0.003604960328273732,0.0035346126905035913,0.00554748559567364,0.0068285632698330545,0.00644821118617922,0.005515424742815966,0.008532438787006935,0.010797453024864678
2023-02-22,-0.006090046714240738,0.005490919994135091,0.0019388928476669065,0.001956637467582345,0.0012726927587818349,0.0030156112363541876,0.00039450139128893724,-3.6359552178955035e-05,0.0006475563218528713,-0.00022524368710974407
2023-02-23,0.0013465780481829448,0.0009109839077852122,-0.0002531629241516731,-0.0019997125512619673,-0.0015174575126476464,-0.0035477699500814364,-0.0025316068559081417,-0.0032827638882266807,-0.0019613470629458174,-0.000634980152378839
2023-02-24,-0.004906816558778226,-0.01024623103225697,-0.0007830872936498423,-0.002027738080987773,-0.0027406961620597414,-0.0018943680284304598,-0.0005419590225147486,-0.001256860517116709,-0.004154131896554447,-0.002773921386538092
2023-02-27,-0.006968237799796162,-0.009647186241312555,-0.008825239889402425,-0.011637208198377547,-0.008211426559305623,-0.007887891468332908,-0.007808676414718607,-0.007370293881090673,-0.005670754697364555,-0.002437757525234896
2023-02-28,0.006384776780510526,0.010822084496576734,0.008700565883745792,0.012311635758649908,0.01031406432362747,0.010417742047115652,0.009943164475983979,0.01096675620287102,0.010170178976004918,0.0042661760136852855
2023-03-01,0.00434340714229875,0.01890052760880212,0.01195561525508615,0.009884764233476062,0.008463600244451142,0.010724897914629938,0.00898091624870112,0.009084062162355577,0.006967089470492294,0.01112395771592034
2023-03-02,0.00578634629855479,0.0016184111755344066,0.0008030066249509193,-0.00017349500608354607,-0.0034482692146446947,-0.0014935840972961634,-0.00032004715240219195,-0.00199348681649969,-0.003681188059131313,-0.0001578835693550884
2023-03-03,-0.0004328408693509145,-0.005328681333544472,-0.004127381851956935,-0.0014301597807400146,-0.001037321213915643,-0.0013962641067519765,0.0033378461761854883,0.002251121740942663,0.003934795503202526,0.0020314044237941253
2023-03-06,0.0070374268368573745,0.0034578458169709503,0.004030537808721313,-0.001729764154704716,3.990134075659846e-05,0.0012456837870904458,-0.0007493087350723959,0.0013136556798232224,-0.0004515484468302633,-0.004626550752880432
2023-03-07,-0.01678717169617361,-0.022855498642082916,-0.024527120177585515,-0.02082877475863143,-0.020687275897270707,-0.0211015948735207,-0.019978522201957505,-0.018460062594610638,-0.017652345609305398,-0.013774436473485974
2023-03-08,0.031401875655291844,0.01873829203020172,0.011626661672953453,0.00923120891303797,0.009044752443872373,0.008914614708894986,0.0064379112173711395,0.007024569844910733,0.002557144256390753,0.0076131141957265225
2023-03-09,-0.01697799543958567,0.004332641708346019,0.001949765759835076,0.0012781358192803793,0.0006134877495829194,-0.00032355521468829807,-0.0012533709814577243,-0.0007016389038723148,0.0007504307050714143,0.003395073161240214
2023-03-10,-0.013946100976398479,-0.020521761994406584,-0.017904136642254542,-0.016295674819774564,-0.015918912182673828,-0.017211587188120325,-0.017996851721569174,-0.016765958591684837,-0.01692542388949747,-0.017525795354385476
2023-03-13,-0.0044788226432587175,0.008832714485637272,0.003696187325887834,0.0005005823655777064,0.002976249585705526,0.0036080950501058418,0.002693245831501434,0.005405754701243826,0.0049692874056876946,0.0021903267853753405
2023-03-14,0.0031777996356590066,-0.010766303539132549,-0.01694592541837381,-0.01572974428092877,-0.014216459598118458,-0.013991522779538856,-0.012758769134117998,-0.009352308893076589,-0.011999802640394241,-0.014371077891485617
2023-03-15,0.03252438168284377,0.002455642880626163,0.007601777855504421,0.011860278936318913,0.012981186345534024,0.011345444618382494,0.013584231693566817,0.013183131562995332,0.014356239551380545,0.012685082568988593
2023-03-16,-0.028114446898055423,-0.026103151001587888,-0.015134786538154699,-0.01585827126272099,-0.01530257951203784,-0.013383016963576577,-0.013976689683190102,-0.014561695746654668,-0.01711164466155335,-0.0225865279495574
2023-03-17,0.003919856850065795,0.004227323196822841,0.011114980536896635,0.009225062965255049,0.01001886315552869,0.012046955932725645,0.010026715095531102,0.00975612321883923,0.007071003464003578,0.009516167340731796
2023-03-20,0.019229052627941723,-0.009687086565989711,-0.002989445992247819,-0.002912240735625904,-0.0043601413481678675,-0.0002331545887873654,-0.0038691290074426288,-0.0029087976022725837,-0.0009247187643135479,-0.004231212698908915
2023-03-21,0.006709702936731343,0.02096117486070348,0.02151114990620062,0.016610282004288823,0.013777651028997973,0.016870132987272912,0.014056583591456562,0.010668393163146161,0.0103963844800683,0.007846239163414204
2023-03-22,0.017446820452376777,0.011152943190575693,0.012969725107229602,0.008427863602085583,0.007499410712516585,0.006960794811623039,0.00693831692177338,0.005831769607637094,0.004573770343937689,0.006469290283030116
2023-03-23,-0.004699950628452854,0.002177092742577713,-0.0008633085138909369,0.00018251749332542921,0.0007755733009182642,-0.00024607523780251217,-0.0010926063313071444,-0.0008004141503759055,0.0005991126252471446,0.004765458475025186
2023-03-24,0.012196102013839472,0.007255528247174681,0.006194816788554602,0.002510903625589256,0.003093929397610218,0.003782738901121352,0.0005598979669760862,0.001044379153083197,-0.003979112898233161,-0.005381725548131988
2023-03-27,-0.011006039632693976,0.0004275794678394451,0.005934908802627481,0.0023774476824753865,-0.00020435321840039933,0.0002784958487014322,-0.004063590085927715,-0.0020802563740822677,-0.003345031895379269,0.0005595473038506604
2023-03-28,0.006009954766162506,-0.01565693448887806,-0.01410504867504958,-0.01357694914794294,-0.009037354185426172,-0.007465716638004771,-0.006465300359130066,-0.002984226112791255,-0.0034821395036895852,-0.007699997539236336
2023-03-29,0.015296982705246487,-0.006306318531861921,-0.009308236306555862,-0.007073001772562648,-0.006751264488936259,-0.0034993893695799416,-0.007201762646728116,-0.0035131012635079006,-0.007215474006895928,-0.008893475671869266
2023-03-30,0.02302121616201047,-0.010834880421520143,-0.007790149948443403,-0.005350787970764714,-0.005033179849415426,-0.005280383845172154,-0.007262452338466896,-0.0053059447102487,-0.0037146161954555446,0.003490796468820223
2023-03-31,-0.005073412141218259,0.012878789090936982,0.013295895490469167,0.010179745596502032,0.012229279295356221,0.012575103135399779,0.009923019037714198,0.014206769641506911,0.011710740339288872,0.012861243361959929
2023-04-03,0.01732691063340286,0.00874150183622846,0.01513917319121516,0.01042774632635135,0.008966336568283273,0.011622800660858523,0.007674902336428202,0.01105555552280535,0.004406192260795194,0.008564384929593327
2023-04-04,0.0022902761418661655,-0.010348778116819113,-0.015755172589275612,-0.01285321020007213,-0.008445442901783617,-0.005952319666301165,-0.009347960140893785,-0.004162415180663959,-0.002175275365338347,-0.0033663394603786756
2023-04-06,0.007578507540641155,-0.002110979909879629,-0.009405100452092308,-0.003724964252185603,-0.0036310983774775485,-0.004882714126617893,-0.00429288660223992,-0.006485017463585208,-0.0005395411936353067,-0.0053855275516832
2023-04-07,-0.008799280506548324,0.006386473810896076,0.008355206280687533,0.01066630638931998,0.008273857119897032,0.008042250819340069,0.00818647487842794,0.006034849470726522,0.0061932149750645316,0.008185809356322515
2023-04-10,0.0013937118232782986,-0.012190379069854207,-0.016988624630533744,-0.014038672331865842,-0.013039850701337619,-0.01358514647940412,-0.01422184396273063,-0.01174924106398878,-0.006827245793638803,-0.01289008203088804
2023-04-11,-0.011716475395923798,-0.003950582963697324,0.0025932615899268985,0.0016369391445638648,0.0005109166833032752,0.004938817804730711,0.004344138532610398,0.006460429882159335,0.0064677515979085776,0.005624772223651764
2023-04-12,0.016809431459688495,0.013069834925937496,0.012579824801929318,0.013188349252940545,0.008780862035646875,0.012392185328971017,0.011188147586980834,0.011814343719755982,0.010791066446918851,0.009762121468434914
2023-04-13,-0.01998492880157987,-0.010598977997001713,-0.005653878170865045,-0.004403347872961039,-0.005710910659333934,-0.005239266739838988,-0.0031679728152674835,-0.0018494968306008719,-0.0018924595815953404,-0.007588932240217172
2023-04-14,0.007572603931072397,-0.0008074400165944962,0.002525568624580865,-0.0005835655561053921,0.0015355390408531289,0.002881020017399205,0.0025678953829397777,0.003191838826013038,0.00332365356689146,0.00445497617839008
2023-04-17,-0.00032894304022335064,-0.01042565292414177,-0.006652168793472968,0.000579386054013975,0.0021371373717824493,0.0019863969955693506,0.0015483120720858334,0.0041374271561818166,0.004998130992708072,0.007032877183839714
2023-04-18,-0.01827155943982295,-0.003080094367165165,9.241665348902472e-05,-0.007389631502148553,-0.006002936763842892,-0.0031022359010737244,-0.00500837858983616,-0.005094392545151205,-0.001893384312404267,0.0006563307542639674
2023-04-19,0.002504431019550113,0.00110386789891459,-0.007319080574412884,-0.0012455191680204036,-0.004104157034968359,-0.0016194755679372896,0.00011657362418238115,-0.0013771258057155844,-0.0019829651822537153,-0.0007528009005075553
2023-04-20,0.017896451468814245,-0.005214160435165316,-0.0035738573961604514,-0.002041912436421267,0.0014563998700805048,0.0015039232882290143,-0.0032927723037701195,-0.0003856128081345389,-1.2236555062439258e-05,0.0008343087836151231
2023-04-21,-0.05952218286543154,-0.03966045367906734,-0.03438405365584085,-0.032777285180257465,-0.024962930985649057,-0.027352086808029807,-0.023048442772379163,-0.023035687176724995,-0.02135992724166158,-0.0235057018935112
2023-04-24,0.11572956480922714,0.0002653651398702994,-0.0021256637275559598,0.00046347520492595606,-0.004440654142680023,0.0021703608984524614,-0.0011913037281154892,0.0008078311721213538,-0.001631072452611404,-0.004446891786440421
2023-04-25,0.03082389885133452,-0.029497674521245854,-0.024169211905785026,-0.021233151730022604,-0.016221784148610974,-0.015281692704692151,-0.013591032386197521,-0.010862461360622744,-0.013283384809262166,-0.009219544128204693
2023-04-26,0.044497403083261666,0.004907877969315022,0.00969043963792604,0.010045170993240982,0.005923106867127492,0.010728161248782175,0.0073897189451828105,0.0092960109164133,0.009807403693334216,0.0088210959180961
2023-04-27,-0.06919264394977198,-0.0035644899586628753,0.0012251592473220274,0.00244699767309986,0.0009501488378529377,-0.002795630143343497,0.0020268222104116163,0.0020702504218848006,0.00045481288293802713,-0.007014407367907705
2023-04-28,-0.01944733876549487,0.027568075536187564,0.020540618367891783,0.02034909516722494,0.022101123882203977,0.02486129226803091,0.023549668945006763,0.02459439951038145,0.018314529829450032,0.027001550863554602
2023-05-04,-0.06732734324433132,0.017130296618183216,0.005526716629989714,0.006314683897234552,0.011811515989107013,0.014171823151838625,0.013251763254483517,0.01904596872921971,0.017603476390090744,0.008958922988494322
2023-05-05,-0.07601808718460124,0.00045922348193072615,-0.0050046964158591,-0.004715478439269671,-0.00766868014199007,-0.007349170587762188,-0.004363126483987179,-0.004419556662505153,-0.006170223746709169,-0.012420763740622953
2023-05-08,-0.006892616584382444,0.0007087512702405804,-0.00011062473916744614,-5.3172971172539725e-05,0.002826842954432511,0.0030466713291130527,0.002723926998598503,0.006078862961355189,0.007030261156748475,0.0024486267985207146
2023-05-09,-0.02139292924558822,-0.008622998760909217,-0.014082520926946618,-0.01387380094489099,-0.011784827705316414,-0.01007828753662332,-0.010439194473201074,-0.011486877008591412,-0.010853227361003137,-0.0072660770601448155
2023-05-10,0.02935673165102881,0.008948567633959792,0.00813244621016107,0.004819662306752015,0.0034927227571746045,0.00435958508474954,0.002275832731211791,0.003371415718029347,0.0015933206664839883,0.005343345695538959
2023-05-11,0.0076477809691306575,0.009477032194434853,0.009643915646893486,0.007144976431425976,0.006047314085381839,0.005156230452352029,0.004510173609288293,0.005399986154684067,0.004565192841057497,0.0049973869862616205
2023-05-12,-0.011897611547286191,-0.011124468810655763,-0.0073897212919952215,-0.011195223944205357,-0.007783554519260605,-0.0099514699506984,-0.008630752315705648,-0.008436626735265573,-0.005573234596320753,-0.013533142794669994
2023-05-15,0.00694334086913595,0.006151287545791195,0.010675937595579388,0.006090101046098084,0.006509166321187143,0.006179567608307179,0.00519952040175875,0.008161821678982717,0.006061322255398016,0.008548200839078035
2023-05-16,-0.00669205353688096,-0.007987880550975324,-0.006731687140113629,-0.008614355946891195,-0.008221378487074937,-0.007397623130332098,-0.007738866209613282,-0.00847429284986223,-0.007624357029969553,-0.010458692076100617
2023-05-17,0.02134777142915567,0.010662998835996529,0.01197839972693715,0.011481384670045447,0.009315563907163593,0.008592409485071117,0.007498993672262477,0.007355853867741402,0.007834471411672261,0.003045232660329633
2023-05-18,-0.04934808102724997,0.0035707537047922067,0.004133304197338372,0.002378327343181885,0.0026900602485573355,0.0018541181202094137,0.0021499815717516135,0.0011772661892703873,0.0023176968709537338,0.0029538733917675586
2023-05-19,0.009106016540463502,-0.005575263568247557,-0.00255028439981142,-0.00046718901119879863,-0.001245233443048166,-0.0018868724370085799,-0.0036936612559634874,-0.0029905075786038626,-0.004940134271415375,-0.0014264045727657715
2023-05-22,0.02432940198855693,0.0008051731887213087,0.005695771182383735,0.00746759835821087,0.005627024189664764,0.0037949342331125013,0.002811853071288839,0.004335729743783823,0.00951970779122191,-0.00227359618837919
2023-05-23,0.007944447544596223,-0.009158002561342138,-0.005906359630374336,-0.00721071783139815,-0.007456855144244767,-0.009476020385345008,-0.009761043091360722,-0.011040005298739164,-0.015462660512026938,-0.010761484429706925
2023-05-24,0.00171684138732342,-0.0008129502732854288,0.0012673566943102177,-0.0028607471904601445,-0.004290878456947311,-0.002438848035423713,-0.005839549214626372,-0.004031718203987622,-0.005227079859002393,-0.005439118224905171
2023-05-25,-0.002490950798696989,-0.003514723336059289,-0.00012676844683545685,-0.00119905348005378,-0.0021893678707933795,-0.0007840220413123378,-0.000135428364516188,-0.0021835648080900105,-0.0003349215358955382,-0.0008016492538164277
2023-05-26,0.018729449334531134,0.0017619835213975588,0.007569063847865154,-0.0007854896796065658,0.0034741840835033067,0.006128195063566766,0.0028590039101761278,0.004366068598771422,0.0018761385415426712,0.0009551813492740813
2023-05-29,-0.029039980408837263,-0.01000281756584609,-0.010525845977810477,-0.004792325672339559,-0.005551993904339914,-0.0063841665803838765,-0.002743957959950194,-0.0010525910704185515,0.002759007318801965,0.0034360099546892897
2023-05-30,0.018516271601560108,-0.00017289180723711883,-0.001745039408911353,0.004159050314518797,0.004367952858999269,0.002657986500391951,0.004454694260470848,0.006467651433672117,0.0045806237452015175,0.0019951390226937704
2023-05-31,0.005389392668198489,-0.004453105070775232,-0.007505042988671495,-0.004497273522328538,-0.0050291859253780435,-0.003194962553456082,-0.004672295320887643,-0.006630550257080148,-0.0066970081723178865,-0.007972496223429104
2023-06-01,-0.003288665793304668,0.002639878011760688,0.0038523262472847097,0.0018459094234670737,0.00033613943612409436,0.0013352682933145399,0.0016780436886218997,0.0009956357618459144,-1.2541854851333412e-05,-0.0010280422509948428
2023-06-02,0.003918728160631657,0.007348832248088799,0.008922439968225282,0.009321447160436813,0.008356361492218634,0.008522431575598288,0.006776580694229262,0.008844022771768545,0.008931126956449598,0.009965740653893107
2023-06-05,0.0018605797857451645,0.002251099869783113,0.0009098135153524645,0.00366384996463176,0.0039139556301286405,0.003474604088498534,0.0046564528427750496,0.00515361416862814,-0.00016159559919770583,0.0068996610829021865
2023-06-06,-0.03535383946110626,-0.01258035893690812,-0.020119566495092056,-0.018317559940993267,-0.02032483043325861,-0.01966493740074904,-0.019545854473273616,-0.021781447402246745,-0.01981051798121547,-0.019454810045063664
2023-06-07,-0.001025724817618312,0.004873986769018845,0.004834250554562214,0.005663037937036375,0.001583968748298803,0.0019637240499379427,0.004091151887366529,0.0008797808785405703,-3.1345711652752684e-05,-0.0007229261192174263
2023-06-08,-0.017684759588366683,0.0020076699204629733,-0.00469864884480109,0.0007493385635395367,-0.00363704681614907,-0.0017656209041837512,-0.0021468647029280197,-0.0017296240949685737,-0.0013933302039410567,0.0009576975965641665
2023-06-09,-0.023348262429789823,-0.006624087837058701,0.0022467578584133285,0.00019533871512966705,0.0004991722441172186,0.002307476485026161,0.0026781180082233735,0.0020971134769862676,0.007687866645335273,0.00808727539374643
2023-06-12,0.011512114933874162,0.002956901512030763,0.009555440699588802,0.006946571796800471,0.006054048576811022,0.007729781829499904,0.007373680266425042,0.008614539693761136,0.000759612091640216,0.007320048200538665
2023-06-13,0.023534633203602162,0.004047824711712611,0.001091722919831728,0.0008382131455155761,0.00341531261333361,0.003863435132516857,0.0012828849213342153,0.0012156635827720308,0.0001804908600664401,-0.006360985943464459
2023-06-14,0.0008675415897294592,-0.002209151619068095,0.0010787143784662945,0.0005774417496493545,-0.0004039320730694351,-7.335537744279641e-05,-0.000984463820393744,-0.00042994429368292675,-0.0017501350401682991,-0.0014141920079075998
2023-06-15,-0.0004746645284096074,-0.002722075974043947,0.00048047050335853214,0.0033169174574123605,0.0033002568811735244,0.0018052779171811029,0.0006747493498502344,0.0006927902867839286,0.00027372143876758237,0.0035054490741937006
2023-06-16,0.01582658579888352,0.006744367792377526,-0.0009189863762134598,0.0058463693199659605,0.00448673460343052,0.0034680295457869548,0.004040721398826275,0.004165948676120745,-3.493758187278484e-05,0.004078444515897672
2023-06-19,0.005868652120106788,-0.0024194431216073564,0.0016804271138224358,-0.0016703106466715578,-0.003698001977268106,-0.004053143900295875,-0.0051144846225487095,-0.005761657068424353,-0.0025207987549485944,-0.01273382598831474
2023-06-20,0.0020413338604372555,-0.013003544041901405,-0.003286602013482076,-0.0053983290980793575,-0.005133883459285005,-0.00660502522539097,-0.006382161563615374,-0.00900145887676973,-0.007328188832016802,-0.007900552024929675
2023-06-21,-0.016559815781227782,-0.01721152366356249,-0.014969017911532712,-0.012762138359357356,-0.013050460808940012,-0.010638115539446491,-0.011535201796536332,-0.00998002475779014,-0.007556846490087588,-0.01436504506556191
2023-06-26,-0.033877714578247176,-0.020715715855224914,-0.017799297298703887,-0.014517719487328717,-0.014145041324874152,-0.014496257820415526,-0.013955322575682438,-0.010406333621455155,-0.00781313808915629,-0.012349405561777216
2023-06-27,0.01732055614853034,0.028999985352278657,0.01778602871091728,0.020861933079940886,0.019843550964121492,0.020762064157485938,0.021945761132955877,0.019693998904700027,0.017652622287508635,0.02179604279577796
2023-06-28,0.0119093963708512,-0.0005507271214401088,-0.0003895443973765955,-0.0019054520597457936,0.001493100055206753,-9.062740371967859e-05,1.815745114464029e-05,0.003637891333794663,0.004776962013158803,0.007250709211795492
2023-06-29,0.02292967310963001,0.014369668084412313,0.012221424624994537,0.008960301211418775,0.008057684065311488,0.007997937296200464,0.009438717312075795,0.0012389920038688995,-0.00022509706043594147,0.0008409722221047744
2023-06-30,0.017413127426800123,0.00963511216465851,0.010749623647884343,0.012505409222234531,0.009841461191645084,0.012190059733951042,0.011745554246590295,0.009572590199784292,0.00952940191729068,0.01235451275949706
2023-07-03,-0.0033069653328297033,0.0059882346478747905,0.0008307198240271596,0.004178671326972028,0.004698440442209018,0.004254814852168831,0.006701109327212906,0.006087947459946896,0.00793485574586672,0.015176582329389898
2023-07-04,0.013388286549173456,0.006213203080224661,0.010886184046869252,0.004443195878198303,0.005202420494984539,0.003772442409260446,0.002346769794619563,0.0037600151476389065,-0.0010184973556517374,0.0029836019638442846
2023-07-05,-0.014825054922237735,0.0023720310345698437,-0.005889151148373073,-0.003244428400554722,-0.005543652194290316,-0.004627417757400387,-0.005073758093647074,-0.0055685725639962325,-0.0038514734568216857,-0.005797790011026205
2023-07-06,-0.0004181435440704373,-0.0010572624145928078,0.0016176278986341774,0.002649172078086126,-0.00021272627260704446,0.0011461573089255328,0.0016242849273992999,-0.0012002480158695983,-0.0017729347721208155,0.001136308327724267
2023-07-07,-0.017397311189491504,-0.006243854355953871,-0.0025093786623379133,-0.00597270037718034,-0.0026744518035278775,-0.0036613548386773553,-0.0006526583929959973,0.0006507622987292905,0.0021250102282410754,-0.0011495965282718457
2023-07-10,-0.005254680326168937,0.0005398638638878239,-0.0007131299393876578,-0.0006837829259677131,0.00046834822967189993,-0.0016522820063235022,0.0009878204884179453,0.002819107163074097,0.0008360390064130474,-0.001477056724173642
2023-07-11,0.02157597848945847,0.0004781592717455485,0.008443630825381687,0.00916327286393881,0.008259930886109101,0.00697466460942775,0.005570236689800501,0.007514515587193404,0.0018428318151302303,0.008105210004777819
2023-07-12,-0.014955384081361989,-0.010652393038846908,-0.009785108322694858,-0.012081640750084777,-0.01019890833899828,-0.011793330163493043,-0.010260894317656533,-0.005302193350850137,-0.00848731973417205,-0.004978440921825644
2023-07-13,-0.001839451892558075,0.0061157403302742885,0.007344093242205085,0.008378208773325957,0.006326482402218003,0.008001393787568256,0.008649460030930811,0.0071607461359219915,0.007435932735743611,0.008768617891969033
2023-07-14,0.007632296358698332,0.00418126498634086,0.003360532552159734,0.0013095078072264954,-0.0014109534309334482,-0.002121200105797749,-4.37198887975887e-05,-0.0032751468598340994,-0.0024179586705680434,-0.0026412203646902777
2023-07-17,-0.020067923627380746,0.001391235887158615,-0.003209255399810984,-0.0005754452098337692,-0.002038715610799713,0.0008092552815481824,-0.0012419600162455469,-0.000374465721022621,-0.00828843908480248,0.004122701446890309
2023-07-18,0.0012536792837112287,0.0005400163506392719,0.005369110010680522,-1.4876942517005887e-05,0.0023360104252010405,0.00212556432050115,0.0019087237612627206,0.002196961795242647,-0.0006862094301682831,0.00040637660721531965
2023-07-19,0.0017132546905145318,0.00011042580599851526,-0.0020192191206875876,0.0006523264374551641,0.0004415711342968809,0.0009008556658622879,-0.0007279032433237242,0.0007229888057933564,0.002880068290643134,0.0013999231223869035
2023-07-20,-0.02786694697296055,-0.009444627783195991,-0.011923508794987825,-0.008289704642230222,-0.008351961221233384,-0.009965347060289065,-0.010439571701026606,-0.012422524600319451,-0.008861202852893713,-0.008192368475495315
2023-07-21,-0.013330436586201033,9.695624146743853e-05,-0.0038966301962675143,-0.0012400043431788355,-0.0033366948234240246,-0.00223388384326062,-0.0025168144003423487,-0.0034600701303498793,-0.0015392891705027223,-0.007006142928127068
2023-07-24,-0.008603226498408278,0.005797885190562679,0.0010215805443696269,-0.0018499742876861847,0.001779543347844692,-0.0011163391474814377,0.0008177129405542161,0.001141806357219055,-0.0011206160891048533,-0.0035044679316761362
2023-07-25,0.04086741181361697,0.030766620908144526,0.017797439629166245,0.018734502331030134,0.01597901476982133,0.01585475387462587,0.014536096982054936,0.015073849582917243,0.016539135660719184,0.019088529727046666
2023-07-26,-0.020370283886431584,0.016659011457199613,-0.0019471125596707273,0.0025074620607119513,-0.0020588593013186607,-0.0026177841895468346,-0.0013541189770308604,-0.0027809339437514513,-0.0030644661063528034,-0.006677761101478663
2023-07-27,0.009255413122980283,-0.0022352205498298305,-0.0022511466587019635,-0.0053291177363533615,-0.005693330637420835,-0.004655077744531777,-0.0057324356613925875,-0.004532816543086793,-0.004129863884605789,0.002419227369596433
2023-07-28,-0.003548381415016011,-0.004093029321202812,0.005357059743290371,0.008510686452593896,0.007622931387904819,0.0071274976237190035,0.009122630779248686,0.008339813371804006,0.009914577689886794,0.004215950735580121
2023-07-31,0.008476898661628596,0.00877913276955744,0.01083878445714559,0.01174293007633298,0.010087922806231608,0.009963768799993167,0.009542843415051516,0.009948827306813568,0.00814220969906132,0.0039123743711380055
2023-08-01,0.012015759850538377,-0.012108024460290134,0.0006827350019604772,-0.002595515227362011,-0.0013995755961159206,-0.0028271767895661215,-0.0015169554967791044,-0.00028167210596863335,0.0011566796356541342,0.0031164044140010727
2023-08-02,-0.008427354563205758,-0.002850235407390822,-0.003291444772931529,-0.00035531840698621586,-0.0013999150125953985,-0.0007550089244630076,6.267862765851895e-05,-0.0031179945905978057,-0.0010068932786284623,-0.006150386251742246
2023-08-03,-0.007100106540359308,-0.004350674222778239,-0.005348033350671466,-0.002114560788951003,-0.0014016283003263075,-0.002716010086627585,-0.003318241801355537,-0.001568929344134995,-0.0018997507558274895,-0.004185704411610036
2023-08-04,-0.0026558455773955103,-0.0030354915233560265,-0.00010191396355030413,-0.0027326708063566407,-0.002285359989759317,-0.0008867674498250766,-0.0017692216760267776,-0.00253758794369241,-0.0031099640831652176,-0.00462463448264816
2023-08-07,-0.003676294444664774,-0.00867293512603029,-0.009179203251751034,-0.008560160663962035,-0.007960636581832992,-0.008749103817556225,-0.0077424055740751285,-0.006438129618590804,-0.004488924099065761,-0.006360874808346906
2023-08-08,-0.012210764224327653,9.445029568611041e-05,-0.0006359808039654302,-0.002722952292204428,-0.0016922635234353223,-0.0025749770025152996,-0.003140932905770333,-0.0021715878942265565,-0.002430029238157938,0.001540709436488763
2023-08-09,-0.009749297239344368,-0.008787266289301154,-0.00819783540255059,-0.0064923260384072146,-0.008093790122402966,-0.009799894838871559,-0.009743986093061374,-0.01071254565139479,-0.011374725034332345,-0.013775086338094655
2023-08-10,0.003413261077490848,0.0012512484100035692,0.0014612295161928746,0.0037658168814731496,0.0022815914062539466,0.0028306940461513275,0.0037647919659136164,0.0055806586312632245,0.0017345826701864464,0.0074508958990620044
2023-08-11,-0.025849174412609477,-0.01138638795619018,-0.015415990822390091,-0.013875254487637045,-0.015429411211106747,-0.014721410995961914,-0.01633041324414175,-0.019323121202125537,-0.017911554307998623,-0.01770419863916739
2023-08-14,0.004822841096257191,-0.0008368611527165282,0.00492577083732515,0.001649977869653485,0.003097535325097711,0.003922375820101465,0.003994863004261884,0.002214395383506762,0.0029773471153555775,6.375781401057878e-05
2023-08-15,-0.012955898648483233,-0.00412467321245813,-0.006864215529520767,-0.0027612694075279665,-0.0034841748410233686,-0.004460982380007916,-0.00285760335638241,-0.0037535954330205623,-0.0016604267130239103,-0.006420597573842057
2023-08-16,-0.016136405114480334,0.0010409407289826422,-0.00859840881969165,-0.007558054580793061,-0.007258492702098773,-0.0075210117586694825,-0.005765426807097129,-0.008590965470210654,-0.007459567733554051,-0.006377833007382927
2023-08-17,0.027421639472127612,0.012279380407526963,0.012751406953547928,0.013558905638809682,0.011740194006214288,0.012201872999564767,0.012353797679913514,0.012011967703822846,0.00901286293190795,0.0078041408055500305
2023-08-18,0.004406390987270692,-0.0067637995059801614,-0.006593609824413482,-0.01431022454717179,-0.011963994979391379,-0.011260966392641958,-0.012693764136639474,-0.012722566681000802,-0.01340722356087154,-0.009853517310500992
2023-08-21,-0.0038127233377936998,8.875630717142258e-05,-0.003905369468639064,-0.005830821338983605,-0.005667515875420803,-0.005823486555196822,-0.0068777822529512145,-0.005252696455390504,-0.007396591189151369,-0.008354810173444305
2023-08-22,-0.004850863686744367,0.007560319796158899,-0.0012681625371230298,-0.00017883998083423336,-0.0012494115832097918,-0.00045678450316410935,-0.0002418897447606927,0.003313211964467877,-0.00011719868218629248,0.0023458172121029186
2023-08-23,0.003560998250818903,-0.01631632336497668,-0.010439041324564524,-0.012349590049523074,-0.013234721231498159,-0.013005409823215519,-0.013453025520325679,-0.009818870147398906,-0.012998046585422807,-0.0100749944191737
2023-08-24,-5.782863840786412e-06,-0.0016256119739340713,-0.002519794604319725,-0.004624200014254454,-0.005487695557879979,-0.0036818047597568793,-0.0035602860720655993,-0.0007903932409675241,-0.0018789752895163048,-0.005200634678437677
2023-08-25,-0.03834078359903825,-0.012530802198023827,-0.011751193273198846,-0.013213471091267137,-0.012986915820221934,-0.013062604029526748,-0.012484940695957403,-0.011403548779090888,-0.01256855407055435,-0.01402487026257937
2023-08-28,0.01807295431922462,0.01723389156231092,0.020112441802565773,0.015512080296604225,0.014013297153046445,0.01707308340841407,0.015858265802966454,0.013248928535933846,0.016315456851633048,0.02162456567670934
2023-08-29,0.0471077268912834,0.03563060786187244,0.02976744488052363,0.0327564563566527,0.02981419543580377,0.027604712145588683,0.026841887278103327,0.022865674587816853,0.020533502360291056,0.022986546306294597
2023-08-30,0.028829859316622075,-0.0023763191082806223,0.0021434311860759614,0.0031950073276867386,0.0023354661817147626,-0.001200983084878704,0.0019382580874924837,-0.0017619191333201334,-0.002242171475546617,-0.004531380777603178
2023-08-31,-0.022821407708299213,-0.010600906329476745,-0.012950814236370789,-0.007972473955353498,-0.005509655357122778,-0.007434631148189319,-0.007945556532617859,-0.006738449689842607,-0.0052381815000855925,-0.009743044033400317
2023-09-01,-0.01692839572732774,-0.006458872770973012,-0.0034840675839600266,0.001415948565443248,0.0028217859524313216,0.005398556198547011,0.00461082527237866,0.005437028604585281,0.00873786812928623,0.014523882584269066
2023-09-04,0.011482341620153047,0.013225627088991443,0.016038934977757213,0.01785838747726798,0.014009484224537516,0.017637273111523744,0.01418954968246644,0.01704555344605141,0.01746357141480659,0.020652339911132245
2023-09-05,2.5943038747255898e-05,-0.007925415816648962,-0.005681409816830074,-0.0058122276966046105,-0.006412953383575615,-0.007066810002971158,-0.00614892324828753,-0.0050745101234820345,-0.0027654173888608247,-0.006192739105766454
2023-09-06,0.006452802665956048,0.00840016442729108,0.0029304162867793693,0.006212520375500574,0.002632837736850524,0.002860608445973467,0.0031574704690831012,0.0027281742992382174,0.0008309354668354363,0.001976803570906238
2023-09-07,-0.023039961176526735,-0.01573686871297797,-0.014764221806086497,-0.015322085799598484,-0.01566613105965531,-0.015843780711892297,-0.015015050825789578,-0.017173338068176558,-0.015559316056030448,-0.01189887734563333
2023-09-08,0.004745190851452863,0.00290319974605846,9.004043807192552e-05,-0.00043729178842200067,0.0026856373433650216,0.0009466179811821185,0.001097004334715379,0.0003902032421354562,-0.00013921213239509456,-0.006000223402605642
2023-09-11,0.012160265990607266,0.0035642903309005547,0.008872594892228136,0.004607477877161648,0.0087211659710833,0.009932455513130156,0.009223587367184427,0.011416101942139267,0.009171688392421995,0.014160235535207288
2023-09-12,0.0033143970007358803,-0.004060579867452674,-0.001088888815173772,0.0007170341881790332,0.0015121545592238217,-0.0005469174877330563,0.00042971498708088696,0.001199158217562335,-0.0007563766447643561,0.0017729090798499492
2023-09-13,-0.023971279158086944,-0.004445692993891304,-0.007812048452032316,-0.010197759646749516,-0.008206794207795687,-0.00796872493301859,-0.00830567090288381,-0.004539817396209789,-0.005043747513549635,-0.006439320255012704
2023-09-14,-0.009320689798824944,-0.010141592907528696,-0.012832905406637507,-0.007052126824988125,-0.00517843156325859,-0.006326860468798712,-0.002880504768730696,-0.0017047787293696937,-0.0008228283720437268,0.004439445354701643
2023-09-15,-0.003477995797444011,-0.0019401780122753065,0.0016281558986963596,0.0019216509194799336,0.0023326377451793334,0.001674133224546015,0.0017923560778267955,0.001402630797837201,0.0013091074391922142,-0.00010552059813828674
2023-09-18,0.014740417070476575,0.00884661800433939,0.00912069925019865,0.007346261108730268,0.009260179792554446,0.008786570230761015,0.005782733976094523,0.007352399126956399,0.00716408943092639,0.01067970187969891
2023-09-19,-0.016132390808269004,-0.006296195918882752,-0.009623658686826686,-0.008439066803750728,-0.007003632226747825,-0.00826418579245869,-0.006495368428249604,-0.0066963743472551185,-0.004850639496766007,-0.005293131849627319
2023-09-20,-0.0076072536824283166,-0.005744729276442873,-0.007025112016013635,-0.005658922508005815,-0.00631779718863279,-0.005622333037310856,-0.004736378959166787,-0.007941422024692502,-0.0060783132151063235,-0.009152538191140813
2023-09-21,-0.01185441491316419,0.0004907812793517596,-0.007943425615570932,-0.006740305108895228,-0.007745995655705218,-0.005354179656819502,-0.00578823419261465,-0.005956791024588348,-0.004274189959696972,-0.0066349580546211095
2023-09-22,0.031066807435074395,0.013389787383222496,0.015086521114313634,0.016139668837643173,0.015176264392100736,0.015757599237210096,0.014181991319172527,0.01272529474971873,0.008342123419706082,0.010964568919648032
2023-09-25,-0.010257863516662136,-0.010855063329623826,-0.003308796660589919,-0.004157799282226371,-0.0020200377134964587,-0.0038803658351823644,-0.0036668655749998447,-0.0054992000475109215,-0.004880333139641535,-0.006288709621478206
2023-09-26,0.005567262077340818,-0.005360840126552913,-0.00545205525666137,-0.006344609475017249,-0.0034966667989719813,-0.0038178032022233577,-0.0032630697108547713,-0.004396811930494571,-0.006636618939208194,-0.008785475897012507
2023-09-27,-0.02428560469330876,0.0038264098557838633,0.0017446923943191806,0.003126728743482854,0.0054853715418079485,0.004427878270157226,0.0033364581938120086,0.002509231530768652,-3.748243004320084e-05,-0.0010931414453837496
2023-09-28,0.020680498942944103,0.011201810354643182,0.012448831153539341,0.009371459234011725,0.008104400142746826,0.009170767211913455,0.010394998815196788,0.010008477221445933,0.008209576932879825,0.012825122572370784
2023-10-09,0.005466049337871759,-0.004894662632488611,-0.0035240464248890158,-0.008131549075461098,-0.0028146802641837443,-0.0063714638721652506,-0.004269816419878669,-0.002526371675411032,-0.003337696590941408,-0.0010031858645170866
2023-10-10,0.0020260834689098672,-9.437726343131114e-05,-0.002236290193965207,-0.0011466159642007367,-0.004608275638055437,-0.006903054620792215,-0.00439517014079116,-0.0038066408521961748,-0.007355781790039928,-0.009290676915437723
2023-10-11,-0.0013501328935561219,-0.0001591190024469169,0.002009723204921876,-0.0008990618882996904,0.0007171442982922827,-7.56391475984497e-05,-0.002006134039484575,-0.0016018127072678912,-0.0014235252025929235,-0.006738053304407798
2023-10-12,0.009349574964829355,0.003203943368221829,0.005841519347065338,0.007034807788900421,0.007022889503607521,0.008410576682357007,0.00824346629658157,0.010322606628974329,0.008893497220626934,0.011189594127221536
2023-10-13,-0.0027946257188631307,-0.007169706080422,-0.005343078637677912,-0.004555122704355319,-0.004170759325024864,-0.0067606245488109895,-0.005199279720432104,-0.006124335628975963,-0.006743313870720247,-0.00451864177147332
2023-10-16,0.031463026267756655,-0.005152389501746013,-0.0013273372291863206,-0.005062514466266932,-0.0017583937674919836,-0.0034984875798350634,-0.0021883799664179637,0.0005903278357859421,-0.0001737448849884471,0.00419449255020754
2023-10-17,-0.006155225852994772,0.00015261649755582418,-0.006589409714897965,-0.000940271268818349,-0.004197355385595958,-0.0021855097743416207,-0.0014969742034623978,-0.001176410137201933,-0.0008571336268854424,-0.0012670355037275316
2023-10-18,-0.009436026053538216,-0.023268230028853032,-0.018308193370459303,-0.016497659860682967,-0.01610344190838575,-0.016311364349999136,-0.016385391445716713,-0.015809149216466034,-0.01469230852605763,-0.013200518406501716
2023-10-19,-0.024501302607957243,-0.003884057247473538,-0.009403487382189768,-0.009590037024536202,-0.013511043194368577,-0.009357341109953565,-0.009244485002878666,-0.012807757094519867,-0.014350516246399048,-0.013830194575109034
2023-10-20,-0.010784323608749369,-0.003741135583704369,-0.004914604029686354,-0.006341476810669655,-0.006384350724305765,-0.007076235889813209,-0.008447999023369346,-0.0039056397165819767,-0.005742620515864494,-0.005309713410487693
2023-10-23,-0.029945975851513817,-0.02724333349288799,-0.02382690667499232,-0.022555285781361123,-0.02308227520510031,-0.024076443279727355,-0.022637576572514972,-0.021027215510131314,-0.024430448678004257,-0.023311599153988616
2023-10-24,0.02522120324938948,0.03901846861921854,0.028933108471430824,0.02719913619961578,0.02472716455974311,0.024426398833625518,0.023383681283897007,0.023064323997800118,0.021681335476054553,0.020826911925747815
2023-10-25,0.032456034781624954,0.03258616305995421,0.020841463086756384,0.0169898114202387,0.01918578779341029,0.01849981339986373,0.01492020005965844,0.014536998421309955,0.010100846581609035,0.014509021958313273
2023-10-26,0.018012358309913434,-0.007190354129258725,0.0040544266955167,0.003837017216405725,0.004532571473597313,0.0017561740086513566,0.003907183496836719,0.004598051377618262,0.0028848770023892634,-0.0003231415252673564
2023-10-27,0.0017825181354174102,-0.00013237239969654535,0.01289904408550746,0.011610366655505633,0.013024440981867391,0.01216666466334293,0.015318823787246805,0.01304072282275448,0.01325388896966273,0.012779165790450797
2023-10-30,0.030848628444241966,0.013215919685218847,0.01643913394588714,0.012222475758866702,0.011180242517094152,0.006221786479838842,0.008302342540416952,0.006606811986907157,0.006314091948820488,0.0010211790335139526
2023-10-31,-0.013506785411736444,-0.001360376866475721,-0.00439936844365818,-0.004036732710691715,-0.0032487256408283427,-0.004905334723493193,-0.003482412583064698,-0.0032143121697036925,-0.0016894648238149346,-0.0023167713747406227
2023-11-01,0.035399516453239466,0.0067391180076044055,0.004634764829224869,0.00033825733887815623,0.0020836085977000707,0.004046365466835011,0.002714701985721435,-0.00039537732692940253,0.004651461482083619,0.004628814833073758
2023-11-02,-0.015386822207129724,-0.009347860740493319,-0.012304957905480807,-0.008168639666251365,-0.008678547369950995,-0.006994416556965644,-0.008122680666165727,-0.009856506732804027,-0.0009061330773593168,-0.004023952957742161
2023-11-03,0.012442210161736966,0.009508361509336538,0.011507469922635405,0.009688977814625188,0.009146192999701874,0.007864237761221471,0.0077739523204485295,0.007555643364269171,0.0010354007166248902,0.007769219755068502
2023-11-06,0.015377521880965972,0.017152434947075523,0.020924402312852086,0.018434567703318194,0.016110170803310675,0.016926514867878106,0.014456629740033478,0.014673009884845989,0.010311243230240796,0.006159601221987554
2023-11-07,0.004594375179944432,0.009342503915819478,0.004805836948343023,0.004852138269049844,0.002290688707391464,0.006436755303971697,0.005183151071378456,0.003397892441615147,0.0033937408329318686,0.006657327380978684
2023-11-08,0.0004078056904013305,-0.004500643633127188,0.0038999000484769564,0.001078934632083417,0.0014034297593725764,0.0010346388819986174,0.0008669525310971427,-0.0008079301779818637,-0.002509296031931174,-0.002683338317520878
2023-11-09,-0.015470602815189083,-0.0007264423626168748,-0.010847306358902409,-0.005644360866459364,-0.006306108233317342,-0.004831578976127626,-0.007536010372742319,-0.004223345373218446,-0.0038686370714784424,-0.00093238424027553
2023-11-10,-0.0014652696683413735,0.002419981758058576,-0.003932192218865982,-0.000141253077264758,0.0007776051315284693,-0.003509404622559109,8.382528950501289e-05,-0.0015104695721546157,0.0008791435598540787,0.006191012537043905
2023-11-13,0.010985868019661504,0.019068022695927,0.016996217058661056,0.009970417747891869,0.009560550478488139,0.009411800261758696,0.009922410619006783,0.005144697546672683,0.006912362574656106,0.008519587171210263
2023-11-14,0.010409630047544027,0.012961810235232019,0.00318423112372912,0.004978469366315963,0.002535771991861724,0.0029944917134518967,0.003140980826348727,0.0031934140254201715,0.0027968307390937586,-0.001813040470271865
2023-11-15,0.007570085374680291,0.0006491995833857178,0.005798523149131096,0.005594148247676012,0.00774140244267385,0.0059356670573129655,0.006329162606237615,0.0065518406964510945,0.006443829282863689,0.005652799430530431
2023-11-16,-0.014285535389166548,-0.006725278257225686,-0.008114468364139649,-0.0033919929856471853,-0.0055786971890163795,-0.0051503519187324764,-0.005314602426154558,-0.004844839225894515,-0.0030646605763114954,-0.004671655214773418
2023-11-17,0.008933336383756707,-0.002014443514077535,0.00411622178617832,0.006010930508846268,0.00772972105734393,0.00718671377265645,0.00506395450516961,0.008883463061261088,0.0071125022640192714,0.007734247438531794
2023-11-20,0.01276332174988326,0.016532298764948106,0.009557233691073419,0.010752983516361558,0.00785135858398811,0.00937413842504653,0.009230381002712784,0.008582071042820827,0.006498894090012808,0.005262426470073578
2023-11-21,-0.011786987084456357,-0.007075739377346513,-0.005305044075503251,-0.004312931273656395,-0.0031317136707139648,-0.0031505069013523235,-0.0014490708624237403,0.0004561772355728966,0.0008369884694470198,0.0015745822406667553
2023-11-22,-0.021912955240279808,-0.005402220297848648,-0.009849623493688342,-0.009939618428143948,-0.008333048933370613,-0.008595783703616466,-0.0071653567444686095,-0.0063169105742238996,-0.007606138153249731,-0.00827637155862826
2023-11-23,0.014673858369309345,0.013720772292491024,0.014760826390132653,0.010529374570565242,0.012708556015832428,0.010446579674463274,0.0092821996856991,0.01073708847420285,0.009683395218646362,0.009852270095772608
2023-11-24,-0.027108749546700173,-0.011121004304861515,-0.011059428001300553,-0.010588664609733067,-0.0078633146393704,-0.009095706258922198,-0.009672448261620614,-0.00991448832650077,-0.008013265168870687,-0.007202536169832796
2023-11-27,0.007675860010637914,-0.0013605016667423975,-0.00012953847942109853,-0.0017781032976844635,-0.0016548555751689786,-0.0027558144872503743,-0.0016013758205989381,1.848782303093266e-05,-0.0029531293365130384,0.003180191108811403
2023-11-28,0.03106503671086225,0.014041699888871717,0.010142159876064927,0.0073372297626530525,0.009975006737830139,0.008012326695076233,0.006359297077111137,0.007723017953745748,0.005427661330829059,0.006342389635276557
2023-11-29,-0.004308606600304299,-0.009040130960753512,-0.007404963287107047,-0.00587664258978815,-0.005797743284839618,-0.007735895372720236,-0.00665554856157391,-0.004601326777230574,-0.0032415868559525496,-0.0037504077801872038
2023-11-30,0.0019825474233021723,-0.004517664245230035,-0.007883400781467986,-0.005204118447818096,-0.004776428808602962,-0.004674580056219568,-0.0030808136498245986,-0.004784409112915666,-0.003321199162654609,-0.004221335021685202
2023-12-01,0.00754594377922313,0.006982806864809898,0.005153026228631674,0.004662853061816463,0.004009650692910149,0.004493966274055072,0.004865355509540592,0.004939901885458564,0.007128559338390961,0.0047598653110407785
2023-12-04,-0.0028378832764048845,0.001159556605967893,0.005101270213713649,0.0027371004734384474,0.00018891879117921562,0.002011797865670184,0.0012238822122798698,0.004234554547995817,-0.0015474634008559862,-0.00025948494525129817
2023-12-05,-0.02836021745875028,-0.02412293523255693,-0.017056538622504003,-0.016546606943584896,-0.01329598489691819,-0.015851558589549897,-0.015430904442371274,-0.013046578398463682,-0.017900334165424026,-0.01613287122331286
2023-12-06,0.017385505331647844,0.002831713808924885,0.00723499077215406,0.006490010655052059,0.003832123831124745,0.004213839809645403,0.004018676160988388,0.00452630145175803,0.005621889934369406,0.002899791384138206
2023-12-07,0.0010525670718324331,-0.0007751824951819364,-0.0052346287228249855,-0.003464718256531829,-0.007137075816379568,-0.0053027383736236056,-0.003427574461978611,-0.005321992520246122,-0.002617142804134054,-0.000914015108181232
2023-12-08,-0.02126646431155177,-0.01714177370979586,-0.015978780185624264,-0.015324620841342007,-0.011557623167169795,-0.015354259147840832,-0.014097604879372727,-0.01086548608982918,-0.01020439702428455,-0.010927500138432245
2023-12-11,0.016230449249636347,0.011955932401717773,0.007225413382039969,0.009559168004551921,0.011101425011190491,0.009065934837273248,0.012680019846497803,0.01285390689594812,0.008652142050747491,0.016469254397163846
2023-12-12,-0.0014474852432542207,0.012514734937210115,0.0063408974998688805,0.0070136403181721985,0.006951961913024274,0.006126537865363879,0.006370566094743069,0.003938582182862138,0.0071620962773875085,0.006358144324148052
2023-12-13,-0.009538928271229485,-0.006736142341461471,-0.0027474757420050677,-0.002111646317356608,-0.001833854960258452,-0.003139161106145427,-0.0032898476304443758,-0.0031278377091132903,-0.006041039246065805,-0.007917478601397132
2023-12-14,-0.019228780897209363,0.005512936192703988,-0.0004011671903614289,-0.0014670533465321878,-0.001469203675615871,-0.0014466181109976661,-0.0010470432322103873,-0.00140435267513217,-0.001048248959129805,0.003925086122865684
2023-12-15,-0.013871225452476543,-0.0020888287195056643,-0.0033921232126107315,-0.0009571341467696781,-0.005311694719593474,-0.0045707564719640326,-0.003136490843829054,-0.0034123497247124934,-0.004947111383822422,-0.005724667031332786
2023-12-18,-0.014350459487793454,-0.010325278433684915,-0.015016699084433816,-0.011864901600624256,-0.011302885930869921,-0.009996751034861306,-0.011955553059232904,-0.008529520157553816,-0.008320189619344998,-0.00726612503955304
2023-12-19,0.0037643230005439676,0.008951643677966636,0.001499848596005826,0.0016264235180869502,-0.000775097239535838,-0.0024821584211797143,0.0003111523568701813,-0.0045248697078908995,-0.0037405208393128664,-0.002491764141589803
2023-12-20,-0.0052641226394518625,0.0006266647892203547,-0.008139466958162478,-0.00874398757041095,-0.008766003299181424,-0.008759120732638404,-0.007904919811687505,-0.005686286632436532,-0.006522292139463537,-0.005466674170170549
2023-12-21,0.0048441675711201615,0.000416758018630059,0.005144068191091478,0.007767400558662985,0.005405533386577677,0.00702043605628444,0.005848931257245837,0.005907908576828769,0.007191723129777117,0.002161004031425051
2023-12-22,-0.03227996964398416,-0.01404654459587995,-0.01310188112955446,-0.014627122403407133,-0.012058657577320164,-0.0126939520290964,-0.012566597845821148,-0.011516854931567067,-0.00879892756813816,-0.008517721394020072
2023-12-25,0.009264080488465831,-0.009244879331779421,-0.007121869450814167,-0.0051568000067258035,-0.0035438715476784344,-0.0028172885035017137,-0.0019246958423964067,-0.0031763600562436656,-0.001394601173666743,0.00617171091097779
2023-12-26,-0.027845384073014956,-0.006448108362901217,-0.013870051521796767,-0.011808204815183854,-0.011330931791639576,-0.008488380520015104,-0.012498183964412934,-0.007914047536084157,-0.008446462030309299,-0.007347665114403545
2023-12-27,0.012494572700960882,-0.0008587278282752298,0.009424404845650658,0.004787432136324377,0.0066905070210809825,0.005277013306683065,0.008523453279204452,0.00555014668942766,0.008979044096280031,0.004807861339782837
2023-12-28,0.016233125166904117,0.011394089052454648,0.018477996609429947,0.018637486359769362,0.014624188830330453,0.01467692631142481,0.012102775535087762,0.012203498531260237,0.010312787111290689,0.0024452758381443562
2023-12-29,0.01978906619795784,0.016294108641156768,0.014491947932884441,0.014966731837463998,0.014134512842559621,0.011850404026138905,0.013846119889645792,0.012735855579375954,0.012568834443635879,0.011592736328855713
2024-01-02,0.014626950007674333,0.009207862224093644,0.005769817139242184,0.005991790063123892,0.006286446577742577,0.006597642704961437,0.006840595530047677,0.010159141211083744,0.011717788660011053,0.01297505738704774
2024-01-03,-0.011923484526132122,0.0003299487289969427,-0.007468101371474689,-0.003523237730104656,-0.0028659116884010016,-0.0019832976521105827,-0.001592627098423005,-0.0021213859899164023,0.002449839617654437,0.005337521342351659
2024-01-04,-0.005265023228162025,0.003897119448527331,-0.000976876738357113,-0.004232448505705144,-0.002063318892610355,5.0094656643073776e-05,-0.0027319175900590853,0.00021280266428713723,-0.0014002768545680055,0.002210037026934897
2024-01-05,-0.020114883731014555,-0.02146438302161624,-0.016134829620059743,-0.018324522503543994,-0.015970592563484987,-0.01579169147815418,-0.014242016876685804,-0.014992904207553615,-0.013137737460568344,-0.012837776379004184
2024-01-08,-0.025932612885091744,-0.02036528202495791,-0.018675987110413073,-0.014974989292519836,-0.018297428848038755,-0.017439449418363506,-0.018452871040545826,-0.016917007406285434,-0.014295523299457602,-0.013982062185923128
2024-01-09,0.0069730883270560096,0.007195483119458057,0.007348098804045966,0.007597760554509891,0.008111382082603757,0.006205035754643928,0.008179203088636733,0.006760449200472252,0.006100711995018493,0.008460661431975769
2024-01-10,-0.010807197163106186,-0.015589988949886835,-0.00738363442051293,-0.01141141582364702,-0.007999592393129085,-0.009115716502239746,-0.008078877928002326,-0.009138901522713017,-0.006149048941132884,-0.011207719233878866
2024-01-11,0.013926511161402866,0.017108991507857496,0.016950930219207683,0.015030718686074973,0.011375349583379712,0.014073908003846336,0.012858687467473873,0.012791120651972188,0.008406423422926412,0.005370113819937128
2024-01-12,-0.007790790869961595,-0.0032977066914487985,-0.001915566501802246,-0.008313784208385244,-0.0055195676387135295,-0.005178981216790057,-0.006498730393121099,-0.0030595749537570827,-0.0022934638839295918,-0.0018304768174443042
2024-01-15,-0.00532148985607539,-0.0019377940241015468,-0.005621525530560834,0.00028732692188504494,0.0002004871046568102,-0.0006062970238008836,0.001565012767087648,0.003503369239976628,-0.0015787888877499823,0.0033239251928536273
2024-01-16,-0.010691695084567243,-0.00990609401621334,-0.0013463233102013472,-0.004897884973213085,-0.0043153457111019256,-0.003950154697135666,-0.0052235797815691765,-0.004906998081636749,-0.00396086611362112,-0.0014074684169437246
2024-01-17,-0.03404102767441208,-0.022492594316788184,-0.023654447291299063,-0.024317988284915826,-0.022808582628351615,-0.02295458446265297,-0.02086793917187446,-0.018763877269327378,-0.019076864817232142,-0.019018391109770105
2024-01-18,-0.01584506647386008,-0.007888271927664725,-0.011548484018488958,-0.01238963677763305,-0.011528219137058371,-0.011835151576900738,-0.011244989662358207,-0.011970929614215642,-0.010443919663996604,-0.011568703359133847
2024-01-19,-0.01875887277191446,-0.011436093009725923,-0.01128796639874019,-0.011203322124371917,-0.013092835682338988,-0.012704638175782712,-0.011252585419877503,-0.01220942850393103,-0.008728968463600495,-0.008251973459733053
2024-01-22,-0.07583518109490184,-0.0700091184361723,-0.0574324952782892,-0.06048398232161745,-0.05624925708841344,-0.05730479658063803,-0.05725270347232514,-0.05390891247858731,-0.051081922009235003,-0.049980011559319526
2024-01-23,-0.01307929901775684,-0.011315542064669226,-0.0007185021451900919,-0.0047687245514660415,-0.0016683365503020742,0.001174309915648264,0.0014552715503033387,0.0011904714186516951,0.005082238316228338,0.010265686163465793
2024-01-24,0.00942902111402355,0.020129666004741198,0.019967098869735134,0.01677047091252093,0.018164244578833255,0.01992508946322591,0.021216579468903873,0.02018436494461029,0.020805366550190607,0.023537506770744843
2024-01-25,0.05666999626363567,0.051856558751004034,0.03576282760768579,0.03859928799850976,0.03891305188829963,0.039223176988321784,0.03781810025322252,0.03885656832960582,0.03738152890258051,0.03969250689785975
2024-01-26,-0.006985803096539955,0.0002769660655725925,0.0006099685613276673,0.0015336537732075772,0.0012901338743855906,0.003964888355246776,0.0013644522011282412,0.004814490604652111,0.005416390822691186,0.006839899820636708
2024-01-29,-0.04823461855189326,-0.03961098945557173,-0.03288041867418379,-0.03426339948728829,-0.02987742768758017,-0.028128170822097176,-0.025774161389970796,-0.02580798073238577,-0.02070357481742935,-0.020781784799885905
2024-01-30,-0.03837056928727267,-0.031421297723508324,-0.03505034117814987,-0.03331238483277954,-0.029372421992937214,-0.030745358379399845,-0.030651984452242376,-0.02721284797843071,-0.026846204132922824,-0.0228600156951152
2024-01-31,-0.07315708922181086,-0.06107393884434198,-0.057855233645440096,-0.04938526873192317,-0.04610133682554385,-0.04378579773415725,-0.042184701482576026,-0.039467494000353986,-0.03301764971904264,-0.030656302153901804
2024-02-01,-0.029250472767657354,-0.02157463551963712,-0.021622852211956034,-0.01943964629453543,-0.01829269691448865,-0.018551265600993072,-0.017361697942954724,-0.01804136414217683,-0.018250229887915692,-0.015173728551290733
2024-02-02,-0.07053791388661079,-0.051346112997813,-0.04650163803850982,-0.04297834405114809,-0.04271837831937386,-0.03901821905608627,-0.038134478642415925,-0.03234748770273177,-0.03298897195573858,-0.032690315857986985
2024-02-05,-0.1530191782514163,-0.10883814584364526,-0.08761968885122784,-0.08720171556699241,-0.08138104642200117,-0.08191519762963162,-0.07421194313742474,-0.06683611407883017,-0.05975991182314144,-0.05002552600962662
2024-02-06,-0.01851556838114632,-0.013660519647153313,0.005684870973120981,0.011110317724963625,0.02404592726608512,0.02127129378538406,0.02341287599121955,0.029708921898266905,0.028888494216940064,0.025962535201635495
2024-02-07,-0.08698181040229114,-0.05472707554728318,-0.025011679210968585,-0.02000544264334292,-0.010535822992290278,-0.009270698203416194,-0.0037254403913956624,0.0020905190455184908,0.012559928918617125,0.010708729353408941
2024-02-08,0.12515864380927155,0.0727372641311339,0.07839513095540274,0.06745123783729157,0.06272489405202086,0.06211528943279454,0.05699930782771334,0.05017116874766603,0.04216961709151623,0.03489355654676052
2024-02-19,0.06777567209797031,0.0460163340811417,0.03383592283303272,0.03197394436344991,0.028008669840031475,0.028451054596752234,0.02752942281677817,0.027476018228379973,0.024492286506940353,0.02536240319452543
2024-02-20,0.024600709974036628,0.014888144475888154,0.010961399628889534,0.012145256653530723,0.012059806564290287,0.008772349837873561,0.009233759972921751,0.008294650505387802,0.005163668578745506,0.011524475791019562
2024-02-21,0.046335307303493556,0.02682815799897509,0.026184815039002052,0.015995214107443534,0.013796327711367962,0.014436646342846249,0.010921776754808654,0.008541553358176968,0.010818159455777687,0.00711437339686416
2024-02-22,0.03136283627096326,0.032558772024544824,0.02213222269464077,0.023108578997287132,0.019654414795483577,0.01876611008334783,0.019864046178717842,0.01620853319067672,0.017106237525648105,0.027845311809401974
2024-02-23,0.04291994763282858,0.03311582007934555,0.02933283054305824,0.027513681447258298,0.024564605560508435,0.02158648725599921,0.021708087726624026,0.01855325708533595,0.01237344971734955,0.008167161710379789
2024-02-26,0.031106326012444452,0.01747225109350481,0.022504769217429832,0.016602078658873864,0.013586014818402381,0.011588236983451905,0.012371395586534328,0.005102413831320485,0.0013906893169690626,0.0005880336797841057
2024-02-27,0.0373561367412345,0.03046975852375189,0.024093048257749272,0.02649791928171097,0.02532316076609753,0.025188375704574995,0.023549791938454856,0.021255692893812572,0.020175019694083307,0.015271395432171708
2024-02-28,-0.12659314241149788,-0.0737179766737307,-0.07158272185849646,-0.06425610988472374,-0.05950971584283715,-0.05855433837752,-0.053070288836036816,-0.04807411329107136,-0.0406786030027676,-0.03372540915454991
2024-02-29,0.0809235412054925,0.0393350025121213,0.034757165595472594,0.034792550466963945,0.033994782297109394,0.03520698448179593,0.03399234947284624,0.032404651328801215,0.028330239809089885,0.027461030962326216
2024-03-01,0.007305548297427578,0.008338580913459737,0.005947078836243236,0.00956557789490775,0.008597138502919544,0.008413701020170139,0.010567894400955735,0.006592778213361905,0.004002078647370233,0.010977461054215265
2024-03-04,-0.01882305699559028,-0.0014502623882374222,0.000724025331994893,-0.001298086769560225,0.0002896705024426627,7.141012329858754e-05,0.004871355766600027,0.004880406733788201,0.0066615504837224115,0.007463829951325884
2024-03-05,-0.036403809070139515,-0.020032264157851642,-0.019117956849755258,-0.01474962548121217,-0.015476490994117964,-0.012760969178297166,-0.013702019495742346,-0.009887342528455911,-0.009142184172277523,-0.009628705267192728
2024-03-06,0.014870487096289908,0.014476202356574541,0.01198534193985501,0.010762396380266326,0.009956776082147956,0.008373447547330048,0.01196065857029116,0.00914147024302725,0.005276475693304361,0.004046497972225005
2024-03-07,-0.01226206037818034,-0.0038760555781338635,-0.002203140910873591,-0.0002375840734593071,-0.004700085590737202,-0.006646015893403745,-0.0037307728931466055,-0.0019680832619063393,-2.0472368800206198e-08,-0.001936659878394531
2024-03-08,0.014795062449165286,0.004193093993969166,0.011369592661129913,0.012297559317494988,0.008670886742386141,0.010208788616593578,0.01028758848402056,0.008622201160444876,0.011201364447142037,0.007159508001267412
2024-03-11,0.023784924482660674,0.023794244260564312,0.01756992655805867,0.018692528273543285,0.017452642189467404,0.016789630957237955,0.012780612444463157,0.012491396683053324,0.009309652339897223,0.003654538680021968
2024-03-12,0.05289704988136146,0.010992055640576481,0.017296681961016747,0.01399263923730043,0.00990736724117558,0.011708744326135445,0.005478827578026202,0.001950950743862645,-0.0024765985581024497,-0.00041998159694156545
2024-03-13,0.0021220278444371576,-0.00265545762861652,-0.002571506729832862,0.00025321827328461666,0.002211368605679054,6.232809829032071e-05,0.0005898604980125732,0.0026413787955603674,0.001576593974524254,0.00035447540725797033
2024-03-14,-0.01588172308628466,-0.007037821502877906,-0.006480695688095728,-0.0042512321836234435,-0.003194802889054049,-0.0011085037669036346,-0.0019428793957793067,-0.00026678725339845943,-0.00018606586295200067,0.0017615126010206428
2024-03-15,0.018387636320007505,0.015460934970007223,0.01621790502987741,0.017298043907051808,0.01635588717155434,0.014931824217511158,0.01279036133958078,0.014410407498621769,0.014082692719555867,0.011325866335401003
2024-03-18,0.026901096796533963,0.028939653792744657,0.020169157477979205,0.02270190922672244,0.020385656639033245,0.017885683095030025,0.017181014441197906,0.014315757891529168,0.00867685134783902,0.01897821613925066
2024-03-19,0.003593773565256697,0.00406209151521808,-0.001675122211902691,-0.003653547123941503,-0.004692539244678384,-0.0047556839993615485,-0.005372758744186412,-0.003958067098314588,-0.0041139433662965574,0.00847379171444218
2024-03-20,0.015731488249824066,0.013496566323273562,0.0142392621373153,0.01119899989639217,0.01132705517191579,0.010952088051563003,0.009268392147235627,0.008148710861036523,0.00713840675278532,0.011480799356051952
2024-03-21,0.006735478240820436,0.0023303634979652266,0.002469120643483924,0.0005493819260171673,0.002907244828580957,0.0006791318210825903,0.002355610639864336,0.0032192179587406944,0.0021253305342376905,-0.0022667092982306958
2024-03-22,-0.026102165307859138,-0.008999042700024273,-0.011625929289488801,-0.014128647166773534,-0.013670229273663348,-0.01392737035542424,-0.01274673176339125,-0.00963852972970991,-0.011148321773360226,-0.014788307814904367
2024-03-25,-0.03396905294878927,-0.024132851810188538,-0.02534159860916141,-0.01854876130225569,-0.0206166036807387,-0.019736578163944918,-0.020077184308170848,-0.014381013379286434,-0.010628145570780623,-0.015994805380758148
2024-03-26,0.002134369373022693,-0.0018567283071099228,0.0024372373260228564,0.0021777631337476233,0.0025564151353036912,0.0041795141159965965,0.0016014441874019347,0.0006862690510713865,0.004306062153886403,0.00306190202267298
2024-03-27,-0.023840613475064498,-0.033534518991006124,-0.03554292891098465,-0.029062793712222312,-0.027988546128959735,-0.028259621541704916,-0.02337578236606974,-0.02468754413870089,-0.02232669251255348,-0.022750306465946224
2024-03-28,0.01378701826564166,0.029350800418874723,0.02945409299675994,0.025190223799217426,0.019960203592660486,0.02070801912870479,0.020983120756685736,0.020506461516891727,0.016617369523865166,0.022609178396997942
2024-03-29,0.015614265735699906,0.016929218679135216,0.015082542328540116,0.013653015360306497,0.014066667204857719,0.014472453470855129,0.01612173690609997,0.0175448508312408,0.015657728055190168,0.02348265449580289
2024-04-01,0.03558904136665819,0.035134619585314386,0.018312760899143576,0.023215854273078262,0.024335737494420195,0.023121541002451895,0.01921969967298054,0.017312208541677032,0.017968779938321244,0.006974438008119588
2024-04-02,-0.015964995138717852,-0.0022948207218128625,-0.0002543886547158314,0.002805729702226145,0.003504455471100121,0.0018456596603615427,0.003281544467048203,0.0051413825792576695,0.0013737550198944515,0.0010843096220198856
2024-04-03,-0.02425905954151386,-0.010935964849106194,-0.0075199412296961254,-0.007114446570664845,-0.0050201753501269986,-0.004747676942637558,-0.0016669035681503575,0.0004337471444577634,0.003694174696939223,0.005922472942260226
2024-04-08,-0.03524795523496638,-0.029732873427391615,-0.023302703544272663,-0.028366912261955535,-0.022921826067399453,-0.020559774757138438,-0.018802097256245154,-0.012404152224304354,-0.007822859003694949,-0.015827167849946755
2024-04-09,0.0026135055247715755,0.013782866666867122,0.011671081406268158,0.013399968726490963,0.011446787243444057,0.012089277379016439,0.010080988131519142,0.006981462870970567,0.004321654072122927,0.0038802494243352914
2024-04-10,-0.03721127875612773,-0.02441507717236102,-0.022375575428377426,-0.01781715624063962,-0.016060872817668326,-0.01866869872066057,-0.01676633795912963,-0.013333155225489057,-0.009896293103259013,-0.005727476202357029
2024-04-11,-0.01019627725970107,0.009843527211319092,0.003383221313289164,0.002126864902507686,0.0041560104211746385,0.006252108964694969,0.005383545523147015,0.006569621877510645,0.006981190720118269,0.004341771500758318
2024-04-12,-0.012409545865804006,-0.018551886763015113,-0.006110634497765388,-0.006403260682772749,-0.007888823020186342,-0.005320367158262229,-0.0037007267817465994,-0.003024992843151608,-0.0032225391592624053,-0.00046577445358642056
2024-04-15,-0.1021172422845702,-0.0580665483230105,-0.045907398790619114,-0.039419337711148916,-0.0330812791733186,-0.03032505924040052,-0.026090273166502587,-0.0179910644009994,-0.008602150926090846,-0.008451760888298243
2024-04-16,-0.11638386880597251,-0.08662692272903527,-0.07491711884442709,-0.06512704417346882,-0.06117813685311935,-0.0592532759632286,-0.05495261406157648,-0.04845243258900844,-0.039123424303175613,-0.03759004032472113
2024-04-17,0.1219425368011513,0.07038521953832011,0.06530976557795287,0.06110268173358224,0.05864385593204369,0.05828800632180564,0.054079364728050416,0.052304353128831194,0.04099643301535649,0.04388709688428527
2024-04-18,-0.02205791137061941,-0.002608386314525535,-0.0007142347500643798,-0.0032120904533914363,0.0011533552316509432,0.0009209983443765335,-0.002599974135083838,0.0008739796334047423,-0.0037462750993374483,0.0050021689533323865
2024-04-19,-0.023316262789191522,0.003953893270795428,-0.005040543828859989,-0.002742247027758382,-0.0020753895364211683,-0.000509602448423796,0.0013596322073314848,0.0033973793812063224,-0.0019186771416295212,0.008135762425082405
2024-04-22,-0.0008095246395951605,-0.012443441903068009,-0.011070481879866034,-0.0167596085505044,-0.010883923706818455,-0.009720463399737866,-0.014906907331881936,-0.013767894796841706,-0.01372117410772189,-0.028551789433211905
2024-04-23,0.04149174902942887,0.015722564034950315,0.014657421039696583,0.007127571253346732,0.0033490808579139664,-0.000803086828396693,-0.002706567075762556,-0.005283157400147398,-0.01232812922434634,-0.015745927913530133
2024-04-24,0.027923371779850825,0.026740784866681633,0.022780097656861065,0.021847219570947374,0.014855080711002389,0.01901597755323481,0.017401716664115163,0.016756849824535625,0.011807253257851702,0.015534062948054927
2024-04-25,-0.0018115724091416485,0.004826745882597239,0.006217264591581673,0.006637398190395549,0.005317298645078905,0.005472913426188164,0.00379828526836401,0.004286814770711134,0.0043006968583676475,0.014320414413994342
2024-04-26,0.01630651170040176,0.012308911987868987,0.009875949481358282,0.014555013012350182,0.00932742595172864,0.010297211025522612,0.010762139996847608,0.009579998807469625,0.009862330514097684,0.0024418934983603258
2024-04-29,0.06748914297101005,0.030569577994285835,0.03296037837877752,0.0335253225886778,0.024947347452076496,0.025890463653692963,0.02133579874890601,0.017143891955267776,0.012693355676574258,0.019602823962106886
2024-04-30,0.0034502070812585384,-0.005821312357954023,-0.002070302562010795,-0.006204734454968386,-0.007621396090011445,-0.003659403506810266,-0.0028605661307536945,-0.0023806463870716943,0.0006683416762889305,-0.005011848740679281
2024-05-06,0.007543348499380542,0.027993156810398157,0.024591919750273084,0.02523464585117785,0.024492886688332938,0.02498526331279316,0.025147474072427345,0.02417051328976383,0.02435570177203039,0.021104238098679673
2024-05-07,0.006771554694031678,0.006572549177120912,0.005240327074006901,0.010216980082453864,0.008119203302912936,0.005260376071249073,0.0027055988494912864,0.0035284725050566124,0.0037648003627541726,0.00021016456452671584
2024-05-08,-0.03216868363741687,-0.0129932841423621,-0.01599831232670148,-0.01901809218787059,-0.015240217224828725,-0.015187263287539575,-0.016304069252064197,-0.015497767826814588,-0.01459175303619551,-0.01769289526267481
2024-05-09,0.03323240485147694,0.019795272485727322,0.014287259904433913,0.017680931241897513,0.014357502659426036,0.01593195101776379,0.015163708147664323,0.014348839651268097,0.013107290769059476,0.012238516051933157
2024-05-10,-0.015321486674940155,-0.01577637797150755,-0.01314995653333817,-0.010803227151550798,-0.00974154775997682,-0.005925640152775635,-0.002037720389537756,-0.0022188897491922654,-0.003300090557242785,-0.005045607992432588
2024-05-13,-0.03442144255045365,-0.025020826025015763,-0.024002274571904625,-0.018571247720163275,-0.01610615361077039,-0.013961994950653422,-0.012092021947743059,-0.00904538189226367,-0.008624919674613984,-0.005324102402077702
2024-05-14,0.0037881231922209935,0.006268004058427756,0.006485797583845265,0.003916226726747851,0.00453069379993809,0.005940298895451113,0.0061299312759452995,0.008221883320733259,0.00987006676523361,0.008265098191150955
2024-05-15,-0.00535123974596452,-0.00668208848701779,-0.00814983337995745,-0.005202115388529105,-0.00695253725900391,-0.0052566596825827094,-0.007646070730808918,-0.010187878658522664,-0.006094063327191868,-0.007360710548885763
2024-05-16,0.008999984978300457,0.009665092326550884,0.009371204457671478,0.009446080724964778,0.00514253834493239,0.005615297823003296,0.00479063840163807,0.001107562816417662,0.0031123621119759637,0.001463968994785514
2024-05-17,0.011250694637976011,0.017168970225175828,0.019487950059822623,0.016282902004780997,0.0166418330385667,0.015259134245643402,0.012601402530703965,0.011070703122696424,0.010725403796884914,0.007198189010071632
2024-05-20,0.005051574702807926,-0.005287456209776109,0.0018325672832548712,-5.8087644129178884e-05,0.0032800268032551205,0.0038490205721437576,0.002448482382389372,0.004585988144344633,0.0031669429953351536,-0.0007045901047686431
2024-05-21,-0.011462203392430315,-0.015487317518055987,-0.01104575653100437,-0.010300831020257584,-0.010037973224208185,-0.01051651231680939,-0.009839461093836488,-0.009632743727382431,-0.0076619473713123165,-0.00845848208225597
2024-05-22,0.003035209438134956,0.011639200721956122,0.00814240436921998,0.010006074493187578,0.005693472006270017,0.003814708585079929,0.003550813805596187,-0.00011344535326895944,2.387310650342478e-05,-0.00038823890271044714
2024-05-23,-0.022153392621686585,-0.024435878738072847,-0.022118610735714972,-0.021381012817227374,-0.02165040214190561,-0.022669018566631616,-0.022375489863255993,-0.024023552531735937,-0.025998854207986644,-0.02339073067711306
2024-05-24,-0.00985027890020107,-0.013637478797886349,-0.012778151734136323,-0.007836975298373017,-0.007860073313971538,-0.007569557451368225,-0.004495948191469035,-0.0064782750259191335,-0.004832380088564681,-0.0014138443810284285
2024-05-27,-0.004007358421760476,0.009182120742992517,0.0015467297167042204,0.0004642839570625501,0.003504663617666326,0.004278569929299314,0.007763594487461001,0.008692251458274347,0.008187716814497037,0.00905953603278542
2024-05-28,-0.013325630540540034,-0.007837393709025586,-0.009967190640702395,-0.011703343470931271,-0.013331454490144723,-0.01315172459593561,-0.010447288112511055,-0.010800036199509644,-0.010514315922440676,-0.01010099877707582
2024-05-29,0.014117444126894307,0.00815223676748933,0.006723759425257825,0.0018955006267609154,0.003532400811080416,0.002375543130290092,0.0006329906439590527,0.0015461174323978533,0.002514490306060546,0.00119077673580259
2024-05-30,-0.00809753757744236,0.00019334402158754926,-0.006705816529813058,-0.007879103241091534,-0.0061693409937160215,-0.00944695845464616,-0.010002943103759043,-0.010944744418947328,-0.010545370799685538,-0.008775387422308323
2024-05-31,0.017653770354471243,0.005410779034355384,0.004969982597150535,0.0048055300909966014,0.003587241658293161,0.004162880233017585,0.002411687895426118,0.0028608106898766472,0.0052822738138480485,0.00010310779237099332
2024-06-03,-0.03629341262081043,-0.026706306244605682,-0.020850229940647225,-0.02345930884134506,-0.022979750190316173,-0.022988424554754694,-0.019173955841009227,-0.019615380520591863,-0.02030882532345568,-0.021060961855451255
2024-06-04,-0.030198134543606314,-0.017146484417114416,-0.01707039416073064,-0.008498784861614705,-0.00873749939717916,-0.005593431302256091,0.00022447337033959514,6.685661175342972e-06,-0.0017079474404676498,0.0013362363856757042
2024-06-05,-0.016352864595239436,-0.014310877471112371,-0.021808699055855474,-0.01889697898799436,-0.0198807305144304,-0.02146134423594992,-0.023600110945339425,-0.0219382449089206,-0.024158650258624292,-0.020827828042412566
2024-06-06,-0.05474470096287887,-0.04835054190770893,-0.042958544337745264,-0.04243565063868815,-0.03909432043995886,-0.03529884553239249,-0.031122233476667538,-0.030230819877322124,-0.02957911303643246,-0.030568331268414517
2024-06-07,0.027623700053490463,0.016410580988947432,0.025326278695131155,0.019741545127861526,0.023577280367573783,0.020903326494415175,0.017460390260946035,0.02178462625529587,0.02259993454607856,0.02739833150886173
2024-06-11,0.003101418135551093,0.0018687626143740754,0.008531504127823997,0.006262817811110155,2.2554562645993315e-05,-0.0014044450536840891,-0.002461317282528852,-0.0034574428461477957,-0.004327318570044536,-0.008754042640294446
2024-06-12,0.01791192561802779,0.010176526112007478,0.01566373715507563,0.014238102244404915,0.013474425418038782,0.012427609348668378,0.01248233565685819,0.010469698568037256,0.011421451265986704,0.011039634229486728
2024-06-13,0.001440429881159444,0.009157126568086538,-0.002366460398146919,-0.004557075048385095,-0.005506046787972951,-0.009680197257345258,-0.008775833546467271,-0.00888760385417553,-0.011972508309144536,-0.007876328616419181
2024-06-14,-0.009332245222452018,-0.0013265898554966071,-0.0032929357701204642,-0.0001793337098353609,-0.0006272739258175175,0.001441342288754477,0.0024456682580438205,0.0015670805746970107,0.004343638199909572,0.003482202747434382
2024-06-17,-0.015308687503039597,-0.008585275729932063,-0.002652474962582474,-0.003946674881264878,-0.0068887180361437705,-0.007416194878573923,-0.006806831499456489,-0.009333564152200768,-0.006487421580692709,-0.00864815494487825
2024-06-18,0.009623303921649562,0.014486940947954885,0.0133084751873771,0.011415170289052146,0.012479216156518813,0.010306729941478965,0.009234486676878984,0.011635311877939314,0.011540882702781419,0.012507049567848094
2024-06-19,-0.008253502495679466,-0.006023548441306259,-0.002586073140316003,-0.007540629760448336,-0.004933746134497485,-0.0062818232913282035,-0.006768640642058843,-0.006831453112885688,-0.005608608107454005,-0.0064785272305289965
2024-06-20,-0.016719605952584815,0.00026987578995130157,-0.010956324766826175,-0.021234882496228624,-0.01753518727540848,-0.021193109994712356,-0.0198563719301591,-0.01905423499654324,-0.022009347057622253,-0.0215311483396321
2024-06-21,-0.013455337674306067,-0.012797931785036853,-0.0019457447096450364,-0.00561342018944877,-0.005062633148893991,-0.00015080255235488949,-0.0006579493228453526,-0.0003740341387279411,0.004540162669580461,0.001424704496800544
2024-06-24,-0.05524781145803581,-0.04530359705384224,-0.04026743594249804,-0.03486728048889387,-0.035579951544863486,-0.036166776493718356,-0.03277265739350532,-0.03151141495452303,-0.035174373285202565,-0.02512991037174661
2024-06-25,0.007548678398217934,-0.012479909209723417,0.002908275746326572,-6.3361917238546894e-06,0.0017824879300132324,0.0031387309281587505,0.0031822145523232592,0.006882960708382013,0.004858954088319045,0.0039640401446860984
2024-06-26,0.0436219125405537,0.03188310802824712,0.0365944097724642,0.031208777606946958,0.026013456071317664,0.0269715538850821,0.02284639994963622,0.02133007768690165,0.021062069832095354,0.018803190879599363
2024-06-27,-0.021888768230373334,-0.0196085546965864,-0.011756671732577106,-0.019849521162119355,-0.016433188936725185,-0.01778594309922954,-0.017550288762736566,-0.017875385277269285,-0.021278923250225623,-0.016348191136563717
2024-06-28,-0.0029216899903167226,-0.001597351971076022,-0.0038458277022731524,0.004577151828636161,0.004684359370204172,0.005649011455821418,0.00717444780843568,0.008320460530636842,0.007772483033914979,0.009662144689403185
2024-07-01,-0.0015766154978589242,0.0020775252671170197,-0.0003066447268571526,0.009955563655950073,0.009278806413796747,0.012969975991029115,0.01402781835494693,0.014689358877119751,0.011361656056587677,0.01350564442669211
2024-07-02,0.010039268881738117,0.008578819060871101,0.00377059123656176,0.0025730576090909896,0.0011322874768369129,0.0012703539324219193,0.00018600156122028366,-0.0014654499981310298,0.001080341794823747,0.004145907279915706
2024-07-03,-0.006254599534065597,-0.007820713322799544,-0.009457535735622247,-0.008771538740229401,-0.007302415571222021,-0.010109760780159682,-0.007454771387186643,-0.007743192681430533,-0.005693669934057621,-0.002808761055203113
2024-07-04,-0.03975469804222109,-0.034033314940468795,-0.03554364690265832,-0.03049888914187804,-0.02859982377083259,-0.02570331394525527,-0.02654685163858217,-0.023803049845474655,-0.02418927310327057,-0.021692041159506292
2024-07-05,0.011385787035727013,0.01405250071428199,0.008020267595088892,0.008969945833193549,0.009132336229578986,0.0077135458734902684,0.009254189904333021,0.007378123513168022,0.010424966761748644,0.006689812662916683
2024-07-08,-0.03191986557333093,-0.025876750201322407,-0.027051379435059753,-0.029329653174362647,-0.02487238704694472,-0.02762473740711424,-0.024007635932266735,-0.024614608003822425,-0.020398255962791767,-0.022461140769011845
2024-07-09,0.00441410669786535,0.015425154757475745,0.0199699443886987,0.014702329681246074,0.018423545311414102,0.014741289860773499,0.01639040810530923,0.016780855729629618,0.016054017377044705,0.01858239140503737
2024-07-10,-0.010828794329936109,0.0002400607140977673,-0.007831146565179137,-0.007593723031305011,-0.009840010363935114,-0.009747061043231864,-0.011362116710107784,-0.012241421885500259,-0.008025914536948675,-0.013364671735458966
2024-07-11,0.04875566165030398,0.03426655644834109,0.031591901879944206,0.0353543303695365,0.0334211090294414,0.030353816693496904,0.02883559314941242,0.027330872355086022,0.029689559951691313,0.024643009171199992
2024-07-12,-0.006966896301158765,0.00617511405659954,-0.006809709032537192,-0.0007022762596821108,-0.004622249451370797,-0.003196920477425924,-0.0013767571056586547,-0.002582679106501673,-0.0029379537786710097,-0.0021308870461532736
2024-07-15,-0.020830935969776476,-0.0243280107367585,-0.01722957653386259,-0.016011737207161425,-0.016386743206311505,-0.01311348245717614,-0.012841415293172065,-0.014728238181652031,-0.011898048786473714,-0.010979000301061359
2024-07-16,-0.004358019803308633,0.00037493676299282797,0.005930736418556126,0.0006060080665235557,-0.001055959645106519,0.00043981351491950704,-0.0010604851940059223,-0.002318731396617868,-0.0021282117653873556,-0.0019044131398101571
2024-07-17,-0.012158357650487672,-0.005281429659250936,-0.01106666925918709,-0.013452452614647337,-0.011111506643726399,-0.010244649885645662,-0.011155670987738953,-0.010893177904101603,-0.010698836026125091,-0.010861523675034901
2024-07-18,-0.007119454556629101,-0.004611350701986372,-0.008721912619178429,-0.003552546028853132,-0.0014310183180371583,-0.002189377932164227,-0.0010675585185149217,0.0005845497321650406,0.0026668177525084324,0.004918297957548834
2024-07-19,0.006421016310336869,0.010227770408699932,0.0087364568739563,0.005182215563376724,0.003199261233485462,0.0018246505219192688,0.0007154871956052133,0.0008602995121931301,-0.0019536589416114802,0.002282044480772294
2024-07-22,0.010503092447287532,-0.002194541735092481,0.005076119622005271,0.0040928946967278,0.0035909388912700457,0.0021763517879616057,0.0022986368134607638,-0.000490224450364507,0.0004478865582473457,-0.0008262030489535332
2024-07-23,-0.020603770629826323,-0.020751767152426437,-0.01985976466480932,-0.017450173600750074,-0.016273473801327376,-0.017467124930805933,-0.016083852680661592,-0.0159074564071231,-0.013834586499664958,-0.011999318632530453
2024-07-24,-0.0223304898036234,-0.02386972003699539,-0.015954788045688728,-0.015439242722196655,-0.014757221273759669,-0.013670587758171426,-0.011614772204093793,-0.013865697326231108,-0.012850551973638602,-0.01378988256474456
2024-07-25,0.015242888988543202,0.009155812014699727,0.006755034223432155,0.007991375890860297,0.006987735795431771,0.007491639396539407,0.0065848412335123285,0.005737038152365814,0.009613413519706793,0.008638262781373696
2024-07-26,0.01379399234534917,0.012575372465782664,0.013581444529734199,0.014951618770508546,0.016189565472331635,0.016322180305784473,0.01617901572541003,0.018151049922995988,0.01659040208171092,0.013519121526782474
2024-07-29,0.0026984023799805357,0.005221366727266918,-0.000392174284265856,0.003746899914665036,0.0007098610023226204,0.0008349223335446521,0.002860073088965187,0.0031291112663223153,0.005591252703262439,0.007819794815721037
2024-07-30,0.010449619536870403,0.0024919513061361087,0.012934341432762064,0.005928239492649423,0.005559380245725665,0.00615383187476648,0.004548177732147218,0.0035178318573652057,0.007038174607868042,0.0013805926084056175
2024-07-31,0.03971365845237251,0.03399215879405304,0.0329895347613085,0.02951200311725688,0.030042128265862944,0.03009385542801235,0.026266320127084075,0.028727527257437213,0.027833211243097455,0.023532503120192505
2024-08-01,0.013155421740430828,1.6929867604931204e-05,0.004127256292945081,0.00017485473329603707,0.0023060309856535177,0.0011645333633341082,-0.001203208097780184,0.0007011322212286952,0.0026312021055099333,0.0026358716754106837
2024-08-02,-0.02344337723921297,-0.01678962150065355,-0.013747178780430747,-0.013518659030632207,-0.010626678106552156,-0.011755934450184857,-0.01060087627185946,-0.008977764171550495,-0.008774527230642315,-0.008225647336383535
2024-08-05,-0.013480261337269761,-0.026294205788440106,-0.03219803474030658,-0.027505976632394513,-0.023857269980597118,-0.021469144621020564,-0.022978391406650034,-0.021244374206333516,-0.016642297619692492,-0.014193354360237165
2024-08-06,0.01811347273025188,0.024368266095678326,0.018998789984785214,0.018614644690564175,0.020058830108039105,0.017493214440876814,0.016763938642033516,0.015148288994523806,0.010329639577630445,0.010453709632081809
2024-08-07,0.009572116242963613,0.0025382595371372663,0.0004797940381666699,8.225897122859926e-05,0.0018469862829229022,-0.00027905797170257873,0.0022571885222792964,0.001435823285227178,-0.000726307564415718,-0.004422425655849493
2024-08-08,-0.007180508154580045,-0.00390520332078792,0.0020649470297648964,-0.0013594307407348571,0.0009615876652402378,0.001002724566975477,-0.0017497894205185105,0.0011636319241179471,0.0013430632456832292,0.0003867077741992464
2024-08-09,-0.0029939752672185627,-0.010242522354637407,-0.003280279570937017,-0.004538016118100674,-0.008178662882660781,-0.0052301657355543485,-0.004694465270241754,-0.006416139700373691,-0.006278474031435999,-0.008994416901434987
2024-08-12,-0.006974288871046785,-0.00702269735063854,-0.01073757766213701,-0.006947629158962965,-0.005655683258692368,-0.0040702051012986296,-0.0027889701431228486,-0.006717763223371254,-0.005399689777111583,-0.005557680553668121
2024-08-13,0.018516569435176766,0.01153579133114957,0.010169275250357046,0.008800192832497222,0.007706985783449527,0.0074083699939393455,0.005810307213459653,0.005596443579524379,0.003245091951828538,0.004319275062493189
2024-08-14,-0.0012684014031433266,-0.004885615938304055,-0.008111530299409808,-0.0035287328489748138,-0.005202997825117017,-0.004386068749207106,-0.0054928269157847875,-0.005529140582531622,-0.0011438414656533835,-0.0035212603918267638
2024-08-15,-0.0015612759552293687,0.009855981435544336,0.008447053916340597,0.008875030555864472,0.008731200329360922,0.00840119407796669,0.007601338990029127,0.0066542671819393995,0.00827676294769697,0.006998379547318079
2024-08-16,-0.019064920597426593,-0.002029348485989124,-0.0068131546906520235,-0.004343955003495492,-0.006390832503626376,-0.005724258955986494,-0.007495167413803294,-0.007507573571986059,-0.005917279794320107,-0.010384561808330028
2024-08-19,-0.009463664682205164,0.0017875012585246708,-0.005561486761562429,-0.004665931782484867,-0.005424129689863166,-0.0024367639726211587,-0.0006405655378260988,-0.000184387455001489,0.003568757681763124,-0.0008887193967882512
2024-08-20,-0.01166849757634092,-0.017020258484123252,-0.01967211161158089,-0.017226230160790057,-0.018467122589606366,-0.018264314049807773,-0.0187257302853725,-0.018236241404425146,-0.017683468268055447,-0.01569664106853652
2024-08-21,0.0042086951376225645,-0.006012918606459472,-0.0018409039413078698,-0.001742361907232537,-0.001065768630693964,-0.004331151326310012,-0.002837519311105874,-0.003181527474387713,-0.0036534870306330625,-0.004701117393677956
2024-08-22,-0.013951410615379856,-0.01796453404671272,-0.0142509237078976,-0.015726528985740895,-0.01355658925954728,-0.01427110769052653,-0.013987960458813564,-0.014137295128962779,-0.01380621602944132,-0.008752542143787956
2024-08-23,-0.02421602826761371,-0.004073478267397901,-0.006264049864321275,-0.0053535961520189135,-0.006041584694333135,-0.0066280549479668105,-0.004510411900696121,-0.004022636543212554,-0.006675616097036596,-0.0019185572303586085
2024-08-26,0.0341530228809479,0.019628444724401284,0.019933657550860184,0.015248707238281867,0.014318750102638944,0.012078544127289703,0.009615918044078242,0.007488425018991052,0.008354868322722586,0.004745894973621434
2024-08-27,-0.032871421533435696,-0.00022299836684935848,-0.011483424072112669,-0.014160010251008659,-0.011594166874648426,-0.012148107207451075,-0.011590099477230331,-0.011737319449992345,-0.011327600907333757,-0.010784881006372649
2024-08-28,0.007079801297765309,0.0024612522632652123,0.0091991792813082,0.005157441181279809,0.004143332600824667,0.0028300769891960176,0.0010670293417731624,0.002707978328973626,0.005719873785660967,0.0024594685171468456
2024-08-29,0.01673323135614857,0.007894490748922234,0.013305192265367083,0.012014490906549158,0.011933346147998458,0.011484910302048235,0.012459482373366804,0.008274505563811818,0.00694799431098736,0.0037079173461820325
2024-08-30,0.020070107533659343,0.01811845222415287,0.026562076535399326,0.020812211195867514,0.01756098573037712,0.01452030280812866,0.016447429699721905,0.015507937720913523,0.01516738527761552,0.019066926108175952
2024-09-02,-0.026932328840521214,-0.020381916470960437,-0.012718718700559295,-0.010836277641871672,-0.012124071220190213,-0.013688508909139085,-0.013192898254013374,-0.012530624927550527,-0.012887465763056438,-0.011867241201118928
2024-09-03,0.016677985717161503,0.01388916680377883,0.01000670749355903,0.00927690837073758,0.008626839705014655,0.005583080322077327,0.005636028441273089,0.006013401276194097,0.0044561232529234385,0.002905779711105616
2024-09-04,0.01655100213119698,-0.004672170800635866,-0.003201222676094906,-0.008550251620404459,-0.008461899887978741,-0.007686069627177439,-0.008016317700085818,-0.0062840331045249664,-0.006460427076751318,-0.00415476899958056
2024-09-05,0.013892142667800478,0.0013993262671798679,0.01491992873531589,0.007657787509847358,0.007689236379488484,0.008989761678030561,0.00790536220077609,0.008271715605604246,0.011277148275117499,0.008455661840041095
2024-09-06,-0.0403136971621425,-0.01802497471794151,-0.014275198332678873,-0.0208401863206068,-0.01860441090062248,-0.015835383099076727,-0.015068357626884965,-0.01523442286168919,-0.010196314392016959,-0.008088517766166148
2024-09-09,0.001390460797294546,-9.794459931522503e-05,-0.007683605589248077,-0.0012758484727913855,-0.003142093116543232,-0.004004215746335915,-0.004493109476570889,-0.0036573044975701796,-0.0037128852633534493,-0.005489661706254867
2024-09-10,0.019682596512954786,0.002601939811568421,0.000547324927025139,0.006079151655480786,0.002437602886480761,0.002548854208868523,0.00030559592293610827,0.004739781836587742,0.0009373313348415291,-0.0019586845813784892
2024-09-11,0.0004037202717586119,-0.0030621248140194623,-0.005249177671398986,-0.002363931242310713,-0.005811755737100688,-0.005696525783761008,-0.007508596257052691,-0.00683188895147635,-0.013493701028025384,-0.014464658160045385
2024-09-12,-0.004969537636993149,0.0013530726984081198,-0.002214262409180545,-0.0001689855569578791,-0.0012722416723481844,0.00021511558055320457,-0.0008002308804561098,-0.000757756590051728,-0.0027891862327894534,0.0022379911792869134
2024-09-13,-0.021894824360909948,-0.01587789741228507,-0.020389126676622404,-0.01684746724090691,-0.011473793337177352,-0.010374142049122792,-0.008162015359305164,-0.008334361827505576,-0.010564725614056858,-0.010498981314900568
2024-09-18,-0.015752334812822455,-0.004550364576830224,-0.009905661141012212,-0.010014866965564084,-0.007574922437965648,-0.0072239567368537205,-0.005831821102687429,-0.003949192269636859,-0.0028911180521647983,-0.0033491525483996254
2024-09-19,0.02423943683701224,0.025667202467472228,0.02471637228940904,0.023446868852954328,0.023988130029411137,0.0244502201273189,0.02206204727260519,0.022745733127777168,0.02174615729746132,0.022497287278691713
2024-09-20,-0.010737120552673951,-0.0027582901124098003,-0.0032400942906669616,-0.0036364372900690167,-0.00376135019477708,-0.0020887300352808724,-0.002400319472760981,-0.00367028101057143,-0.0030560910981627387,-0.000976716112538023
2024-09-23,0.007662724599849957,0.0010694870906313714,-0.0004705146406208671,0.0016472495438948354,0.001716246057676285,0.0018014529210028662,0.0033786164175684252,0.0032596206752832924,0.00341355925468223,0.002218119620663428
2024-09-24,0.035325564758585504,0.029404165292815865,0.030237930197363205,0.03384370570230688,0.03608898673335381,0.03577152967445807,0.03410388021258415,0.0330342479594361,0.03400450712645808,0.03493358911844702
2024-09-25,0.013736646883746095,0.01429859181076032,0.013174047008600365,0.015031629167402638,0.01202938645306073,0.012755283494449987,0.012520579626857042,0.01261130317663084,0.011877102870697875,0.01191379083976285
2024-09-26,0.03516307986711986,0.03603252526561418,0.0354321512300817,0.031699186557664794,0.03244843442561973,0.03461141874973794,0.0338348229119374,0.03321704478339904,0.03310901746647965,0.03489207710462794
2024-09-27,0.05392001495526655,0.05023794069519294,0.047525639915380724,0.047546855379671404,0.04406824093355888,0.04378935074591994,0.042039670548277286,0.039444399461720625,0.03683775819249724,0.033847488144351345
2024-09-30,0.12606934675383297,0.1291901400121569,0.11528914635765486,0.11008262077434128,0.10346056847168694,0.10115015107016356,0.09731537962020997,0.09181887188765359,0.09463653921397719,0.08673472555271111
2024-10-08,0.0998611236356004,0.11154084260141883,0.09139141112297278,0.08359967835061033,0.07488035782311009,0.0698252346496071,0.06399742587860358,0.05563533405223886,0.06026067608927832,0.0429988264349086
2024-10-09,-0.0906585384520725,-0.08137961609098843,-0.08854019748899289,-0.09303823226208985,-0.09182885397832408,-0.09187804179009129,-0.08429000212892368,-0.08862981837459938,-0.08403385287093246,-0.07699880393232228
2024-10-10,0.021873693962502605,-0.011885020194730367,-0.010439389597067028,0.005066688137276509,0.006107303381976292,0.006978765763631101,0.008203332776266947,0.009361701556394708,0.003548588360474225,0.01615696291257107
2024-10-11,-0.06154938115106012,-0.048757629454889595,-0.043936082791347975,-0.03971441823786459,-0.03664224085169565,-0.03459591270967044,-0.03657727509100328,-0.0320652793673899,-0.03191844083632456,-0.027006284367676603
2024-10-14,0.02858679641741424,0.027681669910681217,0.04303595356890333,0.033888938780460176,0.031096585261795262,0.0296759215913327,0.027528823209927555,0.023636255934832207,0.02297496901120133,0.02211358457477486
2024-10-15,-0.01602722471955398,-0.020455270329086006,-0.017343024904180937,-0.014109799534709366,-0.013134848821261924,-0.017487790782396262,-0.01578031408325309,-0.01664093680146206,-0.017384499238034534,-0.016227889164052156
2024-10-16,0.003615853906996591,-0.00048058437588716085,0.0074908119732788325,0.005702037029841511,0.011025710824765778,0.008701719240056471,0.00784957204641712,0.007298333103765264,0.008655756578501483,0.008528082727929265
2024-10-17,-0.010115606340459826,-0.005745049640394795,-0.003236784785781377,-0.00563070594765791,-0.005884635960512807,-0.01038252933735706,-0.010871226105412357,-0.010134886635918772,-0.008817979877203785,-0.012662162732226867
2024-10-18,0.03407081428548819,0.0434889347288423,0.03546138846505387,0.03582716986736112,0.02974318580133195,0.025955989052435013,0.023777706876392468,0.022336261223657727,0.02203707388680609,0.02499894390850721
2024-10-21,0.030094527035172014,0.02221829728401814,0.0187822915381064,0.022251594658333262,0.016439237415138974,0.012900220405648088,0.009938278866826744,0.012436657422040254,0.010400630955982315,0.009686283085931668
2024-10-22,0.02424472081694362,0.005689895004665546,0.006135641862681451,0.008051029456603853,0.00812216775987995,0.014324525125883003,0.010219074213411838,0.01690847530177164,0.01612395610907047,0.013194689074077726
2024-10-23,0.029468628289080367,0.00632944658776502,-0.0022147726531059897,0.006761229962707782,0.0059350468346,0.003945136080236944,0.005315054152531085,0.002207088078215902,0.0020856811922822516,0.003235421936952143
2024-10-24,-0.025147029271220256,-0.004263665808057926,0.0029883751555348503,-0.0053253545212650355,-0.0035509475560798753,-0.0038294720967319007,-0.004562769985036241,-0.0007926104936676337,-0.0015996017036101762,0.0027304081156342974
2024-10-25,0.0743010031293625,0.0343277319436317,0.02873861572934211,0.02711758864263558,0.025341399947769183,0.02396730959671345,0.02162456673402513,0.01996859270531015,0.01931404854752361,0.013465221075610101
2024-10-28,0.02401542815883917,0.029687556294186068,0.026139885721276457,0.028888271218036943,0.028045757689576067,0.028705323223180867,0.024010117854698754,0.029512181033096052,0.030162344352072212,0.031157554765842255
2024-10-29,-0.0303632230324149,-0.021207479338316015,-0.023120244946191026,-0.016863485635622455,-0.018984590342493668,-0.023044539623000904,-0.021772520534360074,-0.014908023630155753,-0.016180884037534593,-0.01352863229793444
2024-10-30,-0.006392893041975656,-0.002955615341232787,0.005946604076108031,0.0013685937253427038,0.003296651491606628,0.003946328856219594,0.004008996990267022,0.0033553869347642262,0.0005778998503094268,0.012939379857669575
2024-10-31,0.023586378735124924,0.025004283772301905,0.017689089426058402,0.019042302127408872,0.017442734920575242,0.018585677375201115,0.016566471308511188,0.014622808660317954,0.01702192164603944,0.016831825521045563
2024-11-01,-0.043271563743693786,-0.03152821407388706,-0.039028022743236024,-0.035670975150431605,-0.03064556306807764,-0.029059059762437056,-0.0244435539027833,-0.024093972855559476,-0.023162139959173822,-0.02277399970362226
2024-11-04,0.014721925470254416,0.03427541329207173,0.01619587903990638,0.018149239060360367,0.014541248999237366,0.015279544300467629,0.01275800069928068,0.01592076463902714,0.0128077136976823,0.002906386658505733
2024-11-05,0.05551627681058102,0.04837676627082854,0.03102430482835028,0.03009755265230596,0.03014329974340768,0.024592609752988714,0.02616064573557142,0.02353191160407997,0.02821148452881661,0.022254244628304942
2024-11-06,0.05189446392007979,0.022566407739509797,0.005620435921276812,0.008762949072563364,0.005205009130859972,0.009005536323115848,0.00700665823560187,0.008930518607181304,0.008594651322608726,-0.0013742923759292314
2024-11-07,0.02238486031475162,0.02762401790367397,0.029520264087961934,0.026326438105770622,0.024939312599431274,0.023073528580266345,0.02365738551049512,0.027133222091473508,0.029287815818043406,0.029508932511093322
2024-11-08,0.01402791393917635,0.011372109158609645,0.0023387281957176764,0.004811604413821335,-0.0023105962930402013,-0.004044034223341431,-0.006191208403279025,0.0003574201212916961,-0.005407226951383737,-0.0032652116496154626
2024-11-11,0.024771334800916867,0.03818555876048757,0.029048447294909074,0.02777498904215947,0.019211395715045487,0.018723274083892072,0.01441848614049035,0.010696648857602797,0.003908005875923992,0.007127189360087494
2024-11-12,-0.009988461549681582,-0.018665119349170922,-0.010526655926065165,-0.012974015462624222,-0.008616835899791009,-0.009240038464463196,-0.006768868864553301,-0.006118058891668388,-0.004106209772700931,-0.004282654726964985
2024-11-13,0.004608953215746059,0.005802595264710941,-0.0006264453971704942,0.0014671291617753823,-0.0020684819637736274,0.000529820156359051,-0.0007686694388531201,-0.0018274128843049908,-0.001279393006110352,-0.0041780649299113515
2024-11-14,-0.0393148494344161,-0.03935617098953914,-0.029640388689180286,-0.03332927930307972,-0.02799488588068466,-0.0280448597771058,-0.02649843649806438,-0.027569167606428246,-0.02884031075509408,-0.024046655628537805
2024-11-15,-0.03499061177084173,-0.027168432566793577,-0.0243710101183221,-0.016117581411221216,-0.0186207283141665,-0.01843726988326788,-0.015246525589046822,-0.011862754926435515,-0.01570964193823865,-0.015895163983488114
2024-11-18,-0.012045532714095919,-0.03678625897618715,-0.026330595096209497,-0.020247062722528297,-0.018977678003540777,-0.010289844716324548,-0.009395507712946172,-0.008492300786753004,-0.01021783218081962,-0.00425383992882189
2024-11-19,0.025239631087118797,0.020977409010442205,0.02531997356804916,0.0229638685137048,0.022433190664895575,0.020987250410768876,0.019362207697894984,0.017428909574107587,0.02323516321646424,0.018377764248205475
2024-11-20,0.034210775575339136,0.02035899619831083,0.022881953203768957,0.023334379935201488,0.021828154132767397,0.02215848025695144,0.02092615730707692,0.019776629964468828,0.01901610728238423,0.018150374487953647
2024-11-21,0.001705570686240998,-0.000101984261959287,0.0026698418600412666,0.0040844272168074625,0.004912062100264292,0.0037717750372987524,0.0035200055792590224,0.006408924233416213,0.005750472538786244,0.001991804096861838
2024-11-22,-0.0396385393994938,-0.04120724413329646,-0.03711629122415583,-0.03295210903330115,-0.03452461143516561,-0.03668604500869388,-0.031411225893962946,-0.03004774420964862,-0.03180025488993132,-0.02555771848948829
2024-11-25,0.03780824260642701,0.010704265281656689,0.012501456859325577,0.014404795499698864,0.013920086684346078,0.011322948030721536,0.014392442574614916,0.013638362493672451,0.019101115906550614,0.011811644299638546
2024-11-26,-0.02623399411154481,-0.01889161372990633,-0.008812345737075677,-0.014949613599340772,-0.007613033090654642,-0.012669708093516863,-0.010801535635729165,-0.01034627952313627,-0.007707883492716006,-0.0001912191907385008
2024-11-27,0.04223117221600847,0.014520480525564095,0.013171310375100331,0.012679134718422969,0.01438245479274003,0.011912076564740248,0.012939789576337679,0.011054750819079029,0.01435305309388668,0.013614424542584436
2024-11-28,-0.0038130326150352944,0.0001224830993422632,0.008377780684686087,0.00464088384843242,0.006128570400920852,0.0045978010155591775,0.005286666751738833,0.0005280609371332012,0.005302031297899745,0.0038959720944748977
2024-11-29,-0.011008293961999316,0.01724364933656397,0.009751342079506564,0.009830884709175036,0.01361598577015477,0.011432813966056887,0.013209125516325582,0.010738068542750057,0.019467600762325565,0.012608753169113918
2024-12-02,0.025690483634751127,0.026957934481156576,0.023540060610903968,0.024113140688473145,0.023811107401429554,0.021579245000755254,0.019072730960635553,0.02266129293973007,0.024171864939478205,0.029098094478437364
2024-12-03,-0.004358596819591054,0.0073971628653621835,0.003481235670130145,0.004176981395030754,0.0044235585761767116,0.001596911386678057,0.00409007899885383,0.005630596615380901,0.006138458093546184,0.009625024422109218
2024-12-04,-0.03952782687164502,-0.022531484397596224,-0.018297109087150765,-0.015178775897056629,-0.014881982981275521,-0.013865287864592402,-0.016388917199034125,-0.015070610422041275,-0.018968903220068167,-0.01463014200668078
2024-12-05,0.04372742023810572,0.016581632519217404,0.015551931170783462,0.012056206648948686,0.014474559783733465,0.008797860280961967,0.008910398211343207,0.008825697185625758,0.007504723959447457,0.005027419721118642
2024-12-06,0.030214671562694306,0.017695943970822192,0.008060542409113136,0.009039462093144879,0.01120499965680466,0.012155941369516476,0.010700985576513,0.012070315413148958,0.01244721607845456,0.007840992114763967
2024-12-09,-0.006426008116388937,-0.00226136739025673,-0.005515500536382056,0.00036944349591627734,-0.002085135161048468,-0.003500993051452128,-0.0004643951679877967,-0.003711330309615457,0.0029406913521303757,-0.005704644596192354
2024-12-10,-0.004467127628671408,0.0032593070771476107,0.0055299532351853475,0.004567061252422233,0.0024283751618874305,0.003666807359208768,0.0020826611219562086,0.0028728746666097926,0.006811439897662197,0.004416766350529899
2024-12-11,-0.0031412893637334793,0.011203364110187408,0.01629498011413988,0.01758320220672105,0.011795384814907495,0.014316420811217201,0.016404490889869727,0.0170458271493934,0.017550530871331294,0.02616451940270048
2024-12-12,0.0004999088800483609,0.005190719795301835,0.007577535485700837,0.013303745092660524,0.011723575630020688,0.00922552390578657,0.013349024668608767,0.011246151178813335,0.019821956420102982,0.025690792532589546
2024-12-13,-0.02959951176408604,-0.021164540052148517,-0.017918220580483757,-0.015983569066575498,-0.018343149753077936,-0.02021021584936422,-0.018653101590764165,-0.01590143855379078,-0.015592663735981671,-0.012494338334937849
2024-12-16,-0.0004071023869200996,-0.011629139728488447,-0.005302690181738123,-0.0033006196151241785,-0.004690333823061499,-0.001093704117869465,-0.004808421299207333,0.00284684939075297,-0.006167919643184749,0.0015323594386094097
2024-12-17,-0.04055798967796709,-0.03514124639671179,-0.037228399838130866,-0.04090628796520779,-0.03720963387731624,-0.03586669019082589,-0.03567283869900573,-0.03718926805583744,-0.0402426604422792,-0.038004709664231306
2024-12-18,-0.0017233352070110675,0.011122747679377598,0.009225925418038461,0.0060967049888289715,0.007140104259692803,0.0022234090614567936,0.005050741732952613,0.004448934003904226,0.0015297533697933297,0.00516485661145194
2024-12-19,-0.0010659958303081973,-5.849123165024839e-05,0.00017732518880531067,-0.003021576840543605,0.0006156219824915432,-0.0020400683900803074,-0.0016375230615071068,-0.0024020028603375376,-0.004692215048135218,-0.014677585030727691
2024-12-20,0.012915510929058627,0.0151102642947607,0.016639369802145643,0.009492624379640269,0.008918845640570217,0.007662484510541301,0.005917877273883931,0.006996602930369855,0.00534611883163727,0.004991632534183221
2024-12-23,-0.056347983675687385,-0.051266818127375324,-0.04595527241345965,-0.046581335368949595,-0.040709958380384825,-0.03905058018815599,-0.03522210713379936,-0.03649273145749388,-0.0372137626333533,-0.03782860808459876
2024-12-24,0.010414152623852146,0.00282078542767783,0.0023888052870095766,0.0072874872621662146,0.009526120553415618,0.009361243470413338,0.010581753101663649,0.011607897556707325,0.014757743512713528,0.009808291193782237
2024-12-25,-0.03583517447206419,-0.025572664639320064,-0.024763944285005945,-0.02333479393879112,-0.0200935951810447,-0.019070134514615922,-0.01752832352649991,-0.018673588267915986,-0.012818199614758385,-0.013177210101623649
2024-12-26,0.01310664853065524,-0.0053221565596881515,0.016539532122076928,0.013709443508854058,0.009494255126027973,0.008763811130633403,0.007173802773379867,0.01153651526106736,0.008247800191229837,0.00923464910970373
2024-12-27,0.007542172380515355,0.009885616469423875,0.00876338732060522,0.006808465996268831,0.010145606486196668,0.010263174285518817,0.00950441419110315,0.01048668785469431,0.01160064858037102,0.012598483815726924
2024-12-30,-0.017546360467071143,-0.004426109441333925,-0.00944831346897268,-0.013301664378428946,-0.01130844317655777,-0.0100292157646934,-0.008945488066540608,-0.00794301957457555,-0.011193309700658793,-0.008679983697421956
2024-12-31,-0.008542647880312448,-0.0022290176712868037,-0.011088300518475647,-0.0072913907843323855,-0.009188384447415099,-0.010121326930688013,-0.01028894860868712,-0.008824294264612398,-0.01125212017109578,-0.009137133198341196
2025-01-02,0.007835350399641339,-0.004926938561055527,-0.007143154270597751,-0.0045104460165558136,-0.007942800455489785,-0.008049153911797502,-0.007768403410678304,-0.007417065781904375,-0.006499635387979041,-0.004079712319409512
2025-01-03,-0.0196676440888901,-0.009688708462468498,-0.016280824801158222,-0.014975895262941186,-0.017797861583086272,-0.015401075421600074,-0.014793198289330345,-0.01825878178529916,-0.02400491393045312,-0.017743426168205678
2025-01-06,0.0015880467692150901,-0.003863742187383168,-0.0029319566688272847,-0.000739403937179195,-0.0028851871772666016,-0.00042605076018886745,-0.0035439674051619408,-0.0028773741961320987,-0.007168933325472082,-0.007362075117740341
2025-01-07,0.011235543406874493,0.0034918903855665206,0.00865600353537066,0.00857538460681928,0.007193132640108679,0.006191903663396836,0.005026072855132346,0.00615753144743314,0.006878775617203292,0.0027089976623135836
2025-01-08,-0.005844412265554766,-0.005200583973415052,-0.0009059141722046471,-0.0005667175433905491,-0.0013494181779615255,-0.0015214684049150717,-0.0008686182765588191,0.0006558795884186175,0.0006405456727509584,0.009877737801610387
2025-01-09,-0.0014552971464401043,0.0019806813895490993,0.000517736755583309,0.0004338084787864904,-0.00023068819897731352,-0.0019222323257269691,-0.0014629116274839093,-0.0021916323910331492,-0.0025831585000433144,-0.004850471764342723
2025-01-10,-0.013681794020967697,-0.008139612315360645,-0.010926986070689426,-0.010713592824840412,-0.01311269839009932,-0.012864244506261113,-0.01191704721463438,-0.012098165694764074,-0.013985005477442192,-0.022387879267725008
2025-01-13,0.004317454771082696,0.0029093885143869347,0.0021902654287349055,-0.0011806354269073838,0.00022173458922147837,-0.00010091594241679047,-0.0005932275830374811,0.00025784691563934814,-0.0013886524625220664,-0.003981322630244644
2025-01-14,0.01822674335406438,0.015723241576077518,0.01633254742163892,0.016380685179149257,0.017467503593719513,0.017719585641397195,0.017118395415281595,0.02031523382208844,0.025517817092165274,0.026961217755952838
2025-01-15,0.0014810565047107538,-0.0031600292504581073,0.0006101929052291233,0.0002354578649494954,0.00033579795091154274,-0.001098290932797119,-0.00203191331785757,0.001291873130319754,0.0010265210939541802,-0.0013062074086619413
2025-01-16,0.0030302346086845677,-0.0002261967301786516,0.004116762999100354,0.0021366526105930372,0.0036998195831612346,0.0037074938281831393,0.005619319315311788,0.005341201069171797,0.005460511831159476,0.008393403881213013
2025-01-17,-0.004077872272577943,-0.0015089532295373687,-0.0006451984416562251,-0.00048231405974608066,-0.0006948613067839782,0.00023405017470290446,-0.00015934879640122634,-0.001957457225992165,-0.00271564251832912,-0.005867089252210134
2025-01-20,0.006948354991979988,0.002025591455144138,0.004579427301575345,0.0028701451449828497,0.0038043304277188827,0.0034814085555707752,0.0044649063416133394,0.004219607713380036,0.005820707610509013,0.008342188929807648
2025-01-21,-0.005404255200952335,-0.004912252771504977,-0.0014421583239940805,-0.0020777257184906306,-0.0023809030284593913,-0.002493678891081652,-0.002385621079654787,-0.002035924836692793,-0.0024207119457556603,0.0015904645007309703
2025-01-22,-0.0046949562743962,-0.004388371448778461,-0.0002391462296903457,-0.004373174847896899,-0.00582919550888461,-0.00512236970512725,-0.0050727036703722694,-0.00605357647279936,-0.008843431503044896,-0.012411940524417076
2025-01-23,-0.0006859613336244186,-0.00024911514371961374,-0.004093972328856443,-0.0015446015431749283,-0.0002822525627503847,0.00015356818288081442,0.0006803446183145656,0.00163856243066407,0.00042437591731236957,0.00380398167973639
2025-01-24,0.007115299369595762,0.0038897810851796777,0.008662280311842352,0.005290661460270796,0.0031441535069687276,0.0034345840892748836,0.005376699195754453,0.003589055845786504,0.005755340268686071,0.003365087657018817
2025-01-27,-0.00015412347625332057,-0.0031357745423539196,-0.003937074535624863,-0.001742750497493173,-0.002802095973086005,-0.000482155046815369,-0.0006162181547912926,-0.0008215321707567558,-0.0032439204251926146,-0.005748123665252347
2025-02-05,0.02075642927558108,0.0005103796852305997,0.005528796572391581,0.002366997153115946,0.0005769524316385777,0.0016957051665906775,-0.0018902887524440137,0.00014917457697394276,0.001961520813619888,-0.007432747323053768
2025-02-06,0.0067377848748293445,0.00991982533181135,0.007974929689590793,0.0066586683733038665,0.007464252717957587,0.006534055714812803,0.006243611890041745,0.007982448665085018,0.010985834576813458,0.004947739771673287
2025-02-07,-0.0009183199054483282,0.0031074100329828713,0.009671400972415256,0.007190740292893016,0.006543329100967554,0.006813258825173696,0.0070251537729770774,0.006458721630589359,0.007162377864659897,0.006862669540140587
2025-02-10,0.005688402807117132,0.01164482866064187,0.010056906958911371,0.008198349453763853,0.007130007180450759,0.00701009288028942,0.00713803189623996,0.006092378986704006,0.011459248637007091,0.012118805800277466
2025-02-11,0.0005092680074418876,-0.003897509550756739,-0.0004694197422906443,-0.000331399832436019,-0.0013938528276584705,-0.0005269886457648365,-0.0012845305393931472,-0.0003921622914521139,0.00016670825246167809,-0.0027129233297443767
2025-02-12,0.016881888284281166,0.0010435600725002825,0.004842196615787442,0.004521656817612518,0.005212856307304392,0.005100794008177534,0.0052574133960889835,0.003665605693686347,0.0064188786624075345,0.002587070185672058
2025-02-13,-0.010280582195738686,0.00038012191152203556,-0.008095528771132843,-0.0014632617210021959,-0.003308095539700129,-0.0006053472322452569,-0.00131695856506997,-0.0027969766399424945,-0.0026991834609845222,-0.0024064716260989716
2025-02-14,-0.0014045500336613559,0.0027354804801906774,0.001759142615141096,-0.0010391155678949326,-0.00282075432126927,-0.002126015766550693,-0.0012983434493679669,-0.0002917302544900302,-0.000955456706968838,-0.007737535247010485
2025-02-17,0.008367946128354786,0.005770270653052467,0.004044333827804447,0.004438674691112476,0.004416285999360836,0.003930949270489981,0.0037766087774129264,0.004772727354028783,0.007302746325728471,0.006269808324780302
2025-02-18,-0.015646184928893248,-0.004882957556726408,-0.014253040175261522,-0.01065469281336373,-0.011966328453835051,-0.011318330800628051,-0.010751062606453865,-0.01105003626404677,-0.01591716411331956,-0.018607636382118153
2025-02-19,-0.0010870822864145202,0.0056607959143681885,0.007998690900537397,0.007087703791006206,0.0062182696091857,0.007103886753272448,0.004928058892129883,0.005791370130954654,0.010557836073460836,0.007423561657475375
2025-02-20,0.004534727106995096,0.0060251586976762805,0.004653964230394436,0.0022524747468268824,0.003563561529054793,0.0021078759994657137,0.0015930124313161542,0.0029559901676463607,0.006575262103063029,0.00709692615651214
2025-02-21,0.0026979203536106056,0.0036492065700604037,0.004589950003065946,0.0030339704494428688,0.002091843989830533,0.0016943566540161825,0.0012852266619054475,0.0023617455657132247,0.00042926131440568227,-0.005385977623068361
2025-02-24,0.00027731100011663123,0.003488546601615239,-0.00041447329108401654,0.0026187747877428613,0.0031255528948275213,0.006182429677831003,0.00431296237553469,0.0006226187247388992,0.0008812578812498195,0.003391697560031881
2025-02-25,-0.0020023049663460135,0.0027007443185445013,-0.0032228665766070863,0.00026539284094440063,-0.0021286569806517885,-0.002975898365516483,-0.00480876185706125,-0.004779406105068329,-0.005299637145141478,-0.004128565800592288
2025-02-26,0.00762386243644575,0.008719916769091007,0.00619764005646517,0.008169654607897758,0.008312543441370002,0.007085017674102412,0.007811537644785371,0.00722339481099854,0.006756297448298421,0.008024978387666915
2025-02-27,0.0002573170679269765,-0.0048169770364188125,-0.004290226496526328,0.0014528619507725438,-0.0013672890786476932,8.251450913965286e-05,-0.0009363361701726358,0.00013299018911205884,0.0011080320516037023,0.0075802022469706465
2025-02-28,-0.01075140791553253,-0.007776833655169457,-0.014553855297234408,-0.011238709089266719,-0.011506856552363054,-0.009621757587131796,-0.010822842122371612,-0.011905372577527662,-0.015569161521940544,-0.013484986850938796
2025-03-03,0.015239110063913763,0.0032047654642728407,0.0010990831908601617,-0.003008506308962988,0.0033669331372598865,0.0016335856444524843,0.00045644413252543536,0.0015858883999948503,-0.0006292075375718964,0.0013979239127890342
2025-03-04,0.002383015630179841,-5.694559602398286e-05,0.004790252359011982,0.006091361505091708,0.004528090297071463,0.0015703431779128252,0.004277544720574067,0.006805457832533168,0.004533410879672184,0.0035605840926917764
2025-03-05,-0.00035313802776082426,-0.0014526623899158153,-0.0009529678786275309,1.1256350631594358e-06,-0.0014245714365308526,-0.0010627512877493528,-0.00013876076533969606,0.002074704593580501,0.000556483058056223,0.0004982793327628077
2025-03-06,0.033459598530173995,0.005297310890911566,0.008328770876295799,0.005736879318602561,0.006631237173498672,0.007822683871029357,0.006865553360448251,0.008704572263982024,0.00913468091263403,0.006202114508147671
2025-03-07,0.011670384165981096,0.001937065939485727,-0.0016338296772797634,-0.0011316826585885398,-0.0013619992539694037,-0.0018192425919730804,-0.0014448541447109609,-0.0020129454575689154,-0.004256632037077934,-0.006166034482428473
2025-03-10,0.02017315728282698,0.007540938569973843,0.002335310977279681,0.002097353351762754,0.0032069542590658084,0.002441522205990143,0.00240851902038286,0.001259850123896289,-0.0004225349715164528,0.002831070357425247
2025-03-11,0.0016440586023516168,0.005659213765313087,0.0018680911738868655,0.004657652974945359,0.003821091578236402,0.0030461481066814677,0.0029929421418992685,0.0017464817862435922,0.006256405251374275,0.004306575616479513
2025-03-12,0.012238953420246057,0.0056390617599542114,0.002529897922436186,0.004035515016657998,0.002361415224727992,0.0009207481208337587,0.002846795621547882,0.003058991771487607,0.003657135333005268,0.003209354867448333
2025-03-13,-0.017654857743775176,0.0035180554980203116,-0.005905559185667042,-0.0012024627109989972,-0.004170551715263815,-0.002051512673754363,-0.0025185277264985206,-0.0043173503761895216,-0.0055189362175609435,-0.0034142096766094365
2025-03-14,0.019483458528126718,-0.0019236587233155689,0.004503728524886785,0.002840269123827177,0.006788754977207656,0.008222126622622783,0.008108676081506117,0.008157090853360138,0.014622331833156421,0.014058898251755325
2025-03-17,0.004757592062081706,0.0033818799240608044,0.0010881287611250734,0.00037453342429349945,0.0010936827579060004,0.0031674251982691803,0.0027523165299416785,0.005227396646153126,0.003044741797127992,-0.0012127174511902261
2025-03-18,0.01828625693874608,-0.00209172121472323,0.004516564063517636,0.001906192476117008,0.0005226858815667867,0.0011758763791385185,0.0015028931661991152,0.0019745427643360625,0.004286955443133955,-0.00032783515398548957
2025-03-19,-0.015107872368152808,-0.0016741252745320345,-0.002118833614174531,-0.0025212116915854788,-0.003227820817390703,-0.004347761491682589,-0.00209542138640173,-0.0015778708138808328,-0.0014800161744192852,-0.0027729043189839153
2025-03-20,-0.0084689813812735,-0.008007941077084024,-0.001747047688670622,0.0013127587104440064,0.0014122893005328319,0.0012143808338189732,0.001387605898494959,0.000606803861892713,0.0029055952284027242,-0.0011983711498074756
2025-03-21,-0.005510450178347837,-0.008236255560472472,-0.00671887618007716,-0.0071562683232795354,-0.005614352144807433,-0.005100452368315245,-0.003546376564218745,-0.006215937200921284,-0.00906552013030093,-0.006050193510226842
2025-03-24,0.015960471517086905,-0.010189456638957428,-0.011393069905753728,-0.008303386633119358,-0.004806540501557266,-0.005505129635077877,-0.005552094266994656,-0.0031568254311818977,-0.0022933382403710345,-0.007623298050615346
2025-03-25,0.007295138042979321,-0.000622455243003639,-0.0013772134710552386,-0.001887775822386084,0.0005347474892611892,0.00014736608527021744,-0.00016682559061698132,-0.0025511902403785314,-0.0041457355408239804,0.0007001183950283707
2025-03-26,0.008618152679497948,0.005461643655107817,0.004520111357558809,0.005742957265800097,0.0032561008806506475,0.00433798357840498,0.0025474771780751304,0.0054381668157721386,0.006158009025512001,0.0041129230353689206
2025-03-27,-0.00882668026517186,-0.00287243027264239,-0.0021740838228448967,-0.0040916891261282284,-0.0026172871014429333,-0.004216711539487328,-0.0052159934177969935,-0.0021431386213262016,-0.004455488425784804,-0.004312383142693221
2025-03-28,-0.006097029079016658,-0.0035727531251230626,-0.003981697352658187,-0.004308663135761948,-0.007196862446845365,-0.006573428737258524,-0.006532762259539582,-0.005254163659720534,-0.007998176519727673,-0.00854901652914064
2025-03-31,0.03095749195153985,-0.0037800821086442227,-0.002684054811309733,-0.004065075160163745,-0.007969990676423677,-0.006628568345748209,-0.005367274525303611,-0.004591936454121703,-0.006305958334603234,-0.007183301467471037
2025-04-01,0.01463425107854155,0.004510001611383707,0.0022433501090193264,0.003559217590438646,0.005767697109631653,0.006805040808846918,0.0053269766773564875,0.005110373449617844,0.007495174806277927,0.009121296194444906
2025-04-02,0.020214376634839937,-0.0011005727912105634,4.757315974646126e-05,0.0011158354492857292,0.00025172541614693067,-0.0015982625586206112,-6.62135291965571e-05,0.0014271938396386297,0.0027442152037269185,0.002332529036605413
2025-04-03,-0.006650355574813971,8.108727012157146e-05,-0.0016209989456519303,-0.0011332056389905532,-0.000291719625117981,0.001199049581231959,-0.0003314526500746151,-0.00040572276939920826,0.0015028672230974482,0.006229223957632479
2025-04-07,-0.0736378572885662,-0.03374295953727757,-0.04493883169709256,-0.03972762061277846,-0.04726985549788343,-0.048794983956067184,-0.04752596037824408,-0.048605885444436114,-0.05342522723723775,-0.05686158545702091
2025-04-08,-0.009817305578609714,0.004566154848220982,-0.0007220172149585702,-0.0029249690843142773,-0.0018322333319303885,0.0015362663234512741,-0.00035723481173621785,0.0006635434417348041,0.002932597564077044,0.007188492947522329
2025-04-09,0.012959853921316489,0.004630058025530959,0.012392714108821812,0.008402626867361374,0.010552750736914307,0.009804853026691429,0.010218636829114613,0.010596070931889301,0.016183563482981667,0.015289233049130102
2025-04-10,0.04664113062052877,0.008100181625515734,0.00823822226810833,0.009788980513777856,0.010895477849447666,0.010066225592084477,0.010853515604540176,0.014622879636202013,0.01933068207920985,0.014864866374578067
2025-04-11,-0.0067847912898694185,0.0016673943566616334,0.0023055447829896103,0.002010012269047179,0.0019628482454780993,-0.0006991492477540495,-0.000605605357867578,0.0007969819648077081,-0.0002504748585518968,-0.0021491657269183673
2025-04-14,0.010501080247589556,0.0069328791332274875,0.007044421006712431,0.00800932996985737,0.008915342990993835,0.00860113206919344,0.008640812120596308,0.008839552953232799,0.012639848334735415,0.011598955092833485
2025-04-15,0.004541973182178527,0.0017940795134234744,2.6810381316577647e-05,-0.0016645609273596707,-0.0017091225649814579,0.0005604110458103939,0.00034585160873890075,0.001025854522042735,0.0019283791838655695,-0.0034255683293269445
2025-04-16,-0.027051910076325902,-0.004050548235700835,-0.0033905741870089434,-0.007470959490945117,-0.0049026126269807735,-0.005363863527566903,-0.004048503100968159,-0.0030745716011362223,-0.003257235331369346,-0.0023756052289878316
2025-04-17,0.01174187720270492,0.0017561173478899406,0.004408690131156856,0.002333410204814923,0.003974086016897083,0.0034487504913951472,0.004313676419528623,0.0011724330100633118,0.002258199922667403,0.007063365606970073
2025-04-18,0.0037827286052922737,-0.0007858144407291157,-0.0025074652372781836,0.0005228285843252856,-0.0005385257739740634,0.0015155388954597449,0.001903390133773053,-0.00363151103198589,-0.0016799283561161893,-0.001985755337968964
2025-04-21,0.012658631563728484,0.010143700881784845,0.007352738723297669,0.006394161887669281,0.005983860697860832,0.0065563209231236375,0.007474516734137904,0.00820156894324553,0.01174701170922332,0.0013703779307552288
2025-04-22,-0.017493528627331223,0.0036735741889948326,0.002759613244129433,0.0019235192220161679,0.0026034347681229697,0.0030495920744735283,0.002594219836902889,0.001943242076292373,0.004776503965101986,0.004294953925460199
2025-04-23,0.005338976250048644,-0.000797921462572293,0.0011302385125435688,0.0013182121876547104,0.0004499722438662257,-0.0016029545579222537,-0.00047621314246437674,0.0005289978637617043,0.0009323936003566846,-0.008024315886916877
2025-04-24,-0.0026897717091193263,-0.0010554429003230004,-0.001109467310004164,-0.0031541390055650487,-0.0009059120024492717,-0.0005553777196248832,-0.0007691776861536992,-0.0021070341674243043,-0.002880261369079151,-0.0006581741470170765
2025-04-25,0.024235276073013567,0.004694981390915176,-0.0007090412076226071,0.0008292675742354039,0.0021739592031126964,0.0034656274081508176,0.0037522073102549403,0.0019216865431843644,-0.00025872890700484596,0.004681003043066179
2025-04-28,-0.018094398399964295,-0.0055499158462907205,-0.005781916240712892,-0.005496568425145343,-0.007996458849752863,-0.008896045232750338,-0.006006797775396477,-0.007877602752305979,-0.01090527410083253,-0.008733556003801435
2025-04-29,0.0107024430396645,0.0062331629988476855,0.004204030155218197,0.003402060809095886,0.003311892549990203,0.0015592701334177228,0.0014269893961944558,0.0037635460669032117,0.0015116566339603565,-0.0019280148460779634
2025-04-30,0.01471704139888641,0.004841484307696264,0.005404453782981378,0.0020853570517296305,0.0026053845910234408,9.13725854372327e-05,0.0008018735701389446,0.0008268425407031987,-0.002080616167244198,-0.004820385653883874
2025-05-06,0.021335950190764175,0.010764720998241772,0.012887104181328324,0.01035902578306902,0.010102036902851497,0.009555728665402885,0.009876467034700243,0.010991527262189438,0.013605151525672765,0.013240477849756349
2025-05-07,-0.0020192090556110376,0.0071208231946837675,0.003404918141659996,0.0029633451539436972,0.004396311696888366,0.005019236889969303,0.005799698067626258,0.004158528306546838,0.0049427250227933595,0.005350960986751252
2025-05-08,-0.005,-0.0027295466112184433,-0.002245585820455508,-0.0009843883887322722,-0.0013204937083359878,-0.001413702488787044,-0.0003890255646967055,-0.0014796684136272773,-0.0038296567893997633,-0.00213979664837709
2025-05-09,0.0,-0.0028656359090003525,-0.002572724344427235,-0.00379459210118005,-0.0037791514472067522,-0.0021280210042232683,-0.003925093553825865,-0.0023158942544631023,-0.003307018590076205,-0.00398377022400076
2025-05-12,0.0,0.0019043136946681471,0.0037411717606852246,0.004995487322223102,0.0038540202752210817,0.004090099315399831,0.0036463782564315483,0.002680079835334803,0.0033753005305849904,0.0035957960291586044
2025-05-13,0.0,0.0007869447064996482,0.001056364828208256,-0.00036623264112312093,-0.00012983647733710857,0.0010981671482308553,0.0005012986268599917,0.0011487973724799705,0.0013965814971312884,-0.0010820296700696508
2025-05-14,0.0,-0.0004381713506089735,0.001961470702691148,0.001076589853492127,0.0008355823609971225,0.0017347490498158535,0.002139127006918873,0.003621089238150521,0.002231312975053079,0.0036323623520768678
2025-05-15,0.0,-0.002187067837605583,-0.0012303840434559898,-0.002593390229474135,-0.003209093308381372,-0.002352696869709292,-0.001680712768010073,-0.002115345306861194,0.0010628833604229282,0.0017051505696763503
2025-05-16,0.0,-0.0005884315820894326,0.0018151719882970596,0.0005896027126457426,0.00018806356517497846,0.0009120531583788338,0.0010734991652527892,-3.9126602049521786e-05,-0.001075221714550434,0.0001870466991700237
2025-05-19,0.0,0.0033173733040874342,0.005461321985921419,0.006642720040583638,0.005229282965300008,0.005781129765125126,0.007474212165158756,0.005754906302188667,0.006613990094423539,0.011000798150576196
2025-05-20,0.0,0.0017670849581479242,0.00270163660005851,0.002215979376585242,0.003742468046540992,0.0020470216142702835,0.004604058185345705,0.0036837050451623554,0.0019292500682326352,0.0057459268641222305
2025-05-21,0.0,-0.00043153066502721327,0.0005889860597281249,-0.0011000247935100127,-0.00147700382488547,-0.0017456282317255267,0.0004520315689364729,0.0001373985655070964,-8.016337577909649e-05,0.0060419552394694875
2025-05-22,0.0,-0.0023494626036053567,-0.0038100287580506986,-0.004996939258408162,-0.006206543356296779,-0.005494856438738593,-0.006902395353279078,-0.00672550118835169,-0.010317140575062389,-0.006893341653044671
2025-05-23,0.0,-0.002594762418027252,-0.004709544744801342,-0.0052523940318492945,-0.005397860166218904,-0.006418367212481568,-0.005611977244600164,-0.006817756348169057,-0.007609508948763999,-0.004982180341902898
2025-05-26,0.0,0.004128260082483237,0.005529296044714638,0.002252285567693413,0.002802110860696816,0.002699658464269339,0.0038492404851859785,0.00350639055527302,0.003926028572472706,0.009865981482008124
2025-05-27,0.0,-0.00033392276392663067,0.0023458468708310587,0.00276330539236036,0.0015248942925218945,0.0024710703079446894,0.0016076861388418795,0.002857705488937823,0.0026926425035966872,0.006181682588695114
2025-05-28,0.0,-0.0019311488700308743,-0.0023568969350145075,-0.0011363161176016767,0.0006751132270890192,-0.0002060477657364057,-0.000913438826553703,0.0007669535746392953,-0.001392245339854714,0.005771933406547802
2025-05-29,0.0,0.001972557546319198,0.0031908315860083025,0.006352180773786742,0.006785856438834115,0.0038807113612824296,0.004733991495438072,0.005438607438463361,0.005629634817929885,0.0021792998934713204
2025-05-30,0.0,-0.0029417633818557,-0.004868336753522495,-0.00318093850588963,-0.005066596707562154,-0.003934585187757134,-0.006075083315713492,-0.005261449990805689,-0.005537167027756529,-0.009915501632041801
2025-06-03,0.0,-0.00027121690152609457,0.0018154944812247553,0.0028507557195431854,0.0014284560281569991,0.002539886304734784,0.002790804730479657,0.004155600386793079,0.003786947450518996,0.003578932463381923
2025-06-04,0.0,0.0030194171648809665,0.006834431538118135,0.0048424823579982235,0.004584487098861834,0.0051162680095084845,0.006705932237667689,0.004699081970022334,0.006492262428418938,0.005049147305291379
2025-06-05,0.0,-0.000449907118127868,-0.0016422740425845461,-0.00015044289222443386,-0.00033894017210711613,-0.0013979954919678406,-0.0025504851816849916,-0.001611104475146674,-0.0018891917923664625,-0.006792497348517945
2025-06-06,0.0,0.001639212280076796,0.0032908457300262484,0.003695374570737764,0.001092912807327151,0.0013757798705471558,0.0003829864844699937,-0.0006123277296833374,0.001125082985535153,-0.0025419159035200423
2025-06-09,0.0,0.00098688991587359,0.003429199529485727,0.0055048055471624835,0.0033577094854861933,0.0031859675594381187,0.0049216232170985474,0.003762985369075933,0.004273867386002772,0.003427605978606918
2025-06-10,0.0,-0.00202919533800594,-0.001688935146864412,-0.004173898353412309,-0.003201695940442173,-0.003930795718239621,-0.002181071999114992,-0.0014174366493954205,-0.0013925121452249556,-0.0016934036264508734
2025-06-11,0.0,0.0009564744653103308,0.003696637617446319,0.0031542738986862773,0.003089506748996218,0.0020663173880606234,0.002425369389822629,0.002707362072620567,0.0020386620768064745,0.0036865434507178385
2025-06-12,0.0,0.00022354305585903234,-0.000638573517002694,0.000741832928602415,-0.0001788116190222233,-0.0005604436386613676,0.0006043088243490313,-0.0008005887477051665,-0.0011240289084704091,0.001518031019534849
2025-06-13,0.0,-0.0034240880320639544,-0.005628065749531674,-0.008357089296754716,-0.007971402063169597,-0.0065729627685924275,-0.008093171807870614,-0.008069400180175768,-0.007683110825214556,-0.010580084445334759
2025-06-16,0.0,0.0003490499464473551,0.0025474234076618973,0.0031068159975238263,0.0018633362440776402,0.0023575559733519658,0.0032190090842691976,0.0027292865720840442,0.0011729810198908286,-0.0004714725920569318
2025-06-17,0.0,0.0014796587399021899,0.00024738887789088615,0.00225764130131223,0.00036865425017817977,0.0001269218078372436,0.00010992099873141647,0.001263868656974143,0.0013883581526279443,-0.001019217588257293
2025-06-18,0.0,-0.0014158217763503567,-0.003708988760460885,-0.004963719748813267,-0.0021479494634222274,-0.004700480313936439,-0.005420166514171654,-0.005113733778902341,-0.00494173526596553,-0.005225072576220846
2025-06-19,0.0,-0.0016522289619123054,-0.006114809784018127,-0.007905883222094623,-0.007499706271241968,-0.00839847963289475,-0.008526861764327709,-0.010140702555367809,-0.010584571472128768,-0.009564354081215698
2025-06-20,0.0,0.0019820062453161924,6.39566945099812e-05,-0.004071854784936213,-0.0007755177166681726,-0.0019543422248760045,-0.001906685333438407,-0.0016785353848796092,0.0004375497258286565,-0.00392234094490318
2025-06-23,0.0,0.00174049089242434,0.0045238200025101705,0.005860786766884063,0.005719722299563523,0.006069269595368576,0.0060823176344011465,0.005523783968398588,0.004847804777570852,0.002950679757368402
2025-06-24,0.0,0.0026173085534342277,0.006291307395066115,0.006961651141641045,0.008974975260436668,0.006901146822346771,0.005968751472984923,0.0040562602653528845,0.008347751383158686,0.007937539195252974
2025-06-25,0.0,0.0008152907939809051,0.0010704376475967337,0.0038096577784436647,0.0049565626004715035,0.0037950279857359437,0.0029350628006841184,0.003319008793723599,0.004560066904682358,0.002283100525409143
2025-06-26,0.0,-0.0013129335211476967,-0.002479557796743248,-0.0005859847530346185,-0.0012362587619956233,-0.00058555794257098,-0.0009362341251725192,-0.0002956602315342671,-0.003917668147868536,0.0012298792120386537
2025-06-27,0.0,0.0013796094694060734,0.0013129656676145185,0.0035288834840971894,0.003076027814011395,0.0016908416807592808,0.002347820210184537,0.001182604367355955,0.0019137762516643342,0.0048885580395463535
2025-06-30,0.0,0.0004788044394423707,0.003793349673327784,0.0054300691857984695,0.004313189416932595,0.005108292836439654,0.004913256664296872,0.003576268027365437,0.0025875012839760014,0.003141854925722498
2025-07-01,0.0,0.002755858323140181,0.002746391677578952,0.001415142119518542,0.001178613456634725,0.0009032597948115395,0.002757033886645388,0.004099692329137872,0.003573379906863572,0.004651016776755945
2025-07-02,0.0,0.004154786759404283,0.0051233677265694055,0.0015654406863216952,0.00025633822254755856,0.002046708521539209,0.0019774231339435566,0.002959886753224339,0.003207382297798933,0.0005880296742524216
2025-07-03,0.0,0.001337367539149703,0.0015509509658302445,0.0014328272754151605,0.0018903427685508234,0.001338568713010746,0.0014871724181342305,0.00025450357711886973,0.0049868442326563844,0.000764879830936982
2025-07-04,0.0,0.0017713415194251514,-0.002113969998766785,-0.004312097009090632,-0.002694288119465371,-0.00220920716535955,-0.0036857773459874066,-0.0032179315499505368,-0.006830187281445466,-0.0026400138773949866
2025-07-07,0.0,-0.0014126069527212737,0.0015546768942564793,0.0037887557100726443,0.003243446616455259,0.006203452141487764,0.0032163086835939048,0.004083223982874973,0.003874458507602707,0.005477185756019853
2025-07-08,0.0,0.005603454315775247,0.007903318248947189,0.005642779173248735,0.006148773532415941,0.005752951318934496,0.005086110249596043,0.003096024215539339,0.004601210093525987,0.00244986318412721
2025-07-09,0.0,-5.818743024632589e-06,-0.0002784463599230236,0.0010418690750841897,0.000755654594055466,0.0005801397611271408,0.001388380737425976,-0.0015012788201631544,-0.0007193620085724772,-0.002059015681780685
2025-07-10,0.0,0.0019856955688883904,0.006834739933385459,0.004547330473143152,0.004370251518142965,0.005360504514383191,0.0032481942177271517,0.0020740921800825873,0.0050180082279078775,0.0030817471324318113
2025-07-11,0.0,-0.0008115570451249221,0.0005465443356362787,0.0008336121884398029,-0.00022397089298353823,0.0009816245817277913,0.0004736620758549748,0.0014106401993811968,0.0008537293375974198,0.0034275161186516634
2025-07-14,0.0,-1.730232457863856e-05,0.0018072877859309777,0.0010853031285642523,0.0012123408488513565,0.002214491747886127,0.002082609337400898,0.0023312501228296423,0.0020104152579265566,-0.0010261701420780645
2025-07-15,0.0,-0.005564667996401207,-0.007222896899114262,-0.005517967144747171,-0.004614286172853532,-0.006782358829015123,-0.0067939975316677614,-0.006632676102593105,-0.006173466389348015,-0.008413401804234333
2025-07-16,0.0,5.494543719897216e-05,-0.0026699125501330467,0.0018495307888013457,0.0026572131355806494,0.0017051290051195434,0.0015272392575118587,0.0016353533022588351,0.0020581112824318293,0.0029759689411399393
2025-07-17,0.0,0.00400345450803874,0.0014949603330023375,0.0008117090740349386,0.0039504244590917725,0.002322718469641716,0.0034405980523450896,0.0008660618823390642,0.0019714543759201675,0.00157164068336213
2025-07-18,0.0,-0.00021795194489071523,0.0006199357988005971,0.0035108827005394527,0.0013068506144835457,0.0012257722895077094,0.0022964228180155644,0.0027350176547102922,0.0012393396617575991,-0.001746739431514155
2025-07-21,0.0,0.0045139196870336296,0.0060218500749205095,0.012140315443441185,0.010555456550637166,0.010036748383264849,0.009279170809138648,0.00857235691091418,0.0114718957350195,0.011008857278127948
2025-07-22,0.0,0.004771925548832323,0.0044079645808416945,0.005996357915236894,0.005117027380525885,0.004930182346843726,0.0068785681410108435,0.0054744913669071416,0.006414453254364183,0.009435488446225326
2025-07-23,0.0,-0.00246774441338371,-0.0012447105536946834,-0.004166692944316819,-0.0035329279898654864,-0.003450746836686003,-0.0027647187451872446,-0.004565267719991328,-0.006503880842031795,-0.007339609838447836
2025-07-24,0.0,0.003015624219464774,0.004902878358742591,0.007820547863822247,0.006684651716188039,0.006701841565076361,0.007804622421821783,0.006668450766471157,0.005252023735370148,0.006798283252509529
2025-07-25,0.0,-0.0016736059149781157,0.0007829755745174527,-0.000895971141685159,-0.0010008094009704704,-0.0021013703129287853,-0.0021292037160646204,-0.0016616274347918125,-0.0031746435320157973,-0.004905656815977322
2025-07-28,0.0,-0.00015009590796277728,-0.0027119654301859253,0.0005851894848116768,0.002075456411980925,0.00038624155448996333,-0.003161136489231553,-0.003071900023192242,-0.0011637529355597032,0.0010341387569403615
2025-07-29,0.0,0.0014781123066214263,0.0021957653578943415,0.0027972150642294746,0.0007244370111365583,0.0015775627811542847,-0.0012802276745089713,-0.0005992192427973775,-0.001432503446370803,0.0021047264291773615
2025-07-30,0.0,-0.0003139941534450186,-0.0018523863215974545,-5.030319329635269e-05,-0.003882264354136744,-0.00013931479070494746,-0.0012689362613782507,0.0013239315089332848,0.00028574887265286897,0.004650001853168995
2025-07-31,0.0,-0.005000284958592505,-0.008272438632316859,-0.008338275315187271,-0.007608875199966003,-0.009721082528204361,-0.011383922043296635,-0.008760573967271146,-0.01320329377689533,-0.012783897789336085
2025-08-01,0.0,0.0045317322721536435,0.002479434919173018,0.0027263781245685514,0.00414316498606726,0.0016733025716886285,0.001755490291529327,0.0031197559907241157,0.0037586110829053165,-0.0015862692099788411
2025-08-04,0.0,-0.0001983375473563198,0.0020860911967373053,0.003239255949521569,0.004606759952038297,0.0048605428807615425,0.0034115474776059695,0.002508779671823058,0.0029889166272754064,0.004622673037036229
2025-08-05,0.0,0.0016543936249802105,0.0036138283235613855,0.0036917027404061997,0.003952340171395896,0.00585211640567862,0.003862975966938853,0.0036716028572063575,0.005846409602277225,0.004958147096381316
2025-08-06,0.0,0.0025115838226115184,0.003945971409910154,0.00227038633915555,0.0031758804997570333,0.002250348792809609,0.0022478614769765315,0.0025580649171217384,0.0018444294837072217,0.0007559267946817272
2025-08-07,0.0,-0.0025486935662624166,-0.0007412239650081975,-0.002165428538233982,-6.1004581782375666e-05,-0.0003177513314722713,0.0006077934844443966,0.0018825542560798603,0.001004927818055723,0.0028086922296299832
2025-08-08,0.0,0.0008166192103788994,0.0018890191890625907,0.0036884911587620195,0.003442903483866555,0.003950611553621863,0.003583393315586658,0.0032146254715692546,0.004949023365382832,0.001230817223450975
2025-08-11,0.0,0.0017122568558585183,0.005539753421740734,0.005580590400165786,0.0063065348836761626,0.005127639019408603,0.004966310825417208,0.0035330732231706463,0.0036006712842422406,0.005816002779510665
2025-08-12,0.0,-0.0015459646820326078,-0.0008991977316690214,-0.0001803426085750237,0.0007244846600025223,0.0001485276729742413,0.0019555942899336376,0.0013940293619576494,3.344544939865024e-05,0.003716705194924952
2025-08-13,0.0,0.001162645178401478,6.313074620223347e-05,-0.00024101419150379666,0.0024076354569688707,0.0005727314274905915,0.0025802700395680667,0.0024874466876523282,0.0037216240620749907,0.0045860222786031635
2025-08-14,0.0,-0.00723278642028502,-0.0076445684422769,-0.008245140540375728,-0.008982470341372228,-0.00870402571194151,-0.008654330574183189,-0.009622537651779672,-0.009161761398985946,-0.003927736646488489
2025-08-15,0.0,0.0038503339657447455,0.006222808115883494,0.006989845831184338,0.00992910944550407,0.006823468517494824,0.009112326463487808,0.006899999889694142,0.007107422955236586,0.008023893854999464
2025-08-18,0.0,0.00312724523652097,0.003130601935381394,0.0027289238686214468,0.006596598705069789,0.0034835072853252047,0.005463919492697755,0.0022891099899113865,0.001144791689858149,0.0008772406876349503
2025-08-19,0.0,0.003397116451262283,0.0008168287991638934,0.004637895753736521,0.00465873435851627,0.003473819844874493,0.004025626138660643,0.001776524519253142,0.001878523104350771,0.007225988795328098
2025-08-20,0.0,0.00082659706664856,0.0023855491912490034,0.004638577544719302,0.0029819193626678953,0.004085496514836251,0.0049741594713572646,0.005897364902310409,0.0053659287864675775,0.004816714424103807
2025-08-21,0.0,0.0017426766346484435,-0.0006017729119502935,0.0016230012490545676,0.0008576085659561805,2.761834575260025e-05,0.0014833296008252006,0.0024011191927337805,-0.00015704271746386222,0.0005992753464416634
2025-08-22,0.0,0.0005460703277064827,0.002537817583471158,-0.001403481750875124,0.00406438716143942,0.0003741859663370928,0.0003124693730802708,0.0014117677732878864,-0.0004013557364022091,0.0006014474745115184
2025-08-25,0.0,0.00020252782983454232,0.003593483322911206,0.006825686580294921,0.006452896318999146,0.005872829372896682,0.005170745351575912,0.005489565827345277,0.007154757795065914,0.012337540836528493
2025-08-26,0.0,-0.0009590054832857575,0.0003678442424306372,0.0013582624046701852,0.002062759710645734,0.0015341550725380682,0.0027962639588698934,0.0028065402544499296,0.0026818896341238574,0.005926662253840531
2025-08-27,0.0,-0.007272536076377123,-0.010863066160239243,-0.012885170854417427,-0.014215057957959631,-0.01322139444548398,-0.013824640998718718,-0.013488040049558059,-0.016092687066218248,-0.013355160309701741
2025-08-28,0.0,0.0008100070355745448,0.002553164600030966,0.002762712971559944,0.0030312374245815565,0.0019664063140549803,0.004125545805595543,0.002126780191127331,7.48258051579409e-05,0.003966797263980748
2025-08-29,0.0,-0.0028752496695318985,-0.000797559754185384,-0.001381204367551958,-0.0008327687229325864,-0.0013410034369658597,0.0003159893450699336,-0.002780617600422808,0.00032892200482526057,-0.0029960984118172496
2025-09-01,0.0,0.004483900613120095,0.004048814976067572,0.005662260242674799,0.0043767266248049275,0.0034125999369127857,0.005952992431405235,0.00664456714349515,0.002852273881010614,0.0058513529635582096
2025-09-02,0.0,-0.0033119490366825266,-0.0036103462898263716,-0.0067746784419993045,-0.007722205127240089,-0.0061646125928549456,-0.006199034451696006,-0.003509945325052888,-0.005211784100493055,-0.004109028150119265
2025-09-03,0.0,-0.001726438253783158,-0.006103761336174185,-0.008513047595428369,-0.00864421803979476,-0.008576879798912085,-0.009275431459868644,-0.0078017525694979994,-0.009683126324984581,-0.01090268143754236
2025-09-04,0.0,-0.002819295602378591,9.476998202750941e-05,0.0003399594614139634,-0.004272979614874939,-0.0002083653325519741,-0.0006169710095832448,-0.00029611189653622194,0.0008260256843097835,-0.005883040833361997
2025-09-05,0.0,0.004110694723687525,0.009505412603107999,0.009141250279785185,0.010975026371501828,0.008404690416258687,0.009956077059461999,0.006983652275114105,0.011203347184445489,0.006468514949974136
2025-09-08,0.0,0.004126925893766842,0.004716209746736366,0.0058727384220824685,0.0065242343797833335,0.0066717510169476135,0.008044150496686386,0.007079764041581393,0.009541208532107825,0.0062601334787961704
2025-09-09,0.0,-0.0031923161886573403,0.0002694214480398749,-0.0013341359560919974,-0.0024665575095813574,-0.00225379964926975,-0.0016474728100077662,-0.0015236405397721642,0.0005883096901768692,-0.006009301610355622
2025-09-10,0.0,0.0003890371326900066,-0.0013713768322298758,0.002857109317297324,0.0013751955446226205,0.0008765543138642418,0.0015449265269176227,-0.00019871741800225884,-0.0018113957808079117,-0.0016671869131031913
2025-09-11,0.0,0.0035215108709572007,0.0014802319385831542,0.007187068856395751,0.007373213491378872,0.004664964438193531,0.006448074820330385,0.005995025062021764,0.005411283671941103,0.007210938862142191
2025-09-12,0.0,0.0036020874708884154,0.0025381278341753966,0.0008195746139649795,0.002412740859441209,0.0005270827391110622,0.0009116424141424329,9.067000162188421e-05,0.0010000464189954261,0.00026704064183702414
2025-09-15,0.0,0.0012003224774297383,-0.0018175118883828612,0.001957852123274817,0.0004576688200319534,-0.0001846463917956065,-0.0015719703360971282,0.000983878293004281,-0.001440557891351224,-0.0014147848846677302
2025-09-16,0.0,0.003305706046856427,0.0028552175322236195,0.005877484336968664,0.0038637654258393272,0.00420027295856773,0.0029074763997463116,0.003234490788958544,0.0027176588575186233,0.002462945303375319
2025-09-17,0.0,0.0018710527765024576,0.0035612442587371618,0.0001779370798038471,0.001115112036263799,-0.0003961238100782527,0.0007205929326001836,-0.00022810255614358343,0.003155607979227426,0.0015372615817217383
2025-09-18,0.0,-0.003555310954854285,-0.006651750518897659,-0.006465491811594393,-0.005382021925539715,-0.007654011116757897,-0.010129309756903404,-0.009720168315192956,-0.009573381279605275,-0.011639747018799551
2025-09-19,0.0,-0.0028975836365049412,-0.0010611475048393215,-0.0001449403863607035,-0.001111534954867377,0.0008511032717428701,-0.00035538983066185637,0.0008666168391953111,-0.0008492858452958663,-0.001995552787053212
2025-09-22,0.0,-0.0019487907169800645,-0.001106348222122966,-0.001468337737342451,-0.0013524129185241707,-0.0030038883459115873,-0.0036895691104295025,-0.004546176615731645,0.00011130057993180564,-0.00558039751893924
2025-09-23,0.0,-0.004578506370471747,-0.006866772488641537,-0.008105552969040697,-0.007261540355836482,-0.006260511581547501,-0.005111345609720153,-0.0037811731257155756,-0.0016436681523863683,-0.008765510533043419
2025-09-24,0.0,0.003069982470104593,0.006797359345968479,0.006603884724890818,0.008011602972671339,0.00576461158556385,0.006615939604291299,0.005325652951299498,0.005553811469159342,0.007522406949626914
2025-09-25,0.0,-0.00010828303822563168,-0.003555315845015672,-0.002742769860030747,-0.003052461551423802,-0.004231633318351857,-0.004007993790707487,-0.0042990581654782645,-0.006039864042083676,-0.000261029764960341
2025-09-26,0.0,-0.0017076712962518226,-0.00021505375720620723,0.0003736213430391988,-0.001516824342885137,-0.0010986788835963823,0.0006660416750594589,-0.0005764807225087099,-0.0013270729941883275,-0.0019346314023829247
2025-09-29,0.0,0.0017735078091369871,0.0027435291900699266,0.006243104537975386,0.006598647515798639,0.002948553852070823,0.004559348506472327,0.005458675202305141,0.006895953053501103,0.007356670171065449
2025-09-30,0.0,0.006523209045972811,0.0025066239436626336,0.0048187491536690885,0.001002058070755707,0.0012593002246865659,0.0008469142941278651,0.0022975930450210846,0.0004449195448776866,0.0002650377882713606
2025-10-09,0.0,0.0031411285599811656,0.00541890449066984,0.006431753482449176,0.004380379112456367,0.005448257038541904,0.006305718767924295,0.006857979880773746,0.00999830790891365,0.006592733685531593
2025-10-10,0.0,0.004644725731934196,0.001485763199156498,0.004509845193234829,0.0020496415980606475,0.004334005912276062,0.0066732580890707105,0.003968491867478052,0.0061465254485588705,0.003916202013517722
2025-10-13,0.0,0.00517090403282916,0.0002938002929289141,-0.0006312597053182989,-0.0024603659476648554,-0.001873515512631374,-0.0023032655459928053,-0.0003336464860679289,-0.00243406981801364,-0.001661659632440804
2025-10-14,0.0,0.0035458184831629325,0.0004579368227046743,-0.0018451062558380027,-0.004193031861508878,-0.0014431251694680958,-0.0020466642239489463,0.00011295137230038499,-0.00019232403956326305,-0.0007227191490988272
2025-10-15,0.0,0.0018888060129937934,0.006522426500874978,0.006947752464113499,0.00540763137518252,0.005474140818234607,0.006807458361698382,0.00484116900954934,0.009732254107289284,0.010069081301775418
2025-10-16,0.0,-0.006511176294279997,-0.001933261312254353,-0.004795037313684358,-0.004470223477968327,-0.005347478949524143,-0.007364579688849293,-0.0036946211668328344,-0.006813964021453067,-0.004795848473347464
2025-10-17,0.0,0.0012629445330616385,-0.006529015860304965,-0.00843898467888382,-0.009866710432228532,-0.007693904702265608,-0.009311096307721423,-0.008539281201431326,-0.008581203776721558,-0.013881434220869626
2025-10-20,0.0,-0.0003057282431327968,0.0036104820803319893,0.006512422783203853,0.005301711656412467,0.005213510347326977,0.0050683864938037,0.004934757456441341,0.008315819435505079,0.004268043726305626
2025-10-21,0.0,0.0036168992231162544,0.00959719993562591,0.011806701727332225,0.008723621544778348,0.007722018154013854,0.012101791188323885,0.007351055616844571,0.008092726330482414,0.0073487577878796895
2025-10-22,0.0,0.0028018466097772254,0.0035627753881455337,-0.002493296109960963,-5.961213276950428e-05,-0.0006283061974371451,-3.599434391277079e-05,-0.001205567971232946,-0.0019096751149230151,1.9793791478095457e-05
2025-10-23,0.0,-0.004815476217204351,0.0025766275957392892,-5.626658854551714e-05,0.0008076603468942789,0.002946155679583784,0.002010013444928127,0.0032198760507056168,0.006050902195567254,0.005964023460830914
2025-10-24,0.0,-0.002574716264082233,-0.00431450394745847,-0.003768613817769939,0.00041616425491497466,-0.0027740375906812886,0.00028902710746603333,-0.004110836545772489,-0.0010865455198836305,0.0008402630679220646
2025-10-27,0.0,0.002658172821192517,0.003251275103498319,0.0016086091878821929,0.0036400042469411087,0.0038924656748429154,0.0059267139224217225,0.0017026992730946322,0.004120724648017493,0.009261007646224284
2025-10-28,0.0,-0.00083922277829096,0.0015582041934150137,-0.00112893181739937,-0.0005883310271403985,0.0008628168023745442,-0.0007229905969043937,-0.0005334993701191504,-0.0013006019506085487,0.0002661385510978054
2025-10-29,0.0,0.004502354372958317,0.00384700064372967,0.0017130425189020304,0.0027390323016014406,0.0019147940949246767,0.0038966364583807866,0.003886332399728465,0.0058470688579270735,0.005853254987704615
2025-10-30,0.0,-0.002126939460975641,0.0006889219386370105,-0.0069951280091263834,-0.00497059603130634,-0.004899830852406084,-0.005880429710607871,-0.0037562937877112512,-0.001476128354483075,-0.003382957835628475
2025-10-31,0.0,-0.0009488415952737528,0.0023963056436533403,0.0036656551377911573,0.003818864372186148,0.0026198904272953794,0.0029188194348996888,0.0033489624486788827,0.0014951274849308582,0.0006366959014838525
2025-11-03,0.0,0.0030053534525646963,0.006085317584411554,0.004651047531464503,0.0018655128118103548,0.005216282600996935,0.006485870986876696,0.002861985235967479,0.0026922871127665893,0.004666539669046843
2025-11-04,0.0,-0.0006542232998193453,-0.0030683434030281953,-0.002365698850020581,-0.0019424494915850632,-0.00036104579717899377,-0.0028427263035984973,-0.002324203403705427,-0.002542314405129975,-0.0036994985013544257
2025-11-05,0.0,0.0014523309421952124,0.004805436925650719,0.004372112390573557,0.006567179136107715,0.004694438161912284,0.007504392266932225,0.005000261666239902,0.006165654361359296,0.010534453157883705
2025-11-06,0.0,0.0004252988498525401,0.0025675733240477783,0.0005866992899850043,0.0029800549129481713,0.0022308561608832544,0.0023091001299433422,0.003261352543038498,0.006380537149984988,0.00478243370404785
2025-11-07,0.0,4.1456582390742014e-05,0.0023654177182794722,2.3289906811996275e-05,0.0035312843550430184,0.0015483436386378724,0.0009838389672549575,0.0032133766788147167,0.002303773364951356,0.001262748425114868
2025-11-10,0.0,0.0008242750985127945,0.002185420479203337,0.00225672400743937,0.005095276314227348,0.00475759958769939,0.004867486519639197,0.00472065325069404,0.005863414348029838,0.010018440965799513
2025-11-11,0.0,0.0013279911546044687,0.0076569919182576385,0.001361626073721478,0.0022976377424379635,0.0034915578823426774,0.0014081727308938863,0.0010593594256984584,0.0005185368779290211,-0.0015945115844870905
2025-11-12,0.0,-0.0034966893563531665,-0.006283529131626886,-0.0033633876027859833,-0.0024849729892846284,-0.002466944317739861,-0.0017066956539304456,0.00039132220557025477,-0.0005551354779896878,-0.0012991846255601125
2025-11-13,0.0,0.004008606699377193,0.008238912125150266,0.004429618277641101,0.00782278940805714,0.005998140969261767,0.004513919558779778,0.00597487511982675,0.0067894561005446,0.008069121598225149
2025-11-14,0.0,0.00180536547891319,0.0026763097397761726,0.0016043300625598889,-0.0010230451213116831,0.0002654014018297346,-0.0012972107171539404,-0.00239512104099171,-0.0003792745543836906,-0.006932277264297015
2025-11-17,0.0,-0.0011903699655994027,0.005471611285240652,0.0016504812889195364,0.0013425689979471578,0.0010781981480272318,0.0017349932826165038,-0.002173241130897563,-0.0011913039607097664,-0.003349764297255531
2025-11-18,0.0,-0.005974754558389361,-0.013525600307659813,-0.008731160926482628,-0.010404742068428341,-0.009687327692310288,-0.008893795283640982,-0.008651350412782866,-0.009815653800577029,-0.007118163135432121
2025-11-19,0.0,-0.004192126952899389,-0.00988963122253761,-0.006062662349013204,-0.0072764977675754405,-0.005636980558236804,-0.003257630573237802,-0.0036881990389233676,-0.004422203954914217,0.00037549285237825636
2025-11-20,0.0,-0.0023977502908535397,-0.004627458985013488,-0.002537862535197166,-0.003844625296043791,-0.004647572597365923,-0.004565778349234106,-0.005324601800952955,-0.0003624125335055517,-0.006483602668915345
2025-11-21,0.0,-0.011095382401441811,-0.02153280082512965,-0.019804653182943555,-0.02247799588002486,-0.021196903383538968,-0.024195098325816566,-0.02092660324457951,-0.026785692767833713,-0.019813193182924294
2025-11-24,0.0,0.0021905099945100925,0.003076142530337167,0.00678131494015477,0.0034751060147397705,0.003454870731796067,0.005135445705827024,0.0034787258308321967,-0.0013638794302338608,-0.000160563477340947
2025-11-25,0.0,0.0026458531651631922,0.0066641721202631565,0.005411477561567457,0.009181855212845536,0.00551764106480368,0.00826960023277068,0.005864780304589479,0.007879713195216853,0.003650023273717329
2025-11-26,0.0,-0.0002604947362593313,-0.004027588327732534,-0.0037379032923570144,-0.0014710372006291328,-0.0006486498858446765,-0.0017090427675088282,0.0013347312351064122,-0.004109807545942812,-0.0031472954341050796
2025-11-27,0.0,-0.00018027885701621393,0.00205227598079194,-0.00038282181768645174,0.002661584585126109,0.001143936150528102,0.0003923179294815782,0.0013063187923227915,0.002690153301802889,0.0005093964054354583
2025-11-28,0.0,0.0019257270381416447,0.00577003333502657,0.008805477147754814,0.009037882707864098,0.006844950492009616,0.009080984920097901,0.00532453197517091,0.0075422994992286885,0.003805483032183199
2025-12-01,0.0,0.0014219029417072981,0.0006881462976062735,0.001703487078177579,0.0031426569858723497,0.0013711400658444894,0.0035931475810506708,0.003613613616385569,0.003739673352146422,0.01082808999508722
2025-12-02,0.0,-0.0006901761731300526,-0.0031244556920420052,-0.000712766658696462,-0.0012722211191286137,-0.00013007520335550637,0.00021226790495609826,-6.146277794394361e-05,-0.001651040189448616,-0.0026183557715623307
2025-12-03,0.0,-0.005155575171604809,-0.004062361640111867,-0.004499529734384278,-0.005680548821311304,3.943616973978159e-05,-0.0029090472648916066,-0.0027902962273379517,0.0028510552871268136,0.0018110383781013706
2025-12-04,0.0,-0.0032900638531683235,-0.006202001809709756,-0.006267587483057002,-0.0028614387188579116,-0.004059287990583305,-0.0055764480318442056,-0.005427088176882422,-0.003725485450932431,-0.0035333684611437155
2025-12-05,0.0,0.0028090313529809396,0.00566583495526074,0.00713651328811804,0.008331326567263542,0.007116000138610579,0.007078558002136193,0.006262983759889762,0.006476728771829698,0.010587538578228806
2025-12-08,0.0,0.0055725719418873165,0.0011453888350796415,0.00439330948272354,0.004194732957774505,0.00119671450288239,0.003390959149365047,0.0018097219922796892,0.0006538719753406141,0.0011134863702504383
2025-12-09,0.0,-0.0006795429828141408,-0.002356857271875512,-0.005378107310821223,-0.004660182468600227,-0.005089927704907904,-0.004823193900439171,-0.00577131290210553,-0.005906249317880863,-0.009771671135950566
2025-12-10,0.0,0.00037244704045824584,0.0001499685402130968,0.001654404156893552,0.00037614352705328535,0.0028356719790341156,0.0009830618832420424,0.0033104809851560724,0.001180146015020922,0.0015864221068269124
2025-12-11,0.0,-0.005833925641036575,-0.007129283996756497,-0.00943134470014495,-0.00891547260405956,-0.008642396814308784,-0.011829214281752987,-0.007253114118411896,-0.012377830447726224,-0.006611365703900196
2025-12-12,0.0,0.0012897792369110928,-0.0025824109068947054,-0.0016734598163724579,-0.0011085096658072224,0.00010068083426739705,-0.00028529751295680583,0.00058448840305525,0.002951255511973283,0.002705342828559276
2025-12-15,0.0,0.0014186301285801228,0.001581453485594242,0.0003065002536721817,0.0016491847429782602,0.0028726234229270453,0.0024417492503443494,0.0027394936134323977,0.0010868021883561063,0.003317717309971435
2025-12-16,0.0,-0.004299821116330205,-0.010965867660391204,-0.009150692765708568,-0.009207378961546775,-0.007962420919001456,-0.008945359165722144,-0.006084330615810485,-0.009728998602364425,-0.011113136162468562
2025-12-17,0.0,0.0017093295573638034,0.0047815396399431,0.00024557196654528823,0.005714003670052481,0.0029919424796218674,0.004828757002570905,0.004666162813496522,0.0038340830506242707,0.003233062094104344
2025-12-18,0.0,0.0006052726833669642,0.0009261346286990602,0.0008895012083685039,0.0016070418500659933,0.003342195982403817,0.0014496018587493165,0.002441794643827322,0.0031208436677205853,0.001157054618362796
2025-12-19,0.0,0.004009515743942371,0.006987031249423348,0.008830483219635754,0.00817269065853754,0.010030287584260167,0.011127367333212623,0.00827148621978524,0.014424484393062542,0.011744043554111183
2025-12-22,0.0,0.00038418582494892384,0.0019286359634893557,0.0015382951137550283,0.0019075267925061645,0.003473011117365976,0.003753913903209005,0.002383512209272576,0.00590875768184973,1.4485117187934549e-06
2025-12-23,0.0,-0.0001251751678511548,-8.036811768852292e-05,-0.003149371197669004,-0.0016056057444114868,-0.004261354675711204,-0.002763620042663395,-0.0026420162016435045,0.0001304543894522503,-0.004247157827621417
2025-12-24,0.0,0.0021335886949811478,0.0047901048211769215,0.005514493950280919,0.007947639630355274,0.0056198864087788625,0.005599374900180809,0.005065207344163936,0.0065601491173490345,0.004266896573323242
2025-12-25,0.0,2.662395289920738e-05,0.0034059101911891876,0.004240148127958587,0.004417627249020173,0.003110869327493049,0.0031494073487083885,0.003309531199810589,0.003220908758845731,0.0018788083057161842
2025-12-26,0.0,-0.0010352137234047598,0.005432194197288576,0.00300766068997782,-9.444254192292334e-05,0.001567309402669359,0.0015617805017111852,0.001576813433988855,0.005425333930886067,0.005500368396755606
2025-12-29,0.0,0.006263802822341402,-0.0037598972819483656,0.0029990708668148347,-0.0004462694779732157,-0.0031373677564838776,-0.000665923940455615,-0.0036018945828173443,-0.0063222894428180965,-0.004510596701083558
2025-12-30,0.0,-0.0008082836040792518,-0.0019894540113857273,-0.0029535433588164794,-0.0024006726150085367,-0.003771083365428529,-0.001749893345177056,-0.0029026646888097307,-0.0018258411989198198,0.002694154220512557
2025-12-31,0.0,0.005760702361740089,0.00231781333941794,0.002165696856992083,0.0015081923830442268,0.0016416995189203476,0.000878506035943083,0.0006545968492963627,0.001968078757212277,0.003745148162748402
2026-01-05,0.0,-0.004282450682379979,0.006248027450023841,0.005505249676320156,0.007894718784930532,0.005720087978494215,0.006220939046728713,0.005566380946278926,0.004775255585430127,0.006332549818233835
2026-01-06,0.0,0.002105794810720818,0.004888967650677811,0.005019693818202109,0.007270961228490025,0.00843353859942142,0.008823328662019847,0.009061719811278568,0.010518863359315844,0.011851275557195118
2026-01-07,0.0,-0.0008630435937875269,0.001446576148513623,0.00019985979890990713,0.0015793599910249867,0.0009384571255857121,0.003440496407812965,-0.0011624659205632382,-0.0006047400909182654,0.0017419425384532783
2026-01-08,0.0,0.0045227762083148715,0.005841309732976807,0.008177815255468568,0.004786339127542227,0.005351056182827829,0.0030977733482520087,0.0027609169082210006,0.003211363010098278,0.001594033235245762
2026-01-09,0.0,0.000724908578038086,0.004514228381475638,0.006455116915861758,0.005614568691139299,0.005006381230881152,0.008305693009999837,0.006046770946208868,0.005888617311206934,0.01209054627080186
2026-01-12,0.0,0.0071173051972686086,0.00728254371693704,0.007763216194563549,0.010362722941493097,0.009045801790852792,0.009751974524967677,0.0073540154508398015,0.00776912052508183,0.0055929728313937055
2026-01-13,0.0,-0.005735601769260246,-0.004557615851047969,-0.00646864299865213,-0.004774832289498265,-0.005784319000445182,-0.0035179304786985277,-0.004408705579367456,-0.0047916983985490935,-0.003593416831308316
2026-01-14,0.0,-0.0007658577292843916,0.0026576265269839805,-0.0003018250525748112,0.0020197161952602016,0.0006130149449614652,0.002015356308538774,-0.0001799323600086833,0.003525631639766491,0.004501790298017783
2026-01-15,0.0,0.0008846015960779496,-0.005262330733049159,-0.0021542160466125893,-0.0027135708854801877,-0.0014858714028798126,0.0004919842170627575,-0.0002328692495435769,0.00172257329965686,0.0031079057001286436
2026-01-16,0.0,0.003075112796340651,-0.006681903113621934,-0.004306981591450265,-0.0015570092999188656,-0.002311876317947603,-0.0017821534884057133,-0.0027474933674959123,-0.0029378377311736203,-0.002677834283164482
2026-01-19,0.0,0.0044931083938919425,0.006268465772381715,0.007196500106628756,0.006836803122153956,0.007963186580469461,0.009933508045995909,0.009792975213076316,0.013240286634237597,0.009591147870279482
2026-01-20,0.0,-0.0027230074153096195,-0.0014076124712936178,-0.0005189163687489007,-0.002534566877616551,0.002250773493319036,0.003209790727677131,0.004261578362313001,0.005291571089087066,0.004117812548993571
2026-01-21,0.0,0.0005852436243474202,0.0009876013970713249,0.0013079414252268329,0.004494195865411443,0.0007892430818496887,0.005455750774308488,0.0027423069579803894,-0.0006911310830258754,-0.000764894667006244
2026-01-22,0.0,0.004236283091424431,0.006940464442382499,0.008425522122005757,0.007217980812507241,0.006590593066478911,0.00660299661907815,0.00418126287213072,0.004792161390978045,-0.00033282841831772103
2026-01-23,0.0,0.005593318617128196,0.010819675763020786,0.009332420610033587,0.005965330554542847,0.006090839400271442,0.007865941114294284,0.006902329682602293,0.008599123971165357,0.007109371350696225
2026-01-26,0.0,-0.003577987546465433,-0.002863111168344923,-0.006948234207282078,-0.003515701060990306,-0.004040760008756639,-0.0011008648282043731,-0.000955174929452518,-0.00034257958528916,0.006179073258082202
2026-01-27,0.0,-0.0027101531084883224,-0.0005543600146022953,-0.0034656457187778322,-0.003203722961125366,-0.004002248018506016,-0.004190425419534738,-0.003540559860535364,-0.006014429764438889,-0.0023469884002300656
2026-01-28,0.0,0.0066533720395201,0.0042528450507928195,-0.0005417196871203567,-0.0003353540685945289,0.0023686506276054953,0.004090504211656132,0.004320899836182335,0.005797570786485018,0.010669810437700544
2026-01-29,0.0,0.004050798725182769,0.002043233649280607,0.000838810330054951,-0.0018665413238078132,-0.00031095204105469065,-0.0004939218638755349,0.0037675001768981975,-0.0008041662433626584,0.009610510251039317
2026-01-30,0.0,-0.001132850716169309,-0.007458061860083354,-0.0025964144451664506,-0.0028342017801665786,-0.0030928953885661636,-0.005383444735439169,-0.004272731725934453,-0.0028697811317819344,-0.01712750689289977
2026-02-02,0.0,-0.0024159269770199776,-0.013819555889681312,-0.011908869576105152,-0.0146623835629337,-0.01601689008082341,-0.019703863073582517,-0.021649079433588514,-0.017978255088220818,-0.018987327277387056
2026-02-03,0.0,0.00973254561960113,0.01111057646761493,0.011218454381270337,0.01454072449896815,0.011743315601220106,0.012676786023585906,0.007684729696613379,0.012823026971181317,0.013833297253581955
2026-02-04,0.0,0.008732706265320855,0.008392492923570805,0.005679915340791597,0.0064902821491943374,0.008913666504457574,0.00625842649022279,0.007092797617685109,0.0082152803476081,0.0103655599056387
2026-02-05,0.0,-0.007718516781941243,-0.004540299975093864,-0.005687396076714868,-0.007553657913625833,-0.004062442363489849,-0.007907806924233318,-0.006546548527575191,-0.007836052552624206,-0.014970441694393877
2026-02-06,0.0,0.0038985810299212442,0.002621632255995987,-0.0006779010754665027,-0.00025160453852157705,-0.0008224876046301066,0.000681068316827238,-0.0007253263542494892,0.0007665981614828343,-0.0022016624194045598
2026-02-09,0.0,0.011012541570740497,0.005985887216167773,0.009313431918192672,0.010832209765441414,0.007598946063208656,0.010249713526773396,0.007661131346438532,0.0058611570889315345,0.004984873969480441
2026-02-10,0.0,-0.006409401926055325,-0.0006081465484424342,0.0007753438151565373,-0.00140305354679926,-0.0018486993951292163,0.0008828458871170675,-0.0008236158654990611,-0.0029182577080463235,-0.001519418995174604
2026-02-11,0.0,-0.0060293950556966625,-0.0014142521522114704,0.002583765255548265,0.00253279396275774,0.0020245263236362554,0.003026740385081217,0.003317041290322287,0.001463446618750197,-0.0022664267734815446
2026-02-12,0.0,0.003890324271813572,-0.003740885668747973,-0.0016060744908452662,-0.0005795083944790669,-0.0030694376910933574,-0.002055895224743587,-0.0030614490118844317,-0.002257677305758543,-0.0015998450357711524
2026-02-13,0.0,-0.008457877241556333,-0.007233754333027975,-0.005200456328674052,-0.004301147004261541,-0.007928107776945414,-0.00895091312466445,-0.009300463207197573,-0.01159817375439709,-0.005812640891786458
2026-02-24,0.0,0.0005782779171452646,0.010178004942271723,0.006092386185116094,0.013904075969244367,0.01245951180853222,0.015069587065964507,0.011898993950491432,0.016582220992818364,0.012381819092721402
2026-02-25,0.0,0.0073781652206632575,0.007596095861986063,0.0053125007117051926,0.009069682375771215,0.007294443836851183,0.010412422056504278,0.009672450257437903,0.009553080248368317,0.011105731577855105
2026-02-26,0.0,-0.000680416735459155,-0.00247447145818136,-0.0007059928082522315,0.0023156905137966532,-9.086599615637514e-05,0.0008407066285254228,-0.000771259922540346,0.002250487275569979,0.003136994234205659
2026-02-27,0.0,0.005988589357716956,0.004402443999612871,0.005659607441405257,0.0035761781263674575,0.006217094056523376,0.0076297049383937665,0.006950980865134682,0.009980749899099806,0.014180358549116479
2026-03-02,0.0,-0.010118553074449532,-0.002510249743959525,-0.00942945905323822,-0.00792019328739213,-0.004406499154332888,0.0001267457215246015,0.0009576083886950748,0.0012324086592701011,-0.0018838459909449323
2026-03-03,0.0,-0.011956241811504231,-0.010941698234486097,-0.017672359317206787,-0.017716983221031435,-0.01260831659309003,-0.013352892034102393,-0.008409180892845924,-0.013075957229016222,-0.021433150720622463
2026-03-04,0.0,-0.002324186254265448,-0.007007392589253092,-0.0025193585221280346,-0.0039664877109470975,-0.004365661845396773,-0.005234398153421638,-0.008472017920119979,-0.0029904189006724202,0.003124276411048177
2026-03-05,0.0,2.3657060399751018e-05,0.003382942777219622,0.00492872116529619,0.004023348999552034,0.005208068086839157,0.004898006524809206,0.0017600974600608943,0.008806106033227179,0.0031652441717731072
2026-03-06,0.0,0.0042708394412454,0.0020661866960567377,0.008594152750920792,0.0095416902033163,0.0073377819293947155,0.007362082766460221,0.010018095582448483,0.006427813066983257,0.005583312024985521
2026-03-09,0.0,-0.00310174879062064,-0.0029889627452587275,-0.0022801707297487317,-0.004842258667277499,-0.004500909512924367,-0.0038333238707282113,-0.007071167119784727,-0.004780361786796861,-0.004707385817665388
2026-03-10,0.0,0.004565029746704585,0.0031266731826797844,0.006834305180834832,0.01084742518671411,0.00610631605375711,0.005592947057462938,0.005304056981492611,0.003324516886267226,0.007132248857286028
2026-03-11,0.0,-0.0009293723067982373,0.0022212389042242098,0.0007301781810391539,0.003287930161627539,0.002132086020385282,0.002652379655915915,0.002741076474109816,0.003899713306677377,0.00214135499446777
2026-03-12,0.0,-0.0005771659741874435,0.00308757802275883,-0.00010543428209208727,0.0016769935835243555,-0.0006592218707281994,-0.0020105273281668667,-0.0010156494760208412,0.0022727204346053576,-0.005114671135614701
2026-03-13,0.0,-0.0017626697050729945,-9.341985017230492e-05,-0.003267169061527464,-0.004906113296284986,-0.004949408661106158,-0.0064429579368852075,-0.004068373403671943,-0.005762656484646578,-0.013636589133929289
2026-03-16,0.0,-0.005980293385266289,-0.0035624710895166833,-0.0013065285608859778,-0.0031019901017240725,-0.005484374632496958,-0.0026325763473762365,-0.0031763329694297626,-0.008383365589661684,-0.005436591726816431
2026-03-17,0.0,0.0014815390052707045,-0.0029274321982453166,-0.0064803272739437645,-0.00817092199133962,-0.009625188975197485,-0.011367634640218283,-0.007342123497405595,-0.011439929416774186,-0.01584061280363469
2026-03-18,0.0,-0.0007145640953867272,-0.0020050511621150235,0.0007374637914523419,0.0025290486372051557,0.002903758460086836,0.0011741988363422884,0.0014672474122605639,-0.0022461998236353864,0.0035692640062676695
2026-03-19,0.0,-0.008248634529052334,-0.0129249976190986,-0.013462842679725862,-0.015573265910364231,-0.01184766981986518,-0.015769225571550916,-0.013529137867018703,-0.017424369265681805,-0.01655506017352726
2026-03-20,0.0,-0.004546788889554398,-0.00512331169555702,-0.01325845570742512,-0.010483889270749946,-0.009775298745314576,-0.012504259949558283,-0.010967014913234485,-0.014200601918821776,-0.014431003509925988
2026-03-23,0.0,-0.004390940693097978,-0.012842347791003017,-0.02259224889625988,-0.025768233629232862,-0.02376917035838566,-0.03098553517570979,-0.025405822668378986,-0.030979806912388885,-0.030711386506671268
2026-03-24,0.0,0.004472588826327284,0.014347259848865201,0.016554442943069958,0.020088327116123406,0.018347401062755342,0.02084350180090322,0.021275839098902516,0.020535802275611914,0.023096473920702243
2026-03-25,0.0,0.004338601459624947,0.008113936432695645,0.010826206279919592,0.01196086841185462,0.012890757492440175,0.011412151006191973,0.01540628089521312,0.0160408343703089,0.014542591914013636
2026-03-26,0.0,-0.005064846710271298,-0.002222498398402384,-0.006500619492820325,-0.009656892157862806,-0.0038630168848149404,-0.007634208546344667,-0.006892222780654378,-0.007255257180236452,-0.00927210777766474
2026-03-27,0.0,0.0019376220979074876,0.006576312861548805,0.0065778793745434605,0.006829552834677122,0.006111723902961996,0.0073718590402593875,0.00672590679895535,0.00749543082768267,0.00272672112056771
2026-03-30,0.0,0.0014434768783886387,0.0013761346398957208,0.003271588435907802,0.0036957713444483176,0.0050405612756285745,0.0008118489646242733,0.00016212431956019735,0.004719707955706642,0.0031116917543967393
2026-03-31,0.0,-0.005914332282305534,-0.007830821339911531,-0.008777847130970184,-0.00985159213082576,-0.006576008583222492,-0.010588812877010079,-0.008440649012509627,-0.009214994401406496,-0.01238172269345017
2026-04-01,0.0,-0.002844436192892985,0.005869769443572981,0.007048051797411858,0.009967491327295797,0.0050856989755054816,0.009356356928983622,0.008398517260412186,0.004264814157328711,0.013699384835110129
2026-04-02,0.0,-0.0034285611460647125,-0.006589868516335806,-0.0066356454639981965,-0.005697233372693233,-0.005026219015497269,-0.007876680679293147,-0.003311916765941225,-0.007048167190229937,-0.008688258915341307
2026-04-03,0.0,-0.007401646574492604,-0.011811171782505236,-0.01216315956838021,-0.010532922003522072,-0.01356888459174721,-0.014920912964896171,-0.013561499715711411,-0.015123163882844737,-0.014122075519739097
2026-04-07,0.0,0.0070869522854091205,0.005179264971023834,0.008633449541920912,0.011687228608151745,0.006610902542709685,0.009365369127280143,0.008611152184332616,0.009316365922152459,0.007464995204137903
2026-04-08,0.0,0.008377470206561544,0.013559029365545872,0.015504972977543163,0.019864805044404354,0.014701133881777073,0.019898701034648303,0.013929737359891003,0.017965350092129295,0.024045930375722335
2026-04-09,0.0,-0.0031100100688317145,-0.00046603816024415323,-0.00027104896263185907,-0.0028697692680955678,-0.0038115148524162645,-0.0038779657557573843,-0.008738338423298853,-0.0057332298434306095,-0.007637424464036813
2026-04-10,0.0,0.004718309697827605,0.0068688519045543295,0.0036580060236122147,0.0027458209328612426,0.001804061443672067,0.0016600488517501955,-5.859601043411988e-05,0.0021657461068689265,0.0006480760300391353
2026-04-13,0.0,0.0030060997179495175,0.0033859502665900543,-0.0018641885455589202,0.004528350972591744,-0.0007008880815302376,-0.0004448093265190245,-7.119316326009706e-05,-0.00033350972356160913,-0.0008583963463665301
2026-04-14,0.0,-0.0012111558391135757,0.0028428511962510505,0.003369916733998002,0.0033794168453722406,0.0021453517294365287,0.0030695268968079503,0.004356982670491449,0.0036655203227200506,0.009702303408963608
2026-04-15,0.0,-0.004093512117336995,-0.004709270127772336,-0.0019793620008982105,-0.0037853291577244486,-0.0020959168734071554,-0.004431779252148216,-5.7630499029515114e-05,-0.003581051640527577,-0.0017693394971047827
2026-04-16,0.0,0.004040085584667619,0.008943746000580566,0.008162922233063252,0.007862488738515694,0.0064618511261462785,0.009325732634825723,0.005457655678469786,0.009032293133355074,0.006327505933334754
2026-04-17,0.0,-1.4075568769977842e-05,0.0008639587335170784,-0.0009820448060277043,0.00021217065587841866,-0.0015824610063358557,0.002434615083266811,-0.0028060712359280204,-0.0009375601366167219,-0.0023989429426714004
2026-04-20,0.0,0.0013988790947103702,0.0017403990678512837,0.0033453009063735273,0.002813365735411244,0.00461903320397461,0.004337442305335504,0.00402281525236603,0.0061504304488413375,0.0013456698394025413
2026-04-21,0.0,0.0004322310464712764,-0.0010880241458792739,-0.0008694585562188939,0.0033015920276258104,0.0016191978250976735,0.0005682307610856974,0.001469657630556176,-0.0014152219785170672,-0.004184346128039418
2026-04-22,0.0,-0.0001540222036088279,0.006580177984198521,-0.0015712125484061978,0.0037008772565194636,0.0020103764489447506,0.002228857873185719,3.993960315606948e-05,0.0033587358606235185,0.0006612306478277485
2026-04-23,0.0,-0.003959244355572045,-0.001563880990179789,-0.00497269760244301,-0.004830716180891592,-0.002538140935896549,-0.0013605950207420392,-0.0008269269148810654,-0.004744210292757289,-0.006072549722588971
2026-04-24,0.0,0.0007758320306339161,-0.0006743534810390583,-0.001519426819660108,-0.0013960008446842753,-0.004975323059502101,-0.004545571702258666,-0.002791646888888333,-0.006328045088333845,-0.0022338290726536814
2026-04-27,0.0,0.003461674726309427,0.002743641567943156,0.003178730729418433,0.004219799221451437,0.0034007295166957885,0.0008283011961112141,0.0022011874034033596,-0.0011905528742505167,-0.001531909271880405
2026-04-28,0.0,-0.002087144806902086,-0.002309650523649509,-0.002539580894602822,-0.0030707233906953624,-0.0022501630458932054,-0.002753983492372991,-0.0005248351495306114,-0.0044075146804613,-0.010945697786613917
2026-04-29,0.0,0.0008607081569242947,0.010361130442319011,0.007961116894282583,0.010844536434072571,0.007492993651953661,0.009358921792237851,0.006584708334820721,0.012107320793731002,0.00821586830304355
2026-04-30,0.0,-0.000786920588869533,-0.0007325166363137958,-0.000486003685227665,0.0014938778765214433,-0.00011626594771663168,-0.0022880485539790163,-0.000985909315375788,-0.003164180107465109,-0.006045784854720626
2026-05-06,0.0,0.001617558425226484,0.006788869100853301,0.006902549211867726,0.01365791524869775,0.007442518128455644,0.009186625557870753,0.007045160646672821,0.008725372309458912,0.006502419758009914
2026-05-07,0.0,0.006346989890829713,-0.0007297117569988743,0.005899311683949193,0.005941512860526688,0.003050455233039262,0.004231029518703355,0.0026189125863875784,0.0008960856881374824,0.006093755973631154
2026-05-08,0.0,0.0007169393538875024,0.0076676092844814026,0.007652522875863044,0.007355935080659348,0.005533447544200376,0.005100411298981422,0.0030490678323298326,0.0033065607852784673,0.002346591691716471
2026-05-11,0.0,0.0003251191556667976,0.007278382441280762,0.0037462630865277013,0.00611695335914253,0.005034657141711918,0.0019055520898798584,0.0011677615231606708,0.0011859565307370534,-0.0014769369817413391
2026-05-12,0.0,-0.0033613900272825292,2.921578405978842e-05,-0.009073812481613763,-0.005027016692956909,-0.004306285970790191,-0.004878400103089486,-0.0041133103384949354,-0.0042866712692409825,-0.0017818701357272815
2026-05-13,0.0,-1.082233199101168e-05,-0.0029409101423319983,0.0006574784028103853,0.005292446370988246,0.0030781613191646073,0.004866394564099874,0.003486536665322948,0.005865894123975757,0.00716988792349893
2026-05-14,0.0,-0.0018077477424571775,-0.011510908175739076,-0.00806436311708325,-0.01372470544096871,-0.010162304566595837,-0.01145429413947574,-0.008919599621712515,-0.01037498169535822,-0.013655996384993263
2026-05-15,0.0,0.001248074025933521,-0.007914738422406531,-0.002410908634144282,-0.007403152272025704,-0.00761674046818539,-0.00970952187677121,-0.004915201554966275,-0.00954549392215609,-0.014718794091424958
2026-05-18,0.0,-0.0005144113387087756,-0.0029873829150959264,0.00017288807758486513,-0.00032097949881115806,0.002056855253334211,0.0013257344942612104,-0.006126773176672873,-0.003021473363123306,-0.0028220298834973345
2026-05-19,0.0,0.008003330484144477,0.0018018240441892708,0.004474552736249526,0.002930594911457751,0.002229871154848073,0.0021003929039065117,0.004292173397542509,0.005946064729767331,0.004913376383026913
2026-05-20,0.0,0.003716035683279939,-0.003504993221231878,-0.004357901480218862,-0.003350213433978788,-0.002125160002766191,-0.0049666763348289455,-0.008664723485325543,-0.006120723858750066,-0.008689488986999616
2026-05-21,0.0,-0.0035218512935393242,-0.015966428689305867,-0.012980476672921126,-0.0171577055659613,-0.016747977528527747,-0.018176422062819886,-0.010703280754927547,-0.016927621893392475,-0.009412181548627108
2026-05-22,0.0,0.0005645735940122965,0.009308457637627887,0.009140494312883218,0.014615911241050883,0.008913685042688302,0.009280322729839696,0.005239507419736444,0.008851033386090279,0.005299068559728282
2026-05-25,0.0,-0.000785098500990733,0.002810282935779229,0.004532159325080665,0.003319732310446133,-0.0008256751118537187,-0.004491487330090527,0.001344465365828107,-0.0028887290787675823,0.003372548453904889
2026-05-26,0.0,-0.005923055988350745,-0.00186563616358848,-0.004023988071578555,-0.003905764813149859,-0.00530518148803194,-0.004425070105965934,-0.003396155864873851,-0.0003659850757572469,0.001152367116274089
2026-05-27,0.0,-0.011121712767615421,-0.008659193904534068,-0.013863191083130721,-0.01121057427065597,-0.009748203254118515,-0.011176033525091222,-0.007240379990770873,-0.013389187562531268,-0.00904462072065848
2026-05-28,0.0,0.0025648673622238327,0.004635700143315491,0.0003704145152887417,0.006162326115114691,0.003186175107097844,0.0033933251081816884,0.0006114858253019051,-0.0016822274847385632,-0.0012429882873410403
2026-05-29,0.0,-0.008893182832051316,-0.010915353088720492,-0.009771915942305198,-0.013077147292471003,-0.005081898946968311,-0.005214010421176529,-0.0001861453264405677,-0.0006933720970909718,-0.007930402396662872
2026-06-01,0.0,0.0005240448349426163,0.002812826889845077,0.0058130462748675615,0.002065930215704892,0.005280765169979995,0.007291009561933404,0.00614742162275661,0.013728966352773542,0.005260897163227085
2026-06-02,0.0,0.001687321925482932,-0.0022026611941566854,-0.0054321060487017014,-0.002689307793490081,-0.003176910953768486,-0.004293944063033073,-0.0049969003914754895,-0.006154838766115889,0.00022458622854815147
2026-06-03,0.0,-0.002106755719903153,0.0015299253578620053,-0.0024696732536938493,0.001945903911984681,-0.0002590789588077236,0.0003369995512412238,0.0013508054945539083,0.0015270655726074,-0.005255310537970126
2026-06-04,0.0,-0.004209028230171774,-0.0039917201171406624,-0.0033166393586995246,-0.0024220494625429856,-0.0072436563631733675,-0.009433686658698925,-0.007293989551404478,-0.008448053380488263,-0.014990716298465157
2026-06-05,0.0,0.0003582535595152425,0.003764265794796273,-0.0005658339689930125,-0.00045453907109227476,-0.001287496138920985,-0.001654585120021812,-0.004760009219363148,-0.0008187500547467419,-0.005002711286190897
2026-06-08,0.0,-0.006909654644749907,-0.009980309379840735,-0.016600839790018806,-0.014523978326022702,-0.01568892443039127,-0.019220576133536338,-0.017327622358578987,-0.016310534208724414,-0.019851277048695604
2026-06-09,0.0,0.002773290378507154,0.004496601697591585,0.0010837138082391284,0.01007924534388227,0.0031314773275461505,0.005046984726463366,0.003298527606380164,0.008396328182608492,0.0035237360303912446
2026-06-10,0.0,-0.014639899034165738,-0.0040291151743004905,-0.004848297275039659,-0.0027610913960324224,-0.006195861526855029,-0.006001876862801625,-0.007457668671231321,-0.004380517370221049,-0.006919156538331972
2026-06-11,0.0,0.00030327695299825486,-0.0012594043946920763,-0.0016485975555100563,-0.0016729687711605212,-0.003092347085995928,-0.002982224055379512,-0.004529281618923187,-0.007035004519595045,-0.005498350891172343
2026-06-12,0.0,0.0028793143523575537,0.0042932506460104936,0.005193617666978012,0.005485958096759225,0.005073685806041839,0.008067744859737047,0.009052385116691042,0.009359487881085427,0.01393301687223647
2026-06-15,0.0,0.0025106375074746,0.008651491759452679,0.009518003054428181,0.01800126675391156,0.00780899009050251,0.012165261964231622,0.008431069633997312,0.005273817159500371,0.00996512106594638
2026-06-16,0.0,0.0013356310376766434,0.007606475976818405,0.0042385117259886584,0.007676332428152355,0.0027869411333032446,0.0028739609019954315,-0.002665894526373336,-0.001257990924737551,-0.007252560764042126
2026-06-17,0.0,-0.0029343714861694847,-0.0004414901734158816,-0.005549583437775563,-0.0008090978175463448,-0.0021268711861488487,-0.00535056054274341,-0.004734496043882763,-0.0024490720944982947,-0.006648956450744148
2026-06-18,0.0,-0.004084036845934835,-0.005204888516581074,1.739539647038768e-05,-0.004741003852750114,-0.0018419293659295288,-0.0025569786867581934,-0.009378607770872183,-0.010767325561110819,-0.008521981605961515
2026-06-22,0.0,-0.0010234748409605476,0.007638190001574285,0.0030711017492219828,0.009657982876124294,0.008893851668116293,0.00989889738824612,0.006115854326201209,0.014923081540012095,0.011326009071065624
2026-06-23,0.0,-0.00012464323974725744,5.696619588491103e-06,-0.005461691672663971,-0.010131112127651831,-0.0031281964262102058,-0.005091119223226359,-0.0015954975974834529,-0.004495867705579748,-0.01014302649481702
2026-06-24,0.0,-0.005568813674111106,-0.0005573534393871205,-0.0077967659192761385,-0.0009928079831128533,-0.00778803513585169,-0.00438652547974161,-0.006220802525084501,-0.01138228198602198,-0.015285618462016481
2026-06-25,0.0,0.00013446628357782764,-0.003475926398983087,-0.004027395032106362,-0.001753389912228509,-0.002521617276743271,-0.0036379744534006386,-0.0075994550752720436,-0.004858914151117166,-0.010663348236064074
2026-06-26,0.0,0.003007363509464289,-0.007791075460497621,-0.005845630132857438,-0.011605053490950867,-0.014661850218688932,-0.01991802632930828,-0.01692760700660323,-0.015068315777869379,-0.018914827858258487
2026-06-29,0.0,-0.0022280353998421765,-0.00281219156572321,-0.0032602832551131833,-0.009756016450792493,-0.0006133428792417517,-0.0018543074289223416,0.0016481477123144739,0.0009907597901581688,0.007354984355219862
2026-06-30,0.0,0.001589833922022832,-0.0008096479823358482,0.004850939955787892,0.003007989259536048,-0.00024573637051494845,0.0010054254365825521,-0.0035446640398866247,0.0012659487031594363,-0.002849988418610727
2026-07-01,0.0,0.004442689269625877,0.00896579994090918,0.0033310720557517826,0.008288944129026365,0.006266304781727738,0.009250247547666124,0.012559244854942753,0.011612441261460882,0.007634165435309814
2026-07-02,0.0,-0.004047692291131111,-0.00573320150843315,-0.005646078045085101,-0.005749616805695523,-0.00684637467667315,-0.007795215192215377,-0.0019692901549368536,-0.006435159343883612,0.0037151080049102614
2026-07-03,0.0,-0.001864558420396456,-0.0007853228558127867,0.004367848652672812,0.007883693108798662,0.0044703706775328644,0.0015358830856353478,0.0037977433494051915,-0.0012773754751661537,0.01100547596656165
2026-07-06,0.0,0.0066340440671979195,-0.0073569001363776865,-0.004811763400331959,-0.013209549118727182,-0.007448146323055904,-0.006865527534441251,0.0010651727822326151,-0.002688209019703791,-0.005348489611748941
2026-07-07,0.0,-0.004424099797522896,-0.011901254918414095,-0.013277720382938285,-0.013265350009101895,-0.015219338401419424,-0.016066873079431443,-0.01485216399727396,-0.017902044088465408,-0.00994040657396389
2026-07-08,0.0,-0.00012760314576254483,-0.0067838008152667495,-0.008384069579145725,-0.013532738406481948,-0.0074177062351055145,-0.008727052808881641,-0.005822084666282423,-0.010738704733839644,-0.005310813858697583
2026-07-09,0.0,0.0023039527502171087,0.006966274816277984,0.001606189478397635,0.0038702322274286605,0.0026330385652222343,0.00267455121237381,-0.0022145461363249908,-0.0030649216384488476,-0.0004476212943061997
2026-07-10,0.0,0.00272140694564027,0.0009327323715806468,0.0043541115269103425,0.0007244901931502401,0.0010101187915114718,0.003144486093421106,0.007462035075951334,0.005782871784280941,0.012975553722297972
2026-07-13,0.0,-0.010753586647479496,-0.021765164862716513,-0.01944138448719246,-0.026937615756941313,-0.016904366647680136,-0.019804829420986825,-0.012607273910486105,-0.016337954895577322,-0.012525350788417988
2026-07-14,0.0,0.0006862566686585136,0.016788894150552958,0.009041277823274907,0.015645406571355824,0.010481694467486369,0.012881496368887468,0.01150418446014978,0.013520998520375027,0.012617993630440694
2026-07-15,0.0,-0.005604984357003517,0.002574100815269542,-0.0016654548130147218,0.0008474866894978561,0.0028941175898160587,0.0007384944331836341,0.003692945435709305,0.0032491248410935203,0.003419399005254231
2026-07-16,0.0,-0.0048468873603871865,-0.008135809592659915,-0.004301215120303237,-0.011919169175500954,-0.007454191773720198,-0.009234734498321573,-0.004214092705346673,-0.009241362350257298,-0.0014113427528753553
2026-07-17,0.0,-0.013141318271142066,-0.022831723507769186,-0.020198007801087492,-0.027135134413250106,-0.01840380990968582,-0.022281294520790196,-0.014369159721703051,-0.0162109784841995,-0.01735507838760053
2026-07-20,0.0,-0.009700896927524738,-0.013322201780174958,-0.007358565951185558,-0.018088177059826682,-0.004090722522877344,-0.007193126961940299,-0.002375171727280634,-0.003116008518876723,0.002565779713284977
2026-07-21,0.0,0.0006272582972559615,0.0019766296183469922,0.0017790293999830897,0.005687345550527301,0.003921003034225601,0.004643569529301894,-0.00017845071732403017,0.0030674684431484245,0.003413637046133733
2026-07-22,0.0,0.0009107213269268222,-0.001953227335738106,-0.0020665543695294053,-0.007062933020744455,-0.004106682804805084,-0.0026504334285630815,0.0008162155807385219,-0.005468411337039902,0.003673350212393567
2026-07-23,0.0,0.00241063598821456,0.004721622205726694,0.004200852601305094,0.0055885702913718305,0.006430287325113859,0.008912108071629454,0.0038997779472749183,0.008723443964372635,0.005237278373275034
2026-07-24,1.2837996349988812,0.043938773497447015,0.28993519110526256,0.1408175978466102,0.05445259525388635,0.06059842799025539,0.009357069359314352,0.09022596119119419,0.141585020643628,0.07456335124492108
2026-07-27,0.0,0.0004418673723116662,0.0014075131474713398,0.0012080723386682646,0.0036616274331240373,0.0009064806738821041,0.00014997129060123626,0.0017893802451294238,0.002575009483005042,0.0004245485523213244
2026-07-28,-0.013844739361744796,0.020555056166276398,0.014856342717867621,0.02006833643927708,0.016163355440340865,0.017936724356862666,0.019207578754307342,0.014917387777862556,-4.436859993184328e-05,0.021352802814465388
2026-07-29,-0.014097727752523381,0.002776326802345963,-0.0008134017187986231,0.006351286702003911,0.008040166835480811,0.00990832799757646,0.013773995483614687,0.015863628739749114,0.008705108341157564,0.009185463611904199
2026-07-30,-0.06395938242256793,-0.03005530155226399,-0.036279413485542755,-0.023559790339603537,-0.024995211102494808,-0.015639483360774253,-0.013711518197105588,-0.016833999276339218,-0.020741587963241992,-0.017516540202709985
2026-07-31,0.03153673206515073,0.0357838303625686,0.029435708502135727,0.02460957204964287,0.025812370491290704,0.021981939910550308,0.01899976865032338,0.0195024472828651,0.010686666045190751,0.021104762688948675
2026-08-03,-0.014912985208921592,0.026299974107514057,0.0035216991890560934,0.012391947799858416,0.007242265997206676,0.009502457200119885,0.01112907400533203,0.010475753656802533,0.010826136929923846,0.011113172021985696
2026-08-04,0.060674956351397746,0.022954336002352527,0.03578550303554873,0.023829843533079265,0.02393101584097379,0.015768285125356662,0.011058273536754148,0.014579027989071625,0.015495444502813038,0.009431138834586239
